Date,CBA,NAB,WBC,ANZ,MQG
2001-07-31,,,,,
2001-08-01,,,,,
2001-08-02,,,,,
2001-08-03,,,,,
2001-08-06,,,,,
2001-08-07,,,,,
2001-08-08,,,,,
2001-08-09,,,,,
2001-08-10,,,,,
2001-08-13,,,,,
2001-08-14,,,,,
2001-08-15,,,,,
2001-08-16,,,,,
2001-08-17,,,,,
2001-08-20,,,,,
2001-08-21,,,,,
2001-08-22,,,,,
2001-08-23,,,,,
2001-08-24,,,,,
2001-08-27,,,,,
2001-08-28,,,,,
2001-08-29,,,,,
2001-08-30,,,,,
2001-08-31,,,,,
2001-09-03,,,,,
2001-09-04,,,,,
2001-09-05,,,,,
2001-09-06,,,,,
2001-09-07,,,,,
2001-09-10,,,,,
2001-09-11,,,,,
2001-09-12,,,,,
2001-09-13,,,,,
2001-09-14,,,,,
2001-09-17,,,,,
2001-09-18,,,,,
2001-09-19,,,,,
2001-09-20,,,,,
2001-09-21,,,,,
2001-09-24,,,,,
2001-09-25,,,,,
2001-09-26,,,,,
2001-09-27,,,,,
2001-09-28,,,,,
2001-10-01,,,,,
2001-10-02,,,,,
2001-10-03,,,,,
2001-10-04,,,,,
2001-10-05,,,,,
2001-10-08,,,,,
2001-10-09,,,,,
2001-10-10,,,,,
2001-10-11,,,,,
2001-10-12,,,,,
2001-10-15,,,,,
2001-10-16,,,,,
2001-10-17,,,,,
2001-10-18,,,,,
2001-10-19,,,,,
2001-10-23,,,,,
2001-10-24,,,,,
2001-10-25,,,,,
2001-10-26,,,,,
2001-10-29,,,,,
2001-10-30,,,,,
2001-10-31,,,,,
2001-11-01,,,,,
2001-11-02,,,,,
2001-11-05,,,,,
2001-11-06,,,,,
2001-11-07,,,,,
2001-11-08,,,,,
2001-11-09,,,,,
2001-11-12,,,,,
2001-11-13,,,,,
2001-11-14,,,,,
2001-11-15,,,,,
2001-11-16,,,,,
2001-11-19,,,,,
2001-11-20,,,,,
2001-11-21,,,,,
2001-11-22,,,,,
2001-11-23,,,,,
2001-11-26,,,,,
2001-11-27,,,,,
2001-11-28,,,,,
2001-11-29,,,,,
2001-11-30,,,,,
2001-12-03,,,,,
2001-12-04,,,,,
2001-12-05,,,,,
2001-12-06,,,,,
2001-12-07,,,,,
2001-12-10,,,,,
2001-12-11,,,,,
2001-12-12,,,,,
2001-12-13,,,,,
2001-12-14,,,,,
2001-12-17,,,,,
2001-12-18,,,,,
2001-12-19,,,,,
2001-12-20,,,,,
2001-12-21,,,,,
2001-12-24,,,,,
2001-12-27,,,,,
2001-12-28,,,,,
2001-12-31,,,,,
2002-01-02,,,,,
2002-01-03,,,,,
2002-01-04,,,,,
2002-01-07,,,,,
2002-01-08,,,,,
2002-01-09,,,,,
2002-01-10,,,,,
2002-01-11,,,,,
2002-01-14,,,,,
2002-01-15,,,,,
2002-01-16,,,,,
2002-01-17,,,,,
2002-01-18,,,,,
2002-01-21,,,,,
2002-01-22,,,,,
2002-01-23,,,,,
2002-01-24,,,,,
2002-01-25,,,,,
2002-01-29,,,,,
2002-01-30,,,,,
2002-01-31,,,,,
2002-02-01,,,,,
2002-02-04,,,,,
2002-02-05,,,,,
2002-02-06,,,,,
2002-02-07,,,,,
2002-02-08,,,,,
2002-02-11,,,,,
2002-02-12,,,,,
2002-02-13,,,,,
2002-02-14,,,,,
2002-02-15,,,,,
2002-02-18,,,,,
2002-02-19,,,,,
2002-02-20,,,,,
2002-02-21,,,,,
2002-02-22,,,,,
2002-02-25,,,,,
2002-02-26,,,,,
2002-02-27,,,,,
2002-02-28,,,,,
2002-03-01,,,,,
2002-03-04,,,,,
2002-03-05,,,,,
2002-03-06,,,,,
2002-03-07,,,,,
2002-03-08,,,,,
2002-03-11,,,,,
2002-03-12,,,,,
2002-03-13,,,,,
2002-03-14,,,,,
2002-03-15,,,,,
2002-03-18,,,,,
2002-03-19,,,,,
2002-03-20,,,,,
2002-03-21,,,,,
2002-03-22,,,,,
2002-03-25,,,,,
2002-03-26,,,,,
2002-03-27,,,,,
2002-03-28,,,,,
2002-04-02,,,,,
2002-04-03,,,,,
2002-04-04,,,,,
2002-04-05,,,,,
2002-04-08,,,,,
2002-04-09,,,,,
2002-04-10,,,,,
2002-04-11,,,,,
2002-04-12,,,,,
2002-04-15,,,,,
2002-04-16,,,,,
2002-04-17,,,,,
2002-04-18,,,,,
2002-04-19,,,,,
2002-04-22,,,,,
2002-04-23,,,,,
2002-04-24,,,,,
2002-04-26,,,,,
2002-04-29,,,,,
2002-04-30,,,,,
2002-05-01,,,,,
2002-05-02,,,,,
2002-05-03,,,,,
2002-05-06,,,,,
2002-05-07,,,,,
2002-05-08,,,,,
2002-05-09,,,,,
2002-05-10,,,,,
2002-05-13,,,,,
2002-05-14,,,,,
2002-05-15,,,,,
2002-05-16,,,,,
2002-05-17,,,,,
2002-05-20,,,,,
2002-05-21,,,,,
2002-05-22,,,,,
2002-05-23,,,,,
2002-05-24,,,,,
2002-05-27,,,,,
2002-05-28,,,,,
2002-05-29,,,,,
2002-05-30,,,,,
2002-05-31,,,,,
2002-06-03,,,,,
2002-06-04,,,,,
2002-06-05,,,,,
2002-06-06,,,,,
2002-06-07,,,,,
2002-06-11,,,,,
2002-06-12,,,,,
2002-06-13,,,,,
2002-06-14,,,,,
2002-06-17,,,,,
2002-06-18,,,,,
2002-06-19,,,,,
2002-06-20,,,,,
2002-06-21,,,,,
2002-06-24,,,,,
2002-06-25,,,,,
2002-06-26,,,,,
2002-06-27,,,,,
2002-06-28,,,,,
2002-07-01,,,,,
2002-07-02,,,,,
2002-07-03,,,,,
2002-07-04,,,,,
2002-07-05,,,,,
2002-07-08,,,,,
2002-07-09,,,,,
2002-07-10,,,,,
2002-07-11,,,,,
2002-07-12,,,,,
2002-07-15,,,,,
2002-07-16,,,,,
2002-07-17,,,,,
2002-07-18,,,,,
2002-07-19,,,,,
2002-07-22,,,,,
2002-07-23,,,,,
2002-07-24,,,,,
2002-07-25,,,,,
2002-07-26,,,,,
2002-07-29,,,,,
2002-07-30,1.0058151194229177,1.243605441802857,0.8087688586754783,0.9634013313494609,1.0536399459616257
2002-07-31,1.0091486087678287,1.2436849708668727,0.8114226681929034,0.9669473500988635,1.0514882706129762
2002-08-01,0.9963693706549586,1.2323437185937314,0.8049741772765728,0.9475508320738282,1.0750517069284522
2002-08-02,1.0019263085349233,1.2253628802279526,0.8060602204076017,0.9569336319423524,1.0662111274954418
2002-08-05,1.0016190944437144,1.221419732869893,0.8065638808728337,0.9537788106703559,1.0578335877946332
2002-08-06,1.0004993559160693,1.217523611478168,0.8058289684836287,0.9428874246781186,1.070266297166083
2002-08-07,1.0238424387621698,1.2153863644655727,0.8070537247068449,0.9453063803954683,1.0287300250689568
2002-08-08,1.0185433580645982,1.2099084377438694,0.8141146661328451,0.953704950839865,1.0031395792356914
2002-08-09,1.0091715476380707,1.2022080278255294,0.8122602226821096,0.9559029826702554,1.00930560652142
2002-08-12,1.008912836674007,1.2030937820079524,0.812989750987702,0.9570866525567103,1.011556586168743
2002-08-13,1.007664806953032,1.2027108662873744,0.8121521358075425,0.9593228835602238,1.013105044107171
2002-08-14,1.0105525519319505,1.201319270183153,0.8129137187902026,0.9632320010971755,1.0218624588252132
2002-08-15,1.01278982829324,1.1990631216371168,0.809450782954101,0.9626011564204389,1.040686133208923
2002-08-16,1.0229630371477085,1.1894328465469843,0.8146138855631416,0.9674164154655791,1.0488099057184326
2002-08-19,1.0186944302830205,1.1889909328755865,0.813026801299571,0.962063088732707,1.0477886118988873
2002-08-20,1.0223490594211433,1.1879045066172074,0.8133664040563199,0.9644313286459097,1.0631330070064908
2002-08-21,1.022437604718108,1.1892740220730695,0.8158267729626567,0.9629895189435181,1.071144626456617
2002-08-22,1.0174939946266581,1.189009370152032,0.8175491544439749,0.9676943667661912,1.0757490073192648
2002-08-23,1.0223077761671764,1.1870404951262308,0.8195588282741985,0.9673965422619117,1.0697658335943736
2002-08-26,1.0204227023948749,1.18395345388274,0.8192596934529315,0.9625121458731092,1.062075738378943
2002-08-27,1.0212677201903146,1.1894276200429086,0.8209470156056204,0.9599470883605383,1.0420765411180406
2002-08-28,1.0208387166656179,1.1875676432160878,0.8260804507043018,0.9572061133256529,1.040007016862233
2002-08-29,1.023451963840872,1.184012616117536,0.8258278623179974,0.9513702129071627,1.0497840230194482
2002-08-30,1.0186892289077456,1.183508292115458,0.8245746372275223,0.9540317869333867,1.0520029116674636
2002-09-02,1.0140796462743575,1.1782368046469,0.8236630307775747,0.9636965162276862,1.044484266233578
2002-09-03,1.015857464668423,1.171805709483566,0.82300959691173,0.9636232458374803,1.0466145284024155
2002-09-04,1.0059033450458192,1.1598031959625252,0.8215315294712249,0.9526224183459897,1.0436160260996474
2002-09-05,1.009305196287855,1.1607864761641882,0.8200908723315037,0.9518654148459262,1.0454982602794682
2002-09-06,1.0050325202481638,1.153612018496151,0.814764484237918,0.936582871668161,1.048808395073867
2002-09-09,0.9954971896006131,1.1519219225871773,0.8135962823628513,0.9416139493614457,1.0389621076332898
2002-09-10,0.9923066708839993,1.1477937913879774,0.8107243093359389,0.9387300852772216,1.0423391148822525
2002-09-11,0.990226189067528,1.1426274968779322,0.8075316099238672,0.930590526274592,1.0443697784300696
2002-09-12,1.0065049045852568,1.1229647994341734,0.830904472454358,0.9277834760143869,1.1632336192912343
2002-09-13,1.0100029484438873,1.1224250400770208,0.8346098042665964,0.932375554375813,1.1861011642793005
2002-09-16,0.9984592245870029,1.1135238372600458,0.8312350668954396,0.9329434791739998,1.1768364864254341
2002-09-17,1.0365867065854342,1.0290069556963968,0.8747342347644845,0.9473289308837497,1.0387936592931757
2002-09-18,1.031548993206796,1.0333947015919147,0.9011712895511544,0.9391943431656826,0.9579825644869301
2002-09-19,1.0351653758222767,1.0405547346883677,0.9113098456628571,0.9406200287759331,0.9372925006114319
2002-09-20,1.0147718895493865,1.0136069134646408,0.8861995095248101,0.9047849442972332,0.9575227216786839
2002-09-23,1.0043391588427995,1.0709307545701081,0.8602120973477229,0.9140603170668739,0.9844342179596591
2002-09-24,1.0001538098349712,1.0744788429852297,0.8605415243373745,0.908069618096946,0.9856475018382476
2002-09-25,0.994737227551298,1.0758263988114658,0.8295799737332841,0.8780278037460649,0.9648404012751851
2002-09-26,0.9838861409944121,1.0852492522108341,0.8190812038894996,0.8500617790816268,0.9458884973944572
2002-09-27,0.9745075244714416,1.0845344640766652,0.805072926172934,0.834919122842107,0.9555713178922461
2002-09-30,0.9923421150733315,1.113310345203687,0.8125381365645455,0.8480423865292444,0.9405330115681889
2002-10-01,0.9675426095153079,1.074671943058604,0.8397647305503837,0.842990941738129,0.9098515493159207
2002-10-02,0.9489336945720029,1.0517423813015172,0.8334170210474566,0.833141335452409,0.8856363860910779
2002-10-03,0.9481171273890817,1.059027201509349,0.8340779740451084,0.8271987800132168,0.885447813068933
2002-10-04,0.9500707533020809,1.0632189561236447,0.8368077902408926,0.8253664638218557,0.8886627860248143
2002-10-07,0.9691830134475939,1.058513185999797,0.8580067921928175,0.8270640127672072,0.9257582987846849
2002-10-08,0.9573960162963345,1.0752134477014734,0.8674943145314506,0.8244324530070832,0.9448466489627111
2002-10-09,0.9732508974807101,1.0822532000711427,0.8631187384456742,0.8414536401103226,0.9249266985727265
2002-10-10,0.9842087408482835,1.0871993078067805,0.8775216832468127,0.8569080000627742,0.9177867215372494
2002-10-11,0.9867328276686183,1.080858485605208,0.8848768211642082,0.8500831866541115,0.9294496771984876
2002-10-14,0.9879416996956016,1.0896935380927764,0.9062901650815927,0.8696348973883793,0.9610548294702779
2002-10-15,1.0059642695548714,1.1025153282550773,0.936660493456713,0.9001163743235896,0.9533298578020618
2002-10-16,1.0100558335643481,1.1028576831269066,0.9386453174448642,0.8970615699823734,0.9589509284980839
2002-10-17,0.9992752613263782,1.0828230018557359,0.9309544510385402,0.9086463092222772,0.9572330199919535
2002-10-18,0.9914221293046278,1.0943955968784573,0.9262476859304222,0.8964456661685852,0.9679077377422015
2002-10-21,0.9811731953711917,1.085076393208616,0.9334358350345501,0.9003979855434087,0.9644795447199481
2002-10-22,0.9862290608053663,1.081539674795376,0.9126139635153541,0.8926411944487636,0.9836064754041663
2002-10-23,0.9774705847070339,1.092128928607205,0.9198629701844062,0.8912838058124029,0.9761563082268759
2002-10-24,0.9750221383367288,1.0918040215458122,0.9190861485772063,0.885163476761473,0.9700500042825507
2002-10-25,0.9836722974976411,1.0954806542927096,0.9245317445498635,0.8836866204527845,0.9638234634170392
2002-10-28,0.9884712877191962,1.0985170686527792,0.9364184755204072,0.8992906350415028,0.9717528179974306
2002-10-29,0.9931843138552291,1.0966119830001846,0.9406430470368451,0.8983028028952872,0.9532096310899699
2002-10-30,0.9926385256829621,1.096228322682873,0.9406638213998767,0.8962961049687823,0.9533426062487677
2002-10-31,1.0035063617519404,1.1034954441539297,0.9684838459386206,0.9037195096298407,0.9654846598007086
2002-11-01,1.038795389827672,1.10442410585869,0.9592504431482312,0.922789089644098,0.9702955618290858
2002-11-04,1.0242099832617766,1.0976740202754491,0.9762514397823455,0.9369197935180166,0.9949044068846712
2002-11-05,1.0138728933669938,1.0704028977387094,0.9854632864896293,0.9484518965510083,0.9872688597987359
2002-11-06,0.9933409385039547,1.056445250103567,0.9735435027523568,0.9461841196003324,1.0211270780100052
2002-11-07,0.9977684545496909,1.092723261546852,0.9720541297552207,0.9342577326081469,1.0065774651020474
2002-11-08,1.0043644811152928,1.0706656941808863,0.9697008333923641,0.9332994896435639,1.031692080103561
2002-11-11,1.0193437507908771,1.056087628520747,0.9601492153704118,0.9327428546816868,1.0584666949095805
2002-11-12,1.0245861558217413,1.0603605823345286,0.9647234703507925,0.9370456195969512,1.0513632103487365
2002-11-13,1.0439646219851655,1.069047719319561,0.9512036429821873,0.9431480770338568,1.0755408583870414
2002-11-14,1.049646865038764,1.0674695907518603,0.950678834266187,0.9433682793344549,1.0683062161675887
2002-11-15,1.042767936634628,1.0671571155365736,0.952512588744692,0.9454100793612427,1.0499772431836654
2002-11-18,1.0471546471700377,1.068442075049817,0.9576013443849916,0.9525008968886608,1.0463663147104927
2002-11-19,1.050227020412023,1.0677575305145781,0.9569068863078936,0.9629639297979067,1.0423563945340488
2002-11-20,1.052362408097886,1.0648349068583856,0.958492339443442,0.9632406866600768,1.036279878518672
2002-11-21,1.0533198905215297,1.0691381269120641,0.9586001092173313,0.9613918428135989,1.0426847566947406
2002-11-22,1.0594098051999887,1.0710312811538458,0.9589895667775123,0.9627549299655138,1.0574089705521632
2002-11-25,1.0566976129914205,1.0671399877976697,0.9568781057502791,0.9605565994323322,1.0566709515714465
2002-11-26,1.0644743468620679,1.0659450962454742,0.9485442397282562,0.9518640156452308,1.048450717952097
2002-11-27,1.065917379646231,1.0672351729210336,0.9470788019179379,0.9528012149506312,1.0482133567769916
2002-11-28,1.051035458083405,1.0627412104115237,0.9533637978271805,0.9479855518399479,1.0843658714581648
2002-11-29,1.0514304097738087,1.05498308038948,0.9547829888393439,0.9559269083523929,1.103271929212653
2002-12-02,1.0447488866170094,1.0561268729487878,0.9528556731753508,0.956489019354948,1.0997229340171202
2002-12-03,1.0442289316939906,1.0547528517916784,0.9568080399082467,0.9599606654128532,1.1032072471447314
2002-12-04,1.0151613414016079,1.0481540439231998,0.9591938566232497,0.9687108727219336,1.1048672029205255
2002-12-05,1.0178105167094695,1.054103351370174,0.9625703600760372,0.9759975043584068,1.1051108438503032
2002-12-06,1.0220348761530293,1.067076934916496,0.9661496759176337,0.9869721620797063,1.105819994077696
2002-12-09,1.0232420634294945,1.069162766472867,0.9673205364656661,0.9934063349436968,1.103581094675055
2002-12-10,1.0200570786695775,1.0778409691217166,0.9770073981465186,0.9978898910388855,1.0952382920007595
2002-12-11,1.020827221924865,1.0987206497699562,0.9683765737630451,0.9937161370775354,1.0864086621858946
2002-12-12,1.0244954965250952,1.097372814281472,0.9850563480604382,1.0050148223677884,1.0845735437572672
2002-12-13,1.0265600171679066,1.1017772841274518,0.9790009171753857,1.0124549972563948,1.090998092224608
2002-12-16,1.0296193299296794,1.1067069699323926,0.9886162916985087,1.0114536407050658,1.0828012646285923
2002-12-17,1.024497682292882,1.1128333995653372,0.9828655953933726,1.0204566964596617,1.0944125314910405
2002-12-18,1.024264200324568,1.1135858026638417,0.9826286182175223,1.0198970755467407,1.0939706312789275
2002-12-19,1.023852501338466,1.1110817095251735,0.9811464188492476,1.0226888851009805,1.0866374311091578
2002-12-20,1.0134016656761775,1.1150439656088598,0.9792959226088762,1.0217769486851724,1.0844238683887442
2002-12-23,1.0087039376590656,1.115715336464454,0.9824145526337281,1.020441644477391,1.0738561100723567
2002-12-24,1.0125087861353734,1.1206351588232195,0.9857828517544839,1.0516182415551316,1.0760793047579995
2002-12-27,1.0117338301186745,1.1213549059109014,0.9874836762597359,1.0555947236959122,1.0751260085420076
2002-12-30,1.012584708740785,1.1242925347850956,0.9932172148561964,1.066243299822155,1.0766274003156389
2002-12-31,1.009507808603702,1.1255643188262336,0.9914178211179301,1.0896816816486357,1.083616699368938
2003-01-02,1.014102975808868,1.1277490809020574,0.9934425560027839,1.0655666306727276,1.0900914003973143
2003-01-03,1.014641986444926,1.1258011785565856,0.9913047122146156,1.0636800679884062,1.0966657618592648
2003-01-06,1.0168494260657355,1.133205710421689,0.9946452802973704,1.0745953127157455,1.1102843224795171
2003-01-07,1.0190544642267214,1.131853633341439,0.9901656725299621,1.0668479920689533,1.1039489832574667
2003-01-08,1.0176561910206616,1.1305545304246714,0.987971324667321,1.0656464328851163,1.10432898410149
2003-01-09,1.0185922619115055,1.1314947445193428,0.9881255082745456,1.0639077446877512,1.1053857883335845
2003-01-10,1.0140626262421215,1.1305782651788132,0.9873595374267032,1.0642273680186747,1.1037322255123057
2003-01-13,1.0167985792427388,1.1302559905442366,0.9891399049852605,1.0612371888851746,1.1066077626934216
2003-01-14,1.0165286082313298,1.131045845556363,0.988282590292832,1.060551323133729,1.1077883080911977
2003-01-15,1.0093378192636726,1.123686439671449,0.9858865274947062,1.0537702184616746,1.104213940610867
2003-01-16,1.0133302881043953,1.1320591832677562,0.9876987780002316,1.0581529132783902,1.1101057730938797
2003-01-17,1.0133446482461614,1.1317930623110535,0.9864312050378294,1.0580837563496188,1.1111259431011615
2003-01-20,1.0117283444529903,1.1331203648772434,0.9890128277321962,1.0590786466911142,1.1096090368359446
2003-01-21,1.0083897256695569,1.133422783303718,0.9849982023546315,1.0596177053028837,1.1145710026529088
2003-01-22,1.0124294310806752,1.131214717081256,0.984426236319022,1.0547467918659756,1.116126586013624
2003-01-23,1.013917220990968,1.128352986388247,0.9832118934170989,1.0535047244580094,1.1195005983853241
2003-01-24,1.011774983653059,1.1259431646194507,0.984630672709707,1.0550827507355813,1.1181753389264169
2003-01-28,1.015041613220603,1.1116809958638028,0.9773098515182678,1.135417623354257,1.1158074102468274
2003-01-29,1.0184801483058448,1.1151761211934017,0.9787267627939858,1.1339814857173731,1.1163734003057397
2003-01-30,1.0291800911274755,1.112878547573643,0.9806865324824782,1.1236422379501254,1.1137538791997252
2003-01-31,1.0321340162663384,1.1143023603104787,0.9746765071137165,1.1185076636894726,1.1091581058548787
2003-02-03,1.0164498926550003,1.1166259466411699,0.9704948192469428,1.115780141358195,1.1108531519301001
2003-02-04,1.0113354690476903,1.112358946045567,0.9722390388702895,1.1177078383659012,1.1093672456771815
2003-02-05,1.0015434650065902,1.1079842208648374,0.9901905296056753,1.1266219043165133,1.0515841606927683
2003-02-06,0.9979509007762396,1.1191101571154451,1.0065568356687085,1.1410850077979788,1.060267209444942
2003-02-07,0.999815965077965,1.097952803152178,1.0281666094170965,1.142267909588455,1.0326572541149033
2003-02-10,1.0084709710915514,1.098854211967393,1.0296473311474312,1.141173581766504,1.0467412260347033
2003-02-11,1.0114388471645654,1.099330349911893,1.0290233960323798,1.1415361081543691,1.0484937400291763
2003-02-12,1.0132252950468623,1.098902544262883,1.0274455669851768,1.1385313822450467,1.0499242322286084
2003-02-13,1.0113236557272458,1.0987357153425912,1.021624593584358,1.1366186651934544,1.0150732531542401
2003-02-14,1.011091769253515,1.1061698706041656,1.0249909680108886,1.1377776228746914,1.0055586668019305
2003-02-17,1.008948506967015,1.10986722839128,1.0265407160350182,1.1464460811996118,1.0076653484458518
2003-02-18,1.0093848327574826,1.1093471469141407,1.025150875097222,1.1458217509166706,1.0055382351223525
2003-02-19,1.0013064779762102,1.1000535652783696,1.017365924839734,1.1382991450940898,1.021976382841342
2003-02-20,0.9971984346953926,1.1053053157533672,1.0100217471301711,1.1349376701433798,1.0121652191601171
2003-02-21,1.0017034565929244,1.1068830470779907,1.0160104566330475,1.1393799077623932,1.0137327171600525
2003-02-24,1.0099825098072743,1.1078563838854512,1.0426930445844491,1.144723464249544,0.9996493876934307
2003-02-25,1.0111436332699246,1.1061470424727202,1.0390622560632483,1.148491252639504,0.9881947553746933
2003-02-26,1.0105898210466482,1.1144019776020244,1.0457802157652947,1.1409942656580272,0.9925139318287673
2003-02-27,1.0150266187050787,1.1181434835914594,1.0441586063343689,1.1404167068711202,0.993000796402926
2003-02-28,1.0158467286846642,1.118128490205081,1.0469096142764873,1.1425244594945374,0.9922407085132786
2003-03-03,1.0226669924277036,1.126346701159589,1.0483947313041224,1.1485175284409408,0.9915095896218376
2003-03-04,1.0276546779853124,1.1322537738840373,1.0543335523705455,1.1525966037367377,0.9889851469415912
2003-03-05,1.0291938005068875,1.1346738393963407,1.0490581013914337,1.1703163887972887,0.9919977585787109
2003-03-06,1.0241881675018794,1.129510275823048,1.0485454943823065,1.1709925636750533,1.0025886640207593
2003-03-07,1.0261819773428333,1.1226016612923277,1.0420829021176885,1.1708708179273335,1.0145078650878823
2003-03-10,1.0246146636451543,1.1211378196038482,1.041320317833267,1.1695168910576648,1.0147642559610015
2003-03-11,1.0233614722422035,1.1226555578231008,1.0348742915349252,1.1692083614049884,1.0176883932430136
2003-03-12,1.0275971382416609,1.1242870201985828,1.0353590549561096,1.1686498795619276,1.019847326524591
2003-03-13,1.0292553039634564,1.1222312392546705,1.0378551364115232,1.169337596803567,1.0275528443331656
2003-03-14,1.0269621688150357,1.1298372040330247,1.028766419167837,1.176545211068063,1.0403344078623291
2003-03-17,1.0160646632162065,1.1270649916486644,1.0238068228860109,1.1747709767854024,1.0342383938868522
2003-03-18,1.0384059084089925,1.1385864972826183,1.026063896898444,1.1838458313822862,1.0629734018506853
2003-03-19,1.0421044556407826,1.1372941850365852,1.023155574740395,1.1807159139945842,1.0658678173987015
2003-03-20,1.0410108281177837,1.1325138247667021,1.016213022523797,1.1778262470462901,1.077028832678887
2003-03-21,1.040830269966325,1.1323155922355117,1.016203176329984,1.1771810589091458,1.0775841706097415
2003-03-24,1.0402934377840414,1.1324901151557414,1.0138379217749451,1.176768525986813,1.075632319182743
2003-03-25,1.0412876520645997,1.1385557889167404,1.0059458937653878,1.1702622087831904,1.0741616041308537
2003-03-26,1.0396654354854071,1.1527729024058602,1.0111574778298156,1.1809191041409925,1.0748611975784759
2003-03-27,1.039471658739724,1.154298700393257,1.0126020660117019,1.1814078230998806,1.0758832576673796
2003-03-28,1.0348447591874965,1.147097996476779,1.0021304204003263,1.1582006316464077,1.0757630778569298
2003-03-31,1.0329654664703454,1.1464006925947885,1.0030340412769068,1.1563251924048041,1.081240147002224
2003-04-01,1.0329992992415207,1.1456491680995904,1.0026269856179186,1.155963601108499,1.0823383693629274
2003-04-02,1.0318152369969136,1.1411041090888425,1.0023277023777097,1.153326094743121,1.0839589758416037
2003-04-03,1.0264914380495977,1.135491584100709,0.9972087860959671,1.1522785226553018,1.0801117411300014
2003-04-04,1.029009053527714,1.1342200359242378,0.996156488853196,1.1517959628941397,1.0980401431234676
2003-04-07,1.0271306870721344,1.1324953454964384,1.0055160548588693,1.1496173154830653,1.096900267693211
2003-04-08,1.0253841970210693,1.1315470900159028,1.0062082090366953,1.1503323953634663,1.1000051507427295
2003-04-09,1.0298575014521145,1.1342692090966553,1.0161848156612716,1.1610229902120577,1.104355444639958
2003-04-10,1.0267884765223863,1.130444501296375,1.0121878112433043,1.1573825628140575,1.1045563717773517
2003-04-11,1.0251276176584423,1.1301377528912342,1.0103725752897066,1.1560425035612283,1.1040428990263627
2003-04-14,1.0258672900685422,1.1312386042749216,1.0132512470313162,1.1599565705143726,1.103830996786677
2003-04-15,1.026815115655145,1.1287958232925164,1.0242786851216799,1.1685838872214727,1.102975804053768
2003-04-16,1.028010981072573,1.1273280629657292,1.0217205190160363,1.1710451221155096,1.1040932801760996
2003-04-17,1.0303650245980387,1.1255187396315074,1.0147054142037766,1.1653503100315656,1.1042841947934736
2003-04-22,1.034991373525811,1.1289814538349654,1.0211999101553324,1.1374595395476885,1.1039180021673896
2003-04-23,1.0454023410624376,1.1353434742336128,1.027345754618905,1.1465987973679965,1.102073008862408
2003-04-24,1.0435664536679634,1.1338720332469658,1.0255112339292038,1.1491995431195663,1.1030877542767472
2003-04-28,1.0511388117914706,1.1308667172687707,1.023141081631536,1.1610376792134038,1.1240003716267712
2003-04-29,1.0469592467277744,1.1217886589181671,1.0238288574133392,1.162227126783004,1.1162181215971099
2003-04-30,1.0459930861080697,1.1228509541217206,1.0234991229771186,1.162740403578867,1.1161639565214185
2003-05-01,1.0455659659179342,1.1218228691935432,1.024258459305437,1.1622026701254717,1.1155331494294878
2003-05-02,1.0473259366512864,1.1266243999525147,1.0281505285746786,1.1661185413360466,1.1203850081940734
2003-05-05,1.0504818608789521,1.126916072623844,1.0255933459637405,1.1680430246721045,1.1214761168200336
2003-05-06,1.0544119859487937,1.129631219203154,1.0316090971943765,1.1742256576490486,1.1161300144802475
2003-05-07,1.0559561722736346,1.1336480860682823,1.0312869006075687,1.1763077448022046,1.1270870228555356
2003-05-08,1.0578612204868791,1.1362243255304796,1.0423349212988593,1.1763214102153552,1.1274192732677573
2003-05-09,1.0577557616628757,1.1366270930629918,1.0418142776394699,1.1764465237489632,1.125349582045903
2003-05-12,1.0587395740471262,1.1403321072800496,1.0399816953267544,1.187058987032065,1.121771458297063
2003-05-13,1.0603271901913198,1.1384101007239569,1.0393827794322927,1.1847888479497262,1.1265857346247552
2003-05-14,1.0868608721064756,1.146777120634034,1.0612574431102524,1.207526010594949,1.1419064374112335
2003-05-15,1.0923039007374529,1.1451261561794273,1.0667787544831155,1.2040384701192517,1.1180690411369363
2003-05-16,1.0942488040030824,1.145376344704724,1.0692900067164572,1.2037767775076789,1.1076670058894214
2003-05-19,1.0987696146109562,1.148972549599348,1.0689946606036274,1.200535345472062,1.106822954799824
2003-05-20,1.0945066797354934,1.150351850890129,1.0726301711914619,1.2080712778538556,1.1110775342814008
2003-05-21,1.0962905745217564,1.1497823486227743,1.0707046135010279,1.2052048826895763,1.1158415699606297
2003-05-22,1.100506437514224,1.1488750031211363,1.0746329619598813,1.2064635679886992,1.1153665928401348
2003-05-23,1.1017624735829745,1.1485301111091886,1.077198432258814,1.2019063719996648,1.1203174131980025
2003-05-26,1.101785807131558,1.1487918308373801,1.0774666807915385,1.2014992527319077,1.120282021586672
2003-05-27,1.1002844735761486,1.1471732174843816,1.0752204830640062,1.1995515426378753,1.1194739853620566
2003-05-28,1.100688582453648,1.1460341136948256,1.078569575998223,1.196109805759209,1.1141328801963521
2003-05-29,1.1014140506279302,1.1461699800188294,1.0778073770555505,1.1967963167815354,1.1148939838665344
2003-05-30,1.1009302364366869,1.1469859202122745,1.079128618053833,1.2002238773823106,1.1176540196212135
2003-06-02,1.1055315956266019,1.1475507621639067,1.0895595876244637,1.199876871937961,1.1117190679426667
2003-06-03,1.109928862989611,1.1543801340080824,1.094726550058199,1.2037266605253056,1.1119747448695845
2003-06-04,1.1110028645078247,1.1548716905714067,1.096055283455492,1.2027007120684325,1.1158030237146157
2003-06-05,1.1118112840955998,1.1558327327872975,1.0938737408131733,1.2037638364860954,1.1172772569429354
2003-06-06,1.1137972464692878,1.155295395188039,1.0935832675732102,1.2032902115928417,1.1196433387613212
2003-06-10,1.1199907673273228,1.1577614006791321,1.0982881820569825,1.193259695826363,1.1201489359713144
2003-06-11,1.1220949681844614,1.1594162368156302,1.096656078646462,1.1955195376499834,1.1158142620352138
2003-06-12,1.1183913586668224,1.1559211033236123,1.093895087043439,1.1917761843140469,1.1305502993220813
2003-06-13,1.1186815840960858,1.1595849442321084,1.0910424464317912,1.1897522154757292,1.123495289877804
2003-06-16,1.119398210067831,1.1594425387780452,1.0910719766458192,1.1883660922369805,1.125004871709389
2003-06-17,1.1194249768198994,1.16281388730457,1.0943655723999342,1.1872274791325852,1.1250142816590563
2003-06-18,1.1188855526053376,1.1603143668689087,1.1011135744711105,1.184933159949395,1.127036177378483
2003-06-19,1.1204940867353086,1.1587120294473605,1.103205041164371,1.185026019687792,1.1254000238210284
2003-06-20,1.1206452218104614,1.1581642272229755,1.0998796222770697,1.1863621855214703,1.1303139213632323
2003-06-23,1.124036378256719,1.160209742835656,1.1023120791710377,1.1879582719039545,1.1315684323031003
2003-06-24,1.1215231397211418,1.1561403982030745,1.1016115986433301,1.1882247190803166,1.1276008706899117
2003-06-25,1.1189787450340314,1.1625598753384918,1.1114437928999257,1.2007819527156671,1.1188970270329792
2003-06-26,1.1284379902603123,1.16544231913694,1.1167349954921948,1.203909481468591,1.1403665164480887
2003-06-27,1.1249868809938428,1.1619535084157497,1.1161071207177657,1.2077692107047953,1.1413994725639447
2003-06-30,1.1324298396432462,1.1648560960456826,1.1193978335273531,1.2091844129324776,1.1496364759299935
2003-07-01,1.1345936892801336,1.1646943590965873,1.1219616151038156,1.2079484682697426,1.1531496718938867
2003-07-02,1.1333651423184417,1.1552497484929216,1.1248503945082147,1.2130601226473683,1.144427872318655
2003-07-03,1.1408133870215007,1.1643895114136924,1.1279593980714662,1.2146240655648852,1.1469345300194178
2003-07-04,1.1417435001674443,1.167685408632328,1.1303788975982654,1.2152161790306624,1.1466276387213716
2003-07-07,1.1422074400627729,1.1643537683478145,1.1270388111238996,1.2175922097985035,1.1461732096793695
2003-07-08,1.1412547476018742,1.1585873746820772,1.1270904249890303,1.2119277209763968,1.1449848174051511
2003-07-09,1.1457012452006572,1.159868403270293,1.1307492498670815,1.2203976568949304,1.1484283181588917
2003-07-10,1.1505367614482676,1.1564043881907078,1.138961782422026,1.2234391412329175,1.1358945924249528
2003-07-11,1.1514317329911312,1.15724705820383,1.1392111349942324,1.2226920686822884,1.135479210435036
2003-07-14,1.1442001436818097,1.1588121107117266,1.1424714133615983,1.222207049210776,1.1302173460743399
2003-07-15,1.1540687345582223,1.1634835348315613,1.1437166128885747,1.2235597076088565,1.1062122359157542
2003-07-16,1.1524519991063487,1.1762490766690112,1.1499033213458292,1.226915760199565,1.0918027060469158
2003-07-17,1.155617824791067,1.1767063531720199,1.1486903429911954,1.231219563180923,1.0924980977023686
2003-07-18,1.146221319447167,1.1683442600700982,1.149635973182962,1.2298227750329522,1.0697504520421248
2003-07-21,1.145065669256468,1.1634941613076972,1.1521159777674368,1.2356446624911204,1.0703289976597656
2003-07-22,1.1442910941353774,1.1610505373104711,1.1539545100957085,1.2337667771047356,1.0697657715207105
2003-07-23,1.1374975037872233,1.1416931948148474,1.1464850277323912,1.2192019626611346,1.0526418433173264
2003-07-24,1.1369425979320893,1.1385585061112897,1.1527018757964778,1.2287255355737405,1.0359672779359084
2003-07-25,1.1312857578406532,1.1251552150132063,1.1352405800497969,1.2088404846484329,1.041935190450399
2003-07-28,1.1155576129046925,1.1301039185041843,1.1493292703156743,1.202325028846384,1.0676797726307723
2003-07-29,1.1141124286185713,1.1040005823236125,1.1523733649809116,1.1993513926500754,1.0748317836102261
2003-07-30,1.1135067272913013,1.1022544121767943,1.1513102549504306,1.1996631969203542,1.0745177185448471
2003-07-31,1.1155606270554874,1.1041723889953907,1.1553568735469562,1.2001040790499675,1.1033844962865744
2003-08-01,1.1111347808328338,1.1081363179630097,1.1541834962302628,1.188823929598253,1.0988230648911232
2003-08-04,1.1145973291051885,1.111847553826495,1.1588716451935988,1.1955089336930214,1.108459066042793
2003-08-05,1.1156186262473746,1.1177021817360637,1.1621529806438955,1.2112202300781103,1.0916393968996625
2003-08-06,1.0903074719380088,1.1151854128444862,1.171614480549402,1.2154815616583274,1.1448125508080507
2003-08-07,1.0961494976770985,1.1220210092138596,1.1651274125715751,1.207422633233064,1.1770689168822936
2003-08-08,1.1040714408904646,1.12830853065188,1.1759303070513116,1.2124474006051587,1.171287874606751
2003-08-11,1.1044744926446342,1.127217222573703,1.1771557928350291,1.2113960174573304,1.1704671868923828
2003-08-12,1.102423182002747,1.1256831007118673,1.176610840615026,1.2094507760386746,1.171865219323588
2003-08-13,1.1013063484047942,1.125490156743201,1.1792686042331408,1.2011380573351735,1.16338063889718
2003-08-14,1.1012430178864914,1.126884720083485,1.1895073446359101,1.2047867977339417,1.1367667968007107
2003-08-15,1.102126221945796,1.1290631541682812,1.1902851185460752,1.205055196119527,1.1360091818890192
2003-08-18,1.1061643702924266,1.128387952346801,1.192850019701035,1.2071451799281698,1.1385351607126002
2003-08-19,1.1136927645711288,1.132204085299552,1.2003676265680305,1.2088509428657648,1.123478099817759
2003-08-20,1.1182162073228337,1.1319095919038238,1.2013731041603006,1.21233338361144,1.1223129610912845
2003-08-21,1.1203400761262552,1.1344319479858143,1.2011008938416,1.2089736842747392,1.118960317709921
2003-08-22,1.1203801710963601,1.1330935871899683,1.1979209688535417,1.2058486033116158,1.1229173231660898
2003-08-25,1.1215749450673131,1.1362483930307579,1.200712957394387,1.2096996534044524,1.1222125191938903
2003-08-26,1.1183589270958239,1.1384759283900017,1.1931343049902372,1.205876898449112,1.126363643350831
2003-08-27,1.1160750002251147,1.1421469741623504,1.192507738908029,1.2128209497843765,1.1251109735310039
2003-08-28,1.1141198386481845,1.131759818301236,1.185904760319818,1.2107741342860865,1.1131966881962962
2003-08-29,1.1134638965802814,1.1297928987455994,1.1842627214897756,1.2114470764101464,1.1134478067931741
2003-09-01,1.107260879605982,1.1279562889242791,1.1814053108857885,1.2108378287996078,1.1227107820637365
2003-09-02,1.1075283037646397,1.1277437828581471,1.186605306582692,1.2130508584887925,1.1189210450846092
2003-09-03,1.1227855670682518,1.139182220269036,1.1970263969781016,1.2315387471172576,1.115773299007811
2003-09-04,1.1187792755645583,1.1356792200039612,1.2009181714152286,1.235849602882914,1.111377148791614
2003-09-05,1.1228062998630457,1.1416316606347297,1.2013736819205936,1.2414011207684454,1.1024312460476582
2003-09-08,1.1295087053442645,1.1468380385079289,1.1980811114183891,1.2387735568233325,1.1144176392232314
2003-09-09,1.1288122315890148,1.1466689124826341,1.1981753116265903,1.2388929582561692,1.1139772595911663
2003-09-10,1.1309836370460107,1.151207576965484,1.2033704903832032,1.2488951585853059,1.111380281313386
2003-09-11,1.1212162960701066,1.1479788163386306,1.2014355372569925,1.246112331918282,1.1121210806715598
2003-09-12,1.1200549342267825,1.150646898748917,1.203877318230845,1.2487704001525044,1.1110274446162987
2003-09-15,1.1198526300049834,1.150800508124675,1.2039267142505798,1.2488949887331033,1.1078839379225556
2003-09-16,1.1179187962317947,1.1575998036334623,1.2121027155606565,1.2547086663824052,1.1023336544847055
2003-09-17,1.1147233653563686,1.155443317848897,1.207167237354797,1.260831788424277,1.1218036796079955
2003-09-18,1.1240874242213355,1.168131819041026,1.2094617106855174,1.2657655862682589,1.1395641106345518
2003-09-19,1.1272056240692152,1.1693155660962675,1.2142384552911978,1.2677011235528877,1.1334312248311944
2003-09-22,1.1316004001488427,1.174379934533165,1.2125037604693678,1.2611008908770436,1.112986726317944
2003-09-23,1.1295804476956712,1.175508746108183,1.209393261499771,1.259740143183437,1.0995803035374074
2003-09-24,1.138053179212277,1.1683377107371333,1.2149551444706033,1.2769037680304818,1.0980774585014232
2003-09-25,1.1305389292094867,1.1591908029051397,1.2146698519504142,1.2772266261035459,1.0982989615787313
2003-09-26,1.142092860120736,1.1648271577025824,1.2289107305813047,1.2882607427162573,1.091857035931059
2003-09-29,1.1443446231019143,1.1666741314504976,1.2160284955817495,1.2867221416642074,1.0943567448854243
2003-09-30,1.1450499065960282,1.164823976816757,1.211706392417842,1.278805477374672,1.109117481615268
2003-10-01,1.1421089732785836,1.162158604822066,1.209478903496878,1.2795846761684155,1.1187200812338514
2003-10-02,1.1386765562300314,1.1629191916105734,1.209361314353065,1.2773152972772497,1.1167028617163257
2003-10-03,1.137117974708874,1.1615522389973154,1.2052753225729869,1.2769276631048818,1.112081391122531
2003-10-06,1.126938896106334,1.162677848758115,1.1806146454511006,1.2676138261355696,1.0701906402355685
2003-10-07,1.1280473962174649,1.1641506632507452,1.1814738429348113,1.2688975560887255,1.0686037389063843
2003-10-08,1.1241279801544672,1.163025881327455,1.1856208013787175,1.2726567606351096,1.084825364222492
2003-10-09,1.1165550207781165,1.1507225858962757,1.1788926543056841,1.2683190775413493,1.0874304484946011
2003-10-10,1.1127096304521957,1.1513000854521247,1.1871866598339467,1.2728258343674819,1.076612811105249
2003-10-13,1.1074019444720957,1.1421506450737102,1.1872720104072518,1.260418382798931,1.05759290240329
2003-10-14,1.0936809684136393,1.125838082084624,1.1691411131843503,1.2407775105475711,1.066106742434021
2003-10-15,1.0934255304109828,1.1248042475845272,1.1684262163308017,1.240918251781577,1.0659264278497846
2003-10-16,1.087651055748407,1.1206427552397291,1.1667497820850228,1.2418993572482873,1.062840347478396
2003-10-17,1.0855700581517318,1.1204969794920643,1.1695938911714232,1.2462383578281706,1.0628361853927415
2003-10-20,1.0923723026938568,1.1240085635379464,1.1729382355634408,1.2441444487139388,1.071100147320016
2003-10-21,1.088929931629343,1.1191533728560503,1.1674469302992596,1.2439883108634875,1.0700957692435427
2003-10-22,1.0874126680679026,1.112221246440013,1.174047771460928,1.2448836256388545,1.0671842842314319
2003-10-23,1.0798855079734238,1.1092826476199873,1.1755100430732783,1.2411889342653228,1.0799452433404444
2003-10-24,1.0762867709703428,1.1066720239081138,1.1737674157150024,1.242380017844284,1.0857577466248989
2003-10-27,1.0777761711446157,1.1033434236498263,1.1657719309935555,1.2327097811118708,1.0880600371456226
2003-10-28,1.0746447494111806,1.1058950587437786,1.1623370332205138,1.2369035587708213,1.1053651808709621
2003-10-29,1.0781888527995727,1.104902022810998,1.1623875685817324,1.2470585017155285,1.11072106793649
2003-10-30,1.0679349138506917,1.0946149054877135,1.135979908118654,1.2452634562547378,1.100729616747001
2003-10-31,1.0301979064795652,1.0906430251918655,1.1523183298716775,1.2311167044594549,1.0933479228776717
2003-11-03,1.0479183979991442,1.0937569955374118,1.146895715718315,1.227482971120537,1.0740384629907231
2003-11-04,1.0473581623821666,1.0929430403282023,1.1423815785019016,1.2258758813061068,1.0747899845414695
2003-11-05,1.0539662573821718,1.0981959122915332,1.1424260900941208,1.2268184133540296,1.050998317582618
2003-11-06,1.0405543902418313,1.0527622353842507,1.1352139350543364,1.2430637518274454,1.0620208232523867
2003-11-07,1.0375138850734513,1.0687646396249435,1.1387063604912941,1.239707065028507,1.0342927678096399
2003-11-10,1.0209528712338014,1.0810600573089801,1.1415213210256605,1.2461585341383048,1.002903686961026
2003-11-11,1.0135407635437488,1.0881815691539025,1.1152925049397708,1.2222570575669212,1.0132614430635545
2003-11-12,1.012881772743078,1.0925763690896526,1.1126267390323714,1.217432606169238,1.0094595124494135
2003-11-13,1.013852407661325,1.0982486054012044,1.115786762234627,1.2160935616378916,1.0265544552422046
2003-11-14,1.018054558813071,1.1007391817504628,1.108102246565203,1.2239043980319473,1.0578350243333419
2003-11-17,1.0103894222850427,1.0973218411429333,1.1099401565419593,1.2146340039689094,1.0507267442871935
2003-11-18,1.0091207868523862,1.0958319868453934,1.1075890367861196,1.2145441232524976,1.0521084092160442
2003-11-19,1.0080363611001946,1.1024155124971058,1.1130278896867174,1.2175844855428821,1.0599022054068554
2003-11-20,1.0067011074507082,1.098817326944367,1.1119598195839628,1.2197150594995894,1.0558980340967048
2003-11-21,1.0002479175037438,1.0964636268290255,1.1141313235071486,1.2200709621042636,1.0543357048713051
2003-11-24,0.9998730561876937,1.0939725477868605,1.1152929442482054,1.218584183135285,1.0573957660947602
2003-11-25,0.9877601991288,1.0948931285141064,1.1208645901056884,1.2310191959733932,1.082258153859246
2003-11-26,0.9850502777064354,1.0928277494794936,1.1227481339502832,1.2305269742986171,1.0809587243567844
2003-11-27,0.9999447084560589,1.0980245456611384,1.1220631811848643,1.2404119323377314,1.0419148350063756
2003-11-28,1.0032858877852282,1.109930951004697,1.125131311281315,1.242253291616366,1.0290923823698876
2003-12-01,1.0112858611346107,1.1056832813496515,1.1264170148561687,1.2453047973971492,1.0355199307287952
2003-12-02,1.0081098248435072,1.1083972854076418,1.1139172067581666,1.2416977632896193,1.0287397462195944
2003-12-03,1.0501210877098803,1.1224835305162888,1.11369453797865,1.244649353197129,1.017502685802049
2003-12-04,1.050674493085492,1.1271419271112204,1.116135195255369,1.2438227455909074,1.0164674077371176
2003-12-05,1.0486303470217049,1.1238523949885582,1.121242477832442,1.2376896201015983,1.0159467945102163
2003-12-08,1.046360595006226,1.1238664120324207,1.120988998948973,1.2357921799379703,1.0151495552106247
2003-12-09,1.0496929357301814,1.1126310832011037,1.1076701020489224,1.2321709367026497,1.0265063231154492
2003-12-10,1.0536930897752368,1.1029340747367866,1.1134721251945165,1.2244446588189422,1.0351242793946218
2003-12-11,1.0500844891983392,1.0965818438909478,1.090299216162803,1.2131391521830053,1.0443693094885622
2003-12-12,1.054760138712499,1.0884377338935989,1.092770030490602,1.2079388795959192,1.048015536772021
2003-12-15,1.044431002598044,1.0726424999913735,1.0705227363148526,1.2012371219638778,1.0563824803858881
2003-12-16,1.0464986353282544,1.063994236611406,1.063226225271584,1.179453391494815,1.0575053965015901
2003-12-17,1.0482350932158968,1.0632809224477995,1.060626400704159,1.1801026715476215,1.0568741829458619
2003-12-18,1.0483858970726512,1.0659746128911598,1.0630812364328226,1.1798100013070196,1.0587358123881965
2003-12-19,1.0483161377951793,1.0584661583878532,1.0585870833146875,1.178724070034614,1.0603948506795908
2003-12-22,1.0474537526412788,1.0544449204419513,1.0585717495985985,1.186139802402395,1.069725799691611
2003-12-23,1.0475877046330881,1.0542593026176033,1.0582239063624166,1.1863162529025877,1.070131257953379
2003-12-24,1.049380272256584,1.0540393058414061,1.0600059261216193,1.177547493912622,1.0699631109408674
2003-12-29,1.0493969810744297,1.0485295930566552,1.0541191232693974,1.1641267603580385,1.0684255324980267
2003-12-30,1.0528324255068853,1.0489078911825387,1.0572557557870172,1.1630793026863944,1.066392866766034
2003-12-31,1.0492488565581644,1.05017116698482,1.0539061778711258,1.196412453701319,1.0652460823908498
2004-01-02,1.0512122951542768,1.0532242708841943,1.0625013377053223,1.20220928144353,1.0617931679091148
2004-01-05,1.0507728224612702,1.0527085775735914,1.0637361667967178,1.1928956274853677,1.0552114784101312
2004-01-06,1.048015741874188,1.0473257799218894,1.0657526687806647,1.1916981281267782,1.0422907427683097
2004-01-07,1.042090838751784,1.0405931771606438,1.059242762490834,1.1869697828108932,1.0430719570868805
2004-01-08,1.0365773231537958,1.0372038010522477,1.0565518635201043,1.1901983939224772,1.0435474741945057
2004-01-09,1.037015835967788,1.0373358895148646,1.0569461959542554,1.1901054774609967,1.043192506682019
2004-01-12,1.0366870291243786,1.038428867307718,1.0562120111355215,1.191033696191154,1.040821996185787
2004-01-13,1.034325010153094,1.0407809260938312,1.0581830613009309,1.1889803573946744,1.0437387966512608
2004-01-14,1.0340067489899067,1.04480297646586,1.054884728768824,1.1881880612871745,1.0404694895479498
2004-01-15,1.0344010845470537,1.0438055159280866,1.0537662880230387,1.1879383635804892,1.0387055491988606
2004-01-16,1.03623324126324,1.048262507132782,1.056969083284441,1.187804886937106,1.0273997976138711
2004-01-19,1.0334989995161814,1.0451138932433652,1.0527118429303295,1.1866886032843837,1.0214391395207514
2004-01-20,1.0324396437920516,1.043970040961649,1.0524419277794543,1.1863315603796112,1.0225322241502786
2004-01-21,1.0259881512239057,1.0480133545104935,1.052285060086433,1.1943368922763873,1.019164076059446
2004-01-22,1.0263518001476806,1.0520134202022886,1.0562804183258359,1.1984765248627185,1.0285021989901921
2004-01-23,1.025913614331361,1.0518477863331235,1.0568976042032974,1.1977667773036476,1.0284648361552284
2004-01-27,1.0142857682549287,1.0621593452373506,1.0649717327563002,1.1023510390083597,1.0233720704054434
2004-01-28,1.0118874688678514,1.010952076400435,1.0710241808227225,1.1024842825577938,1.0186024901849624
2004-01-29,1.0075675275693607,1.0078376635858175,1.060882963735043,1.1027592657979002,1.0137091197367232
2004-01-30,1.0077717926743894,1.0092104127551553,1.0640791364330489,1.1055519819891833,1.0187338920619122
2004-02-02,1.0240288957298904,1.0101100063814048,1.0634251213074015,1.108748716750275,1.0161153916156735
2004-02-03,1.022871185310051,1.009920679769004,1.0632674247010065,1.1071284850203773,1.022597532469564
2004-02-04,1.023477232777836,1.0142052303810918,1.0492924134358397,1.1038191566912314,1.0258728733147877
2004-02-05,1.0285530259483082,0.9988052361238859,1.0271466567199552,1.0826364162745634,0.9974820977680104
2004-02-06,1.0211833735351525,1.0052394154984061,1.0112460399086787,1.0825515986840992,1.0144091620560218
2004-02-09,1.02098611566098,1.0075192189950573,1.0124133484376674,1.0944945058167057,0.999022207453548
2004-02-10,1.015875569952293,1.0106644812763896,1.011575209702906,1.0960465987063621,0.9991239738426599
2004-02-11,1.023681541502403,1.011141115870415,1.0150437506075978,1.100723272925426,0.9965754701938199
2004-02-12,1.021493726647086,1.0011861447657147,1.0263713554399738,1.0992149215313536,1.0417453034442898
2004-02-13,1.0191022354082973,0.9885364368442017,1.0192833273762885,1.0985296906995468,1.0611217883240973
2004-02-16,1.0249652318069864,0.9829028546363077,1.0212196997170537,1.0859718381662171,1.061038354149265
2004-02-17,1.0250257302375978,0.983576894195757,1.0199490650601224,1.084145363504564,1.0600778483343516
2004-02-18,1.0354782189534881,0.9853284626129428,1.0241991668583037,1.0928742902559212,1.0568633375702812
2004-02-19,1.042217209617532,0.97392063625361,1.0365443558863343,1.0972192770469211,1.0727049829161441
2004-02-20,1.042701181236179,0.9740744694064293,1.0392545290666386,1.0960405022681812,1.071129248455318
2004-02-23,1.0337143486779519,0.9710780392899753,0.9999017255022237,1.0868521224506948,1.094473232599403
2004-02-24,1.0390013122718367,0.9593724962233436,1.0125648510965475,1.0707021193591921,1.1268626840953082
2004-02-25,1.0429442928709667,0.9482865396740403,1.0062665984667973,1.0850581274458675,1.1245038347149159
2004-02-26,1.0289175668138153,0.9345751574358384,1.0106141879757569,1.086253921344031,1.123298995003184
2004-02-27,1.0303828802496313,0.934681449014906,1.0074334723457705,1.0811581979526692,1.1220383600551171
2004-03-01,1.024361138123748,0.9249640881436147,1.0093883778904158,1.0727807192049963,1.1275000629407863
2004-03-02,1.023687140632459,0.9226256904979415,1.0071998427991813,1.075162351749638,1.1322356430406193
2004-03-03,1.0350593050648145,0.9167168579697078,1.0281837113694468,1.0499221303477146,1.1323642583729487
2004-03-04,1.035223704659956,0.9176762410484999,1.028524430571158,1.0505230438885167,1.1311465877618239
2004-03-05,1.0279336494385072,0.9259463250953824,1.0395140778965826,1.0533923955895448,1.1042855331917967
2004-03-08,1.025267843460072,0.9272635040733931,1.044175929702509,1.0612783918191908,1.1034705016661681
2004-03-09,1.0246293468047338,0.928674873508922,1.0596173362948524,1.064259327385443,1.1022297687458384
2004-03-10,1.016293038898306,0.9267040171021778,1.0560046495333217,1.0618122874385398,1.0892719635371795
2004-03-11,1.0089601635908103,0.9316460395931152,1.0488749545283411,1.0532142864942304,1.0718974534074468
2004-03-12,1.0087065744969863,0.9032434218549029,1.0621366526307505,1.0317085232440786,1.0587391682207994
2004-03-15,1.003788495971669,0.9057118840751834,1.068073670373885,1.0339225362408022,1.0639709321698922
2004-03-16,0.942178631794505,0.8255617339475307,1.06567268951876,0.9801639093390171,0.9949712919814472
2004-03-17,0.9462144397179234,0.82321235538552,1.0746855644237805,0.9857340524922648,0.9817763971934319
2004-03-18,0.9496127992819778,0.8197067668293748,1.099052498707024,0.9931392789709617,0.9789279656916499
2004-03-19,0.9481692372101354,0.8197113915831241,1.098795217748149,0.9917391606348391,0.9805306143005897
2004-03-22,0.9484861247014031,0.8260769438612471,1.1244170441710397,0.9881719628200313,0.9886864187227317
2004-03-23,0.9515787766413716,0.8275127314385475,1.1259948517419518,0.9940679781685907,0.9832418992049133
2004-03-24,0.9476768927258336,0.7875017587858336,1.095956631446634,0.9613529452119067,0.9931643537084337
2004-03-25,0.9547161224415334,0.7827712963820148,1.1036920438374282,0.9701594575737776,0.9921816519141387
2004-03-26,0.9518344961992762,0.7889655082107548,1.0932006310065192,0.9749564960365932,0.9949634414000412
2004-03-29,0.958714995528916,0.7942183585395969,1.1008658262510858,0.9927552916156526,0.9630051295228484
2004-03-30,0.9630434113804756,0.7984536592090989,1.1064953553864187,0.996500923973459,0.9550726029360591
2004-03-31,0.9620939028519544,0.7987780718468649,1.1041058011931089,0.9969565020904492,0.9542199848069766
2004-04-01,0.970122805256942,0.8062892912744588,1.1321376324663879,0.99943200442804,0.9653970217352689
2004-04-02,0.9746043130959173,0.8084319964581345,1.1343881311336197,1.0068512024013614,0.9195838046956193
2004-04-05,0.9676349470026427,0.7943648463954806,1.1038525664563057,1.0018603705627636,0.922442395705389
2004-04-06,0.9667385495361446,0.7952018317473386,1.1029907147685116,1.0024061835972324,0.9211929574877381
2004-04-07,0.9517870567355032,0.7850814302503544,1.0810167346980342,0.9687957481569573,0.9005708071552326
2004-04-08,0.9576213553080608,0.788947491550362,1.0909894529494435,0.9720720808721471,0.9052174142917282
2004-04-12,0.9570833830705161,0.7919997624513977,1.092613036839792,0.9732830355649794,0.9043879282922787
2004-04-13,0.950901318650697,0.7894477407684314,1.082979380525997,0.970268986215458,0.9213142604331432
2004-04-14,0.9505845880065911,0.7868354258666915,1.0536826307079237,0.9437384760632296,0.9250218229101944
2004-04-15,0.94684148463553,0.7882111229291676,1.0569327172248884,0.9388056579888929,0.9441949488193577
2004-04-16,0.9429215971440327,0.8014967792509636,1.078846626128309,0.950764798460783,0.9414954912900829
2004-04-19,0.9308725601202223,0.7878051372606626,1.0574492231955743,1.035298218064212,0.9445345867227468
2004-04-20,0.9248043614169464,0.7723944603185611,1.0636806523117313,1.0290543397022465,0.9469536212821432
2004-04-21,0.9261659314054382,0.7684424258548548,1.0656324555273982,1.0384112065531865,0.9436287253249225
2004-04-22,0.9036882315968482,0.7775412966121931,1.0702702150028476,0.9688214932147343,0.8752249915076815
2004-04-23,0.907814082994137,0.7877009585027841,1.0623689560564369,0.9522602811671715,0.8835753231358039
2004-04-26,0.9051437919644333,0.7835979340219906,1.0580093149155976,0.9441813060948864,0.8895126533345794
2004-04-27,0.9076548639698839,0.7855741487521649,1.0626152253791872,0.9468311344042366,0.8943891615240531
2004-04-28,0.8968378608414959,0.7636136179302094,1.0493693953116818,0.9336808194504563,0.8718230706240407
2004-04-29,0.8702420928803257,0.7413039770077625,1.0332007493271298,0.8965484877660006,0.8680517753911995
2004-04-30,0.870877291097003,0.7384882267431692,1.0442638131358672,0.8942164072776251,0.8738379344373928
2004-05-03,0.8594991831590458,0.7320051756066629,1.0350017308455448,0.8840664787609438,0.8765998200301259
2004-05-04,0.8478095510006675,0.718808008036529,0.9970418837751646,0.876867770991551,0.8742748477530499
2004-05-05,0.8446928240804553,0.7105964217043256,1.0045097615319263,0.8680600440857733,0.8799819887249567
2004-05-06,0.8459703233511711,0.6998378121117731,1.0233043298676125,0.8593299146096084,0.8700719719291711
2004-05-07,0.8464611164064973,0.6975728390800057,1.0282520841287068,0.8621129578564486,0.8627326369450012
2004-05-10,0.8344069048171584,0.7102749272338115,1.0284219816729736,0.860486939477975,0.8435253409966806
2004-05-11,0.8315287450524643,0.7242375769385055,1.0261623853023452,0.873927100370884,0.853922006019361
2004-05-12,0.8336789252271202,0.713542337893818,1.024441058961296,0.8857867363136832,0.8723032158283787
2004-05-13,0.8324771281997881,0.7182196909552854,1.024816013837535,0.8859930920476778,0.8678126677656378
2004-05-14,0.8481729389481434,0.720498850500953,1.035248622611775,0.88419776012324,0.8613294259468749
2004-05-17,0.8417155696843603,0.7159256814349917,1.0354972801735634,0.8882718444202025,0.8515082362691924
2004-05-18,0.8369707917029435,0.7188567400626112,1.0484671126346832,0.8848663032491332,0.8079189427885382
2004-05-19,0.8342919049506091,0.7201727058224185,1.0479266731948051,0.8868161928406153,0.7756073342599418
2004-05-20,0.8254283158457516,0.7177144438344297,1.0555899385070469,0.8929320946019131,0.7829387943122944
2004-05-21,0.8308848145291898,0.7219430906785828,1.0708676711023608,0.903950112181895,0.7913778571816629
2004-05-24,0.8306346765900272,0.7170439721336264,1.0623012997040586,0.9130174973215303,0.8052540682657685
2004-05-25,0.8282835269597529,0.716581746216757,1.064038804520205,0.9096872914832339,0.8062083582956137
2004-05-26,0.8298108995842918,0.7211549332824463,1.0536278382629753,0.8929093890204018,0.7928031644219989
2004-05-27,0.81247188595078,0.7158488752348311,1.017866081390717,0.8959004777128118,0.8047610655782536
2004-05-28,0.8090227596631403,0.7219417860076787,1.0081136847906278,0.9034948154715544,0.8067349821024672
2004-05-31,0.8022473457724855,0.7209359795633841,1.0075341780404885,0.899800615695127,0.8050564789956676
2004-06-01,0.7991171293609011,0.719454037606003,1.0128815525462929,0.9002800362485741,0.8012597704392332
2004-06-02,0.7959909273969411,0.7194149348570491,1.0116500951684637,0.913833087580685,0.7936062869917478
2004-06-03,0.7931106687289632,0.714545976461606,1.0098795553200095,0.9240651460852551,0.7890520164651744
2004-06-04,0.7862211957304488,0.7075319967064115,1.0133778517731427,0.9175088366183517,0.7994314703971251
2004-06-07,0.7964042064805734,0.7161255623751996,1.018256653950335,0.9158496258132277,0.8124688362269775
2004-06-08,0.7988068355983977,0.7162492754196746,1.0184868773286957,0.9164660892032046,0.8119725871171469
2004-06-09,0.8002425391668411,0.7186845887808637,1.0208257949070136,0.9142604862339696,0.8203089016084766
2004-06-10,0.8044510872699178,0.7099691285260791,1.0079750879340987,0.9116408570790119,0.8161132590142854
2004-06-11,0.8192260034650372,0.712971555051917,1.0109930937097125,0.9217092129009208,0.8120228503956063
2004-06-14,0.8139466730941148,0.715088309746805,1.0044764986043428,0.9210965823557259,0.8155402532019034
2004-06-15,0.8182989938503348,0.7203611369982188,1.0108625715517685,0.9104935142083992,0.8207828442850479
2004-06-16,0.8123684412084414,0.7188963622525484,1.00607238146031,0.9050471860534949,0.8141700624368021
2004-06-17,0.8076418752275367,0.7278446759381014,1.0090314946164807,0.9049040628688177,0.8505421345359933
2004-06-18,0.8107721548927787,0.7320422281832343,1.0146301072767756,0.9129732120605366,0.8438034719035659
2004-06-21,0.7899209061198745,0.7260657523917828,1.0323848565245792,0.9174899201924294,0.8261800686714881
2004-06-22,0.7947388781691307,0.7217734799198089,1.0255318708886043,0.901633275974723,0.833829944862586
2004-06-23,0.7859535958225419,0.72134332742037,1.0172288363852362,0.9046780144994353,0.8434019031426874
2004-06-24,0.7643834750327088,0.7093925717389238,0.9963176324153961,0.90699037243774,0.8507892858184377
2004-06-25,0.7700176036282114,0.711957394069521,1.000007408910886,0.9099187423146511,0.8602785574666595
2004-06-28,0.7738574404716552,0.7051156601744165,1.0033296015953128,0.9114207806567679,0.8605860474556878
2004-06-29,0.7643963003910986,0.6923422124783976,0.9972379286535006,0.9085747048697984,0.8669494228960815
2004-06-30,0.7613642067266023,0.6914290080458043,0.9937140958821499,0.9046321755440725,0.862737577287519
2004-07-01,0.7615077035293262,0.6945922580617545,0.9962107320351145,0.906926334810873,0.8605096764092439
2004-07-02,0.754302121397829,0.6875151301114211,0.9885498315020631,0.8995639187045437,0.8496647353243783
2004-07-05,0.7511326974979011,0.6944069175049524,0.9943294674761874,0.907285513872011,0.8517897292247502
2004-07-06,0.7486567784160015,0.7016680492757053,0.9916297710573949,0.9080814403191079,0.8523270950460364
2004-07-07,0.7578935441590458,0.6936894933612476,0.9823671069031357,0.9056341324660401,0.8658533137229744
2004-07-08,0.7558141827909317,0.693787416469622,0.9825289377241413,0.9056313177515714,0.8651420570985182
2004-07-09,0.7514709926670887,0.693102274523835,0.9878607049795867,0.9079905330072817,0.8684554773125887
2004-07-12,0.7507348452945082,0.6897986817363309,0.993155160896016,0.9090489426651227,0.8653846944066411
2004-07-13,0.7500603235246366,0.6869890385018679,0.992393000908413,0.9053259245031039,0.8674573831877548
2004-07-14,0.735431471647668,0.818074631531876,0.983138215969535,0.8971821941460167,0.8914098011268811
2004-07-15,0.7330203085849505,0.8226291402268237,0.9743610183053343,0.8969305650700152,0.8923246692180142
2004-07-16,0.7392435345020745,0.8208805463851739,0.9682416366494395,0.892640744851539,0.8818436002892319
2004-07-19,0.7396826407267273,0.8231218294867214,0.9663263985919425,0.8910016828626861,0.8824934843428199
2004-07-20,0.7586993955161044,0.845788448237327,0.9747559063851604,0.8970117777709725,0.8868827025586987
2004-07-21,0.7486680251233483,0.8542071818039165,0.9670227369836231,0.8847235901242136,0.8744130531332298
2004-07-22,0.7544668256863587,0.8931116082987457,0.9623430247741158,0.8752890545384926,0.8804307805424494
2004-07-23,0.7511807658248975,0.8998519401839323,0.9717970690287452,0.8744262588750528,0.8973203424810438
2004-07-26,0.7377730026901318,0.900111184033441,0.9563998722768599,0.8767084103239869,0.84543628601064
2004-07-27,0.7392798437779375,0.9077068172252607,0.9495878685020017,0.8832637576262308,0.8495365013059356
2004-07-28,0.7373371257064538,0.9048892960705008,0.9495574001928165,0.877660974643831,0.851979244333172
2004-07-29,0.7375189727388908,0.9018196868284223,0.9476761078721339,0.8773154218450171,0.8508226432705971
2004-07-30,0.7268270975326157,0.8999808549646319,0.9439987600069166,0.8793090991990485,0.8556123935760973
2004-08-02,0.7285897562197061,0.9001189763642613,0.9405917740751999,0.8781852148487409,0.8568001524140589
2004-08-03,0.7308273821473756,0.9017806082658715,0.9427055629852858,0.878370459865914,0.866278638314593
2004-08-04,0.7303479523304317,0.9093834786902077,0.9392573927660817,0.8791219635513107,0.8715340297852465
2004-08-05,0.7327755357490024,0.9137633506244599,0.9378055100981199,0.8762646052688446,0.8748573249809292
2004-08-06,0.73537553728769,0.9123056339756446,0.940987551739884,0.8916743231219985,0.8677960524335351
2004-08-09,0.7401123847901657,0.917734781505686,0.929529438782704,0.8841140353324498,0.8883144568716063
2004-08-10,0.7417639859224051,0.919320267415037,0.9221203854308633,0.8857039487346056,0.8906417101706864
2004-08-11,0.743093501305263,0.9260798414527385,0.9142306327825647,0.8972479014392629,0.8894723602834731
2004-08-12,0.7434670413786783,0.9379067246360907,0.9157267898082415,0.8848701959639238,0.8739157218563984
2004-08-13,0.7436705161648959,0.9326475213834652,0.9239783605261372,0.8880872860830419,0.8738595689778086
2004-08-16,0.749416204834456,0.929211364923937,0.9253601968977453,0.8866074631042414,0.8687564506872657
2004-08-17,0.7389152233534034,0.9328022752128158,0.9308549457396039,0.8867426187936087,0.8683883614268911
2004-08-18,0.742186233026018,0.9290499016795509,0.9233346474086328,0.883154391994673,0.8691380128614238
2004-08-19,0.7430731211607969,0.9205628606330633,0.9306538818071015,0.8861015846962311,0.8673465907702753
2004-08-20,0.7515959650427964,0.9169575883790686,0.918229809252436,0.8823484968668326,0.8674129845488652
2004-08-23,0.7660926871590737,0.9473452689967617,0.9405371439915405,0.8945925085594884,0.8852535154248293
2004-08-24,0.7671692235133502,0.9484245292263466,0.9426639911216911,0.896228727990085,0.8837923073292676
2004-08-25,0.7742390377847873,0.9560252613364315,0.94433425139775,0.8998661127502985,0.8720836862879805
2004-08-26,0.7707809715814405,0.9504205440565501,0.9357015491283487,0.8996193457312207,0.8808608377548928
2004-08-27,0.7746305525501621,0.9402970198370287,0.9372202834883525,0.9109947900737975,0.8862334909417824
2004-08-30,0.7741307388375618,0.9398353141014265,0.9319001652086848,0.9059400608210907,0.8855686732811088
2004-08-31,0.7794234064500132,0.9413715213331738,0.941886591286541,0.914177407199726,0.8920306336451312
2004-09-01,0.7756007364170261,0.9418774045369336,0.9420352206403418,0.9169979531513899,0.8982626111921712
2004-09-02,0.7757109331582314,0.9440151409660066,0.9461438674259294,0.917760895651728,0.8996505484670421
2004-09-03,0.781872404009567,0.9413129827890678,0.950136307132594,0.9264294087017078,0.9092425196276875
2004-09-06,0.8010807753558594,0.9500744330204078,0.9571416073412924,0.9324410009436171,0.9023890460794984
2004-09-07,0.7996559239340177,0.9510877934417418,0.9549592336809798,0.9364148690845855,0.9065945944210486
2004-09-08,0.8016603306467992,0.9509117746760428,0.955124460147126,0.9352098732839729,0.9071309234910586
2004-09-09,0.8018120042730227,0.9521379173555166,0.9573164910266438,0.9373494307717045,0.9070131532454783
2004-09-10,0.8128458346718459,0.9515977408416545,0.9614392452049081,0.9309384300730859,0.9161600403521079
2004-09-13,0.8120196447452307,0.9496592898844073,0.9581480394504129,0.9338268281060667,0.9220396005500163
2004-09-14,0.7933047755461743,0.9477213527580164,0.9522891421549206,0.9339696431878628,0.9388072727723893
2004-09-15,0.807744231637222,0.954762826913333,0.9649159238535912,0.944142382154886,0.9517160009702559
2004-09-16,0.8099812539515872,0.9510862948894874,0.976584669052475,0.9517832883330786,0.9671410120881484
2004-09-17,0.807740644629325,0.9586122644760657,0.9728307671267694,0.938416286669974,0.9718286596686154
2004-09-20,0.813577915276619,0.9760934198212143,0.9602799737155724,0.9202009644488703,0.9753516596502155
2004-09-21,0.8146316883919481,0.9774983143291979,0.9616494943973902,0.9205845802659673,0.97754174426329
2004-09-22,0.8131085304506381,0.9825788229268833,0.957217793609367,0.9241658189811996,0.9851935761671942
2004-09-23,0.8137149958429739,0.9836770872300808,0.9508277017366633,0.92481158223715,0.9850704584628392
2004-09-24,0.8203606990182346,0.9895220423198001,0.9557307209723058,0.9102295180121542,0.9883730832722946
2004-09-27,0.8211921402061617,0.9807247282504254,0.9461090617884286,0.9058935712547033,0.9827259007768526
2004-09-28,0.822723129270497,0.9820312822213083,0.9463621592417114,0.9043353194117529,0.9831239448585202
2004-09-29,0.8169656373625475,0.9734780949975362,0.9583422778830281,0.9104896568726384,0.9947747783582273
2004-09-30,0.8215026983027209,0.9734612960997843,0.9632805207909413,0.9135053996928693,0.996095606227732
2004-10-01,0.8041437776653078,0.9627286145246717,0.9579530232760967,0.8940370317435464,0.9869902948280708
2004-10-04,0.8063217762510156,0.9550033446039893,0.9317114396749592,0.8814692315844486,0.9751394200713751
2004-10-05,0.8095426313050215,0.9618780497671081,0.9387655099114527,0.8851611795151224,0.9804260993716453
2004-10-06,0.8124010405477938,0.9661237583553214,0.9415166828098082,0.8912621741894756,0.9926951068095056
2004-10-07,0.8145794781591595,0.9681214020176084,0.9430017191744832,0.8928480609246432,0.9910658058364662
2004-10-08,0.8157993269590579,0.969611193495433,0.9427086133957399,0.8879887823425691,0.9886066809008044
2004-10-11,0.8202652844218519,0.9744626697398732,0.937210528002328,0.8836998557004204,0.9910232896877641
2004-10-12,0.8244873229899562,0.9751423422460753,0.9372833204406443,0.8837709061523,0.9955684110375015
2004-10-13,0.8261681334765878,0.9785319147860329,0.939006039570178,0.8898507266726012,0.9987688066555929
2004-10-14,0.8195134985370812,0.9688860390933025,0.9246014585361105,0.8809701829290226,0.9612729147076003
2004-10-15,0.8203845250944882,0.9714160697676212,0.9218331851005295,0.8797055598448097,0.9664760400062695
2004-10-18,0.8344429003359258,0.9697231445564558,0.9304895737167851,0.9011581250173766,0.948156740837278
2004-10-19,0.834430188952598,0.972197745186821,0.9253577345522735,0.9035534683328956,0.9398456986567396
2004-10-20,0.8201919653582502,0.9781462578105069,0.9242227805491867,0.9045132405197156,0.9286312710701611
2004-10-21,0.8183723522674582,0.9783754401432925,0.9244788844565529,0.9026091656910463,0.9298690239568248
2004-10-22,0.8136479913511824,0.98379484629361,0.9239575367060227,0.8849487139022285,0.9148537388418694
2004-10-25,0.8287425298860881,0.9749921755901031,0.9208523328210577,0.8716150660022857,0.9211834981933333
2004-10-26,0.8336839183297539,0.9737426320840207,0.9163695852664528,0.869966918123646,0.9114494623736171
2004-10-27,0.8527543265950317,0.9644332100191859,0.9193012277928803,0.8650350067200685,0.8974654929365984
2004-10-28,0.8502392093114594,0.9643435999594536,0.9396661152364457,0.8735892730207911,0.9075694067569784
2004-10-29,0.8476258036268195,0.9702338207700085,0.9360636188465181,0.849106133026381,0.9289234033875557
2004-11-01,0.8465825435003295,0.9719829335271692,0.9367105057541962,0.8531375126253097,0.9350195032504469
2004-11-02,0.8441990983400813,0.969830892287853,0.9301954486405276,0.8554108285800733,0.9367685690388653
2004-11-03,0.8356739854759072,0.9525841877740796,0.9483038346614154,0.8569178827903979,0.9615669960906622
2004-11-04,0.8295990844067302,0.9242842732219261,1.0013975923174887,0.898364516108792,0.9619141228849404
2004-11-05,0.829476338405489,0.9245707985827356,1.000546957449577,0.8997574364384147,0.9581088709922793
2004-11-08,0.8239901276615572,0.9043170566073911,1.0064818748128324,0.9031266122950042,0.934973042130121
2004-11-09,0.8233320065573381,0.8924305516931985,0.9954141128413306,0.8881887697498151,0.9025618536568423
2004-11-10,0.8320758420265648,0.9050442440822803,0.9879974980608308,0.9024950948278515,0.9162415597651311
2004-11-11,0.8280500604513448,0.9080763144791443,0.9898118326415006,0.9018139417263766,0.932570592208835
2004-11-12,0.8275070858509225,0.9027285942474975,0.9866401237606226,0.9011656172017135,0.9379771698636653
2004-11-15,0.8299894799147083,0.9108458557009097,0.9930676124005611,0.9127358070536002,0.9435659051268868
2004-11-16,0.8273946996736601,0.9127320965715798,0.9980955160425942,0.9153180667071951,0.915591316642016
2004-11-17,0.8269088143262012,0.9138468305333954,0.9986736757211919,0.9147140635825374,0.9169368898160666
2004-11-18,0.8317862575499488,0.9173258535501578,1.0099112179596228,0.9133473972072038,0.8808753453371425
2004-11-19,0.8339894922387504,0.9176320759318269,1.011260314972028,0.9157986824468318,0.8875329273366099
2004-11-22,0.836067551763836,0.9069668617305232,0.9964949874366917,0.9072988291683917,0.8809223710155348
2004-11-23,0.824857807482614,0.8955232953801759,0.990009320259983,0.9032110247274729,0.8954300867971751
2004-11-24,0.8135231606146088,0.8939408849036333,0.9897167011044039,0.898788294217561,0.9103828676604092
2004-11-25,0.8115847416978821,0.8904296949672523,1.0089778333027495,0.8984559361962224,0.9237513798749216
2004-11-26,0.7941068570456579,0.8779423425245861,0.9913184626745416,0.8749474812336062,0.9224977532048511
2004-11-29,0.783247768489012,0.8625421111632908,0.9813862994052805,0.8736297233646446,0.9329437390546376
2004-11-30,0.7839203872595243,0.8616461050186541,0.9806694683914122,0.8744859477603523,0.9329426109522923
2004-12-01,0.7877598619995546,0.8669613050257139,0.9919116864542117,0.8891088178900506,0.9303321488554813
2004-12-02,0.7749508652933675,0.8714881890886333,0.9835843332062051,0.8978053501800424,0.9542551430970891
2004-12-03,0.7724383672785157,0.8691908302521141,0.9772452492151238,0.8968408665738616,0.9507756765534846
2004-12-06,0.7649002123728014,0.8718760643475897,0.9922452163058157,0.8969723877651249,0.9385752944346621
2004-12-07,0.7612643336427974,0.8758363520523406,0.9907499401565224,0.8919983917248981,0.9250610264812086
2004-12-08,0.7632865720678507,0.8736564123208935,0.9844369730376289,0.8994098589477558,0.92613917120648
2004-12-09,0.78010973972217,0.8774622181378282,0.9806409859706023,0.903208727958615,0.9410900530885647
2004-12-10,0.7722212404152157,0.8744971311658714,0.9870078931456473,0.9039274933110275,0.9448446111509894
2004-12-13,0.7706639044608767,0.8676775462507941,0.9810107036092208,0.9043662193570137,0.9422407329075406
2004-12-14,0.7674525745213806,0.8844751702132433,0.9785880791728094,0.9048854763184123,0.9289738313671823
2004-12-15,0.7791226798699055,0.8931536674932979,0.984594852691021,0.8972067100772911,0.9308744992944703
2004-12-16,0.7795936831898161,0.8775803047653189,0.9845979336682338,0.9044271977796013,0.9252671714683307
2004-12-17,0.7751107962452665,0.8728466552665229,0.9799239749858809,0.9037774908677706,0.9253158528626637
2004-12-20,0.7716762970895961,0.8745655171243347,0.9776100422436662,0.903396164246782,0.9185059305354383
2004-12-21,0.7659187011875295,0.8741439881726267,0.9766628222650305,0.9010200261689221,0.9184479559568854
2004-12-22,0.7631186975135789,0.8727790957689505,0.9800135585186452,0.9037336192468172,0.923472774776048
2004-12-23,0.7602773451727916,0.8720357755376194,0.9760048497015583,0.9027563556707928,0.9212694855892104
2004-12-24,0.7560076376794352,0.8604747462663553,0.9741955766532693,0.897498546173846,0.9051888989473198
2004-12-27,0.7554645033264938,0.8674027110918452,0.9683127305636163,0.8945745602705227,0.9321100066406937
2004-12-28,0.7687629953535141,0.8831907221269126,0.9843632774641842,0.9042514402644836,0.931397162034103
2004-12-29,0.7786047811183188,0.8859562244285681,0.9932747514019237,0.9037187863611014,0.9268345945935273
2004-12-30,0.7781808902533713,0.8859829685809516,0.9901746388907527,0.9030208130451699,0.9246965605478975
2004-12-31,0.7780603207769817,0.8869007030176852,0.9869869264597961,0.903232463715645,0.9224892836283592
2005-01-04,0.7851599459849123,0.8777751312206513,0.9847679231532672,0.9099232540926969,0.9134420649114051
2005-01-05,0.7779166970282577,0.8682337856970702,1.0010800647159859,0.9156037617167828,0.9192351793884657
2005-01-06,0.7756826854281473,0.864265041756317,1.0085945805244745,0.9185056228707742,0.9194612573011163
2005-01-07,0.769089097042368,0.8505366807206368,1.0172675483240505,0.9214323965901517,0.9426251369286281
2005-01-10,0.7743980679514381,0.855935169850621,1.0243657350419293,0.9224467078449649,0.9649490861727107
2005-01-11,0.7748367834133097,0.8584038972048039,1.0257923960354896,0.9256572753790643,0.9652984019327469
2005-01-12,0.7769852263783908,0.8547807367642056,1.032155728393796,0.9275800070865587,0.9636843505043369
2005-01-13,0.7724725247257609,0.8476575770467699,1.0266287107096232,0.9239812707288134,0.9466409825203023
2005-01-14,0.77433615823071,0.847349450295769,1.0286024886644898,0.9278343005048105,0.9508502063295825
2005-01-17,0.7675174684399683,0.8461345567259652,1.0208060493128912,0.9080293044832154,0.9541418595970099
2005-01-18,0.7661697177694213,0.935297148126428,0.9911168012965353,0.8979132974275068,0.9516187100520931
2005-01-19,0.7703383439873936,0.9366463592732575,1.0124257381495116,0.9130157030089047,0.9554410454427203
2005-01-20,0.7562601096447132,0.9298897808303194,1.0087356255984365,0.9174719990920127,0.9662024110018677
2005-01-21,0.7583240657427969,0.92983336490125,1.0097044303056615,0.9171458952368972,0.9639769082470461
2005-01-24,0.7632942441071213,0.9314129955368954,1.0136832275042285,0.9217653370168114,0.9509683897646624
2005-01-25,0.7629903364704076,0.931859498558408,1.0147651636236386,0.9230265127989012,0.9544515189210262
2005-01-27,0.7864905634396919,0.9131278701014773,1.027618018754274,0.9469388763600118,0.952629232051159
2005-01-28,0.7798018188443798,0.9104675173630861,1.0340573978499479,0.9530087556446645,0.9569555011947225
2005-01-31,0.7757690880422446,0.9130984920084715,1.0320270029541585,0.9532997334213864,0.9665568468087652
2005-02-01,0.7781400263242408,0.9143441969666113,1.025078402698294,0.9444619152688767,0.9792827092990715
2005-02-02,0.7665672885099342,0.9139658757550109,1.015690758548297,0.9440650596866568,0.9778039551334984
2005-02-03,0.7509571095234469,0.9139537069639585,1.0095923973476715,0.9451131094435641,0.9877565385964102
2005-02-04,0.7526435042719853,0.9139040813578067,1.0174801629131471,0.9471060396514094,0.9860421112363982
2005-02-07,0.759961577705898,0.8976376440237311,1.0165058314899391,0.9415384231814868,0.9854380936357936
2005-02-08,0.7644509243491716,0.8951278013392929,1.0150988590334733,0.9467314618643189,0.9873457969457062
2005-02-09,0.739831620553525,0.8927774989685208,1.008929414974134,0.9436517987080044,0.9892946302673752
2005-02-10,0.7381010073872545,0.8917485598093187,1.0075054275736748,0.9416580460733831,0.9903383198460375
2005-02-11,0.7418976128029903,0.8962258338078247,1.0070898758258349,0.9481467631163146,0.9947617877911037
2005-02-14,0.7512170444249751,0.9002472237046846,1.014296253373896,0.9716003773927887,0.9976701011351162
2005-02-15,0.742849995890577,0.9060577083681381,1.0239904395358703,0.9731465683266162,0.9941337935004906
2005-02-16,0.7415694801213104,0.9060959915901882,1.0220870955466743,0.9741457164427167,1.0008888325448115
2005-02-17,0.7354110682195172,0.9059042660486697,1.014454530412457,0.9647883447547704,0.9983423767164155
2005-02-18,0.7301134049665746,0.9067040684394024,1.014790975008232,0.9703323474903419,0.9925245658586643
2005-02-21,0.7273866155352455,0.9083774473135168,1.0143506303828052,0.9752904102024134,0.9897028165644409
2005-02-22,0.7205886760239038,0.8997600218650841,1.0041914082379415,0.9529608821563024,0.9962251003994783
2005-02-23,0.720963103562363,0.9059340204935922,1.0365484737728814,0.963650005463255,1.0532877819296074
2005-02-24,0.724796354742706,0.9275590781480436,1.0478361940129926,0.9700901601065546,1.0215082641762223
2005-02-25,0.7419726511744409,0.9355671291368641,1.036229478817531,0.9731378829498237,1.008644092370194
2005-02-28,0.7422489266914821,0.9058708344933577,1.0211491458776676,0.9408196402768277,0.9886920340652122
2005-03-01,0.7371449580811703,0.9108193299062294,1.02104887005689,0.9376020456046582,0.9794201275439054
2005-03-02,0.738746785840797,0.9149462688443637,1.0284245171534119,0.9450979274442033,0.9791695580453997
2005-03-03,0.738119154838359,0.9133053134592487,1.0327873149126072,0.9506117092114957,0.9866720776196525
2005-03-04,0.7456854674444477,0.9079133046915433,1.0392141535914903,0.9566845978525796,0.9911709761943108
2005-03-07,0.7496053692278302,0.9030132789317703,1.0347539584310865,0.9584263662622701,0.9931548669876874
2005-03-08,0.7496377506549688,0.9029924928420995,1.0348663249937453,0.9583105727439448,0.9932568450029498
2005-03-09,0.7376162194585312,0.9092703250845492,1.0308521966444635,0.9571611446864566,0.9997581430033357
2005-03-10,0.7427056388353387,0.8999507675470467,1.0163070891934782,0.9565744350566646,1.0105109887880732
2005-03-11,0.7505834817201286,0.8997039933919005,1.020009375438498,0.9615018709379813,1.0069111065024396
2005-03-14,0.7506587536621017,0.8975884058253307,0.9950600473170504,0.9662521035562627,0.9810638665571383
2005-03-15,0.7534349072608322,0.900747635012821,0.9863231792120327,0.9543725466995688,0.9777301217708132
2005-03-16,0.760359162329709,0.9060036655523098,0.9951331213232935,0.9566262106177114,0.9825887187554759
2005-03-17,0.7436507775524318,0.9146993731195271,0.984516841882075,0.9492672180594808,0.9852493459394808
2005-03-18,0.7359845556263992,0.9034547232880161,0.9878995061237357,0.9351988219040558,0.9744716739308429
2005-03-21,0.7320061242201865,0.8971643395535966,0.974058767967953,0.9185961746613562,0.9948548910782967
2005-03-22,0.7247091228590604,0.880603523959715,0.9773758475132452,0.9187327225022889,0.9892559029088759
2005-03-23,0.757853635894253,0.8805722892829345,0.9818001706414287,0.9181135289163123,1.0519814935032612
2005-03-24,0.7557096690255766,0.8698435596489799,0.955882677062047,0.9016964492281085,1.0562036491021776
2005-03-29,0.759980204081593,0.8662254331049942,0.9503139919862649,0.9110203181424303,1.0576458439948762
2005-03-30,0.7678232378439673,0.8640867549756795,0.9601526290607273,0.9120845273845507,1.0578729973719054
2005-03-31,0.7664105541494965,0.8583773990341923,0.9549744078303314,0.9078774625126755,1.065867764083105
2005-04-01,0.7637899006653428,0.8628357813613652,0.946350550328727,0.9086572519715905,1.0654019163552557
2005-04-04,0.757765604746088,0.8591928627806643,0.9470639519670593,0.9056470443188241,1.077225912018954
2005-04-05,0.7595663915368691,0.8591672308479673,0.9486643499485221,0.9062313782683493,1.0783082489524007
2005-04-06,0.7597237572707652,0.852527436237125,0.950951934075544,0.8962389207475281,1.0743134956136724
2005-04-07,0.7595861784397829,0.8527102845721208,0.955156900074202,0.8955868774852984,1.0729247659264936
2005-04-08,0.7710005538313722,0.8557231659253819,0.9474698375321107,0.8872307026794712,1.0334363408621563
2005-04-11,0.7542452946820596,0.8301720014350472,0.9477366976072659,0.8847716360603657,1.0431890232143233
2005-04-12,0.7576624685370535,0.835087510217889,0.9547940233001133,0.8787887679981048,1.032542951732827
2005-04-13,0.7517467960549358,0.8435301523504551,0.9390176243934851,0.8714937203571665,1.0278249341788168
2005-04-14,0.7652846769286415,0.8375833262136806,0.9321038804368227,0.8654395132228443,1.0575439562585074
2005-04-15,0.7356558521123465,0.8047256854491149,0.9146148704693858,0.8493110282557406,1.087234199013053
2005-04-18,0.7199293499041044,0.8136429085016436,0.9277632975639478,0.842924392018828,1.0661705720637185
2005-04-19,0.7036801538899478,0.8176922699449479,0.9184115422820807,0.8259024810934046,1.0862727312319183
2005-04-20,0.7019683269120373,0.8155713446588004,0.9172971546758304,0.824990644221392,1.084371378570466
2005-04-21,0.6976956055385505,0.8127807169184728,0.9188317804128757,0.8219462518953173,1.0887721880053185
2005-04-22,0.7239951163603383,0.8289056553440078,0.9285049003560301,0.8439604699582695,1.1121993407366413
2005-04-26,0.7229898509818582,0.8316086755481059,0.9254385337055971,0.8413701185712886,1.1104220081804794
2005-04-27,0.7319093679231644,0.8325688041190535,0.9246564387551854,0.8355014107721753,1.1097940141972364
2005-04-28,0.7280139851160733,0.8249359222768962,0.9109698172300031,0.8271136230968882,1.1060870724547727
2005-04-29,0.7421828086607978,0.8380014915673181,0.895812795519039,0.8415923491172281,1.076449136837538
2005-05-02,0.7321844048292838,0.8393289343892388,0.8746311616731632,0.8463564739188548,1.0737592397765294
2005-05-03,0.7228596661859656,0.83320416050643,0.8604743610515169,0.8393013069994281,1.0686109987797936
2005-05-04,0.7280564524668536,0.8323037275900533,0.8848977559623672,0.8487287059232598,1.0861831645090547
2005-05-05,0.72757018585754,0.8308873552856112,0.8844199637780866,0.8477181217081421,1.0833460501014598
2005-05-06,0.7261558800002729,0.8401959202593299,0.8952237033886961,0.8503258331873608,1.1016822274896108
2005-05-09,0.7235693403839524,0.8392614132038716,0.8886822011971386,0.8428225199723205,1.104604801883556
2005-05-10,0.7150569651850126,0.8289395642581798,0.8774405750316898,0.8426730988257914,1.1097914191676341
2005-05-11,0.7135709631810122,0.839405671543911,0.8789998985512516,0.840992212126252,1.1140189588636848
2005-05-12,0.7146414245276912,0.8485524929751788,0.8709350154314666,0.8438314485986498,1.1671358776228484
2005-05-13,0.7083972189382048,0.8364041635817537,0.8610708508781943,0.8349040696108846,1.170120515170102
2005-05-16,0.7266145292878928,0.8252070032010677,0.8691204600926798,0.8254518184801126,1.1316172181724746
2005-05-17,0.724524139058094,0.82224143747225,0.8627712442077833,0.8241147777256619,1.1064171095476887
2005-05-18,0.7198097704450337,0.819681705889157,0.862368726008015,0.8387331316390504,1.122005529106106
2005-05-19,0.7227425624116617,0.815520541374023,0.8623928309450656,0.8206537899088359,1.0794645641335483
2005-05-20,0.7203041844391942,0.8162662001865346,0.8696427361664995,0.8351475004347284,1.0918435919187577
2005-05-23,0.7457482918287904,0.8188514312927507,0.8748158986672009,0.8213050441347806,1.080903861830926
2005-05-24,0.7269786053635765,0.8159917505243853,0.8738161731910222,0.8204705867748884,1.085385600207094
2005-05-25,0.7315382043565477,0.8174526356800306,0.8690921359092032,0.8249679255935582,1.0828630101722618
2005-05-26,0.7326245803065163,0.8174616279607562,0.8687897244454672,0.8247263354311059,1.0824292534041107
2005-05-27,0.7253348641789437,0.8131015383988984,0.8623692928470734,0.8096323507793247,1.0867804189235541
2005-05-30,0.7274136690549237,0.8159275383454961,0.8647725746044891,0.8113587932469952,1.092562786948974
2005-05-31,0.7370091814571248,0.8255633114537164,0.8781061915203205,0.8315751986494353,1.1053341851499523
2005-06-01,0.7509048993346106,0.8255518273699263,0.8861724059856797,0.8549121989489076,1.1006677241566147
2005-06-02,0.7498675190123512,0.7957689047793889,0.8758470696855339,0.8455272372047785,1.1160876439917389
2005-06-03,0.74465432295296,0.788091491899422,0.8738704754490731,0.8462951251691619,1.1178873241881284
2005-06-06,0.7443572918112797,0.7880433875443855,0.8737062056625985,0.8459088289714011,1.1185761042056945
2005-06-07,0.7437205250776608,0.7909469653724522,0.87372052553325,0.8470884936591405,1.119572070175198
2005-06-08,0.7461145127197379,0.7932371303520377,0.8775378603792908,0.8485513180928513,1.1144922257459207
2005-06-09,0.744095928511072,0.7924475359388942,0.8787722366051781,0.848508177350351,1.1071039849531663
2005-06-10,0.7478478029483144,0.7926709517209316,0.881486015640579,0.8523289279352101,1.1222575804118606
2005-06-14,0.7541798879352025,0.7977757463967481,0.8808386868136149,0.8506594021457121,1.1168390137765414
2005-06-15,0.7450602987826187,0.7931980179612127,0.8805680742856683,0.8501716583618935,1.1133858570921438
2005-06-16,0.7381153429875722,0.7828800181009017,0.8638929437941881,0.8485481356486044,1.1237695651766173
2005-06-17,0.7322936421683537,0.7864806960245045,0.8785654660459303,0.8405413519424284,1.118957463143773
2005-06-20,0.7364522748742296,0.7922082541783005,0.8859553905159159,0.8456822851530678,1.1256203556742475
2005-06-21,0.7478156214513149,0.7968886979728013,0.8973233735481868,0.8437108019811682,1.1276756978368352
2005-06-22,0.735059157385127,0.7948733956283582,0.8987837836182575,0.839001167611394,1.1119140738995144
2005-06-23,0.7262204546752906,0.7962861086630374,0.8948697472206448,0.8394895950389959,1.1081054012819715
2005-06-24,0.7345276290096342,0.794675427431502,0.90093009936689,0.839222574928545,1.1106528941392606
2005-06-27,0.7396326948770605,0.7960899926571005,0.9059056059180064,0.842738849575276,1.1119656665350985
2005-06-28,0.7331940821223257,0.8066611645933677,0.9216110209980553,0.845184462502057,1.116709779978279
2005-06-29,0.7345365759795178,0.808495361518907,0.9214387362961102,0.8464016087087631,1.1105227628127277
2005-06-30,0.7377189524396407,0.8083462415421983,0.9253272896420285,0.845112382868869,1.1061341786303478
2005-07-01,0.7408836422859312,0.8049970543421,0.9274513259748614,0.8434638812304367,1.1066034601531742
2005-07-04,0.7422170788665473,0.805457672859696,0.9262481252437365,0.8424185468532855,1.1064036568659779
2005-07-05,0.7402346557539089,0.8068152595773462,0.9205884210465584,0.8396405454065043,1.1097857842912462
2005-07-06,0.7422461265495804,0.8149979849094666,0.9201347376107205,0.8408483890889957,1.1011619625234361
2005-07-07,0.7417096448029038,0.8126594548173885,0.9280609290798386,0.8463521010426894,1.11841710225552
2005-07-08,0.7409886884573519,0.8123007521820031,0.9283997100125981,0.8467397276332336,1.1172423801261986
2005-07-11,0.7545561947657196,0.7112194198492818,0.9234579312611038,0.8350419818620556,1.0898945823873343
2005-07-12,0.7548386226465291,0.7100040717092195,0.9231563222034267,0.8355494025755809,1.0895489968180947
2005-07-13,0.7583499735191463,0.7104569428814581,0.9240303316844528,0.8367932104742984,1.0907135572041904
2005-07-14,0.761001873963952,0.7141592486049999,0.9252261226147723,0.8385970080464987,1.0945079163309313
2005-07-15,0.7471150870168515,0.6942958086148847,0.9181857990037658,0.8334978237863987,1.088715518929693
2005-07-18,0.7516713028352502,0.688573614497813,0.923459080258718,0.8288929932642903,1.098469364695253
2005-07-19,0.7405053756853085,0.6658495011029835,0.9169405951513677,0.8311603936054996,1.0986346715256687
2005-07-20,0.734334622274537,0.6572574528389526,0.9153140110906336,0.8233658931753317,1.082503032244793
2005-07-21,0.7343066312321084,0.6626616786588586,0.8993281726201799,0.8231660128829958,1.067555643663344
2005-07-22,0.7330668191160987,0.6666329616372494,0.907942613806541,0.8210098803343832,1.0660725913883382
2005-07-25,0.734725617234464,0.6675440474077764,0.9068009754496862,0.8229804372779144,1.0629012687772108
2005-07-26,0.7347849137234446,0.6672100703454877,0.9076944918147265,0.8229442087092284,1.0649833185915611
2005-07-27,0.742819622676081,0.6667869700896715,0.9122390107192652,0.8226767268104983,1.070050693880917
2005-07-28,0.743182781497349,0.6722397786750663,0.9090661467131099,0.8254910332593156,1.063440120119052
2005-07-29,0.7400317969705433,0.665173737137548,0.904616731822237,0.8251041184619142,1.0504693555608062
2005-08-01,0.7413360858728911,0.6598817643061063,0.9065011763974681,0.8272754518538762,1.0435308749588206
2005-08-02,0.7381805476774593,0.6552821646948069,0.9058235473812919,0.8265240705287432,1.0393318207780249
2005-08-03,0.7401288783867452,0.6637975183879052,0.9023331889658398,0.8211199395211899,1.0500093560299186
2005-08-04,0.7340959084724182,0.6586076254944337,0.9051496836109544,0.822930238735527,1.0438551952425663
2005-08-05,0.7322199651196567,0.6568789277749935,0.9097305239379025,0.8212928670477657,1.0393056050523959
2005-08-08,0.7433130655104758,0.6570922897774982,0.9132029466520339,0.8230128372124295,1.0373770459770233
2005-08-09,0.7436414176869297,0.6451926925325949,0.9144373053695386,0.8328439400925198,1.0479423851135088
2005-08-10,0.7400363614261408,0.6485976433790811,0.9077119859080807,0.8298416149265272,1.045310109934014
2005-08-11,0.7246085916391996,0.6545413556507936,0.9088987174614785,0.8317121481531148,1.0529736720289937
2005-08-12,0.7306332064138887,0.6527925749389296,0.9066025330147113,0.8353000351908817,1.0582421430297626
2005-08-15,0.729670153288786,0.656817961565882,0.9061740912092378,0.838169354331414,1.0532469983974044
2005-08-16,0.7342279952346712,0.6635994105916403,0.9065607496327115,0.838148699176349,1.0426289845705525
2005-08-17,0.7281903362653218,0.6560520141839172,0.9011337735891866,0.8291620316279178,1.045966461471556
2005-08-18,0.7292238585925265,0.6590555149105348,0.9009739130061671,0.8382761511594811,1.0573079022157232
2005-08-19,0.7258349037245044,0.6571603417994181,0.8985506672435342,0.8402916756092258,1.055695909167552
2005-08-22,0.7212183296606032,0.6419035775601806,0.8921499335766936,0.8203121600040773,1.0542513351628928
2005-08-23,0.7208361587365082,0.6457407666016457,0.8975854385000863,0.8242870378411241,1.0538127483063489
2005-08-24,0.7226104485429122,0.6429284499969272,0.8879140171669724,0.8131111953647532,1.0625571073157092
2005-08-25,0.7180634135916105,0.6385608079516619,0.8880885362183287,0.8037583591038124,1.0579763389639336
2005-08-26,0.7256701181513431,0.6448211843717658,0.8787493927300803,0.8007810998157573,1.0560740612272328
2005-08-29,0.7251673945334264,0.6606136398456921,0.8716283979789969,0.7969952215856044,1.067880589574938
2005-08-30,0.7207936051586733,0.65848953302156,0.8712289392357758,0.8029307604437381,1.0716617129771862
2005-08-31,0.7156836369541539,0.6606783242826143,0.8738933253561773,0.7991434485347675,1.0714571679095983
2005-09-01,0.7143802426630257,0.643237195160449,0.8814608482394138,0.792112930796076,1.1041832987030367
2005-09-02,0.721699314991506,0.6450950978203737,0.8837938949693799,0.8005373312241736,1.0930205400182358
2005-09-05,0.7169086104977933,0.641373904079847,0.8721170978578247,0.7913954708776888,1.0946482892827565
2005-09-06,0.7170683082595664,0.6412006714201476,0.8724926285220176,0.7918207599605692,1.0945791469916617
2005-09-07,0.7156921693370359,0.6419145819215941,0.8736163725933034,0.7996068010161229,1.082791652221448
2005-09-08,0.7139118408463954,0.6371472434012964,0.872259659693,0.7911304402184548,1.082282958170013
2005-09-09,0.7193700325069821,0.6364170615622025,0.8755192518611691,0.7909487548391544,1.0843958696072848
2005-09-12,0.7188377315656963,0.6360526427723591,0.8755050452337301,0.7909098566179632,1.0843662134318148
2005-09-13,0.7170082623480244,0.6397348104432093,0.8701668271831504,0.7876358973725774,1.0899523500400299
2005-09-14,0.7201437902866569,0.6394402672082979,0.875671091311401,0.7924700055559344,1.0890826714618511
2005-09-15,0.7216383877026917,0.639601822084098,0.8763167076868493,0.792015712692022,1.0895680598292765
2005-09-16,0.718719411445245,0.6443925047726514,0.8824977051899654,0.801719406918092,1.0867952948424642
2005-09-19,0.7185957029430458,0.6438291098223479,0.8825467913726464,0.8016461658330298,1.0793204600353936
2005-09-20,0.7208208727473897,0.6519907523214185,0.8913072042651254,0.8029386026234987,1.0898271099506114
2005-09-21,0.712463115212643,0.642923672808603,0.8837359257378814,0.8036041363243783,1.084891266149398
2005-09-22,0.7109155798059018,0.6417420378717359,0.8818975113890359,0.8037358726852899,1.0864274486415957
2005-09-23,0.7109054530328952,0.6421342773414751,0.8833768039412614,0.8046234646663067,1.0852294961955227
2005-09-26,0.7172660269759685,0.6618032306721134,0.8821235115334726,0.8232946759003676,1.149257131290204
2005-09-27,0.7153991495767966,0.6630602426613524,0.8806293852266752,0.8224764772371781,1.1497703194243416
2005-09-28,0.7193783659527556,0.6625779831398827,0.8815660282689877,0.8244339495602595,1.1497823964178175
2005-09-29,0.7143596056937083,0.6623044805730849,0.8936118744505324,0.83210202732825,1.1556386247890096
2005-09-30,0.7191505875702072,0.6750012073096969,0.8967805571876557,0.8382972929362247,1.1778482726838255
2005-10-03,0.7189473699486563,0.6748181394056454,0.8959921460616579,0.8377898682214917,1.1781658533753137
2005-10-04,0.7177754839927425,0.6743413119549861,0.8953342067238031,0.837295387774675,1.1776866702096704
2005-10-05,0.7018052047742899,0.668792222290606,0.8985778398635881,0.8673584751760793,1.2289461242813775
2005-10-06,0.685548875324241,0.669107868958014,0.8667903502351292,0.8471084682859809,1.2862160320185458
2005-10-07,0.6865928952711711,0.669530515869649,0.87045736834866,0.8481767020054194,1.285743864133115
2005-10-10,0.6777250858834236,0.6654947311458539,0.8666464565315628,0.8472099747341896,1.2882604293105937
2005-10-11,0.688878723822231,0.6746928951661175,0.8728655773287789,0.8590501976463292,1.3138950576610628
2005-10-12,0.693468212745134,0.676429401655841,0.8769667029058328,0.8720690335587234,1.2969239191379183
2005-10-13,0.6872822826875654,0.6802006914816645,0.8682010113827732,0.8690676482841002,1.3072758731519172
2005-10-14,0.6820043412868536,0.6774049142266494,0.8744628086083954,0.8699773022488099,1.3226118417371264
2005-10-17,0.6881874321964816,0.675592880371209,0.8841066437767436,0.8775261679477424,1.3025938545944622
2005-10-18,0.6908194361816208,0.67445123425285,0.8722548055053257,0.8729923148828321,1.334838451398378
2005-10-19,0.6985520416062674,0.6777516697478181,0.8596784077366781,0.8667285226320197,1.3639109946139345
2005-10-20,0.6886614250906462,0.6809474060284529,0.8621119429577535,0.8706277135005984,1.3658255530029522
2005-10-21,0.6815650717700588,0.6806259144630271,0.8596005252260823,0.8720380243804247,1.3789448008969973
2005-10-24,0.674135823816008,0.6793410597843516,0.8584081054942249,0.8679984379394011,1.385388245425679
2005-10-25,0.6720312975578262,0.6760348018077956,0.8360296460586994,0.8447916626608597,1.3943474817422368
2005-10-26,0.6680424377017371,0.681546442219316,0.8408750580687886,0.8457785541744092,1.3761029302989702
2005-10-27,0.6670673066148505,0.6748611595708328,0.8399640897744567,0.8435291631013229,1.3731633694813539
2005-10-28,0.6606275525148226,0.6838648996425533,0.8308759953452884,0.8423357581723372,1.393298754270594
2005-10-31,0.6581336244635151,0.6836429326656872,0.8263178972849681,0.8353965069633887,1.3745108486515585
2005-11-01,0.6609482109237682,0.6857747703334778,0.8240682972705975,0.8375582225184504,1.375654102560981
2005-11-02,0.6588971744501477,0.6869852952130744,0.8245381271447284,0.8404119785134602,1.3777127000203315
2005-11-03,0.6638253931589241,0.695036475923765,0.8469567389769064,0.8280666656134006,1.3741100340278594
2005-11-04,0.6645648742179845,0.6990988852697906,0.8490945666433544,0.8315515614774784,1.378174401694613
2005-11-07,0.6657280271082023,0.6954830259980525,0.849905737774224,0.8328236504141842,1.3774343096032882
2005-11-08,0.6765926655182735,0.6908854715857482,0.8532105547978912,0.8374013433700617,1.3703867717732607
2005-11-09,0.6711397229471735,0.6983638287422875,0.8519283704320323,0.821568466214814,1.3738178022457739
2005-11-10,0.6671487657379007,0.6864288736004391,0.8540871707388082,0.806378585121141,1.374407641084199
2005-11-11,0.675597363136626,0.6884670616045983,0.861854493194412,0.8080212165149884,1.385217958012521
2005-11-14,0.674370595525034,0.6886915483869849,0.8526405644090076,0.8075233752184099,1.3753525214926976
2005-11-15,0.6721395038998733,0.6875138651138628,0.8508509033872073,0.8072711449481825,1.3789008035320252
2005-11-16,0.6732602607117558,0.6895230558693946,0.8539590928139464,0.8090755855994836,1.3818391898506832
2005-11-17,0.6676524484848251,0.6893163704894121,0.8583515070349507,0.8092006092358622,1.3881868796984562
2005-11-18,0.6719708655141026,0.6833666058007373,0.8503401472766136,0.8039162758439827,1.391399189936807
2005-11-21,0.6758795543227621,0.6687081405027719,0.8610576601902649,0.8061302278589139,1.39083499056803
2005-11-22,0.6815844273945368,0.6713868315661292,0.8561290357127458,0.8128453129034491,1.399580047507239
2005-11-23,0.6817873482942138,0.6761503057255285,0.8573650596646829,0.8126309302841654,1.3973653319326327
2005-11-24,0.687483257030206,0.6772471933796287,0.859270624235315,0.8110622419587048,1.3797898658164236
2005-11-25,0.6875028855883938,0.6785456744282617,0.8608966118638189,0.8115692538095772,1.3804833020981817
2005-11-28,0.6852535612616852,0.6735861892094621,0.8535101758545905,0.8034375133590286,1.3849472962735057
2005-11-29,0.6945543803815898,0.6697478317617419,0.8490660888499647,0.7993672137608335,1.3765171682914092
2005-11-30,0.696178619261223,0.6722549979946604,0.8487210746977704,0.7974243436432118,1.3753009834154184
2005-12-01,0.7090273983417176,0.6884104509622073,0.8611619984620968,0.8060850211973252,1.3715928340789698
2005-12-02,0.7051563347970519,0.6878963578001589,0.8588388075182747,0.8066860674933382,1.3669722608376957
2005-12-05,0.7060853288383198,0.6939910896657082,0.8690445022800655,0.8098422585390488,1.3673785890578578
2005-12-06,0.7045716974707137,0.6924380214442699,0.8721138766495002,0.8074525160035763,1.3647504636644996
2005-12-07,0.704436521690527,0.6938139690981417,0.8715211746112159,0.8054973659989073,1.3636785837028669
2005-12-08,0.7105983276917782,0.6978497696386625,0.8845227788488513,0.8167090573662997,1.352091125962373
2005-12-09,0.7123710025819201,0.6910219318290661,0.8849604717695588,0.8180180321971728,1.3600188069738643
2005-12-12,0.7126412634078817,0.6915271476487743,0.8944453075561287,0.8210140158449096,1.3429652836786496
2005-12-13,0.7116637549014068,0.7055599730178652,0.8958960466302471,0.818120516559287,1.3532406280478215
2005-12-14,0.712764870008005,0.7129996103968032,0.8997095392642702,0.8172034550281388,1.35591664470974
2005-12-15,0.7132194690284615,0.7132563320242046,0.8995646967736778,0.8165734180575644,1.356804321844899
2005-12-16,0.7172243879238412,0.7133068668165695,0.8999667206190657,0.819973373427569,1.351476067346071
2005-12-19,0.7185609924159665,0.7141329802354929,0.9004421714741716,0.8205653086125451,1.3501761473800777
2005-12-20,0.7206446331750592,0.7150048392748936,0.8994798069121983,0.8240230428440604,1.3470160364939425
2005-12-21,0.7247056611943771,0.7133835281626978,0.8950398291363669,0.8270025579476943,1.345594244720673
2005-12-22,0.7269383397563919,0.71795427730842,0.8972453052538242,0.8277647956875902,1.345847360935483
2005-12-23,0.7287817663279518,0.7215885994961367,0.9006969004966133,0.828017338570128,1.3428194301287235
2005-12-28,0.7307241849813816,0.7247380998689548,0.9022011897813041,0.8267584383695566,1.340015817026199
2005-12-29,0.7304921356294087,0.7239271269010111,0.9023790063687345,0.8244358139172365,1.3403094584375141
2005-12-30,0.731216119217211,0.724485999096297,0.9063706322073319,0.8252928492660111,1.3397568597217544
2006-01-03,0.7308971298336673,0.7241848613936016,0.9053460242372567,0.8242416108449377,1.3370359345763094
2006-01-04,0.727297853629867,0.7217599293817829,0.8979886325517371,0.8194779095778078,1.320113073632947
2006-01-05,0.7272284584190295,0.7212966348057125,0.8951491477469142,0.8171687459588325,1.3210894029459088
2006-01-06,0.727206765052888,0.7230265242920604,0.8864799633275466,0.8113765303203124,1.3206571961547262
2006-01-09,0.7248710269461052,0.7179611100750215,0.8831317334474472,0.8098854377724422,1.3042346110307372
2006-01-10,0.7233569060904294,0.7175335039899583,0.8818623834636734,0.8084226615203726,1.302472863171481
2006-01-11,0.726761067608312,0.7177206984926255,0.8826369288529937,0.8076546546763992,1.2982156429602008
2006-01-12,0.725729060488912,0.717323084948476,0.8817702063373013,0.8065927494753683,1.2963541788377753
2006-01-13,0.724699797373705,0.7171791814577368,0.8805010763562638,0.8049298361352742,1.2949091075562087
2006-01-16,0.7248819473541379,0.7192634244335762,0.8813597741225676,0.8062951986887664,1.295364585755316
2006-01-17,0.7192381153139957,0.7221853031153335,0.8820760288407227,0.8059055726021792,1.3063602400278904
2006-01-18,0.7202770671411678,0.7221157220932322,0.8834840902630893,0.8074996227515762,1.288917738820442
2006-01-19,0.7188811870678458,0.7297526363340183,0.8817674003345533,0.8039658747910181,1.2811914637443822
2006-01-20,0.7183256366592268,0.7322385319753041,0.8792281640581376,0.8046061688991472,1.2806218538048626
2006-01-23,0.7241156303829221,0.7299267356663669,0.8794334185540809,0.8063253613049652,1.2887241863911265
2006-01-24,0.7237231699683843,0.7293751535533604,0.8790894979669771,0.8056187592284291,1.283275327199853
2006-01-25,0.714781385408052,0.738019856856562,0.8749401880330535,0.7964731799985103,1.2853647687259568
2006-01-27,0.7109909626744289,0.7374049229629812,0.8685477320924611,0.7910424102240049,1.2714535243818608
2006-01-30,0.7135514837010586,0.7332179697343345,0.8649615488452227,0.7885121786605563,1.2689431972403922
2006-01-31,0.7113482090219853,0.7276258967729667,0.8650310722426281,0.7874122112380548,1.2636415449593073
2006-02-01,0.7060440567357468,0.7350906694760666,0.8708017275988581,0.7885505046935312,1.2286169835040817
2006-02-02,0.7107314688633303,0.7291275282032307,0.8751028116552064,0.7887221886850284,1.2245567670235324
2006-02-03,0.7105416417232202,0.7271236033983213,0.8707685296294458,0.7875617399865291,1.2354181223916183
2006-02-06,0.7071525217138308,0.7393097599622046,0.871959645808818,0.7917494969745321,1.251718781222893
2006-02-07,0.7058514275139076,0.7388023102080378,0.8728633795196854,0.7913813579475578,1.2505394490612731
2006-02-08,0.7086562957841062,0.7254228103623458,0.8662742556900636,0.7910114834412019,1.2465868918372358
2006-02-09,0.7014154174665536,0.7188065118086027,0.8674658648373672,0.7899031811213825,1.2475697799164824
2006-02-10,0.7002849008302722,0.7174482400636879,0.8665710330502326,0.7905830652142867,1.244485269572361
2006-02-13,0.6954708432881973,0.7159935682826934,0.8543243314039785,0.7775925065960522,1.2402754947217896
2006-02-14,0.7019116424468084,0.7267026620329766,0.8472385405176972,0.7821117825496419,1.2146537012975278
2006-02-15,0.6979892289751605,0.7240957376248828,0.8547872991396583,0.7838470940416788,1.2162725735988662
2006-02-16,0.7003343452404753,0.7240128637228008,0.8586726959796369,0.7845845305406929,1.228881234709474
2006-02-17,0.7009656238399666,0.7228351651453979,0.8604756966119914,0.7851959418668314,1.2321295882540348
2006-02-20,0.7175198114450129,0.7237483950699394,0.8581535815989095,0.7856295792908667,1.2261324172144334
2006-02-21,0.7178544887157285,0.7205879309306609,0.8614266817615623,0.7979419170555652,1.249236807124455
2006-02-22,0.7145774801098497,0.7161874772059543,0.8466499426268762,0.7934714180529141,1.229138529217284
2006-02-23,0.7116086786528809,0.7052378959186376,0.8412334151401722,0.789817689218524,1.2420692463317335
2006-02-24,0.7016712001766946,0.6992794467773888,0.8413868724702589,0.7835584433500922,1.2535371755410365
2006-02-27,0.7030405611783177,0.7155774599445055,0.8434080322129354,0.7878530491295865,1.2572201851816667
2006-02-28,0.7037319539444769,0.7128086366788794,0.8434097142867703,0.7888191024878833,1.2577509914600447
2006-03-01,0.725461342736856,0.7266173214524118,0.8519926893972216,0.7933710697266676,1.2890744437956643
2006-03-02,0.7302412538579094,0.7303572419031283,0.8436951230228394,0.7956877929905192,1.271393240961953
2006-03-03,0.7288001417410894,0.7308063056139429,0.8410509742880645,0.7944645633118907,1.2689060255295508
2006-03-06,0.7276503243450846,0.7335617356575377,0.8435398494601768,0.7966909006130934,1.2687325970791519
2006-03-07,0.728891257123736,0.7334706169040577,0.8455123566888387,0.7948237594464259,1.2739089941315838
2006-03-08,0.7268918284463358,0.7325618811124851,0.8428576512157718,0.7939840387407506,1.2757464277580617
2006-03-09,0.7207621312645592,0.734973230315421,0.8477655767508442,0.7923919071889881,1.284177992344094
2006-03-10,0.7178324767375155,0.7338458558639012,0.8463051584507506,0.7906769274595296,1.2810392794100145
2006-03-13,0.7185108491426343,0.7280078844408164,0.8397282491627228,0.7951700872019413,1.2815396729000292
2006-03-14,0.7166147841715154,0.730731879044096,0.8370059302231982,0.7988598015695965,1.2848827960032636
2006-03-15,0.7144038995718555,0.7257996643966947,0.8354513502094215,0.7973039969329274,1.2849604236729861
2006-03-16,0.7184433517928245,0.7180609390646849,0.8348424681223588,0.7931675567366852,1.2820009973023856
2006-03-17,0.7220183786576505,0.7214604768943685,0.8402163268636195,0.7986390367730465,1.2862346752022038
2006-03-20,0.721768456444139,0.7168074254258411,0.843086552420258,0.8029428396757055,1.2863192340404843
2006-03-21,0.7240874953994746,0.7200961885457073,0.8416368858927619,0.8024643074426135,1.290384062894866
2006-03-22,0.7091269602618931,0.7185630247692548,0.8343306114610416,0.797754748096821,1.2666486727346902
2006-03-23,0.7093069803012633,0.7241153218030557,0.8339759306638279,0.8034291338827805,1.2657239785452552
2006-03-24,0.7029506124530098,0.7220214995962128,0.8346925798978524,0.7979503839721469,1.2736575078334518
2006-03-27,0.7037688143543346,0.7237001483465053,0.8287137796952403,0.789248293588486,1.2971054072686687
2006-03-28,0.7047971693661758,0.7252587804165254,0.8312344080659668,0.7913041910885831,1.292981298840713
2006-03-29,0.7061422672298436,0.7235134041118882,0.834930405302591,0.7908534496441272,1.2939855031049703
2006-03-30,0.7076343356546366,0.7228768897361901,0.8361230284853364,0.793944783559588,1.2885661267545179
2006-03-31,0.7056393334205991,0.7224108669870836,0.8352813488350621,0.7933715989141568,1.286503242083686
2006-04-03,0.6956835648515228,0.7107960383039124,0.8387980898021526,0.7964840441380019,1.2797594318230463
2006-04-04,0.6967061228636883,0.7128535198300142,0.8370070401078991,0.8010848946208537,1.2714148428347898
2006-04-05,0.6979648899998591,0.7159812691471356,0.8407852538539744,0.8082027201817019,1.2907020555429645
2006-04-06,0.7023110385155025,0.7145563648502504,0.8300807501585634,0.803148871622899,1.2922221080452554
2006-04-07,0.7014081366117072,0.7127086343591025,0.8282135030110369,0.8009748325030019,1.2946623961749393
2006-04-10,0.7003156758867247,0.7138607492462438,0.8293187023639795,0.8024684421747591,1.2912550834625667
2006-04-11,0.6964868210038648,0.7103524002648035,0.8318150654135938,0.8024185688486285,1.275941900728722
2006-04-12,0.7096642385678759,0.7271978638725115,0.8293838607792008,0.7988127130124137,1.2667417052283076
2006-04-13,0.7206588896880153,0.7230021329077351,0.8204146007128561,0.8043148634392091,1.2895798890492842
2006-04-18,0.7389749106734566,0.7226190565672348,0.8172732132488821,0.8102758843160757,1.267534483714527
2006-04-19,0.7381080442250958,0.7257933476511538,0.8158819057267095,0.8091558686025205,1.2697972902227646
2006-04-20,0.7397110827455426,0.727416608518262,0.8173258783137143,0.8095918672113805,1.2665413987913665
2006-04-21,0.7350037271968871,0.7300460261294737,0.8126713534588789,0.8076632077950557,1.2570972112452605
2006-04-24,0.7340684559223526,0.7260848858066373,0.812542088158797,0.8088951716030917,1.258872055894433
2006-04-26,0.7373244815206976,0.7371833203256032,0.8223961850005023,0.8166776018747411,1.25078567108498
2006-04-27,0.7388653193766468,0.7376655996630666,0.8234545404783923,0.8182147906674191,1.2434568326861322
2006-04-28,0.7254850255274337,0.7335282160508386,0.8225606617349714,0.814239404311438,1.248377485669917
2006-05-01,0.7242944692163461,0.7273534119786214,0.8246217919144591,0.8124740729621353,1.2293390418932613
2006-05-02,0.7327658702751766,0.7355328460352002,0.8281865784676322,0.81408194346159,1.2356119543444413
2006-05-03,0.7340983451582044,0.7347246805658901,0.8132542515439197,0.8104053483582216,1.2394193812671133
2006-05-04,0.7417051081837269,0.7450226938183337,0.8347468521327669,0.8206284179631933,1.2211956448731653
2006-05-05,0.7356726525785318,0.7362131820012764,0.8207573597255917,0.8157816705379751,1.210723772120191
2006-05-08,0.7322529957044605,0.7485662112309699,0.8205868698901887,0.8170058523460957,1.1989087071100748
2006-05-09,0.7334722096347449,0.7534436994258634,0.8207179048665746,0.8160016509479041,1.1962593962807166
2006-05-10,0.7343878447791503,0.7455197010116318,0.8179830518023338,0.8162221811988178,1.197353341549467
2006-05-11,0.7323042640355618,0.7419443367774069,0.8116172218049806,0.8116586982723409,1.1922016856888014
2006-05-12,0.7322088257286108,0.7464975493199194,0.8157564035825977,0.8088276661738721,1.198932369583153
2006-05-15,0.7177908820121537,0.73231755517243,0.8108163486465574,0.7867998403040877,1.1993362475741272
2006-05-16,0.7132124868634607,0.7336798625495143,0.8062543616942153,0.7838611321501864,1.21196096458897
2006-05-17,0.7150308982519608,0.7342599906335944,0.8059129072952272,0.7797667470021912,1.2041204178184786
2006-05-18,0.7060102927837983,0.744963200778959,0.8030230523442009,0.802274163982223,1.2152626265746347
2006-05-19,0.7088429068165997,0.7456647455402797,0.8038511467193697,0.8036532692410897,1.2152571487992088
2006-05-22,0.6868522650398604,0.7352354942197475,0.7970912965218616,0.7999940036039401,1.2421947101427566
2006-05-23,0.6984561090372197,0.7350290874425466,0.7969505869808279,0.7971031513306673,1.2439321685492948
2006-05-24,0.6944096955770992,0.7307278760670614,0.7937387858022485,0.8000498980030404,1.2480207621916544
2006-05-25,0.6912689453696209,0.7328473168227262,0.7977867243372517,0.798890854894021,1.2337498052287308
2006-05-26,0.6920096832357809,0.7397995707921151,0.8117898064874912,0.8014662585729629,1.2421024232795606
2006-05-29,0.6872956963780187,0.7436297718669095,0.8074458883648135,0.799450940480978,1.2303405366569788
2006-05-30,0.6827611071874167,0.7380796229749939,0.8003688401390602,0.7887250489452083,1.2242016969544232
2006-05-31,0.6921049067776899,0.7636590899451282,0.8021638530775879,0.7800519326219117,1.2261636405401422
2006-06-01,0.6983824265370263,0.7848078270554028,0.79938310134295,0.7789057276496472,1.2172050132367218
2006-06-02,0.7004278618305861,0.7955144901471887,0.8055177091218217,0.7796014054685902,1.2137488520673112
2006-06-05,0.6966821383303468,0.7942475000715358,0.7812353199810558,0.7784401744974258,1.220947255747001
2006-06-06,0.7112358964415766,0.8346688409840493,0.773677363694706,0.7852519703030935,1.2188585954802682
2006-06-07,0.7099311289388197,0.8332169392028693,0.7712557038120759,0.7846688800220728,1.220289174261403
2006-06-08,0.7211165958261069,0.8477208267516609,0.7662412649231106,0.7940603978723985,1.2472008837897084
2006-06-09,0.7336906430457475,0.8630130025378232,0.7778580064678401,0.8083931894068462,1.2512143780305622
2006-06-13,0.7367971469739739,0.8678316597425987,0.7790285469868659,0.8172157204907696,1.2879226670707422
2006-06-14,0.7399771897223385,0.8688785182557186,0.7753270062322397,0.8136888863938857,1.2959037346095383
2006-06-15,0.7399367712853595,0.8684497462509092,0.7740425019364742,0.8115263124490788,1.2962470484418018
2006-06-16,0.7372711432701828,0.8670307967499427,0.763845759700161,0.8018919021386574,1.3187142429660172
2006-06-19,0.7373474019151831,0.8656865141174851,0.7578218727779575,0.7992553140576754,1.3129901961892536
2006-06-20,0.7428768586748103,0.8741251243947512,0.7547535864672814,0.7938177181401018,1.3067731449770423
2006-06-21,0.753006564130566,0.8816702511041536,0.7535563258833595,0.7906194053248258,1.3103763530286991
2006-06-22,0.7718603802621629,0.8900954372473447,0.7628079524557282,0.8114425519794641,1.3326519674951505
2006-06-23,0.7625954499976434,0.8883938813321121,0.7570428424529819,0.8144769198246374,1.3334275377552167
2006-06-26,0.7616583271261701,0.8886562965598241,0.75635693196551,0.8141140194354272,1.3341182282597936
2006-06-27,0.7660211317128233,0.8823868561508799,0.7486634246274838,0.8130426572270345,1.3308795869878205
2006-06-28,0.7642296622920763,0.8750550499942126,0.7430469293238089,0.8140110025478298,1.336337043595544
2006-06-29,0.7665647223401196,0.8770442799031757,0.747478380477029,0.815646764267014,1.346126131766047
2006-06-30,0.765713096520173,0.8732154201101762,0.7543308549138418,0.817915205647233,1.3157792690071293
2006-07-03,0.7664670038474753,0.8746421188437548,0.7547060494755353,0.818539612375065,1.3170113238439758
2006-07-04,0.7671683298887918,0.8746628796776025,0.7562241346551147,0.8192528772508221,1.3139379974144372
2006-07-05,0.7667832267050388,0.8716559100259405,0.7555150191291335,0.8177587995655066,1.319520487186725
2006-07-06,0.7687391265514664,0.8740120536690533,0.7516297347340907,0.8129265896522849,1.309632358374187
2006-07-07,0.7678286018061036,0.8744508796094117,0.7503989834711348,0.8126717559869868,1.3096505241213572
2006-07-10,0.7668757373918452,0.8758868240235544,0.7529915938791172,0.8195948213541112,1.3150781564943124
2006-07-11,0.7682897354266146,0.8803909079147852,0.7590620317243728,0.8195103997188546,1.31437776255371
2006-07-12,0.7648333521921346,0.879903355145206,0.7546515930204865,0.8163184239947108,1.3144936438491415
2006-07-13,0.7641277197032997,0.8825988840207655,0.7593229594716023,0.8196099650365309,1.310999438668258
2006-07-14,0.7716137645147738,0.8917266998497455,0.7418250763922225,0.8371517496475724,1.3171428358605821
2006-07-17,0.7720109748678795,0.8918929519064439,0.7427138536636435,0.8392566377194854,1.3189599899771471
2006-07-18,0.7728466516573836,0.8939646633988828,0.7458483503581651,0.8409078297642564,1.313191678143975
2006-07-19,0.776213655188403,0.8945980325493748,0.7437707797775951,0.8437394417110307,1.3188897220893072
2006-07-20,0.7886890049760621,0.9037057126818842,0.7718163220762374,0.8550974068089237,1.297152225072569
2006-07-21,0.7874102845624619,0.9012274366203344,0.763759142470619,0.8518178319748082,1.3047879749508755
2006-07-24,0.7851029578649841,0.9007664746438567,0.7636576854447211,0.8511002055387576,1.2967317064368526
2006-07-25,0.7849099484080512,0.906636294327267,0.7662396306810733,0.851225970385921,1.2935994743314594
2006-07-26,0.7845479075068874,0.9049105138534982,0.7697053613308826,0.8532607951389891,1.3065548190548344
2006-07-27,0.790366457537123,0.9096537539203676,0.7700004993068513,0.8478052379804499,1.3189333946691006
2006-07-28,0.7926570715811146,0.908033408445179,0.7776432805919019,0.8521792489954897,1.3303025077571407
2006-07-31,0.7918755629918303,0.9077805624681772,0.7765300000863308,0.8515579697215826,1.3321864440720743
2006-08-01,0.7916421208407741,0.9079271421536728,0.7763801204236619,0.8508628522810416,1.33136397026676
2006-08-02,0.7854376321953805,0.9050113098485538,0.7734771726715047,0.847390481246799,1.3284918962293626
2006-08-03,0.7900461550970711,0.9038622823017582,0.7756041533780058,0.8439391621381671,1.313585026375171
2006-08-04,0.7873890850618438,0.9037693038424098,0.7715671351751823,0.8424019253667896,1.3151653981784934
2006-08-07,0.7832064732292773,0.9030726285515579,0.7716671993744502,0.8416454766517556,1.3152065580610508
2006-08-08,0.785736151300126,0.9051699580068266,0.7758870514910375,0.846537037711478,1.3149960036591268
2006-08-09,0.7884154167863817,0.9040396309660206,0.7714455096424051,0.839567330754453,1.313470016593732
2006-08-10,0.7942025547939979,0.9021028998276045,0.7695928010081099,0.8371928107889067,1.313747100490885
2006-08-11,0.7949751182288333,0.9029368405954405,0.7699446429193709,0.836663594207779,1.3126940955459938
2006-08-14,0.8003766390281289,0.9032347839796849,0.7704973141944247,0.836118969865365,1.3169681345051623
2006-08-15,0.7959416733506613,0.9011563077805265,0.7665743826235978,0.8314180093345588,1.3193466469484132
2006-08-16,0.7990890375602585,0.904309808748767,0.7701318071422564,0.8351858565110495,1.3180483774025198
2006-08-17,0.7584378436239874,0.8907586590888159,0.7621494766249246,0.8251993992874678,1.3065501006639366
2006-08-18,0.7599962759224432,0.8923466925646633,0.7635366729713075,0.8246361030873844,1.3062891233192038
2006-08-21,0.7614984353539712,0.8973960155674723,0.7650971261548454,0.8305500165290831,1.3097903719343515
2006-08-22,0.7607914365051118,0.8956457122140508,0.7625823354534264,0.8279554793421272,1.3099006824773776
2006-08-23,0.7583356822702342,0.8984961178992426,0.7648869343308031,0.8282159972633898,1.3094725116208041
2006-08-24,0.7710460635501211,0.9050545130705104,0.764722755918735,0.8339673748634057,1.2796749636171838
2006-08-25,0.7673021296254083,0.9033559120513642,0.7704697445665051,0.8363737404132737,1.2795711715327343
2006-08-28,0.7661331651714589,0.8976366316373156,0.7693486472359965,0.835034753171401,1.275757711233255
2006-08-29,0.7699522694428854,0.9002382964606053,0.7707372428955375,0.8366319516027776,1.2718416125382768
2006-08-30,0.7693932431047873,0.8998412794939773,0.7701254644263845,0.8363069451821287,1.2712507612974149
2006-08-31,0.7696982281297731,0.9070328606741678,0.7671419542365226,0.840795285287767,1.2541889154726846
2006-09-01,0.7671828231327024,0.9082247982715221,0.7684254262488479,0.8378371834169465,1.2560877594078412
2006-09-04,0.7696743585384319,0.9103457075144246,0.771054630516678,0.8407546526669265,1.2537727180429943
2006-09-05,0.7687260699669174,0.9112201974598703,0.7709842431005187,0.840702129434343,1.2534627310607536
2006-09-06,0.770213948186252,0.9127928877940307,0.7701288800749644,0.839617357943339,1.257523000785513
2006-09-07,0.7704261741632956,0.9145321071298663,0.7709763871302349,0.8414204537463695,1.258894117068858
2006-09-08,0.7696927179334937,0.9141878586943772,0.7703243807652378,0.8403151985196288,1.2561297707101837
2006-09-11,0.7723546543664117,0.9103892973000633,0.7652769624450017,0.8370663655852677,1.2524610218358454
2006-09-12,0.7630066330452201,0.9003491508802556,0.7612470054555898,0.8327207787663269,1.2463193576615583
2006-09-13,0.7601967131238894,0.8993361423489815,0.7564993458293602,0.8274299381654259,1.247059502851086
2006-09-14,0.7584323680894167,0.897786522945663,0.7554347611465716,0.8246656287913221,1.2418344483148445
2006-09-15,0.7604548324565173,0.8982776480379064,0.7599806258851922,0.8213775147187914,1.2396769530785396
2006-09-18,0.7622812685777586,0.9015554687479854,0.7558773458878022,0.8208140888277258,1.239371019066512
2006-09-19,0.7626061579029086,0.8973762675248863,0.7561580002672629,0.8222103401351206,1.230493283602512
2006-09-20,0.7714433372838699,0.8994219558958308,0.7579080916931257,0.8282847863310326,1.2152293799045026
2006-09-21,0.7721602219795046,0.9003190309596603,0.7588624846995476,0.8292565895736433,1.212778693032304
2006-09-22,0.7728062357627018,0.9009550454675462,0.7599193868166398,0.8306932941420039,1.2113782127080286
2006-09-25,0.7734196699691226,0.8973762212258628,0.7579604610533877,0.8226747046285113,1.1835417327140632
2006-09-26,0.7732262295493986,0.8966630740698252,0.7574203782238976,0.8222494652038512,1.1829665095695916
2006-09-27,0.7659818776049643,0.8854473558504392,0.7614524251882332,0.8325109008686148,1.1765419611373418
2006-09-28,0.7662268075327585,0.8874321021753527,0.7614149061630981,0.8322485045223136,1.174347843327928
2006-09-29,0.7674599403542741,0.8844562254921818,0.760241637355465,0.8281676080870523,1.1686748410862704
2006-10-02,0.7672036691427658,0.8840563432224563,0.7604484967394963,0.8280176740965447,1.168410055244774
2006-10-03,0.7673955891805109,0.884167035733898,0.7605358467553207,0.8281596245314683,1.1684484507063553
2006-10-04,0.7738740549421321,0.8862587608782634,0.7535499188936315,0.8154581524094504,1.148877350715638
2006-10-05,0.7893640523095848,0.8938146924929481,0.767454922217352,0.8294581751585599,1.1199127376091833
2006-10-06,0.7886100896608375,0.8938571305086086,0.7658352044441209,0.8285392680328023,1.1200430112058615
2006-10-09,0.788737154909558,0.8975149480437146,0.7673297167747248,0.8278067940904418,1.1169935015739632
2006-10-10,0.7842302024615537,0.8951649010447306,0.7654802749013999,0.8209907657512311,1.115194331927738
2006-10-11,0.7837520163546219,0.8946599751079198,0.7629131446028359,0.8187296465961156,1.1187474193813354
2006-10-12,0.7862976081641688,0.8948513894532745,0.7643053764370453,0.8168351994027095,1.1104443481875883
2006-10-13,0.7868040739089752,0.897048980796949,0.7631432010083898,0.8147262615739281,1.103636768213545
2006-10-16,0.7859800281827448,0.8947617899183702,0.7586059417635729,0.8108407565684499,1.1116863251998261
2006-10-17,0.788809268111083,0.8977367068765084,0.7658493061746944,0.8134341808770394,1.0901042857962844
2006-10-18,0.7858205081776758,0.9000144412627294,0.7709381370256376,0.8176725874209255,1.0721467718482964
2006-10-19,0.7876427001306273,0.900150620694156,0.7653870385997258,0.8149033950251134,1.0701353868320271
2006-10-20,0.7905758548746742,0.8982375597688157,0.767508794377285,0.8127203225776503,1.0738125591760415
2006-10-23,0.7903531034529441,0.8985198190873672,0.7668925171339284,0.8139323874353467,1.0759611715979729
2006-10-24,0.7899859190370591,0.8972973485343803,0.7730707395866848,0.8237046050185378,1.0696106404642642
2006-10-25,0.791927271928304,0.895075722534419,0.76988836947405,0.82433101483689,1.0720476720597236
2006-10-26,0.7960474469417953,0.8994876264948272,0.7727154519337844,0.8259474295439801,1.0694361480780907
2006-10-27,0.801520164106587,0.8966348064450572,0.7771318277435945,0.8236593253918219,1.0572973524226421
2006-10-30,0.8000506973995535,0.8990210536399927,0.7712648770185682,0.81876874001263,1.0573271208624606
2006-10-31,0.7975507658160772,0.8988182471837072,0.7727950208226342,0.8161638101337658,1.0537147368600446
2006-11-01,0.7973571709928704,0.898766386738835,0.7719602338645377,0.817552386510087,1.0495310734036822
2006-11-03,0.7966805778305328,0.9028822320705046,0.7572909638695354,0.8259342473808965,1.0510272631607236
2006-11-06,0.7965273910489292,0.9029035763904251,0.7579689255782672,0.8246530499854119,1.051825814666067
2006-11-07,0.7955953736467064,0.9056273838415569,0.7589215566941641,0.8278811732961565,1.0568424244613055
2006-11-08,0.7919592507662808,0.9063635445260625,0.7541877985205874,0.821317608336615,1.0557327518252504
2006-11-09,0.7973286945184386,0.9048570304095668,0.7523980562893574,0.8264869483648051,1.0566763356534294
2006-11-10,0.7985905910394374,0.9088993038556538,0.7495782100576353,0.8311022242281998,1.0553618266114198
2006-11-13,0.7907843220023649,0.8965122253169784,0.7423398576071398,0.8340857204670067,1.045514489386916
2006-11-14,0.7921520218088967,0.8921988103337332,0.7472783398088835,0.8357706356915319,1.0502741829007782
2006-11-15,0.7934776710081088,0.8929164983618757,0.7496742332622696,0.8360964360650359,1.0474100942155555
2006-11-16,0.7906754904452601,0.8943791391390825,0.7323819365651377,0.8342702267438052,1.041585216471724
2006-11-17,0.7893181411283718,0.8960151368921238,0.7312228303726844,0.8313805007353972,1.0409443426813425
2006-11-20,0.7979428416386142,0.9155887298321891,0.7695049930860389,0.8429914690067617,1.0375169647839737
2006-11-21,0.7948999575519224,0.9205389112181621,0.764122199524056,0.8397282764672851,1.032698899111856
2006-11-22,0.791558530513372,0.9153135780343752,0.7611279695225226,0.8316739793899353,1.0230267131862711
2006-11-23,0.7930417942648894,0.9141952187111682,0.7641864832718561,0.8331671320634787,1.0217009243585082
2006-11-24,0.7926765231261188,0.9151010667178323,0.7634329309049348,0.833287227005975,1.029904162203861
2006-11-27,0.7929712616986294,0.9147463155052377,0.7626444307637272,0.8330381052665325,1.0302227650747917
2006-11-28,0.7967057200709089,0.9125532847820224,0.7669122764862494,0.8350644254641731,1.0360196404645732
2006-11-29,0.79643816997856,0.9243762505822616,0.7774951132924564,0.8438101781142006,1.0393510422334948
2006-11-30,0.795057873935847,0.9233575266808018,0.7776665189903922,0.8449396620587395,1.0403889614711175
2006-12-01,0.7897092791041449,0.9209219005426932,0.7779752548897121,0.8420751019649844,1.0446951157890958
2006-12-04,0.792332077090773,0.9220672135472265,0.779353237522814,0.8405828785455624,1.0465536125105286
2006-12-05,0.7925984405380613,0.9220192553675145,0.7795487610558034,0.8406973060308304,1.0465959176288968
2006-12-06,0.7904473920775217,0.9245777069602283,0.7789897262680724,0.8431857781302222,1.046647214012732
2006-12-07,0.7906555405711665,0.9243726310653992,0.7783066858134906,0.8437298862902792,1.0462106619386458
2006-12-08,0.7880580532914605,0.9261013343653499,0.7724325997979326,0.8385818535279587,1.0517865830141464
2006-12-11,0.7910699492860764,0.9246346345644794,0.7740302549002297,0.8401940637775954,1.0558726172043174
2006-12-12,0.7893615255483847,0.9240213030258058,0.767615397270182,0.837744260670888,1.0648977635056556
2006-12-13,0.7904371571331817,0.9212345810754785,0.7666643759955122,0.8371938113307066,1.0604677362597312
2006-12-14,0.792153441663495,0.9197298595156851,0.75949455264815,0.8364024487420507,1.059384150582064
2006-12-15,0.7918674162944696,0.9199655959883852,0.7598963851365169,0.8369779650784718,1.0585358759572507
2006-12-18,0.7918021464680245,0.9210630506563083,0.7595120716007994,0.8359630273988667,1.0602962411248849
2006-12-19,0.7932140489371448,0.9211056376874373,0.7568008845996198,0.8350995549249853,1.060318190118468
2006-12-20,0.7981146119624571,0.9205763149880003,0.7564949721879041,0.8301844196532431,1.0635203373198432
2006-12-21,0.7964839926614844,0.9198690064724617,0.7576287905697143,0.8277954403955081,1.0621653349571445
2006-12-22,0.7953058987841478,0.9179129607647747,0.7579125034269952,0.8277573712926802,1.0619398439150758
2006-12-27,0.7963042919480046,0.9132354380351976,0.7550427739445175,0.8258074662803109,1.068113068389578
2006-12-28,0.7951885779796402,0.9117665874349743,0.7525708968119108,0.8252525515453587,1.0687065842828964
2006-12-29,0.7952603491604344,0.9121321193463106,0.7531467558628164,0.8263524786783081,1.0694798579125506
2007-01-02,0.794771908475175,0.911588856307584,0.751856619071964,0.8258735089825666,1.069735338316025
2007-01-03,0.794842605640401,0.912284580054586,0.7525531702171876,0.825024648746896,1.0719200444333346
2007-01-04,0.7999276101585441,0.9158792234845116,0.7502029990722808,0.8176525311585683,1.084997649368706
2007-01-05,0.8009428185900702,0.9162533546653366,0.7518566698359875,0.8198700062254354,1.0845491064254067
2007-01-08,0.7956369023849447,0.9128137214143693,0.7559325816434269,0.8268796353470537,1.0972487167738911
2007-01-09,0.8001645834378137,0.9171654969928119,0.765884352409908,0.8220557785747524,1.0969579890561483
2007-01-10,0.8042763105333031,0.9228910868070839,0.7668260451739923,0.8178091666120499,1.0896497273954637
2007-01-11,0.7985529378986742,0.9219500008145342,0.767918249172057,0.8203019555435607,1.0899977213740275
2007-01-12,0.8012488437884647,0.9226148210808702,0.7668334359803756,0.81702881589299,1.1013982519357617
2007-01-15,0.8016054508791022,0.920746026366081,0.7652003312253839,0.8163606709149934,1.1001648783741464
2007-01-16,0.8017691233209978,0.920732311016285,0.7656037902497994,0.8165232057452956,1.100718446005426
2007-01-17,0.8045303627664766,0.9229614089838655,0.7655543731132938,0.8174664191939228,1.0977448911198269
2007-01-18,0.8063537086703989,0.9258850021506185,0.763446822623403,0.8191405582564752,1.1049351075153568
2007-01-19,0.8094878738053276,0.9236255672293925,0.7638677368858666,0.820391253096593,1.1051480490260321
2007-01-22,0.8084003652174166,0.9206314579067404,0.7684819915183773,0.8217059191608086,1.1091448782400328
2007-01-23,0.805646132593076,0.9222493302209946,0.7682837042942227,0.820931754938066,1.1040819838943197
2007-01-24,0.8057519363999642,0.9205040132917407,0.7672796267582257,0.8208132232817125,1.1053634308507247
2007-01-25,0.8051953380750838,0.918893714278681,0.764782489111687,0.8190920794842287,1.109576704249565
2007-01-29,0.8092297956514544,0.9227498811761563,0.7663733861448566,0.8215270180959473,1.1145813500803712
2007-01-30,0.8087536335092544,0.9236595022288546,0.7650255361902428,0.8245494559139982,1.1159729985585145
2007-01-31,0.8102869374164884,0.9226477757562538,0.763026383845598,0.8274104100471502,1.116693314240542
2007-02-01,0.8123204048344822,0.9195302742540421,0.763199253032199,0.8281462291419195,1.1425436394773192
2007-02-02,0.810214723863504,0.923676135747493,0.7604418359496355,0.8281540598855506,1.145443284389336
2007-02-05,0.8099785963283461,0.925022243473889,0.762769624110237,0.8279617658732311,1.1389199324330275
2007-02-06,0.8126553745021814,0.9243659502324101,0.764534291304343,0.8311861860258187,1.1141244393541008
2007-02-07,0.8117993899164193,0.9223971836510566,0.7633451916292164,0.8297340609451143,1.1144836261218813
2007-02-08,0.8174365138449277,0.9327137694432127,0.7680177539488462,0.8329954874685247,1.1133632829773117
2007-02-09,0.8223731312692275,0.937346708508593,0.7658566280588607,0.8335611383167213,1.11171218149553
2007-02-12,0.8223557798754827,0.9379119927257751,0.7663674337362788,0.833457704062576,1.1136030196525077
2007-02-13,0.8234322908350556,0.9383971601088061,0.7718389093429493,0.8358995278960765,1.1140580240621
2007-02-14,0.819518683492792,0.9321129058759621,0.7733861313428207,0.8322097353351001,1.1258771232780682
2007-02-15,0.8224370855831085,0.9335081650121627,0.7691175257659334,0.8304551650288958,1.1247147389113399
2007-02-16,0.8240273457676233,0.9386324320578279,0.7705914382629114,0.8344264284026561,1.113148996437174
2007-02-19,0.8336385372941139,0.9402392378515645,0.7716599344932041,0.8385842013052133,1.111613916843801
2007-02-20,0.8237548977064822,0.9406127245126132,0.7723168359737677,0.8388097951734655,1.1143501603485364
2007-02-21,0.8332571141642792,0.943725182501118,0.7717802903151353,0.8345308131413754,1.1000086345564704
2007-02-22,0.8357988739591024,0.9493167616777455,0.7810922353062637,0.8379377363747027,1.097318179535078
2007-02-23,0.8367493908439089,0.9493492264218435,0.7805037714474167,0.837692795380514,1.0988818178119677
2007-02-26,0.8393892994308633,0.9517335822966734,0.7820484110540854,0.8391736436708487,1.0960822334455562
2007-02-27,0.8416762903909285,0.9499403888696151,0.7810120847802855,0.8432993952492059,1.1007258056055955
2007-02-28,0.8290242523102682,0.9234178604801001,0.780334427133284,0.8307373427792266,1.1563823582375579
2007-03-01,0.8188945707424382,0.9194264942915763,0.7783138269120842,0.828847301461285,1.1321835552200576
2007-03-02,0.8154497278743541,0.9174723804697485,0.7808678344877655,0.828758259074397,1.133878498184883
2007-03-05,0.8075801739182,0.905337227102016,0.7702678595753952,0.8258901679484666,1.1620937477426685
2007-03-06,0.8076230844643172,0.9049383495667503,0.7797405947765922,0.8308741216126381,1.1650285603777093
2007-03-07,0.806117840567834,0.8999232399084962,0.7798338822665157,0.8302114786742293,1.1628138062785087
2007-03-08,0.8066790749643651,0.8998047393103148,0.7810026753928498,0.8309841136747089,1.161198547525688
2007-03-09,0.8073227344850038,0.8997260110733778,0.7788063382640006,0.830208815774596,1.1572724207536098
2007-03-12,0.80561133246064,0.9006220995458102,0.7772300693847741,0.8255069414485345,1.1582154538326457
2007-03-13,0.8067516090612252,0.9068956250623413,0.7805234497748315,0.8247095447831636,1.1638577390068712
2007-03-14,0.7886262541536537,0.8841386000001816,0.7657132086721813,0.8048449466053685,1.1731293493330124
2007-03-15,0.7730952363308548,0.8791000404135301,0.746822611360414,0.7925404263870698,1.1784790283502211
2007-03-16,0.774077614965403,0.8833576332626606,0.7459816006289468,0.7931251659314827,1.181661515178616
2007-03-19,0.7746923052102067,0.8812884601629255,0.7428941924987188,0.7913944115416577,1.1791663206536376
2007-03-20,0.7749598553789973,0.884952463891448,0.7428205445173526,0.7905482490791413,1.1794245124966263
2007-03-21,0.7740104273172006,0.8856851230053815,0.7420757278382625,0.7902844261802908,1.1787097518254432
2007-03-22,0.7720999741196932,0.8842962031837405,0.7463796697020034,0.7925156834990629,1.184770499799146
2007-03-23,0.7719546966606434,0.8830769687920473,0.7469150385757554,0.7913573268323628,1.184534196161359
2007-03-26,0.7714579855825482,0.8832024088439847,0.7467219813518715,0.7897895097061268,1.1838634956228662
2007-03-27,0.7718461671666077,0.8842591387594021,0.7520244615693255,0.7934984060838681,1.1703013504266118
2007-03-28,0.7723742119536348,0.8854241645404921,0.7516948448556795,0.7944514399043406,1.1692905933468223
2007-03-29,0.7720686267333742,0.8839951607186776,0.7554231318214776,0.7978801183304292,1.168266577932764
2007-03-30,0.7720688429940206,0.8853407530920399,0.7537614332070464,0.7937134169074591,1.1687466218587392
2007-04-02,0.7749131609614404,0.8841431904672764,0.7588349325166351,0.7937340241942548,1.1748240234937704
2007-04-03,0.7818812200947312,0.8941194768313342,0.7519686404598132,0.7892231350628939,1.17827024248042
2007-04-04,0.7824894401288327,0.8930782062238332,0.7472956351329308,0.7839211948393809,1.1846805022342854
2007-04-05,0.7781560480903457,0.8898822021313265,0.7468866018572811,0.7822623076397484,1.1776613195625105
2007-04-10,0.7752948091556807,0.8968395540992917,0.7537965370342515,0.7875328265003527,1.184083398234777
2007-04-11,0.7758421994419564,0.8973804141074823,0.7547497319022749,0.7877809155233793,1.1839085510984129
2007-04-12,0.7763159293162837,0.8968034123300722,0.7545104977289573,0.7877766995020253,1.1858217844435799
2007-04-13,0.7735243686892377,0.898189991836683,0.7521258585168731,0.7840240959546654,1.1887314928814632
2007-04-16,0.773205939977479,0.9020368630555032,0.7571499559755228,0.7921679856354712,1.1904081435937308
2007-04-17,0.7716745897005631,0.9018730227733754,0.7551599215546163,0.791110106781456,1.1901393839020247
2007-04-18,0.7693908444016334,0.906428796746473,0.7613017385645504,0.7933632115188051,1.1975681202914976
2007-04-19,0.7713469413644566,0.9075754834557169,0.7648702677901418,0.7956246525926749,1.194321752761005
2007-04-20,0.7727827418690106,0.9076357307101816,0.7651261914231424,0.7969624028244611,1.1964639142647688
2007-04-23,0.7731972905379185,0.9078664586521146,0.7679465874193262,0.799900304713581,1.1978365445363675
2007-04-24,0.7733832241975437,0.9099466902216486,0.7688039018379133,0.7983887674692682,1.1973442403293642
2007-04-26,0.7717687032347609,0.9043455703234531,0.7673598223214532,0.7961600151180984,1.2013260840398077
2007-04-27,0.7697773813273294,0.9029437543413481,0.7719568118045386,0.8021561133822306,1.213175532641158
2007-04-30,0.7724641825677415,0.902654498552521,0.774297078933315,0.8024576417843526,1.2174539331689505
2007-05-01,0.7745608352908423,0.9056082215500842,0.7733378199722539,0.8025819156264493,1.2276583709966513
2007-05-02,0.7761761799557382,0.9091650678643253,0.7742877538995654,0.8040649010519046,1.2267636522599243
2007-05-03,0.7761864442419,0.9091268690210086,0.7737664695386846,0.8040572227883525,1.227067244376864
2007-05-04,0.7732212831190112,0.9036051985396653,0.7605225972564975,0.7957414967056915,1.238089514761389
2007-05-07,0.7744346653585438,0.9118457179250091,0.7644332606318304,0.7941908371329018,1.2355400325232102
2007-05-08,0.7774911972681678,0.905680229829754,0.7663353203249875,0.7937110032833198,1.2415964818232217
2007-05-09,0.7771560796759743,0.9026985313727852,0.7645489122447403,0.7936047359085502,1.2380828255272929
2007-05-10,0.7777922255055383,0.9053938283710663,0.7657425926924749,0.7934720144045828,1.2375651805725807
2007-05-11,0.778690507489982,0.9081645755959923,0.7629789775054552,0.7961189914772319,1.2397131556339938
2007-05-14,0.7800097930329744,0.9065409846559257,0.7659736076600215,0.8061971173808938,1.2402075177904448
2007-05-15,0.7868776531527997,0.9242610011987932,0.7643609389846436,0.819906434009586,1.2463446265429523
2007-05-16,0.7880901068697795,0.924805706200281,0.766271205611836,0.8217651587716822,1.2466938652674875
2007-05-17,0.789507171080117,0.9259929413212996,0.7718331151954634,0.8202354632629367,1.2632478854096627
2007-05-18,0.7913786837405168,0.9219854389287734,0.7678587019900306,0.8094457445443759,1.262291336795003
2007-05-21,0.7938565073420475,0.9190071992581385,0.7551720880429054,0.8063315600955457,1.266513090569174
2007-05-22,0.8010055356383643,0.9261495378777148,0.7596358375557434,0.8134250199424226,1.2601574576855992
2007-05-23,0.8002066850990374,0.9264546461277933,0.7597663925163308,0.8152712084099414,1.2553821911553846
2007-05-24,0.8021458469148924,0.9281559836424211,0.76176502692136,0.8163452716013135,1.2533059199101475
2007-05-25,0.8010933980012139,0.9293077187557279,0.7602518802534354,0.8183874238950558,1.267516777862898
2007-05-28,0.8037222303216244,0.9291245277813431,0.7534168010633263,0.8181238434364126,1.26377023528038
2007-05-29,0.8089753683735867,0.929424973508249,0.7568641382878926,0.8172290162293804,1.2714112514835372
2007-05-30,0.8143252579490693,0.9277602565454868,0.7599157937013555,0.8192424379843983,1.2730381091275438
2007-05-31,0.8033386803562947,0.9099860474688705,0.7509826970515443,0.8154692315741561,1.2607432665106104
2007-06-01,0.7987446373548893,0.9089561268220735,0.755772408350096,0.8190566839047995,1.2629673673246065
2007-06-04,0.7967764469143527,0.8942911025231729,0.7506352619305902,0.8202318484105336,1.2612970464477526
2007-06-05,0.8007441154061157,0.8964509650403518,0.7667850331059046,0.820343139982591,1.2580191716066709
2007-06-06,0.7923422790468492,0.871130373525418,0.7721339996198492,0.8146449243741486,1.2569980313104354
2007-06-07,0.7914483121156608,0.8715858264461014,0.7727719525317055,0.8114345687154628,1.2587801459953827
2007-06-08,0.7856668549023039,0.8675271565023182,0.7736905556305783,0.8079292402916298,1.244663848307825
2007-06-12,0.7772000394255246,0.8573276252592887,0.7653807821722194,0.7978128881333528,1.2391002293732958
2007-06-13,0.7712156215345985,0.8513381794738606,0.7647401947942235,0.7941445684170984,1.207514951424373
2007-06-14,0.7674551292542665,0.8431134985723066,0.7593084526138234,0.7919617604189293,1.2141791488331068
2007-06-15,0.7699232253447208,0.8445231191808595,0.7615194813180249,0.7945218690450259,1.214696509385353
2007-06-18,0.7791755573453226,0.8491817261217044,0.7658212118227482,0.8063211085761501,1.1947236362041143
2007-06-19,0.7783402310074311,0.848533146197974,0.7709725425607399,0.8083240698160827,1.196862131652882
2007-06-20,0.7725236882176907,0.8415574275863289,0.772290550350044,0.8142181727071813,1.203881285835808
2007-06-21,0.7687066856161563,0.8356406517069406,0.7720883630252757,0.8180680936692327,1.205747106959099
2007-06-22,0.7537115203798633,0.8275140696432683,0.7648156265350101,0.7984370078097595,1.187161351614811
2007-06-25,0.7564610656707466,0.8238149988734071,0.7706598324472446,0.7959071095010533,1.1942458978778387
2007-06-26,0.755583222193943,0.8240763430209701,0.7706274770534841,0.7960104443453203,1.19715380637706
2007-06-27,0.7527603665081504,0.83164615347427,0.7730785294040601,0.8007124989071949,1.2080493746570955
2007-06-28,0.7586157688030439,0.8431134471235582,0.7782409622668469,0.8010676377159811,1.200176349207984
2007-06-29,0.7552894832594514,0.8414036532296684,0.773145265175601,0.7997234353253184,1.1921190218176672
2007-07-02,0.7571473063892511,0.8451204252956157,0.765759155301907,0.798658291302476,1.2205721967547962
2007-07-03,0.7551357965088688,0.8438792900472815,0.7678267797329641,0.8015082263227372,1.2246125959969787
2007-07-04,0.7554659764447611,0.8437516881998072,0.7688785834754758,0.8021133341654264,1.224872137559121
2007-07-05,0.7587007006502674,0.8422889434017676,0.7750453121597743,0.8060311490779691,1.2301418448750396
2007-07-06,0.7573144270977319,0.8436095996496066,0.7744273444366352,0.806560329603605,1.2369047512661013
2007-07-09,0.7613280887918766,0.8403318716467693,0.7749426388773772,0.8053989255603629,1.2367699285847351
2007-07-10,0.759767904415969,0.8355839669028513,0.775686867413522,0.8022226697492324,1.236591855631669
2007-07-11,0.7599958792836147,0.8311667343628331,0.7700063432283296,0.8000822155117999,1.2401263550792263
2007-07-12,0.7581944399867461,0.8268131490321462,0.7690113304845569,0.7995104052167166,1.2420977068193977
2007-07-13,0.7566752201340056,0.821894352665616,0.7636307322111856,0.7952045915481062,1.2439071477945454
2007-07-16,0.7481806870271946,0.8112883054633384,0.7795425204309261,0.7771215776786657,1.2324575593084854
2007-07-17,0.7474664664395044,0.8106534571472364,0.778576741752729,0.7751553010742521,1.2288386609763147
2007-07-18,0.7471379973333233,0.8054780168794587,0.771806505843446,0.7708061604732933,1.2368799360717075
2007-07-19,0.7487041583266036,0.8106211720074754,0.773454946382411,0.7696200897004597,1.2300339883725906
2007-07-20,0.738204015899614,0.7985376450163583,0.7504866981200832,0.755001399753839,1.2496694599015497
2007-07-23,0.7412029258825967,0.8023758757796523,0.7536997553308976,0.760337416316784,1.2425060161253303
2007-07-24,0.743280768594548,0.8040522664704357,0.7544103286707269,0.7603782274276252,1.2494508927195798
2007-07-25,0.7388023684084798,0.801716823228663,0.7541988520581661,0.7578994439680394,1.2631693672144142
2007-07-26,0.7416655917060606,0.8050815456158733,0.7541782538623072,0.7574274221931749,1.2418458155396275
2007-07-27,0.7373809811062141,0.8138496588278894,0.7448745971573782,0.7601974030070259,1.2743554281287504
2007-07-30,0.7348020185751135,0.8167305473587696,0.7381070761484025,0.754658639937511,1.2633049446218299
2007-07-31,0.7319178177800624,0.8164249157029659,0.7419066157387239,0.7544401653932454,1.2691098655025086
2007-08-01,0.7574536793863843,0.8282321732203697,0.7434512153178953,0.760609899618507,1.3927203781463144
2007-08-02,0.7684623509108542,0.8387382391388586,0.749151892983859,0.7693509219373724,1.381277806868322
2007-08-03,0.7638453076639385,0.8387632717186123,0.7468662579299692,0.7716099077733589,1.3971090625496434
2007-08-06,0.7635609793894335,0.8411527133840522,0.7425996386196563,0.7687691264890986,1.4372457148698345
2007-08-07,0.760751414896222,0.8509385878810928,0.7404644000122543,0.767660042174514,1.462765534739535
2007-08-08,0.7618148007854404,0.8491865808273408,0.7355274061620704,0.7653360135625237,1.4922750374825162
2007-08-09,0.7644161055594245,0.8525701687985281,0.7441406947756722,0.7741759748099807,1.4801432341424747
2007-08-10,0.7596807747123854,0.8547546487021472,0.74855596671049,0.7699026633368076,1.5077120538675517
2007-08-13,0.7677721663473009,0.8639135505587903,0.7501844637536095,0.771957904656885,1.4914120784577518
2007-08-14,0.7646667791181173,0.8625300406367418,0.7521579736283518,0.7746345782780852,1.4931096273274398
2007-08-15,0.7604991215907586,0.8489864058067449,0.7629893249724645,0.7754963471422446,1.5049178634048999
2007-08-16,0.7585138420929302,0.8476972790255368,0.7649389113803815,0.780663704898583,1.5203026792629935
2007-08-17,0.7893447964952839,0.8547984727999851,0.7622442617653882,0.7762251409681464,1.5250346202991123
2007-08-20,0.8450731658255342,0.8710060317394092,0.7824203449917081,0.7801769397494518,1.5709741423925931
2007-08-21,0.8497111624438201,0.8706100327601256,0.7839474230640452,0.7819425396601369,1.5708844554828187
2007-08-22,0.8482336874677741,0.8702839233599922,0.7832646176884962,0.7820772421739149,1.5744267434866688
2007-08-23,0.8364480672984833,0.8595911535906835,0.7784652137496031,0.7830009276989762,1.5644359523673341
2007-08-24,0.8261006116045116,0.8523405575597216,0.7744569573978988,0.7754128690656447,1.6031582223424587
2007-08-27,0.8225433372220493,0.8462659775315805,0.7714024495437753,0.7690166952782787,1.6008117835035238
2007-08-28,0.8234558534051941,0.84638387602164,0.7724530961710874,0.7697769137941074,1.6030900725155781
2007-08-29,0.8209370720342838,0.8495371637255882,0.7708475502187772,0.7675117097352923,1.6158473168941319
2007-08-30,0.8187871893550033,0.8473904685271639,0.7710754773274073,0.763822048305432,1.6133733646454402
2007-08-31,0.8256484798062964,0.8537218255063407,0.7757348108340767,0.7624765870853437,1.6172900443677263
2007-09-03,0.826153100159006,0.8519823007073306,0.7750209372123923,0.7624803303719765,1.6189384869650107
2007-09-04,0.8259407958448997,0.8518996800857827,0.7761868271133456,0.7617906121733883,1.6178082125336146
2007-09-05,0.8280108090150731,0.8524649549383444,0.7797802446365452,0.7621259216535993,1.6153641802419012
2007-09-06,0.8278557203444458,0.8531179401790336,0.7812555084456302,0.7620599590478814,1.6174466094592732
2007-09-07,0.826737126157941,0.8515249958679597,0.7804225660673889,0.7611938086131768,1.6155881096937887
2007-09-10,0.8238277772046224,0.8570499961900355,0.7767740017571636,0.7578499772437988,1.615891287488935
2007-09-11,0.8257043534965901,0.8623000023464533,0.7820377203189753,0.7607308553550439,1.6242485124769566
2007-09-12,0.8347194414108967,0.8700672470433833,0.7867572284971586,0.76472388074189,1.6257361820444298
2007-09-13,0.8360475742002541,0.8705774778598984,0.7882434894681338,0.7667287508735942,1.6264212647759957
2007-09-14,0.8362730530425715,0.8712210510377354,0.7897764409704795,0.7704002473046088,1.6521195363351422
2007-09-17,0.8365573960333971,0.872992259305556,0.7833826361381946,0.7711546672887822,1.6595771687065193
2007-09-18,0.833111027303159,0.8811078231039918,0.7865556241466732,0.7783866971780468,1.6619934247177972
2007-09-19,0.8259088724944862,0.8843131731594268,0.7880161379579862,0.7848702835987067,1.6724031522056966
2007-09-20,0.8204286694376957,0.8839610845779711,0.7882803337892855,0.7800919739059768,1.6881388041403378
2007-09-21,0.819745599889409,0.885430854604463,0.7880463842719412,0.7783170146248259,1.68898539271708
2007-09-24,0.8181243275961482,0.8898230421976676,0.7835916692448893,0.7768529135289781,1.684400904667471
2007-09-25,0.8179317149112324,0.8905563974543139,0.7821603953137088,0.776257199675552,1.687930252584265
2007-09-26,0.817875077908483,0.8898797689518382,0.7811849631300097,0.7757667898553892,1.6880009081367073
2007-09-27,0.8235573751457615,0.9019392766555708,0.7810332027544589,0.770403560201379,1.7117491324207468
2007-09-28,0.822385798940933,0.901554592954853,0.7826769993593551,0.7715381597734579,1.7136849681961936
2007-10-01,0.8201099286954936,0.9004407999447169,0.7825617021500009,0.772744081729149,1.714834067210222
2007-10-02,0.8232842366341138,0.902299301611023,0.786319703113606,0.7777105696080298,1.7169380986304725
2007-10-03,0.8230321230122758,0.9016991914327676,0.7863505676771881,0.777328377714125,1.71609848616301
2007-10-04,0.8251580881471668,0.9039775162551759,0.7817341610959581,0.7717385549813537,1.7108124461150584
2007-10-05,0.8202061938688407,0.9021264240756786,0.7801376115442051,0.7671162116068767,1.7173777397045584
2007-10-08,0.8193214729927681,0.9008517123077296,0.7811096263054013,0.7680081631824098,1.7180530895504866
2007-10-09,0.822935873152614,0.9013966098856685,0.7813620035968707,0.7689456852563086,1.7182865346788
2007-10-10,0.8271335272134752,0.9016575347511264,0.7827958880475298,0.7710983190208689,1.7176396300247363
2007-10-11,0.8276272071010706,0.9012257096389247,0.7829204772073722,0.7688644786838776,1.7173574318353786
2007-10-12,0.8266774789534296,0.9014920042623878,0.7831652811184366,0.7698692787926565,1.7216931267136661
2007-10-15,0.8285804341215297,0.9004747062626106,0.7816130868366791,0.7710796626131946,1.7224169843418295
2007-10-16,0.8296390679982729,0.9032385576246673,0.7882709603809217,0.7742142018545976,1.7237773249615456
2007-10-17,0.8260416692985372,0.9035061218203594,0.7878781908100786,0.7733523482284799,1.7292717429318654
2007-10-18,0.8279725294431085,0.9058803013567309,0.7871714507701781,0.7668887344152713,1.7245682695284197
2007-10-19,0.830330340181427,0.9063383254979166,0.7927382713973062,0.767051653630255,1.7294861186395567
2007-10-22,0.8248975988875922,0.8996852617400201,0.7915324717925927,0.760488518303843,1.732163955490641
2007-10-23,0.8239793853261219,0.9024303035151533,0.7952661378067185,0.763038836872201,1.7352368457860339
2007-10-24,0.8252694007389851,0.9038788397242633,0.7954617301131217,0.7631049804769701,1.7389893149766682
2007-10-25,0.8244167711032799,0.9023291492196697,0.7963711421649247,0.7655301729160335,1.7404014134023236
2007-10-26,0.8223343628004973,0.9037698462824798,0.8005086255508193,0.7579981823462724,1.7419255925875148
2007-10-29,0.8253627702978783,0.9029972388552562,0.8072085211105149,0.7577845892115203,1.7468637591665397
2007-10-30,0.8269116961401485,0.9062459802189148,0.8064194017903483,0.7612938429226458,1.747053758786652
2007-10-31,0.8279992856127188,0.9063279169068038,0.8062197695158868,0.7629578311931503,1.7485746582467139
2007-11-01,0.8262269860452127,0.9057721422503489,0.8098445742531716,0.7613896217951177,1.7494673208688234
2007-11-02,0.8191805835676248,0.896352280148615,0.8124489046191687,0.7606555015796361,1.7481296129098718
2007-11-05,0.8226620866768036,0.8951941732319896,0.8101829681502175,0.756429551840132,1.762504376631174
2007-11-06,0.8231289250981819,0.892578443663113,0.8114678347388685,0.7542710631982982,1.7618376641161666
2007-11-07,0.8216277038289509,0.8945988225678762,0.818694811433075,0.7542441640322357,1.767400329855616
2007-11-08,0.8136714809809439,0.8887131521109182,0.834084141499904,0.7402862301335488,1.7558573686897598
2007-11-09,0.812478938470823,0.8917303054006704,0.8302584462637596,0.7361782925047642,1.7583134717278959
2007-11-12,0.8098390853161124,0.8951046409312958,0.8377015338594281,0.7382380011146286,1.7398999679794265
2007-11-13,0.8127370852382151,0.9003499173762448,0.8389671257903165,0.7468171003282125,1.7227205399469832
2007-11-14,0.8145793255859156,0.9050654657925493,0.8389049340499517,0.7477252054479948,1.732801480571275
2007-11-15,0.8180604632436882,0.9075144357750169,0.852240920740993,0.7520838642952887,1.7307052718721427
2007-11-16,0.819304383895958,0.9106723198587002,0.8522239577286236,0.7565556147878935,1.7302869488026256
2007-11-19,0.8139200623962525,0.9033134329748508,0.8284105628643201,0.7528662618120046,1.7308756543579258
2007-11-20,0.8204258995421269,0.9040023066516834,0.8286737407746639,0.7389854404848563,1.7315405041817733
2007-11-21,0.827338173336765,0.9105087567274099,0.8337665212622776,0.7447243872538147,1.7437418011345562
2007-11-22,0.8252391052433014,0.9133237180475408,0.8306200486897893,0.7453029033587486,1.743229172518723
2007-11-23,0.8252636592117505,0.9129333153581324,0.8307246724504711,0.7454996012894202,1.7424213095528187
2007-11-26,0.8254602734719654,0.9018337501672363,0.8279766321668504,0.7420066923521186,1.7235508282865537
2007-11-27,0.824326113053411,0.9046059963375336,0.8208608416671052,0.7411010440067171,1.7202756675753728
2007-11-28,0.8228489306754295,0.8979620393035663,0.814608887705214,0.7306697959909699,1.7247625906774064
2007-11-29,0.824146404450483,0.8906292326566991,0.8103496707053666,0.728862945780502,1.733910342680677
2007-11-30,0.8300223200956878,0.8733779375353549,0.8125759519047012,0.7314627948184327,1.730344842561852
2007-12-03,0.8299467413863996,0.8728031515885197,0.8124312285099761,0.7312682304691293,1.7302313924894368
2007-12-04,0.8299205508578404,0.8724181024644904,0.8122932350569023,0.7310453008675367,1.730955546732875
2007-12-05,0.8317197270921717,0.8711824596310962,0.810532191439424,0.7290429546895587,1.7309118618124775
2007-12-06,0.8328101753006821,0.8675927338733638,0.8035720748180957,0.7307494818711721,1.7279090907503576
2007-12-07,0.832551037209327,0.8652177635619362,0.8068107229895585,0.7320585654003269,1.7255349284664803
2007-12-10,0.8308478988497421,0.8665620113691618,0.805121927147288,0.7311180685675053,1.7246229816226606
2007-12-11,0.8301774072268844,0.8649212210005081,0.8091986843671373,0.7308089649371065,1.7319049856443616
2007-12-12,0.8288159320262348,0.8587054856011985,0.8063556618867643,0.7321705744706947,1.731360305900025
2007-12-13,0.8277080021615469,0.8565381846172824,0.8102680820866109,0.7324733001706387,1.7356202870299524
2007-12-14,0.8188299396780556,0.8592211492454875,0.8124466322834677,0.7320274462602404,1.7263780755362896
2007-12-17,0.799077291475311,0.851253210901158,0.8076440875477245,0.7289178037552331,1.7124047286740598
2007-12-18,0.7978164603970523,0.8532393370876676,0.8051238907800639,0.7264076151233367,1.7179669348788318
2007-12-19,0.7974308169145745,0.8531200183280788,0.8106137487393925,0.7296287632824903,1.715808431125087
2007-12-20,0.7989932204372248,0.8547701909803619,0.814104419782584,0.7295065101725575,1.7184530678063912
2007-12-21,0.7953882326922048,0.8644350500791044,0.8127026416583178,0.7338194635843549,1.7265448917412258
2007-12-24,0.792224164623926,0.8623716004158405,0.8161373059375009,0.7292545048602346,1.72300629018824
2007-12-27,0.792612806971492,0.8628777891864231,0.8158966762186022,0.7303191085226085,1.7205195160373847
2007-12-28,0.7921458933975252,0.8633342292216458,0.8158288812241825,0.7300430734678517,1.719784924430846
2007-12-31,0.7921463263617442,0.863429765322063,0.8157971476058398,0.7300382769663355,1.7199979666093979
2008-01-02,0.7917431534591695,0.8628707599160974,0.8157310483147614,0.7309572710587173,1.7202385794349768
2008-01-03,0.7942213891997797,0.8639986380730589,0.8207813692340616,0.7364049922961134,1.722730585239477
2008-01-04,0.7940053348061272,0.8648085436414636,0.8200307820681597,0.7356550304827976,1.7230891799093782
2008-01-07,0.7949346614829986,0.8728130094935141,0.8178612251795186,0.739363994727034,1.7076250016752448
2008-01-08,0.7901378762533563,0.8717652166465207,0.8114768365964435,0.7407019883165958,1.7161881383151938
2008-01-09,0.7906620174793424,0.8698838483987618,0.8126738349915196,0.7460597710939308,1.724943722809196
2008-01-10,0.7929022687846603,0.8706014590425942,0.8123246848111344,0.7450264780402768,1.7254109012134446
2008-01-11,0.7950647086588841,0.8631611102675545,0.8189024379101288,0.7479256179547187,1.7173430249813062
2008-01-14,0.7949660083724379,0.8641422827378695,0.8202731143365057,0.7482441209452634,1.7184889028612793
2008-01-15,0.7963141372247212,0.8614877451761986,0.8188894654861056,0.745845981270954,1.7198141504050612
2008-01-16,0.8129233634872356,0.8673563697850692,0.8150174213905792,0.7338519188099646,1.7271190029123902
2008-01-17,0.8143998983182597,0.8652601528571053,0.8135779886618446,0.7316023593300904,1.7266564732816854
2008-01-18,0.8032542019375863,0.8558650896910701,0.8021523626342362,0.7218278880892374,1.7164076929395038
2008-01-21,0.8252816871687837,0.8604059394209895,0.8064558743833155,0.7262227926948774,1.7033438467752853
2008-01-22,0.7863426318634719,0.8693583043416339,0.7918463317287204,0.7642220659373594,1.6913714189478617
2008-01-23,0.770457465034031,0.8093333324402993,0.7860101653280102,0.7674461786294905,1.6219154664629978
2008-01-24,0.7650591824830913,0.8228428218064938,0.7780701106020891,0.7739031793602669,1.6511604916013323
2008-01-25,0.7887639848936524,0.8718660645604023,0.7770573528251296,0.7957440047795812,1.6457668735338593
2008-01-29,0.7991037800322418,0.8764204371137321,0.7751107588873823,0.8057087711244819,1.6564311924410418
2008-01-30,0.8149549028843018,0.8916523445827756,0.7816163511860993,0.807090470423989,1.6431287745954943
2008-01-31,0.8154723305546018,0.894169891166073,0.7796265779102061,0.8052635859850931,1.6394793653950908
2008-02-01,0.821005922455131,0.8887242278838591,0.7876209818442844,0.810845751754071,1.6441483320316364
2008-02-04,0.8168397786498525,0.8851444282276324,0.7859745002046536,0.8098853207285999,1.6437588977395028
2008-02-05,0.807546287128702,0.885053845690899,0.7855292513900286,0.8082166179134432,1.6530918730138013
2008-02-06,0.8077285005565599,0.8839249125944149,0.7822278185628849,0.8162661644326208,1.6804646976831832
2008-02-07,0.8073864213411565,0.8837728426685114,0.7836739567822308,0.8170319349498928,1.6795785043600349
2008-02-08,0.8116824892317035,0.8862554602491838,0.7854096600550158,0.8208546838039096,1.6779311934698267
2008-02-11,0.8168027754126963,0.8973701337895171,0.7902982127529169,0.8272267409554116,1.679150671427419
2008-02-12,0.8173806219415318,0.8959513834447816,0.7863157823378747,0.829782338015633,1.6706202651918138
2008-02-13,0.8325221368384933,0.9078477510991055,0.7950822469942714,0.843198712226755,1.6778258335627358
2008-02-14,0.8309361336131728,0.9141660386613739,0.8056779138619694,0.8464653357492498,1.6723360605336863
2008-02-15,0.831702480135243,0.9163962054899784,0.8116665426470284,0.8487196531757463,1.684340727862471
2008-02-18,0.8310204904620017,0.9212501083697034,0.8163017583861526,0.8564108296835243,1.6824433427682475
2008-02-19,0.8358666471587569,0.9268121436761655,0.8211522785608497,0.8558212812064476,1.6835841252003938
2008-02-20,0.8448094022164625,0.9313394577390429,0.8271576819091447,0.8600561462605084,1.6994446016473936
2008-02-21,0.8404694781572731,0.9238388187659693,0.8280200328639344,0.8537994186571426,1.7017917224637085
2008-02-22,0.8417582772284002,0.9267468333627042,0.8301612146218654,0.8523679164149471,1.699332387865007
2008-02-25,0.8513748706741283,0.9289523056880352,0.8393530245582148,0.8529219930173975,1.697254295037836
2008-02-26,0.853852514422163,0.9332177771095059,0.8417991156573718,0.8534250183908214,1.7058495564957965
2008-02-27,0.8579217349788887,0.9532932184066542,0.8460367483107849,0.8648262820596538,1.6932965267342759
2008-02-28,0.872127848878232,0.9629164410376795,0.8507832428012668,0.872661471277605,1.701828898815862
2008-02-29,0.881978233624334,0.9702677596213484,0.8537905690636964,0.8774580783158442,1.7146671622638792
2008-03-03,0.9009675996150456,0.9939272322617946,0.8579864786729181,0.8931100814876781,1.7089368424566453
2008-03-04,0.9012032777316983,0.9926493823750089,0.8544624550032527,0.8882535694933834,1.7119633089669364
2008-03-05,0.9016925961032849,0.9948986986347088,0.8540526559222631,0.8891349597374762,1.7125579183138442
2008-03-06,0.9031455204934599,0.9956161457439582,0.8486435491853453,0.8856243771065576,1.7007150826785375
2008-03-07,0.9042720510040217,1.0100689309329116,0.8604064986156092,0.8955768097506425,1.6864461084087614
2008-03-10,0.905808915918176,1.0096017039101637,0.8584973726405439,0.8970281747894145,1.6756534564410837
2008-03-11,0.8994781548869013,1.0026757324401956,0.8493159536517683,0.887485347338918,1.6683548308257075
2008-03-12,0.9244642347776134,1.0217087413595192,0.8774263059962308,0.9144837864897304,1.6869982533242298
2008-03-13,0.9484277400814805,1.0317932685088838,0.8894540490460374,0.9230312620500071,1.709052723217691
2008-03-14,0.9462202376864407,1.0319423792329014,0.8907966461743366,0.9215341057731355,1.710031396980203
2008-03-17,0.9638910753812421,1.0351263102770702,0.8967410873750868,0.9348049569141244,1.7214833497145574
2008-03-18,0.9640005399907146,1.0350036769702047,0.896215117074549,0.9346966343909904,1.7213902135134405
2008-03-19,0.9853905926661398,1.0619703216221499,0.9217427965261911,0.9697049276506381,1.7769659426241708
2008-03-20,0.9795600875333943,1.056609164556389,0.9023185037492054,0.9444553842531275,1.7656155639368594
2008-03-25,1.0109876988024995,1.0654235417270712,0.8987288244425704,0.961518199248802,1.8028826275935805
2008-03-26,1.0121630668229984,1.0607431440935913,0.896475224730839,0.9577384461094013,1.7938082232940893
2008-03-27,1.012673049155732,1.0599244148089277,0.8962633673221774,0.958460009438754,1.7940074881136696
2008-03-28,1.0117706409391571,1.0613014490479342,0.8980751017610943,0.9599335563988141,1.7965603545928845
2008-03-31,1.0116056460448022,1.0621396549165965,0.8964073926939116,0.957842147627557,1.7974188894575098
2008-04-01,1.0120513640680675,1.0611886358129645,0.896619446022956,0.9588357260041378,1.7970084558455888
2008-04-02,1.0249235628297015,1.0722983093291711,0.9159608850970758,0.9724131481200067,1.8236236595546922
2008-04-03,1.0276396178963214,1.0820383368128916,0.9218036687121702,0.9772821380992232,1.8215214858782385
2008-04-04,1.0279312624630297,1.0815916957402945,0.9238265980288991,0.9781201392213436,1.821325377682481
2008-04-07,1.02757016888187,1.0809610758959332,0.9228735012371474,0.9763307337192219,1.8220179635664207
2008-04-08,1.0317626306075962,1.077486748395364,0.9253695138940714,0.9766686641038494,1.817151079509734
2008-04-09,1.035325380562786,1.0817036246204161,0.9266846540682244,0.9805643926804354,1.8183701741954923
2008-04-10,1.0360628676352155,1.077830644588698,0.9300295342931817,0.9817113340516052,1.8253747749964477
2008-04-11,1.0363722642259618,1.0782610928069563,0.9302354505896154,0.9819221651625303,1.8245385986383953
2008-04-14,1.0382842397583831,1.0756239756665802,0.9262186015486455,0.982680906347303,1.8239376354290668
2008-04-15,1.0418936639108107,1.0725173264527608,0.9254316547956526,0.9803671498567532,1.8311258711541676
2008-04-16,1.0406755856844199,1.0687178577919039,0.9203564949562351,0.9811117617364395,1.8350283423984584
2008-04-17,1.0409936817123622,1.065756670812148,0.9183685784742331,0.9799008321058709,1.8375894401905752
2008-04-18,1.0412179229449685,1.0665937878074936,0.9161705077758625,0.9839276777525463,1.8307889028809305
2008-04-21,1.0535494921684696,1.083721845265371,0.9375906677758704,1.0086032104967906,1.8155201487094772
2008-04-22,1.0527626522356364,1.0829519664477347,0.9339856513140875,1.0101150780941268,1.8148719335679497
2008-04-23,1.049503569024782,1.0849873478206775,0.9363505362150863,1.0190433837646469,1.8092972864527586
2008-04-24,1.051786426922145,1.0889610215146923,0.9348476246657106,1.0208273064080577,1.8081216151226762
2008-04-28,1.0535111399874428,1.0908793626148636,0.9354300801060208,1.0223305562475717,1.8116197206399873
2008-04-29,1.0537235231422535,1.0910777250728023,0.9361296278222317,1.022073226381917,1.8119651983062757
2008-04-30,1.0533697665909283,1.0898413042846133,0.9379256804242411,1.0227317570251508,1.8135298220253233
2008-05-01,1.0537135454715105,1.0897590627180564,0.9382326196172127,1.0230080849104646,1.814024746501218
2008-05-02,1.0536534826144741,1.1007879046902758,0.9520003055686773,1.0377712807322108,1.8251319353406725
2008-05-05,1.0519629662652965,1.1000224480285492,0.9523020586935892,1.039880550177089,1.8254525923408533
2008-05-06,1.0533110419676481,1.1000563430433101,0.9531838382689456,1.041027942634596,1.8274949010705392
2008-05-07,1.0560511173464424,1.103577218516823,0.9568222421986582,1.043181913573873,1.832531668140776
2008-05-08,1.0622296688456359,1.1052123576763655,0.9615670909823715,1.0453965976408204,1.8292001749703022
2008-05-09,1.0619430619922126,1.109412308550002,0.9634613996647762,1.04967236849899,1.829473251173271
2008-05-12,1.067675473424075,1.118595606242153,0.9602049210788413,1.0510046182934103,1.8301831921214808
2008-05-13,1.068140844949113,1.1171769475522402,0.9613380316865617,1.0521750375554095,1.8311827092642707
2008-05-14,1.0643941836421513,1.1112456236824477,0.9581695846056403,1.0471510997055136,1.8303612223096393
2008-05-15,1.0639983792021435,1.1108209765117942,0.9554559699221767,1.0464033239152164,1.8243525348305674
2008-05-16,1.0651234020268692,1.112171513319155,0.9573892301287031,1.0508373618063094,1.828683628924033
2008-05-19,1.063346437554244,1.113298294615696,0.9624298878218597,1.0511299395884766,1.8274307379460686
2008-05-20,1.063876181233831,1.1134026387623315,0.9615648687056967,1.052924691688387,1.833662864461015
2008-05-21,1.0668254053265167,1.1113517935696873,0.9651696579015488,1.0547671066081679,1.8392400577730383
2008-05-22,1.0677908479147262,1.1117522890541707,0.9654981859803828,1.054285467460422,1.8411608550092493
2008-05-23,1.0685169494235514,1.1114307421666543,0.9661935040767856,1.0562352393308725,1.8344647998418973
2008-05-26,1.066628757924068,1.112789294055136,0.9628623567002238,1.052682052840633,1.8344673821696729
2008-05-27,1.0665964380278052,1.1124483990323528,0.9623437641797812,1.0541120835509665,1.8348305069314705
2008-05-28,1.059913932558483,1.110354319941394,0.9623054647015091,1.0505905731398029,1.8289778880031968
2008-05-29,1.056291489077921,1.1116634221126895,0.9682305674063342,1.0497307653294632,1.8261494307667632
2008-05-30,1.05692867096388,1.1092550382238737,0.9637155500397356,1.0453064180061835,1.8242674133259644
2008-06-02,1.0576279446038368,1.1125625186222428,0.9636656699840207,1.0439405536740494,1.8248323232037245
2008-06-03,1.0558537570471593,1.1170504536416392,0.9701324007712043,1.0463782244407371,1.8332235223500881
2008-06-04,1.0560208812594325,1.1169191412336785,0.9705656012918714,1.0470989313469217,1.835388660302444
2008-06-05,1.0503190344287465,1.1122505742877373,0.9669734108875,1.0438330826488917,1.8243127381355702
2008-06-06,1.0521530172718796,1.1057733236937917,0.9696879114187252,1.041426677352376,1.828812239988071
2008-06-10,1.0553731782902342,1.1164148195440697,0.9816496491350293,1.0427484314346747,1.840276508874187
2008-06-11,1.0590649459058548,1.1200947706411257,0.9844921795384972,1.0436178314067268,1.8442519257844212
2008-06-12,1.06202817811981,1.1289209432639185,0.9919418492570203,1.0513141331748845,1.8468301641241436
2008-06-13,1.0607528359816742,1.130804912270174,0.9936380562412301,1.0504629228688114,1.838995532181497
2008-06-16,1.0597555412627646,1.1306658114479597,0.9939565626871085,1.050300184152458,1.8394066741799504
2008-06-17,1.055960314519038,1.1315288327809443,0.9923843501364679,1.051749055916928,1.8429557204143463
2008-06-18,1.0551093988480527,1.130117066091874,0.9934878331853583,1.0504972623477793,1.8443256462356157
2008-06-19,1.0558095252817152,1.1355081450106814,1.000226749608441,1.0569183515366487,1.854255981033244
2008-06-20,1.0552978930047086,1.1383260537799833,1.0019353289693835,1.051631295591975,1.8582826379242765
2008-06-23,1.0563354365988664,1.1399790070254447,1.0015169244501405,1.0521111231753097,1.8570755738718099
2008-06-24,1.055635108453047,1.1397345021083891,1.0007550276413482,1.0510998728877452,1.8566933596165935
2008-06-25,1.0552125436975275,1.1322926524640844,0.997243900066683,1.0436654458412689,1.853446192618136
2008-06-26,1.0631997624515535,1.1334755475662932,1.0047580609010007,1.0455610357330472,1.856750709390241
2008-06-27,1.0623603620878141,1.140799169966797,1.0088669046497043,1.0429923480713155,1.8561140765263737
2008-06-30,1.0624094763503407,1.1407758487391326,1.0108983506641271,1.0432910957095407,1.854558332824191
2008-07-01,1.06493099926816,1.1429340063819318,1.016493400126362,1.0507762931762465,1.85121474020354
2008-07-02,1.0602521041000248,1.1405338791597526,1.0146981987442825,1.0453429519843034,1.8514003273362707
2008-07-03,1.0445140037176364,1.1289694901786702,1.0004509465970561,1.0310915595936703,1.8373508530476343
2008-07-04,1.0464301829642209,1.1352542485342454,1.0047542633752178,1.0392084982380712,1.8380796862232744
2008-07-07,1.0467416970872454,1.1365002287775217,1.004895739242844,1.0398522155389471,1.8334318161243668
2008-07-08,1.0478751789784067,1.1401104967975775,1.0072606223212355,1.0444145183860516,1.8385516101674595
2008-07-09,1.0482190704452559,1.1489846372895192,1.0052903450261776,1.0434637358173777,1.8474655079199196
2008-07-10,1.051616598554929,1.1469329572337394,1.011311281300341,1.0464256465465327,1.8437054118864042
2008-07-11,1.0497156998476838,1.144866028514583,1.009729142857861,1.041728408678221,1.8443733436099998
2008-07-14,1.048201007759093,1.1490480801082419,1.0043118201199708,1.0408924804607491,1.8379854223889782
2008-07-15,1.052449147234747,1.1549328026036507,1.008653877258453,1.046197975263975,1.8499404836461175
2008-07-16,1.0572148104593473,1.161125522724687,1.0159847055654352,1.0567551830208235,1.8470545973360561
2008-07-17,1.0606711346398372,1.1640076812253097,1.021015669696197,1.0584040074812575,1.8502663352443782
2008-07-18,1.0568194212812743,1.1640913866303533,1.021357325941479,1.0586835941570694,1.8561888772655226
2008-07-21,1.0563549542212247,1.1681154799768396,1.0253127565174962,1.0558322423602071,1.8451244237173072
2008-07-22,1.0566504042498015,1.1682551421182434,1.02562838690057,1.056545220395206,1.8462973934428613
2008-07-23,1.0639268243625284,1.1843324901515555,1.0425814439305403,1.0663859473711113,1.8725991472979822
2008-07-24,1.0684101841025717,1.1885839789429147,1.0462016667664076,1.0696285814424933,1.8769887215064496
2008-07-25,1.089435901978418,1.2406957693029899,1.0504848698653595,1.1015489942667467,1.8697561335759967
2008-07-28,1.0956459380013706,1.2436863436221905,1.0610720897757238,1.1164970755062704,1.8700682830446247
2008-07-29,1.1033105371962826,1.2487224249220932,1.0576650781586574,1.1164795986935774,1.8683683659499728
2008-07-30,1.1049962016760564,1.2544936782999767,1.0681143200261671,1.1273939412516014,1.8515878493683313
2008-07-31,1.1002739821169607,1.2464969513387318,1.070757999143517,1.1268784358054271,1.854480912787725
2008-08-01,1.0979457034037992,1.2455822081425194,1.0734812224998356,1.1236893997312665,1.8564207865794893
2008-08-04,1.0999250984313107,1.246872126986051,1.0769396276366265,1.125695449492195,1.8466736040917218
2008-08-05,1.0896792791666476,1.2355635892735026,1.066794061020842,1.1157414416210887,1.834176283456988
2008-08-06,1.1057009916177476,1.2444388427059394,1.0792806578076846,1.1291645049093026,1.8211801247584696
2008-08-07,1.1050932850964261,1.243760496137289,1.0787415255148094,1.1287317203158411,1.8267782888429414
2008-08-08,1.1136748098314275,1.252030202465525,1.085078692694867,1.1383572036427696,1.825881795501371
2008-08-11,1.1138632364452947,1.2514717199378234,1.088953618677619,1.1408866619855391,1.832965007642538
2008-08-12,1.1129557166127213,1.2542924592345501,1.0884647612402607,1.1380506196167048,1.8330405847408426
2008-08-13,1.1160149440823155,1.2674346687688947,1.0968966754810157,1.1458642350439205,1.829093660106759
2008-08-14,1.1149903818040041,1.266449337469111,1.0911625655353379,1.1426104274502549,1.8224497972582536
2008-08-15,1.1159051164730607,1.2675744000717488,1.0940752241313358,1.145802269777666,1.8249784067843213
2008-08-18,1.105234828120003,1.2758917255052342,1.0986390795176482,1.1573817568080718,1.8176676094470303
2008-08-19,1.1038330714669466,1.27629138898779,1.1005530777851649,1.1606668512354537,1.8169777490075683
2008-08-20,1.1021947437545792,1.273286199857996,1.098993542620334,1.1558529014674528,1.8126904579806518
2008-08-21,1.1103948381377686,1.2841694213490757,1.1087668729512787,1.1620829770369816,1.8232878429487729
2008-08-22,1.1134694541748016,1.283386124184971,1.1117062940884819,1.1636767668879535,1.812480971019591
2008-08-25,1.120283408523974,1.2885283091387767,1.1219748624120536,1.1665710944630854,1.8112917707143588
2008-08-26,1.1202461072818397,1.2885793374818681,1.1219711364782798,1.1662785628317518,1.8114334871005053
2008-08-27,1.1209919537857151,1.2882486790121532,1.1226649496617516,1.1672028833744388,1.805688052985434
2008-08-28,1.1172007479314745,1.2880873848893553,1.1242215733010865,1.1685192401766349,1.8055107870877332
2008-08-29,1.1201954734066941,1.2891344331534313,1.124599369815844,1.1733149853725122,1.8123827746027084
2008-09-01,1.1198913891909381,1.2888985774866084,1.1239259529453276,1.1726164280190186,1.8116159727401506
2008-09-02,1.1197668778263286,1.2887466700738812,1.1239192248807173,1.1732033474333963,1.8139906419025125
2008-09-03,1.1160260944908946,1.2826306576803839,1.119279290964703,1.1725478126386697,1.8137941983166224
2008-09-04,1.1141505742071502,1.2830377346623079,1.1170803264426512,1.1652436353594355,1.8155524713477151
2008-09-05,1.1179778752192313,1.290033884352924,1.1199339917007243,1.171208439880478,1.8196926702159046
2008-09-08,1.1437944073083717,1.2987469792698942,1.1278353807645836,1.1995886842758645,1.874190682592149
2008-09-09,1.1437149516218532,1.2871758329506973,1.1268766542069901,1.1967957136982021,1.8850691680032077
2008-09-10,1.1414588562338805,1.286330867177491,1.122628075216548,1.189727010550221,1.8858612020081402
2008-09-11,1.1456558425521806,1.2935763637583773,1.1290749189173528,1.1963598453589066,1.8857064921754692
2008-09-12,1.1476544722147857,1.2879379067423609,1.1261629310118892,1.197088213607259,1.8811984959855255
2008-09-15,1.1487462275130176,1.2942782584227128,1.1255116158412284,1.1971065710058575,1.8998216701808874
2008-09-16,1.1482194047480772,1.2963661512400504,1.1218402895590862,1.1985379787059733,1.9090015369418816
2008-09-17,1.155920972918317,1.3042571344563503,1.1252427657934874,1.2014133448777533,1.9143631170404525
2008-09-18,1.1556583364650472,1.3139782918816783,1.1331788671116647,1.2046736677312597,1.9876726914151897
2008-09-19,1.1667835396852908,1.397791654142895,1.1479964745213367,1.2732406121959527,2.1984076061329563
2008-09-22,1.1622759665146623,1.3928634741063761,1.1484473965507145,1.2926405284217124,2.1693964700416473
2008-09-23,1.1587065890815482,1.3902172250355955,1.1457746931165667,1.3029064555412058,2.1685432256188775
2008-09-24,1.1557061052827697,1.4014416344845626,1.1424490424961742,1.3063917913058765,2.185079972482401
2008-09-25,1.15497239729045,1.4016724848553364,1.1441677862443898,1.304341044066822,2.1806349794660598
2008-09-26,1.1554200358613516,1.4002680744662068,1.1432249329116637,1.3022216009902727,2.1817326918804194
2008-09-29,1.1525838846115186,1.3934492396919584,1.1470293162218541,1.29794996422676,2.1777572284153135
2008-09-30,1.139627563014003,1.3922512415030714,1.1619851511673438,1.2636587720278878,2.122990997166937
2008-10-01,1.1418620961649537,1.3920833821786234,1.182968777139632,1.247761720810161,2.086112809054261
2008-10-02,1.1406047196766498,1.3930400112460382,1.1842586074247314,1.251687308025383,2.0876194387030744
2008-10-03,1.1405048704285732,1.386693209793228,1.184488539440198,1.251530976911194,2.080709521601596
2008-10-06,1.1344671205725436,1.3775300652767404,1.1810328383317057,1.2488238280379214,2.0979975098736983
2008-10-07,1.1356655684157517,1.3748952503695417,1.1839173026115832,1.2439655601236586,2.0945786115437155
2008-10-08,1.0969386731322712,1.3727295326325024,1.192637613417253,1.2457215011797365,2.088456832271871
2008-10-09,1.1049363336487392,1.3743162636443194,1.1914273654466223,1.2461631058378244,2.090046941047905
2008-10-10,1.0799468332454154,1.384455236791412,1.1523283811950913,1.2224073383695435,2.007129181848338
2008-10-13,1.0842108870343363,1.383974414025241,1.169598359968992,1.2668645370632865,2.007709924367527
2008-10-14,1.0909142002460532,1.3935537640173952,1.1634202178154456,1.2700532969036584,2.0295427004084496
2008-10-15,1.0917416211096782,1.3937132867784785,1.162902050256331,1.269511654584846,2.030075690606775
2008-10-16,1.0614590416795366,1.3575306474299638,1.1301019748142813,1.2452903593191642,1.9920517934571937
2008-10-17,1.0621829940110963,1.3612086100110052,1.131293573045107,1.2475086926387262,1.9917798398881066
2008-10-20,1.0621395143470727,1.3668356168430893,1.1417788161648497,1.2498129314720468,1.9552080722187952
2008-10-21,1.044161878101257,1.375820493780116,1.1241872334973368,1.2564658838584863,1.954648911444824
2008-10-22,1.0424947738833983,1.3451246938791148,1.1275511002241598,1.2386186364164626,1.944625272772511
2008-10-23,1.0275194122676419,1.3215447542448617,1.1175922074859892,1.2382020602103896,1.920180827298572
2008-10-24,1.0245404852096518,1.3209438525156718,1.118791505153828,1.239579223736339,1.935026568760276
2008-10-27,1.0248358917856115,1.3242533156991318,1.1200626948030838,1.2436978720862686,1.93946086788246
2008-10-28,1.0254857895139453,1.3248727359511736,1.1198864226862908,1.2436139709495906,1.9391335109422079
2008-10-29,1.0269472326492897,1.3226982713157804,1.1146648962612764,1.2433541219387672,1.9406440600332369
2008-10-30,1.0079818310223474,1.321099558864004,1.094268120780958,1.2292065254685187,1.9145237517140954
2008-10-31,1.0099403090999246,1.322986925321919,1.0941109714186235,1.2296330503130843,1.9154801591256663
2008-11-03,1.002226480570825,1.3125309038936641,1.0964347238059318,1.2332397197445861,1.9263340097854509
2008-11-04,1.0024205223665372,1.3133252718651773,1.0963350023300644,1.2336133964629112,1.9264796382489762
2008-11-05,0.9877494827747879,1.306282428796218,1.0839447016755517,1.2273507195495275,1.9166935991993792
2008-11-06,0.9850132866614525,1.3058677409812218,1.0734556693466992,1.2421947932071358,1.9238848102916115
2008-11-07,0.97914476444252,1.3123651000690977,1.0699401994454811,1.246761820393224,1.9244033312925866
2008-11-10,0.9701837280923082,1.3109939599467724,1.0582184838317203,1.2397284440271343,1.9231499119371442
2008-11-11,0.9789459526800405,1.3254977358260112,1.055924513834656,1.2269965094872957,1.9402641460169316
2008-11-12,0.9789958449177336,1.3248100912283203,1.0563491739078847,1.228267815815717,1.9364220486384045
2008-11-13,0.9801703780432248,1.296610620615683,1.0835224606539202,1.2366347472622417,1.943914679802636
2008-11-14,0.9740695845457751,1.2963348732219082,1.079750522389507,1.2307306906645454,1.9343703312813227
2008-11-17,0.9740973609573146,1.299256656770688,1.081734617999671,1.2328463354078638,1.9473580059488222
2008-11-18,0.9748709986928066,1.282108788009959,1.0853609778974804,1.2281272963644698,1.8737338118126619
2008-11-19,0.9728157848581265,1.2801363186328,1.0829442418856132,1.2248152523324523,1.8705269596976033
2008-11-20,0.9775217784702394,1.276167072781206,1.0815560372810964,1.2280209520190672,1.8148491976226004
2008-11-21,0.9851286292992136,1.2732739040975483,1.087096963453003,1.2289046611380234,1.807909626175222
2008-11-24,0.9846356148782959,1.2779346832458895,1.0896944660828731,1.2308703467553956,1.8176803951641003
2008-11-25,1.0216682157341417,1.268007173514811,1.0993087509781676,1.2615608878646507,1.8012378562709197
2008-11-26,1.0252831142975773,1.2655884279529617,1.108484258266972,1.263714496431285,1.7966391397228718
2008-11-27,1.0238106683163368,1.2618572376940733,1.109367427728233,1.2619966470902948,1.7929284688554432
2008-11-28,1.0210896538993333,1.2662327008009087,1.115697186285187,1.262752417451561,1.7648696431906474
2008-12-01,1.023099821376114,1.2671029268868197,1.1203877593154041,1.2640652935024166,1.759669249236427
2008-12-02,1.0269119831521503,1.2616756560592999,1.1218091920958235,1.256537310504329,1.7801246931839931
2008-12-03,1.0268241845763777,1.2613248966585051,1.1226794431424816,1.2569500088751375,1.7817840030299585
2008-12-04,1.0272007031773551,1.2642608532339346,1.126027153851136,1.2580147982701577,1.7835876849919405
2008-12-05,1.0283892526306002,1.2622014611191832,1.124337665192836,1.2556262928122774,1.7780603717461863
2008-12-08,1.0356026201381672,1.2642103209080897,1.1297409006544037,1.244582412198911,1.7479899617813293
2008-12-09,1.0395031594092188,1.2671337716523516,1.12836607993534,1.2473480495798457,1.7450904134034013
2008-12-10,1.033395941324544,1.26520054699061,1.1186293670529757,1.2462635593267986,1.7447336283120873
2008-12-11,1.033420079256682,1.2651174868164725,1.1167058161965042,1.2435489177790577,1.7445475990356052
2008-12-12,1.0308360314013658,1.2619721283967922,1.1177761381722306,1.237006681857787,1.7494950959686764
2008-12-15,1.0318368789998238,1.2597608214038551,1.1215192462907035,1.2425743647413436,1.7528595185347526
2008-12-16,1.0286046088272272,1.2580972844431442,1.1210160228376318,1.2449798296232781,1.7546214947752763
2008-12-17,1.0281484728159827,1.2580999325691773,1.11788476732093,1.2420996014535512,1.7532763770676694
2008-12-18,1.0238339270911818,1.2590142255019152,1.1178856765260352,1.2439927069513215,1.7533227927640413
2008-12-19,1.0291630801210427,1.2561562236585357,1.1260091429088481,1.2446800524883483,1.7521975566415755
2008-12-22,1.0312163095721096,1.2580584534400174,1.1273927537144612,1.2431081149485324,1.7535533822838558
2008-12-23,1.030549241038846,1.2566295767371314,1.1283253343910888,1.2428118982832994,1.7528824273751724
2008-12-24,1.0284287517258408,1.2539031389104558,1.1258481385234302,1.2400811455249379,1.7490052414833208
2008-12-29,1.031388699761729,1.2565160811165887,1.1260627771758334,1.2417547351762896,1.7448606191221434
2008-12-30,1.033215392792325,1.2556710565756544,1.1261830321820387,1.2402238156892953,1.7457431092043552
2008-12-31,1.0292838636995834,1.2512111944575308,1.1218219788504966,1.236584026871538,1.7391791697397712
2009-01-02,1.0291523298011287,1.2510362647940783,1.1219275815875838,1.236641204446879,1.7396204572142862
2009-01-05,1.0314613420749275,1.2511070110418356,1.1232513205894528,1.2368513775597567,1.7405470209621638
2009-01-06,1.0341354047148632,1.2518315980332249,1.1243558452062727,1.237452895844967,1.7421862140986821
2009-01-07,1.030993760649297,1.2510380978675424,1.1220368152266371,1.2354878161754677,1.7489176967227353
2009-01-08,1.0291902483726996,1.2464288064472582,1.1208544922705408,1.2321815646731977,1.748783744371268
2009-01-09,1.0286248089231849,1.247417292482361,1.1182137369101242,1.2308726841792474,1.7433186109658492
2009-01-12,1.028872554853816,1.2474974098919296,1.1172153507401672,1.2300000492221361,1.7429363566676555
2009-01-13,1.0281831672244377,1.2480678553521847,1.1166198446513684,1.2306082822949553,1.7421426728499154
2009-01-14,1.0245797761658302,1.2486255254103535,1.1190503964922331,1.2374798004597438,1.7382386304662225
2009-01-15,1.0227961427713728,1.2484838856380795,1.115056004286065,1.2366704423929544,1.7325992944790691
2009-01-16,1.0248362615960238,1.2490833914786403,1.1167510995354275,1.2370459835903713,1.7320710930798497
2009-01-19,1.0203427279197754,1.2496129967817893,1.115829614112533,1.2385055218291783,1.7328395726974242
2009-01-20,1.0430884013205293,1.267287668069461,1.1340291555574742,1.251693154703423,1.7343487823521795
2009-01-21,1.0541429262823172,1.2979596806737386,1.1437706805106518,1.2613280043337367,1.762135859388272
2009-01-22,1.056745533320351,1.299292959437902,1.1523621566953117,1.2597663557439331,1.7492759119835226
2009-01-23,1.0597703001463779,1.2960792358017392,1.1662484404334783,1.270409372067038,1.7436997657748046
2009-01-27,1.0563548946626677,1.2912887506990547,1.1632144054632108,1.2659146058223385,1.7328560030988753
2009-01-28,1.058861463672345,1.29066671358245,1.1676094241969919,1.2735183578886702,1.738978032592482
2009-01-29,1.0599702605414354,1.2917609185844021,1.1677651342410875,1.2732929520314586,1.7412378656957195
2009-01-30,1.0601803611558642,1.2992682396404336,1.1685111815479012,1.2762511476702811,1.7384736321144247
2009-02-02,1.063085400677751,1.301170372520754,1.1701259984557815,1.275585157926324,1.7418320526930475
2009-02-03,1.0705351499684976,1.3029813373065673,1.1733554793748906,1.277375512759263,1.7411863176789213
2009-02-04,1.0683961889517126,1.303636545614542,1.1734602140580424,1.2792867219215465,1.7381680631993066
2009-02-05,1.0684704609686189,1.303960753143959,1.1735101738524587,1.2797482589068747,1.7377850971416111
2009-02-06,1.068206831340169,1.3003861170693107,1.1753677233291657,1.276175140905718,1.7322244026535767
2009-02-09,1.0666876288397524,1.2982236320666876,1.1732617479646072,1.2752182478710514,1.7282091304142453
2009-02-10,1.0669965980643703,1.2997708447900056,1.1762781505485893,1.2744982633927362,1.7316801898967262
2009-02-11,1.0617039068838496,1.2958137555180145,1.1735566952240393,1.27094310103131,1.7296820570174603
2009-02-12,1.066850473884341,1.2934791576460118,1.1734476230886788,1.2693117739872735,1.730776852260003
2009-02-13,1.0668093551400002,1.2891399016142953,1.1716045871336789,1.2787388578309187,1.7277450793405502
2009-02-16,1.06646150935346,1.2854197215530956,1.1686360160928377,1.2739239769496753,1.7268272938084963
2009-02-17,1.0652262042310863,1.2857603502505457,1.1661238057762762,1.2779675150506176,1.7270408831173294
2009-02-18,1.0589427244570662,1.2813565015232562,1.1652044906306116,1.2760872492113422,1.723202529298391
2009-02-19,1.0627224753780549,1.2848848997029505,1.1661409843406647,1.2797421320326419,1.7191324978283398
2009-02-20,1.061918830056895,1.284780303043491,1.1680590399651938,1.279747170184,1.7234017588017583
2009-02-23,1.0557308396360434,1.2836458888382027,1.16265761602035,1.2779076156300935,1.7259986440434012
2009-02-24,1.054372997299969,1.2818483679347497,1.1617671646371446,1.2770949758921901,1.7233735358475035
2009-02-25,1.0557907022459223,1.2786894666471615,1.1615112363797844,1.2759057233480018,1.7244333577200213
2009-02-26,1.0516559948106547,1.2756242071596118,1.161588265284896,1.2764717810312598,1.7171720479577606
2009-02-27,1.0481826528732778,1.2735549707644336,1.161118354292464,1.2751461783346068,1.7125245501746842
2009-03-02,1.0464589279241316,1.2644885708177929,1.1643392308514975,1.2673126271484738,1.7191710672663756
2009-03-03,1.0464930033339068,1.2649597055102186,1.1647654027704477,1.268113242235402,1.7106273623964559
2009-03-04,1.0492507613363218,1.2630431464337153,1.165662560540182,1.2708691555990657,1.703507522633498
2009-03-05,1.04837386330909,1.2603460246784555,1.1686703580767321,1.2738788151894165,1.709588117057329
2009-03-06,1.0487936718951485,1.2541329107202042,1.1650641661952104,1.2732490683488438,1.717729881543523
2009-03-09,1.0478664116198337,1.2522076841110334,1.1669049777245797,1.274403192444522,1.7223613842148142
2009-03-10,1.0535553171990222,1.2550050100410142,1.172836474497391,1.2784318648775665,1.7245001038131345
2009-03-11,1.048452682141173,1.247697700749722,1.1656482176956646,1.273513916170403,1.7188399315450742
2009-03-12,1.0417591586457942,1.2453572940291904,1.1655640617546075,1.2741675064309972,1.709866847788226
2009-03-13,1.0492954489009478,1.2524982228808252,1.159107724413376,1.2776039377893145,1.7272745286307443
2009-03-16,1.0420221549614594,1.252897583842764,1.1583473049129966,1.2742940845194637,1.7228408126946635
2009-03-17,1.0461447463741456,1.2500199566851462,1.1572589813298848,1.2699268131280874,1.7336106817558081
2009-03-18,1.037683793514774,1.2407770190408685,1.1493087063726954,1.258555509179187,1.7072263230908118
2009-03-19,1.0443194966054095,1.2449814024957409,1.1614845658214992,1.2709548830046469,1.7194818985904132
2009-03-20,1.0292312443716534,1.2438909632675657,1.1672509469333219,1.267182943336446,1.700867875823132
2009-03-23,1.030309438886836,1.247915249651611,1.1725214287053596,1.2744726803423627,1.6988240887314363
2009-03-24,1.0273505560501865,1.2470269177522504,1.1723710312655575,1.274888538044773,1.7022144278991753
2009-03-25,1.0294533679434386,1.2480516852838812,1.1730875186816403,1.27745786483237,1.695744998783191
2009-03-26,1.0265337472764624,1.2498414564122957,1.1715910676690653,1.280643358737644,1.6990232698460201
2009-03-27,1.0263249745099372,1.2502151275592646,1.1692516980608412,1.27876546501824,1.7001679678538089
2009-03-30,1.018370661832209,1.2454902097077385,1.1565785493166936,1.2779156056286427,1.683885513313807
2009-03-31,1.017213602479976,1.2423235565083797,1.155847673284731,1.27796350782398,1.6825236385798628
2009-04-01,1.0172352631098338,1.243406807737513,1.1567508434662888,1.2789714830855325,1.683524979852352
2009-04-02,1.0154131135976656,1.2508643746367802,1.1550489968090956,1.2781607515312365,1.688601839425232
2009-04-03,1.015021926727711,1.2587073473604729,1.1548474480197533,1.2848165476107012,1.6924794089078579
2009-04-06,1.0142318940952517,1.2584146661816982,1.1547269661457542,1.2816724868795697,1.6944927358860609
2009-04-07,1.01374710509209,1.2611278076797003,1.15400034146965,1.2808614288176483,1.6941345039070927
2009-04-08,1.0174909853660579,1.2645865782618335,1.15170559533441,1.283602888177908,1.6985964319972677
2009-04-09,1.0172565904725381,1.260803538633491,1.1511595029215906,1.2831606549311365,1.7005323759780788
2009-04-14,1.0162560802131932,1.2627254763564846,1.153747553182619,1.287944814917112,1.7081588752671664
2009-04-15,1.0167454954810236,1.2644526367703928,1.1563333008918841,1.2884015701319729,1.7064136251338695
2009-04-16,1.0171976677342347,1.266129555031267,1.1551561234378347,1.2877482382818026,1.7046715179134664
2009-04-17,1.0167130877872477,1.265922283792456,1.1561540966557438,1.2857031917568948,1.7071609591168582
2009-04-20,1.010310966354083,1.259340567572563,1.1474346910762148,1.2759590682768227,1.7146669649144621
2009-04-21,1.0092995768981643,1.2620582906002675,1.148874382366724,1.2777999530568525,1.71657117803047
2009-04-22,1.011340544002586,1.2621794989944521,1.1479434082536297,1.2744083080296982,1.7190181944878224
2009-04-23,1.009023649220673,1.2649278978099114,1.1487425410972245,1.2763268862403812,1.7253674848912035
2009-04-24,1.0094539157821978,1.2626757008345193,1.1488416510544823,1.275147255272892,1.7236641648828286
2009-04-27,1.008646266119155,1.2615551321922642,1.1473990814238983,1.2745597325613842,1.723531263956721
2009-04-28,1.008774248367075,1.2628188336079624,1.1475496582304185,1.2748255703615619,1.723565967968227
2009-04-29,1.0092001532485428,1.2634232614988696,1.1483472870457767,1.2761710527058505,1.7233462438651102
2009-04-30,1.007780349533579,1.2529412564431541,1.140214706411033,1.2707742875931438,1.719635869737629
2009-05-01,1.009264867439497,1.2531681071653753,1.140491705978044,1.2700749894823633,1.7204641080540137
2009-05-04,1.0124192451439238,1.255116233473607,1.1381846135493379,1.2694943171206958,1.7084262627585771
2009-05-05,1.010816926551513,1.254068425307406,1.1369326047452541,1.2683634800420747,1.707893423725605
2009-05-06,1.0075254355916303,1.2532243003797128,1.1331344424933287,1.2669071907692095,1.7105536973402726
2009-05-07,1.0044909193873965,1.2481295989092196,1.132233919598847,1.2651174973879598,1.708794694862483
2009-05-08,1.0013226972717202,1.2438978887799537,1.1338016353117166,1.2631120736120287,1.7091616175044435
2009-05-11,1.0011626781700147,1.2441272329853212,1.1334717421273692,1.2631184464482361,1.707414391933333
2009-05-12,1.0024754658311323,1.249775285413456,1.1346940600542945,1.266785841424574,1.711613072803797
2009-05-13,1.0025025671549583,1.2501159055470923,1.1348512995115514,1.2681764019092283,1.712933163361205
2009-05-14,1.0033866506142632,1.2445912374714982,1.1293676608316083,1.2602984508946404,1.7058476599365013
2009-05-15,1.0034019436739232,1.244129399181097,1.1288298039138247,1.2575178387220773,1.707381410169502
2009-05-18,1.0029890198077283,1.2431219450799993,1.1296857542290957,1.255560620096348,1.7053876897038376
2009-05-19,1.0000842560099747,1.2434223379478406,1.1285968723799,1.2522791344616713,1.6982705645495695
2009-05-20,1.0000218428771137,1.2437101839902285,1.1284541454685149,1.252239305150497,1.698423396350859
2009-05-21,1.0002188837746129,1.2439524579326817,1.128157945883864,1.2511988459074883,1.7004537599516925
2009-05-22,0.9997494660975461,1.2409020556401014,1.1284782063337853,1.2526595023120883,1.70022379322978
2009-05-25,1.0002276268541872,1.2417854957747305,1.1301466772760271,1.252841843586204,1.7028527580624846
2009-05-26,1.0031614773688433,1.2440398617785176,1.1310472283415574,1.255376888408077,1.703166006317635
2009-05-27,1.0052879201470337,1.2446417646004688,1.1281759282437551,1.2572129479469807,1.7065532475422855
2009-05-28,1.0073355763677443,1.2444185746482104,1.1309681420412265,1.2591051917141822,1.7071959393254257
2009-05-29,1.0105041348877062,1.2445515061379213,1.132183791857787,1.262026469379903,1.7088793425973645
2009-06-01,1.0124404934749573,1.2416304955565596,1.1250213532929854,1.2594136899515076,1.720416326064007
2009-06-02,1.0104475111486984,1.2403651740135628,1.1202397002812652,1.2540074464571795,1.7191874019541795
2009-06-03,1.0125419044859851,1.2415207572813607,1.1224431013718805,1.2564533493797028,1.7206496414848618
2009-06-04,1.0086264658736321,1.2415611258244201,1.1183018247490095,1.2485821687088816,1.7144044511013459
2009-06-05,1.0046912800309136,1.2341566005018743,1.1123682375675998,1.2444695991508339,1.7070962733874295
2009-06-09,1.002117619147421,1.2328922065762737,1.109878309410117,1.2427456559268757,1.7046570732695567
2009-06-10,1.001545689523105,1.2283719209245736,1.107093282710461,1.2392707967790335,1.7030014854123194
2009-06-11,1.0009008622301898,1.2265743830226596,1.105662187410942,1.239778874160926,1.7079148410329852
2009-06-12,1.0011135262870876,1.2262400832809512,1.1057915129889073,1.2405599602702264,1.707242188703945
2009-06-15,1.0023701112265038,1.225035624281913,1.106407969596078,1.2396283973745874,1.7048734391523166
2009-06-16,1.0013655907135377,1.224806149565683,1.1036097041701363,1.2418208636435268,1.7053120962413477
2009-06-17,1.00032616870153,1.2208799060350222,1.0999933460167912,1.2390835148770336,1.7023460114315294
2009-06-18,1.0000521156774356,1.2189971773446842,1.098784279028749,1.241946070258926,1.698999163637098
2009-06-19,1.0002673633574612,1.2189428843383396,1.0989587364057332,1.242180305513005,1.6990397370138193
2009-06-22,1.0007978821231907,1.219669718461359,1.0991360001442614,1.242607087157348,1.6994487502730389
2009-06-23,1.0046853249701595,1.223440416025938,1.104909392431329,1.2455890796389366,1.7028639599393636
2009-06-24,0.9996576323103598,1.221998243815315,1.1014632004998526,1.2450324890744444,1.7024713297793403
2009-06-25,0.999851355803271,1.2162831923339033,1.099204323026614,1.2445530967146505,1.701365894805162
2009-06-26,1.0016450102259096,1.218770338029261,1.0995058341714474,1.2449049889088168,1.7053066434647712
2009-06-29,1.0000278396696543,1.2174232554679771,1.0965195472702427,1.2407670772120352,1.7054751472209309
2009-06-30,0.9994691705828597,1.2152919106728506,1.0978899841261744,1.242578485322963,1.7053487314411941
2009-07-01,1.008008620218256,1.2237528886657747,1.105883844987237,1.2483996627542504,1.7132404882787213
2009-07-02,1.0067695955670948,1.2208274897199474,1.1039874252955415,1.2448009275959966,1.7130247675428236
2009-07-03,1.0053189538333147,1.2193970123160356,1.1042169888788165,1.2433425233450923,1.7160871154184607
2009-07-06,1.004087268339299,1.216871860137946,1.1030839097423781,1.2412157602605776,1.7130205264561769
2009-07-07,1.0038138621801433,1.2127539532783238,1.1045913639959715,1.2428775109283243,1.7078002823831333
2009-07-08,1.0027030466069664,1.215247828107985,1.1023840738902986,1.2423847904829766,1.7088830671553557
2009-07-09,1.0040823781713994,1.2167693027588238,1.103638535869055,1.2455334643645903,1.7084965879376612
2009-07-10,1.0047653587315872,1.2146944480869053,1.1056639180104593,1.2460150659152542,1.7111085688038539
2009-07-13,1.0026371817544288,1.2117317615260608,1.103012375280447,1.24354023867584,1.70295384985499
2009-07-14,1.002695417514062,1.2108898117510567,1.0998721066539823,1.2374396956735134,1.6996231033052838
2009-07-15,1.0003247728154614,1.2083749653003613,1.0969823632103937,1.235174816978654,1.698212438375959
2009-07-16,1.0014260872321175,1.2090161201526803,1.0955350795147294,1.233123393710193,1.6956560829533533
2009-07-17,1.001219180261214,1.2072659059853814,1.0947174712313426,1.237381234876599,1.6999337112422856
2009-07-20,1.0007975833754006,1.2056281848869113,1.0926279532692251,1.2359038507113222,1.6977769633436552
2009-07-21,0.9976305504535656,1.1967531187222993,1.083598199227631,1.2319943788137295,1.6824183517081845
2009-07-22,0.9941399377964971,1.1943531527620999,1.0800574041554298,1.2306184356504073,1.682537623197699
2009-07-23,0.9831505670346,1.16452938406625,1.0814922244773622,1.215810559519366,1.6824165715267931
2009-07-24,0.9804430370456397,1.1621607093409854,1.0764046265717493,1.207190863496098,1.6793719542556687
2009-07-27,0.9760195495049936,1.1580160063915421,1.0767699717573798,1.2059858234896677,1.681678114270275
2009-07-28,0.9737449037673009,1.158533288522376,1.0754422411777413,1.2031416990752437,1.6777206295492866
2009-07-29,0.9756855769028274,1.1619344002550367,1.0734646819477913,1.2030161303938784,1.677932242539801
2009-07-30,0.9801370343913951,1.1648203881250676,1.0734556834180766,1.2069244697345582,1.6745883845575749
2009-07-31,0.9821502277428608,1.1656687290139391,1.073577657396855,1.210940606228642,1.6726830711488885
2009-08-03,0.9895140759329928,1.1714200781179414,1.0809981048105357,1.2181421145266758,1.674694409865323
2009-08-04,0.9810006324275705,1.1698197464613125,1.0746561178822691,1.2142641040357691,1.6764416135021036
2009-08-05,0.9829233787156938,1.1706939357062909,1.0741454443977079,1.2150201937232914,1.6785649843946526
2009-08-06,0.9845508902902891,1.1700970938219508,1.0772293398279162,1.2143631730590478,1.6792252863717598
2009-08-07,0.9829236920955934,1.169349050130657,1.0752096052942715,1.2132292813934529,1.6794252548302142
2009-08-10,0.9830056440927234,1.1680922995537881,1.0750981051579311,1.2145402608045934,1.679167958839513
2009-08-11,0.9842773680935586,1.1668198042154356,1.0718838307159364,1.214381020143726,1.682143306946226
2009-08-12,0.9862254521026776,1.1678842353346186,1.0751763374433618,1.215592280788514,1.6834574881923663
2009-08-13,0.9917192768347954,1.1712842205664014,1.078318798449909,1.2161492316605285,1.6800363646880712
2009-08-14,0.9907377242134052,1.1725913747655172,1.0782213884718168,1.217251051345871,1.6805996766975508
2009-08-17,0.9892869230054372,1.1727442820263019,1.07771377888778,1.215880148948834,1.6816625327743397
2009-08-18,0.9907500420320116,1.1748501478712343,1.0790613282836468,1.218977412988879,1.6829645234447246
2009-08-19,0.9905919274625654,1.173781901088496,1.0769658868701588,1.2176962613753453,1.6804493105264076
2009-08-20,0.9898439226992576,1.1754731105065754,1.076600640038245,1.2187880514469527,1.6847139282019237
2009-08-21,0.990237152771805,1.1793954988218995,1.0732213624468507,1.2214779625794656,1.6853376269875773
2009-08-24,0.9876983621562472,1.17934216689374,1.0757160271297854,1.2217587897119762,1.681793095057669
2009-08-25,0.9879988402516515,1.1787687423047175,1.0761438311468012,1.2216792901177482,1.6816028336964284
2009-08-26,0.9900991389880681,1.1785133952880873,1.075158615629471,1.221781426125376,1.6814167262005892
2009-08-27,0.9878536012425964,1.1780548582164685,1.0748338587974007,1.2208292615905363,1.6786441401206937
2009-08-28,0.9879987475384986,1.1786358392009317,1.0753004567819326,1.220463246705375,1.6795290749226617
2009-08-31,0.987644461341589,1.1781717419011282,1.0752619272099921,1.2197231314658379,1.678858759136432
2009-09-01,0.9891498599497786,1.182286750872831,1.0780225441428535,1.2215456326928686,1.6781999885199974
2009-09-02,0.990050865222201,1.1833432813794815,1.0799971342354235,1.2282091384145235,1.6777291604722926
2009-09-03,0.9880090563791414,1.1796498596478797,1.0786934812568714,1.2251342779034766,1.6747200989007862
2009-09-04,0.9732657557616764,1.1732684656684371,1.0750617469074584,1.2126596723051333,1.643037514113236
2009-09-07,0.9719655281890857,1.1788713656848835,1.0747904419396654,1.2140956712445603,1.6347402611898871
2009-09-08,0.9735324685781899,1.1816660219061335,1.0772147059700488,1.2192755716332488,1.6352423184949578
2009-09-09,0.9703626513795968,1.1766561223967409,1.0732978720492956,1.2151802040083115,1.6341442083391438
2009-09-10,0.9697665708978385,1.1794262958394657,1.0742560005784403,1.214249217616218,1.6297558596831272
2009-09-11,0.968471121184911,1.1744436435801908,1.0745687473270382,1.2142330933854364,1.6155422007894193
2009-09-14,0.9702174840151232,1.1733282974464763,1.0776085071033,1.2141143569399921,1.608891389291141
2009-09-15,0.9695047094092857,1.1702707605183245,1.0770052234931822,1.213087394757448,1.6046407412501
2009-09-16,0.9727444219951111,1.1641950234889007,1.0736351964761268,1.2119118955547608,1.556468863820059
2009-09-17,0.9636332112845426,1.1123760367197604,1.0633602857267441,1.17015641213457,1.428404240500311
2009-09-18,0.9636572135680168,1.1095098133101318,1.062789666293571,1.1569231718122297,1.4338645736702813
2009-09-21,0.9655114058478625,1.1101453114931172,1.0650629250825878,1.1494912694363375,1.4298759696424719
2009-09-22,0.967042766116002,1.1031197523941663,1.0666121305984058,1.1470494001270153,1.4189171495373223
2009-09-23,0.9688873409055409,1.102991961395213,1.0644676083801925,1.1462698293090707,1.422558282247429
2009-09-24,0.9690664257868528,1.1052137981014127,1.0637101244641263,1.147524771049858,1.4220011823263
2009-09-25,0.9707927007856962,1.1089747047562821,1.0612660064236659,1.1498465572368797,1.4211677749658698
2009-09-28,0.9762247389875544,1.1037216272944828,1.0484154398373045,1.1682430689384597,1.4445430879601588
2009-09-29,0.9723001560324879,1.098789572791527,1.0309523402788745,1.1771185728477185,1.4547648885339683
2009-09-30,0.9738119339814411,1.0996010178386548,1.0324351053620355,1.1766485479240218,1.455272277265613
2009-10-01,0.9752391000453252,1.1047329196381312,1.032973734575318,1.1770053292815488,1.461003603296295
2009-10-02,0.9779421290560416,1.1080152189967847,1.0362848186962474,1.1770580160647521,1.445297826769585
2009-10-05,0.9764945686313593,1.1095623928693972,1.0330609227957908,1.1811015256906154,1.4492546240342157
2009-10-06,1.0028623431167791,1.1041405923173575,1.0229955822981935,1.1779171768696144,1.4373111229800626
2009-10-07,0.9979385930163391,1.1039161123137566,1.0215552181767307,1.1760626582376923,1.4407742423233647
2009-10-08,1.016004399931161,1.0757375346551998,1.047716130603677,1.1946650655630495,1.460461675962268
2009-10-09,1.0091060269307581,1.06448431308392,1.0270477392784758,1.152159637585103,1.4394439508926542
2009-10-12,1.001390555644629,1.050484338691512,1.0296280807077707,1.1477137101221093,1.4102775295585745
2009-10-13,1.0012263821633975,1.0503205444338233,1.0311769906259813,1.1489335364678328,1.405671485749448
2009-10-14,1.034490180091273,1.0739610901159118,1.0657990171229421,1.1731627928047828,1.4166589996364662
2009-10-15,1.0326673183517407,1.0671741357900064,1.064114645179682,1.1703859657284843,1.4146138774083452
2009-10-16,1.0339108342023993,1.0576363601486014,1.0514158286770001,1.1707716211255519,1.4424488026856273
2009-10-19,1.0563288298018811,1.0429874531210848,1.0712879457265234,1.1650961292125313,1.4340242576774958
2009-10-20,1.0579589648800611,1.0800036060462668,1.0653976300895314,1.1864668296833947,1.4365635192786428
2009-10-21,1.0801822813689406,1.1066291876005443,1.0786877305406426,1.1857778785444288,1.4569763292898568
2009-10-22,1.0853274411834386,1.106525296890343,1.0736621898606766,1.188537340192098,1.4316798688852441
2009-10-23,1.0869202161063873,1.1022638207825477,1.0721109611861455,1.1853977025836573,1.4199371915289003
2009-10-26,1.0858706964186584,1.099250500568745,1.072774973170111,1.184929775476452,1.4210011508314555
2009-10-27,1.0840064184436669,1.0970614847126856,1.076237470206474,1.1806407537972317,1.4180036152414048
2009-10-28,1.1174858121978186,1.0977050595558864,1.1023759800961093,1.1985641154980606,1.4437537353603926
2009-10-29,1.1191780173456858,1.0987241149949878,1.101736758270528,1.1973134989853396,1.4439399554724601
2009-10-30,1.1335924893273412,1.108778866432493,1.0985983232866767,1.1920002891562793,1.4043562663566462
2009-11-02,1.1340839926624549,1.1120924080336527,1.1019211602161871,1.1907760428581664,1.4121256833109965
2009-11-03,1.1569917228812556,1.1204870832989837,1.117162168125364,1.201545374265004,1.4182022655667141
2009-11-04,1.1705215599592753,1.1211633802780718,1.1329720670211478,1.1870724972681639,1.3962467978152049
2009-11-05,1.1816051644443781,1.1048460030495342,1.141846234251478,1.1820937787051369,1.3881532502280978
2009-11-06,1.1943002012018924,1.1079237962173998,1.157372091176506,1.18837119894685,1.3987278802926304
2009-11-09,1.1877818909771718,1.0796964284985413,1.1609148222740482,1.2018465000563658,1.3663408764147524
2009-11-10,1.1854440181966,1.0798777197373624,1.158647932452631,1.198599249735597,1.3667055029617108
2009-11-11,1.1928291717131627,1.1164816073550876,1.111989517815049,1.1794060731797942,1.3161493818963477
2009-11-12,1.2029761946587356,1.1159034150749283,1.1181452203475946,1.187379120298971,1.3282432498888581
2009-11-13,1.2046524112363217,1.10946297152617,1.1175235827264003,1.1844528931226577,1.299666071004552
2009-11-16,1.2027219649817338,1.138395816803265,1.1065091332867065,1.1970581451745719,1.4356373090991845
2009-11-17,1.210020208697055,1.142749212782022,1.1161737761935389,1.2076534464369864,1.4440297954557546
2009-11-18,1.207722279382487,1.1457679027614407,1.1210719506348257,1.2000934781387655,1.5504645916529598
2009-11-19,1.197434551489032,1.1499970651433458,1.112492048658305,1.198773948873871,1.5596398406011405
2009-11-20,1.1955440892178657,1.1484071513206613,1.1137713822953128,1.2015562068848116,1.5579200231897568
2009-11-23,1.1333506081626028,1.1578210541359517,1.0951589291227741,1.1370925968951637,1.5734515578875095
2009-11-24,1.125531697627612,1.1642903639483377,1.0738674427231916,1.1316976732295339,1.5803345442494603
2009-11-25,1.1271073054843648,1.1762647620277764,1.0764489684024592,1.1371419544886738,1.5798437578657112
2009-11-26,1.1347689620250716,1.175771382320281,1.058980543835908,1.1314822297892553,1.6347073724952
2009-11-27,1.1309408144675508,1.1761651080116273,1.0510070411832066,1.1301386551938661,1.6514455683990592
2009-11-30,1.1304063901921926,1.2011832090807437,1.0526449394032988,1.1516329367096232,1.6022040997396323
2009-12-01,1.1311907202364104,1.2008459329371997,1.0523429628860042,1.1508570282037245,1.602064955986318
2009-12-02,1.132300820150378,1.202020758806736,1.0522031273606671,1.1506739210011736,1.5990514994170815
2009-12-03,1.1291778340096816,1.2108133332723212,1.054247138611481,1.1578918639766098,1.6223529057634773
2009-12-04,1.1122871980202313,1.2043076020103847,1.0396622232960009,1.1766962230918248,1.6798180785925065
2009-12-07,1.0973905818086256,1.1960862399819312,1.0411866748396792,1.1671858819485696,1.6831667648112933
2009-12-08,1.1102253343824664,1.201600243300718,1.059737731625406,1.1689838589826158,1.6832359984998655
2009-12-09,1.1096477443365436,1.1999935989825172,1.0668016398821174,1.1799532904996197,1.6827197172774724
2009-12-10,1.1239701029113391,1.2072424499396779,1.0609324392828146,1.1999090067149019,1.6752924050127393
2009-12-11,1.138113490109382,1.2232951131824534,1.0592424323342065,1.1970324933702843,1.6740482954837694
2009-12-14,1.1499631188384791,1.2275906189254278,1.0626005496528614,1.1885737590961036,1.6645831410727874
2009-12-15,1.1498287915556171,1.2272107600625837,1.0657882113994595,1.1923118564936366,1.6657321120841226
2009-12-16,1.1536158006863186,1.2262569800891507,1.0659183583823497,1.1903959181891017,1.6651634748383979
2009-12-17,1.1465722399824476,1.2261146497160789,1.0515611574511878,1.187816880522054,1.6625516326734
2009-12-18,1.1405735003215602,1.2285201081886052,1.0448933515189758,1.2016149868712693,1.6604568505615214
2009-12-21,1.1436108722783238,1.2346335294765722,1.0433732360195214,1.2048138731010611,1.6683017015490464
2009-12-22,1.1457989653905392,1.2378819151896046,1.0535461219058853,1.2120317079636558,1.6737006658710696
2009-12-23,1.1402972849451938,1.2316296378305067,1.0547770298833687,1.2089553793948733,1.6818578718488046
2009-12-24,1.1384104038043172,1.2335233459987245,1.0578873716208548,1.215434328763667,1.6780613498504349
2009-12-29,1.1467421575668408,1.2432951011720301,1.0631139989160152,1.2234245917486946,1.6869410555711044
2009-12-30,1.147651608831434,1.2414605758491972,1.0625468747756643,1.2227014420880158,1.6881592129629366
2009-12-31,1.144633319008447,1.2411832115297525,1.0613452361657074,1.2222896339186944,1.694146401246112
2010-01-04,1.1410186396160802,1.2392080933837608,1.0592549056046994,1.2214170111188514,1.6897148936127753
2010-01-05,1.1474849630284647,1.240309470000603,1.0627524801712727,1.2230174829940053,1.676475530959596
2010-01-06,1.1531810887839269,1.255540842989995,1.0659218000276123,1.2337443931963292,1.6765532233562161
2010-01-07,1.155412942524733,1.2575477155583252,1.071029168687928,1.2397905492867678,1.6897909717181523
2010-01-08,1.1549089313668128,1.2575165151109677,1.0747833613556987,1.2430268321971247,1.6907090953420578
2010-01-11,1.1564274446494736,1.2571017140140779,1.076591545809162,1.2411528021552782,1.69133016397391
2010-01-12,1.1555950440496003,1.2557702341000738,1.0734625121917885,1.2357543767752055,1.6928370226857403
2010-01-13,1.1654734224381262,1.257164608077826,1.0834686359400059,1.236958439739495,1.7066743789433525
2010-01-14,1.1668758410577191,1.2595532903650903,1.0850701665666385,1.2395263001517571,1.7136833690286892
2010-01-15,1.1689794050943814,1.2614075946468026,1.0881048936838904,1.2406293757149842,1.7179152627828005
2010-01-18,1.165153296892604,1.249628373528117,1.0858002255124002,1.231312739844304,1.726407366445727
2010-01-19,1.164106716364115,1.2380840118356853,1.0803922319481936,1.219916399959861,1.7137583148235982
2010-01-20,1.16894459640952,1.2346583474660575,1.0751591167862111,1.2282141522013397,1.7220512989377887
2010-01-21,1.1519580478301048,1.2189589974525106,1.0542280650451026,1.20072614276881,1.7480068187407463
2010-01-22,1.1580457885367907,1.2300823513766614,1.0647541630493795,1.2116989889322078,1.7697630283458448
2010-01-25,1.1432018941836364,1.221837616876418,1.0546919472015421,1.1969872863099353,1.764972129959435
2010-01-27,1.1382951759249098,1.2125916439842344,1.0589001784656837,1.197147249810901,1.7504823907742282
2010-01-28,1.1387521046354618,1.2128915525136448,1.0599633808733067,1.1976286898084672,1.751499666705974
2010-01-29,1.1435409714945184,1.205044499224151,1.0608660525708364,1.198125913592333,1.728610348916892
2010-02-01,1.1371010302914955,1.202448155821783,1.0584131865823407,1.1925308390527307,1.7264672196731177
2010-02-02,1.1466580817068739,1.2009644601256515,1.065114728924628,1.1803547650079687,1.6941818375699977
2010-02-03,1.1430997359618351,1.1942496553555642,1.059256759171007,1.1696454145414996,1.70729410009212
2010-02-04,1.1409890763226278,1.199524594824946,1.05615840112715,1.1767840904156828,1.720025663529536
2010-02-05,1.1300364381826686,1.1937438569630625,1.0579516641058961,1.175937820762386,1.7389340138586593
2010-02-08,1.1289049047477344,1.1935368429891022,1.055655760852705,1.1767530760558331,1.7439286438151762
2010-02-09,1.130578070660941,1.194982391034297,1.0576228485245236,1.1745590995529283,1.749210631823748
2010-02-10,1.1247891494298417,1.1996952178426454,1.0528846945573207,1.1810225883077754,1.753017236779789
2010-02-11,1.1274090523771472,1.2057238110762154,1.0516563296832975,1.1618767018871685,1.7517319281134722
2010-02-12,1.1239899029266396,1.2124193992761174,1.0556299505927071,1.1665222960178043,1.7580430944485206
2010-02-15,1.1203213957356468,1.2042548123630488,1.05715121666461,1.1554234792157314,1.7563591430549474
2010-02-16,1.1280984680279695,1.2200320912516784,1.0614141444748044,1.1636373068477512,1.7444844787629747
2010-02-17,1.1290356482455477,1.2239015304253797,1.0588082154300456,1.1733797260649756,1.7425938914508188
2010-02-18,1.130993145517409,1.221475584830344,1.0498715234962999,1.1743240203009522,1.7290600156324436
2010-02-19,1.137995885977423,1.2275472122776752,1.0538534829689643,1.1818683902824254,1.7259754605413233
2010-02-22,1.1384899254820207,1.2182594577854866,1.056867240143398,1.1874685914882794,1.7130787140810324
2010-02-23,1.1379970330477092,1.2175507351406136,1.0563190624919674,1.1865249261132966,1.7108750601734999
2010-02-24,1.133996107314094,1.2203308015639094,1.057274815905436,1.179620568331355,1.718596468405931
2010-02-25,1.1349987275515705,1.2153291481497297,1.0548107932121054,1.1801469426299283,1.7194475567142138
2010-02-26,1.125660056104785,1.2299500006185855,1.051644416693188,1.199192985249547,1.6952391215084364
2010-03-01,1.125419326198065,1.2286602620306957,1.0510913163230151,1.2005505434739883,1.7292369712685705
2010-03-02,1.1165026133800087,1.23482203243433,1.048106405870877,1.1908352557740491,1.75584442375623
2010-03-03,1.1167021415549436,1.24177902004813,1.0486531890686472,1.188768199476012,1.755506374381958
2010-03-04,1.1170997583928228,1.2497902330452548,1.051582639106148,1.1850394188414013,1.7458779056866598
2010-03-05,1.117515735760379,1.2508386358616788,1.050755793322302,1.1848266272598769,1.7465228953962264
2010-03-08,1.1081054942628576,1.2469354630862817,1.0445022583773549,1.1816123692517264,1.7503339844661205
2010-03-09,1.1045003374218678,1.2578077282687894,1.0420404007476307,1.1773038612673785,1.7451898326650803
2010-03-10,1.1046262537693892,1.2614675219255689,1.0398129163414271,1.1747575392974137,1.7407846801189577
2010-03-11,1.0895003625473174,1.243596313386929,1.054078705814486,1.1668792217068757,1.6940864647929939
2010-03-12,1.0898651620161892,1.2439844180638537,1.0543250656358585,1.1673630684007879,1.6943715656009106
2010-03-15,1.0787180580706612,1.2483443282837294,1.054464933695536,1.1762723862125302,1.6653410288653163
2010-03-16,1.0792966081072812,1.2494422975731427,1.05498280734069,1.1786223028784288,1.6680947552524275
2010-03-17,1.0709373517419059,1.2451099281515323,1.0522729261802806,1.1835912598729237,1.6496620437716063
2010-03-18,1.071601143233556,1.2427450466986565,1.0525536808426854,1.182118056982198,1.6435150736094912
2010-03-19,1.0682344408141558,1.2396188331588749,1.04133619760303,1.169863077460759,1.662442527137386
2010-03-22,1.0742855377227487,1.2404026598130695,1.042048375284216,1.1707002065546448,1.652542227417484
2010-03-23,1.0718246014995547,1.2398369756328733,1.0396403929741118,1.1680387171479203,1.6642099688590366
2010-03-24,1.0799722293272456,1.2349363683186212,1.043243538324265,1.161127315024123,1.6563205458213404
2010-03-25,1.0801933954454892,1.2351152842061857,1.0484209934819604,1.1651475744291553,1.6551216678238028
2010-03-26,1.0862417864962421,1.2401295300372237,1.0613140355748507,1.1526931803787985,1.661737130438249
2010-03-29,1.087962461548669,1.2343594764476489,1.0613101724614766,1.1527624787452473,1.682221448053552
2010-03-30,1.0870157013838562,1.234940382208171,1.0621415264565193,1.152892577108861,1.6789828638095878
2010-03-31,1.0955976193981862,1.2159844279240175,1.0669946015458576,1.1546617224843967,1.6679910360063055
2010-04-01,1.094584119608324,1.19696167527948,1.062671266600231,1.1332303858911073,1.6573151549777128
2010-04-06,1.0919061954306832,1.1932389478294287,1.061826739288031,1.1345104548939213,1.653220863130691
2010-04-07,1.0920216703807215,1.1903241305002221,1.059370566695351,1.1358183458542603,1.6414375079580794
2010-04-08,1.0782089585573598,1.179565017944096,1.0682669678836334,1.1257712349607474,1.6243704764050109
2010-04-09,1.0763915096473171,1.189857640372699,1.0747385335954078,1.1245326667544697,1.6174011394790742
2010-04-12,1.0741087569937917,1.1871310764015917,1.0678077066844847,1.1135044166693586,1.5797996395482194
2010-04-13,1.0732881440581348,1.1837227469472968,1.067210344345393,1.1098189263464926,1.5736400249800626
2010-04-14,1.0744917351328602,1.184858158069257,1.0736112774126145,1.115835598652451,1.5756166568062528
2010-04-15,1.074638989920427,1.18521362527158,1.0733808345807463,1.1156396417687036,1.5756965076460028
2010-04-16,1.0718306904008963,1.1845559217244608,1.073844755275931,1.1194021061638777,1.577347189456469
2010-04-19,1.077499400325584,1.172125109520978,1.0740245538106947,1.11282913606334,1.5713571833687026
2010-04-20,1.0796968430599108,1.1728216959501039,1.0757983734101553,1.112897038774185,1.5740383678235303
2010-04-21,1.0849880487099524,1.1569887105976624,1.0747272294864871,1.102188730096138,1.5524293554562727
2010-04-22,1.0788681211072284,1.1602547645970722,1.0759944942076716,1.1012630377034578,1.5489139815226949
2010-04-23,1.0823347681691378,1.1616701828145175,1.0799957556500486,1.10191121168378,1.5495258539970533
2010-04-27,1.0819717461987215,1.1548619566728726,1.0781677346976821,1.1003505558151006,1.5500221631145135
2010-04-28,1.0765083919647374,1.1452280342701169,1.0678361418688445,1.0900811883094221,1.5501557067044107
2010-04-29,1.0814052941812584,1.1629531013400682,1.0718694664071644,1.0908924834448206,1.5416704200830131
2010-04-30,1.0825884405645865,1.1634252700610774,1.0707570065037877,1.0912970386302714,1.545901169087319
2010-05-03,1.070477589884203,1.1535565276745976,1.071316877721655,1.0815773757980034,1.5772743110017247
2010-05-04,1.0713091700645658,1.1519238437513823,1.0707800732931136,1.0793816732351527,1.575365748786906
2010-05-05,1.0764560146604412,1.1633045461702216,1.0905069671841134,1.085996660901767,1.5712490051339398
2010-05-06,1.0940485928789188,1.1763065022362507,1.1059517263807355,1.1008884184376444,1.5681860505742349
2010-05-07,1.106385733814201,1.1935781689023115,1.1160493657618222,1.1029954183967985,1.5652494133506074
2010-05-10,1.1240912638079308,1.1991061829795069,1.1194795822531587,1.1093230227492659,1.583695139806545
2010-05-11,1.1302673498925664,1.190726265922926,1.1219170618029342,1.1082038534885514,1.5676954290446785
2010-05-12,1.1293954392136911,1.1909589684082218,1.1244221569327484,1.106432425920551,1.560204444004069
2010-05-13,1.128344502137785,1.2083060349799406,1.1448098643884548,1.1263871335118658,1.589604335722483
2010-05-14,1.135178474894887,1.2130797242225386,1.1477873208625688,1.139314551736663,1.5829258982087904
2010-05-17,1.1322163134673304,1.1995197601546839,1.149280749068815,1.1377492334156782,1.5510098134620847
2010-05-18,1.1373095462147214,1.2002825486781632,1.1476566650662534,1.1432963843387045,1.5608979568726435
2010-05-19,1.13966367536915,1.2092423886682888,1.1533244074667328,1.1444512997719636,1.554137145776351
2010-05-20,1.1424552282215992,1.2097354494112846,1.1635290750978442,1.1513744273924387,1.550818403276436
2010-05-21,1.1459860456290318,1.2169822725474067,1.1667747392367152,1.1497366202153376,1.551506587079237
2010-05-24,1.143137004393578,1.2174389609009657,1.1698720684803927,1.1595209829382953,1.5297054908156247
2010-05-25,1.1460480664202966,1.211712285752376,1.1707494618544632,1.1492289425889608,1.5376685704248296
2010-05-26,1.1464006442931998,1.2069682508699366,1.1657507082406149,1.1532012201594593,1.5357646004667083
2010-05-27,1.1278885328938093,1.2109974379710375,1.1704109475732525,1.148387493385281,1.529113346240256
2010-05-28,1.123692998856747,1.2143260094528372,1.173219775936438,1.1406195704371282,1.5193639758104016
2010-05-31,1.122238944258227,1.2149949144139554,1.187912735535339,1.1446051295654223,1.4689981747153311
2010-06-01,1.1293521547892058,1.219076896726393,1.2019416499379332,1.159192744319647,1.4692589788906891
2010-06-02,1.133537066173353,1.2211703029834455,1.2023475252214348,1.1575226495806497,1.4736269743619472
2010-06-03,1.150789693065177,1.2394148455950869,1.217696263610631,1.19251392559657,1.4803158748753498
2010-06-04,1.1563203507800135,1.2426429383188269,1.2207766332846985,1.2034638312915424,1.4741206823625133
2010-06-07,1.1594604461389229,1.2391844679001958,1.2188291721444673,1.2040289619746656,1.4792699264015032
2010-06-08,1.1593323417449637,1.247021301689089,1.2234716857543118,1.205142718046524,1.4651377894218045
2010-06-09,1.1627668315640962,1.248968967288234,1.22493388578104,1.205765743671597,1.4632106040103638
2010-06-10,1.161892672985032,1.2476522619064658,1.222987483427704,1.2042794711282672,1.4653095444090847
2010-06-11,1.1674096676389096,1.2487248281178183,1.231618912256192,1.2056149576802866,1.47480878416048
2010-06-15,1.1763745145515898,1.2532690441219148,1.2428004142697902,1.2007061736666134,1.4678089779306571
2010-06-17,1.1771175854036362,1.2555926393473231,1.242852219653144,1.196567042994166,1.4528434583390508
2010-06-18,1.17777690003417,1.2586179245998017,1.24597897657182,1.1963270408435553,1.4560503318281754
2010-06-21,1.1761782624979344,1.2562825612174546,1.2438177739738419,1.1970086217328764,1.4508265922982548
2010-06-22,1.1765996337245956,1.2538087477813114,1.2472257398635773,1.1985386346401936,1.4506607836497771
2010-06-23,1.177937803888367,1.2552147551173707,1.2473195616751758,1.1997775172566458,1.4454848944922547
2010-06-24,1.1789413164872564,1.2567818400105852,1.248770198831416,1.2002342098503354,1.4494526513629074
2010-06-25,1.1792820347826345,1.264558880467069,1.2480199580635019,1.204711655480097,1.453815110822827
2010-06-28,1.1726511800064512,1.2572123542788756,1.2450653279491226,1.2027401785983116,1.442443360992123
2010-06-29,1.1748285696672756,1.2568414348043964,1.244522363183436,1.204317029221948,1.4462776778746165
2010-06-30,1.1863656944247516,1.2643758649582568,1.2394985584947096,1.2070192264944948,1.4445847460243708
2010-07-01,1.1899751625505408,1.2554404636312395,1.2382951318272728,1.2167539724678145,1.434731169172564
2010-07-02,1.1902333525641964,1.2553445252074313,1.238349325302365,1.2169500880245339,1.4345924514159025
2010-07-05,1.1929224166826413,1.2633408000241266,1.2397895963414023,1.2227980188022636,1.432385317749911
2010-07-06,1.1992970517352008,1.2740826225336732,1.2459690329264672,1.2290895341806576,1.4424396042692296
2010-07-07,1.2011565618091116,1.2750363105072466,1.247224326696465,1.2303965799534813,1.4464341304412187
2010-07-08,1.1993256885702528,1.2741144748343403,1.2517754678885589,1.2398130436968107,1.467044158546405
2010-07-09,1.1974499412866602,1.2742771068203764,1.2511484402306763,1.2380728514712587,1.4701229586878133
2010-07-12,1.1969965804595675,1.2737571797879503,1.2538169709352067,1.2377667815430982,1.4705167243666255
2010-07-13,1.1924096826025183,1.2700205009057857,1.2554769244781636,1.2379738746917877,1.4729113704082186
2010-07-14,1.1961083976396762,1.2609338801086198,1.265538709582996,1.2425230475853577,1.4757981623336043
2010-07-15,1.1981259191979499,1.2634708522613616,1.2678841065119792,1.2487608354000983,1.4722933086336312
2010-07-16,1.2014612143865613,1.260938174506811,1.2750643012150271,1.2567833125393617,1.4717386476086556
2010-07-19,1.2014696702365535,1.2609179792727054,1.2757403090949357,1.2594402316518445,1.47430794735573
2010-07-20,1.201601218049531,1.266019599252535,1.2822789912811416,1.2635092256180993,1.4759619082624176
2010-07-21,1.2016813742637182,1.2653327899002353,1.282392751641639,1.2636171940163152,1.4762238914677972
2010-07-22,1.2088942566921488,1.2681797365797707,1.2880047421322656,1.2656263515888961,1.472891154873975
2010-07-23,1.2102193012359184,1.2666484425302518,1.2883039034799237,1.2585971585434037,1.4730155451903166
2010-07-26,1.2071778150221855,1.2704474466713207,1.2871346428287462,1.2592731137025086,1.4827728659249713
2010-07-27,1.209575025730233,1.2740196831738873,1.2921498171260237,1.2628814248992897,1.4699450189406014
2010-07-28,1.212621436270492,1.2708692052398813,1.290203379141729,1.2651330392789855,1.4623156423782155
2010-07-29,1.2130034483231338,1.2708368107777783,1.2919458830929538,1.26662084691465,1.466831645434149
2010-07-30,1.2029974520249678,1.262309653933324,1.288255668981441,1.258756409424254,1.473894845815205
2010-08-02,1.1988957953905723,1.257169809525091,1.2871870079938617,1.2466921749227937,1.4774543095916772
2010-08-03,1.196542264071981,1.251545484702919,1.2844789218085428,1.2426823412641173,1.4862086061781494
2010-08-04,1.1961614528600386,1.2435311225036965,1.2900581751177813,1.2377809867454403,1.486735614941026
2010-08-05,1.1890847989947333,1.2427188405767295,1.2914367873790746,1.2352882316188174,1.4816755406025686
2010-08-06,1.1854285879428292,1.2452895492528426,1.2821636626902742,1.2382236889641831,1.476331430182864
2010-08-09,1.1874524531923056,1.243533586626678,1.2828166061302513,1.2375189905447914,1.4778039222407116
2010-08-10,1.1847314743291306,1.2464400054868292,1.2857418587385043,1.2402116424701992,1.4775784980733844
2010-08-11,1.1909406889428755,1.244380766035051,1.292108618015359,1.2360097012208713,1.4732425979853685
2010-08-12,1.1869620860141363,1.2414695607475759,1.2887002935058625,1.2322844657915881,1.4733021911142967
2010-08-13,1.170697752270187,1.2255581888363534,1.2790600387405042,1.223974666626506,1.4782560069283845
2010-08-16,1.1732780042326132,1.2218261403622264,1.278623725907287,1.2197642045922448,1.4775830820954863
2010-08-17,1.1777610213065226,1.2214663255614355,1.2789184408657108,1.217391697398988,1.4721709876451428
2010-08-18,1.1777678213693574,1.221312656139209,1.278430544984844,1.217655968271543,1.470969345486244
2010-08-19,1.1771906779522052,1.220935252279152,1.2779035093645306,1.215826055102244,1.4728391523606517
2010-08-20,1.1789754677432376,1.223733586601924,1.27779164347795,1.205658292103029,1.475752226081589
2010-08-23,1.1729865478601746,1.2111248134535797,1.2788854205356461,1.2009444107103893,1.4797094906277142
2010-08-24,1.1847061974097717,1.2121125614043502,1.2810336351695284,1.1990421714368953,1.4839945866370623
2010-08-25,1.1878897724897224,1.2151641663443957,1.2795248787956262,1.2015382031679527,1.4873950259635125
2010-08-26,1.1914528824836184,1.2189275754998918,1.284549606635949,1.2041267069558284,1.487638617529272
2010-08-27,1.1915546745161854,1.2190449109718793,1.2855344686793453,1.2039373617290043,1.4863734563675486
2010-08-30,1.1947322879675808,1.2168239878790057,1.2865634429439292,1.2047421881232465,1.4903306996062093
2010-08-31,1.1936498062255747,1.219371735244019,1.2921398140783797,1.2092115254792648,1.4910323160338648
2010-09-01,1.1908638773534663,1.217421909106831,1.2918625535553026,1.202245889995215,1.4782246827612462
2010-09-02,1.1925174572127952,1.212491234142597,1.2919124436659077,1.1929942158980726,1.4679539386935025
2010-09-03,1.1912911106866533,1.210986022545486,1.2915079045274391,1.1925277031925112,1.4673558355536955
2010-09-06,1.191018404610879,1.2113518551690874,1.2921116445623941,1.1941357156818986,1.4538797294627288
2010-09-07,1.1910649022016182,1.211374265963234,1.2937578374982088,1.193638620849518,1.4553967464340003
2010-09-08,1.1909493251949796,1.203704215674941,1.296438324057299,1.1896282495254187,1.4468962569777173
2010-09-09,1.1913176658993647,1.2122395143913773,1.2961515538543347,1.1895393199111435,1.4480364318547596
2010-09-10,1.1899111457293705,1.2147615273250878,1.2986269930501537,1.1919888209888887,1.4511796298102146
2010-09-13,1.1904152029428254,1.217738383603411,1.3005812991892738,1.1894244708639152,1.4560013028661616
2010-09-14,1.1886517319017658,1.2104402092272244,1.3006491293104572,1.1829100200828202,1.457861257093712
2010-09-15,1.1876039809777783,1.2153259327120325,1.3019042594735932,1.1819775048588224,1.4622632971353233
2010-09-16,1.1816509093248737,1.2095409239348462,1.3016745556420208,1.1811908226852126,1.4583141818217826
2010-09-17,1.1790273364462205,1.2089380267527907,1.3031075627700375,1.1882922632801458,1.4481259034300014
2010-09-20,1.1792149526622937,1.2115875524894253,1.3041153258252411,1.1909321537104538,1.4521906597029375
2010-09-21,1.1787803547917235,1.210859477519915,1.3045586980756876,1.191556780324233,1.4525063696272158
2010-09-22,1.1787396465525797,1.2111147123609318,1.3056789715163495,1.19253181338407,1.4543028445880404
2010-09-23,1.1759896752757035,1.2066471515640702,1.3091858342458587,1.1965127594468312,1.4380991246271921
2010-09-24,1.178766923014683,1.2072617188877066,1.313946049771032,1.1983104504981992,1.4375626913728947
2010-09-27,1.1772101382932543,1.2051260019616907,1.3113766476842528,1.200723381289624,1.4400866470892761
2010-09-28,1.1782971127130244,1.2088383474485809,1.313104408203007,1.2086820069938844,1.4434885644821986
2010-09-29,1.1783664111476662,1.2086842664906632,1.3189477036948325,1.2107752912976593,1.4509882885006529
2010-09-30,1.1787325190049918,1.2102312428148634,1.319641331548226,1.2114395163015599,1.4521993615997688
2010-10-01,1.1769670104020757,1.210099052706015,1.319641930749431,1.211214629070639,1.4515858377003208
2010-10-04,1.182158707461175,1.2187716427257134,1.3185802429749154,1.2131177728190907,1.43500054633959
2010-10-05,1.1824588411668384,1.2154735457574484,1.3208778233778484,1.2100216355632487,1.426278095541778
2010-10-06,1.1781196120733106,1.2162145395509145,1.315604583363829,1.2095295945087061,1.4192686829627512
2010-10-07,1.1704411170456042,1.212405136852589,1.328571633192233,1.2128055293020037,1.3980302121055856
2010-10-08,1.163030618474191,1.1982283891357801,1.3229753243091495,1.2028137965342083,1.4067030130370177
2010-10-11,1.1633688748121682,1.1994485120394478,1.322075254237399,1.2026181856617355,1.4071880775141108
2010-10-12,1.1589478041616683,1.1958718526057794,1.3208833573765313,1.1977823926877718,1.4020901318392784
2010-10-13,1.1561221534350277,1.1944048569019579,1.3188941033691093,1.195621118813754,1.4101577943797607
2010-10-14,1.1538069254107797,1.1925497620098526,1.3182453321924783,1.194288337726501,1.3882064583633782
2010-10-15,1.153120513418974,1.195405089382402,1.317837040586202,1.1953075065035994,1.3885185736002017
2010-10-18,1.1532426638642255,1.1946618536906646,1.3187303680220208,1.1940249421120745,1.3853484242942382
2010-10-19,1.1520967679087692,1.1911896007434024,1.314987484031247,1.1869173529752604,1.3840920252126274
2010-10-20,1.1537698020048377,1.191263564660918,1.3173816867157786,1.1911221205105567,1.3858172151184394
2010-10-21,1.1535298367818347,1.1914469617179377,1.3174125983371188,1.1914462027294603,1.38559651260035
2010-10-22,1.1559490519958213,1.1884743523873684,1.319230299313567,1.190092181216148,1.3859127850900574
2010-10-25,1.1460913704297488,1.1930917971497619,1.3159425234308761,1.1917266027782292,1.4003626189387606
2010-10-26,1.1481393286928068,1.1943608767047948,1.319084604256399,1.192173120032948,1.4023565501272552
2010-10-27,1.150913308718511,1.1948384304779878,1.3191194699226039,1.1960988519737763,1.4035514195909073
2010-10-28,1.136020222949526,1.1877311726920636,1.3153774900726154,1.2013428072483463,1.4011733423868586
2010-10-29,1.1340177223936765,1.187597335458108,1.3236970559609438,1.2052305530285357,1.3919515955206803
2010-11-01,1.1346064795347486,1.184350354903014,1.3301185759819316,1.208466797164724,1.3931649272560709
2010-11-02,1.1344965337361448,1.1800225705804432,1.3304719748339813,1.213398534149992,1.378979555203055
2010-11-03,1.133531582635429,1.1781757566003692,1.3300596967198377,1.2136541731972594,1.3778766855528322
2010-11-04,1.130089323642493,1.1785750602829643,1.3277900006922212,1.2115311426343311,1.3749843473384253
2010-11-05,1.1271956400141134,1.175001924840954,1.3253810687845806,1.2021936848953814,1.385086831436874
2010-11-08,1.1295903028254979,1.1747022812530934,1.3263153888908332,1.2072040828034079,1.3701306833012912
2010-11-09,1.1137629359183117,1.1675929428411116,1.331542650390887,1.2150151103535747,1.372752560031294
2010-11-10,1.11404823673392,1.1670325032150086,1.3353659106028353,1.216853754174659,1.3755001606300536
2010-11-11,1.1176093026085496,1.1650818226811248,1.3348595489051907,1.2152178990906082,1.3829082169312863
2010-11-12,1.1147540499712414,1.1632338676786842,1.3312621749941664,1.2188312649021082,1.3809404619021959
2010-11-15,1.1160984091667507,1.1615453645140426,1.3323973801504192,1.215821978265086,1.3810357187291367
2010-11-16,1.1250585652562344,1.17163736750725,1.3467173923779878,1.2264220292869101,1.3846933180588314
2010-11-17,1.1101878302392196,1.169898556871499,1.3375792170571035,1.223735864107195,1.3771279725702614
2010-11-18,1.1093867408281108,1.1689563093062574,1.336562586768488,1.221033366411107,1.3781953661235538
2010-11-19,1.1093813670566395,1.1690530569804412,1.3371626013530953,1.2210788293819619,1.3779155969465537
2010-11-22,1.1132294312546904,1.1723628362331242,1.3364905741260285,1.2172382067556407,1.3783419013321596
2010-11-23,1.114096648615938,1.1786568673784628,1.3406035842744308,1.214293032473742,1.380484325665922
2010-11-24,1.115714088462118,1.1772252556728053,1.3407294470122038,1.2162221742137604,1.3818407803275634
2010-11-25,1.118933862793128,1.174579233288328,1.3378738852513223,1.2154084493003585,1.3848646286263406
2010-11-26,1.1184590471120417,1.173699592998575,1.3367536636124173,1.214705523723075,1.38506198928129
2010-11-29,1.1194393613742502,1.1689200151740824,1.3396477274340381,1.2143431477172544,1.3738255314927925
2010-11-30,1.1044437985790074,1.1367988082664076,1.33168903534807,1.2014358897238295,1.3481888622574854
2010-12-01,1.1020437867637987,1.1376405700825452,1.332199313431047,1.203419984196567,1.346932374995801
2010-12-02,1.0957771440120416,1.1415074422724985,1.3336187866878941,1.2130885247489815,1.346451350885231
2010-12-03,1.0969454136653818,1.1417155019683072,1.3321737989044442,1.2115319541904654,1.3453564245739924
2010-12-06,1.1054983954881072,1.1405222952208978,1.3345500722886703,1.2164094519023831,1.3507506865319863
2010-12-07,1.1063879617208339,1.1415930048798102,1.3352178560939971,1.217180287031538,1.3482040972486056
2010-12-08,1.1050372379093016,1.14316824370173,1.3353324260638868,1.2190351478176873,1.3456951157159047
2010-12-09,1.107160164961459,1.1484986594742297,1.3393291028890468,1.2195116789102503,1.3509789239691723
2010-12-10,1.1076018854453507,1.1514022741106802,1.344280860325104,1.2216880911724668,1.3466579151006888
2010-12-13,1.1101268638220922,1.1522727896282527,1.3494300569806703,1.226594794164315,1.34372256736221
2010-12-14,1.108944303072797,1.1539514630741776,1.3494122716245345,1.2277976489026412,1.3452944219481497
2010-12-15,1.1099365870981601,1.1545626402788527,1.3497242964424352,1.2266394513966163,1.3463293176936182
2010-12-16,1.1107787521492323,1.1542363712379715,1.3490434608779198,1.226306353432132,1.3476408862042273
2010-12-17,1.1116388896725888,1.1586756270455214,1.3485612821836643,1.2266517710103855,1.34902445866872
2010-12-20,1.1135126406857592,1.1558212182907575,1.3541053195859234,1.2270897547347654,1.3485316121700655
2010-12-21,1.111320998504648,1.1573636445366537,1.351602430954951,1.227506734827239,1.344642006443673
2010-12-22,1.1159690846491528,1.160059586520683,1.3428616095108685,1.2236976014410323,1.3448174596186608
2010-12-23,1.1165787726673995,1.1621503140943374,1.3395155985127263,1.2228368517048722,1.3433517654881801
2010-12-24,1.1142808566705529,1.1619203386037142,1.3330407842541885,1.2141201333759526,1.3442949363226429
2010-12-29,1.1146395846164108,1.1596769358841044,1.3396877834037901,1.2142784096220385,1.3493301042811219
2010-12-30,1.1143016762353894,1.1596441735614946,1.3384152151896227,1.2138703503568422,1.3496131391680362
2010-12-31,1.1142345615459386,1.161087238917179,1.34315584001334,1.2161377769528272,1.349359058388971
2011-01-04,1.1143368147209975,1.160994343164985,1.3431636271440779,1.2162685066402967,1.3494474868272355
2011-01-05,1.1144484545150057,1.1605294486918496,1.3451694175004316,1.2188155839954087,1.345523541506285
2011-01-06,1.1144134291232541,1.1603215940995328,1.345257232153659,1.2179114534660749,1.3459542632451615
2011-01-07,1.1129276597372713,1.1594771260488275,1.343218257386976,1.215026733567966,1.3427113527895949
2011-01-10,1.1118999659855706,1.160345004778662,1.3427776950872268,1.2147385918704932,1.3420665196447874
2011-01-11,1.1123031808925012,1.159017400784302,1.345842189374719,1.216037800763202,1.3454218151196924
2011-01-12,1.1168914993129675,1.158533787643764,1.3507779545978706,1.2175808894203777,1.3472085769769269
2011-01-13,1.1154740333249344,1.1591572805486139,1.3493177560576506,1.214918071814106,1.3613397366749147
2011-01-14,1.113884096418526,1.1590738587965077,1.348886762948957,1.2158808001027286,1.354504841242219
2011-01-17,1.1131620458406561,1.1586922209962476,1.3494555550859724,1.2176380133147373,1.346494336131235
2011-01-18,1.1134101966195236,1.156653882487524,1.3471941403151169,1.215398442053432,1.3466393121994438
2011-01-19,1.1077828598325046,1.160148915459624,1.34812041620775,1.2215465210113703,1.3542088360722482
2011-01-20,1.1037484596623035,1.1593223645076125,1.3467401198944182,1.219412665880201,1.363188645931486
2011-01-21,1.1053846790163748,1.1560524270494479,1.3487784617936922,1.2182525542723117,1.3687366898061037
2011-01-24,1.109043247755322,1.1579053936769124,1.357664759753362,1.2151195822849175,1.3652998663132048
2011-01-25,1.108241894156914,1.1585989080651442,1.3542867751231615,1.2114107080753878,1.3682148187587626
2011-01-27,1.1133169514236358,1.1646333702126577,1.3525796340772593,1.213811154658451,1.3828142523334146
2011-01-28,1.1121510277078597,1.1623415819073821,1.3497199921067018,1.2109533336609133,1.3848490822824353
2011-01-31,1.1024087810499317,1.1728435042792058,1.3484281630517099,1.2167697708167808,1.4004391144869115
2011-02-01,1.1051100709394428,1.1735917239101703,1.34820650343275,1.2232221289349756,1.4035556849561868
2011-02-02,1.1079632516940607,1.1904337907572826,1.359919980799515,1.2337626425629584,1.4100620146395946
2011-02-03,1.1123716914175732,1.1942211746168996,1.3671713448582237,1.2407930214743135,1.3942269286158713
2011-02-04,1.1115195910165514,1.1950057532006424,1.3606470909514403,1.2381089731648853,1.3990251455977327
2011-02-07,1.1330652373307202,1.2016840044749546,1.3703050453849799,1.2423200760412811,1.3752302569976897
2011-02-08,1.133673730540297,1.203955819237449,1.3697315122398996,1.242523804795996,1.3736468892563056
2011-02-09,1.1362533994718225,1.2041961182079115,1.3694819532822062,1.2417428487907913,1.3600533568860587
2011-02-10,1.1379997559521822,1.2055542490211362,1.370261541312163,1.2433934328787677,1.3600272781085745
2011-02-11,1.1336154640287865,1.2080664919387714,1.3705817840880048,1.2374231707515237,1.3542407405758148
2011-02-14,1.1288028722232892,1.213672247710954,1.3698793637196867,1.2452781444171575,1.354511065823092
2011-02-15,1.1316743426893765,1.2139768605433567,1.3716798407966668,1.2455440981525376,1.3553685114788276
2011-02-16,1.132819471672537,1.2090462710789804,1.3605861351306878,1.2408375010373385,1.3598982534900916
2011-02-17,1.1255503776586409,1.2012333295516024,1.3619874642650664,1.2229461050620312,1.3693685645409692
2011-02-18,1.1253940565243412,1.2018874611421393,1.3623927591251144,1.2240517528065415,1.3697244942632898
2011-02-21,1.1245365412734682,1.1979538435553498,1.362571094388677,1.2245215716303235,1.3679571596476485
2011-02-22,1.1219114585545809,1.2130618127581956,1.3622462428187503,1.2217041135154196,1.3714865003059087
2011-02-23,1.121667562262353,1.2128423098354069,1.3620498703540642,1.222098162509842,1.3718432815461583
2011-02-24,1.1261521536582286,1.2047911641680136,1.3594331726649025,1.226624873657479,1.367299115324674
2011-02-25,1.1252072261729569,1.2142371025788914,1.3675779415683373,1.227482226874501,1.36316940633236
2011-02-28,1.123727495976955,1.2066560261115367,1.3660355626316147,1.2156923859129638,1.3680169186004625
2011-03-01,1.1246661926332024,1.2100433585164798,1.365940031363399,1.2127976589416998,1.3663862730799747
2011-03-02,1.1247154787506872,1.2095806269810427,1.3645220425609277,1.2121341053188657,1.3688280060940683
2011-03-03,1.1257896414099764,1.204512790669752,1.364298492606764,1.2140400360853578,1.3684841679471842
2011-03-04,1.1249919835533322,1.199690688093721,1.3650961510085844,1.2109947035261652,1.3599131502008792
2011-03-07,1.1269790401760842,1.2002935661542802,1.361909361442014,1.2069427965848636,1.3567017761416431
2011-03-08,1.1326576160964625,1.207134208678498,1.3659962893860371,1.2123645174391755,1.3494634766109461
2011-03-09,1.1308008262657785,1.2046004423003103,1.3632154436901849,1.2088323910747898,1.3505990393134744
2011-03-10,1.1228907233247662,1.1979391000808661,1.3554600465299573,1.2024973720147878,1.3447124923543263
2011-03-11,1.1206880814614124,1.194235076051865,1.3530953766219964,1.2051089628055474,1.3446686455483712
2011-03-15,1.1139642042887132,1.1819842995645464,1.3311333644207783,1.1976754318170966,1.3467760874040569
2011-03-16,1.1141652789195906,1.1822275187247757,1.3268254028820918,1.1947126238457395,1.3474849737676553
2011-03-17,1.1144603944717444,1.1830791085953816,1.3260192083219962,1.1946139749363662,1.3484429149508688
2011-03-18,1.1128474601717586,1.1816321217636396,1.3205319833758244,1.1868329977275887,1.343833201334613
2011-03-21,1.1126837629919526,1.1830353401069784,1.3212564542657348,1.1877278467814218,1.3431015789814855
2011-03-22,1.1135547926471352,1.1827320913761914,1.3211062253181092,1.1871154319612094,1.3437851343161473
2011-03-23,1.1145541654010762,1.1838362943265492,1.3212981264935255,1.1847640166729099,1.3463094149192156
2011-03-24,1.110155927355643,1.1739306056716172,1.3222924756109307,1.1755571456693705,1.3444320776190097
2011-03-25,1.106385934825032,1.1737338199641185,1.3219331455076768,1.1737193757153261,1.3469070366147928
2011-03-28,1.1064610116560953,1.1735059259798608,1.321463256498479,1.1733403347501097,1.3470148921035987
2011-03-29,1.105757807203578,1.1740734480577992,1.3218852012683509,1.172692363069335,1.3460807192693718
2011-03-30,1.1045548164184977,1.1708120982832537,1.3153961267356729,1.172295518175029,1.3413386431178806
2011-03-31,1.105279140224904,1.171665187650832,1.3156709264015245,1.172020896403695,1.344754040427066
2011-04-01,1.1058225816563518,1.171396278732684,1.3155276359247714,1.1736006005194806,1.3365826406050634
2011-04-04,1.1028686091786617,1.1715241428686187,1.3147643966775722,1.175169120768248,1.3366860092745556
2011-04-05,1.1030445128562383,1.1714081476891587,1.31466660063556,1.1770936479196592,1.3322584024252861
2011-04-06,1.1026818468386543,1.1709057986413212,1.315395838039008,1.176659745311684,1.33022769115622
2011-04-07,1.1050838367116076,1.1692790602732044,1.3145103462910341,1.1747959584595031,1.3319631081045733
2011-04-08,1.1058917771593824,1.1714770053683607,1.3141415134570942,1.1734814379332714,1.3279435042822945
2011-04-11,1.1047034217890588,1.1724909108605135,1.3150408687767772,1.1731684147151222,1.325850668434317
2011-04-12,1.1005342467081323,1.1665140116273394,1.3085276846718035,1.16994153859802,1.328579298232419
2011-04-13,1.0972051563314824,1.165603817063492,1.3079020674994082,1.1671650901357669,1.3311048503834046
2011-04-14,1.0966878140192207,1.1629382442011527,1.305921723276006,1.1684458467321062,1.3297028630750851
2011-04-15,1.098750835668915,1.164246377809919,1.3049353990635928,1.1695971124295692,1.3285779875655412
2011-04-18,1.101124101974541,1.1679732744130242,1.3073169700287564,1.1653532999473675,1.325099895581273
2011-04-19,1.0975228641554797,1.1623811071485408,1.3050466043227302,1.1639063257029574,1.3171057536676487
2011-04-20,1.096701111342972,1.1687353988787574,1.3025637928653424,1.1645603468071093,1.3161433434657224
2011-04-21,1.0960132578072446,1.1707506820928202,1.3030945165554033,1.1657215552180409,1.3138073693165013
2011-04-27,1.0915898095454457,1.1679645535203922,1.3022054458539791,1.163951261090239,1.3117356029898934
2011-04-28,1.0915723286084729,1.1680569795900797,1.302145207749525,1.1639271232712123,1.3117744981124881
2011-04-29,1.0890825117847274,1.1694769720122713,1.3103239666152047,1.160803619127695,1.302625994126208
2011-05-02,1.0909844421038903,1.1677582670309634,1.311956907214442,1.15509037055346,1.3006155978909888
2011-05-03,1.088026955368129,1.1682737896048703,1.3083426946807386,1.160118387040721,1.294894461992276
2011-05-04,1.0914526543562408,1.1739902288199793,1.3171287402609366,1.1670310103781363,1.297575316837565
2011-05-05,1.0914157027946965,1.1785438714720913,1.317076544976244,1.1710300971895933,1.2961291690045713
2011-05-06,1.0857910027210609,1.1650267432109773,1.302194672818161,1.1683931874711266,1.2929636958604382
2011-05-09,1.0789857561978315,1.1557233619270224,1.289737229084397,1.14670457754841,1.2992405890735903
2011-05-10,1.0635694201328743,1.1315703641049588,1.283046799310381,1.1473226162775925,1.2983617203817388
2011-05-11,1.03187230589212,1.1079858976926067,1.2800221167898127,1.1311185107332784,1.2800983781649495
2011-05-12,1.027426390148242,1.1040867483541588,1.2734803606847682,1.1211467992489852,1.2703083585600785
2011-05-13,1.0308709669109468,1.1028682168624142,1.2749045841289801,1.1202696374429189,1.2744069191499374
2011-05-16,1.0307295437042938,1.0953011950113467,1.2758660206982677,1.1116663486740257,1.251337180601213
2011-05-17,1.025479598048387,1.0875678125991783,1.2729341836725159,1.107049849239457,1.2517159395113528
2011-05-18,1.0265162752931074,1.1069787965997924,1.272883427889656,1.115900399488783,1.277695040736117
2011-05-19,1.0247188567981411,1.1085749291241054,1.2647532144508438,1.114989777069933,1.273106641564601
2011-05-20,1.0200755657950709,1.0919802981362743,1.2598813017863124,1.1144141294744552,1.2784075899468956
2011-05-23,1.0084533222978356,1.093921619449356,1.25026140403749,1.1173434790474879,1.276761344049443
2011-05-24,1.0123057148570525,1.0979214651672593,1.2548362238453061,1.1213053367233645,1.2762779344714263
2011-05-25,1.011860416061773,1.0922596315291764,1.2381257213105024,1.0989117751106938,1.2902370725427976
2011-05-26,0.9947799659693255,1.0819762491925566,1.2384994986853235,1.1085320070263578,1.2864894013740986
2011-05-27,0.9964352681534275,1.0900034561891487,1.2476804315233134,1.0996573384927264,1.2897983962846276
2011-05-30,1.0129947239034127,1.0886105636344272,1.2384061041889796,1.1059464458540194,1.2948894713487944
2011-05-31,1.0033841778293184,1.0837318138143226,1.2316751002126691,1.1051476120541441,1.2982168606439488
2011-06-01,1.0008108047541229,1.0842761855708811,1.22805100245703,1.1044963711659015,1.2950804956180317
2011-06-02,0.9957172896838524,1.089783023391763,1.2211098097093789,1.1055730782158573,1.3081479803122733
2011-06-03,0.992371733453683,1.090503217459515,1.218857815547087,1.1048914061197097,1.3139755492318488
2011-06-06,0.9807890752585975,1.075076026085219,1.2171780673498445,1.1008997783846606,1.3176503242286095
2011-06-07,0.98021246908494,1.0794151137689645,1.2151831345213977,1.1025691511359426,1.326279979296159
2011-06-08,0.9812696076448815,1.081414274533874,1.2248002513404066,1.1048417138399285,1.3271193589934205
2011-06-09,0.9810814600832125,1.0777566252878397,1.2240407132496827,1.1060755114199015,1.332831211812741
2011-06-10,0.9807352821920619,1.076636712960774,1.2243180603407466,1.1059884738317367,1.335925919595711
2011-06-14,0.9829011242502336,1.080613846662589,1.227554328961155,1.10599472900041,1.3341104870269538
2011-06-15,0.9772778492498672,1.0813495012608374,1.215938275883111,1.1041065359763962,1.316586870737915
2011-06-16,0.9796432429290534,1.0764322402532227,1.2222089559367892,1.1044288967279299,1.3049123915651042
2011-06-17,0.9836936604019041,1.081455921340621,1.227082323774162,1.1084655928694431,1.3120466206325854
2011-06-20,0.982055974552859,1.0749926723181757,1.2232474462707486,1.1063809369516913,1.3116119740320495
2011-06-21,0.9840559495103784,1.0738248416416019,1.2259024138439116,1.1033278552467476,1.318779218584529
2011-06-22,0.9829477595399051,1.0726033837392825,1.2204104661826782,1.1021500203450565,1.3107576553816003
2011-06-23,0.9724522969471605,1.0735696536846022,1.2124522474288904,1.1064654291120801,1.2986163353113869
2011-06-24,0.9729054020897024,1.0732595760612733,1.211825741588808,1.1063329277967147,1.295153273248603
2011-06-27,0.9733770012792737,1.0640024719828476,1.2078484649146204,1.1065491954769593,1.289930039370078
2011-06-28,0.9758348112267643,1.063683331611096,1.2086831251709562,1.1069051676951112,1.2876649189093854
2011-06-29,0.9735955302609796,1.066090419452601,1.2026105198544939,1.099397124476098,1.2748883608915262
2011-06-30,0.9714355341197746,1.0678367803906685,1.20821583957386,1.0984427963816366,1.2615660374741542
2011-07-01,0.9639113807183478,1.0723406702330063,1.2079083303151215,1.091056969853211,1.2622350361936323
2011-07-04,0.9635659508584642,1.0707685417168913,1.2066985385394722,1.0898896732860586,1.2637550501613801
2011-07-05,0.9652334492086901,1.0696247682911828,1.2057016208433935,1.0908130214211977,1.2633747893616862
2011-07-06,0.95737972293413,1.0578159349584086,1.1952665577395745,1.0794397629778527,1.2429231536737602
2011-07-07,0.9548382095248689,1.0553055928697146,1.194827956078489,1.0771852664578567,1.2384259466138277
2011-07-08,0.947801448503351,1.046110121556594,1.1870019849026652,1.0504581378391427,1.1841466851457159
2011-07-11,0.95783273926845,1.0420641709759875,1.1980821430889594,1.0487164393881223,1.1858922362961626
2011-07-12,0.9591530885541285,1.060073555458265,1.1957559179644972,1.051429665682937,1.22609017987734
2011-07-13,0.9632645070175179,1.0628773658934243,1.1966217809995414,1.0509257483468786,1.226035307548836
2011-07-14,0.951276155195486,1.0689085502732485,1.1893418254998434,1.0463322407843436,1.2297289081011515
2011-07-15,0.9507470019995878,1.0667677744835036,1.1889278235078264,1.0465065372331241,1.2229119249165492
2011-07-18,0.9520628174108479,1.0676653356258792,1.1884421051070173,1.0470908876266543,1.2203935414587241
2011-07-19,0.9499499320797354,1.0650722829511257,1.1863566085900363,1.040381305995003,1.2160187677461967
2011-07-20,0.9548328294529767,1.0699836199931207,1.1875537042235096,1.0400008844475184,1.2130141105780239
2011-07-21,0.954621510182681,1.071926030298075,1.1871476593062444,1.0395928431616253,1.214014903106546
2011-07-22,0.9499498443170631,1.0753223853483342,1.1896255416133668,1.0420311519215928,1.226386638712394
2011-07-25,0.9451188306956003,1.0762585345028395,1.1830121420396482,1.051158689163206,1.236544888414671
2011-07-26,0.9480341970462551,1.0714482037116517,1.1755998576153948,1.0491387413487905,1.2385172327816343
2011-07-27,0.9470366496857489,1.0737773568833797,1.1756388084135079,1.0502010954484595,1.238138927458018
2011-07-28,0.9386796419101813,1.065239060950066,1.1696643235303796,1.0446997017993114,1.2687799294741242
2011-07-29,0.9369521520032182,1.0644349385815641,1.1703680952087825,1.0438700485807277,1.2695734695606824
2011-08-02,0.9362446942700479,1.0636861514544527,1.168880580883952,1.0439984369486675,1.2587624838334435
2011-08-03,0.9280295210505394,1.0764648001632566,1.1539211838523127,1.0456510511077333,1.283898812539687
2011-08-04,0.9339837805194893,1.0877599568918919,1.1559851730628616,1.0544094110592659,1.2722320713268402
2011-08-05,0.9106601222884804,1.0805640440855946,1.1100203980488783,1.04049478974207,1.3125933983476126
2011-08-08,0.8945857410060757,1.0922844749084015,1.0976821534096348,1.0427193161654291,1.2776354018360112
2011-08-09,0.9102360572251095,1.1017315531557204,1.1033328760586318,1.0519831457865174,1.286131144828613
2011-08-10,0.9041641247939932,1.1428228974585084,1.1238986540762677,1.070681596952972,1.2368375150998399
2011-08-11,0.9069132539623366,1.1380620102961694,1.1193488011711101,1.0666001516403096,1.2354854272471927
2011-08-12,0.8926857164561741,1.1320448507519172,1.1021148890881747,1.060208318406551,1.2416191789995281
2011-08-15,0.882368089703981,1.131425265766315,1.1103244859893318,1.0759773256550023,1.2383761462539769
2011-08-16,0.881946966344466,1.140141033433808,1.1241621607718353,1.0849958176683234,1.2214606687592455
2011-08-17,0.8828142518511218,1.1335363329618946,1.1234242412595565,1.0838384541046544,1.2277921860834105
2011-08-18,0.8748485582680655,1.1282102308385011,1.1180425459528303,1.0802699810809986,1.2275108195947295
2011-08-19,0.8721315777207772,1.118483323221348,1.113001321686035,1.0913487464045637,1.2481670123862885
2011-08-22,0.8719744680304765,1.1190398039136127,1.1151712360693649,1.0927417900157175,1.249678660797953
2011-08-23,0.8727393991951087,1.120683527505202,1.1257490554907355,1.1081446257295244,1.259422852815638
2011-08-24,0.8730598316136727,1.1213546267206422,1.1263001511896877,1.1084790142330734,1.260234490372738
2011-08-25,0.878257485026423,1.1233498077068802,1.1193938529482839,1.1067186076271236,1.2574370655644636
2011-08-26,0.8715023168223229,1.1207881057283893,1.1175598956069737,1.103857945065768,1.2572562008743002
2011-08-29,0.8685150880114683,1.1173634840003128,1.1135120614241198,1.1036122502697294,1.2645336773084082
2011-08-30,0.8681556513312647,1.1181502757167157,1.1128068488422385,1.1041173629806063,1.2679890250289394
2011-08-31,0.8594429527185002,1.116656647173689,1.1078572915328597,1.1020844623520119,1.256350861467134
2011-09-01,0.8608443124557048,1.1153839152205438,1.1004380739583697,1.0999414707254969,1.2593318985093043
2011-09-02,0.858231686437995,1.1100631919466415,1.0899853649188358,1.098936568998841,1.284388386106635
2011-09-05,0.8600764980814297,1.1152484880003588,1.0884997051721335,1.0969547220120388,1.3046736831311132
2011-09-06,0.8576600514666642,1.1224341355221268,1.0938989313844332,1.0910351478503937,1.3157832318050517
2011-09-07,0.8674781087364013,1.1295930592922927,1.092676827309785,1.1009557410168422,1.3141785088082496
2011-09-08,0.8671155189778007,1.1302211822810448,1.0927462870277775,1.1006033943376692,1.3131553899470587
2011-09-09,0.8659658824356967,1.1272158118503448,1.0908928228750534,1.0997084519953084,1.3119530561991954
2011-09-12,0.8775063336590476,1.1163339529911147,1.098710104696983,1.093019245978094,1.2989653273402
2011-09-13,0.8735133451195096,1.1144030801463751,1.0979956653551661,1.092339270156883,1.296182103938693
2011-09-14,0.8773035604295432,1.1176991153326532,1.0962697401510715,1.0909561878985385,1.30124920280543
2011-09-15,0.8792502641043296,1.12144030010513,1.1018529002719488,1.092947071517011,1.2930535466805098
2011-09-16,0.8813112957753936,1.1168416577727336,1.1048946022055424,1.0931400763609496,1.3060032648523514
2011-09-19,0.8760624255210973,1.120211389420473,1.1057811968678608,1.0908861196619088,1.3104979088654738
2011-09-20,0.8791092199140234,1.123698555544204,1.1077719175415321,1.0887486742923649,1.3109216951661729
2011-09-21,0.8738598679643597,1.1234499959119015,1.1064220960317375,1.0875150718855657,1.3183735149233573
2011-09-22,0.8744211067047768,1.1243045908635485,1.0978738838826094,1.0800701072182537,1.320919643360918
2011-09-23,0.8620406477272142,1.127736779772944,1.0933710672055044,1.0775987397835338,1.3198418479077856
2011-09-26,0.8551630905527573,1.121285707062691,1.080588789748053,1.0732381929268937,1.3261871802525518
2011-09-27,0.8635182252285172,1.1409645946252296,1.1003715631283169,1.0913324978118406,1.3874069979754764
2011-09-28,0.857083231670947,1.1465090024072104,1.10260452096791,1.0827592010428835,1.3901515127041968
2011-09-29,0.8552986399447314,1.1494998317662002,1.1018475001248336,1.0828531085858566,1.3876041068113079
2011-09-30,0.8542766798201248,1.1487777205199514,1.1003707982131654,1.0824968445217666,1.3879855339496416
2011-10-04,0.8700237543587648,1.148109637306488,1.1117611259703217,1.06999826323259,1.4364530451713329
2011-10-05,0.863815551780089,1.1471928553697397,1.1158102105697183,1.0674054902237913,1.433555637751385
2011-10-06,0.8766647610473866,1.154407287852398,1.1203474583312498,1.076239710692242,1.4569173715076449
2011-10-07,0.8752620807931115,1.1634917363805852,1.1187363014499654,1.082645443438575,1.4825797194809933
2011-10-11,0.8763161683149153,1.1577349658547167,1.1184659350164499,1.0775462552508783,1.4907309037892964
2011-10-12,0.875151267327294,1.1569621808071986,1.119981722716736,1.077448628920626,1.4918564157159364
2011-10-13,0.8728842325669658,1.155047838786109,1.118041781394784,1.0744053865557208,1.4870197779001233
2011-10-14,0.8715920899799107,1.1532117769151762,1.11770524075645,1.073139400165689,1.491647763307649
2011-10-17,0.8734938903474329,1.1540517640106571,1.115288687912826,1.075062812758674,1.4957724279236493
2011-10-18,0.8737259672341781,1.1526861729764086,1.112842220374087,1.0697475551805358,1.4923166181676213
2011-10-19,0.8703918152021589,1.1551926405279023,1.1109587955499352,1.0721701506537138,1.5069406327386736
2011-10-20,0.8664508556069844,1.1522569278989678,1.1091253911609809,1.067417127724221,1.5119975354105588
2011-10-21,0.8659331390074553,1.1526686535286919,1.1079975715070753,1.0670212489585367,1.5131474301137584
2011-10-24,0.8675398991924553,1.1471430013528183,1.1078323061251973,1.0618787815045854,1.5093468215396402
2011-10-25,0.8668891668166857,1.1473506760199539,1.1080868279959692,1.0620456065386976,1.5099782858547388
2011-10-26,0.8673770608269112,1.1480332576995698,1.1091022021134578,1.0617532353004222,1.5094516765395027
2011-10-27,0.86319337715684,1.155183692964812,1.1036352829909615,1.055818559613112,1.5208780054357371
2011-10-28,0.8643339989994959,1.1530214013075721,1.100127048211866,1.0531677854845478,1.5134122901056313
2011-10-31,0.8640270171889464,1.1512416385136743,1.101023871455679,1.0553932832101494,1.509427152915476
2011-11-02,0.8618390852673061,1.1592516784119993,1.1106786354073,1.0658483741484137,1.5193314019155735
2011-11-03,0.8649726367156679,1.1614468619578084,1.1135119664339586,1.062150313120279,1.5215968985120285
2011-11-04,0.8628296237032508,1.1550352826070123,1.1102876342236812,1.0618518968563118,1.5241550122342107
2011-11-07,0.8622818751384927,1.15326871404487,1.1090854373630348,1.062541704386013,1.5258634799317816
2011-11-08,0.8622223655465481,1.1538838100207314,1.1091587554262896,1.0644014824172472,1.5245770924159079
2011-11-09,0.8616904017559707,1.1539735251798644,1.1089822642717468,1.0624492538403782,1.5295294393565413
2011-11-10,0.8665724763147207,1.145260014673752,1.114802695565325,1.0625365788857408,1.5191696294472667
2011-11-11,0.8736432129451874,1.1458294028294669,1.117252142768154,1.0687609172923487,1.5113144008529606
2011-11-14,0.8741579947657381,1.1463501378234695,1.115909792065101,1.0689949020457958,1.514752016647063
2011-11-15,0.8741801950976699,1.1465122230720863,1.1156129052189954,1.0671552603780998,1.5110437764718778
2011-11-16,0.8758786654140217,1.1421373326126283,1.1192178575655207,1.0692416203525976,1.512785140890306
2011-11-17,0.8749197225766217,1.142795378863052,1.1217808785340133,1.070532413710909,1.5129785367102884
2011-11-18,0.8772316784726659,1.1516827539016898,1.1246515049481607,1.0704913836527783,1.5152495243936226
2011-11-21,0.8774631278052235,1.152447392894526,1.124163835324497,1.0714101928695008,1.5142771031239006
2011-11-22,0.8753644740709975,1.151464867397469,1.1224475266259595,1.0717174281425632,1.5155555033068218
2011-11-23,0.8853663677021912,1.15903121821025,1.1272309674041812,1.0724616506829143,1.5192669029059893
2011-11-24,0.8863142452203477,1.1599543454644525,1.1284529262813143,1.0741490567446377,1.5188688063791564
2011-11-25,0.8910112144214969,1.1603334172802833,1.126687501683295,1.0727956081710353,1.5197350718453777
2011-11-28,0.9000230092626023,1.171696250419789,1.1359665278949633,1.074705532387541,1.5345275405634706
2011-11-29,0.8995953559938984,1.1707918319974304,1.1329385503196678,1.078026989596846,1.539113102586271
2011-11-30,0.8990931304357407,1.1717162766911187,1.1330755316219139,1.0799762192969289,1.5376481511334623
2011-12-01,0.9001519271285877,1.1728279760494982,1.1314184923323285,1.0806243096760493,1.5469497969778436
2011-12-02,0.9029735032858973,1.1723976518221244,1.1332478593700297,1.0818141300126294,1.5392819756509442
2011-12-05,0.9010896756543154,1.1702645948327837,1.1307526617692185,1.0808904955558807,1.5392949634168156
2011-12-06,0.8992612166860579,1.170948430305104,1.1295909519953675,1.077068697641228,1.5340382673127944
2011-12-07,0.8997273654664576,1.170244870832763,1.1292638947675422,1.0778809681998722,1.535420561514177
2011-12-08,0.9013912480594527,1.168119223759054,1.1287122361306527,1.0711744391651106,1.5424788047657567
2011-12-09,0.9020902893343334,1.1703498190865917,1.1301139949380419,1.0693130869664678,1.5398691083576204
2011-12-12,0.9049991972477421,1.1699850055569256,1.1287044637363761,1.0666235980800707,1.5365356753657478
2011-12-13,0.9037722585872983,1.1735204911409833,1.1305456186271008,1.064800568762562,1.5366388548371623
2011-12-14,0.9039542567036086,1.1722946461719672,1.1302218193306701,1.0634711779367574,1.5386001438352588
2011-12-15,0.9043983818260898,1.1718792943619096,1.1277813527030376,1.0594068464179458,1.527791320109476
2011-12-16,0.9049454123343543,1.1704340790838013,1.126900084086787,1.0594398647747194,1.5254363794377679
2011-12-19,0.9018776987137881,1.160310474331406,1.123612002151934,1.0516932943317836,1.5183616727371725
2011-12-20,0.9027403471111533,1.1609497038114975,1.123413370838851,1.0526181252512579,1.5185105328679247
2011-12-21,0.9035194706157296,1.1618775679448978,1.1211248402715661,1.0520664230562162,1.5165468865288583
2011-12-22,0.9002002184105689,1.1606223805509204,1.1193104395070805,1.053394284198964,1.5130207104009474
2011-12-23,0.8995187533477251,1.1612743531324183,1.1205104110925723,1.0518486318203357,1.5113123523830518
2011-12-28,0.9000064087983353,1.1620542893363233,1.122165785006621,1.047035799739566,1.5095684462219174
2011-12-29,0.9000689737917025,1.1608217906948173,1.1230002113340558,1.0449559268520738,1.5120391939715614
2011-12-30,0.9002670540535597,1.161552365463163,1.123622510920146,1.045379367259321,1.511661677466207
2012-01-03,0.8991077963977233,1.162541061479839,1.1219569843195654,1.0442076631120267,1.509155903683622
2012-01-04,0.8925631056015305,1.1587198451899487,1.1176010290368383,1.041430732391518,1.504764789920603
2012-01-05,0.8919808069927191,1.1607785776453197,1.1169826448814133,1.0420568912400932,1.500377694865821
2012-01-06,0.8915309371917588,1.1621951773045875,1.1187541065001179,1.043707370084223,1.5001248342921094
2012-01-09,0.8910944735157684,1.161370941442097,1.1170339789885513,1.0426804691268894,1.5008919672332797
2012-01-10,0.8901505398687194,1.1588032423038015,1.11623199867597,1.0420755713357885,1.495440585955511
2012-01-11,0.8876871875424738,1.156834019452236,1.1185274969319212,1.0438004553480782,1.4926253576876827
2012-01-12,0.8877963774150928,1.1567839030955978,1.1184126263527916,1.0441542780536435,1.492413688601319
2012-01-13,0.8879610287025493,1.1574256332570247,1.11858994658318,1.0438941486080164,1.4925897525911636
2012-01-17,0.8881427225882539,1.1586890729668573,1.1199708546947171,1.0443994132240353,1.4944117382765614
2012-01-18,0.8881142273436485,1.158514775018157,1.1198425770457519,1.0440899320455375,1.4943348743924494
2012-01-19,0.8882997248176585,1.1591170829083273,1.1204305091627278,1.0447470271138646,1.4940678732327375
2012-01-20,0.8868568165326132,1.1582956340586361,1.1206588826626591,1.0464200802000385,1.4919805215894244
2012-01-23,0.8866441184486881,1.1579484791083425,1.1209670183018814,1.0461587570455617,1.4897631795414519
2012-01-24,0.8863620955525304,1.1578788860428155,1.1201385566934943,1.0448540158629793,1.4947791524784027
2012-01-25,0.8901995511605028,1.1610302252374827,1.1267538064880478,1.0471648051293079,1.4957074780421302
2012-01-27,0.8901723862492511,1.160483069821771,1.1259252534361557,1.0464611625390612,1.4939712166361159
2012-01-30,0.8919182028218777,1.1610843694574091,1.126778060346989,1.0470248179339972,1.4874795194761856
2012-01-31,0.8928682613708836,1.1630088682847306,1.1284125221381835,1.0495144625787984,1.4890915691836966
2012-02-01,0.8911392618009139,1.1621422716074195,1.1288649940322029,1.0478295192843883,1.4885364245010255
2012-02-02,0.8897002346347641,1.1613398474829257,1.1272431981928954,1.0470010049395055,1.4853911618332911
2012-02-03,0.8895978493715873,1.1615349634820502,1.1274419153825217,1.047712643245961,1.4854649372731934
2012-02-06,0.8884022188558248,1.1628766179461707,1.1282324537026045,1.048785664905643,1.4946616946334133
2012-02-07,0.8891127296922354,1.1683749150131728,1.1291455270537278,1.0486344956271136,1.4936605207457492
2012-02-08,0.888289427274859,1.1665315642848872,1.1285382781969908,1.0494202757329387,1.4964773101881763
2012-02-09,0.8903563334618104,1.1686952315635193,1.130542160959007,1.0510271602010808,1.4982416337210154
2012-02-10,0.8913609814426412,1.168093113776591,1.1306111776006762,1.050790022681014,1.493607179353731
2012-02-13,0.8910495702749969,1.1692240536516172,1.1341589854124965,1.0521123867399367,1.4924732716263043
2012-02-14,0.8903758214382371,1.1689241252057592,1.134229278640678,1.0505854408108688,1.4952808438341794
2012-02-15,0.8900842962940979,1.167069198711184,1.1334945398651304,1.0501000476839883,1.4955404591043937
2012-02-16,0.8856293411367812,1.1653252894403114,1.1390427963091314,1.0509778545203514,1.4888861715571742
2012-02-17,0.8844840138648015,1.1655796617114145,1.1380850147256623,1.0519252267305481,1.488619540713033
2012-02-20,0.8852346754512402,1.1663315162633003,1.1411619326492992,1.0529746633853112,1.492892597841957
2012-02-21,0.8880407637564505,1.1632042746330349,1.138588131332655,1.0463089341829583,1.495133111596411
2012-02-22,0.8879790062088758,1.163179383857025,1.1386481397765902,1.0463660228105751,1.4947813842143667
2012-02-23,0.8879442193094441,1.1633883995443874,1.1387451926460153,1.046346816930202,1.4952590449876086
2012-02-24,0.8877547778356603,1.164304153669933,1.1389791313316797,1.046658634457164,1.4958637316954604
2012-02-27,0.8872070162601682,1.1623810250271673,1.1375223832632608,1.0459250382801,1.492847142659416
2012-02-28,0.8874643837779954,1.1621274979744955,1.137942304835278,1.0456537116392102,1.4922763634789584
2012-02-29,0.8857668829171098,1.1630164802783547,1.13691513299995,1.0437088720571077,1.4857139186287072
2012-03-01,0.8855898689450509,1.1613450309178643,1.1365870573176147,1.043946556096723,1.4860392255030757
2012-03-02,0.88483513487498,1.1614377409778194,1.136455672591732,1.0454253361337253,1.4878537090590014
2012-03-05,0.8845684516727815,1.1610605116185917,1.1357475900432363,1.0448994821419875,1.48764558111337
2012-03-06,0.8841513997985713,1.1565965405258067,1.1338064391000209,1.0419194010507635,1.4878313619131305
2012-03-07,0.8864133526280645,1.1569274819174176,1.1324678352933666,1.0421358891222616,1.4897601322394733
2012-03-08,0.8861811927374464,1.1582889015022,1.132247178458604,1.0409224771760186,1.4876319695582503
2012-03-09,0.884327784765094,1.157500458977707,1.1329411263643483,1.0401517050017552,1.4860687225303415
2012-03-12,0.884723256559875,1.1596772823185182,1.132730960395706,1.0428055923693924,1.488966862195439
2012-03-13,0.8825260947174993,1.1597153640894717,1.1331242476384613,1.0450481015041768,1.4892783165048131
2012-03-14,0.8825801291898566,1.1585766041951309,1.1317891308779218,1.0440655303291262,1.4906601013699365
2012-03-15,0.8825419088824874,1.1584179198091447,1.1324639786517243,1.045686355232302,1.4907634220491592
2012-03-16,0.8854388356208754,1.161597139891515,1.1353009207530682,1.0482320547225368,1.4943780773239081
2012-03-19,0.8856377488369929,1.16280866157727,1.135422810006323,1.04624261503534,1.4961109280787208
2012-03-20,0.8855543418602689,1.168546226758246,1.1443587303389515,1.047583645739781,1.4962035270481062
2012-03-21,0.8859479545091022,1.1693481136115027,1.1468879405859642,1.0489511178090605,1.49273003820724
2012-03-22,0.8863222123820447,1.170051541886632,1.1475344171388446,1.0494615241067802,1.4955223043658867
2012-03-23,0.8874303847018948,1.1744160882267392,1.1496411448440327,1.0517768861868813,1.499697978661801
2012-03-26,0.8868487070916373,1.17378402600238,1.149262409632094,1.050572383203623,1.5002181153736582
2012-03-27,0.8866083836399427,1.1735522859142582,1.1499686145616748,1.0520362472651077,1.5049593536879566
2012-03-28,0.8866351589434753,1.1733621488365755,1.1493274900379409,1.0522658319310128,1.5047535958692047
2012-03-29,0.8870715691938248,1.1761017490680121,1.1480771455104433,1.052823415334978,1.506761881344647
2012-03-30,0.8885525280789638,1.1768730188516365,1.1475017463038137,1.0545531794745857,1.5061655487908965
2012-04-02,0.8885687753416339,1.1772363073212748,1.1479700032284348,1.0549504215976073,1.50618064030102
2012-04-03,0.8889004581673909,1.1770728954078509,1.1475327758144835,1.0549825316051509,1.5072182812168027
2012-04-04,0.8887651740965697,1.179238315694281,1.15067881205727,1.0548147138623811,1.5113952470474568
2012-04-05,0.8888917606507777,1.1786589291100864,1.1508237684665672,1.0551572932411881,1.51215737911268
2012-04-10,0.888093984887944,1.1790618535230326,1.1508485697247506,1.0550816718274814,1.5115551380562482
2012-04-12,0.8893474867685793,1.1788282671151584,1.1517391287263767,1.0553495998715434,1.512987367120096
2012-04-13,0.8896135182808153,1.178155827771823,1.1496299291723038,1.0523480824812574,1.516471606786372
2012-04-16,0.8895262314780625,1.1786755695791158,1.1491121151498362,1.0514580419612336,1.518112824999811
2012-04-17,0.889444522722942,1.177880706082194,1.1492018215569935,1.0517393012693221,1.516177349675815
2012-04-18,0.8889293342321191,1.1753077134275776,1.1448552767897966,1.0512389937427462,1.519320308377608
2012-04-19,0.889962568575884,1.175958782543455,1.1446768610216471,1.0512567837250044,1.5204666255840227
2012-04-20,0.8913770460255999,1.1797455895344235,1.1483400323749688,1.0540654541952699,1.5222607854085473
2012-04-23,0.8909096827202292,1.179606816351892,1.1471141583409636,1.0534339443978125,1.521191463064535
2012-04-24,0.8910215821919627,1.1805441503630059,1.1487066879818024,1.0529093562945235,1.519760960412573
2012-04-26,0.8911046468522597,1.1802064498439684,1.1495275926677524,1.0508380493591865,1.5198362422472182
2012-04-27,0.8908444548309896,1.1805111636243852,1.1493591378904062,1.0507432667124423,1.517476485325777
2012-04-30,0.8915145238045188,1.1808127764108445,1.149015092425818,1.0511179711570555,1.5197961356788368
2012-05-01,0.8935234246415377,1.1781398162840115,1.148182392802729,1.0487241314620879,1.517962351708772
2012-05-02,0.893713531939992,1.178492575468734,1.145642338876226,1.048618031933785,1.52253590346422
2012-05-03,0.8947619340766731,1.1802593970303934,1.144503659624166,1.050055583531233,1.5240941664355563
2012-05-04,0.8937584577273547,1.179083686007359,1.1429593122426276,1.050202520819001,1.5239513802104063
2012-05-07,0.8917866104197195,1.177599317429223,1.1329724422764054,1.0477298734236216,1.524540697030725
2012-05-08,0.891531025614023,1.1768185995520866,1.1331243299502478,1.0473923910091267,1.5238433089118721
2012-05-09,0.8915821588316613,1.174983228799993,1.1322832106956522,1.0427002074179084,1.520545123097854
2012-05-10,0.8903363531141943,1.1706775076723213,1.1283403793251914,1.0387829004867246,1.5201876186669814
2012-05-11,0.890616792990163,1.1689764941027792,1.1302621784598141,1.0387502023249695,1.5208244505982211
2012-05-14,0.8919606549861405,1.1710430668636453,1.131090537943308,1.0383959528584956,1.522921843489434
2012-05-15,0.8916707559209964,1.1707041842811694,1.1309558297001585,1.0376886185410674,1.525394088617263
2012-05-16,0.8890785472357837,1.161052786215711,1.1194886938034643,1.0357697150227954,1.5278276369952855
2012-05-17,0.8910612814582721,1.1690945744532657,1.121125987951014,1.0383340972880444,1.5294814243952435
2012-05-18,0.896545070691509,1.179654747965169,1.1309480149771654,1.0476216840115893,1.52290922210211
2012-05-21,0.8964628286879484,1.180867803907212,1.131175084608041,1.0469654108045494,1.522097274462565
2012-05-22,0.8965912848004193,1.1851555879855888,1.1299852972115103,1.0472569868666544,1.5253504922432433
2012-05-23,0.8959504316727295,1.1848698025727693,1.1304048297548122,1.0493997078745831,1.5261518704565957
2012-05-24,0.8962600793522509,1.1853654807394052,1.1307244110542212,1.0493599378376686,1.5255665183062102
2012-05-25,0.8977780506525638,1.1850440534545887,1.1358220411311184,1.049686330548673,1.5301623715622394
2012-05-28,0.8983476949844639,1.1865215615846412,1.1362952864718947,1.049068526375794,1.5337833380733996
2012-05-29,0.8996490219977935,1.1817306173931872,1.1301803512341047,1.0437176453960568,1.536464393473582
2012-05-30,0.8990210883724374,1.1808578147614186,1.1298236517203228,1.0425378579341722,1.5342612303697418
2012-05-31,0.8970524339715058,1.1801937743132889,1.1311202555027886,1.0435739633419816,1.5309051600378079
2012-06-01,0.8998659819402927,1.185857490155928,1.128182907268201,1.042688272359739,1.5292663735994367
2012-06-04,0.897158526514788,1.1842340937999467,1.125154295192277,1.0430853308647867,1.5298928654417645
2012-06-05,0.898425672802877,1.1860767327506363,1.1252295256295628,1.0453302898624572,1.5231796070665438
2012-06-06,0.8987582257755059,1.184371042642288,1.1235600816455644,1.0457048600351389,1.5232025325397045
2012-06-07,0.9012650217064745,1.183707637394741,1.125411514854,1.0483229091151125,1.5229263415061416
2012-06-08,0.9021581046681869,1.1827287103458686,1.1278733765296873,1.047128247148558,1.5173961400822902
2012-06-12,0.9028488458826315,1.1825611894291697,1.1280273224294666,1.047558846144565,1.5169571210014992
2012-06-13,0.9033426267827253,1.1831851718957407,1.1283114890809276,1.0476908492709085,1.518111589032455
2012-06-14,0.9029724837794406,1.1829832947774808,1.1289092151890712,1.0483377082596426,1.5202166098600993
2012-06-15,0.9026947062101989,1.1815474152304217,1.1297700470142114,1.0484392124268482,1.5176196039942977
2012-06-18,0.8996024967000439,1.1849417629312866,1.1280538762858603,1.0497012011825182,1.515066883638939
2012-06-19,0.8996398429168281,1.1848925180215972,1.1277460589872317,1.050085910044339,1.5138779405288731
2012-06-20,0.8984677595682078,1.1852589626661634,1.1284660117316168,1.049028883532055,1.5131480974618765
2012-06-21,0.897698084425628,1.1865490330628647,1.127250730075182,1.048558309199677,1.514190755902645
2012-06-22,0.8940207963765209,1.186709892416889,1.123364215784437,1.0485893375722481,1.5166893517116942
2012-06-25,0.8937763903103983,1.1858555386809613,1.123221845264677,1.0478208227492591,1.516902639278326
2012-06-26,0.8943072356326981,1.187819873345058,1.123476482918808,1.0481426505021079,1.517337405259855
2012-06-27,0.8934994347333812,1.1905020278406877,1.12417129811182,1.048505387631087,1.5183673746742277
2012-06-28,0.8934709620366705,1.1912574470052648,1.1244307499907737,1.0482310034864994,1.5217226056520403
2012-06-29,0.8931208962253426,1.188852320127996,1.1226668088089382,1.0507672513871829,1.5226986817395867
2012-07-02,0.892336991306531,1.187965491723144,1.1233056175615004,1.051793684611169,1.5266147835588975
2012-07-03,0.8911738925453747,1.1893246583086368,1.12497012057923,1.0516988439578572,1.5262132760983218
2012-07-04,0.8893570276478,1.1865789466613255,1.1200173406595415,1.0493346542496915,1.5193236347736576
2012-07-05,0.8894812618692469,1.1867939837051862,1.1221525726169035,1.05068663130752,1.5242584724898072
2012-07-06,0.8882049935909321,1.1884767890216517,1.1220122419094334,1.0505260880601797,1.5300941053691273
2012-07-09,0.8873507146524863,1.1869149248374329,1.1205992439613233,1.0492824104546756,1.5305829057395792
2012-07-10,0.8878980578931273,1.1878482078258779,1.1209606660872347,1.0502929293244878,1.5304403317559205
2012-07-11,0.8876710975303229,1.187338208006106,1.1209768534594402,1.050390331094069,1.5299678498800902
2012-07-12,0.887461097522804,1.1874662473663096,1.1197259781094138,1.0515511111570826,1.528674130747021
2012-07-13,0.8875796467832555,1.1875542038689428,1.1200969332238708,1.0519203158664494,1.5283013963470298
2012-07-16,0.8883571363778388,1.1884252522213512,1.1185998170873277,1.0535243423285043,1.5319444940169615
2012-07-17,0.8857705621916483,1.189793801783019,1.1147292389101566,1.055173952979495,1.525672767541637
2012-07-18,0.8837920826533464,1.1816671685653344,1.1136535794759295,1.0528666417107289,1.5120658799293176
2012-07-19,0.8807352644437276,1.1768657908856495,1.1104070275227194,1.0475773639771053,1.4965430037368386
2012-07-20,0.880215209453538,1.1760162029351955,1.108877591712699,1.0473031363422975,1.494386391073356
2012-07-23,0.8775696331213974,1.173456498538065,1.1064775823543007,1.0443119902560127,1.4922934617749612
2012-07-24,0.877518980155145,1.1733585505520199,1.1065284959859374,1.0441325683021114,1.4919719074168467
2012-07-25,0.8772774010008357,1.1730403011136237,1.1067931093048764,1.0443241251834556,1.4924132175805056
2012-07-26,0.8762185204631828,1.1700896464367483,1.1057941630244867,1.0430587645281124,1.5001874260271828
2012-07-27,0.8760395759455161,1.1692391119498704,1.1058223842978487,1.0438004556489622,1.4988006799190114
2012-07-30,0.8767013326026505,1.1668194152743916,1.1034912911135784,1.0419000895434898,1.4909275756746905
2012-07-31,0.8739908224975544,1.1656909362477572,1.1023439857232615,1.040235634783007,1.4861586056581606
2012-08-01,0.8730519384926075,1.166499016701275,1.1039067422814273,1.0401322880300354,1.4858884164282495
2012-08-02,0.8719619292022835,1.1651521436991081,1.1026983907728467,1.0389141759060432,1.4867383324907566
2012-08-03,0.8748277893605325,1.1663965515647117,1.1019318524663773,1.0387356210732488,1.474631452193369
2012-08-06,0.8741590336752297,1.1642870449757394,1.098860444295156,1.0375519127314055,1.4732924895719237
2012-08-07,0.874489093894826,1.1644770422723034,1.0996227816587387,1.0375860904342933,1.474416637366913
2012-08-08,0.8763218021843268,1.1614253766355158,1.1076249289371483,1.0356069568321165,1.4653349428608813
2012-08-09,0.8730687200592531,1.1586747772509043,1.1066996918295897,1.0316623397117952,1.4633936392876092
2012-08-10,0.8833929824274201,1.1655219008719644,1.1285253485457574,1.0350702463308927,1.4441822498246513
2012-08-13,0.8922271606265578,1.1595897390998904,1.1362030927303517,1.0329817019134941,1.4644527235507343
2012-08-14,0.8836882326489873,1.1541072245796709,1.1338721654050816,1.0280653417265369,1.4609884666446646
2012-08-15,0.8858363712394134,1.1332248955221553,1.1224045239997205,1.0182157499700237,1.4930087224300737
2012-08-16,0.8881355974774569,1.1321169451577417,1.1241549680473477,1.0180108242797996,1.4917633390586917
2012-08-17,0.8888825705770954,1.1320631388716258,1.1271344574432134,1.0266666969036449,1.48732494078914
2012-08-20,0.8957027053449595,1.1344797538448266,1.1235408691118416,1.0198017955157994,1.4952000323627948
2012-08-21,0.8938514084548708,1.1344846886630064,1.113590299384648,1.0182245310913935,1.505865444765819
2012-08-22,0.8944952569725613,1.1382376739848858,1.1146570541680985,1.0194328758073108,1.5032703529343303
2012-08-23,0.8973078433221976,1.139952507638349,1.1166133534227096,1.020734145721862,1.502888120015344
2012-08-24,0.8989616890547014,1.1467034698190084,1.1185110974841632,1.010183036135926,1.4985976701673787
2012-08-27,0.8995101221840681,1.1463601365074396,1.116811896517856,1.0092909425533558,1.4967687720722682
2012-08-28,0.8963474580237609,1.1432465159705256,1.1100660045152018,1.0075099017013682,1.4928714106574965
2012-08-29,0.896100639376996,1.142640204185161,1.1092411555588277,1.0071553699724913,1.4918098117855847
2012-08-30,0.8935684791123856,1.1348957962850916,1.1072965160765842,1.0069012744089163,1.4861518159256835
2012-08-31,0.8934917852142719,1.1355286149304709,1.1077831918340832,1.0069503585174227,1.4859247449683304
2012-09-03,0.8944221313331159,1.1379021564356164,1.1073160531982358,1.005747492645567,1.4863442967145
2012-09-04,0.8948947836787411,1.1379355607968298,1.1103016449012166,1.0088039738254555,1.4854492395485848
2012-09-05,0.8944654510835912,1.138857627046384,1.1125050283268598,1.0096086753187976,1.484961920334963
2012-09-06,0.8937359896697142,1.1376923935641448,1.1094021823459959,1.0081242083503035,1.4842279042848558
2012-09-07,0.8936750565169645,1.1382045607016877,1.1109566434067273,1.006059342992472,1.477977212412638
2012-09-10,0.8908943998561996,1.134142798661091,1.1104407292329708,1.0039184959009126,1.471373852752331
2012-09-11,0.8936800970213472,1.1285295138833569,1.1067146625053095,1.0080050491109833,1.4634508047800037
2012-09-12,0.8885339691115902,1.1244130508596848,1.1091110304296028,0.9959950284552396,1.4805814471155925
2012-09-13,0.888232692523576,1.1240758499543395,1.1094736643824186,0.9959335742488405,1.4819488371074738
2012-09-14,0.8857452185615343,1.1207606750170198,1.1092227975425357,0.9926842737681831,1.4850124704684977
2012-09-17,0.873672537207552,1.1207209229609392,1.102565451607376,0.99220357847227,1.5015098179373194
2012-09-18,0.877982511787413,1.1216849549128673,1.1039482182041722,0.9931481738897514,1.5057028606056913
2012-09-19,0.8707201287559632,1.1133099785106806,1.1020911663262776,0.9930996437209123,1.4973450254021698
2012-09-20,0.8701906599201862,1.1096694571201517,1.098976455449862,0.9892004826873806,1.505140054550304
2012-09-21,0.8696334598151285,1.107677833012846,1.0968093937316956,0.9890892354988482,1.4910121443489157
2012-09-24,0.8689005584884046,1.105408221697179,1.094078941409202,0.9866901201840867,1.4848882326608366
2012-09-25,0.8663467278787135,1.1013379044682556,1.0924244686414408,0.9887796137338364,1.4814816747408357
2012-09-26,0.8707058544026416,1.1019290164231597,1.0937415443190328,0.990232570032047,1.4770862738171062
2012-09-27,0.8698896243005169,1.0990101276612267,1.1020543049637728,0.9942043291414353,1.4746845112106939
2012-09-28,0.8830075044674554,1.0946811064407131,1.1057620617265884,0.9956481684668987,1.4752954891762058
2012-10-01,0.8909883298244579,1.1016625980949086,1.1196279687385342,0.9999025593364769,1.4676882570902998
2012-10-02,0.8807810713707409,1.0773299156521452,1.0990889702413864,0.9755940534314862,1.406784909843829
2012-10-03,0.8837918000134667,1.0723969532012514,1.09594519126159,0.9794642716540222,1.4026976429482405
2012-10-04,0.8864792765122073,1.0689830952205275,1.0981849717555652,0.9796337718291239,1.404627996946742
2012-10-05,0.885127849518163,1.0672804607923045,1.0983556443540115,0.9787643690618074,1.4043387367328042
2012-10-08,0.8634689239883304,1.0604823955876916,1.080287668377143,0.9851705901995578,1.3427190515461882
2012-10-09,0.8701398205992514,1.0602752456207643,1.0747137941845644,0.9874032861361556,1.3443684123824708
2012-10-10,0.8530194757001036,1.0434238154488895,1.0651957439709734,0.9741607638392633,1.315307949132467
2012-10-11,0.8544621791566108,1.028510174479362,1.0653267602082255,0.9635963619726186,1.2784618520977378
2012-10-12,0.8562488934134941,1.0352145835002156,1.0701664953213674,0.9679686216590998,1.2737639487293964
2012-10-15,0.8583926785974728,1.0362327170848116,1.0680414201238655,0.967461583164862,1.2712910348943265
2012-10-16,0.8611707247900288,1.038772411488921,1.0702305213628736,0.971215133842608,1.2768208645933379
2012-10-17,0.8600365219376267,1.0406389333102382,1.0702880916173885,0.9715811914774085,1.271553713557247
2012-10-18,0.8568338777570779,1.0389436976471018,1.069230048024484,0.9687150037104417,1.2758821681837813
2012-10-19,0.855308549953917,1.0357995412874954,1.070011089174641,0.9727410151877321,1.2770507387684147
2012-10-22,0.8531186815777769,1.0338532187533354,1.0688225457650506,0.9698352439951836,1.2852074547174037
2012-10-23,0.8588424433141482,1.0366517545122402,1.0705365840558563,0.9750681870243556,1.2741270414770929
2012-10-24,0.856221966191542,1.0350053638231844,1.0697219868617367,0.9741033441151331,1.2782709425360974
2012-10-25,0.8540402885735562,1.0392255048146168,1.0685491225601451,0.9787607841109739,1.2782155038463625
2012-10-26,0.8557610785104628,1.0357882834820267,1.065817642896251,0.9774614920716299,1.2581942042531054
2012-10-29,0.8549931154407083,1.0345293180490924,1.0644011912752558,0.9777516416570772,1.2587569528704972
2012-10-30,0.8607579947647154,1.0209635985224133,1.072648128258788,0.9857386534511315,1.2337348074271215
2012-10-31,0.8611837649067733,1.017061063769794,1.0724097407946274,0.9839612873733259,1.2365675179156943
2012-11-01,0.8572948389152029,1.0292518903250827,1.0712177556142939,0.9747956910104594,1.2380954944711815
2012-11-02,0.8580243035306245,1.023918876876103,1.059600521878665,0.9591801604719356,1.2095844010937413
2012-11-05,0.8571304162972416,1.0220488235199197,1.0612678943749512,0.9555449902422514,1.2087013129311983
2012-11-06,0.8597960061193091,1.0310099499674559,1.06455181063568,0.9557179298384842,1.2090894663050789
2012-11-07,0.8600581276607292,1.0274872690964427,1.0656432161209208,0.9576832901088641,1.2103716699226483
2012-11-08,0.8546488482923976,1.0253200402710385,1.0612655956169457,0.9577683944377274,1.2156671636169236
2012-11-09,0.8544181166452779,1.0252528079321275,1.059633076324479,0.9573227265911981,1.2070429371395417
2012-11-12,0.8476485858066295,1.0407384464784368,1.0466012954758597,0.9560792078413558,1.2183125771301213
2012-11-13,0.8446103430806343,1.0538009143789508,1.0558261316288617,0.9609429414220447,1.2262850252189683
2012-11-14,0.8447497478182204,1.0544432407269064,1.055960750852314,0.961755087385294,1.2255968281974514
2012-11-15,0.8419589157231747,1.050774951197702,1.0573684779456538,0.9623523074959637,1.2257380040375474
2012-11-16,0.840722188347251,1.0570086226061557,1.0517809179525854,0.9629953565522865,1.2187082882622307
2012-11-19,0.8386946194801207,1.0590774882170517,1.048451853306139,0.9606355522011002,1.2127420223855234
2012-11-20,0.8323492171379163,1.0438352660516,1.0457229209496393,0.9488335266630378,1.203871925596314
2012-11-21,0.8315974148627995,1.0416244137463333,1.046908831831828,0.9457508877671056,1.2033052563281461
2012-11-22,0.8348131738216727,1.0368148125286487,1.047384787767053,0.943233713878289,1.1960224291706247
2012-11-23,0.8250652703561004,1.0221180052498129,1.0401179467145822,0.9378853054324221,1.1920248061134457
2012-11-26,0.8260111671102472,1.0215887946566593,1.0383740322804231,0.9368293246323258,1.1897904931222227
2012-11-27,0.8104297662119405,1.016960994233848,1.0386782178637295,0.9381380635106932,1.1806094076531997
2012-11-28,0.7925705352950971,0.9915525397759658,1.01727151845756,0.9329077244637333,1.1447823507395571
2012-11-29,0.7926876602936846,0.986943649939213,1.0188840563737596,0.9312635507550622,1.1355960797434785
2012-11-30,0.7929363828974174,0.9877594658115608,1.019953974290481,0.9293278068708246,1.1446144417226032
2012-12-03,0.7918647744041689,0.9757121030976924,1.0194470285572395,0.9240672424274752,1.109065949444875
2012-12-04,0.7859314988715331,0.9724710661255623,1.0145592216893546,0.9196617769819608,1.1246615643873135
2012-12-05,0.7866380191182091,0.9739149559569433,1.0164236704096312,0.9202656915482763,1.1262243781027932
2012-12-06,0.7925926373148606,0.9723029887178286,1.0191121753215953,0.9283488082964387,1.1335138298492073
2012-12-07,0.7914756553364215,0.9738215657312526,1.0199351123600728,0.9248366596672759,1.1306588560805129
2012-12-10,0.78971078385217,0.9760843047676876,1.019852605041746,0.9238977658724646,1.1299476880326882
2012-12-11,0.7860156024256935,0.9685004208858741,1.0151508210164057,0.9266401757562628,1.126852322041006
2012-12-12,0.7781422957247666,0.9663306659775216,1.0164015082738402,0.9309470777092231,1.1315006631706215
2012-12-13,0.7784203726304831,0.9552063696213866,1.0084298897351425,0.9331419213050473,1.1295444649059598
2012-12-14,0.7783351310888436,0.9555799615869922,1.0083221370278364,0.9339833025752606,1.1294781686149662
2012-12-17,0.7735745216807869,0.9522349309864009,1.0054283596501605,0.9361810207607266,1.14746963645051
2012-12-18,0.7713592520678597,0.9542161163846017,1.0053441130283327,0.9343016197396214,1.1560585660298783
2012-12-19,0.7698301245898438,0.9729320781260146,1.0044055415692097,0.9482470147113655,1.1620527887441325
2012-12-20,0.7698753839215614,0.9715912829416116,1.0051865568235234,0.9470448823479517,1.160900718877206
2012-12-21,0.7624516874566375,0.9616599695252095,1.0061881698831665,0.9444590530636274,1.1573343229340345
2012-12-24,0.7696630449923033,0.9647418818600635,1.009793749800896,0.9406190017327175,1.1597520196941147
2012-12-27,0.7688284943181034,0.9584915971363058,1.006495845669706,0.9420677992293907,1.1648505071852104
2012-12-28,0.7666842859222395,0.9521138126322963,0.9927747903640453,0.9517383207286652,1.163907861062587
2012-12-31,0.7670628488469827,0.9535414348323623,0.9963023556050526,0.9492788074065363,1.1641706079863914
2013-01-02,0.7656313002619576,0.9457131186337956,0.9856353023254538,0.9392284641682792,1.1612233904378617
2013-01-03,0.7675609375533469,0.9400994799381708,0.9860943749831116,0.9400081803165552,1.159079017384329
2013-01-04,0.7816709235896167,0.9406939377116497,0.9928545171900006,0.9444568587842473,1.1632233324946484
2013-01-07,0.7837616659759943,0.9323512064093613,0.9930911379124454,0.9402031496407601,1.1716685389658903
2013-01-08,0.7933700339259552,0.9295096446257092,0.9863741418245995,0.9377918992200831,1.1716414140436038
2013-01-09,0.7922988667593637,0.9310788475527169,0.9872211909825857,0.9356966659457838,1.1697638945083955
2013-01-10,0.7941070799672726,0.9355396603367799,0.9885111564013274,0.9369314744827161,1.1852943659023423
2013-01-11,0.7973741584200285,0.9367614459697365,0.9807927931983106,0.9308285637210405,1.1973588269543418
2013-01-14,0.7975558706909693,0.9374386445094872,0.9799400364445473,0.9305571657078007,1.1961813843347644
2013-01-15,0.7975103877385394,0.9359693018171231,0.9806594864894326,0.9301568301443995,1.199641711565057
2013-01-16,0.7982026599470295,0.9323322377040428,0.9769100102894156,0.9283729064291519,1.1935745925617036
2013-01-17,0.7979065573151675,0.9332593834595009,0.9776019807641863,0.9294721145177555,1.1961692010980447
2013-01-18,0.7971522051547875,0.9359736133064013,0.9767312258327207,0.9290674908356052,1.1991308297394558
2013-01-21,0.7988029619269141,0.939557475347591,0.9774492021503953,0.9303560597988066,1.189931155911249
2013-01-22,0.7987890895226688,0.9401667387098802,0.9749454879789679,0.9308626256141999,1.1961581737905191
2013-01-23,0.7988039970201775,0.9402427510341548,0.9759978689929321,0.9319475572064998,1.1949121505850382
2013-01-24,0.78827633320598,0.935028936552517,0.9590784180574174,0.9215318069778847,1.18868762341056
2013-01-25,0.7887430740463611,0.9376252000864618,0.9644945225822312,0.9206808863729821,1.1972073774905052
2013-01-29,0.7955935043177064,0.9418827161478659,0.9729395211932358,0.9261089863604265,1.1920419117302905
2013-01-30,0.7939217450565231,0.9413208379234762,0.9734530190068578,0.9258630360667613,1.192001656715699
2013-01-31,0.7957703123533826,0.9435143342629358,0.9692502743168145,0.9255756231971642,1.1850063221980363
2013-02-01,0.800017405632519,0.9530212615960688,0.9745308106168924,0.928033625308569,1.1956565824421475
2013-02-04,0.8012047107939633,0.9510503347484446,0.976216930489349,0.9262891711848962,1.197369652652372
2013-02-05,0.8056682855833663,0.9475736760010215,0.974500494341081,0.9230395953378957,1.1892449201375455
2013-02-06,0.8030712054909034,0.9337708209543402,0.9733432408808451,0.929314826712137,1.1832955797081757
2013-02-07,0.8046395897207629,0.9408589527896676,0.9728985953616548,0.9301500712275431,1.177110604109419
2013-02-08,0.8026902055322763,0.9448257373142885,0.9728334011578844,0.938113462846589,1.1772906111046364
2013-02-11,0.7981530756116152,0.9476028865425506,0.9710782688539835,0.9393802210099479,1.189985398541568
2013-02-12,0.7979462011166017,0.944915286629104,0.9684503913575694,0.9350903991133201,1.1903216795378242
2013-02-13,0.8091536083327618,0.9456519163530315,0.9734340693784386,0.939186850168294,1.1768783540772243
2013-02-14,0.8043189068838921,0.9435528502331791,0.9772307061566995,0.9405460320826177,1.171757719292206
2013-02-15,0.8114446353763958,0.9385576570373876,0.9472703759294997,0.9302839065576389,1.1973545846302627
2013-02-18,0.8130476507372961,0.9449931195918988,0.9611626132482725,0.9360555608869991,1.2077663124575106
2013-02-19,0.8088392329311967,0.9374743580810897,0.9497424612407238,0.9303156417899748,1.1987771770782898
2013-02-20,0.8107210302258834,0.938828090333042,0.9544883886785804,0.9349023948303655,1.194975528686724
2013-02-21,0.8346046218557962,0.9696808070578055,0.9684179830492967,0.9452465347295349,1.217907679117434
2013-02-22,0.8365885326443984,0.9710264256947243,0.9699592390516643,0.9440280858430546,1.2132582244365484
2013-02-25,0.8347718644598183,0.9724491476400002,0.9744667490758441,0.9455700484829443,1.2118511898972604
2013-02-26,0.8329372329840753,0.9791706052468191,0.974160401175658,0.949119920519006,1.2295199682260234
2013-02-27,0.8329859585391609,0.9759002028028402,0.9699203558935413,0.9466402069027907,1.2207978116397777
2013-02-28,0.8412787955731261,0.9633905426769969,0.9738013028846719,0.9520641303525306,1.2267635813343516
2013-03-01,0.8377181548662164,0.9646355480929023,0.9693763615849944,0.9497734594831408,1.2257289809801093
2013-03-04,0.8377113974214093,0.9628409647677033,0.9800748724205924,0.9420377977580123,1.2107059149845945
2013-03-05,0.8484809614377041,0.9668684691275452,0.9947851705735204,0.9493165107511842,1.2135013251655993
2013-03-06,0.8493882544223623,0.9780331217278316,0.9999904724090612,0.9598723846247549,1.2088150225798022
2013-03-07,0.8390950812288477,0.9717166242238661,1.00283518115315,0.9585352665767732,1.1981264430901697
2013-03-08,0.8382906274715962,0.9685472212304199,1.003097949404654,0.9609194215434901,1.2044435485797238
2013-03-11,0.8441529357266796,0.9740204791217352,0.9994548715690232,0.9628453985933831,1.212069266959461
2013-03-12,0.8379476321212116,0.9708974768332411,0.996434124393098,0.9609687066407343,1.2210307527588338
2013-03-13,0.8445525865514075,0.9757890257057436,1.0062271974748556,0.9638043086909848,1.227202244486178
2013-03-14,0.8429605837025156,0.974947990026497,1.0094675853943762,0.9642329365123904,1.232921267639695
2013-03-15,0.8479088690342356,0.9787306671654166,1.018333049640616,0.9665745823072487,1.237369611928329
2013-03-18,0.8437348795008802,0.9899345324839951,1.035022057240774,0.972305399134031,1.2444701419818207
2013-03-19,0.8428706985117794,0.9880180197792395,1.0345937267353351,0.9744217634255433,1.2439818965317981
2013-03-20,0.8419712116032365,0.9890820770009401,1.0331881440423059,0.9736721130656684,1.2419672919977987
2013-03-21,0.8420942751864274,0.9896812162978851,1.0310110302467672,0.9713428089688071,1.2540542919684508
2013-03-22,0.8409996856995106,0.9881945830879012,1.0301992908709372,0.9707300734495206,1.2464418485042708
2013-03-25,0.8413790134130709,0.9886015416727452,1.033809737092669,0.972576984568524,1.2498602917444999
2013-03-26,0.8454327224310176,0.9885580878045113,1.0366980601476974,0.977426742474193,1.2455471353880103
2013-03-27,0.8412311482073327,0.988056919711313,1.0299386339344525,0.970334117936062,1.2450372112304304
2013-03-28,0.8412161190059528,0.9867392163685442,1.0290499108023043,0.9677304099442618,1.243569317565561
2013-04-02,0.8437585754632958,0.9868860818201547,1.0295247472588622,0.9693296776360809,1.2418270393106612
2013-04-03,0.8447245238301256,0.9809042485025578,1.025502983708996,0.9750665677045223,1.2375119264190155
2013-04-04,0.8433641237776341,0.9772531796909697,1.026930648471942,0.9741922957304492,1.2452050309232874
2013-04-05,0.8487776055702871,0.9808383529033787,1.0319871799828582,0.9769660296313675,1.2423209334663885
2013-04-08,0.8481006078387704,0.9809424940714438,1.0340911100901122,0.9771601810989285,1.2381680506350523
2013-04-09,0.8501732679996375,0.9939101153950891,1.0434663029980602,0.9858865494905885,1.248408307242317
2013-04-10,0.8533035515655876,0.9936091661995847,1.0458944460712953,0.9886678528277778,1.2528786639068341
2013-04-11,0.8562730493509441,0.9992110093110942,1.0533773285592158,0.9953303037417659,1.2563409317837941
2013-04-12,0.8569082432122727,1.0003251997211111,1.0589948281769193,1.00243306386859,1.2465587232828244
2013-04-15,0.8480321611944431,0.9902670731369702,1.0522781830628518,0.9985765350444654,1.25463874277227
2013-04-16,0.8495128978716887,0.9918149008387398,1.051734301766113,0.9962927168259227,1.2629439766222645
2013-04-17,0.8538502663470209,0.9941363536798784,1.0618632819264369,0.9968244223520909,1.2573291817700774
2013-04-18,0.8444637569165566,0.985237126868306,1.0430984363296907,0.9834079345204157,1.2684123690209144
2013-04-19,0.8440237124966653,0.9838835945875768,1.0414164619333945,0.9816821546070623,1.2679984709679442
2013-04-22,0.845019479365708,0.9825976705967747,1.0398893953541717,0.9816691576601781,1.271849055908328
2013-04-23,0.8451324301729519,0.9845511035362463,1.0394833276867932,0.9899723446931158,1.2727748315263592
2013-04-24,0.8539525175385789,0.9884384475519685,1.0455846940904114,0.9960599170417455,1.2639935822105752
2013-04-26,0.8553622639409817,0.9873948999303417,1.044968516732937,0.9959530204072038,1.2711813405354138
2013-04-29,0.8572908756475345,0.9927514938238938,1.050039783495245,0.9953122906117237,1.2739718807217943
2013-04-30,0.864539081278685,1.0091596184153522,1.0572805008732356,1.0351993118241343,1.294504287864963
2013-05-01,0.8662277089102943,1.0085815358447008,1.0533782729874384,1.0359355610034295,1.2985913115185534
2013-05-02,0.8668673010534914,1.0077495333641608,1.0541628786787485,1.0347840779179136,1.286635283488132
2013-05-03,0.8703575322958483,1.010323607381764,1.05848444448676,1.033782334439257,1.2805430885117923
2013-05-06,0.8829468238903126,1.0121305258680497,1.0741462337224106,1.0420493886602664,1.291142062308329
2013-05-07,0.8875201272377283,1.0166601930742127,1.0777287480543747,1.0445243806882811,1.288194121166344
2013-05-08,0.8889324013141539,1.022791458893715,1.0833859332439513,1.048601928467336,1.2914912192706793
2013-05-09,0.8893074262603787,1.0264664373207841,1.0835307259307583,1.0545884601553523,1.2868418621052315
2013-05-10,0.8887275399435269,1.0262663845458824,1.081334784568358,1.0529784790628234,1.2903204528627763
2013-05-13,0.8864659951057839,1.0253671954950456,1.08077430365082,1.052450981477561,1.2888242336525435
2013-05-14,0.889133338996053,1.0256942865671295,1.0798398313208735,1.0532345814603674,1.277203661321126
2013-05-15,0.889412376089155,1.0470566812976756,1.1056095090824205,1.0522585323674083,1.2496441276816943
2013-05-16,0.8837765906113015,1.0451398832752572,1.1030178151197003,1.0518812097616528,1.2640219138508089
2013-05-17,0.8638972842727035,1.0113325861574827,1.080777857857304,1.0391664649152408,1.2885660882295649
2013-05-20,0.8641017297391691,1.0100797103365695,1.0826159393096846,1.0382771922000822,1.2969101662191156
2013-05-21,0.8740765760848942,1.0113419612108354,1.0908648376794223,1.0510382250252326,1.2920008884595329
2013-05-22,0.8779681134873586,1.0180927131120523,1.0928949856848675,1.0465596717408394,1.290130891688703
2013-05-23,0.8960586456859916,1.0346343490872074,1.1250504898897753,1.0771338764927445,1.3058478077250024
2013-05-24,0.8925002244012961,1.0304766210837222,1.1254458950484536,1.078061463034874,1.3240013898194385
2013-05-27,0.8932978541898599,1.026271291652297,1.1234241343818945,1.0742113629353371,1.3053168748408435
2013-05-28,0.8927029872477423,1.0301761813408934,1.1292598978957786,1.0709286902483175,1.307170501990156
2013-05-29,0.892980928188401,1.0323334912133602,1.128466233963931,1.0736461984112768,1.312732249998156
2013-05-30,0.877965073574108,1.027020273743323,1.1169435399905299,1.0691235516894013,1.3134968290112492
2013-05-31,0.8817087440072872,1.0289970077578874,1.1217820794266111,1.0747836660550258,1.3129888106987115
2013-06-03,0.8825455113345627,1.016418308865822,1.1178128350497285,1.066393986988529,1.3226068641814641
2013-06-04,0.876221818008408,1.0083430206602455,1.1147015124334563,1.0601487174942537,1.3396471447632357
2013-06-05,0.8793766266906169,1.0219397358771416,1.1311744723157382,1.0739648523227696,1.3589772287893398
2013-06-06,0.8652129423647907,1.018395354211127,1.1310665027221474,1.0673545368596118,1.3521932997739612
2013-06-07,0.8702740084696962,1.0157640246050674,1.122217439640461,1.0645245892987005,1.3440964180158355
2013-06-11,0.8701581177623595,1.014937263979832,1.1223818699741313,1.064170512668343,1.351915471777051
2013-06-12,0.8689497551973093,1.0182063434138555,1.1250839544310904,1.065752193149298,1.3462192694059298
2013-06-13,0.8625154078875856,1.009417212599204,1.1057207042228125,1.0510108176099728,1.339694955980758
2013-06-14,0.8647571071265032,1.0318916306534733,1.1116470886842955,1.065260024578679,1.3173035777568023
2013-06-17,0.8793550008959417,1.0217338848472037,1.119778912844026,1.0683325898450358,1.3283972946663427
2013-06-18,0.8799354642586971,1.0255441071161147,1.1209988363862453,1.067633788383208,1.330542832263677
2013-06-19,0.870870403282287,1.0228004082507196,1.1049989236797249,1.0587915587896704,1.3362711111076206
2013-06-20,0.8953497896543818,1.032050794271759,1.1294293599726213,1.0663706788815202,1.3214494050352603
2013-06-21,0.900344449713586,1.0420564906942202,1.1331104007051769,1.0647937993840884,1.3343171040543889
2013-06-24,0.8917499479861869,1.0394559662784155,1.1216438352808173,1.0516514059249618,1.3253381233649002
2013-06-25,0.8915257382367691,1.0388514553181645,1.120973622856956,1.0514613656179523,1.3317608701397134
2013-06-26,0.8937822900994712,1.0389965833084118,1.1200216810418135,1.0489277244337023,1.3499748243717
2013-06-27,0.9084091469649913,1.0386518661801472,1.120548743462139,1.0558164106485115,1.3183929712448967
2013-06-28,0.9106128848702997,1.043007357606594,1.119621208665441,1.0455147159282279,1.3175503636191797
2013-07-01,0.9216188932529816,1.0500834927903517,1.1324872616876818,1.0531630462877917,1.3192492988975297
2013-07-02,0.9128651012300647,1.0172740222387038,1.1074110016030092,1.044642615598086,1.3057969876129123
2013-07-03,0.9025194278777998,1.0210731427762127,1.1256570775237507,1.0529917655766035,1.3324286736387336
2013-07-04,0.8951140095132494,1.0169025209644593,1.124299039120792,1.0532202045356271,1.3325762395383915
2013-07-05,0.8955244010388543,1.016704867258212,1.1268437777448308,1.0526330176912364,1.3362299102765636
2013-07-08,0.894356946443639,1.0218353121501231,1.1261272280529782,1.0582417239069222,1.3351687189164145
2013-07-09,0.8958148619131728,1.0247696609315424,1.1310821138029556,1.0597159717298592,1.3594686985465905
2013-07-10,0.8957147808250916,1.0240908824369848,1.131499920103299,1.0588276778260806,1.3644474812620733
2013-07-11,0.8998766835935639,1.0280705758782067,1.1365038397136458,1.0543483420106052,1.354079396576929
2013-07-12,0.8992197552809333,1.0275309333123825,1.1349737613867024,1.0530866956215814,1.3542981068089208
2013-07-15,0.8994067905030309,1.0309342305947982,1.1358625176450876,1.0535191425183268,1.3574875063368954
2013-07-16,0.8957383818772344,1.031448418904845,1.1333734711160475,1.049480674707305,1.364330721148449
2013-07-17,0.8996958187605518,1.0339078885514832,1.1370447751222026,1.0533656924849883,1.359458330623039
2013-07-18,0.9095746497933896,1.045830549281421,1.1477767416580837,1.0668205372905326,1.393454490756691
2013-07-19,0.9075456747230742,1.044071006536521,1.1506307291696287,1.066003660067942,1.3916816917254649
2013-07-22,0.9168224111549398,1.047862814605554,1.156591442423048,1.072752227571068,1.414617850466051
2013-07-23,0.9174180092040689,1.0477416134999835,1.1564232716500813,1.0723046849401876,1.4167113732505
2013-07-24,0.9186453438273231,1.0499315564143659,1.1560838125740787,1.0712778809672618,1.4092518496266848
2013-07-25,0.9168512264635784,1.0516336883391302,1.155620141162104,1.0730499957313255,1.4061865995260339
2013-07-26,0.9173623380067755,1.0507787350471964,1.1567205837316958,1.0712794517974444,1.406039185868625
2013-07-29,0.9119736024893363,1.047821516187163,1.1563289170092763,1.0689499608283524,1.4141334565600072
2013-07-30,0.9118943647419314,1.0447900661954581,1.159638575137059,1.0691674482972906,1.4155254374062864
2013-07-31,0.9113046347006971,1.0457873766611108,1.1601416934463835,1.0692974565779299,1.4158241684382264
2013-08-01,0.9107007583494795,1.0442412896333415,1.1592578134112055,1.0682056966812865,1.4151093191794706
2013-08-02,0.9088989584983087,1.050409623177066,1.165876336975191,1.0767196289858392,1.4386188661940436
2013-08-05,0.9126965665129297,1.0558876354811177,1.1729873334943217,1.0803782140899352,1.4407017202891252
2013-08-06,0.9122342058774695,1.0557405493733603,1.172365856915517,1.0808033344203913,1.4425493576281014
2013-08-07,0.9144562622437661,1.0508330173714295,1.1703433058158608,1.084938437018548,1.4473195919634216
2013-08-08,0.9150345440247095,1.0466491999383511,1.1691871643828737,1.0839357062547346,1.4482472729085107
2013-08-09,0.9078336224885997,1.0460779877240796,1.1647902073982637,1.0892419872625452,1.4608958241727104
2013-08-12,0.9102196665153639,1.0411729791567683,1.1631671690136782,1.0885317426303787,1.4442482341474425
2013-08-13,0.9109662613944328,1.0437218258936303,1.1574994511186458,1.0891602799244107,1.4487959952283584
2013-08-14,0.9141464059261251,1.0396179623148454,1.1576976289547618,1.0879362894523914,1.4484651906883688
2013-08-15,0.9090048172078788,1.0408945946880017,1.1536938916983335,1.0881258207559394,1.450169472797451
2013-08-16,0.911329156345712,1.0435291672499751,1.1524883091487,1.0892759701968078,1.4548638831793879
2013-08-19,0.9126396082401853,1.0450820522171151,1.1547176809067057,1.0904378676365745,1.456517834100725
2013-08-20,0.9173836028186146,1.0348103151090209,1.1605082642882438,1.084224643299302,1.4582050151780095
2013-08-21,0.9180599167752014,1.0376644593534299,1.1607087274257963,1.0847539678391076,1.460616510174993
2013-08-22,0.9162861903767953,1.033740537321517,1.1628829137673753,1.085873428866284,1.4655908449185469
2013-08-23,0.9186908357615436,1.0301191692386387,1.1675075427848087,1.0818255631983347,1.4625948854763604
2013-08-26,0.9186311918944323,1.0294125510410854,1.1682014735756678,1.0819709949711365,1.4633571815149033
2013-08-27,0.9206670748649811,1.0283152877881132,1.1674601035632366,1.0808563174188874,1.4612706579951171
2013-08-28,0.9264843060766127,1.0279277627704173,1.1705789976814975,1.078680538215461,1.4755246199327097
2013-08-29,0.9276315039384632,1.0372961766470807,1.1751794592705722,1.0820354632619031,1.4889221283472192
2013-08-30,0.9295347561123876,1.0337940609066372,1.1725901204791418,1.0809847108174353,1.4858044796538994
2013-09-02,0.9301631783657115,1.0345116883113286,1.1734773148273554,1.0807837943108298,1.485557908357586
2013-09-03,0.9291481297477746,1.033416833650987,1.16657569502111,1.0741803290791077,1.484396518343266
2013-09-04,0.9296044025563497,1.035239853775818,1.1638661017062355,1.0749137463863532,1.4783785988453366
2013-09-05,0.9327933183988305,1.0344578038994494,1.1700496181793212,1.0791504019419276,1.4749435491686176
2013-09-06,0.9336581700976382,1.0353604734452881,1.1719448175310394,1.0799953523363712,1.474282271243555
2013-09-09,0.93359391286419,1.0377068142759227,1.1725756871780386,1.0802698622799525,1.4646708333127847
2013-09-10,0.9326264800938748,1.039122929440489,1.1748084884805197,1.0805855186424569,1.4698158789210944
2013-09-11,0.9272117595339756,1.039231019024541,1.1694369687502537,1.0833567075722712,1.4858398997806213
2013-09-12,0.9282714021234876,1.0390244879888282,1.1686118499664466,1.0842448154916617,1.4842396081718512
2013-09-13,0.9330753795838218,1.0468982463639467,1.171593058075331,1.090963529651786,1.4809259158462424
2013-09-16,0.9326536305103009,1.050559721709162,1.1683700860921222,1.08928246654686,1.484283726205783
2013-09-17,0.9328720585043497,1.0511995142169372,1.1680591543498386,1.0894598059768685,1.4825549432459324
2013-09-18,0.9328798356505412,1.0535430066225617,1.1674404481779577,1.089285102809396,1.486134793862265
2013-09-19,0.9220544095187162,1.0544071881700825,1.166544167573592,1.0976859701254644,1.4892482851722149
2013-09-20,0.9214570090374444,1.056019016810536,1.1663494419958054,1.0981411194901245,1.4899054862447654
2013-09-23,0.9225144553723138,1.0584061566140495,1.1656021258134206,1.095080081672884,1.4961904778999895
2013-09-24,0.9257720705233274,1.0606969046945984,1.165408768440231,1.095219691941131,1.4970287568539624
2013-09-25,0.9219927767042557,1.064925827188589,1.1664974426898904,1.097444505777736,1.4910859717430214
2013-09-26,0.921337488129986,1.0660218546410172,1.1656417722542625,1.097281441366242,1.4922134913565586
2013-09-27,0.9209189164945301,1.0649561817618565,1.1650359722864994,1.096825291161058,1.49177846630071
2013-09-30,0.935070651085149,1.0715701888727298,1.1631213848657607,1.1035039794511587,1.488017497313152
2013-10-01,0.9386164931461857,1.071334540054321,1.166140011031272,1.1048842273919786,1.495839132069943
2013-10-02,0.9388801004242399,1.0712469097546609,1.1658001993914893,1.104837735535216,1.4949995617962393
2013-10-03,0.9370680975574163,1.0718974707747315,1.1641199231576373,1.103284057554067,1.4985484966843303
2013-10-04,0.9375471887724207,1.0738109925228099,1.1642332742123227,1.105454088878228,1.501947682821435
2013-10-07,0.9410403740421986,1.0753407145803275,1.1618961439587432,1.1063639469680555,1.5049352626508214
2013-10-08,0.9407537525648689,1.0771420774125762,1.1645822175726765,1.1067680509603728,1.5088382914482636
2013-10-09,0.9409965093956258,1.076861362409125,1.1637605485965274,1.1069969261091175,1.5069628105597765
2013-10-10,0.941678704206276,1.0775458594658702,1.164227015667719,1.1070146630993973,1.5075320255632851
2013-10-11,0.9475356524690232,1.0798548783057988,1.1695742074099325,1.1131970370718969,1.5037095095560062
2013-10-14,0.9455370780880971,1.0800677081792773,1.1684293355942916,1.113714513596588,1.5043272378392323
2013-10-15,0.9435527732770468,1.0768845729718448,1.166534067445034,1.1134082733452053,1.5087816800573128
2013-10-16,0.9486185422487506,1.0784801417192467,1.1682849326230356,1.1148429715545667,1.5103851163392963
2013-10-17,0.9522745343446954,1.0816341943981171,1.1725328177483265,1.1188365698386242,1.5018273142327312
2013-10-18,0.9542598397740045,1.0859819964230308,1.1758981894368874,1.1192860955074946,1.501092342750106
2013-10-21,0.9551810558227481,1.0828123684403748,1.1741866838703954,1.123144664826229,1.5027098533428542
2013-10-22,0.95491635748543,1.0822406350937732,1.173204308968909,1.1228390822748067,1.5006893745137329
2013-10-23,0.9589469960970802,1.0884314870817562,1.175862570633187,1.1268664242762925,1.4945190127672798
2013-10-24,0.9604346601129455,1.0882545963332004,1.1766986389836018,1.1284858106232636,1.4945963260123243
2013-10-25,0.9609157561424452,1.0923182212160694,1.1809695305052272,1.1311617112304089,1.5234485430784461
2013-10-28,0.9636039073472946,1.0953161362705612,1.1774888317143277,1.1348418849988322,1.5222816802503412
2013-10-29,0.9645770342939306,1.0938673976394437,1.1756950745635044,1.1283843598410968,1.5203679356261977
2013-10-30,0.964383682654558,1.096583509286286,1.1772510225197066,1.1305099760484305,1.5151636588623665
2013-10-31,0.9693656698572257,1.0840962422516922,1.1796275311591464,1.1391199784989112,1.5230971469160781
2013-11-01,0.9697772504999603,1.08135883960108,1.176949661867904,1.139221396177058,1.5124342250214844
2013-11-04,0.968078859894181,1.0829916175079035,1.1781912792149427,1.1405760504250846,1.5047888492845536
2013-11-05,0.97000868717086,1.0830175144418266,1.1759006045616736,1.14008563250481,1.4954719260883116
2013-11-06,0.9705132053893426,1.0876800375932458,1.1739883528563249,1.139373244602751,1.493587130873962
2013-11-07,0.973815711661444,1.0897493492807375,1.1803914552990455,1.1385620795649545,1.485618897426067
2013-11-08,0.9795384443227418,1.0873735873142671,1.1830108876677818,1.1389803559066134,1.4849593452270395
2013-11-11,0.9845909980696864,1.0871343788945993,1.1856640644347989,1.1420031057271895,1.4812442538310326
2013-11-12,0.9875860772818363,1.079483124494458,1.1810154455330832,1.1427463961283268,1.4753161491226436
2013-11-13,0.9970306738879186,1.0900578687860178,1.1829504089331593,1.1480904037285242,1.4671804334221556
2013-11-14,0.9999417121096799,1.0938819261243755,1.1854584037080136,1.1524066280109697,1.4695519592187274
2013-11-15,0.9979404576696908,1.0968596163492073,1.1839427749949252,1.150781167344851,1.474079831399271
2013-11-18,1.001580515485615,1.0957268198267787,1.1867498943690666,1.1538942740784193,1.4829090917640146
2013-11-19,1.003259317290242,1.0947197517472198,1.1867949678721013,1.1573242094573906,1.4846385982090708
2013-11-20,1.003006089721208,1.0951490041504366,1.1831591075700196,1.1595074888679158,1.4815283385320426
2013-11-21,1.0025701050962172,1.1033455530816834,1.1850425279605628,1.1610613091752924,1.482098081941144
2013-11-22,1.0003067097483067,1.1008572553582956,1.1826607728900072,1.158460279821131,1.485266828752467
2013-11-25,0.9991921915929628,1.10109565558003,1.1833414739026813,1.1589036312832037,1.4862551134918596
2013-11-26,1.0022233927699344,1.1027001442778686,1.1851317416074623,1.1584143829503797,1.4885157976397372
2013-11-27,0.9982054809931807,1.101011718467742,1.1848086635181523,1.1557459716948653,1.4902753572293406
2013-11-28,0.9977794456388547,1.1033202766826686,1.184863469100051,1.154616185124307,1.4907610333362686
2013-11-29,0.9989502537529085,1.1000146514031182,1.1840476704781855,1.15374962453768,1.4844781446333004
2013-12-02,0.9977585129354397,1.1028209956289714,1.1856998685373008,1.147732544057662,1.4881185562138828
2013-12-03,0.9980008388196051,1.1046312959552314,1.1878677502578996,1.1488409977170153,1.4852062514132256
2013-12-04,0.9967543400036737,1.1053476990441489,1.1870227639544213,1.1477794368360716,1.48273788418641
2013-12-05,0.9978811150772703,1.1113015754204831,1.1967698545240741,1.149833867804815,1.48299556817144
2013-12-06,0.9992014286010987,1.1127490248776517,1.1966326422047049,1.1533563475482753,1.4873131969516404
2013-12-09,0.99705261520178,1.1132615227897784,1.1988378565990518,1.1530053709319052,1.4857110742111743
2013-12-10,0.9964223720667825,1.1134024615426712,1.1990185820064936,1.1537050232886608,1.4828169414120713
2013-12-11,0.9984101366588227,1.1145708478541585,1.2002112394216258,1.1534067649446371,1.4754679832494557
2013-12-12,1.0017428791220735,1.1067121032229947,1.1960467236613306,1.1527741040467903,1.48118254879886
2013-12-13,1.0026593323106976,1.1069199940826593,1.1946538412667498,1.1473509902061285,1.483403237870403
2013-12-16,1.0028394209841593,1.106830574331616,1.1942617055778662,1.146154159607924,1.4829120716853887
2013-12-17,1.0037495655476556,1.1075379477708478,1.1953068132863345,1.1480595388146408,1.4804102623046258
2013-12-18,1.0062948221678916,1.106938637218173,1.1981757520359353,1.1473582831604126,1.475270484599372
2013-12-19,0.9990406047585332,1.0999559333034672,1.1965603014345747,1.1329999961028574,1.4828047851503292
2013-12-20,1.0021443717225351,1.0949930942625343,1.1919388698442328,1.139368038797811,1.4773961438681527
2013-12-23,1.0034172349767958,1.0969299712474394,1.1937231777886834,1.1393993287621333,1.476823493588301
2013-12-24,1.003562459106623,1.0956419103855928,1.19403087001859,1.139248259962565,1.4777346644860014
2013-12-27,1.004422064579886,1.0968942367383328,1.194103319287334,1.1399621068652586,1.4801413266067303
2013-12-30,1.0047524349183958,1.0967606201215105,1.1926669346436622,1.1401386965376143,1.4787387593860657
2013-12-31,1.007742859802587,1.104709547967198,1.2021636803197118,1.1499141842659324,1.483933410603035
2014-01-02,1.0071461829868265,1.1054723589711624,1.203999492177276,1.1517223946023973,1.4902352900007372
2014-01-03,1.0081415258134026,1.1072377893939085,1.2047561142142171,1.152785247342083,1.4899409160283252
2014-01-06,1.0054533499768215,1.1071871923652163,1.2055970503210456,1.1543310308174526,1.4882421075711536
2014-01-07,0.9991939396966454,1.1060862102943796,1.2082190755382043,1.1533117841995437,1.4885076232105263
2014-01-08,0.9999737329164049,1.1051419434844825,1.2074916925641608,1.155884342168707,1.4886380662297827
2014-01-09,0.9999792796709325,1.1052773465350636,1.2072536768553754,1.1552825221569563,1.4872786713014536
2014-01-10,1.000230105902738,1.1060786440054764,1.2057617557374525,1.156571455604022,1.4842163436354774
2014-01-13,1.0013880696759114,1.1074762079643043,1.2070928753676415,1.1580466795940612,1.4879107572557488
2014-01-14,1.0026140569389763,1.111095315764355,1.2045617505751431,1.158508230704787,1.494612566606782
2014-01-15,1.000940995733744,1.1111488480705822,1.204756723335883,1.1583167455822445,1.497165941501106
2014-01-16,0.9879603112292393,1.1056803905979937,1.1958430111961282,1.1495914672350114,1.4941583117559034
2014-01-17,0.9888487155109751,1.1051057624881688,1.1971834354994966,1.1502495918988214,1.4936504899102092
2014-01-20,0.9892662128716996,1.1044111387604878,1.1975589591197822,1.1506703644132175,1.494661997524876
2014-01-21,0.9905167559171338,1.1051657226959213,1.197355571302266,1.1509159659366885,1.4937835980514687
2014-01-22,0.990694230000644,1.1031249639904672,1.1955300100172066,1.1485102927108468,1.4912282192120332
2014-01-23,0.9898346288677634,1.0962662682517388,1.1962013621264815,1.1508358609776321,1.4705023478310915
2014-01-24,0.9903447761803836,1.0983249069253145,1.1947627083646601,1.153728033396224,1.4636827060598991
2014-01-28,0.9829924845477106,1.0963487410489126,1.184478625333506,1.153457823208098,1.4801144779597775
2014-01-29,0.9831157519425784,1.0941923118262635,1.1854052795312802,1.1503416681033454,1.480045728546798
2014-01-30,0.9841632432351104,1.093517552441269,1.185767605226656,1.1522759113586158,1.4809459054027325
2014-01-31,0.9840385275842849,1.0865685352877656,1.1864796040454697,1.1546183108076395,1.4775333213776474
2014-02-03,0.9833709667808351,1.087427098882385,1.1844531270990797,1.1541924201807963,1.47556578360844
2014-02-04,0.9821793568579443,1.0922692337986675,1.1846424258749266,1.1548728361551257,1.4563355052463978
2014-02-05,0.9853787821168261,1.0920864043619471,1.1847191061898146,1.1537219653839033,1.4580925458909852
2014-02-06,0.9866773209575816,1.090627417098507,1.1882121975305417,1.1512291253856113,1.4561963988034248
2014-02-07,0.9863524644511878,1.086996357129288,1.1923042392225989,1.1423337896321135,1.4600439926013231
2014-02-10,0.9917723748406803,1.0921492087374565,1.1941053011674578,1.1427179043651339,1.4589034782391632
2014-02-11,0.9946354611008806,1.0945421432898295,1.1962873280363844,1.147727805401745,1.441361072961155
2014-02-12,0.9821947196127164,1.0906664976128424,1.1881897123767804,1.1493655527061715,1.446561429298547
2014-02-13,0.9863564386224669,1.0930792912730036,1.1856376288351753,1.1489738851840825,1.4529983150757713
2014-02-14,0.9831038505587518,1.0894737786413318,1.1854647223027077,1.1486863177369706,1.4504366643193758
2014-02-18,0.9813155822218539,1.084653988537291,1.1718592138154802,1.1392344231770453,1.4427927050407525
2014-02-19,0.9807943331183537,1.0858458636279344,1.1733532039676555,1.1404100657757767,1.4401443820367914
2014-02-20,0.9792467757114972,1.084110827143708,1.1736577134586668,1.1395456901084007,1.439145904387834
2014-02-21,0.9679003168971085,1.0589024886134195,1.1717492289257765,1.1395020757925947,1.4271517860042577
2014-02-24,0.9662674899088831,1.0566137295415938,1.1700645526766833,1.1406508954807124,1.429037515297439
2014-02-25,0.9684269293416939,1.0531257036677075,1.166942692749672,1.1395477926464113,1.4294773672057934
2014-02-26,0.972025650045035,1.052970212399649,1.171839059860453,1.1399282520104175,1.4229453095899915
2014-02-27,0.9713912881993517,1.0538688339323998,1.1739362756970062,1.1390605398226046,1.4305011200454056
2014-02-28,0.9672735753350972,1.0615424343254833,1.1716587987989568,1.1390674035743382,1.4425708919219171
2014-03-03,0.969884501264627,1.0644498864053769,1.1748162573650256,1.1396172824285014,1.4429791693564824
2014-03-04,0.9736214780120818,1.0701618166567943,1.1715811176443993,1.1476115070303947,1.4557424696431238
2014-03-05,0.9647118065185611,1.068187886605481,1.1638788324780411,1.1455590959832584,1.459186280237949
2014-03-06,0.9642021285955602,1.0689844519319633,1.1621031998842135,1.1440953457717196,1.4591027747026644
2014-03-07,0.9654515644824294,1.0687880164623011,1.1580832571193376,1.1427452496480386,1.4570872123723861
2014-03-10,0.9622308903798834,1.064761084096913,1.1547012558861622,1.141463738081359,1.448137891797366
2014-03-11,0.9624345076731697,1.0613608629045603,1.156481922046377,1.1422737138254586,1.445328804764505
2014-03-12,0.9674680554630831,1.062637322317952,1.1593246021263062,1.1422865329038503,1.4470876208168488
2014-03-13,0.9623008707237877,1.0579387828369604,1.1547651757406623,1.1357676075558647,1.436447493722375
2014-03-14,0.9601246850563832,1.0573056458027454,1.155824871264456,1.1317498036074027,1.4289369212435514
2014-03-17,0.9586959618865886,1.0564608980730392,1.1507396691269127,1.1316842865437735,1.4304006252115171
2014-03-18,0.9664263923034253,1.0512704995118023,1.1398114039659881,1.1322856729069637,1.4267413494321326
2014-03-19,0.9683881356995281,1.0537168027979507,1.1409730147414368,1.1313554440874234,1.4245932173047633
2014-03-20,0.9657708339049786,1.0473085406899223,1.144881813238385,1.1301690662388544,1.419667689859681
2014-03-21,0.965437354192538,1.0460226906118453,1.146187190023301,1.1286479499608864,1.4140613864294365
2014-03-24,0.9657920574836827,1.0457431094822702,1.1450405608200425,1.1278140100729197,1.4172779928708736
2014-03-25,0.9655071050749129,1.0454044874454307,1.1404515628871565,1.1267285245265546,1.4129563328867252
2014-03-26,0.9635400663403828,1.0464839467266742,1.1411471243104405,1.1233017275392942,1.4178363365173907
2014-03-27,0.9659207037563605,1.0450982519490044,1.1442284524100064,1.124758499421292,1.4055344528758993
2014-03-28,0.9665870341090433,1.0467471245956617,1.1469203136295307,1.1273448208975319,1.4067279334633735
2014-03-31,0.9637900603080259,1.0463238982422773,1.1452093809121098,1.126407618194203,1.4053773534936072
2014-04-01,0.9631985025369019,1.0506579335139408,1.1491996432596345,1.1209656255756262,1.4081935126147422
2014-04-02,0.9643897431992149,1.054281909488773,1.1478180839349,1.1212687873900924,1.3994812025612333
2014-04-03,0.959901100806088,1.0506960180460032,1.1432065478124076,1.1195316987234385,1.4012919938269741
2014-04-04,0.9597568692386133,1.0508603973365735,1.142415159518711,1.1197119326434957,1.4047018010720425
2014-04-07,0.9601058194371745,1.040136725187951,1.1341534566286828,1.1136215631599773,1.3975078895592654
2014-04-08,0.9589247460449273,1.0393121107033465,1.1326615636452584,1.112492705649874,1.399622285721997
2014-04-09,0.9570572294677746,1.0338867504992026,1.1244493965177815,1.1077737304537947,1.3941143171085861
2014-04-10,0.9574852490281548,1.0341389911017649,1.1247367560533184,1.1089499636028055,1.394273568903284
2014-04-11,0.9659782872264862,1.0411290624564713,1.1295177309887052,1.1170025824573366,1.3881332487084055
2014-04-14,0.9643893099977836,1.0421423299713957,1.130117462929913,1.1195760010478784,1.3937539961201757
2014-04-15,0.9598254831678448,1.0409064877647183,1.1318255615958144,1.1225157255449583,1.394680161794012
2014-04-16,0.971230101171145,1.0501319116970216,1.1533411630570736,1.1371339009826107,1.3900407062009057
2014-04-17,0.9712298654228034,1.0509016896213468,1.1560806092386238,1.1385169327448736,1.3879502810023674
2014-04-22,0.9711721085647617,1.0512263248694627,1.1599207406460927,1.141612947440097,1.3817885127524163
2014-04-23,0.9738296918451387,1.0481210014880207,1.1599486225675102,1.1338553321940323,1.3870105363860705
2014-04-24,0.9646890784965545,1.0443337550133962,1.154477442079195,1.1309493246940445,1.3990159819535364
2014-04-28,0.9638476602954713,1.044188350493618,1.1548021644797513,1.131207693446575,1.4003036310912564
2014-04-29,0.9607544613550225,1.044081516219442,1.1529734635105804,1.1310072427548363,1.3898726822667697
2014-04-30,0.9488054210903644,1.0310932532303154,1.1477739285826092,1.0922390174489225,1.3758760495838642
2014-05-01,0.9460379536158611,1.037375732293648,1.1545516599131576,1.094442354184368,1.361828938550375
2014-05-02,0.946575844335141,1.0388316908301052,1.1565999753718328,1.095799747752281,1.371775799296352
2014-05-05,0.9458852764945391,1.0383642795512302,1.1558624058909235,1.0954765858971556,1.3757467862714043
2014-05-06,0.9448917296201984,1.0413389415433438,1.1627175730449482,1.0983970600035697,1.3694994840305104
2014-05-07,0.9427064053466816,1.0381950390884709,1.1572955399207983,1.0970211944040744,1.372506659711638
2014-05-08,0.9404177607130679,1.0376606764375655,1.1598358066972396,1.0957313274144,1.3726831590181596
2014-05-09,0.938613507395392,1.034654309171793,1.1592999863474633,1.0966191251277535,1.372270417739205
2014-05-12,0.9393622877470513,1.0360522258413916,1.1603408468225767,1.097981822467419,1.3719026951486362
2014-05-13,0.9374639434038862,1.035018095718627,1.1580781706410987,1.0957691224142683,1.3641949970699347
2014-05-14,0.935564230735259,1.0354715338475287,1.1586700733104922,1.096674124179621,1.3616630763811612
2014-05-15,0.9410283683646272,1.0369525359946326,1.1610593377691871,1.1001033852000617,1.3693317564393332
2014-05-16,0.9456970208900912,1.0373967703327427,1.1596570054986652,1.1013369803593205,1.3537954764453326
2014-05-19,0.9441426810397154,1.0405258143336986,1.1607447035701743,1.094597328448929,1.3453039686068113
2014-05-20,0.9449164142850958,1.039829609405198,1.1571954724292826,1.0973291989516567,1.3389711615048385
2014-05-21,0.9413938116128714,1.0386072803672661,1.1556537034479717,1.0919616223829645,1.3415670670850355
2014-05-22,0.936484670492137,1.0396080178078668,1.1497625947032473,1.0899887563599344,1.3438862178002682
2014-05-23,0.9231546568116729,1.0240766011260218,1.1239664937741287,1.0627307382140905,1.3329559122461
2014-05-26,0.9234147085758202,1.0261458876455631,1.1192022877740666,1.0621902822428733,1.3167881758182345
2014-05-27,0.921590244392833,1.0276684439114414,1.1195688171480696,1.0664854940726594,1.325718006922446
2014-05-28,0.9211549285345094,1.0290971778393379,1.1191346422678983,1.0659078093190806,1.3261713665818862
2014-05-29,0.9215668044079753,1.0298456102784348,1.1196066406856653,1.0660974012765572,1.3261485032273512
2014-05-30,0.9349811738281284,1.026883488015764,1.1287165436992137,1.0714933291830462,1.3259078092165122
2014-06-02,0.9349403807688978,1.027941452730411,1.12715965470871,1.0718810265659766,1.3244149085814825
2014-06-03,0.9387158394427533,1.0391678403190079,1.142691548855322,1.0797215077337765,1.3126521894215957
2014-06-04,0.9405554770679178,1.0397146556830559,1.141603214886261,1.0814484506432906,1.3085053391262813
2014-06-05,0.9393508669925877,1.0308685937851925,1.130065036268949,1.0700113679186078,1.291452005008352
2014-06-06,0.9479877249844566,1.0360002114565185,1.127109995815786,1.07159325052031,1.2994145591536606
2014-06-10,0.941939114686016,1.0325457416613217,1.1314451732690578,1.0740695354310312,1.3056338662630773
2014-06-11,0.9417204158583711,1.0326506311725867,1.1291223884169548,1.0717983697343563,1.2970864782094782
2014-06-12,0.9426761872714055,1.0312564071830959,1.1263385452198609,1.0677290680291989,1.2980823414039553
2014-06-13,0.9497994826126541,1.0399573689553376,1.1447273316594366,1.07901799505698,1.2964693953207043
2014-06-16,0.9491583382960387,1.0174408159278046,1.139588928199928,1.0676739878918096,1.3155188516750542
2014-06-17,0.9428110235510159,1.0115289430085908,1.1349028002157182,1.0603786872084804,1.3047902090827752
2014-06-18,0.9433674523926332,1.0108840178761158,1.1369023826341669,1.0610504525217053,1.3007149402110703
2014-06-19,0.9525413409134043,1.0124905643554676,1.1502788659153667,1.0681526387169056,1.288017211882271
2014-06-20,0.9351360199642832,1.004439788288173,1.1271755625858293,1.0634924590441184,1.29528340884213
2014-06-23,0.9344077653053812,1.0030431080395823,1.1223739289061965,1.058422562217431,1.2911371035370625
2014-06-24,0.9448572285221175,1.009921193932921,1.1359088363830785,1.0787492666832494,1.3027961765177982
2014-06-25,0.9481355753773318,1.0123678785245531,1.1399549046076454,1.0796011190487727,1.2956321352173523
2014-06-26,0.9470755700772147,1.0113782003234661,1.1430130043317153,1.0824563716028144,1.2691863538708668
2014-06-27,0.932751500364263,1.0114355798047752,1.1435011839216773,1.0766728463544886,1.3014611991050866
2014-06-30,0.9323949054498197,1.0100946683112484,1.1430561647920996,1.0760807125753138,1.3051944074845627
2014-07-01,0.9245147819590784,1.006204518282137,1.1300635749826125,1.069548978854916,1.2927305017049648
2014-07-02,0.9319298011020952,1.0606781699825512,1.159519554468734,1.0812490276505202,1.3037013801009794
2014-07-03,0.953420290752712,1.0608734614415596,1.1510379287909456,1.0784107955663331,1.2892226664368294
2014-07-04,0.9635393033441745,1.0699061085690058,1.1534385678377965,1.0772608400008465,1.2832020918132394
2014-07-07,0.9665127059237093,1.070004803035053,1.1506406953396178,1.0796990795636083,1.2767902698696079
2014-07-08,0.9705854347952285,1.0682241494467746,1.1558297190350497,1.0792208096285572,1.2753407192903041
2014-07-09,0.964470127490776,1.062594928518809,1.1493000807654816,1.0771030721277828,1.2318828913235567
2014-07-10,0.9646133151351152,1.0639685496202083,1.1489743578384592,1.0783983522249745,1.22198552033979
2014-07-11,0.9621931816366299,1.060600440261826,1.1491638296391182,1.0819547399345428,1.239223642490545
2014-07-14,0.9636481856344966,1.0610216732094346,1.1510012135388685,1.0834756200562385,1.2379041771496664
2014-07-15,0.963557741454334,1.0606925689269688,1.1504556379391901,1.0832835405217778,1.237481554088298
2014-07-16,0.9629222726134578,1.0603951500301028,1.1492952120741318,1.0825941500714606,1.2389889442032587
2014-07-17,0.961979835835697,1.0601807805785712,1.1480637385298076,1.0811741245008597,1.2367136459573391
2014-07-18,0.9609263671375855,1.0591651139749216,1.1475188120323654,1.0812481353115024,1.2386043824567405
2014-07-21,0.960809697634307,1.0611761595930749,1.1429195016421738,1.0808740156520076,1.2403237588773914
2014-07-22,0.9608744152888568,1.0634507128335955,1.144213860899405,1.0828388461147582,1.2272043907660783
2014-07-23,0.9585833947142194,1.0633956769357016,1.1428743139332904,1.0820565930818915,1.2248002133621143
2014-07-24,0.9580668997712938,1.0628172511528462,1.141302966883852,1.0826973172499776,1.2255935084634504
2014-07-25,0.957897310847044,1.0626116890729018,1.1410514984440812,1.08218993990676,1.226524878242497
2014-07-28,0.9582607858742164,1.0618209416014524,1.140221066700722,1.0823932437179546,1.2318220868225753
2014-07-29,0.9585101087344163,1.0631402360395927,1.139894272682356,1.082525551587514,1.2324396727958433
2014-07-30,0.9604056033589158,1.060482826719139,1.1373617595973813,1.0814109421216433,1.2299130535694869
2014-07-31,0.9610557844084834,1.0607240711557826,1.1380335690403725,1.0813363674277285,1.2297378663448524
2014-08-01,0.9611883892285626,1.0590825450387027,1.139652266219872,1.0802482746819513,1.22886588691123
2014-08-04,0.962658464067041,1.0571522795562602,1.133896026901957,1.0753624010680651,1.2021125110798137
2014-08-05,0.9638029962495658,1.056172948888334,1.1340305956487973,1.0758442462975166,1.2042193127026284
2014-08-06,0.9639760611971622,1.0563180631123232,1.1334304752198974,1.0762519580757857,1.2041718707320561
2014-08-07,0.9601396461837821,1.0608478587392351,1.1303575034053757,1.0717604632512923,1.1890708007180903
2014-08-08,0.9612464740110002,1.0715765008264622,1.1351945527280192,1.0788127193184027,1.1851270351340573
2014-08-11,0.9608922430571885,1.070180093045557,1.132275546101542,1.0783810184230345,1.1838820758686168
2014-08-12,0.961515079784418,1.077273557609997,1.1383972149303463,1.0779315673690293,1.192062753503203
2014-08-13,0.9631906096957994,1.0758220167057893,1.1434242991485017,1.0778728289347,1.1835162218410258
2014-08-14,0.9596579276194593,1.076852634870024,1.1435696266485356,1.0742605735638378,1.184880682345495
2014-08-15,0.959447063579045,1.0772750666159527,1.144122041892925,1.0711217563710551,1.1840234196256538
2014-08-18,0.9594893186557407,1.072304022933442,1.1423743802615658,1.0542346322870537,1.181291017106815
2014-08-19,0.9612574127430553,1.0629509981475498,1.1477932539739615,1.0549237302008423,1.185298289857882
2014-08-20,0.9571009444481112,1.0737249397775848,1.1435568335937683,1.064369109359009,1.184714595160452
2014-08-21,0.9542157469703203,1.0686591252206663,1.1436883303149161,1.063899616258518,1.179816337926561
2014-08-22,0.9577924590891193,1.074643025759286,1.1413838515714796,1.0628852105675202,1.1733130503272144
2014-08-25,0.9561023084309761,1.0803185357136103,1.13769844553775,1.069146838227596,1.169003425209823
2014-08-26,0.9551734206697142,1.0803077310409916,1.1369699758420764,1.068507664614711,1.1687550638324766
2014-08-27,0.9548003347863544,1.0810253824240748,1.1378676666332823,1.0693567879067944,1.1692886224354282
2014-08-28,0.9448851164263303,1.0798274072043033,1.1322855223609463,1.0727557419996567,1.1470453919831316
2014-08-29,0.9451072768848257,1.079640323661225,1.1321484416334908,1.07317079602507,1.1472517062335716
2014-09-01,0.9428311164360473,1.0846988590157247,1.1356653043237726,1.0745822858768417,1.1486819993410233
2014-09-02,0.9400514516226451,1.0805426763383357,1.1314278155364372,1.0754135980766832,1.1360599114413128
2014-09-03,0.9402989545548313,1.0800044396961157,1.1310702364773417,1.0752959484400282,1.1358677649879494
2014-09-04,0.9409345821644932,1.0794757044252983,1.1308628978411122,1.0735823854842905,1.1510098348537017
2014-09-05,0.9390509719420274,1.082921629447527,1.1297456449076368,1.0723837081197691,1.1572734646272331
2014-09-08,0.9377875702278354,1.0833611086230837,1.130123966046546,1.0714573440800343,1.1590177435845561
2014-09-09,0.9370597241499807,1.0763312121381647,1.1264668839972871,1.0709737068145402,1.1732592554233778
2014-09-10,0.9337155620488897,1.0723223185181687,1.1156274919322688,1.0681403306829127,1.1669170644223674
2014-09-11,0.9392622085397345,1.068016497463509,1.1180876820955168,1.0686226723730285,1.1407799497372426
2014-09-12,0.9406565065646171,1.0688563538188185,1.1209715446844997,1.071050300718157,1.14068552412166
2014-09-15,0.9488160828792934,1.0687957544816475,1.121159716260296,1.0749448790229439,1.114973506000795
2014-09-16,0.9525844223430353,1.0623984103381119,1.1251878197392615,1.0781188576935234,1.1017042377012494
2014-09-17,0.9560605660585073,1.066090335703678,1.132119134501566,1.0877050849866907,1.093957316782757
2014-09-18,0.9581746810795572,1.0664340519238882,1.1336326709489764,1.0875609585307064,1.0896598593417692
2014-09-19,0.9727411920673728,1.0722875442713617,1.131846827789811,1.0856787969699735,1.080223315026673
2014-09-22,0.9805093818602225,1.0846205181755024,1.142141093111918,1.0960225217955377,1.0757952295092563
2014-09-23,0.9821260421218179,1.0883814026648704,1.1453896376026729,1.1029540123188464,1.0719758708116436
2014-09-24,0.9835777000478844,1.0920164487252493,1.1467274575200501,1.1023748025178837,1.0663403962234252
2014-09-25,0.9907963867966252,1.083398894276429,1.1440357260881264,1.0983429840203232,1.068800180440037
2014-09-26,0.9976906574085266,1.082304659068946,1.1368122810306147,1.093742137808541,1.0735771260727762
2014-09-29,1.0003671513380186,1.0925656371106864,1.1352399071954427,1.099027233153511,1.07279591290755
2014-09-30,0.9861903204577305,1.0903055507682315,1.1430707753469578,1.0937467698366181,1.0657725547816268
2014-10-01,0.9902186489167589,1.091962887175601,1.1430220981274692,1.1007970735245236,1.059973044481593
2014-10-02,0.9889575138026423,1.0896727657281529,1.1421920370510865,1.1003450316345142,1.0625237415746642
2014-10-03,0.9928437275380447,1.0890240396634245,1.1432137651467136,1.104565726212502,1.0575116087813612
2014-10-06,0.9966499174571233,1.092043282606717,1.1426525311163367,1.1029919541120525,1.051729955145378
2014-10-07,0.9923518592775299,1.0918311459230323,1.1462640959702848,1.1029013389722784,1.043457487401127
2014-10-08,0.9957675095313573,1.089444525540781,1.1410543665594515,1.1015897353936337,1.0485265979807452
2014-10-09,1.0012939372119871,1.0879067189995788,1.1469911033017006,1.1065102960619013,1.0534028037361143
2014-10-10,0.9983958988048461,1.0771359911877258,1.138616634468467,1.1001132753504619,1.0559340942487416
2014-10-13,0.9926338938167029,1.0699765454944945,1.1317840796271352,1.0905439359136708,1.0453596237056455
2014-10-14,0.9854052573326675,1.0725388789679855,1.1294510531352513,1.0840270120471773,1.0403814910843716
2014-10-15,0.995796786341233,1.0771315219818407,1.1328326367706842,1.0835020350608602,1.0276905737839195
2014-10-16,0.9968216538698245,1.0784447033375208,1.134003903172958,1.0843224883544194,1.0271692247132367
2014-10-17,0.9963488788649286,1.0758658310085516,1.1334244095987642,1.0857458939864562,1.0281218687116076
2014-10-20,0.9946511228744287,1.0738318315071895,1.1346822830340728,1.0930646275286462,1.028702728832076
2014-10-21,0.9948998274441782,1.0774121070497669,1.136402987803141,1.0920651911391697,1.0231314430442215
2014-10-22,0.9882049060407623,1.0753479186288242,1.134274312225146,1.0923833578552873,1.026530727806876
2014-10-23,0.9880206674917577,1.0709988876621825,1.1327066093090383,1.0907994035952766,1.0252498667493137
2014-10-24,0.9862229924586802,1.0714866039974984,1.1307432382144413,1.0864578084742156,1.0234373077196954
2014-10-27,0.990418815495936,1.067591892108191,1.130444163315459,1.0852558414264915,1.0226744134209012
2014-10-28,0.9859818570970853,1.061598131268986,1.1335634568888722,1.0786346472611072,1.0196575790168518
2014-10-29,0.9849992432420331,1.0644311134936408,1.1375917153806914,1.0875196219310619,1.0206951999439198
2014-10-30,0.9860262786433669,1.069514497233513,1.137366041384981,1.089912725944297,1.0206657997644335
2014-10-31,0.9800699736944264,1.0672680810541302,1.134539368849607,1.0879301384242213,1.0292137428057129
2014-11-03,0.9784391913690145,1.0700365171307098,1.1384243225562636,1.0855964322674665,1.0415088625902589
2014-11-04,0.9812448124520188,1.0672098296994026,1.1345649430702995,1.0846617538908543,1.0504222752063515
2014-11-05,0.9779809071132293,1.0657952401051405,1.1368505530731403,1.0845411509671827,1.0621338049335152
2014-11-06,0.9782845984917644,1.0667193146461698,1.1374551890714735,1.0852662582031583,1.061122509263586
2014-11-07,0.9907544252196434,1.0614000219728459,1.139470571937526,1.0812776839859217,1.0646457917764136
2014-11-10,0.990292055026,1.065156291644792,1.1439473322871423,1.0894671327743317,1.0678322291829896
2014-11-11,0.9876651273195891,1.064247015287066,1.1433956789910014,1.0856588615137759,1.0713992958786513
2014-11-12,0.9923198780984742,1.0629277097962484,1.142376195720955,1.0847093931504497,1.0705530318266863
2014-11-13,0.9811114816635721,1.051085466119281,1.1420517680079048,1.0769913563677216,1.0739334056821546
2014-11-14,0.978859859288041,1.0544830207753662,1.1394985519255931,1.0748550637413772,1.0759660120482901
2014-11-17,0.9816038945934837,1.0500616795950202,1.1395247535368185,1.0751185390725218,1.0720474517432854
2014-11-18,0.9803342265505279,1.0511787670743875,1.1385036256573562,1.0743592435022673,1.068553363228361
2014-11-19,0.9822953644551659,1.0506803602837267,1.1325036074629946,1.0724213791454775,1.0651054314432389
2014-11-20,0.9773072747908997,1.042631909446161,1.1343197371175633,1.0557145494264786,1.0685734234556061
2014-11-21,0.9758627432357175,1.0412760836387391,1.13566068678913,1.0562307946145943,1.0727691265552186
2014-11-24,0.9722621654508313,1.0362218634692995,1.1341075127657536,1.048151095766918,1.052704496292432
2014-11-25,0.9734964107211074,1.0367971303931407,1.1309198496789232,1.0422451759883131,1.04831908600414
2014-11-26,0.9718218557172599,1.0338104358032456,1.1317516076735656,1.0381753644162737,1.0553159962606056
2014-11-27,0.9570373499485966,1.0073530620422224,1.1140635025126642,1.0260709099124785,1.049839893206179
2014-11-28,0.9590343627614608,1.0094791913232017,1.1195603377176004,1.0304641674501895,1.053341555121841
2014-12-01,0.9460682732084316,0.9993186956536378,1.09718963500457,1.0085899024064633,1.0315615235030482
2014-12-02,0.9397793364782839,0.9909072207200832,1.096283352771048,0.9968126125924015,1.0185276674569688
2014-12-03,0.9401095494496344,0.987041303368982,1.0909311893282148,0.9925628337234065,1.032050396816419
2014-12-04,0.9399284891955737,0.9887394415554625,1.0971351978441786,0.9971450759268844,1.0328642636817682
2014-12-05,0.9349323677906964,0.9836792098957143,1.085704750077,0.9909222372300198,1.0259630816228553
2014-12-08,0.9347107093592365,0.9836908825955205,1.0867312955250117,0.9903442550809034,1.0236215322374023
2014-12-09,0.9326498511135094,0.9837850578825049,1.0809287530808862,0.9958949582397956,1.0216278009246267
2014-12-10,0.9295971576430644,0.9857455210096532,1.085821357654665,0.9991765605288062,1.0268856442958259
2014-12-11,0.9259745865828457,0.9853101292963434,1.086000528720477,1.001876288462661,1.040228386189635
2014-12-12,0.922169733205606,0.9956476791197929,1.0917702627033827,1.0029957240232241,1.0317519518906086
2014-12-15,0.920904321666781,0.9989530649034647,1.0933361448270644,1.0104640627784465,1.02952181015389
2014-12-16,0.9189280337793594,0.9942597666168097,1.0929792090761663,1.007547627886423,1.0387750902096862
2014-12-17,0.91845438162799,0.9924120251829265,1.0913765584485238,1.0050217197697042,1.034650527238493
2014-12-18,0.9184394380080283,0.9950003077346836,1.0883393796385268,1.0120135368938112,1.0292543999569674
2014-12-19,0.9258754451211233,1.0093804058138334,1.0887977757767608,1.0199858229754588,1.0177450089880178
2014-12-22,0.9249708532042309,1.0095613908174095,1.08727177674161,0.9999618744735741,1.0005089062289572
2014-12-23,0.9175039341337696,1.0000600085276776,1.0808007824226573,0.9957831766389728,0.9920968144255908
2014-12-24,0.9176231192327265,1.0026806064281288,1.081447721608143,0.9967159470753796,0.9860101850077438
2014-12-29,0.9168654286423137,0.9952495844138407,1.0780091537306773,0.9875613207311353,0.9737981685909948
2014-12-30,0.9144826207687734,0.9907811343372915,1.071888815195991,0.9860957873320577,0.9756716186205305
2014-12-31,0.9145184144768544,0.9905396935756793,1.0721150265342478,0.9859745061947712,0.9753593246030418
2015-01-02,0.913771630823334,0.9890698140947379,1.0725119846734834,0.9866508920160764,0.9754331672532006
2015-01-05,0.9134230479904368,0.9886279241158428,1.0720872884933759,0.9864719643248991,0.9747581561776468
2015-01-06,0.9069978391943266,0.9792674678536643,1.0612547016995089,0.9814257431341307,0.9876705588985334
2015-01-07,0.907444665191842,0.9784943650728378,1.061877062837358,0.9810782186376689,0.9846803854194541
2015-01-08,0.9066552497984399,0.9800433564536697,1.0609667504549531,0.9812846494878114,0.985723502884609
2015-01-09,0.897984893811438,0.9797556553481325,1.0629776821608048,0.9813531488894887,0.9674778758569554
2015-01-12,0.8960836287674926,0.9817093407781303,1.061055234537846,0.9799278334574049,0.9724470411977887
2015-01-13,0.8950214616508875,0.9798959990336074,1.058828419653231,0.9785205517114339,0.9689906090026627
2015-01-14,0.9003855780691755,0.96921263430683,1.0577128760392382,0.980057488029832,0.9592405165995638
2015-01-15,0.9005454662655388,0.9690649996311428,1.0601807151086688,0.980889910416012,0.9552482258250756
2015-01-16,0.914065800735296,0.9725281574402349,1.0668255982248136,0.9899176198505895,0.9514783504227687
2015-01-19,0.9126572080360928,0.9715174494562359,1.0655333697895892,0.9896249561327259,0.9590745955351622
2015-01-20,0.9124316612456658,0.9711543847882745,1.0652818893574185,0.9888799407575151,0.956769227596779
2015-01-21,0.9088508055487925,0.9687760463749313,1.0615704233314873,0.9718670916544943,0.9338880871480819
2015-01-22,0.9092531750238293,0.9716810378781036,1.0662324862707129,0.9734727411719032,0.9342317832022737
2015-01-23,0.9051945959048727,0.9749069310569939,1.0585974892762013,0.9689180223977523,0.9683506929159659
2015-01-27,0.9096525459779485,0.9745922055829946,1.0551334833046573,0.9687555082764364,0.9678488544534434
2015-01-28,0.9123096818511865,0.9721825461864412,1.0572357895583453,0.9640011540780107,0.9520252810937276
2015-01-29,0.9137848392155946,0.9751367067274617,1.0543657966736206,0.9675534632632345,0.9460585855485474
2015-01-30,0.9124066575867293,0.9736451381146676,1.0507749315102402,0.9649265471039429,0.9436366628756258
2015-02-02,0.9109977094710473,0.970590617073788,1.0528135693034968,0.967219512176614,0.9424713489599235
2015-02-03,0.904465776507692,0.9726883313986675,1.0486290636736817,0.9753234372324635,0.9522775068749338
2015-02-04,0.8961479444378477,0.9578448291579502,1.0607014721445862,0.9763068906173032,0.9523985369933105
2015-02-05,0.9026383146431345,0.9595212281044058,1.0614265348345215,0.9759045192818484,0.9580412361461218
2015-02-06,0.9002480701806904,0.9566891267812808,1.0587392831412834,0.973696570627854,0.9550236287006302
2015-02-09,0.9035521129308554,0.9577693853988118,1.055302184499711,0.9766678930502484,0.9492363163572344
2015-02-10,0.8975684233408546,0.9509943184424416,1.0521641200190317,0.9727590474077275,0.9454583096031869
2015-02-11,0.8954834726181651,0.9442843627634171,1.0457161280549736,0.9605228851618173,0.965017121262774
2015-02-12,0.9025144582425401,0.9485487339563002,1.0481011133386597,0.9575263302967751,0.9648883478127944
2015-02-13,0.901997663755665,0.945920913312449,1.0445390933921646,0.9557894611585452,0.9864548275259838
2015-02-16,0.9060549050521236,0.9495777506109033,1.0448414075313517,0.9544098007802362,0.9859790892599513
2015-02-17,0.9137500977544061,0.9459292885066937,1.0470248668565196,0.9664174391854486,0.9685640859630188
2015-02-18,0.9130959637638442,0.9421439329441246,1.0439751800087533,0.9613832563232134,0.969932627313088
2015-02-19,0.9120382565271111,0.9422006738550758,1.044080239962634,0.9620388295269259,0.970541383443915
2015-02-20,0.9135242519550608,0.9511611290744565,1.0453703597665824,0.9619995637574595,0.9727419408264057
2015-02-23,0.9126974222824055,0.9513038656408149,1.0445240267674387,0.9626864516504663,0.9721842732911449
2015-02-24,0.9133762584114125,0.9503909049144886,1.0447458160534373,0.963719732572123,0.9724772097480179
2015-02-25,0.9122446290614865,0.950690721515271,1.0434579950659109,0.9631536632210992,0.973992212936144
2015-02-26,0.9121698534245588,0.9511249171834191,1.044659621628216,0.9650336447387726,0.9760748010110523
2015-02-27,0.9144124141793383,0.9519019422096922,1.0456187469585492,0.9654888182703251,0.9800495478677976
2015-03-02,0.9150938340535996,0.9534051584688807,1.0459603526988648,0.9665088961209607,0.9841306110139664
2015-03-03,0.9158849722106002,0.9519187340387699,1.043426517197475,0.9647300861943275,0.9899451839420117
2015-03-04,0.9182227962743531,0.9517230648952238,1.0399978922913373,0.9629084833801712,0.9830835481003976
2015-03-05,0.9182067036816097,0.9515401598843859,1.0400409875159908,0.9629401823671441,0.9832479871813256
2015-03-06,0.9176834841723587,0.9531549941671309,1.043613132846325,0.9637840172895557,0.9825240762537817
2015-03-09,0.915691818451727,0.9541972488378946,1.0426105266789056,0.9578438881126301,0.9963028137395177
2015-03-10,0.9156543628138183,0.9542140001492063,1.0425977955947376,0.9578903267315279,0.9963912103638695
2015-03-11,0.9135685168186922,0.9538023084726449,1.0400904035265826,0.9567666444442119,0.9914339850605677
2015-03-12,0.9181201657403217,0.9550197997970639,1.042655619106426,0.9598705771616913,1.0147507407665681
2015-03-13,0.9234998894362482,0.9581955944513618,1.0411972273454053,0.9639814262040078,1.0123440751170025
2015-03-16,0.9208495452381421,0.9557905854996325,1.0390144375757693,0.9641391834757395,1.012511734267745
2015-03-17,0.9268691155637879,0.9569050531037837,1.0442625209092542,0.9651597555466729,1.0116160334593793
2015-03-18,0.9267857207622076,0.9573655958417677,1.043884027541491,0.9647643648489163,1.0119679005632969
2015-03-19,0.9383543346143064,0.9706769572285789,1.0502509661346164,0.968114664499143,1.005387534274243
2015-03-20,0.9387593836393029,0.9710490978494565,1.0480019651581478,0.9707834891520852,1.0074552430339616
2015-03-23,0.9404666468299121,0.9714132978379213,1.048521059247792,0.9696296415857844,1.0029621440715992
2015-03-24,0.93960404279235,0.9700001648993286,1.0498293948427961,0.9694018079940936,1.0034016348841515
2015-03-25,0.9403976564091074,0.9697453381539572,1.0476824808954794,0.9696608038989524,0.9991697112867352
2015-03-26,0.9516238092917881,0.9734259376166681,1.058213520377953,0.9793618646381395,0.9984258413663536
2015-03-27,0.9498301657139292,0.9712564944550606,1.0570585793167144,0.9802865851978005,0.9942367124024247
2015-03-30,0.9523343720010701,0.9729938824347083,1.047035016495357,0.9796111320495388,0.9945961499345263
2015-03-31,0.9492513443269898,0.9719427606340049,1.0460133608804043,0.9796112539846089,0.9915728153162064
2015-04-01,0.9487295203885395,0.9710266984851942,1.0463953968382762,0.9800976352764083,0.9857840138158034
2015-04-02,0.9509808154628728,0.9715783906068859,1.0466715263210167,0.9797148321617715,0.987903028838155
2015-04-07,0.9492334346628645,0.9757127556581657,1.0465588651361728,0.9798461939597986,0.9883966277622186
2015-04-08,0.9456644963753633,0.9738028728814451,1.0445852859458176,0.9768870403661295,0.9849327807374146
2015-04-09,0.9446765598006351,0.9728732254671427,1.045113443815519,0.977131109083203,0.9802103516299615
2015-04-10,0.9435004988925683,0.9747080469263569,1.04876166844435,0.9770012738628143,0.9844992129714788
2015-04-13,0.9431312446591696,0.9741834740756798,1.0487913373829711,0.9757213921585866,0.9822328236298227
2015-04-14,0.9446271627033821,0.9763686047552244,1.052356847738501,0.97699745869827,0.9733842074660629
2015-04-15,0.9498929741914228,0.9780265336084688,1.0558851412394825,0.9765515116822575,0.9546874631934336
2015-04-16,0.9498213791741366,0.9784041672544208,1.0565499752374945,0.9745011400945315,0.9549604290470073
2015-04-17,0.9506093674906971,0.9831174248351989,1.0542685276960635,0.9757284743710021,0.9555300294774676
2015-04-20,0.9520040380360573,0.9854628801139934,1.049925789722503,0.9704107384752462,0.9609077417520872
2015-04-21,0.9506895660134154,0.9856432028156032,1.0447520463290274,0.9664638859966402,0.96722533058672
2015-04-22,0.9489751167394278,0.9898614632354783,1.0471536814567064,0.9662844474259991,0.9607006371564061
2015-04-23,0.9492105086806726,0.988995877279011,1.0465340888843497,0.9657043074766309,0.9624890273448558
2015-04-24,0.9492702781850263,0.9787000205597559,1.035639257251448,0.963558984315906,0.9617420355747732
2015-04-27,0.9493314231168704,0.9763355067400623,1.0342198101058644,0.9556306737950963,0.9731333747156343
2015-04-28,0.9478107973922418,0.9748001446838387,1.0370636858619113,0.9553592497718325,0.9754572250992251
2015-04-29,0.9560186429423967,0.9778478916027404,1.0438993633925222,0.9541763263839906,1.0267804102826934
2015-04-30,0.9626030392335778,0.9850674422901444,1.0539575168991386,0.9621989420889139,1.030866763752801
2015-05-01,0.9616073379605173,0.9845077274210017,1.0552039266764468,0.962789147255693,1.0309082136915357
2015-05-04,0.9596143596166999,0.9836107864835236,1.0496874389247552,0.958675053365283,1.0301055869135285
2015-05-05,0.9585343435431035,0.9837297348034455,1.0519851257417778,0.9571290520424123,1.0278449087683625
2015-05-06,1.0167264590148146,0.990269436299795,1.0702346829507914,0.9679273000162498,1.033279503519964
2015-05-07,1.0128338356884645,0.9877882611938886,1.067597878032466,0.9658086640564476,1.0322804157725973
2015-05-08,1.0135040056236115,0.9868875487324856,1.0668532646665763,0.9647738724065076,1.0263887706018546
2015-05-11,1.0158985623537218,0.986647380388276,1.0697257778496938,0.9676021341677721,1.0319770182741128
2015-05-12,1.0159877206211898,0.9785032834021853,1.0704892321213497,0.9719865393509562,1.0412843991611949
2015-05-13,1.0186647945809568,0.9911558666949791,1.0679335976528925,0.9792829067327292,1.0453952533795299
2015-05-14,1.017211574806988,0.9925506494499143,1.0689890274281326,0.9782527938963163,1.0459244050351277
2015-05-15,1.0223180370542244,0.98662120868981,1.0651359286918456,0.9801038184213993,1.0543193375436273
2015-05-18,1.0290086762797723,0.9883960810285407,1.0759955371091348,0.9916506950235766,1.0547165834679322
2015-05-19,1.02561240621565,0.9897678010436396,1.0704204499298742,0.9918837887548977,1.0554275729126839
2015-05-20,1.0293257382720096,0.9867993025534179,1.0740358369563987,0.9910660835132655,1.0513487095250456
2015-05-21,1.030523964440065,0.9777100791638941,1.0743131015533423,0.9913106045760073,1.050699378934071
2015-05-22,1.0306085676981775,0.9788723873593536,1.0753931738503073,0.9915505983373245,1.0479361230697712
2015-05-25,1.030786590547357,0.9780426687145855,1.0765939482748892,0.9904760414011718,1.0488041508464414
2015-05-26,1.0296074657455876,0.9804088746239487,1.0830470229199423,0.9917562488232193,1.0419655047581426
2015-05-27,1.028499669696542,0.9830975316286977,1.0857717759005916,0.990229178503761,1.0408871135628195
2015-05-28,1.0291038118702922,0.98580035664813,1.0866413862342277,0.9881490356309531,1.0386815255953805
2015-05-29,1.033632744593306,0.9950217482536599,1.0874713028663157,0.9900289317504575,1.0369740235493983
2015-06-01,1.0349018768720295,0.9956118457524625,1.0917479604890532,0.9969889056627502,1.0281773804756105
2015-06-02,1.0334009540098472,0.9974086798346093,1.0987084810632446,0.9903863202223239,1.0236579689156662
2015-06-03,1.0381441341319513,0.9981638542226535,1.100874081560921,0.9916139497962675,1.0260362466975366
2015-06-04,1.0347287903871358,1.003086159484198,1.0986033451542736,0.9880348691045691,1.0182074744211866
2015-06-05,1.034443568251666,1.0039234666352672,1.0988990274504173,0.9885949304175656,1.01811597590037
2015-06-09,1.0347523465596116,1.0053670273638935,1.09669397693712,0.9884271050571427,1.0195439303821445
2015-06-10,1.0349738097358796,1.0045310218849497,1.0967245013908604,0.9889405323745005,1.0184558412440896
2015-06-11,1.0393504278071322,1.011103437703058,1.0991452335667546,0.9979763367150907,1.020474453265257
2015-06-12,1.03928283432693,1.0120678729668449,1.1001337584876125,0.9974951060809857,1.0205432595628328
2015-06-15,1.038369928391571,1.0113612100640545,1.099565446798742,0.9967898330884376,1.021335334627086
2015-06-16,1.0381755110225408,1.0108412612577897,1.097619900151064,0.9958370973380917,1.0220974413382977
2015-06-17,1.0468079342751433,1.0140853712881905,1.1017011449365077,1.0031087129965446,1.0279288573682548
2015-06-18,1.0455501192814038,1.0067770546766819,1.1014180631904247,1.0050890603175755,1.0298716871020057
2015-06-19,1.0475858956746655,1.0090374683583827,1.0978295929268047,1.0066796363667156,1.0374144138545054
2015-06-22,1.0484207373679084,1.0080523624937379,1.0983030974497172,1.0053174801403595,1.0355048777076592
2015-06-23,1.0532892458834862,1.0111361969426915,1.0996426223855875,1.0070346915126414,1.0340300430101617
2015-06-24,1.0530528342228902,1.010115860521,1.0959178690569107,1.0051460385403368,1.0369304146769984
2015-06-25,1.0454030093678737,1.0048684960270642,1.0951984264093084,1.0016593663012114,1.0327192162657362
2015-06-26,1.0381809302207043,1.0009376845876257,1.0882667369828203,0.9972773008282313,1.0212846453611457
2015-06-29,1.0362249579872493,1.0040935249909348,1.093751168898059,1.0070610508070277,1.023366799642468
2015-06-30,1.0388489568707224,0.9914416146944893,1.0937607560800917,1.0042677995204548,1.0240480128062135
2015-07-01,1.0381441735877088,0.9888779277148525,1.0901304130505556,1.0031672013524857,1.0259724851325875
2015-07-02,1.0392123828448956,0.9880943147504474,1.0929801308046734,1.0013737329369585,1.0200303375262414
2015-07-03,1.0374364446732345,0.9875705590699239,1.0899788461665523,1.0034835601021042,1.0184876133436447
2015-07-06,1.0324741228843282,0.9846284502287284,1.0869202027748326,1.0003121277686666,1.017812514802638
2015-07-07,1.0299039901432514,0.9880536346070851,1.1079233352232092,1.0060359137060624,1.008216491031146
2015-07-08,1.0321126588462226,0.9951990478355904,1.1035740971407393,1.0098597615924392,1.0310969675779011
2015-07-09,1.032063784481528,0.9941486307650254,1.1031434270831135,1.0094779587171927,1.0314525736269486
2015-07-10,1.031358223618187,0.9927496035476115,1.103526638844937,1.0085908820101277,1.0342360820020902
2015-07-13,1.0321471529717008,0.9932709046937891,1.1036389698169327,1.0100637224833067,1.035044123065238
2015-07-14,1.0243092910880396,0.9921880215274833,1.102605917784954,0.9996191631876437,1.0355593626806285
2015-07-15,1.0237333381093097,0.9913634977533192,1.1027371749707116,0.9973495551980702,1.0312056923837352
2015-07-16,1.0248951646503073,0.9943160001302965,1.1061141431051584,0.9972168357729478,1.0318721099132087
2015-07-17,1.024959183794828,0.9942893464784954,1.1062585361700865,0.9974106349737445,1.0317487914905648
2015-07-20,1.0251573907832676,0.9943083121981308,1.1058296370532412,0.9989922332436649,1.0340673226802437
2015-07-21,1.0248073366409456,0.9954585435087779,1.107524579233892,1.00020798853696,1.0332444966799967
2015-07-22,1.0249905851361516,0.993904939921765,1.1059618498173145,0.9996168476683581,1.0348944036675787
2015-07-23,1.025104386407347,0.9943546424799288,1.1057232419003307,1.001758672844397,1.0324722576717784
2015-07-24,1.0253314556859734,0.9949549671173904,1.104641927684571,1.0011107264095396,1.0402889260461894
2015-07-27,1.0247740865169823,0.99283188157942,1.1042718264425528,1.000200597031365,1.0381693587535539
2015-07-28,1.0236413218219413,0.9943467772682594,1.1059797988028475,1.0003809502554863,1.0394688763340898
2015-07-29,1.0212775173216229,0.994910223694166,1.1045016702370358,0.997809641431628,1.0348510057148066
2015-07-30,1.0217832678695202,0.9980923846412342,1.1037673977914373,0.9983602843727969,1.0313859269979957
2015-07-31,1.0216743995876927,0.9979538872360563,1.102539520677723,0.9980810113819721,1.0304334791147745
2015-08-03,1.0208700758124,0.9986921059525834,1.1016039460403417,0.9969090764094031,1.0284834372210434
2015-08-04,1.021285531325789,0.9978830976248049,1.1006125736861119,0.9965778301319728,1.0278659577250944
2015-08-05,1.0219870192823184,0.998262393429825,1.1014897253918179,0.996925727174474,1.0286131403109846
2015-08-06,1.0342075662216335,1.0012709654103176,1.1101941129571584,0.9862340300685122,1.0288050927179737
2015-08-07,1.0524792484212884,1.0001292519564646,1.1193872981585196,1.0530993780429159,1.0121254964294466
2015-08-10,1.052542906623828,1.002739268329492,1.1179916119699318,1.0564673048959836,1.012583631089687
2015-08-11,1.0493061844086178,1.009719287071306,1.1234212869226767,1.059976808697906,1.0121120050365024
2015-08-12,1.0360031749865692,1.011803952628754,1.1196579730297027,1.0632459195851753,1.0029811743430876
2015-08-13,1.03618151230906,1.012188869066944,1.1199265832912229,1.066266764961863,1.004007407882756
2015-08-14,1.0348144728306323,1.0161111879520182,1.1223971345068309,1.0690196375319416,1.0019207353032074
2015-08-17,1.0329882924237026,1.023294428502834,1.1215610816848582,1.0692420608561737,0.9987798307235674
2015-08-18,1.0423270140217453,1.024722305014351,1.1185669672439342,1.0715876250616432,0.9928570119462093
2015-08-19,1.0441210529009226,1.03290286534793,1.1315897791887097,1.0829952956174718,0.9856745155222427
2015-08-20,1.0523733196756755,1.032173023989297,1.1287560688837666,1.0872329048957479,0.9939691515213832
2015-08-21,1.0473903725749945,1.0416021255181014,1.13592957805014,1.0952009132742426,1.0099784279602249
2015-08-24,1.0448746188238196,1.0494691232624116,1.1645864601583704,1.1059402416745427,1.0455712738188678
2015-08-25,1.0538790360793744,1.0713530516993113,1.1862857007608332,1.1181884231651942,1.0816054084858961
2015-08-26,1.0569965794628473,1.0728145390105368,1.1880526493745112,1.1166485978775509,1.0816636281111773
2015-08-27,1.052186180740144,1.0685110347980207,1.1866361926551958,1.1192388795243358,1.0816194589319774
2015-08-28,1.0502355496432196,1.0670681603929293,1.1841036880410059,1.1171208635374963,1.08203294382181
2015-08-31,1.053729038771571,1.0694471790707814,1.1866394895078123,1.1214174124172789,1.08550749426788
2015-09-01,1.0552082933208535,1.071494914506662,1.190252757818979,1.1277901846928426,1.0837586862613868
2015-09-02,1.0559051875363006,1.071507409271105,1.190046909072736,1.1286281452824627,1.0816245575538668
2015-09-03,1.0611979819486164,1.0776018205105722,1.1846142938538533,1.1291607375613382,1.0819085260832642
2015-09-04,1.0616782084336454,1.0764860491134487,1.1830132188634461,1.1287464546870523,1.0803191103957885
2015-09-07,1.0620558149581856,1.0786265929974592,1.1847175079618253,1.1289990528113754,1.0783652489728035
2015-09-08,1.0691890092270981,1.0808115591535632,1.190550139003006,1.1387117560042985,1.0755828845562885
2015-09-09,1.078758316572003,1.092728181426231,1.2066400991976702,1.1504497100588622,1.0915567067522096
2015-09-10,1.0734721117683057,1.1011794979833955,1.209936771159906,1.1531578946617715,1.084524670708787
2015-09-11,1.0702514820376532,1.0993985990843935,1.2097969233385018,1.1521824476254072,1.0927370248332213
2015-09-14,1.0664338665070539,1.1008417308297163,1.211539788688853,1.152635164514186,1.0975851942333594
2015-09-15,1.0648770338773887,1.1032485741344042,1.2133279379176471,1.1522245361630041,1.0955130278178784
2015-09-16,1.070752731935925,1.106596529989755,1.2192434408020805,1.158264898062293,1.0938039516109022
2015-09-17,1.0680090025354856,1.1054816873617213,1.2182398582102045,1.1565166840111003,1.0894112668433609
2015-09-18,1.0654492491551346,1.1002144199895019,1.215446516672938,1.153109728974656,1.0917743055900384
2015-09-21,1.0718702126489505,1.0972333881286842,1.2192131500500931,1.1525882982224436,1.087811611261339
2015-09-22,1.0689531955355758,1.093243845786583,1.2187829140919073,1.151155415161855,1.0884625071264944
2015-09-23,1.0754699880844523,1.093948045620654,1.2290221002043966,1.1566014918818122,1.081681726572468
2015-09-24,1.0709790635379373,1.0929150908591625,1.228558823611316,1.1563312090855364,1.074632863048211
2015-09-25,1.07245031916405,1.091174894726749,1.231389239014538,1.1561196873560324,1.0743063137998694
2015-09-28,1.072493799154209,1.0901304873693114,1.2249550931334865,1.1538170885857182,1.076774137415149
2015-09-29,1.0634145957075651,1.0827452998196472,1.2121941456238978,1.1416746550468764,1.0946116324689454
2015-09-30,1.074972395116175,1.0863864840356845,1.208934511120965,1.1440607481343896,1.0914877855019216
2015-10-01,1.0751002835340429,1.0849962591300446,1.2091318990011053,1.1398591415508563,1.0827373872319892
2015-10-02,1.0746411737083663,1.0852840398319796,1.2121831405310883,1.1436926640600076,1.0841610455152466
2015-10-05,1.0687438781895378,1.081439701881452,1.2037975482596408,1.1401623192392663,1.075864050237843
2015-10-06,1.0688148022782065,1.082674428762187,1.205930687234548,1.1409492066210292,1.072907251219292
2015-10-07,1.065761726689927,1.0837895375257334,1.2034175506050007,1.139594815446405,1.0722582242693204
2015-10-08,1.068066356724664,1.087643270898985,1.2075567677093233,1.1435771254946048,1.0706370727021877
2015-10-09,1.0615201432549863,1.087559935530994,1.2040800210577973,1.1456665453946626,1.083677665690599
2015-10-12,1.06637377106791,1.0870450352753391,1.2048216880149356,1.1460412522750434,1.0835731177375663
2015-10-13,1.0636713724951823,1.0864390883432171,1.2043218447302797,1.1437525971598788,1.0845862640752577
2015-10-14,1.06318308071597,1.085507761012344,1.2038760152698431,1.1431991564422075,1.0851124580390765
2015-10-15,1.0636752361171984,1.0834324094796854,1.2012601845552215,1.1399618138563203,1.0859468459343717
2015-10-16,1.0657684750594274,1.08379633236063,1.197797311089194,1.1367697361837246,1.0866423155065845
2015-10-19,1.065837517596309,1.0838116104189963,1.1983957787579083,1.1368511681834463,1.086736362433109
2015-10-20,1.0695575016905303,1.0848271007110553,1.2019311010164349,1.1389274748172433,1.0873162265676775
2015-10-21,1.0695360729499628,1.0845612454641644,1.2015204981498178,1.1392497036118807,1.087537765215119
2015-10-22,1.0696754968034055,1.084423674015474,1.2023223126211253,1.1397020597812746,1.0872926175601507
2015-10-23,1.0642744812346003,1.0856078824124966,1.2005434071200596,1.1345435386375626,1.0846539609200705
2015-10-26,1.0643519592971142,1.0857428150432857,1.2007816556884916,1.1346695255316552,1.08466509453226
2015-10-27,1.0640919739095396,1.0855600887167585,1.2001637807188086,1.134219170604058,1.0843134383228528
2015-10-28,1.0637289875373122,1.0866605255763593,1.1992078503443673,1.1336930385082338,1.0846182433792153
2015-10-29,1.0624265086392684,1.0986397574270756,1.192925549687781,1.1372443941805372,1.0731459476453407
2015-10-30,1.0630095287450796,1.0995949044393754,1.1946213513934134,1.143257024560318,1.0683035205405176
2015-11-02,1.0662774636565822,1.1016269263656377,1.1989945805178857,1.146666760467126,1.0829482082549207
2015-11-03,1.0677695143366501,1.101875800335448,1.2018038503288155,1.1466476167091566,1.080574954852537
2015-11-04,1.0676110731134798,1.1013545227504153,1.2015554080400133,1.1463111725718547,1.0808445349052584
2015-11-05,1.064405235117604,1.1035472039717573,1.1986963521198641,1.1457504410367128,1.0821056105541649
2015-11-06,1.0655617481584028,1.1029451959303802,1.1993699854241924,1.145866833857955,1.0806873838167823
2015-11-09,1.0618483861233219,1.1027757897809245,1.1929285884366636,1.1473101355157331,1.0732441523033107
2015-11-10,1.0615128261676274,1.103389661587152,1.1948537077951253,1.1465152182985747,1.0732630384978754
2015-11-11,1.0630636466131596,1.1045081963832093,1.1940390082417272,1.1502341501326327,1.0748595298013481
2015-11-12,1.0632647162560562,1.1041412121707521,1.1945117817987803,1.1501313379722082,1.0747314309192961
2015-11-13,1.065885608858821,1.1013464210437047,1.1872183654847872,1.1467119561081542,1.0782331108088303
2015-11-16,1.06704868087444,1.1026379158479562,1.1893003377338573,1.148142990541325,1.077483324518749
2015-11-17,1.0719866620604392,1.1005575885319168,1.1841974380230125,1.1461445862762871,1.0719204831316118
2015-11-18,1.0753077633681234,1.1045984899136316,1.185554052668019,1.1525457064898352,1.0730991531040643
2015-11-19,1.0704693113002373,1.111554765842989,1.1856503890684973,1.1557360986624226,1.0639640176694158
2015-11-20,1.0738719253209168,1.1150395865929916,1.1881558169167141,1.1602168290620494,1.0685641784203985
2015-11-23,1.0745800312524314,1.1152183658424326,1.189156435984178,1.162481276459655,1.0683474912343451
2015-11-24,1.0753142653550078,1.1174624464521965,1.187229262376457,1.1615342137040572,1.0675555253854878
2015-11-25,1.0832026678225533,1.1290499664861569,1.1933589678389385,1.1690564936199246,1.069650174373603
2015-11-26,1.0837989307124318,1.1283401047898844,1.1922325957742217,1.1676596486467752,1.0684227869659986
2015-11-27,1.0906278864798962,1.134189070555708,1.2017187797778472,1.1786190350603198,1.0765873028250628
2015-11-30,1.0928932933838669,1.1390337540081479,1.2005640717199766,1.1854822222763053,1.0802852808759262
2015-12-01,1.091875256461165,1.138142053166262,1.1998077224269157,1.188062144633983,1.0715325592255727
2015-12-02,1.09180543400789,1.1374103344575406,1.1973602265210126,1.1865639477157728,1.0722134950610138
2015-12-03,1.0914740369092666,1.1346180719995493,1.1961884365706186,1.1866242853705973,1.07223596994428
2015-12-04,1.0913485233961049,1.1331737421573862,1.1967272201818133,1.190295070091994,1.0716407267712065
2015-12-07,1.0938450382178526,1.1333047716075788,1.1981641841802666,1.1892322858326554,1.0729082527886564
2015-12-08,1.0935659221022171,1.1320782349875655,1.1957870341397927,1.189912238804451,1.0682153714438067
2015-12-09,1.0927874805639064,1.133074187812747,1.1952478047569897,1.1909560045318892,1.0689921353863006
2015-12-10,1.0949689112378391,1.1354856471588666,1.1979648156136145,1.190327126475735,1.0665809467942955
2015-12-11,1.0950786354423572,1.1334107129534352,1.1978047771291482,1.1901734649348885,1.0648885618236983
2015-12-14,1.0939569462666408,1.135456576649846,1.1991528269379865,1.1893993061257375,1.0721363243371735
2015-12-15,1.0944884617129487,1.1366582928066256,1.1995627460219616,1.191261959059433,1.0737584232184887
2015-12-16,1.0965674420244296,1.1349785316611856,1.199674115999233,1.1879817076075416,1.0691408871216252
2015-12-17,1.1017566285792588,1.1353295477724987,1.2032959663114333,1.1947309852762886,1.0572491988838513
2015-12-18,1.1035133554434926,1.139018652613149,1.2086248014425904,1.2013995403098459,1.0654856588739796
2015-12-21,1.1064764842566372,1.1424416816206138,1.2107003884776562,1.2042676036763778,1.0688630914211137
2015-12-22,1.1065174325487197,1.1416315764748053,1.210020708643218,1.2038225701415357,1.0691123859578249
2015-12-23,1.1080315405859518,1.1462157447125865,1.2117475526184787,1.2095273321400082,1.077905284555705
2015-12-24,1.1105694648247453,1.1484779212201672,1.2142142784216017,1.2113068586360556,1.0744546356964022
2015-12-29,1.1110766870414244,1.1504107213387953,1.2143705213403087,1.2114992889466578,1.0755026826425336
2015-12-30,1.1122152817104813,1.1523387754354224,1.2171814922484647,1.2116717434547415,1.0753671051347056
2015-12-31,1.1116402957932177,1.1523524203539433,1.2175137806872545,1.2114241805812433,1.075870733571145
2016-01-04,1.1181310172628345,1.1588653694736646,1.2248290968585227,1.2166783959799827,1.0732004626836196
2016-01-05,1.116991473116126,1.1568326696176505,1.2188362672100463,1.2148435038271623,1.0763426234754803
2016-01-06,1.1171548198939891,1.1566572653766602,1.2197081075376581,1.214367996395627,1.075890108533271
2016-01-07,1.1200153904509345,1.1639228034502795,1.2223986133174165,1.2200698731323727,1.0827501720585229
2016-01-08,1.12206458161859,1.1647185422368649,1.2248905037034712,1.2222516917858524,1.0821975193817526
2016-01-11,1.1208065599575074,1.1636458570098258,1.225544876635091,1.2227410143729491,1.090945608418006
2016-01-12,1.1176244038369512,1.1662379172846002,1.2261327567903024,1.2217374495220847,1.0877144064008037
2016-01-13,1.1204382260476315,1.1650114569675696,1.2279251454971059,1.2220569002228565,1.0904497248331846
2016-01-14,1.1230826269957552,1.1667174347586462,1.2248080918610558,1.2201654827802322,1.0931165526649425
2016-01-15,1.1240205534913124,1.1669308368864226,1.2251408834264386,1.2203986546504337,1.0903776211633445
2016-01-18,1.1237431996667693,1.1677404133462834,1.2256483876327566,1.2229577717147242,1.0922462464640892
2016-01-19,1.1261267419808383,1.170247265093808,1.2291794215239058,1.2305835649501053,1.1061403985046665
2016-01-20,1.1285662093697875,1.1682426632430465,1.2364252375574396,1.2426374041897632,1.1117179368737038
2016-01-21,1.1288221271772951,1.1703356577289128,1.2372845553005645,1.2414106475118591,1.1087165556069458
2016-01-22,1.120947118420344,1.1666423941697164,1.233698557538077,1.2399827818961429,1.1067849933245584
2016-01-25,1.1279101521117159,1.172862499886018,1.2397368069577805,1.2474115154797603,1.1094933187750233
2016-01-27,1.1286857087194668,1.1788033331155827,1.2419753097227009,1.2482988629937668,1.1132178407518778
2016-01-28,1.1275084332223193,1.1789327202183142,1.242578542796051,1.2503305340603663,1.1102494697142704
2016-01-29,1.1292226582385236,1.1835237062618928,1.2428783761635622,1.2493065328142183,1.1042386079047075
2016-02-01,1.1296733421369474,1.1832262408023038,1.241870868522072,1.2492349046592504,1.1004043521298
2016-02-02,1.1311653963690136,1.1814816058818607,1.236529005386732,1.2475819920827944,1.1043083018365394
2016-02-03,1.129237583334423,1.1753302701291934,1.2370308992302186,1.2471650360869073,1.1096575052954705
2016-02-04,1.1276892268729477,1.1710220695462268,1.2426740534294742,1.2477972653942686,1.0554117543231707
2016-02-05,1.1277769223778626,1.1711643171219581,1.2427453324490303,1.2479092454852356,1.055686841614892
2016-02-08,1.127673876004637,1.1709222089433713,1.2424740267494379,1.247801595264462,1.0559318334644474
2016-02-09,1.1396445917691345,1.1845393927970647,1.2579789233114442,1.2526238444343913,1.065582974818524
2016-02-10,1.1283476988179801,1.1858849252066408,1.255170429373465,1.2533538422883481,1.0633334162741501
2016-02-11,1.1290085115306672,1.1896552140208696,1.2592809737548507,1.2592610331872403,1.0557644975163705
2016-02-12,1.1289967967226753,1.191409580390985,1.2630646771993164,1.2619779652006902,1.064134850723121
2016-02-15,1.1244468896800095,1.1958242047669276,1.2637138586238255,1.2647120179164597,1.0725636526927917
2016-02-16,1.1201640053192932,1.1947293447011806,1.2623971890589052,1.2682414318249202,1.0929842150691613
2016-02-17,1.1200469398031008,1.1902332784927196,1.2602303316423396,1.2678882026850276,1.0934506594928686
2016-02-18,1.1205437117782622,1.1889741637062432,1.2592532322443257,1.2665756071107992,1.104303563581675
2016-02-19,1.1216812456727707,1.1915045687013768,1.2591414495211692,1.2673590164810216,1.107358743070967
2016-02-22,1.121257026148967,1.189025577559192,1.258278631577347,1.261968531326587,1.1114871899173502
2016-02-23,1.1228301487941283,1.1890821581830453,1.2601238396359418,1.2625827637449598,1.1099744731259265
2016-02-24,1.125732976253064,1.1976818307843502,1.2685417434565263,1.2679901397766031,1.1102633983615393
2016-02-25,1.123815885541123,1.1972945980490337,1.2682275849258358,1.2683871930832686,1.1089958011335224
2016-02-26,1.123574184054616,1.1962692035212463,1.2680093838002073,1.2676462286669785,1.1048239884125268
2016-02-29,1.1231038758084326,1.1965178730721056,1.2686550235751544,1.267965826034642,1.103288118238008
2016-03-01,1.1251220176620311,1.1997243090497896,1.2722725178895025,1.2740330758168645,1.1051533782987317
2016-03-02,1.1331243404136475,1.2069498242421228,1.282160468420242,1.2863213182650357,1.1048472096218083
2016-03-03,1.132915837210231,1.2137105571454447,1.2828749196625013,1.2916159111157361,1.0931061550547998
2016-03-04,1.1367884445739975,1.2170432312669843,1.2868452251991989,1.2962629152162275,1.0907465454395893
2016-03-07,1.1378131325373368,1.220271831290949,1.2863909935137152,1.2978906986922092,1.0918604036391832
2016-03-08,1.1405694275326796,1.2215324446164189,1.2869322984363112,1.3006403133132918,1.09502165031203
2016-03-09,1.1397202774912585,1.2259824773913215,1.289098360323305,1.3031888232919497,1.0850997839807992
2016-03-10,1.139984524646934,1.2259415300433845,1.2890520700176575,1.3035829043678724,1.0836308649693698
2016-03-11,1.1405435146864764,1.2271947556545437,1.2899235061692678,1.303432577668914,1.0856704236534458
2016-03-14,1.1386467520103576,1.2275543182992998,1.288710298047365,1.3043615932689958,1.0896978617846893
2016-03-15,1.1395306945569255,1.2278562149167878,1.288460676422956,1.3022459873342678,1.0893679102173908
2016-03-16,1.1384044184202344,1.2285455742568696,1.2872786124907887,1.3049843175512987,1.0947681030717
2016-03-17,1.1400710437371642,1.226313877568819,1.2860018283441887,1.304575246601738,1.095697335397027
2016-03-18,1.1403334579854638,1.2264794712103533,1.2855298598908136,1.3053857496981611,1.0936522069089776
2016-03-21,1.1416525299689386,1.2273278868230768,1.2858461530000882,1.3055864163193602,1.0942518949639566
2016-03-22,1.1413409725956456,1.2267969672644805,1.2855456649212882,1.3050563292781237,1.0943215140001386
2016-03-23,1.1395409515180168,1.229992661259912,1.283541838532887,1.304613418181879,1.095272408308872
2016-03-24,1.1439959071848167,1.2377655793306486,1.294529434564687,1.3162025969760407,1.101136531584747
2016-03-29,1.1466123928517786,1.240859828791321,1.3041483602489412,1.3239858485910507,1.1060795571662108
2016-03-30,1.1481292471710367,1.2416818111791994,1.304959467463937,1.324223175482524,1.1078076781567858
2016-03-31,1.1512625495177164,1.244822811792718,1.303583022420228,1.3230417318131542,1.1135451255231195
2016-04-01,1.1536955720281175,1.2453123143671425,1.3047305523823145,1.3259574910918144,1.1176420930243098
2016-04-04,1.1548645956896277,1.2435167956343882,1.3048342239230446,1.3258171369725005,1.1174126043536656
2016-04-05,1.1592959201005533,1.2410748080885188,1.3062794624583545,1.325921298396916,1.1179629884978977
2016-04-06,1.1587966971784747,1.2404981984586527,1.303094918763509,1.325974427367253,1.118430416104284
2016-04-07,1.1587769243643926,1.2407955158189943,1.303051587694848,1.3263397063965028,1.1171878631007166
2016-04-08,1.1583907416411072,1.2420285279561822,1.3037049199558,1.3273784923742857,1.1191035575393968
2016-04-11,1.1583550245645036,1.2421150358611726,1.3036258016323832,1.3269848133877793,1.119475646147888
2016-04-12,1.1603120715014201,1.2459814240244884,1.3060965269784357,1.3311448651886912,1.1239922794431632
2016-04-13,1.1618207647632182,1.2467572464522518,1.3094622648641339,1.3330718558900647,1.1286091562896372
2016-04-14,1.1624040978756032,1.2502759027544044,1.315211063527484,1.3353988157764016,1.1293113189353485
2016-04-15,1.1613384492471512,1.2482893934683346,1.3156416909770472,1.336455934366668,1.1267303778410098
2016-04-18,1.1626309688957872,1.2488898681072618,1.3185558039662106,1.3375601813145723,1.1271263572997985
2016-04-19,1.1611011889670482,1.2519595073776806,1.314691968095169,1.3384485367650074,1.1334464163336193
2016-04-20,1.1600276675374082,1.2510650497837017,1.3149022160738069,1.3366307329194793,1.132908744235425
2016-04-21,1.1610727074383063,1.256868001642808,1.320668793940465,1.340618570792594,1.133839714383952
2016-04-22,1.1614391302277376,1.2544121476764876,1.3178789794272776,1.3421382705344624,1.1331942112321782
2016-04-26,1.1613826903141207,1.2553642986163183,1.3162487766207012,1.3426374107254326,1.132973092351037
2016-04-27,1.1642856650169104,1.2574739563403212,1.3174923812758679,1.3473816911458083,1.118809656276628
2016-04-28,1.160440856756575,1.2545098886637935,1.3098067703898733,1.3441735780443613,1.113566273678706
2016-04-29,1.1601418812601287,1.2551270774449943,1.3104769358148782,1.3448962328583862,1.1075073200432655
2016-05-02,1.161944019114214,1.2572025854003286,1.314527708436363,1.3479924726705586,1.1088605353943546
2016-05-03,1.1698890377204998,1.2643142425930654,1.3116325899964514,1.3654533111336806,1.113279253834416
2016-05-04,1.1435280457517976,1.262483319431437,1.3032399428734858,1.3619650049480292,1.1126729708782948
2016-05-05,1.146154107077682,1.2659092854177465,1.3052982714631065,1.364112764346025,1.115121057387524
2016-05-06,1.1452010608769874,1.266803544583457,1.3061909312657534,1.3637502221677469,1.1166656167890046
2016-05-09,1.1471804069358924,1.2673062566483975,1.306269605695491,1.362382203736535,1.1204469039271427
2016-05-10,1.1507935448935345,1.2730369356954936,1.3066172805774556,1.3623884005922502,1.1213553278545885
2016-05-11,1.148582513266903,1.2665373498426205,1.3065611189779214,1.3565941980799316,1.1204552704196789
2016-05-12,1.1481220320286878,1.2655775061366954,1.3064652746372647,1.3568983975299551,1.1197420956332165
2016-05-13,1.147739689550914,1.2672866317694342,1.3092929094888655,1.3580400089736293,1.116558106535794
2016-05-16,1.145712390536576,1.2672421970754446,1.306247285978571,1.3555593176000083,1.1171513451769797
2016-05-17,1.1474374546679478,1.2661748468332477,1.308070395746353,1.3559499201998786,1.1198048989127192
2016-05-18,1.1485574871251103,1.268811513056563,1.3075562391342466,1.3519358102447863,1.123224867314737
2016-05-19,1.146415169545001,1.2738232218591217,1.3053528506443917,1.3493396455681284,1.120581443190082
2016-05-20,1.1462495442341583,1.2728771255609759,1.3049982636421171,1.3495143038245567,1.118589540484649
2016-05-23,1.1457714361602445,1.273632964851228,1.3062284379523763,1.350482662313658,1.1167558507733693
2016-05-24,1.1466971778047976,1.2730191621748759,1.303574937677565,1.3507010379363609,1.1176929047110677
2016-05-25,1.1447015158206137,1.2726430114944958,1.3041901482800216,1.3526408610881762,1.1232981030104097
2016-05-26,1.1442875313175493,1.2718437892016277,1.3047578422793664,1.3538142979544805,1.1246489056943438
2016-05-27,1.1422333558316542,1.2669948474538126,1.3056429899235198,1.3548346503726278,1.1257838643038554
2016-05-30,1.1422406105382548,1.2671335757686495,1.304711607288781,1.3538541221066238,1.1281038137034467
2016-05-31,1.1439021391160062,1.2676957766810322,1.3038840087037127,1.3596856255593783,1.1303737126935676
2016-06-01,1.1421328741792824,1.2684606562259102,1.3024751382284687,1.3589855158994895,1.1311364364041085
2016-06-02,1.1442792462882212,1.2686575125716533,1.3048960566908299,1.3632523085108776,1.1341911839954004
2016-06-03,1.142661755392407,1.267286794966402,1.3026384333063155,1.3637831426011564,1.1370380727506337
2016-06-06,1.1431073896753194,1.26598605129825,1.3042133216063856,1.361098289817127,1.1313349116762828
2016-06-07,1.1435719685796926,1.2655360826342352,1.3046131480709922,1.360864480007772,1.1318841090604777
2016-06-08,1.142602086585816,1.2640202458606526,1.3043700293116025,1.3590293156308135,1.1305397987127166
2016-06-09,1.1430677720918687,1.2637282360595148,1.3042569575381953,1.3593349895815368,1.1303486033759311
2016-06-10,1.1433732410033552,1.2643635586171647,1.3045911893968223,1.3583156727938386,1.1301302746979711
2016-06-14,1.1451203713370464,1.2624856347944278,1.3032649138362953,1.357140221811678,1.1289350699033323
2016-06-15,1.1434633446265143,1.2627562526078908,1.3048426211753623,1.3556226299017982,1.1239607596085561
2016-06-16,1.1441354511372646,1.266140751388056,1.3061513238774323,1.3566600846079693,1.1237193510620225
2016-06-17,1.1439481293968459,1.266941041918983,1.309694192850708,1.3590942760973084,1.1224123301400724
2016-06-20,1.1488262093192187,1.2700004295615823,1.31132468249319,1.3605561294738204,1.1274753384854304
2016-06-21,1.147545653994231,1.2683421421016459,1.3116059049230337,1.362681764934858,1.1290107584979245
2016-06-22,1.1474476293452558,1.2682855106726103,1.3116364195007906,1.3624570830128209,1.1288600012267276
2016-06-23,1.150695039284407,1.2710115525959378,1.3118714910164342,1.364578644645363,1.1319952038875205
2016-06-24,1.151778415181211,1.272707423592567,1.3194521577139895,1.3670017394959,1.1693475854666906
2016-06-27,1.1535084662664046,1.2730520038888227,1.3182047187064962,1.3650057239675677,1.161002043248822
2016-06-28,1.151748156973427,1.2713974353211608,1.3166338732506453,1.3639186239925005,1.1561212367881442
2016-06-29,1.1512990521595259,1.2728023806609614,1.3186793324748523,1.3661101867741672,1.1559187567256615
2016-06-30,1.1474131713176878,1.2768429768934848,1.3176096918095885,1.368825173559103,1.1513793223536972
2016-07-01,1.147784902826815,1.2776342610313252,1.3191817331834852,1.3686329043825873,1.1521561303782988
2016-07-04,1.1480929317866098,1.277033455885149,1.3175037636285107,1.3680667130151618,1.1521204070207125
2016-07-05,1.1514817732914928,1.278992965810309,1.3099891807521158,1.3683822120057112,1.1577404179683701
2016-07-06,1.1525447638598851,1.2788466177796352,1.3159833836867483,1.3733182849617116,1.1501634815705355
2016-07-07,1.152719962433349,1.2771711438182278,1.3155913699795663,1.3727906521027016,1.1473357769018828
2016-07-08,1.1529369849354565,1.277891439884033,1.3153258654369913,1.373247209515032,1.1467453469126772
2016-07-11,1.1526365839806787,1.276151935530786,1.3189671971184838,1.377259379626332,1.1485037088183432
2016-07-12,1.1582946395152125,1.2797584117384249,1.3223918912722832,1.3876140744982401,1.1481406826361495
2016-07-13,1.1584813169730286,1.2812483461059796,1.3223414729413454,1.3907954190631864,1.155045960162367
2016-07-14,1.1585910241033464,1.2806832145070945,1.3208591619837147,1.391622508086851,1.1536264186265508
2016-07-15,1.158655846775749,1.281268328192331,1.3215134007651286,1.3916469483049565,1.1543058101453338
2016-07-18,1.157896693939989,1.2804309151183382,1.3216793186457296,1.3903726108720629,1.1530493185824102
2016-07-19,1.1586374383708407,1.2797163081661025,1.321506001592903,1.3900440302611767,1.1527518163959287
2016-07-20,1.1601053402895831,1.282783027646635,1.3249539668269275,1.393946758601425,1.1553672003759485
2016-07-21,1.1600954314405347,1.2828823542112093,1.3255901248357582,1.3934903756790595,1.1574641733129496
2016-07-22,1.1596566305433822,1.2831943068590022,1.3262274933050993,1.3939746073312758,1.1528909199177888
2016-07-25,1.1594563694644044,1.2833770994227676,1.3260547484838703,1.3937824530336074,1.1524118966880244
2016-07-26,1.159690230717244,1.2835295353014755,1.3260547884562364,1.3941141334835907,1.1526105602535144
2016-07-27,1.1608276963202073,1.2833969600870683,1.3269059071266098,1.3959860687989907,1.1549377501683311
2016-07-28,1.1612637607271477,1.2827091485431519,1.3263749238138032,1.3969177382183593,1.1571331796609452
2016-07-29,1.1611145593287617,1.2829076496085836,1.3272040525798665,1.3970399360076289,1.1576132047104948
2016-08-01,1.161757977752447,1.282985541409357,1.3268758398336462,1.3964657305752886,1.157911164260256
2016-08-02,1.160094588082643,1.2816055017060517,1.3269127641050873,1.393889550788315,1.1552032814737396
2016-08-03,1.1615827009880435,1.2858994530425336,1.3295396776590929,1.3939824466328228,1.1545648981577197
2016-08-04,1.1544810147469124,1.2835086758300915,1.324076142091048,1.399452761747021,1.154452360187179
2016-08-05,1.146621065429423,1.2893088791763916,1.3232129998747877,1.3678654608906284,1.1686635258599856
2016-08-08,1.1472452928518768,1.2890371505175484,1.3225051780062007,1.3683618991258557,1.176389026297193
2016-08-09,1.1498040044505706,1.2870204511850294,1.3214285412661544,1.3687418877215614,1.1774265087652835
2016-08-10,1.160744103025228,1.287982098497174,1.3257047023065427,1.370150890930069,1.184532876497578
2016-08-11,1.1631292774897026,1.2882396926223736,1.329170912078871,1.3701513386498998,1.1855253336734346
2016-08-12,1.16396450941211,1.2897237923343228,1.325409383481519,1.3683808566095788,1.1872414384405188
2016-08-15,1.1645039095456486,1.289262075653743,1.3245112037947095,1.368055899546758,1.1876284730321178
2016-08-16,1.1595139922567033,1.2896108133842794,1.3273739650514564,1.3672393356961763,1.1926935066573876
2016-08-17,1.159120437405628,1.2863232500153077,1.3210303916763766,1.3624844690095907,1.1978698922166309
2016-08-18,1.156136052143291,1.289511096232657,1.3248383286846164,1.361439363092907,1.1944271166004812
2016-08-19,1.1603932659576521,1.2849517628511835,1.3211602797775697,1.3571323370410697,1.1857999469445841
2016-08-22,1.1696673373886832,1.2939174582727506,1.3109379500995775,1.3646640459012578,1.1708441049815022
2016-08-23,1.1659437137190483,1.283313669688403,1.2991448352162185,1.3619958550601403,1.14590805361059
2016-08-24,1.164777807468755,1.2834047139486795,1.2987029764303397,1.3636284363262186,1.145619183800646
2016-08-25,1.1689339451685075,1.2875385759151248,1.301254828712912,1.3632036826789855,1.1444105987475954
2016-08-26,1.1712075449115749,1.2890910559957112,1.30350646047886,1.3650083530881334,1.1454963880557278
2016-08-29,1.1691435118516746,1.2891620250371707,1.3024368432418374,1.3611655336397275,1.1445313100337586
2016-08-30,1.1701968007921606,1.2915388396635932,1.3011091142586897,1.3598033692475606,1.148875177902665
2016-08-31,1.1717275238273375,1.2867275076623332,1.2995599136604803,1.3517202893256186,1.1454748759067956
2016-09-01,1.168782244461293,1.2823636891160715,1.304997639505955,1.351916697561531,1.1446006058475353
2016-09-02,1.168524522934682,1.2830204963703689,1.3061539798461204,1.3517166622397694,1.1448877409279627
2016-09-05,1.1717468490745757,1.284337248008024,1.3072714917166957,1.3518407764545204,1.1480434285659944
2016-09-06,1.168603696906173,1.284454084089144,1.3057704918153823,1.3465751183541599,1.1494109568061548
2016-09-07,1.1612713460978794,1.2776199748536736,1.2949104074735378,1.3399647542128772,1.1394720759399726
2016-09-08,1.1678324463865402,1.272786384123174,1.2911564659765575,1.3415059465807275,1.1507488421051943
2016-09-09,1.171020098416412,1.2747557980665287,1.2924436335872043,1.3418726319012453,1.1524360772564144
2016-09-12,1.158870212191506,1.2711481946354757,1.2807626275942559,1.3339284069372057,1.1588486851998943
2016-09-13,1.1611480022927951,1.269989267157,1.2781325446775669,1.3333417558178178,1.1642106590021999
2016-09-14,1.1571547208035067,1.2685324314190851,1.2744366580782187,1.329904274506653,1.1662577927068947
2016-09-15,1.1612380341318038,1.2687856187447384,1.2757419471295595,1.3304288891241534,1.1714389469273947
2016-09-16,1.1607028361995912,1.2677632005258483,1.2729755584771392,1.3288127127766969,1.1796252286270492
2016-09-19,1.1562086730068386,1.273095699531845,1.2709344125735083,1.3308771002990203,1.1852666879460014
2016-09-20,1.1581139774279692,1.2752594237123407,1.2713919009581642,1.3326252060458683,1.1856048215259045
2016-09-21,1.1521785391352366,1.2792138434658369,1.2623866933566212,1.3324545641723602,1.1960664100668768
2016-09-22,1.1527974259676739,1.2805336411718982,1.2635223525042938,1.334012026858444,1.1959373573106258
2016-09-23,1.1488106149734083,1.2807521052368485,1.2617692776793692,1.3325119532757723,1.1992849847227498
2016-09-26,1.1480674576929157,1.2812084223407112,1.2662823413024555,1.3347620755001404,1.1978312743868438
2016-09-27,1.16319493921031,1.3011395939650563,1.285075147236207,1.356913037032033,1.1869326620990766
2016-09-28,1.152349206368171,1.3014778633475106,1.2905705930561444,1.3588003704541138,1.1895107678214596
2016-09-29,1.1497288741391207,1.3007096033501477,1.2841136869781729,1.3615016163242588,1.198107475602932
2016-09-30,1.1528670407278927,1.3015783114014627,1.2825855653184608,1.3580444792239477,1.2013947862148266
2016-10-03,1.1627335963188834,1.3080232117994697,1.296333945337783,1.3662430211183028,1.2099734197055334
2016-10-04,1.1620347824530437,1.3072002544995023,1.2956761645428267,1.3665508458393174,1.2108950671824243
2016-10-05,1.1608139552046062,1.30554737180862,1.292597997104617,1.3648743789745224,1.209640427370588
2016-10-06,1.1609278872486224,1.3045191080251608,1.2926285501995916,1.364353637255779,1.2115846229392155
2016-10-07,1.1678365628757483,1.3063867507511613,1.2952894001099233,1.3633695192395439,1.1970052862746448
2016-10-10,1.1673778526915854,1.3074663895715648,1.297009564413536,1.3665903504357784,1.2003918600033416
2016-10-11,1.1676237533947518,1.3080445385511956,1.2972793418354651,1.3700863943599935,1.1999725784745165
2016-10-12,1.1676347368997342,1.3088254872733232,1.2970023835422488,1.3703425561680216,1.199497611678164
2016-10-13,1.1658668239387506,1.3103281429384663,1.3010382256781383,1.375443686977541,1.2011953363253518
2016-10-14,1.1637029998810346,1.3108960190793963,1.3041984258190233,1.377601411864497,1.1983614093712749
2016-10-17,1.161115757865184,1.3092265505360159,1.3000296909178197,1.372257164544671,1.1964771968477481
2016-10-18,1.1602862631487496,1.3098845845344673,1.2977388680250035,1.370616989727794,1.1965390656985764
2016-10-19,1.1598181757418236,1.3098216335819413,1.297087060541532,1.3694393573039059,1.1966452500978646
2016-10-20,1.1591325213472532,1.3097060991189706,1.2960610389372704,1.36996368667866,1.1975269366045582
2016-10-21,1.1635375615710164,1.3112469791133967,1.2982696149143829,1.3781944461715274,1.201881879231355
2016-10-24,1.1633454867394322,1.3109812487445824,1.2968027400679376,1.3767023960251579,1.1998066298807215
2016-10-25,1.1634345219360065,1.3104497689413854,1.297468536663261,1.3761115537532829,1.1983049662623924
2016-10-26,1.1608857168821987,1.3032064080182784,1.291360233998357,1.3677392227294574,1.2010254472207158
2016-10-27,1.1671752498511427,1.2789451046257554,1.2958767420158923,1.3604006790411216,1.2092650292803748
2016-10-28,1.1673400700120586,1.2766375499121785,1.2936987133407485,1.3553822611953972,1.2135404380274732
2016-10-31,1.1645960143790592,1.2753578305105913,1.2893259946035418,1.352323651943976,1.1871959140968298
2016-11-01,1.164239404431966,1.2760546113580693,1.2851662268208797,1.3557380329149864,1.1901019258307641
2016-11-02,1.161369422435063,1.2758435905322754,1.2850211941360463,1.3548483401338107,1.1929152696330207
2016-11-03,1.1621800023789515,1.2760641756427036,1.2881089284127638,1.3564269231240809,1.1940653173078128
2016-11-04,1.1607511703219953,1.281988831380051,1.2836872428061006,1.35705588088285,1.1927242590551927
2016-11-07,1.171235568793759,1.283489857480541,1.2994429967402221,1.348525181333412,1.213710999254771
2016-11-08,1.1696442136261114,1.283601485073066,1.2975136370764089,1.3507063025535617,1.2142216506209544
2016-11-09,1.1620153126853912,1.2763868643859257,1.2928131551571231,1.3421734128877845,1.2289770346994995
2016-11-10,1.1541507144574812,1.2652277359320414,1.2933937934412285,1.3380964312309689,1.2892394777544338
2016-11-11,1.1597309058606218,1.2803575016868394,1.3101893628047472,1.347447554979799,1.2902190959168902
2016-11-14,1.1565996511320595,1.2760137974351868,1.3076579976910365,1.3419796157395585,1.2913694732746936
2016-11-15,1.15117753641408,1.281441949274462,1.3171657553247536,1.350512806712399,1.300212651285287
2016-11-16,1.150412478126599,1.2807357802065549,1.3169751342943241,1.3498725126661768,1.2995759244158354
2016-11-17,1.1574626129813423,1.2757922337184824,1.3181169996193018,1.3497889040536366,1.314484816449133
2016-11-18,1.1565204263149584,1.2751217187947974,1.3171790323337633,1.3485527116689349,1.3150303510422807
2016-11-21,1.1559366382228946,1.2744388151532853,1.317379767295172,1.3490053470910348,1.3162078145882428
2016-11-22,1.1531735980576263,1.2671054948958052,1.3125755330360636,1.3454502624709428,1.3108198926637826
2016-11-23,1.1518906850732886,1.2635509112172978,1.3114058293758382,1.340349716678131,1.3040205748625224
2016-11-24,1.1503119375704214,1.2635645314230508,1.3102962210543303,1.3403395941091252,1.303763794772681
2016-11-25,1.148972743254704,1.263633865804476,1.309169970515314,1.3385530783936235,1.3003266157395041
2016-11-28,1.1495647947285623,1.2644763819087623,1.312800164542183,1.340237020241607,1.300725659747665
2016-11-29,1.1511568889755155,1.2699217218799894,1.3171910261571886,1.3417663494710772,1.3090384357833615
2016-11-30,1.1497607415604294,1.2688314897761939,1.3171028353385899,1.339906696472945,1.30732834232752
2016-12-01,1.1500721982993551,1.2719029282409953,1.316601755314875,1.3384937527088814,1.3088461462189676
2016-12-02,1.150759872420266,1.273550296454725,1.315314761046319,1.3317731770734051,1.3105557363408677
2016-12-05,1.1515894926675936,1.2737111239079877,1.3155960527110548,1.331683476748606,1.3136460609443956
2016-12-06,1.1537907648342567,1.2729347531386832,1.315890518500297,1.3298966953071338,1.3168632548727792
2016-12-07,1.158460717754567,1.2712591002740026,1.3176356567969256,1.3289181225832891,1.3102674657864766
2016-12-08,1.151156984887172,1.2657684381212213,1.3168006604606197,1.3344864073416765,1.31345203020142
2016-12-09,1.1524074244576457,1.267543251615921,1.3172835425453864,1.3358286141981113,1.3153544148307963
2016-12-12,1.1563000422045056,1.269675753507331,1.318068971869004,1.34147602545403,1.3069199581306365
2016-12-13,1.156226156593346,1.2684575945930383,1.3200020398145411,1.339249521701394,1.3067234087252373
2016-12-14,1.1556476307049108,1.2736989075413758,1.3254338648635628,1.3438603287468684,1.3236978970078486
2016-12-15,1.152094298269236,1.2682762637439045,1.3195749141036681,1.3380605435519508,1.3308599750038754
2016-12-16,1.151405435545711,1.268251749880274,1.319566418437865,1.3384776605750335,1.330920930393167
2016-12-19,1.1510727911233987,1.2674920612056557,1.3189936705356615,1.3376578830733739,1.3301663781655833
2016-12-20,1.1523394148855144,1.2685503655849093,1.3190871105414013,1.337783769438667,1.3267776104523987
2016-12-21,1.1513765080123455,1.2682864860903347,1.3191012851666701,1.3377015681621556,1.3215882907441319
2016-12-22,1.1511430370123579,1.2702560778180338,1.3199504792294554,1.3413970072543961,1.32810662760801
2016-12-23,1.1503827809108789,1.268939716113597,1.3196936097779455,1.3417775038406272,1.3283170562085211
2016-12-28,1.148960349996948,1.262518148059999,1.313810804529918,1.3344690349514996,1.3257257241560596
2016-12-29,1.1500535974397366,1.2635775174970891,1.3145622100396106,1.3360236586568317,1.326842615256158
2016-12-30,1.1501955006099167,1.2631907198307497,1.3131318015352562,1.336187173377086,1.3259032530087798
2017-01-03,1.148890176265836,1.2664067735266742,1.3204067296079274,1.3405892450310102,1.3226680009372664
2017-01-04,1.149976908623821,1.2665276277402557,1.321117210191491,1.3419798492825725,1.3258076572266615
2017-01-05,1.1553692891261893,1.2609869924210795,1.3217463583632036,1.338970870851661,1.3369842501921894
2017-01-06,1.1536249148039959,1.2596242424126194,1.3208984889260336,1.3372766700879,1.3357429672029455
2017-01-09,1.1574020828388876,1.2642498727263147,1.3231610000604608,1.3373409024498497,1.3240510853072234
2017-01-10,1.15672558917598,1.2651315852298255,1.3230417463135506,1.3392743582298317,1.3249733101537866
2017-01-11,1.1531910254309599,1.2669829815763798,1.3192975492337247,1.3397248574439202,1.3214638882144087
2017-01-12,1.152039003128925,1.2658202253245474,1.3279392550804865,1.3436704675679574,1.3202252222214919
2017-01-13,1.153409892343579,1.2674353355199621,1.330661472464254,1.3468442717613007,1.316931826554597
2017-01-16,1.153683839219582,1.2650521010345017,1.330143274041692,1.3419589023292042,1.314220168377376
2017-01-17,1.1531342332502528,1.264667087170094,1.3281526283833625,1.344937548173887,1.3120957173179228
2017-01-18,1.1504240448492833,1.2686434048250073,1.3164248326296002,1.32713335841872,1.3083534974948765
2017-01-19,1.1533698264595205,1.2685376842303129,1.3182584620837636,1.3309206755011118,1.3071195252938788
2017-01-20,1.1633920586829138,1.27388683839896,1.3269732346927694,1.3361713546913006,1.3105170017194805
2017-01-23,1.1501334817663555,1.2641179273437058,1.3154493109614678,1.325226738379518,1.30931208536775
2017-01-24,1.1462393390418937,1.250259781162495,1.3092321052977596,1.3179426672185333,1.3021045503181494
2017-01-25,1.1475724689656328,1.250756284748003,1.3098486228440351,1.316924975847753,1.3057867639015504
2017-01-27,1.1466449258902895,1.2486619970931272,1.3117089401705355,1.3175403933619136,1.3184804196509117
2017-01-30,1.1513916999346507,1.2466001319813313,1.3168695639560253,1.3129386192186567,1.3215589649408355
2017-01-31,1.15560100674158,1.2541784340337514,1.3178119054913933,1.315592950228806,1.3130200499553817
2017-02-01,1.152053252280786,1.2635517400582505,1.3210498091063856,1.3153012172736251,1.3080165246926803
2017-02-02,1.155146713291709,1.2723643329549978,1.311852305446216,1.3172866682778686,1.3982336403126276
2017-02-03,1.1542351482812074,1.27000071066075,1.3111135947064743,1.317826387735562,1.3968651001389256
2017-02-06,1.1537770615755396,1.2687955495955159,1.3104411755765093,1.3174012889423141,1.3959942998420807
2017-02-07,1.1318662197547185,1.2487211896745258,1.2869039132131501,1.313487196923232,1.3947547254141734
2017-02-08,1.1558419313350734,1.244952626878826,1.2942729270022217,1.314181192037503,1.3982745478925336
2017-02-09,1.1600314459893801,1.2473372632332305,1.2956800174723784,1.3137065323697232,1.3997238126577052
2017-02-10,1.1606355956233916,1.2402339206157822,1.2885176874176234,1.3065074636164944,1.3863680124882682
2017-02-13,1.164101220992438,1.2331827500388177,1.2867881163987827,1.2979509486557377,1.3851928388276418
2017-02-14,1.1740550417222275,1.239559419124347,1.291528497333433,1.2976807771955057,1.3532823882663174
2017-02-15,1.1815269307145146,1.2569139750503324,1.3000322743768666,1.298344264367576,1.356490519212592
2017-02-16,1.1811525451340572,1.2618618128612056,1.3022989059051644,1.3030060216353836,1.3442751203945107
2017-02-17,1.1791291956322942,1.2562637251974396,1.3028016964768887,1.2972405513468952,1.3404649337410528
2017-02-20,1.178139842891682,1.2623586960741615,1.3024572131201562,1.3059384573056316,1.3345825760554548
2017-02-21,1.1755938424849066,1.2607758155736832,1.2994524260495053,1.305506994260282,1.3373555232154468
2017-02-22,1.1708220225169559,1.2442548682999397,1.282832024489256,1.2948269185895345,1.3432214689581667
2017-02-23,1.170653713165076,1.2441310287839773,1.2822408224446744,1.2903114360295913,1.3420303576394856
2017-02-24,1.1684226576820762,1.2419243325915799,1.2778852171079462,1.288800664072735,1.3404682209838203
2017-02-27,1.1695034303657883,1.2405487562725817,1.2791376647723713,1.2885414177919812,1.3390367099382838
2017-02-28,1.1648551626634216,1.2355566499895054,1.272140224034612,1.2788718827642482,1.3379466614404216
2017-03-01,1.1486042375527035,1.2224082637046123,1.250842081019901,1.2546551836754145,1.3438307474355164
2017-03-02,1.1476233140393364,1.2054399091971282,1.2445244111401037,1.2394530250061009,1.3676951952902343
2017-03-03,1.1461202554684193,1.2048340015817927,1.24317989660517,1.2368271173540382,1.3624084404805596
2017-03-06,1.1440392154950683,1.1983001080024265,1.2436938371850685,1.2331968667401791,1.3603675599644467
2017-03-07,1.138357799823544,1.1957145236506606,1.243804486319618,1.227682583741488,1.3534733161204064
2017-03-08,1.1383251071598628,1.18671803536468,1.2370864398531822,1.2227322473333182,1.360758823220119
2017-03-09,1.136481930441013,1.185315088982798,1.2331116413244907,1.2218710356680458,1.359574716024071
2017-03-10,1.1383254127915654,1.1849137757148305,1.230825145133546,1.2239571743591986,1.360702665102903
2017-03-13,1.1376131885399154,1.1823112519321026,1.2299531182091334,1.2219532500689483,1.3537592470237718
2017-03-14,1.1353801784914466,1.1804938340826812,1.229960518498874,1.2248214399414703,1.3580166933346163
2017-03-15,1.1351063673190993,1.1787851966459402,1.2289277092159872,1.2246412965833298,1.3572049481280726
2017-03-16,1.1304240784290385,1.1806906617253625,1.2305106001354171,1.2237004332286838,1.3524804477607308
2017-03-17,1.129323445701109,1.1805984017075224,1.2321894016946622,1.222924555403087,1.3574030123700778
2017-03-20,1.1269679218424247,1.177875286806473,1.2314547632570132,1.2224663496903556,1.3555654602516285
2017-03-21,1.1268153285925413,1.1773800591493218,1.2318565941600024,1.2214523067168097,1.3554007432388173
2017-03-22,1.1306329794835663,1.1700470060266317,1.238061903351088,1.2295645351098992,1.3620265509489538
2017-03-23,1.1207968603845178,1.1512755090365476,1.211288767272972,1.197494191498063,1.3538397815515597
2017-03-24,1.1129837385116943,1.1440011046886611,1.2012770250873808,1.1841493849466342,1.3487088401150669
2017-03-27,1.1127688716605302,1.1435048402094479,1.200877240997566,1.1839731270696752,1.3493256954818125
2017-03-28,1.1138951117720546,1.141068623670775,1.2070299531286184,1.1861400966587274,1.3380850692488793
2017-03-29,1.1049405644162453,1.1380408508896642,1.2039563838062932,1.1751937796084733,1.329532700461692
2017-03-30,1.1049064683278067,1.1392065108043028,1.2039438477085116,1.1737924924210892,1.3310353473533079
2017-03-31,1.0977179601721718,1.144574344925394,1.2009890021894674,1.1783536016251759,1.331130720891565
2017-04-03,1.0995308527025387,1.146654244568877,1.2064422856926365,1.1790748739465864,1.332690036639341
2017-04-04,1.1015198758550222,1.149121503849758,1.207703355567201,1.1799955764355803,1.3360512910288427
2017-04-05,1.1019327174857398,1.1428409758032503,1.2033608934275117,1.1741259509258144,1.3306525356526986
2017-04-06,1.104987775829317,1.1436257006645294,1.2055170682685237,1.1760359831815768,1.3315139349600174
2017-04-07,1.0982791979831732,1.135043721654655,1.1973111943425323,1.1671709772469632,1.3282571442981626
2017-04-10,1.0940551950051984,1.1303279928829084,1.185438553718444,1.163478653304475,1.3215361835805524
2017-04-11,1.0952629789841188,1.1228729417449341,1.1769854986537835,1.1608312284075613,1.3236800347845286
2017-04-12,1.0976862338810705,1.1269644306136035,1.1787715357156099,1.1641145240194304,1.3287897242122149
2017-04-13,1.0937183688419125,1.1234036769620785,1.1733491321493343,1.1629004187484155,1.3223884771284724
2017-04-18,1.0959115480571604,1.1130919747459203,1.1770819383251179,1.159571039550713,1.3106429769693408
2017-04-19,1.1006539158686244,1.11849938304269,1.178929595334204,1.1686733129868354,1.3112541146442032
2017-04-20,1.1009303743767882,1.1190242776808264,1.178799746031967,1.1677162286652676,1.312321177009545
2017-04-21,1.1015473186990556,1.1263120684160854,1.1854349017261034,1.1731227358904943,1.3169956337316417
2017-04-24,1.1049334197152958,1.1266996167421017,1.189182525447849,1.1729484251950981,1.3182122178268652
2017-04-26,1.0970811411299581,1.1184128880753497,1.181485696616211,1.1705609643312465,1.3235575021394608
2017-04-27,1.1009035170022239,1.121175169605634,1.1906939232768337,1.1727146434675828,1.333625725579776
2017-04-28,1.1027697920681214,1.1210747812197441,1.1886557769441763,1.1715291687149412,1.3455684424794283
2017-05-01,1.0974401710563042,1.1163324360345626,1.183066167681117,1.1674306993700092,1.344193183939785
2017-05-02,1.0771622788548376,1.0958498633230138,1.1870047189493975,1.1228865627778783,1.3448440223234797
2017-05-03,1.0957230365724335,1.114422183799276,1.200997768895254,1.1496272133930252,1.3523087235580034
2017-05-04,1.0970049063631504,1.1137292664019462,1.2028056166632384,1.151800312058587,1.3486348829271453
2017-05-05,1.096042438384581,1.1149188734206161,1.1981653120419236,1.152767707280204,1.3276904067669917
2017-05-08,1.0927294281812372,1.1183861126164596,1.1965746800436834,1.1530755079299357,1.3135779089352868
2017-05-09,1.0998905906603254,1.1216189677700266,1.2087897626723345,1.159854536764788,1.309147642292748
2017-05-10,1.0978799677475133,1.118665507400514,1.205053621755793,1.1669559876429927,1.3017455398453373
2017-05-11,1.0991598297046146,1.121491999692326,1.2043951975999272,1.1662659580387502,1.3036983130635813
2017-05-12,1.0954094557613314,1.115523633786037,1.197520160349794,1.1626702653147891,1.3117219172968013
2017-05-15,1.09468213007852,1.116979880502673,1.1968180947541416,1.1621538888942355,1.312954053204826
2017-05-16,1.0942927065677581,1.1182660367089368,1.1983936421141579,1.1625412307366818,1.3091282921487288
2017-05-17,1.0977121589460008,1.118216551724317,1.2082802624070825,1.1722819405746443,1.2996298856352126
2017-05-18,1.0973238493613864,1.1172836495203349,1.2091659571815252,1.1762465001503786,1.3099244222782058
2017-05-19,1.098630125250999,1.120148885814533,1.211102709078259,1.1789088929854237,1.3148223889761064
2017-05-22,1.1033483250695726,1.115968304018161,1.2077357669810436,1.1720914302405927,1.3179433714496376
2017-05-23,1.1035706290913396,1.1164486598524053,1.209563786072301,1.1715152397169155,1.3247454304632706
2017-05-24,1.1093379123546232,1.1132296278875198,1.2036748961648496,1.1681685196197036,1.317253842647418
2017-05-25,1.1092799486221854,1.1125544132953578,1.201677669991034,1.1689268947385854,1.3147035393460638
2017-05-26,1.1126632994235006,1.1126267496964521,1.1997503143156087,1.170955736302986,1.3108681515358582
2017-05-29,1.117034236385416,1.1170531727752617,1.2020749114201004,1.177144041867149,1.3123250201366545
2017-05-30,1.11608325819484,1.1196085602381023,1.2034454253035431,1.1768687147391448,1.3187493616392312
2017-05-31,1.1156960107034375,1.1177306513781924,1.2051433062815675,1.1776822955733066,1.3173295951177793
2017-06-01,1.1133220867694276,1.1116088131816764,1.2004549756322418,1.1714759665820746,1.3174241728194187
2017-06-02,1.11667340752905,1.114178012702198,1.202727551823331,1.1699920422427543,1.3077078917430085
2017-06-05,1.1185512057973763,1.121076294948948,1.2075135659443499,1.1833123363169142,1.3285421590022795
2017-06-06,1.1148595897712432,1.1217975261650128,1.2011123251994649,1.1824955596186708,1.3323796688225589
2017-06-07,1.1146153984334028,1.121588185110783,1.2010971122929845,1.1821780088620366,1.3321654957968776
2017-06-08,1.1141700521757791,1.122259711690595,1.2007225015489533,1.182059185369905,1.3334233334036936
2017-06-09,1.1138049363606242,1.1200869036797372,1.1996740253906588,1.1834115109737615,1.3347855926886198
2017-06-13,1.1156701729924294,1.1260479589651096,1.2109586827073842,1.1848148010603223,1.3502316712764193
2017-06-14,1.1122344870145375,1.1145663789078673,1.2049332031540738,1.175762071336302,1.3608633522776867
2017-06-15,1.1061264908310773,1.12167403699322,1.2162382124464548,1.1830513746606761,1.3501107985409473
2017-06-16,1.1062220803164455,1.1205853972584696,1.2149474775452525,1.182572975675052,1.3476560133688784
2017-06-19,1.094603963452759,1.1133691483093284,1.2087641169366494,1.1763710046180986,1.3414261252606545
2017-06-20,1.0912934252200657,1.1165703202369688,1.2137628302930905,1.1764063074590623,1.3374134285809995
2017-06-21,1.0917690583430129,1.1315770192771906,1.211848907550293,1.1763429119537654,1.3266412819113396
2017-06-22,1.0949066089108066,1.1347816117042706,1.2150665077629466,1.1783256904268324,1.3267568123920344
2017-06-23,1.0987730571021788,1.127476496631153,1.1998138382690324,1.1669052711258519,1.248730096517214
2017-06-26,1.0996087360407418,1.1307845013098534,1.2011894683484852,1.17157264591773,1.2717686478628523
2017-06-27,1.1052730388610836,1.137760305501568,1.2086081668886768,1.175057700458475,1.2854287492846403
2017-06-28,1.1072076516466076,1.137972297356528,1.2081921480561444,1.1741214871453365,1.2762437533754387
2017-06-29,1.1212737502750436,1.1355944617041878,1.2154287923024487,1.1821765232169432,1.311247998154721
2017-06-30,1.1175188325553067,1.1269376175911097,1.2091364034924847,1.1716507468869757,1.3056222964393134
2017-07-03,1.1234925931135595,1.1329440058327052,1.216683953991866,1.1779618832439422,1.3066137226124144
2017-07-04,1.1219253375961689,1.139200653417594,1.23027043947459,1.1765722307945683,1.2966011007470786
2017-07-05,1.121143689670646,1.1400880872661165,1.2291907180417787,1.1705100244253888,1.2937237897932128
2017-07-06,1.1216314881926321,1.1447367030714137,1.2310790463720538,1.1724540915247175,1.3009235148814045
2017-07-07,1.1218036153513042,1.1436970658113237,1.2279602257277071,1.1742483291856718,1.3051269204874851
2017-07-10,1.1226597760745278,1.1465962312258628,1.2168091902861393,1.157190096956424,1.304640500798209
2017-07-11,1.1222957241992737,1.1464254614693952,1.2164311061344883,1.1555572600504107,1.304937804310843
2017-07-12,1.123178741750471,1.1475734702082698,1.2180188176044644,1.1572837528582145,1.2959151936336581
2017-07-13,1.1149635531929352,1.1375468588744906,1.221019889257705,1.149011383224439,1.285858418293341
2017-07-14,1.1152510863693175,1.137509438820343,1.21829362216076,1.1504811221209323,1.2832942764357533
2017-07-17,1.1171018711549834,1.1407363217957809,1.2186807894570495,1.151824037215895,1.2828679950047905
2017-07-18,1.1227253760912235,1.1459896478539204,1.2200160629774084,1.154649143049553,1.2828500544036987
2017-07-19,1.1346496191139714,1.1604418386858781,1.2358937608436498,1.1726295235447206,1.2795256756679805
2017-07-20,1.1363527461126868,1.1645344793228276,1.2425391909901269,1.1808625831366728,1.2701852173256525
2017-07-21,1.137104025226215,1.1655387718375667,1.2432423463336333,1.1789578525219653,1.2694969103628087
2017-07-24,1.1374508695537773,1.1689525493950008,1.2445595649839278,1.181066648385056,1.2753055990672248
2017-07-25,1.137461362889309,1.165661581053955,1.2415207760727585,1.1782070396031283,1.2766967366426136
2017-07-26,1.1347024300555562,1.1636731915282394,1.2391751872426728,1.1768217298468566,1.273931702115398
2017-07-27,1.136087880222885,1.1644202965001795,1.2404673160943933,1.1769142622603095,1.2728308362539154
2017-07-28,1.1359567218711197,1.1662228296652175,1.2394727822237757,1.181175725806095,1.283797258074852
2017-07-31,1.1340149940990556,1.1649966489622157,1.2398149908635427,1.1824780294874722,1.2862373970156784
2017-08-01,1.1361214378470206,1.1635922671613672,1.2382798020536578,1.1825178250646333,1.2926642635265475
2017-08-02,1.1297973083699713,1.1501484649105291,1.230470586242382,1.1775168291367184,1.2961603110074078
2017-08-03,1.1310196544804443,1.149939243156909,1.2305642469490854,1.178167017550875,1.2952856722304633
2017-08-04,1.1384805535193445,1.1509321655505993,1.2318528154023551,1.1793401467931484,1.2906982146129828
2017-08-07,1.1348450649046322,1.1457679393635591,1.2331877348536775,1.1736542628782662,1.276146297759666
2017-08-08,1.1345287453092612,1.1398289847149365,1.2281924209705033,1.1678948041076151,1.2747713887571333
2017-08-09,1.1332759339888256,1.1412163672235873,1.2282883848834807,1.1704434236040122,1.2745130491915377
2017-08-10,1.1270268086741568,1.1391228760971206,1.218860270664982,1.1689868096521072,1.2721111387986346
2017-08-11,1.1224880730222793,1.1335479840253735,1.22397429305735,1.1753114846506787,1.2640601868619608
2017-08-14,1.1235031772596331,1.137758230792443,1.225378533938839,1.1741620323453659,1.2647963964057676
2017-08-15,1.120856134886724,1.1370785763405724,1.2254791715862865,1.1766518690300576,1.2638256224892432
2017-08-16,1.1228183363154824,1.1395529057064697,1.2290389229540895,1.1816997958807924,1.2648581156460097
2017-08-17,1.120144715438535,1.1389519992642898,1.2290241197886405,1.1832108534955774,1.2675037623015506
2017-08-18,1.120021140327708,1.1433464227263814,1.2341060033420594,1.187275826751986,1.270609526171756
2017-08-21,1.1210463223240779,1.1438858170670867,1.2328285502237755,1.1860460086735698,1.2700809925153023
2017-08-22,1.119468394198432,1.1418920734551163,1.2304497266923984,1.1817614941568433,1.2695875161584067
2017-08-23,1.1194977360744691,1.1408838105780186,1.2288407955632852,1.1810106167860792,1.2687687312943472
2017-08-24,1.1177123123768333,1.1395046421740382,1.2258773421878593,1.1791362746591136,1.270343577399637
2017-08-25,1.1156858692742,1.1384459354889822,1.2250520572807553,1.1787054625802291,1.2671101046409543
2017-08-28,1.1195593068848015,1.1381999234520763,1.2310177588361326,1.1797395335676413,1.2656106065256685
2017-08-29,1.1220765033224513,1.1412997690635232,1.2344293488385483,1.182422803729779,1.2711836247688453
2017-08-30,1.1181103042724365,1.1498221484106645,1.2368024597740128,1.1979315191864768,1.279572828420566
2017-08-31,1.1158305918777247,1.1486101862736051,1.2342014833424764,1.2016672788677372,1.2807925392014528
2017-09-01,1.115199827771237,1.147569655480403,1.233088930498663,1.2028319446185438,1.2814940329141946
2017-09-05,1.1071076996591944,1.1415769252297012,1.2282944530496325,1.2004637930888191,1.2775175465698956
2017-09-06,1.108189999456959,1.144002723613985,1.230367875949346,1.20168544600399,1.2834711445554765
2017-09-07,1.1068982783506096,1.143864806537849,1.2284244948552245,1.2013770217505786,1.2827343353135956
2017-09-08,1.1091673974579468,1.1461532462256303,1.2335359794070149,1.2014085477398455,1.2775239539574557
2017-09-11,1.107327289870448,1.147855363509377,1.2337607586317807,1.207393155276353,1.2876590661646714
2017-09-12,1.1443624268900303,1.1474901137967632,1.254721501381222,1.2209837847568754,1.278912139471501
2017-09-13,1.1420285903296272,1.1451089564127845,1.2525926533140685,1.218279910799997,1.2802669926240746
2017-09-14,1.1401980673326426,1.143917482824276,1.2493035181053054,1.217279356382533,1.278326265453109
2017-09-15,1.135921928056012,1.1382742791172669,1.2505309887779765,1.2183877156275775,1.2787419450103652
2017-09-18,1.137859705685501,1.1423066099050199,1.2544744216355557,1.222085372524839,1.2611945620224083
2017-09-19,1.1383922766263843,1.1422696226304858,1.2546453249419802,1.222455346830936,1.2604269781748196
2017-09-20,1.1378961453847256,1.1424912771454054,1.254701400752805,1.2227556278811722,1.2608490260822554
2017-09-21,1.1339277531063245,1.1350433582745991,1.2493499454023316,1.2165165718820414,1.2547285409607831
2017-09-22,1.138691957685622,1.139693777590903,1.255854360877367,1.2211185578719674,1.2689201962346601
2017-09-25,1.1431630692994486,1.135400858395764,1.256606610144274,1.2211854816485137,1.265018109255075
2017-09-26,1.1446159621170031,1.1346671054364281,1.2558911329586142,1.2216671243232757,1.2644483489795093
2017-09-27,1.1430499231138886,1.135794624460754,1.2524942320426826,1.22170726751525,1.271953640376794
2017-09-28,1.1430764120862504,1.1361383216813736,1.253057980692814,1.221030638451941,1.2737760680441752
2017-09-29,1.1474206441839891,1.14350986307241,1.2645280482965937,1.22606601052098,1.2786458633544475
2017-10-02,1.1462124150034556,1.1398814761968774,1.2609173947317263,1.2261601535828306,1.2709654788047637
2017-10-03,1.1466962087313035,1.1420462659190422,1.2551417544950274,1.2232888028971367,1.2683159250565852
2017-10-04,1.137243286170141,1.1441281297989623,1.2539815757297337,1.2311824738902286,1.264483209162934
2017-10-05,1.1423683002847567,1.1459489114199224,1.260813988257716,1.2337559772745286,1.2653596157852927
2017-10-06,1.1425893869864352,1.1467438869704023,1.261084550455176,1.233988944280392,1.2622229885413299
2017-10-09,1.1439301821886223,1.149995968130759,1.2635911445530823,1.23536144783329,1.2592654855199867
2017-10-10,1.1439497410208588,1.149879826695902,1.2630604627232613,1.2354193863806877,1.2592807065542277
2017-10-11,1.1406375939735782,1.1485511795002201,1.26298793196673,1.2340631924301126,1.2583722633550658
2017-10-12,1.140082866907709,1.1494581135184951,1.2638509093694124,1.234154001608027,1.2577334221878458
2017-10-13,1.1411059181766918,1.1490814198387833,1.2603262386264102,1.2286917563900195,1.2477553391514875
2017-10-16,1.1414010862476973,1.1467088793685698,1.2588380931880485,1.2264998704560015,1.243523258504657
2017-10-17,1.1493850120737372,1.1459391150730347,1.2654032742495613,1.23384832408796,1.2435233902080067
2017-10-18,1.1499508299200811,1.1461359059896323,1.2657482281490782,1.2328701704606495,1.2437829493246852
2017-10-19,1.1513265939114343,1.1469506509324456,1.2683570795221966,1.2348000124839658,1.243584661961224
2017-10-20,1.1516818561375564,1.147183607112654,1.268865821342519,1.234131633931372,1.243613859409339
2017-10-23,1.1533385975605766,1.146351888907762,1.2714333886937053,1.2361665002538154,1.242953828422116
2017-10-24,1.1538600662064025,1.146332585681426,1.2749619997241648,1.2389626644794307,1.2466030738441356
2017-10-25,1.1536379532599286,1.1473070475962306,1.2733641573137195,1.239555366876853,1.2500100197370405
2017-10-26,1.1590042542112582,1.1542065753026032,1.2865393686267783,1.2510626189247893,1.246639761748269
2017-10-27,1.1580624605071554,1.1753900127664234,1.298114907477787,1.2630287783953456,1.2440302980414246
2017-10-30,1.15694009927303,1.1791700097473816,1.298023423006798,1.2602125185306565,1.2497175402136957
2017-10-31,1.1570651246049557,1.1823374515466225,1.2997095091667181,1.2604015953377783,1.2676867316741314
2017-11-01,1.153694440546578,1.1834077095882694,1.3030052088765633,1.257895409170974,1.2649120746946965
2017-11-02,1.159820649485779,1.186563930671271,1.3044203965359782,1.2601492837673793,1.2579381238729257
2017-11-03,1.1588412383818048,1.1824392750159582,1.3046910385153048,1.2595187283190121,1.2542382652869388
2017-11-06,1.1604570477632759,1.1708100030316724,1.31249184111069,1.2565848842473502,1.257534075814237
2017-11-07,1.1520191533515425,1.165216254184716,1.2926166680100304,1.2695362326730828,1.236745797381006
2017-11-08,1.152041163638012,1.1653926412446518,1.293256200041536,1.2696114145867,1.2371481698358031
2017-11-09,1.1637088928524946,1.1684626657861479,1.306454730190247,1.2770495235465837,1.1998551446750736
2017-11-10,1.1817706121293063,1.183929459960845,1.3027488626744457,1.2766663501910953,1.0491787180176573
2017-11-13,1.160345891298951,1.157731597885847,1.2854586295717465,1.2641891873414117,1.0386807738313075
2017-11-14,1.1639063484986782,1.1702786510976,1.285933676420104,1.2737527942012954,1.0361386758668705
2017-11-15,1.165187411052419,1.17263042292063,1.289716698496777,1.2710542598160337,1.033127930490137
2017-11-16,1.1654259956924695,1.1726963056684612,1.28921288160454,1.2716137569680557,1.0323794777776927
2017-11-17,1.1660462446590862,1.1735684880731805,1.2904222609913745,1.272782407360451,1.0330591111698508
2017-11-20,1.1671025768097778,1.1735477605318714,1.290593196204403,1.2750779104220271,1.0318870154706201
2017-11-21,1.166460362393346,1.1728232903878903,1.291772449989,1.2739891963417165,1.0333724670554036
2017-11-22,1.1749667463531421,1.1842866752149082,1.3057625184690544,1.2877399148188609,1.0407550903390241
2017-11-23,1.1764074659380128,1.1917289366258046,1.3133117476767282,1.2962703783087701,1.0492782945658379
2017-11-24,1.1734587138796209,1.1880133459553408,1.310609654258769,1.2923528704391805,1.0466272665600438
2017-11-27,1.176650771150217,1.188138545663716,1.3137299791875483,1.2950841916160947,1.0548397844340969
2017-11-28,1.174944175783194,1.1854569375740818,1.3138337206297621,1.2934202650128654,1.0587353805969315
2017-11-29,1.177338518878257,1.1873071384469676,1.3150841209222568,1.2945475696821818,1.0571950880619272
2017-11-30,1.1917648747683742,1.1842759240390792,1.3105848146523038,1.3018412723500066,1.0686701324879986
2017-12-01,1.1915019009101455,1.1802828300228063,1.31253141525859,1.30765154398735,1.0664828736291612
2017-12-04,1.192494145426089,1.1826671223588863,1.3183764757103384,1.3156726039794955,1.0692649659008433
2017-12-05,1.1904094786784727,1.1822409896329797,1.3197606275251763,1.3179177130377555,1.0623632951783675
2017-12-06,1.1896110749055306,1.1823913137521231,1.3172067997244978,1.310649564969911,1.065679902475571
2017-12-07,1.1830528005751808,1.1829907915890834,1.317476752337002,1.3085834767664322,1.0733209006212243
2017-12-08,1.1958659702335077,1.1881256217350324,1.311443018087387,1.2947350299691058,1.0768436563256663
2017-12-11,1.1934427800105543,1.1852355280034368,1.3110427991627833,1.2917139592556806,1.072783415644313
2017-12-12,1.1938257340122507,1.1858478544973057,1.3100581228753598,1.2937951399955825,1.0730239785957767
2017-12-13,1.1924400384182356,1.185891071584929,1.3068448491494729,1.294197150160841,1.071308123576356
2017-12-14,1.1903291971200496,1.1861177202252764,1.302014695870553,1.2991000059021465,1.0654985952265292
2017-12-15,1.1945850635515525,1.1976668880083645,1.3108505157307457,1.3153487473349765,1.0745968192287263
2017-12-18,1.1900382931750448,1.1960327378192124,1.3066422016888855,1.3241704712854754,1.0836017911788776
2017-12-19,1.1893395528003743,1.193716553422079,1.3042937856848587,1.3256922922275622,1.0865031415728577
2017-12-20,1.1870141296518526,1.1909732276534872,1.3050951339406072,1.3258575804957098,1.0941696801479233
2017-12-21,1.1919350144161498,1.1924924363322493,1.308866587420321,1.3261640582263163,1.0976855281529134
2017-12-22,1.1921182780624786,1.1918826680881427,1.3094582627269262,1.3216744330402435,1.0945132913215192
2017-12-27,1.1926664134158038,1.1914251808136025,1.3103464544024364,1.3233654566755249,1.0924745338952535
2017-12-28,1.1953178529951165,1.2042826294372044,1.3177034945126236,1.3411588288117533,1.097445132453606
2017-12-29,1.194111095987952,1.2012572925882263,1.3181444399800875,1.338405510603736,1.0939082080382287
2018-01-02,1.1899142927937771,1.1986904408213883,1.3158025881360516,1.334030870826748,1.0914853143503331
2018-01-03,1.199562723648188,1.1998792324353929,1.3219430341219796,1.3316557921888699,1.097262042480373
2018-01-04,1.1989549689313483,1.2000879923200314,1.3211497334568674,1.330967227947668,1.098055053163102
2018-01-05,1.2043364551343747,1.197474673088605,1.3226754817786495,1.3297437447076363,1.1058770640232192
2018-01-08,1.204817943689877,1.197167547175025,1.3226381168229104,1.3298997388684923,1.106439329205498
2018-01-09,1.2024238607244122,1.1896538891112896,1.3191434922906422,1.3292272388565287,1.105448498333182
2018-01-10,1.2064564964642002,1.1843198006110565,1.3139106665578806,1.3217047184608393,1.0974012877593193
2018-01-11,1.2052006045319572,1.1821919065233406,1.3150617853700084,1.3200990693025692,1.1020397289129427
2018-01-12,1.205249351387097,1.1827517027078658,1.315007038872667,1.320250052994456,1.1015696538530788
2018-01-15,1.2015124930966525,1.1787306378022775,1.3090027524235752,1.3132930490534473,1.1034558359984303
2018-01-16,1.2039745811636113,1.1801820412716846,1.310777295478509,1.3147073242893368,1.1022637073448958
2018-01-17,1.2051000995367065,1.179262487083323,1.3127854494026245,1.3105509364941188,1.086146146311316
2018-01-18,1.2034414308285148,1.177883287816723,1.3096792360593834,1.3080802249647736,1.0865383977454466
2018-01-19,1.2039062402858733,1.1800202186000055,1.3109196096321043,1.3100484307856455,1.0867418820745207
2018-01-22,1.2025380926033662,1.1802947399054464,1.308512966796279,1.3055616339214446,1.0907783872807444
2018-01-23,1.2071132137460046,1.184256011439632,1.3172470425215963,1.3162729903522823,1.08888282317278
2018-01-24,1.2073013156452044,1.190809743199485,1.3280459168971785,1.326619401662259,1.1010384747045103
2018-01-25,1.2066112336196249,1.1901351167728222,1.3286843802222212,1.3244973348700002,1.1003353460302625
2018-01-29,1.2073363059704454,1.1865363440855392,1.3212993752079825,1.3211409751416288,1.0895986333867458
2018-01-30,1.1990331997993668,1.1897945900671234,1.315196614146838,1.3198642280313866,1.0912316674753637
2018-01-31,1.1996732104427659,1.1913511505421779,1.3144133455380032,1.3208016809406053,1.0971323256403798
2018-02-01,1.205616354410098,1.1884821465594007,1.3172062665810294,1.3222664227316663,1.0967527016205207
2018-02-02,1.2081924334665124,1.190238582377001,1.3191512716654223,1.3227355295954655,1.0986554394593349
2018-02-05,1.1960917533153288,1.181062148257559,1.3042172773999958,1.3053346892305848,1.0966230729051871
2018-02-06,1.1679118709196208,1.1540034320320136,1.268566772662463,1.2638397315073462,1.1617728898693727
2018-02-07,1.1557843936519363,1.146051816014655,1.2609753431103174,1.2544922060576824,1.1865255108432946
2018-02-08,1.1519632453498454,1.150488511971617,1.2595048864008553,1.2518563149650337,1.1863255506314367
2018-02-09,1.1469039787738953,1.1402712345966355,1.250522575246775,1.2453965435088756,1.201932581462547
2018-02-12,1.1466647162509864,1.1472846894485855,1.25040251548933,1.2470050816655955,1.1932693768613523
2018-02-13,1.1494743297989083,1.150050892790345,1.2517269514827518,1.2443536808627655,1.1980997183851116
2018-02-14,1.1492769150789655,1.148127256106672,1.250930274608542,1.2441069525546673,1.198700964017972
2018-02-15,1.1189335652173902,1.1362648865570997,1.2386051144701067,1.2443236415795935,1.1876679690874932
2018-02-16,1.117947030694087,1.1358379747782765,1.237987598564549,1.2442151506223693,1.187452326600264
2018-02-19,1.1179781242404438,1.1362494683822215,1.2374335064671458,1.2480538965641317,1.1828583166050082
2018-02-20,1.1197609791958443,1.1367721521304537,1.2396139036820224,1.2493721401470932,1.183895661375763
2018-02-21,1.1199139460721574,1.137662715813821,1.2398122781750416,1.2489050304996967,1.1832314580361496
2018-02-22,1.1215880256931612,1.1368691935174635,1.2395912388907846,1.2481734356616114,1.183421233993528
2018-02-23,1.1237693124050383,1.1368605666543319,1.2396317858831296,1.2537936637202503,1.1696789955826712
2018-02-26,1.1322561422284882,1.1436736912862724,1.25400786405068,1.260719724395537,1.1677360223434914
2018-02-27,1.130307054580299,1.1465114236932827,1.252601177581822,1.2623607908362322,1.1714780876290896
2018-02-28,1.1289470120880452,1.1469557780456276,1.255027408305716,1.2577944136992323,1.16599814109842
2018-03-01,1.1271484542673367,1.1428679700471085,1.2512318573659433,1.2583661053594828,1.1656462499422904
2018-03-02,1.1253871288507196,1.1417529493681304,1.2496858960295945,1.2644154129968082,1.1621667440568009
2018-03-05,1.1188742132884157,1.1360498139235793,1.2406115211208324,1.2619737215119786,1.161587253603634
2018-03-06,1.1189901362209744,1.1365355432763655,1.239530187147903,1.262632570175315,1.164582964345748
2018-03-07,1.114897228116477,1.1372279451780296,1.2415789536403026,1.2615734160150007,1.1688736937718094
2018-03-08,1.1191618248947945,1.141261113631398,1.2388376838747956,1.2591744644928942,1.175655218032301
2018-03-09,1.123664497036998,1.1455777317298592,1.2447385070218668,1.2606641509635148,1.179282439539341
2018-03-12,1.1207784110655523,1.1428680150189388,1.2470111542844131,1.2585384215153197,1.1744130846496577
2018-03-13,1.121185204176784,1.142959895864548,1.2474041321234501,1.2590069583046668,1.1760239728942887
2018-03-14,1.1203551094806803,1.146183192207155,1.2474398047930566,1.256617539274894,1.1772947028993506
2018-03-15,1.1219293350902777,1.1500861813182661,1.250108168825114,1.257887032146151,1.1767494911128507
2018-03-16,1.1176343423416688,1.1501296935834993,1.248202842979293,1.2584224602607434,1.171992598777657
2018-03-19,1.1163326030859888,1.1482699373743879,1.2459264233240221,1.25827258737554,1.1714160597800165
2018-03-20,1.1128694648996809,1.1502835701025957,1.2430868811765103,1.255316762621222,1.1711629911286179
2018-03-21,1.1142241743716113,1.1519501881870617,1.2433339830295649,1.2573394491782208,1.1720853403441558
2018-03-22,1.1122057717507206,1.1560637489945784,1.2369208189949763,1.2480110430866105,1.1578731633923827
2018-03-23,1.123701451856719,1.1446397513572624,1.2407536237683743,1.2342102519635532,1.165491773165587
2018-03-26,1.1290638980398586,1.143702894227603,1.2369376386853708,1.2263091467926677,1.1655756256818246
2018-03-27,1.127739560625695,1.13493122077916,1.2321142385240273,1.2177270890074943,1.1664850752445095
2018-03-28,1.1164320472042013,1.1279302310956292,1.2212310909938398,1.2190556099029477,1.1801902183351154
2018-03-29,1.1091746129315536,1.1207647168449872,1.2147768034467987,1.2195633072086403,1.175461641336602
2018-04-03,1.1088602363814624,1.1194026003818827,1.214814260298523,1.2229490822490574,1.1749592474530295
2018-04-04,1.1094491632620884,1.1205693691117538,1.2158864594529193,1.2187139356453014,1.1762964308944825
2018-04-05,1.1131922020587548,1.1240542261684463,1.2183372700216848,1.2205946404411003,1.1738939655716947
2018-04-06,1.1126189236513868,1.122370112365534,1.216667779089231,1.220408449251515,1.1718971275129302
2018-04-09,1.112587103585351,1.1238476432247515,1.2194247448219342,1.222247859885845,1.1718207595756331
2018-04-10,1.1108326799473327,1.125132191731674,1.2212311810693017,1.2223737296780977,1.1725829102191683
2018-04-11,1.1130079313483476,1.1281633665958983,1.2251038566024026,1.2248981658456324,1.1671251964972793
2018-04-12,1.1148541536686136,1.1316147446543128,1.229465327640564,1.2256561719702046,1.1696948025348743
2018-04-13,1.1132425475591414,1.1272538343305663,1.2256346480540934,1.2238865675739437,1.1699020223924252
2018-04-16,1.1106073839203932,1.1271414851935322,1.2255140426413387,1.2226550376689747,1.1707158675829699
2018-04-17,1.1134399416573282,1.1307802357182142,1.2288768423975729,1.2244556665747854,1.1702907689822946
2018-04-18,1.1122389363058676,1.1317336950244672,1.2301859064113596,1.2263606269472445,1.1710029183171433
2018-04-19,1.1087551839393717,1.1260582276231599,1.2252895618397255,1.2209146449937327,1.1681592392445004
2018-04-20,1.1082476030269086,1.123307681462919,1.2250488810388216,1.217374044704237,1.1676305440476968
2018-04-23,1.1098731528825596,1.1243726218127494,1.2276635392485584,1.218005409827621,1.1669870865630882
2018-04-24,1.1115215661538698,1.1254303793293519,1.228918341396447,1.217178532637642,1.1605619218739807
2018-04-26,1.1121198142003854,1.129443625706617,1.2372341906909061,1.2170450004067264,1.1490262955738644
2018-04-27,1.0980174560037823,1.125570747119048,1.2340648059321055,1.211361401976052,1.1602303979507314
2018-04-30,1.097664918028937,1.1292577956993293,1.2375143893314096,1.2125311955623406,1.1594228012087677
2018-05-01,1.1079563293898083,1.1375692627092977,1.241762899563341,1.222566098842718,1.1477203700979317
2018-05-02,1.106084488908012,1.136350416516969,1.2389790683571862,1.21744139000445,1.137391868770608
2018-05-03,1.0981689260937209,1.107581986350005,1.2309929481170254,1.199226701482954,1.1330671061433712
2018-05-04,1.1021439659575956,1.1088889408183522,1.2295275189019357,1.1943622450089182,1.1298414677134418
2018-05-07,1.1044635795465603,1.102337367215626,1.2364775902156673,1.1957712829527791,1.1638206267350861
2018-05-08,1.102763213610347,1.095321576176344,1.2379327627496826,1.1988311813148977,1.173633836869162
2018-05-09,1.0760026943520546,1.0841711446643432,1.22112397856122,1.1869654244666403,1.1662673818961273
2018-05-10,1.0808115542462924,1.0912671388096522,1.23023996613823,1.186868884742836,1.1759752776434307
2018-05-11,1.0810146865424854,1.091509368003074,1.2307760271977128,1.1867856165707493,1.175765292264063
2018-05-14,1.0838013422808728,1.0985774508993191,1.2399922095224347,1.1934069462363386,1.1764723131775356
2018-05-15,1.0778319833578036,1.0932074031443606,1.2348628583389645,1.1856513965591295,1.166162121639014
2018-05-16,1.0768610106073115,1.0943560273055932,1.235423173420166,1.1851470583547852,1.1671105270531652
2018-05-17,1.0657786028859377,1.0822854303983396,1.2246315759533661,1.1829795241786967,1.1685057955924403
2018-05-18,1.073634536004145,1.0832213345595607,1.2334800083167943,1.1874497012550038,1.164057627461777
2018-05-21,1.0729279421746158,1.0828827342755862,1.2322211130063938,1.1831056739059285,1.1639810718136132
2018-05-22,1.0605861403321317,1.0873834170166568,1.2325866319459853,1.1994894809282597,1.1647098732063446
2018-05-23,1.0610195828635804,1.0865791873451838,1.230203491804698,1.199079562462169,1.1602489427579907
2018-05-24,1.0608632020806363,1.0872326861350625,1.2314328363650182,1.1992421894344862,1.1593451474546748
2018-05-25,1.0603790660300692,1.0900520260235858,1.2328456624008512,1.1956361550828931,1.160985479383522
2018-05-28,1.0547017815652249,1.0909498177257921,1.2316920626303312,1.1902328422583521,1.1688610142757168
2018-05-29,1.0499871648214658,1.0860734890306307,1.2292107388486995,1.181500401625044,1.1653041401582795
2018-05-30,1.051871933751028,1.0851592671990855,1.235168562130151,1.1875193352016555,1.1754958819746533
2018-05-31,1.0475586347214694,1.0816860235721897,1.2321693719484657,1.184704370959562,1.1758163772303407
2018-06-01,1.049963608056969,1.0843363112028628,1.2340978103700566,1.1902938153736382,1.1813686230960458
2018-06-04,1.0546082435158017,1.0813496681659274,1.234569885349635,1.1833867217371798,1.1826791841074324
2018-06-05,1.0409894142956393,1.0736299733234742,1.2246609226637946,1.1754594943116075,1.1748292344200593
2018-06-06,1.0321302638187246,1.0645237751304928,1.2255558893488738,1.1725589435935218,1.1646244114140953
2018-06-07,1.0296696984709641,1.0620506391516706,1.2255251371275506,1.1738356868121629,1.1623555392043907
2018-06-08,1.027719715726632,1.0602659976303994,1.224715787463115,1.1723828428888565,1.1628284516458187
2018-06-12,1.0265282924911219,1.0598331379618178,1.224006474989972,1.171598766699922,1.1625477419105479
2018-06-13,1.0139668274087563,1.0472054820926486,1.2065856519137144,1.1630609837373085,1.1426269258409285
2018-06-14,1.010121478829649,1.0533424152601498,1.2019346259520853,1.1684911130509452,1.1398505355227937
2018-06-15,1.0333660367833863,1.0350233659023749,1.195526993674346,1.1631720776130772,1.1764883806918018
2018-06-18,1.0347946421559995,1.0364157845962843,1.1968541640167858,1.1647462946148885,1.1744083901320068
2018-06-19,1.0307179802353312,1.0305566377434983,1.193919615516775,1.1629930152963401,1.173255978728571
2018-06-20,1.0563900696501698,1.0387837840453884,1.2060103788423406,1.177951075352858,1.190529888112084
2018-06-21,1.0605620051873301,1.015424379500953,1.2065971782231923,1.1726358749313184,1.197209295968316
2018-06-22,1.0528414937544142,1.0074898177462555,1.1997582578891162,1.1639886659681091,1.1971252080494044
2018-06-25,1.0608661984419754,1.0113440137213972,1.2011033871690864,1.167775288666128,1.197033072615163
2018-06-26,1.057344885219748,1.0096775074177495,1.2015011807796478,1.1659699680432256,1.2005434065527774
2018-06-27,1.058829615952344,1.0102269607855507,1.2018382690774443,1.1676836826517822,1.1982850210331963
2018-06-28,1.060347898226044,1.0142958736394756,1.2023734970122912,1.166113596209696,1.2220840336955694
2018-06-29,1.054500398018758,0.9993873224643341,1.1896496129689869,1.15663593788672,1.2224256604442694
2018-07-02,1.0618249229066172,1.0107187558668431,1.200819579258308,1.1800533452499853,1.2308401965710822
2018-07-03,1.0720000987939067,1.0189242352896237,1.205065630129512,1.1865625844070113,1.230122991857138
2018-07-04,1.0704318223157725,1.0008002045697593,1.1774169633431455,1.1788033443342338,1.2514944325291877
2018-07-05,1.0747436060591224,1.0001472602952648,1.1777497702849027,1.1823134192592601,1.2523761695284767
2018-07-06,1.0816673316427474,1.0080175497062969,1.1742814384894575,1.1919637755103967,1.2434473166855342
2018-07-09,1.0828000792744843,1.009416173145582,1.1787712390568172,1.1907037383134453,1.2359537058451646
2018-07-10,1.0912571790572738,1.0076701087700344,1.1796394832883212,1.1937875616810292,1.2425231854229333
2018-07-11,1.0885879959748048,1.0079404697557002,1.1778449626026757,1.1933656943063489,1.2392851650421637
2018-07-12,1.097284133438658,1.015431293875492,1.1851020199598246,1.2013399673008198,1.22888846007808
2018-07-13,1.1064904786878214,1.023974630172199,1.177234420844689,1.2119376249141527,1.2479269942014253
2018-07-16,1.107183266816035,1.0226295599020265,1.1779809010191584,1.207793456635443,1.2498220728737968
2018-07-17,1.0983407253967241,1.0140364537589028,1.1699474431237327,1.2013989439259973,1.253034999338179
2018-07-18,1.0901741036611254,1.0007121252809874,1.163865873309415,1.1950712467439466,1.2637318612125916
2018-07-19,1.069326222258166,0.9787046961790097,1.1338540122210732,1.16604755788613,1.270274951388348
2018-07-20,1.068270568158857,0.9727332386967429,1.1229806910570104,1.1518982740001509,1.283919289944943
2018-07-23,1.0667275621180972,0.9638577216829745,1.1194988617994288,1.1515215469239737,1.283345340687745
2018-07-24,1.0632661579530682,0.9574978893138442,1.1121065281525557,1.1488681337394868,1.2836017501375798
2018-07-25,1.0625011620038058,0.9599327616611795,1.1178947151121765,1.1518005859045328,1.2835523165666063
2018-07-26,1.065070755560918,0.9599758218639767,1.1199199215735158,1.1530506927251643,1.2918623830636127
2018-07-27,1.0626237029233374,0.9615545133301211,1.1221732527395312,1.160273603763509,1.2978125296037135
2018-07-30,1.0645752961612178,0.9538060905442171,1.1206156209037905,1.1546906806548776,1.281691506557771
2018-07-31,1.0657768694121579,0.9550609454684333,1.122660081630092,1.1568701736667544,1.280242761926398
2018-08-01,1.0670399934193748,0.9616428235224895,1.1259940250095755,1.1650320391512006,1.282535462014066
2018-08-02,1.0635866701038517,0.9600739228003535,1.1183461575604141,1.1654371022346515,1.2806501221097661
2018-08-03,1.0651961786143203,0.9616452884555893,1.1200049885825214,1.1669215477537063,1.2807793932279683
2018-08-06,1.0541677300343546,0.9617392830257689,1.1206932050837914,1.169283292115215,1.2807366554574051
2018-08-07,1.055997532638762,0.9592245976014122,1.1142762067580312,1.164799434621925,1.2848499124919288
2018-08-08,1.0590787535735056,0.9621128212145162,1.117797953012954,1.1634788160912863,1.2820667788149758
2018-08-09,1.0598564038388087,0.9629899901502712,1.118233654719711,1.166130166363831,1.2830967578081471
2018-08-10,1.0580778704893405,0.9603778064529801,1.1147734553347592,1.161744559923235,1.2829700173435181
2018-08-13,1.0693252457837557,0.9636085086544343,1.1157432947646155,1.1524605364283627,1.29383216012206
2018-08-14,1.0709737995461717,0.9614036220972706,1.1259511227607386,1.1615934061525461,1.2936205592743404
2018-08-15,1.075168649450346,0.9636605978391324,1.1266422434590082,1.164194095997786,1.2982653468468834
2018-08-16,1.0709158313652773,0.9570894791572394,1.1192045983513093,1.1548731532578869,1.2971706411967925
2018-08-17,1.0706363817946214,0.9572605262774958,1.1200721734425836,1.1558133387012473,1.2964126907276947
2018-08-20,1.0703660132932897,0.9503945998354534,1.111911863004628,1.150953607877582,1.288880006964205
2018-08-21,1.06556706059902,0.9533696672711284,1.129113080568369,1.1631244789530573,1.273870494092369
2018-08-22,1.0713115545041132,0.9570463577802646,1.1319132208527611,1.1706204616144054,1.2749366027915907
2018-08-23,1.0765120248846924,0.9645318655966812,1.1448391776075704,1.1786115160146666,1.2756369519197999
2018-08-24,1.078038439551866,0.9645974443528581,1.1448781250825741,1.1792235436693896,1.276978324246879
2018-08-27,1.0787010851011003,0.96416214804355,1.1441965538487244,1.1774719316499742,1.2752228169529531
2018-08-28,1.0741612767232607,0.9679093879019984,1.1400560674044142,1.1811823326446917,1.2692475868828201
2018-08-29,1.0827534332019728,0.9730796755950362,1.1553974492819714,1.1911363455339163,1.2567576452472726
2018-08-30,1.0836112068576405,0.9735023373898014,1.1560004890825062,1.1911194834939371,1.255398175250159
2018-08-31,1.0915994765833281,0.9701974616601445,1.1593214508746224,1.180552279543309,1.2496688661027677
2018-09-03,1.092366841701991,0.9689393205270093,1.1586414121493,1.1816831068040594,1.2503477184380145
2018-09-04,1.097138065106541,0.9737674864755962,1.1637981174899057,1.1877124567861617,1.2515222222453657
2018-09-05,1.089566540226393,0.9673169580515493,1.1619070012742287,1.1800261945073711,1.2351034769389795
2018-09-06,1.0689181916045556,0.9539616980060618,1.145954357494281,1.161650968262054,1.2529016719437893
2018-09-07,1.0623646336255907,0.9531324774749196,1.1437545872942225,1.1594205105468005,1.2566922956246778
2018-09-10,1.055742615954173,0.9439691021446143,1.1352441014496224,1.1467131312687882,1.2384731248213734
2018-09-11,1.0509083748444772,0.939752617896444,1.1326672601355043,1.1443713116386773,1.2349606808119427
2018-09-12,1.051516745763516,0.94032746502384,1.1335348900740507,1.145683975333369,1.2336267335550068
2018-09-13,1.0544855119968997,0.9454246771139272,1.130556635453065,1.1488219699777473,1.249835339209727
2018-09-14,1.0557789140808274,0.9483919663523802,1.128130495780582,1.144946681132686,1.244272428599933
2018-09-17,1.0554031534391763,0.9462440482849697,1.1272981424240258,1.1441307124293056,1.2438638400880646
2018-09-18,1.0507836155872925,0.9429532890983351,1.1245390977667902,1.1423082591707332,1.246743508787438
2018-09-19,1.0496723699127313,0.9448886141720473,1.1277236436621059,1.1442388482796633,1.250831760368277
2018-09-20,1.0591868371023756,0.9509688987349718,1.1375213606463508,1.1492751147800384,1.2534240632234666
2018-09-21,1.0559912593695049,0.9444587221343403,1.1326139576117977,1.1471672584463202,1.2546588362596762
2018-09-24,1.0566633970672332,0.9435979862580876,1.1318429548258624,1.1458506365012975,1.2563227464729507
2018-09-25,1.0549883823409625,0.9453975972769235,1.1341171025416381,1.1460883419162728,1.2564907897687814
2018-09-26,1.0537242054325693,0.9450034932587017,1.1346778859243059,1.1451654162157878,1.2552427299799074
2018-09-27,1.0531850712928545,0.9451336223549608,1.135506733888957,1.1465361241761598,1.250847688198891
2018-09-28,1.0612847077400245,0.9529101210871674,1.141390663276735,1.1532976628010598,1.2408903259699728
2018-10-01,1.0609011794347913,0.954414889875307,1.146343932046886,1.1599901702654114,1.2507649556279483
2018-10-02,1.057835165177022,0.9526929469401787,1.1483980173588255,1.163187616083975,1.2694041412972632
2018-10-03,1.0729063778021894,0.9445069578633191,1.1482764974088462,1.1476092545875187,1.2719974616174696
2018-10-04,1.07261695159887,0.9428492468261529,1.1505923565476375,1.1479393391444,1.2740821554189703
2018-10-05,1.0693716731676617,0.9395490015363119,1.1481893094508733,1.1457672030610524,1.276785338450574
2018-10-08,1.0576192664416486,0.9324791402598719,1.1402692711290605,1.1642688521169149,1.2766168897674843
2018-10-09,1.0546375531725853,0.9324132885657719,1.13240659908019,1.156562961739847,1.2738624474126403
2018-10-10,1.0596210331660494,0.9331326755322596,1.1314544818671046,1.1583069619461344,1.2764890213165585
2018-10-11,1.0580848538717993,0.9278239104883879,1.1092025203091416,1.1586734001679533,1.369303067965499
2018-10-12,1.0577503251388498,0.9263016033385909,1.1094360537284527,1.1584570085676238,1.3724332398466204
2018-10-15,1.069124594279788,0.9351334633425212,1.115277703660197,1.1685146378466922,1.371765362885111
2018-10-16,1.0610835488186825,0.9368760313896336,1.114797151925659,1.1694872539435874,1.3705929084638684
2018-10-17,1.0683703045987498,0.9230620039403865,1.1205556732541293,1.1649048713194439,1.3823427913957074
2018-10-18,1.0682016981627611,0.9232883470171137,1.1201587004871838,1.1642246836081183,1.3809839257914647
2018-10-19,1.0671724982977777,0.9230773801130991,1.1196080284627548,1.164208433757489,1.3811507522279103
2018-10-22,1.068341440727261,0.9256939565269642,1.119578519173236,1.1662828632651796,1.3881940849845122
2018-10-23,1.0674976638217941,0.9279889428865123,1.1196507509657665,1.1749503820869316,1.3832204370575298
2018-10-24,1.0658288264170677,0.9267890286069037,1.1172477747323426,1.1722286751908872,1.382869347411866
2018-10-25,1.0444821359494414,0.9198635940606477,1.0944546837032365,1.1504008427314325,1.3630629164930206
2018-10-26,1.0432361920881728,0.919176991148871,1.0929426427881632,1.1490369966716434,1.3726982307016569
2018-10-29,1.0460265012407572,0.9190496981156127,1.0926858614894195,1.1469200141901061,1.3694239191051285
2018-10-30,1.0581849786249395,0.9105016723754845,1.1018532743155398,1.1512016314167726,1.3728557919067905
2018-10-31,1.0657997289557304,0.9092712193638048,1.099242552246873,1.153906487286015,1.381295331366867
2018-11-01,1.0644034634115525,0.9073868490687005,1.097178050505494,1.152226632952147,1.3828723039402766
2018-11-02,1.062825119190611,0.9110332493309127,1.0942089207859695,1.1515068108126085,1.3935625366747473
2018-11-05,1.0622142947711197,0.9034872332441326,1.085481392385928,1.1412384034289347,1.3935385742209225
2018-11-06,1.066750384937864,0.9104934868880691,1.0939152784082835,1.1456375817504014,1.3862267626210187
2018-11-07,1.066453410612998,0.9126635601744904,1.0961860313711465,1.1484998264746875,1.3818250083152843
2018-11-08,1.0722001112209718,0.9155471709206877,1.0991545741684539,1.1569806026044844,1.3898234582919642
2018-11-09,1.0724525175576356,0.9151352187927262,1.1010207172569053,1.157758371082587,1.391152334010006
2018-11-12,1.076635560421364,0.9146968678814352,1.1012205171039715,1.1565681290678818,1.3912638650268503
2018-11-13,1.0642286865351158,0.9063795324386625,1.10252637357529,1.1404717663749713,1.3924481662829855
2018-11-14,1.0747313492410235,0.9181499782772697,1.119727690793291,1.1486004545017106,1.368821634076231
2018-11-15,1.0741031857658117,0.9179999328687772,1.1200693427337571,1.1478880204569015,1.3699966899623484
2018-11-16,1.0742093583143455,0.9177711252240054,1.1200016147696652,1.1470702600717344,1.3685141876726434
2018-11-19,1.0730953346827665,0.918891836740699,1.1192109716972594,1.1466145794944385,1.3776979003566987
2018-11-20,1.0688107961913729,0.9132850554069312,1.1128823249390558,1.1433888004638524,1.3785888015992227
2018-11-21,1.0591876933831026,0.9106568898880819,1.1102323021354101,1.1411274318742048,1.3873253476871856
2018-11-22,1.0594579810622806,0.9110026209657347,1.1052649444191778,1.1435691029826054,1.3898078145267236
2018-11-23,1.0646317189087844,0.9175053590248692,1.1122229853044463,1.155801415750968,1.3915361607618268
2018-11-26,1.0579406719449498,0.9076472016583098,1.1081502868169497,1.147315945650967,1.3904318035921213
2018-11-27,1.0592166218754944,0.9097119075875784,1.1095882625693096,1.156056168310913,1.3885859967220802
2018-11-28,1.0579621885210708,0.9083172119220203,1.1083674225025912,1.1562726550541937,1.3906630437641325
2018-11-29,1.0492445240332686,0.9098226538373005,1.1128061082495617,1.1542919162097665,1.3896862329003026
2018-11-30,1.051543565446233,0.9046866027685732,1.1117450608819148,1.1460147777300573,1.3910993777324419
2018-12-03,1.0258135082732525,0.8741723037544566,1.0949961360125224,1.10373375922109,1.3927545938415538
2018-12-04,1.0259862662316468,0.8741312240123968,1.0956144132852141,1.104563564059014,1.3886297466916038
2018-12-05,1.0292880799740844,0.8777134517832484,1.1011688107558586,1.1079814770632725,1.400644232257094
2018-12-06,1.0301032854843843,0.8773842803078138,1.0964156282114002,1.1094439435028625,1.4024344915378206
2018-12-07,1.030950611264732,0.8761338253733972,1.094695443657816,1.1087219322586241,1.4002799996158415
2018-12-10,1.0432845049315713,0.8864116186948,1.1120698090975571,1.1414506985267308,1.4001939466407725
2018-12-11,1.0420183132970304,0.8859139381085039,1.1143460532922584,1.1395914693803428,1.3970139204874201
2018-12-12,1.0541481800073187,0.8923605843316198,1.1159663085011327,1.1424035915425426,1.4107207478038795
2018-12-13,1.0545988774383814,0.8931623259236452,1.1163646491487813,1.1432794631157364,1.4106748874277841
2018-12-14,1.0613146713122243,0.8992332252609387,1.1246353493149546,1.1552887897653323,1.4044013554680512
2018-12-17,1.061736629882359,0.886759691839122,1.1093747225165314,1.1231633561425232,1.3867881306668255
2018-12-18,1.0593371028224516,0.8955773771615994,1.1117182550737659,1.1384753273068215,1.3939961409725892
2018-12-19,1.0576762953923946,0.894876088745189,1.1115740488465966,1.1370545811721564,1.3943622226253578
2018-12-20,1.048587187995842,0.8910768174576321,1.1056885014996514,1.1375477705612698,1.4016875585915816
2018-12-21,1.0472494182016394,0.8929483475323856,1.1064732444181644,1.1393384143608098,1.4103651339201861
2018-12-24,1.0462399312086659,0.8925768670018264,1.1047579170214212,1.1382318977710872,1.409714380953716
2018-12-27,1.0532716722524438,0.8959550982576319,1.0940236174679847,1.128618387433996,1.3778925277146863
2018-12-28,1.0635755851257915,0.9110807366459585,1.1093895677323113,1.1422236740556706,1.3871785619661856
2018-12-31,1.0628144414326437,0.9105466746280487,1.1086795438690404,1.1414807839704237,1.386864529439697
2019-01-02,1.0669272370937977,0.9156531840274252,1.1146184512387798,1.1496070245945436,1.3825616499528695
2019-01-03,1.064718370520406,0.9157503680171291,1.123741493259646,1.1548549172399507,1.3904219358401473
2019-01-04,1.0600856197985034,0.9142417077082519,1.1210301279156218,1.1552972430765815,1.388220694673085
2019-01-07,1.0571563340936605,0.9143712707289021,1.1166142159412256,1.155964329152846,1.3822837555845824
2019-01-08,1.051841960707727,0.916649872111421,1.1190302166118422,1.1573751573456,1.387079068861417
2019-01-09,1.0423630555915842,0.9149806345804793,1.1222769376111688,1.160084236209103,1.3881206815077354
2019-01-10,1.0424449992046474,0.9166568130537821,1.1224809619867802,1.1616950254021132,1.3861244709198852
2019-01-11,1.044549419049194,0.9162774693070393,1.1239652290095088,1.1618797666819947,1.3866966014111488
2019-01-14,1.0442975152855847,0.9165536112193295,1.124766694906306,1.1615421978266807,1.3874338515861082
2019-01-15,1.044974909691616,0.9143270524082457,1.1199022375812273,1.160117474958276,1.3915264478541087
2019-01-16,1.0434962645323491,0.914142877449275,1.121513927558426,1.1625098140151946,1.3991850994010095
2019-01-17,1.043550891265123,0.9138192623120093,1.1216206841545364,1.1634438084003387,1.400331406175472
2019-01-18,1.0440296326265117,0.9132889294053972,1.120858481699923,1.1633988380239808,1.400608495394792
2019-01-21,1.0417048280790346,0.9126582345780874,1.1193670426564184,1.162644324553088,1.3991512503599333
2019-01-22,1.0458666929184213,0.9158039079760635,1.1224185800076467,1.162262588703172,1.4014792721555551
2019-01-23,1.0479609056554091,0.9161668848825569,1.1227043907219367,1.1626430388602473,1.3983733103282496
2019-01-24,1.0483700690519748,0.9158183459460012,1.1228598665198999,1.1635404076068647,1.400926014426344
2019-01-25,1.044048943488724,0.9150253094223385,1.1218209846354523,1.1666584242598423,1.3966083925601065
2019-01-29,1.0534513627890134,0.9218217674400017,1.1322310742834265,1.1766401185725792,1.3953775445066205
2019-01-30,1.0538608294916976,0.9214577028944175,1.1318224645610544,1.1754479697354736,1.3966734721659986
2019-01-31,1.0543200938938149,0.9260975790812166,1.133890430792261,1.1783761152031524,1.4010934022195107
2019-02-01,1.052541015537364,0.9243154439181102,1.1324024555917471,1.177882042352676,1.3993938898618636
2019-02-04,1.0587459280031888,0.9293240644085891,1.1420554776339042,1.1871475933412883,1.403871114329703
2019-02-05,1.111203392772629,0.9641063914228709,1.2395631380587449,1.275546869441541,1.359824367086972
2019-02-06,1.1163221285740246,0.9654493188079883,1.2412145287927832,1.2780517133999503,1.345940514607693
2019-02-07,1.1244255950046833,0.9636131550260395,1.2464329176539455,1.2798271016342295,1.3490316829955828
2019-02-08,1.1254962367533146,0.971668927566134,1.2534300946497063,1.2841084658186155,1.3414941733176475
2019-02-11,1.1267750121559545,0.9727113638341683,1.2547336119918548,1.2850570601184061,1.3433786703666397
2019-02-12,1.1250345906796575,0.9715436410743734,1.2546856222560967,1.2868236348171957,1.3460846264007091
2019-02-13,1.1244414711685164,0.9707036331583687,1.2528320316777843,1.2847256191358822,1.3423802683737738
2019-02-14,1.138939238701432,0.9674701167840725,1.2578572069157112,1.28421247170174,1.3463877741839
2019-02-15,1.139348656704656,0.9672267585497784,1.257440504281829,1.284385469906128,1.3451494470676357
2019-02-18,1.139755455359851,0.964856032635756,1.2583921413404686,1.282495628771185,1.347018063190455
2019-02-19,1.1412111654242578,0.9679560805593578,1.2604275839014427,1.2867362514159773,1.3483584997472815
2019-02-20,1.140924991972873,0.9680467689109005,1.2611445678030988,1.2867287612659282,1.3484911218301667
2019-02-21,1.1475476309071004,0.968052305553625,1.2638138403428008,1.2919687940917215,1.3519201151868325
2019-02-22,1.1484566433422232,0.9653846909514523,1.2625475177575651,1.293131746186183,1.3613526309858432
2019-02-25,1.143238901933449,0.960934090789688,1.2558806161932663,1.2899272344779085,1.3650496971000106
2019-02-26,1.1414826683652366,0.9561057505508159,1.2542647661016326,1.288651002490806,1.362758949741849
2019-02-27,1.1439066198338683,0.9574392639356388,1.25303034807456,1.293052590725621,1.3667956870937947
2019-02-28,1.146331885147863,0.9632209042169942,1.258586168970886,1.2938432434239004,1.3687085940197152
2019-03-01,1.1493054278154506,0.9664392841527222,1.2644294205137037,1.2936976104385145,1.3722527600030336
2019-03-04,1.1528854636067165,0.9700857168033187,1.2705409627940605,1.2955296888411982,1.3771520391919418
2019-03-05,1.1517744385000508,0.9682375240993013,1.2693619794356195,1.2956925595627475,1.378735556011649
2019-03-06,1.1560524433505697,0.9661550766374553,1.2666760887885058,1.2916583201513814,1.3765529186937262
2019-03-07,1.151839996734585,0.963765607779263,1.269157666372074,1.2929811075892763,1.3714082743971954
2019-03-08,1.1577618753864645,0.9638825180787547,1.2699661907533972,1.3017665217931074,1.367813735168031
2019-03-11,1.1568102807012204,0.963136865196387,1.2682248135041843,1.3005764327136382,1.372664829224829
2019-03-12,1.156026605237886,0.9641513598793704,1.2695371102542718,1.3017993743589444,1.3737692760350189
2019-03-13,1.1588763074490356,0.9614711435565425,1.2704568563618772,1.3030962843172107,1.3734160363921448
2019-03-14,1.1560192077396136,0.958604239269385,1.2680421214723272,1.2990952550357346,1.3753806546323193
2019-03-15,1.160638760548505,0.9618387141461788,1.2726783986979615,1.3024612274073744,1.3811570359135055
2019-03-18,1.159585925980047,0.9616498584358079,1.272652658455512,1.3026566492896903,1.381721410550609
2019-03-19,1.1629544806419636,0.9628444003866676,1.2759297372914986,1.3051808059455583,1.3818214587086617
2019-03-20,1.1630450369116492,0.9591926461760515,1.274975922770763,1.3023275745862741,1.3809519401577344
2019-03-21,1.161233229981438,0.9589850802761282,1.2742615731031008,1.3021308352183398,1.3828849795907026
2019-03-22,1.1528640344693344,0.9641279878416261,1.2748287525572208,1.3160697717170144,1.3824660337340748
2019-03-25,1.1468391758549759,0.961200472061136,1.275328816080616,1.32395985914425,1.3726862762460779
2019-03-26,1.1482997960456118,0.9681651946700566,1.2798024360630227,1.331883883636857,1.3717204586704446
2019-03-27,1.148755343863474,0.967845189678497,1.2834063394948059,1.331172654495749,1.3700779199693351
2019-03-28,1.151137259756944,0.9702794403904823,1.2831060915295502,1.3273976829907816,1.378257647498864
2019-03-29,1.1510963778872303,0.9704578756447166,1.2833893058022268,1.3260341488619758,1.3773709553672793
2019-04-01,1.1521669045102052,0.9692520740397135,1.2845649907383596,1.3270893390243235,1.3792302252672681
2019-04-02,1.1475169556714648,0.9656069896073873,1.2823792633222375,1.3263063547776432,1.3825569561594726
2019-04-03,1.143186441688899,0.9608409961730581,1.2783776674104885,1.3207329088016118,1.3824592509977682
2019-04-04,1.1384228731467703,0.9612299174897108,1.2735270345425047,1.3184597163761886,1.3812993421063684
2019-04-05,1.1336902912716342,0.9618078721556628,1.2670141588684454,1.3179451290320154,1.377815809013366
2019-04-08,1.1264087937637026,0.9539817554049781,1.2561723396202782,1.3082559047231241,1.3786345728123401
2019-04-09,1.1254809547450666,0.9536629030910184,1.2555691542469616,1.3084960928926428,1.3783173523584331
2019-04-10,1.125737597923717,0.9551312774819635,1.2563682485200618,1.3097200666068944,1.377569924700993
2019-04-11,1.1280837800925114,0.9559959483683412,1.259040775201967,1.310490304027779,1.37606240465221
2019-04-12,1.1351856396919835,0.957778514988468,1.2613962947852673,1.316838082318666,1.3750972583789498
2019-04-15,1.1373063945703654,0.9590342694153134,1.2632234664722473,1.3181920073912927,1.3754171808897382
2019-04-16,1.1390720416745617,0.9620055565757515,1.268171869964283,1.318870882826277,1.377726620322097
2019-04-17,1.1348595240330384,0.9587950490921124,1.262651556478491,1.3144768134886509,1.376545816692139
2019-04-18,1.133720408565655,0.9562354442402836,1.2612861914603457,1.3132457556286223,1.3759513145924223
2019-04-23,1.131711776690282,0.9493687335168075,1.2599024922186424,1.3128660967626644,1.3756699452747696
2019-04-24,1.1304622377274267,0.9482924330781688,1.2564826527404278,1.3070019833191653,1.3710960955068667
2019-04-26,1.1411980483704725,0.9496326931546928,1.2582982865016696,1.311270893278529,1.3624427027099097
2019-04-29,1.1419145617410507,0.9480994803849787,1.256124519696451,1.3096712725942463,1.3653830941885474
2019-04-30,1.1373203105327037,0.9416158474684948,1.2506866357182338,1.3013954130379533,1.3692848777032307
2019-05-01,1.1412388670862084,0.9484093575641339,1.2610162124287962,1.3154058789155167,1.3720652533090225
2019-05-02,1.1442523048702056,0.9558488112998731,1.2720596677872562,1.3263636767324405,1.3679879589753257
2019-05-03,1.139520526434931,0.9538488298352541,1.2711294144326326,1.3270494030242563,1.3756274156460164
2019-05-06,1.1348047034346793,0.9438872839701677,1.2710139889183054,1.3163349588241267,1.38172203095709
2019-05-07,1.1329592748331259,0.9431216936296882,1.2693929768337728,1.3148841541369933,1.379019967234669
2019-05-08,1.1373504981285185,0.9440819594660798,1.2666166910824685,1.3120934070344143,1.3788172830415757
2019-05-09,1.138720232179732,0.9448590507620955,1.2636840896843062,1.31062260035814,1.3766627326862146
2019-05-10,1.1384025655313985,0.944392699334236,1.2639036673611042,1.3090405233684075,1.3760810446437053
2019-05-13,1.1428114850126583,0.9476026150806711,1.2613291590027569,1.3088816180847531,1.374612524108186
2019-05-14,1.1491436854917068,0.9556103681372587,1.2624455300278776,1.3155419878450298,1.3913591480098522
2019-05-15,1.1444310256022472,0.9529122522910342,1.2565647609477393,1.3144816275486464,1.3915313044907829
2019-05-16,1.1473581024444028,0.9484575355549,1.2490858414807233,1.3193551859279724,1.3855557460265029
2019-05-17,1.1398466166134724,0.9398569851849761,1.236831682719628,1.3020660193194282,1.3848784901906295
2019-05-20,1.1990794022878115,1.027481615003322,1.3354529275897453,1.3796491362955656,1.3753022658609946
2019-05-21,1.2095251974448662,1.031321473806527,1.3424744001991424,1.3802740152915096,1.3774053709667478
2019-05-22,1.2085822310831829,1.0304786467696778,1.343896377229476,1.3801298172883063,1.3788226076317132
2019-05-23,1.21075230605682,1.033535767799232,1.3488210377806795,1.3832882651001828,1.3776102285625786
2019-05-24,1.2079637651290487,1.0303861937364016,1.345526274887611,1.381747299831084,1.3782107813793834
2019-05-27,1.2091531263553161,1.0311243217572699,1.3483977193293462,1.3824159359902557,1.3767732234324084
2019-05-28,1.207754273393641,1.0331016592138447,1.3447685572472208,1.382483559814503,1.3796319001144846
2019-05-29,1.2020200529013105,1.0215802146624082,1.3365169028906192,1.371136406164287,1.3730553217960797
2019-05-30,1.1976988430299338,1.0160435631525073,1.3350426380761402,1.3676098103015262,1.3697146168999976
2019-05-31,1.1962848524009235,1.015377911573488,1.3350273385301126,1.3641850503498847,1.3670531601008005
2019-06-03,1.187139918756455,1.0102994941367494,1.3344178433859721,1.364784295480101,1.3888673928682984
2019-06-04,1.1943172420578896,1.0114333966315385,1.3372183636460886,1.3669440147456986,1.3865926276571832
2019-06-05,1.2053744463518674,1.0189343851358947,1.3458224407219324,1.3727004522588542,1.391420507987036
2019-06-06,1.2077726080029052,1.0209409539888694,1.3471038286106414,1.372504289981903,1.3926978732055775
2019-06-07,1.2020205645656408,1.0179628854728744,1.341461839132228,1.3681426460200745,1.3949979088195525
2019-06-11,1.1934542529086836,1.012863558177329,1.3298594219307913,1.3539526647577984,1.3877669877639007
2019-06-12,1.1924408490907394,1.012200474103667,1.33202155797456,1.35406260712936,1.3930982955518967
2019-06-13,1.1909903162666395,1.0114761337885874,1.3314933114059624,1.353337137029048,1.3924964187859052
2019-06-14,1.182934658461689,1.0151364935092324,1.325328473473491,1.3514253564773564,1.377144756962386
2019-06-17,1.1793605398237677,1.0135779385948513,1.3220667193118245,1.3481247847623623,1.3734519342440823
2019-06-18,1.1831591324135002,1.0118414075876285,1.3198817852733236,1.3443202837206065,1.3703466704885732
2019-06-19,1.16609339868934,0.9978456553184615,1.3014452084348895,1.3316945697388332,1.3607633695176615
2019-06-20,1.164471847192103,0.9968203549276899,1.3016887586711168,1.3375201493732933,1.3676973234277099
2019-06-21,1.1669046290477918,0.9976488136995749,1.3024675792416824,1.3429302974232955,1.3685889498647783
2019-06-24,1.162899887424748,0.9959593143869416,1.3019869026223556,1.3417007414763877,1.3705494861778735
2019-06-25,1.1653044291538994,0.9974276636614378,1.3018954492883819,1.3436245487128462,1.368694863565915
2019-06-26,1.1650972671958078,0.9978511664213888,1.3030117788549311,1.345300946532665,1.3685893134616556
2019-06-27,1.16549085883319,0.996252234549815,1.3022770619784219,1.3456765147575143,1.358653079333448
2019-06-28,1.1620132921124873,0.9927413518070066,1.294137796780226,1.3406062971617516,1.3487470774195829
2019-07-01,1.1584546478804456,0.9929578434514019,1.2923235882981425,1.3369077248039378,1.3514447118294544
2019-07-02,1.153515615111024,0.9897872564579951,1.2914766368789259,1.335532216197533,1.3540747871963246
2019-07-03,1.1507669394471096,0.9867135929505674,1.2892954825150362,1.3346297440009034,1.3483460432054284
2019-07-04,1.149263916583748,0.9886433904743245,1.2904420154710967,1.3352300612609251,1.3486719908770004
2019-07-05,1.146337829662771,0.9830115824273218,1.2916359955597916,1.327313991821951,1.354524588756632
2019-07-08,1.1447151114939151,0.9797154556961691,1.2884053567565976,1.3213278813820264,1.348476900953252
2019-07-09,1.1386287847755456,0.9793984039549261,1.2870520960290865,1.3202648692018961,1.3478061866546018
2019-07-10,1.139643234228029,0.979827508419565,1.2869218375483404,1.3182077781236123,1.3497453161249497
2019-07-11,1.1345445948551183,0.975128992291796,1.2831680831531942,1.3073234874168134,1.3502665542124621
2019-07-12,1.132789478274413,0.9738322374045544,1.2816793644591422,1.3066030341550094,1.348369921250724
2019-07-15,1.1307321577912541,0.9721204397022135,1.2815994002498103,1.3084694135360193,1.3468592513255782
2019-07-16,1.135897413466993,0.9770938265205262,1.286991038394989,1.312100923958193,1.3462040930015833
2019-07-17,1.1362892465652195,0.9791223937305782,1.2867215253428612,1.3153149043118502,1.341708585466588
2019-07-18,1.1345866611233062,0.9775344951270162,1.286783190797398,1.313899784420611,1.3444518368201512
2019-07-19,1.1337870436465034,0.9853030474358698,1.286904380639597,1.3136124018196655,1.3401653523153623
2019-07-22,1.13518150136909,0.9878578401655984,1.289265333080955,1.3167021962440826,1.341753985513681
2019-07-23,1.1353728566931098,0.9920896529502967,1.292841171707544,1.3171853391008708,1.3412485746553373
2019-07-24,1.1351824450869132,0.9976333900095153,1.2955189995004095,1.3162787309020725,1.336673001828151
2019-07-25,1.13558193791712,0.9993922043815349,1.2993613499565275,1.3176950147764421,1.335366440701739
2019-07-26,1.138215968139796,0.9991393447041063,1.3012935388189424,1.3148517550358103,1.33331092564491
2019-07-29,1.1382720569593061,0.9986411629663224,1.3012900649586312,1.3134811839474543,1.3327776317325997
2019-07-30,1.137917132355618,0.9985657557448825,1.302616084319547,1.3138758905974504,1.330967417658293
2019-07-31,1.1400067136433352,0.9976386507682447,1.304298433258942,1.311956780471794,1.328798048463999
2019-08-01,1.1429376642995748,0.9949248684953803,1.3044359046565117,1.3103606439875994,1.329697231618056
2019-08-02,1.141105208462048,0.9948095086528296,1.3023121335518109,1.3105061705212366,1.3329513277060274
2019-08-05,1.12039068482771,0.9859974844733124,1.279145022221873,1.2979379623588119,1.315819590053587
2019-08-06,1.1014333375264045,0.9863629708079641,1.275984260921938,1.2815044480598101,1.3285308737585155
2019-08-07,1.087918328566772,0.9871997314403504,1.2775373827449783,1.283371111656044,1.3307760956955779
2019-08-08,1.084477763141426,0.9821792783998983,1.2722592107865014,1.2738416705642432,1.332873855383011
2019-08-09,1.0857667348646376,0.9826597134458775,1.274264452799298,1.2767206569893745,1.3332218972801544
2019-08-12,1.0854771271357073,0.9823678191381738,1.2745692275483274,1.2772455716880613,1.3353175206905374
2019-08-13,1.0841194919146766,0.9782757449211066,1.2672407204634857,1.2738461832958299,1.3362465997295663
2019-08-14,1.0804814937946372,0.9753154928192166,1.2669743433533212,1.268739614217596,1.3355131168732444
2019-08-15,1.0791868764651906,0.9813591933012732,1.2583823895589603,1.254973699674296,1.3244803017312545
2019-08-16,1.0788172115537047,0.9810621632603908,1.2577850683846294,1.2541192696967698,1.3247384117568979
2019-08-19,1.0826575144459236,0.9796276994631072,1.2551728448992454,1.2550539451610152,1.3369536070419221
2019-08-20,1.0814877377750916,0.9719171143225251,1.236666665054694,1.2378543077291346,1.3410369524955352
2019-08-21,1.0733845820815735,0.9688129910681906,1.238756607840761,1.2363601267575666,1.329832253151628
2019-08-22,1.0698257855525397,0.9665630158595768,1.234361800076688,1.2340807926916717,1.3304192149132639
2019-08-23,1.0697981178130045,0.9655172237340333,1.2343986520896089,1.2338903383791284,1.329773399890803
2019-08-26,1.0654646996963206,0.9640276965495048,1.226926887835379,1.23289901849703,1.3349139770848677
2019-08-27,1.06489894353403,0.9633617124472811,1.2229014247874515,1.2315304304296815,1.3422531853955313
2019-08-28,1.0556126922117457,0.9526797947403642,1.2111516275992082,1.2214411277302375,1.3391918949677137
2019-08-29,1.0558306566137792,0.9528898967437426,1.2111973002794847,1.2215593137972616,1.3388364091352738
2019-08-30,1.0580896168558593,0.9512706568185505,1.2148776582457357,1.2232842204537229,1.3348420215525079
2019-09-02,1.0575894861602309,0.9508612879726795,1.2137586324685015,1.2214537944825234,1.3343649782203073
2019-09-03,1.0568371332264401,0.9500497362773336,1.212430848853259,1.2193271983904599,1.3335185057131822
2019-09-04,1.0573433009135236,0.9513503605189417,1.211559497233176,1.2227911468958015,1.3385092752565424
2019-09-05,1.0647572524962257,0.9564077750334777,1.2176855845414263,1.2323325612942644,1.3358176818681966
2019-09-06,1.0656049290680951,0.9576065382976553,1.217579173770233,1.2324712242783737,1.3360773851938827
2019-09-09,1.0657193092793864,0.9571668234154505,1.217296228985185,1.2321978201014057,1.336010584786442
2019-09-10,1.059964736619332,0.9507532010616753,1.2117938154935377,1.2278124839569124,1.33009692700893
2019-09-11,1.0610867091655551,0.9520348877028012,1.2142331719900763,1.2283653669793608,1.331644406707253
2019-09-12,1.060533047461708,0.9505013020541561,1.2157762093989484,1.2279036668194976,1.3252164694474518
2019-09-13,1.0622822829238403,0.9526077877527432,1.2157740810847857,1.2302902503168542,1.3268266722861846
2019-09-16,1.062205785853374,0.9517100115061593,1.2154522710468818,1.2290757824219227,1.3266024385278123
2019-09-17,1.064468378215647,0.9537898674171394,1.2163930640721416,1.2306892266072382,1.324220417352049
2019-09-18,1.0660535783881955,0.9535776062495115,1.2149422330585467,1.229411685423462,1.3214770387998076
2019-09-19,1.0658334142111128,0.9538587043633548,1.212992291271,1.227925936217939,1.3295470690147935
2019-09-20,1.0665468037352386,0.9572854869948225,1.2137012406491754,1.2288563973339934,1.3275156540538782
2019-09-23,1.0652328117627012,0.956788415847471,1.2142503531258106,1.2290918394325205,1.3266675198962032
2019-09-24,1.064813493308335,0.9564184478159912,1.2136855758100638,1.2282158094592812,1.3267062921109638
2019-09-25,1.0655870986509148,0.9545811439621122,1.2114747767719436,1.2239596632768093,1.3244800249748627
2019-09-26,1.0656681010722098,0.9532166104816092,1.2090636984223366,1.2212814234692815,1.323317813925776
2019-09-27,1.0611178907487648,0.9470298722121064,1.2052251189644179,1.2199651250343437,1.3258107596084685
2019-09-30,1.0591583048472824,0.9462380759664483,1.202811480863532,1.216404823063188,1.3247702952679627
2019-10-01,1.054798703486927,0.9417348974340415,1.1981844401975261,1.2108215385809602,1.319654094423035
2019-10-02,1.0607290453310771,0.9530240716672018,1.1979854817932767,1.208728511398849,1.3168166862513964
2019-10-04,1.0335474262355673,0.9392219736774233,1.173646722559941,1.1870000184480312,1.283992855297507
2019-10-07,1.0320752677136877,0.9374316817074452,1.172611731064861,1.185128344727697,1.2766708300303917
2019-10-08,1.0370820729173131,0.9379263575437934,1.1742996507814998,1.1754114282200188,1.2815701447420509
2019-10-09,1.0369449092758447,0.9347311641698595,1.1781317473404607,1.1808962680746806,1.283698763204218
2019-10-10,1.0368891193030116,0.9346965876326304,1.1781912597142135,1.180832899105415,1.2834613940400232
2019-10-11,1.0347674024413818,0.9328294199137763,1.1888343682445357,1.1811239837435439,1.2403446206747637
2019-10-14,1.034193478074695,0.9335243383334086,1.187967883643143,1.181815463619234,1.2431269107247211
2019-10-15,1.0260451677531552,0.9285178308764154,1.1847810807010606,1.1770037203332258,1.2478957815574614
2019-10-16,1.027948248329222,0.9310305003681054,1.1810151655428722,1.174979227145125,1.2514173306979943
2019-10-17,1.0225353258879835,0.9359529119603511,1.1772720873186229,1.1771613296326873,1.2405354188792517
2019-10-18,1.0229603441106558,0.9355631433656482,1.1781792711260841,1.1774656979707792,1.2376157280250029
2019-10-21,1.0236600485721745,0.9353704459338136,1.1786095291931615,1.1779213149193122,1.2379928366510655
2019-10-22,1.0213739832295354,0.9346152401767663,1.1783398191537189,1.1767857520850857,1.232795877117237
2019-10-23,1.0207566630795442,0.9325109672769559,1.1782425883932774,1.1711388782337118,1.2356142453421834
2019-10-24,1.0220765405654364,0.9330578715187684,1.1794390026137886,1.1723098056551873,1.237649554533186
2019-10-25,1.030960857354945,0.9344374519326739,1.1961866887680832,1.1873783187219746,1.2440627840122196
2019-10-28,1.0313832732012829,0.9347464984854599,1.1964439484862899,1.1875543423601678,1.2443291275753787
2019-10-29,1.0308380412779143,0.9350035038944968,1.1972064847957868,1.1887990926079266,1.243826705097245
2019-10-30,1.0235346266069223,0.9410742014857085,1.189650953772215,1.186966583770442,1.2420684621074252
2019-10-31,1.023573439797368,0.9438934497365477,1.1934666530393303,1.1948372778812308,1.2375115307353717
2019-11-01,1.0240111079735887,0.9433713638895644,1.1939854141060922,1.194790762103506,1.2372563865858184
2019-11-04,1.0217416926740952,0.939282477176293,1.1940075759988331,1.193742831157078,1.2345310509994571
2019-11-05,1.0220957871638134,0.9449054187911047,1.1974152914066298,1.2019119312708522,1.2356507033132897
2019-11-06,1.0151221998516555,0.9428882940089102,1.1939868358173988,1.1985933604084196,1.2452689302103432
2019-11-07,1.0167658120631187,0.9508636800565166,1.1895264214284156,1.1914964329977222,1.2448807340340189
2019-11-08,1.01210078625961,0.9519673883027595,1.1851198322644914,1.1850557229799932,1.239926096342473
2019-11-11,1.0145533999235592,0.9553533181398642,1.1878184373113314,1.1840596590722146,1.2397738667778126
2019-11-12,1.0097321197388824,0.9537766442940244,1.189074831655413,1.1862426341914816,1.237939448381354
2019-11-13,1.0259088988817278,0.9577098837171361,1.1925619648080252,1.1970867891421242,1.2343963288919957
2019-11-14,1.0172889298105756,0.9432985374634758,1.1789492502170358,1.1933220516900638,1.2554990570426876
2019-11-15,1.0187361144801919,0.9341848641951482,1.1739536964768256,1.1892398697580735,1.2534655878266199
2019-11-18,1.0191185083855197,0.936788334403991,1.1744643533654324,1.1890008536593295,1.2554944110042965
2019-11-19,1.0177227884072775,0.9311550116495303,1.1733901725793294,1.1875206398563054,1.2466858969995545
2019-11-20,1.0224458899737139,0.9577761002366016,1.198367897783049,1.1956951856335352,1.2482357039053207
2019-11-21,1.0278591330849296,0.9597670440600508,1.21058593451797,1.1972744729304878,1.2397712271140804
2019-11-22,1.0274671005489022,0.9565171661932397,1.206308068740329,1.193761113376877,1.2372769473392968
2019-11-25,1.0261180476895537,0.9526410163709824,1.2003283376219818,1.1876375529144123,1.2378423046480709
2019-11-26,1.033044683521524,0.9579367578023086,1.2092992348289526,1.193097620703939,1.2360714068781125
2019-11-27,1.033353634640079,0.9514591579267253,1.1999603427951302,1.1824577157545628,1.2327842205373154
2019-11-28,1.0329194530656691,0.9514288023360621,1.199514504581202,1.1817247064958767,1.2331154879093853
2019-11-29,1.03527785406184,0.9557978613770628,1.2007757275360647,1.1806561456523796,1.229134535432358
2019-12-02,1.0355714088980676,0.9613679116247172,1.204502498098657,1.1898843503727137,1.2273183078976484
2019-12-03,1.0614117816727808,0.9821514849941541,1.1937636961100708,1.1950939025767051,1.216336347195382
2019-12-04,1.0648774817914963,0.9893686374892467,1.1813024014595945,1.1969250269438778,1.2147282600919482
2019-12-05,1.061115811381585,0.9967691774042241,1.1792593391735404,1.205384659553635,1.1990286436201547
2019-12-06,1.0607150500664109,0.9943595570538518,1.1790833790257869,1.2002852279200071,1.198602289904962
2019-12-09,1.059166828162036,0.9940112937051592,1.1796042582352304,1.200242252686394,1.1970329853077877
2019-12-10,1.0469160281857772,0.9924245897111943,1.167838144884174,1.174810965176853,1.1902954834079922
2019-12-11,1.0506028057670667,0.9904844854048714,1.1666464413593511,1.1731303741116001,1.1884037195115318
2019-12-12,1.0410865995632586,0.9901115950460138,1.1682859277340003,1.1740568486847422,1.1748300653077781
2019-12-13,1.040877681133173,0.9927418795199158,1.1721623307274431,1.1783340588102316,1.1779076999362796
2019-12-16,1.0333201135057382,0.9851093088833878,1.159547555571133,1.1593219202890424,1.1795951783737695
2019-12-17,1.03585481464752,0.9970230175664544,1.1754614499303844,1.1792418098628386,1.1884213029189066
2019-12-18,1.0388727614080036,0.9910913629863537,1.1766235906649718,1.1635568334556916,1.1789008574843098
2019-12-19,1.0413465726769848,0.9954411934610606,1.177501581308953,1.166709660431643,1.17244580170634
2019-12-20,1.0504685302450463,1.0004282648764558,1.1848380753564065,1.1665044647804976,1.1612016783599612
2019-12-23,1.0511421363096387,0.9965656623729033,1.1815368228035596,1.1637953242667303,1.152976559840669
2019-12-24,1.051888540600547,0.9970578940984024,1.1827034822404812,1.1646046409728001,1.1529832781873801
2019-12-27,1.044882447578298,0.9965902903285854,1.195078934601065,1.1747536908139278,1.1790095919845756
2019-12-30,1.0345739049866847,0.982892044954286,1.178595909566724,1.1611066979685547,1.1712714241463544
2019-12-31,1.0306022843924645,0.9729066205803678,1.157479330470793,1.1404552045257221,1.1536976645869865
2020-01-02,1.0256122815293098,0.9687818979545414,1.1522132667216238,1.1314947181660877,1.1550784358881299
2020-01-03,1.0269610060991339,0.9691809194007064,1.1436790040849452,1.1260440455137177,1.1411350122942971
2020-01-06,1.02810127839591,0.9707319255734159,1.144537845315039,1.1260303463812966,1.1409466502354602
2020-01-07,1.0346207635103963,0.9730021479919942,1.1452793438628959,1.1225690911509056,1.1411419991726597
2020-01-08,1.0396276979755477,0.9719443929841864,1.143071277645267,1.1209450688510678,1.13648755994902
2020-01-09,1.0482595365990945,0.9701330052628817,1.136219852991238,1.1137066348022544,1.1328841179040927
2020-01-10,1.0510165171714274,0.9682059379739345,1.1353775620722404,1.1136874144908375,1.1332513301539517
2020-01-13,1.046983372242063,0.9674002854052267,1.132773152501053,1.1139640487997906,1.1330652184413272
2020-01-14,1.0468371709422322,0.9660033917747121,1.1267192877635923,1.1135256978059354,1.1342541411843248
2020-01-15,1.0457349463519245,0.9685842044542086,1.1304469835855564,1.1130116450968672,1.1296365620948876
2020-01-16,1.0482017741683551,0.9692267007100702,1.1298155448716167,1.1117411625196023,1.1316043725100597
2020-01-17,1.0464400382582433,0.9697355914593919,1.129802469535467,1.1103459357429057,1.1307020880656231
2020-01-20,1.0456340582256547,0.9707664617910214,1.1307596189150448,1.1104741030217435,1.130087223961399
2020-01-21,1.0468472636743877,0.9696077230425231,1.1296664549570825,1.109432112026934,1.131812283731094
2020-01-22,1.0446433545002436,0.9592931776254782,1.1172383465154052,1.1039233156135877,1.1300850344398943
2020-01-23,1.0408282026554294,0.9558607484082919,1.1134238012088082,1.0985956066692821,1.1302744983453044
2020-01-24,1.0403799292089142,0.9558751117009264,1.1129735677010997,1.0972461159760507,1.1277348421985764
2020-01-28,1.0449875505823107,0.9542783733290633,1.1110641960438326,1.1008294040120536,1.1402398082933993
2020-01-29,1.039437899058148,0.94712376741775,1.102804702510872,1.0924657198346064,1.1375695754759216
2020-01-30,1.0355211623052503,0.9452917637202574,1.1005147661956756,1.0912929969141558,1.1338064733893778
2020-01-31,1.0295243485568644,0.9403740803736456,1.0920818702629005,1.08601045777361,1.1339666366503605
2020-02-03,1.0233880463210663,0.9418021378182054,1.0892144059059115,1.089333558770378,1.140280292977847
2020-02-04,1.0207920483427448,0.939997093216418,1.0857954990880743,1.089874540382861,1.142436969234748
2020-02-05,0.9724548657272686,0.9051206160709828,0.9976677973766426,1.0184386119957831,1.1563686691597197
2020-02-06,0.9772345259185403,0.9123115093011654,1.007504749476385,1.02383719273013,1.1546592843100185
2020-02-07,0.9653019662975988,0.9092312520414427,1.0003372413651093,1.017948334079162,1.1454446890312053
2020-02-10,0.9704395856453858,0.9084989896813962,1.00048222170987,1.0199158207023025,1.1428695715643435
2020-02-11,0.967449280286091,0.905004620489908,0.9975513615484645,1.0181547602137249,1.137759579065684
2020-02-12,0.9820700519154519,0.9083581059089701,1.00009071172433,1.0205966628820873,1.1387142251298834
2020-02-13,0.9826285052930952,0.9125234548787686,1.0034039320611265,1.023378321574092,1.1437650917272293
2020-02-14,0.9873846624930043,0.9196386813723694,1.0048483132267878,1.0239696370484022,1.1404445193771764
2020-02-17,0.9893077901705601,0.919962952295972,1.0050493126907845,1.0236398384393302,1.1406875099091367
2020-02-18,0.9879926900018141,0.9208333986218932,1.004271624738314,1.02452859625132,1.1398820401228982
2020-02-19,0.9836568765073804,0.9172765544534044,0.9994184040653193,1.0207637753251713,1.1403472651558675
2020-02-20,0.983416582726949,0.9169946599677509,0.9983992615247336,1.0218542993785629,1.1409606348275168
2020-02-21,0.9718637155880412,0.9158173085182538,0.9919476533531819,1.0116607807598472,1.136739462613188
2020-02-24,0.9467654261855379,0.8996611955194271,0.9729850740372499,0.9956135393945451,1.1624858629402914
2020-02-25,0.9463623666781092,0.8965717077924358,0.9741431171488523,0.9859828733192568,1.1458953821153222
2020-02-26,0.9380155440875716,0.9000299743353564,0.962573314458694,0.97789656703973,1.1418078875292252
2020-02-27,0.9399656174016983,0.9030184295659132,0.9653790679278398,0.9853895787832251,1.1453684234222568
2020-02-28,0.943098801047912,0.9043684257339386,0.9560542647449547,0.9731567086622723,1.1349261242081548
2020-03-02,0.9480365929195413,0.9156022709814676,0.9628563825346476,0.9805274951975669,1.1336695065431228
2020-03-03,0.938701168657499,0.9062275660555441,0.9556366497960325,0.9732689550382255,1.1367010119578937
2020-03-04,0.9508898626814914,0.9333731405611307,0.9735184737055279,0.9920645171868036,1.1388508728307003
2020-03-05,0.9379392167694138,0.926773903260449,0.9651894589248811,0.9873712596236399,1.1555697445246096
2020-03-06,0.9587244509534013,0.9801787221107684,0.9888532231461298,1.023681440122098,1.172176085647099
2020-03-09,0.9346560811066276,1.0243464563967495,1.0328563857707969,1.0500637316790404,1.1492266161910865
2020-03-10,0.9810998722373001,1.0484316910445761,1.0642451786460236,1.0658480000271222,1.1538683697626197
2020-03-11,1.0312387832364698,1.0873179774705173,1.0858393586333543,1.0917252492517984,1.1597299306123994
2020-03-12,1.0388525765586327,1.0955752275950248,1.1062946259249873,1.1033803601206178,1.13532070082221
2020-03-13,1.0471101191032937,1.0473245391796293,1.0666187196278334,1.0764755122533318,1.121708948072208
2020-03-16,1.044533916600285,1.102384824148072,1.1008947096039403,1.125656188623442,1.1504097567213527
2020-03-17,1.1434612764457206,1.108041753746684,1.1229870673458573,1.199313252768223,1.0839238339852724
2020-03-18,1.1188946587039639,1.1055055930176023,1.1304295553692834,1.2256124390125684,1.1642228623537525
2020-03-19,1.1252052006396513,1.1419444926480964,1.1631100176070046,1.2643412292094869,1.2264823153524285
2020-03-20,1.1208180275319897,1.1532212131084718,1.1760429348263932,1.2741420756461084,1.237522277062551
2020-03-23,1.1557092334883803,1.2057135471802238,1.2183643120634642,1.3262692688949085,1.3285510128564553
2020-03-24,1.157568148596638,1.196601518631187,1.2010757679128008,1.3234199600787069,1.3740337141787402
2020-03-25,1.1876803580376822,1.22741666269234,1.227823422802806,1.3666332822052616,1.3557242669461227
2020-03-26,1.1717855651900773,1.2248759780666068,1.2206910518332117,1.3567002024749986,1.345543389814173
2020-03-27,1.1776496570911206,1.2236561768236491,1.2262768061351796,1.3586911052140056,1.334572622913249
2020-03-30,1.2063359576520245,1.2162459167400423,1.2263159938388024,1.3474983754690373,1.309396527692986
2020-03-31,1.2090731952324574,1.2021969418021634,1.2119487964676878,1.3357604274225057,1.3007766998269519
2020-04-01,1.2016066795061071,1.1875998021997685,1.1948484935730483,1.3121513330537737,1.2981479785260173
2020-04-02,1.2069821223912076,1.1980811029997593,1.2010573054343616,1.3209001397368876,1.2946385804506944
2020-04-03,1.2075204669765904,1.1992313810151263,1.2039337669043417,1.3213379400586112,1.3000357517854173
2020-04-06,1.1992151814135683,1.200661701165412,1.2060912505711172,1.3153534554232962,1.3230974228604253
2020-04-07,1.2006118276054665,1.2029659322919937,1.2080941503956837,1.3171434686850525,1.3226704635998046
2020-04-08,1.2034588480616049,1.2074399956653743,1.2130327648127088,1.3215833263171168,1.3207859297389224
2020-04-09,1.1984855706958994,1.2105785408396528,1.2156853587421503,1.3319439136408229,1.3335979585724924
2020-04-14,1.1964435044888628,1.2122185652762585,1.2146082727892924,1.329188077955115,1.3333326476505656
2020-04-15,1.1956576857120398,1.2116045646419453,1.2137485724822448,1.327517679753901,1.3335269971065375
2020-04-16,1.195927489896905,1.212830251452939,1.2150682080349335,1.3278704951827838,1.3344198925608084
2020-04-17,1.1920611404164025,1.210966891912826,1.2109197924238992,1.3242867350967218,1.333678199141802
2020-04-20,1.1892991527758208,1.2093480430987174,1.208839457679769,1.3221318553580208,1.323704232095102
2020-04-21,1.186571276853676,1.2066927946618484,1.2060734043653631,1.318197616286696,1.3188014376718298
2020-04-22,1.1867879734974247,1.2078951198695924,1.2059299380069757,1.318421690792067,1.3191501566596604
2020-04-23,1.1866841788893603,1.2078665020882844,1.2052784967880597,1.318792693190247,1.3197347131973214
2020-04-24,1.1862200304375192,1.2076370973538677,1.2050452187006178,1.3183542768612295,1.3176275798896868
2020-04-27,1.1822277269444301,1.203581696762512,1.1916807433616632,1.3092359004028098,1.3222177021889154
2020-04-28,1.182147480598472,1.2041698333310962,1.1917337303876752,1.30935930325313,1.322916783251451
2020-04-29,1.1869722974832773,1.2132728448955257,1.197636305922867,1.316487647470539,1.3245205541226543
2020-04-30,1.1860802974524676,1.2178970420303348,1.1996594206603364,1.309712725630505,1.3234831895545798
2020-05-01,1.1876595984725244,1.197770772983841,1.1974837665914695,1.3108855326085647,1.3167602304136328
2020-05-04,1.1887050053949668,1.2004972513660892,1.199730782746458,1.314115958509111,1.3122006111180253
2020-05-05,1.1881067873248217,1.2035730832202995,1.2017436411647684,1.3137219265017896,1.3145283514593584
2020-05-06,1.188611948323804,1.2047074560834587,1.2026378377541656,1.3146523095742417,1.3145797598751936
2020-05-07,1.1891873571327078,1.2055347590005607,1.2038270976866745,1.3155003639992318,1.3145273624257234
2020-05-08,1.1891583175769431,1.2045412144373513,1.2028738675318367,1.3148251555436339,1.318250162147926
2020-05-11,1.1874447581863241,1.2003363361936317,1.2016323143784522,1.3126836180326484,1.3257781074836745
2020-05-12,1.186493481356063,1.2020808038511341,1.2036954537442648,1.3133798858790817,1.328236624312174
2020-05-13,1.1881819271146261,1.2029261013633277,1.2045916385115796,1.31350068045331,1.3272911684038307
2020-05-14,1.1906227109349414,1.2049740774237658,1.2060857455721867,1.3135445147035136,1.3299030975054686
2020-05-15,1.1907551620604093,1.206080190719613,1.208940738728538,1.3169680668784918,1.3299991553392452
2020-05-18,1.1773000468442851,1.1876916572997154,1.1868007520835788,1.2989528281061384,1.328013620238913
2020-05-19,1.1742764919625142,1.1871594262105767,1.1857988174019356,1.2975613083215052,1.3304157120411868
2020-05-20,1.1744799981409668,1.1874376970664213,1.1856864770437807,1.2977345410512804,1.3302676782724145
2020-05-21,1.1748183318431342,1.187090774861451,1.1852771483855848,1.297451028496138,1.3304972069422298
2020-05-22,1.1746307423472264,1.1875844729626372,1.185442253938698,1.2973757141713211,1.3305173092469458
2020-05-25,1.1686992736055672,1.1881627761287585,1.18460055592635,1.2964662283530446,1.3320388521721382
2020-05-26,1.1707393098170487,1.1963878945186894,1.1966046031906556,1.3052166425033653,1.325475280903986
2020-05-27,1.1709086947952687,1.1974469806440173,1.1964159685650815,1.305569845172262,1.3251102999605566
2020-05-28,1.17325374261395,1.2043003217495845,1.2020702033022939,1.3113776442929062,1.324972822190984
2020-05-29,1.175525156636577,1.2109615181682993,1.2111168770577088,1.3162625232619816,1.325700278800313
2020-06-01,1.1749382439901774,1.2116313787900084,1.2108587895155902,1.316236206058071,1.3210167193481692
2020-06-02,1.17477987013794,1.2113261218345357,1.2102915430474674,1.3159023265385723,1.3222757490868182
2020-06-03,1.1769927722995195,1.2169272064243315,1.2151262285254731,1.3220215716877506,1.3213425732225053
2020-06-04,1.178502456949114,1.2171553396797208,1.2153206862826027,1.322515039537569,1.3214934837459138
2020-06-05,1.1797130071434057,1.2183101631102253,1.2165204140315165,1.323534305976371,1.3211079398732524
2020-06-09,1.1879465549088613,1.2265407813853089,1.2271606163717743,1.3353230438901977,1.3289259662668207
2020-06-10,1.1878107102612512,1.2263767508721721,1.227048465369719,1.3351681267427928,1.3288770681586595
2020-06-11,1.1909404147598786,1.2326236747241737,1.2357884632526839,1.3432034219077962,1.3308149223835437
2020-06-12,1.1898066020772964,1.2332550387372794,1.2381110804063156,1.343964999996811,1.330836486419718
2020-06-15,1.1873039128396696,1.2330583156169517,1.238616947317981,1.3434422427405546,1.3292799179685097
2020-06-16,1.1845461606810468,1.230463046588882,1.2357232245083223,1.340566594231814,1.3349248606291948
2020-06-17,1.1848213503485685,1.2315476968811503,1.2358082473999816,1.3392873497491786,1.3342126081710028
2020-06-18,1.184566319512795,1.2314538325399638,1.2351206917189599,1.338312562485831,1.3335377646535849
2020-06-19,1.1843610495638637,1.2315392464473183,1.235290885442151,1.3377696115215463,1.3334866132607177
2020-06-22,1.1843577881356593,1.2315482787029604,1.235281790967754,1.3377819913141853,1.3333836999175739
2020-06-23,1.1841310565197247,1.2313497060458571,1.2350970048852248,1.337693863385187,1.3334831641389995
2020-06-24,1.184163105205035,1.2310831762566028,1.2348090426357736,1.3372402952992481,1.3334434329109388
2020-06-25,1.1820521711388559,1.2322626265342387,1.2360097423435275,1.3361564649996482,1.3351417872064228
2020-06-26,1.1836579722800298,1.234707596389079,1.240304524017356,1.3385307145591876,1.3349842445535438
2020-06-29,1.1829252633930178,1.234229595916132,1.239029676159574,1.3372541610580166,1.3352048996418535
2020-06-30,1.1822635541196562,1.2324142843646118,1.2378382412488451,1.334924808499813,1.3350293011879983
2020-07-01,1.182639548827689,1.2333629743343926,1.23914516898778,1.3358852237074008,1.3360935117471453
2020-07-02,1.1820299420417912,1.2327269385579296,1.2383385022245466,1.3351233133115195,1.3331553334986628
2020-07-03,1.1819591828561644,1.2321845463344552,1.238012030982427,1.3350602589242517,1.3328636060548338
2020-07-06,1.1816778994666484,1.2325278566661424,1.2381225225254446,1.3354427496173276,1.3316046526018201
2020-07-07,1.1816511083259402,1.2325243475966916,1.2381027912025226,1.335402222485268,1.3315564568992277
2020-07-08,1.1802049670912935,1.2324170082638493,1.2378940027361836,1.3358997325724962,1.3298707678686192
2020-07-09,1.1797479262083672,1.2319631738334509,1.2376995983320553,1.3362990000811379,1.3299365555656715
2020-07-10,1.1792721681506229,1.2323628330277352,1.238275210395871,1.3364940194443742,1.3307221511344047
2020-07-13,1.1805033020213473,1.2333343082896029,1.239144011350581,1.3371691793326084,1.3316509021988983
2020-07-14,1.1803930609731517,1.2329586103238541,1.239059102330042,1.3374386935044187,1.3314840890833315
2020-07-15,1.1784124692064042,1.228877129755388,1.2361013516891797,1.3346837100343945,1.32951987337376
2020-07-16,1.1780760650661883,1.2288062555594437,1.2361737243606732,1.33474243091399,1.3279186779555718
2020-07-17,1.1778856865461633,1.227441099071149,1.2359935064432745,1.3344823643286265,1.3284204009443896
2020-07-20,1.1780180844693366,1.2280315645869089,1.2362689490732526,1.3347660539879986,1.328462350501524
2020-07-21,1.1795993455564888,1.2259357601875396,1.2345297242764015,1.3325105982290175,1.3259413606895687
2020-07-22,1.1778739419812496,1.2238130661225872,1.2320322596660307,1.3307665197462324,1.325379047427139
2020-07-23,1.1774612662211663,1.2237152307546415,1.2313351918364197,1.3303111223541737,1.3250983565499885
2020-07-24,1.1772521367080697,1.2235923265283566,1.2315610165953252,1.3303596880664188,1.3236415228482927
2020-07-27,1.1767197904672761,1.223487621916917,1.2313237821273366,1.3302401935424217,1.3236427653399152
2020-07-28,1.1767795202406066,1.2233773267398764,1.2314167513331795,1.3302795209878413,1.3245230436832944
2020-07-29,1.1760355351010447,1.2230078614053976,1.2307216940965469,1.3298878611899998,1.324581164926437
2020-07-30,1.1754047012955056,1.2222913478863853,1.230205401976148,1.3289125206728007,1.3242175442424318
2020-07-31,1.1764670917168352,1.2222166559670113,1.2319758729841408,1.3273985435911348,1.3223968051090538
2020-08-03,1.1795033250860156,1.2248905980167146,1.2353231085940508,1.3292918330426553,1.3247487191829508
2020-08-04,1.1827087805481642,1.2247452347113565,1.235252125513734,1.3310275906597624,1.32295316166625
2020-08-05,1.1837291518760218,1.22511132212655,1.2349810286689042,1.3305862534714614,1.3229186758556595
2020-08-06,1.1835709010129294,1.225745869404873,1.235659809063944,1.3319882496633677,1.3221180290620436
2020-08-07,1.1831885623237843,1.2256195385803559,1.234909952034506,1.3310334104296215,1.321769749640978
2020-08-10,1.185906967819737,1.2274680582520574,1.2375571824447087,1.3320480416036586,1.3196820012122712
2020-08-11,1.1860219784684924,1.2286356162377732,1.2389178477750875,1.3327279581212834,1.3188215377959702
2020-08-12,1.1866868971009978,1.228586652262183,1.2385073971893306,1.332688296304974,1.3185826798427964
2020-08-13,1.1893026218311857,1.230770961877436,1.2403247645252942,1.336310775815428,1.3200412325767112
2020-08-14,1.1882018580934222,1.2311959405959105,1.2402962104229267,1.3363836581129898,1.319696588150943
2020-08-17,1.1882056151606057,1.233102995556386,1.2420072381478124,1.3373979430695326,1.3163295677201736
2020-08-18,1.1874513601188779,1.2329208074951878,1.24100666689626,1.3379482431849998,1.3170215701840922
2020-08-19,1.18969331093439,1.234249714551208,1.2408570511930852,1.340322564763953,1.3182332554679694
2020-08-20,1.1899745867786566,1.2340465798108302,1.2403958396438952,1.3402219694767443,1.3163553267598695
2020-08-21,1.1901063419435962,1.2342458244884833,1.240403046856285,1.340306147841367,1.3167152589742457
2020-08-24,1.190622856621725,1.2348947970136843,1.2416102177664452,1.3409409083578827,1.3157098062271178
2020-08-25,1.191641301215291,1.2369820655079924,1.2442820631915732,1.3426785396043694,1.3155597061114326
2020-08-26,1.1924546914043137,1.2384459231942497,1.2449264888632674,1.3435722075194543,1.3149223363109745
2020-08-27,1.192156333324893,1.2381291866719568,1.244609365147055,1.3432808144001651,1.3149286732176673
2020-08-28,1.1905239127521927,1.237602135706116,1.2418284079222104,1.3422804861749356,1.3161914324373798
2020-08-31,1.1908762352687123,1.2377062067560909,1.242029989509537,1.3425498685101978,1.3163004968938707
2020-09-01,1.1910648977617673,1.2391690327179166,1.2431044256098682,1.3433056610438137,1.3150176986531534
2020-09-02,1.1889562803471603,1.2372321011717367,1.2418482059357185,1.3414722351967145,1.3129896160449976
2020-09-03,1.1892564847769382,1.238233608743069,1.2427589445093772,1.3422545625353393,1.3131240818723002
2020-09-04,1.1840368442654947,1.234960244540664,1.2397280606481305,1.3381771773277829,1.3096481315339392
2020-09-07,1.1842558805995598,1.23540811035984,1.2403549860439453,1.338749758948737,1.309596517259277
2020-09-08,1.185147572489721,1.237288325716002,1.2418467660887826,1.339119365919194,1.3093273083614874
2020-09-09,1.1848277475782163,1.2365055927725788,1.2426155404843833,1.3390705941935552,1.3066169213595116
2020-09-10,1.1841636472274712,1.2355931547928019,1.2420391616242803,1.3382552402772494,1.3069759543815502
2020-09-11,1.1843402518973707,1.2353181701669615,1.2420145041246484,1.337894931578898,1.3069347516963319
2020-09-14,1.1841940732520853,1.2359263234992883,1.2422559296772122,1.338002851138075,1.3021618237464476
2020-09-15,1.1841645977047082,1.2358733281163998,1.2423137398228856,1.33802096692795,1.302640509392584
2020-09-16,1.1838325542454378,1.2342812024509309,1.2411675970969482,1.3360297559524155,1.301854987247426
2020-09-17,1.1833697206797746,1.2307968758012588,1.2387466995980192,1.3335726708207196,1.2986714150797956
2020-09-18,1.1836307742806922,1.230257936926129,1.2388597614597836,1.3338573945416485,1.2979983287074075
2020-09-21,1.1842168642812103,1.2307932025073567,1.239107704113509,1.3341481729460674,1.298328076392523
2020-09-22,1.1841403231861345,1.2318012214370124,1.2399460602427703,1.3350803515616207,1.2984333312134722
2020-09-23,1.1814233386660011,1.2323620106152615,1.2382929102313807,1.3336870841730732,1.2948636148740948
2020-09-24,1.1807022311004476,1.2312789410021971,1.2377109236039794,1.3329129220151308,1.2946800610260751
2020-09-25,1.1830486053540294,1.2409492528604589,1.248156114542175,1.3405038155374336,1.2914719611561882
2020-09-28,1.183026877688364,1.2411213636689222,1.2482089495140938,1.3407312708723074,1.2912926541408367
2020-09-29,1.1834078120670255,1.2420042524859491,1.248854764061438,1.3418070516060399,1.2917344271015438
2020-09-30,1.1815570157754556,1.2385986661867139,1.246606700064706,1.3399439886707705,1.290772078355522
2020-10-01,1.186283413615796,1.241693458670395,1.2504039668199423,1.3440550977393186,1.2952019823519114
2020-10-02,1.1848229599264901,1.2423124396581053,1.2508180800435993,1.344138500394687,1.2954831699943914
2020-10-05,1.1861250582421339,1.2448594619134126,1.2546233670674245,1.3466349747623847,1.29415031107426
2020-10-06,1.186293166399094,1.245513461084071,1.2548924969003714,1.3465497979938847,1.2941243230814101
2020-10-07,1.1872609128900917,1.2462546714699316,1.2565331211544328,1.3476226385724104,1.2957920919091568
2020-10-08,1.1868771641306797,1.246171329711256,1.2570678203520904,1.347467583567616,1.2954368508895737
2020-10-09,1.187033319590905,1.2461776647578675,1.2571104353527027,1.34747696756844,1.295022751010648
2020-10-12,1.1874415467090174,1.246764093957019,1.2578869485418085,1.3482070321594097,1.2944631399799298
2020-10-13,1.1874495022985132,1.2475757124960152,1.2597812726114228,1.3505877335841532,1.2942037705470126
2020-10-14,1.1880993258384371,1.248674996685526,1.2605062338792514,1.3510722852214272,1.2944834731698576
2020-10-15,1.188291615491767,1.2489934860417466,1.260412671070252,1.35095057386536,1.2951232618879929
2020-10-16,1.1879311267930837,1.248539267700984,1.2603095357624556,1.3506344769916996,1.2939697130226897
2020-10-19,1.1882084688744499,1.248418172898485,1.2599737404698934,1.350551620618017,1.294283231473668
2020-10-20,1.1885177091691759,1.2485064294131496,1.2603205638903012,1.3504922500436305,1.294352056217276
2020-10-21,1.1885855946470518,1.2486700735441234,1.2605748858284473,1.3508361283004746,1.2941238745786998
2020-10-22,1.1888746230227945,1.2488195086914737,1.2607659366886659,1.3511109961201357,1.2941478126615127
2020-10-23,1.1887885016431612,1.248733436710612,1.2606444541797415,1.3509367532014092,1.294124979253361
2020-10-26,1.188812148662455,1.248883419581001,1.2607511258126631,1.3510150476168508,1.2940307622383023
2020-10-27,1.1876149390301256,1.2474979666399035,1.2583687033798596,1.348388124503797,1.291303381651263
2020-10-28,1.1871695410929815,1.247094046665307,1.257899925808045,1.3469696726133937,1.2910321412443135
2020-10-29,1.1846502237324688,1.2460956070656477,1.257777655483277,1.3475850489597698,1.292490180490211
2020-10-30,1.1841438107699895,1.2465882444571381,1.2575317913210213,1.3471976025284549,1.2927019627137128
2020-11-02,1.1836577147733969,1.2468544171596811,1.257572466484453,1.3480849987229515,1.2924530333457138
2020-11-03,1.1821757671605466,1.2429023409078592,1.2517451502664294,1.3451262976348644,1.2928128442978073
2020-11-04,1.1821264142866275,1.2417160215073533,1.2523238573697597,1.34619799701732,1.2933090560807263
2020-11-05,1.1825948439115972,1.2443090788818165,1.2530873672621543,1.345012302033183,1.290311343773673
2020-11-06,1.1816060892529148,1.2441988713348098,1.2521447146536242,1.3449757542360286,1.2916122363917448
2020-11-09,1.1793403393476114,1.2422923668867873,1.2477846772575005,1.3398499839076143,1.2886121171923879
2020-11-10,1.1800691206119927,1.2475517678327253,1.250954469184512,1.3435443861674436,1.2900873399625354
2020-11-11,1.1814555930701067,1.2493441052687686,1.2508173615657963,1.34540254025862,1.2898706688560955
2020-11-12,1.1820173106222147,1.251132104821941,1.2522114017906365,1.3464167986436535,1.2903505117742136
2020-11-13,1.1819553932530058,1.2508800817232184,1.252144436995519,1.3464269584483457,1.2900598289329814
2020-11-16,1.1828163376492005,1.2521549537382288,1.2524152788519638,1.3482191189497006,1.2884461041228128
2020-11-17,1.1834247952914887,1.2502455076744452,1.2505645768613014,1.3484915646199949,1.2877121454732081
2020-11-18,1.1851246274681149,1.2516115778630879,1.2506904613270289,1.349397275371016,1.2874775994682273
2020-11-19,1.1857090524072418,1.2525598272814578,1.252588933845682,1.3501823287518417,1.287409401511604
2020-11-20,1.1855041754643911,1.2529246957383127,1.2531514810817335,1.3504292256892623,1.2875887616785466
2020-11-23,1.1851060524759738,1.253497630159358,1.2523698159824954,1.3507907309801228,1.288610154173649
2020-11-24,1.1856799586487603,1.2560394089003108,1.2552768951160755,1.3535772630234784,1.2866395347342092
2020-11-25,1.1862581532874288,1.2576393616369619,1.256370266050217,1.3552423523073045,1.2867380230638819
2020-11-26,1.1866582255885025,1.2585950551520966,1.2566011183710586,1.3559518176317817,1.287713303760617
2020-11-27,1.1864706146621204,1.258677750468797,1.256692639506056,1.3558782073710745,1.287740838464194
2020-11-30,1.1872650763722004,1.2613669690398044,1.2602542119697866,1.3608819543353867,1.2850231265934977
2020-12-01,1.1872978881531935,1.260317157324952,1.2613385862384934,1.3603357727515148,1.2851095912515547
2020-12-02,1.187777460789607,1.2595483257469968,1.2616169774884853,1.359667895018946,1.2860508120016867
2020-12-03,1.1872852111369954,1.2594692385885686,1.2614835080060716,1.3597796702745502,1.2856506629629705
2020-12-04,1.1874490289770343,1.2597506486915564,1.2615154885667315,1.3602417956237474,1.2862523857663377
2020-12-07,1.1875381403242309,1.2591536625657311,1.2609697493866645,1.3596883409950558,1.2853054317651087
2020-12-08,1.187359254076345,1.259597205821947,1.260886407192234,1.3600581154394817,1.285890429657416
2020-12-09,1.187974119507781,1.2591589017843623,1.25988619513793,1.3588924512768412,1.284546761805828
2020-12-10,1.1875443578622573,1.2577482598397958,1.2589231155223648,1.3579258392986828,1.2837468441808293
2020-12-11,1.1880914608733624,1.2589373508470085,1.2594063624054044,1.3596314663179598,1.284549654342925
2020-12-14,1.188561000001473,1.2591064593243895,1.2594029285636426,1.359837325964417,1.2843564904968825
2020-12-15,1.1888400410019686,1.259246930144601,1.2593943690635883,1.3600216710461672,1.2842202785169743
2020-12-16,1.1888882272590247,1.259046342729141,1.2593178473079707,1.3602396812706745,1.2845642633490542
2020-12-17,1.188280731278992,1.2583734332700869,1.2581769528792537,1.3598228386876123,1.2856839486241773
2020-12-18,1.1889096720604615,1.2593000497216325,1.25845706405447,1.359755790049043,1.2869480750293922
2020-12-21,1.1889746192452482,1.2593419197792193,1.258485962539238,1.3597412675456964,1.2869710601758095
2020-12-22,1.1883989991701656,1.2597812034249314,1.2587591062123744,1.3602710587411762,1.2856570600934634
2020-12-23,1.1885489724330616,1.25935755624618,1.2583658188632372,1.3603214343616226,1.28572071905773
2020-12-24,1.1895752539650724,1.2616490218434373,1.2614632750422028,1.363545174026363,1.2886552172292374
2020-12-29,1.1898015346839041,1.261565051318438,1.2614537242458874,1.363486218742472,1.2884366351336445
2020-12-30,1.190064935781765,1.2617145729429378,1.2613611243127263,1.363603707425591,1.2885253539694455
2020-12-31,1.190275888838311,1.2618539792821704,1.2607437278170919,1.3630765471150752,1.287943579805944
2021-01-04,1.1903842094934236,1.2616008227336937,1.2607217231262369,1.3630351039681141,1.2871616773901715
2021-01-05,1.1903731622187281,1.261624007263767,1.2607273484166277,1.3630169240499799,1.287097266346491
2021-01-06,1.1895265858250226,1.2623526780426912,1.2610351427813657,1.3631046770320236,1.288940514002657
2021-01-07,1.1894674951768327,1.2643299644394277,1.2634678329565991,1.3661195817430247,1.2888404762712373
2021-01-08,1.1899100134851701,1.2648758673594824,1.264059480727873,1.3660464844646782,1.2894408175844212
2021-01-11,1.189642620934361,1.2648848861941278,1.2638720800857892,1.365185106067609,1.2889570593709987
2021-01-12,1.1893141566904508,1.2645503186781022,1.263496275345136,1.3650775436961895,1.2893317365439112
2021-01-13,1.1892264061502897,1.2646310827711844,1.2635301852422798,1.3653275205479702,1.288773102658938
2021-01-14,1.1894836402516837,1.264989365478751,1.2643177441307407,1.366081711299273,1.2889548478653856
2021-01-15,1.189591022571901,1.2649277758369823,1.264301644255517,1.3661002350215505,1.2888849982076322
2021-01-18,1.1894794685653276,1.2659854004404956,1.2641760621440132,1.3666182871038688,1.2883733411372107
2021-01-19,1.1881916869132947,1.267273727700371,1.2659364654531324,1.367115213757205,1.2883583599462025
2021-01-20,1.1880798397447527,1.2672866125750295,1.266051586859168,1.36707042635595,1.2880872378362966
2021-01-21,1.1881940210023898,1.267813772039452,1.2661472271362026,1.3670798532160635,1.2877852881016003
2021-01-22,1.1881531870956341,1.268413702937654,1.2664506753267246,1.3665930490990112,1.2874575136401945
2021-01-25,1.187987607598529,1.2681713242182242,1.2662183793968298,1.3663154886121907,1.2871441009600155
2021-01-27,1.1868112456256206,1.2675771753270622,1.266387651819858,1.3662944248620308,1.2877675805061997
2021-01-28,1.1856561479105698,1.2650389027800673,1.2631713055554428,1.363630266949782,1.2861169608512342
2021-01-29,1.187586685254462,1.2660338308452062,1.2643953760071571,1.3645454197113047,1.2861384609737299
2021-02-01,1.188239651936483,1.2661283188230559,1.2639602957253122,1.3644269975418197,1.2854755958186814
2021-02-02,1.1897199824252167,1.2661540688130424,1.2628124310746045,1.362970463155842,1.284694416354572
2021-02-03,1.189917256373202,1.2669544667037331,1.2627157228613217,1.3639447356956245,1.2840308551245923
2021-02-04,1.190016648311317,1.2660942735604288,1.2617677125586493,1.3629772346443134,1.2835281797995517
2021-02-05,1.1904863046097713,1.2669067829782217,1.2625651307518755,1.3635859909131558,1.2815426787468334
2021-02-08,1.1901867935131643,1.267223398872449,1.263131911160926,1.3634409397872214,1.2818212849988355
2021-02-09,1.1887562990506906,1.2677009359195028,1.2632681226700313,1.364060255013313,1.2736575562912067
2021-02-10,1.1874260815078364,1.2669294713734165,1.262958157541324,1.363409250066718,1.2748781718220064
2021-02-11,1.1864223920752002,1.2657304584316051,1.262628871092982,1.3633173551042412,1.2753866494050918
2021-02-12,1.1859209908535968,1.265497969831493,1.262513623605969,1.3629210612249805,1.2757935613066418
2021-02-15,1.1846471103527267,1.2658072583562825,1.2626786298620896,1.3633463686450487,1.2754217017234926
2021-02-16,1.1852197486902272,1.266149493406772,1.2628735990504036,1.363446355745317,1.275312077568704
2021-02-17,1.186021185841468,1.2657745006022498,1.2601853303897106,1.3622407694402712,1.2754085520604102
2021-02-18,1.186555144171009,1.2659322592336624,1.2605384502443593,1.3627066829513008,1.275445280017201
2021-02-19,1.190615924304839,1.2702989127249213,1.26386436981442,1.3635383023433765,1.2740692842867547
2021-02-22,1.1917256359907846,1.272333446996002,1.264819002195072,1.3658487984902838,1.275714651030225
2021-02-23,1.1952022290679902,1.2746110156990906,1.2688059578624133,1.3688738205532958,1.2767714036411717
2021-02-24,1.1945609091176617,1.2728721987716534,1.2677521625187544,1.3673784205165376,1.2762931570475722
2021-02-25,1.197473552439437,1.2769235906726528,1.2727887143913692,1.3730984814188794,1.2774228428772338
2021-02-26,1.1961522949375585,1.2728726314912553,1.2698445729193404,1.3696294813055245,1.2749671344652065
2021-03-01,1.2000212733573425,1.2741694086558468,1.2699947016209663,1.3697998230435642,1.2740943191216911
2021-03-02,1.1985690937974949,1.2706196245322565,1.2679272011789202,1.3669862894043088,1.2731922454799955
2021-03-03,1.2008479643310026,1.2727059121178068,1.2699751026793467,1.3699132316457319,1.2703346604666739
2021-03-04,1.1975604301891227,1.2626254818932947,1.2659337687067078,1.3625760915571854,1.268422785152581
2021-03-05,1.2172422725030863,1.2681772775385924,1.2709534857360214,1.3732838299290744,1.2814061881394945
2021-03-08,1.2088348478386404,1.265086012081295,1.2658063906347852,1.3732216990087547,1.2818973666409168
2021-03-09,1.1980920963763593,1.2570019247026833,1.2624221249473269,1.3703412118807907,1.283319249850579
2021-03-10,1.2077209398671165,1.2662282284810031,1.2669149417584433,1.3864981987106677,1.3022488694111316
2021-03-11,1.2091431708412588,1.291080597984161,1.2880289179982332,1.4062560030258302,1.3119364060715564
2021-03-12,1.2347707802109356,1.2900863198287456,1.2966143216888417,1.4216878287015395,1.3224682290146512
2021-03-15,1.176300486400956,1.2980060722232831,1.293155646713803,1.3878763135792278,1.3783978594469002
2021-03-16,1.2014193288558699,1.3127667514882455,1.2979525628177968,1.3773039586479598,1.3297080695800627
2021-03-17,1.1971685028062597,1.281785892217543,1.2695383723578904,1.3433874203571388,1.272639495419078
2021-03-18,1.2009392682558764,1.2750541850018238,1.2617326519375445,1.3372658626330145,1.2646929349712517
2021-03-19,1.170888627724636,1.2256442700616186,1.219790998321347,1.2836610329220517,1.1709068607351485
2021-03-22,1.1692971274907247,1.237447609925656,1.2379078469234337,1.2843503539430348,1.1225873231216212
2021-03-23,1.1342549435719353,1.2058162097569352,1.2109805775451383,1.233516213985204,1.1290675477025902
2021-03-24,1.1525632662168521,1.208022278216418,1.218128169458045,1.2432563719842356,1.1382661907202951
2021-03-25,1.144678217198282,1.2080920560286588,1.20979518366649,1.23206047173753,1.136670157235704
2021-03-26,1.0911511912681735,1.2202938564310715,1.2098566569440636,1.2369018536453869,1.1552215502929053
2021-03-29,1.0847423186908973,1.2467311542386297,1.2351627993963312,1.2572173532415278,1.1698216108883999
2021-03-30,1.09140554612885,1.2739733281594612,1.2630365409395026,1.2920582738603377,1.1699441291023494
2021-03-31,1.0814665631877087,1.254233101541875,1.2506767709016986,1.2740770333635192,1.1753879849655553
2021-04-01,1.0805433419444936,1.252005931193644,1.2459004246745071,1.2723701972576171,1.161649825026762
2021-04-06,1.0878402452396687,1.251346231251246,1.2453103304893347,1.2814290134062614,1.1096334368466516
2021-04-07,1.0870323099686625,1.247707760820702,1.2431979551601897,1.279231395611035,1.1105470841176535
2021-04-08,1.0787156373774085,1.2357855609812232,1.2306243504132997,1.2668567995227114,1.1145774295936164
2021-04-09,1.084015870139427,1.2317562420013968,1.227247512363897,1.245680912648607,1.0816692343571226
2021-04-12,1.086799260360724,1.2283848626217546,1.2287594379432683,1.2502206579854627,1.080892697592532
2021-04-13,1.085640707960477,1.2299461252062116,1.2295785096053593,1.251431575127962,1.0801224291228284
2021-04-14,1.0844030067029964,1.2243502998760132,1.224312797832523,1.2479424004096968,1.0766440395535486
2021-04-15,1.0905886858494849,1.227886228158107,1.2318045478210233,1.2542011488459417,1.0781851687916972
2021-04-16,1.09620600436668,1.2323387429510462,1.2378962335348018,1.2581902309846158,1.0972397585790081
2021-04-19,1.1006345904062043,1.238231255473135,1.2438823821413119,1.2649517609675702,1.1042765521676083
2021-04-20,1.1024554279493044,1.2386757990509496,1.2435446408405915,1.2659656638759973,1.1044014651137721
2021-04-21,1.1010002375644006,1.2390366416111183,1.244294900955429,1.2666904869146374,1.1035924774294628
2021-04-22,1.1019106943072972,1.238590402607035,1.243391614695003,1.2661280590541368,1.1052529404967524
2021-04-23,1.1095906804302904,1.247336489364615,1.2718366933550984,1.2855549110586773,1.0940404196122169
2021-04-26,1.109501089838705,1.2439285143763648,1.2734932484859565,1.2857827076849835,1.092961736320752
2021-04-27,1.0978152996917796,1.2240701150660775,1.2592364721959364,1.2662885266713564,1.0894257713266955
2021-04-28,1.0985135227565748,1.21626890656136,1.254751012661471,1.2790558252488762,1.091252537925943
2021-04-29,1.0852325598391943,1.2698372259432584,1.262600773344174,1.268977486115644,1.086911619554361
2021-04-30,1.0852305148753345,1.2674293679022564,1.2576859046938755,1.2652573441366455,1.090526437835095
2021-05-03,1.0862927266219817,1.2608647195913483,1.2530811395140375,1.266858669172019,1.083770310661134
2021-05-04,1.0857405640857924,1.2560013433796968,1.2482824506302428,1.2618229333074351,1.0818868630180567
2021-05-05,1.085155753545077,1.2525125820376506,1.2441730900879568,1.2545777515425827,1.0826552079025173
2021-05-06,1.0837214955184205,1.2601166240512809,1.2443766201463642,1.2576003195418073,1.0773546520901067
2021-05-07,1.086700789583316,1.2707101834900305,1.2484116535244767,1.2630238130108105,1.056720211479722
2021-05-10,1.0874786526978584,1.261066082425551,1.240637450861551,1.2574577638949098,1.0367185541786945
2021-05-11,1.0841784822589648,1.25997361908678,1.2409541578879473,1.2572648926207977,1.0392967232428503
2021-05-12,1.0688760299406224,1.2572066946095193,1.2399874656251788,1.252417504181192,1.0315275286575456
2021-05-13,1.066248374076064,1.2553783725625367,1.2352688602263358,1.2455979650081426,1.025337508004846
2021-05-14,1.0745397864924344,1.2671686271437677,1.2482774165892816,1.257869166505647,1.0351010422468192
2021-05-17,1.0797579936827932,1.2690108717927857,1.2496948070504426,1.2602116805954082,1.0244408369082674
2021-05-18,1.078059024259156,1.269522578647195,1.2489242620789742,1.2612123984138381,1.0283889325286881
2021-05-19,1.0796432557626363,1.2620685590337586,1.2391671851552355,1.2541599545921116,1.0338855919164176
2021-05-20,1.0885891468837439,1.26136506690025,1.2377694027504842,1.2554197943844756,1.0275348487970142
2021-05-21,1.103869289167,1.2626215612798968,1.2429404314855228,1.2593314453133209,1.018451840734268
2021-05-24,1.0976021983974387,1.2423386320387104,1.2148443990740916,1.235760540941179,1.024850132866623
2021-05-25,1.0997958002564872,1.2460117793109196,1.21869641233603,1.2404297936492918,1.0313108314029957
2021-05-26,1.096206777684193,1.2312455613167355,1.2045059781386223,1.2265582302076912,1.0303994382379296
2021-05-27,1.087348965516019,1.2090133900930464,1.1741880262366016,1.208564789492934,1.02500697673619
2021-05-28,1.0925473385462097,1.2111032487188698,1.1761741190574737,1.2088884558061652,1.0243002407111765
2021-05-31,1.0935836960252645,1.2120955652220191,1.177096256764785,1.2097855811082399,1.0228778812450872
2021-06-01,1.0856392786881257,1.1968735530765695,1.1631452970596297,1.1927294649792215,1.0201720431048205
2021-06-02,1.0801354942000647,1.1935778678703928,1.157678156558005,1.186687830212933,1.0190391421620497
2021-06-03,1.0802550879561719,1.1934469341377658,1.1578692356520746,1.1877150975352002,1.0183041391185355
2021-06-04,1.0589161488738041,1.1743935264575198,1.1310699484739752,1.1578327199940248,0.9911169654971969
2021-06-07,1.059340281106244,1.1774421081633948,1.1317910457994793,1.1589779258149744,0.9912830800355267
2021-06-08,1.0422837386015396,1.15261567754951,1.095737030491023,1.1220282693153882,0.9713881700665861
2021-06-09,1.0446848867977094,1.1500412336012538,1.0852613842206795,1.1149480886647578,0.9679627537098322
2021-06-10,1.0519405499477714,1.1476720400168352,1.0789493735479083,1.1102515134612587,0.9687115112275616
2021-06-11,1.0512106102849736,1.1543775492062123,1.0822068605306148,1.109172805924743,0.924342963246045
2021-06-15,1.0560189820065395,1.1546334088071726,1.0841576565805098,1.1153682552938233,0.9277870097365077
2021-06-16,1.0562848340360114,1.154900639812736,1.0869791719161441,1.117847339633622,0.9268803802033254
2021-06-17,1.0534277909493346,1.1529539376572346,1.083087856713797,1.114966870374644,0.927470998063778
2021-06-18,1.0531934455135148,1.15291212104084,1.0830926628054773,1.1150089252573536,0.9272457354121953
2021-06-21,1.0853621013404102,1.15015004733476,1.0908331197813612,1.1255757401233588,0.9317160649356084
2021-06-22,1.0888021738599545,1.1467374624871118,1.091591990568675,1.1285141688738383,0.9340858420482702
2021-06-23,1.0943414301353922,1.1408644922330384,1.084984053144045,1.1266376148079618,0.9163733876692978
2021-06-24,1.090191373179991,1.1358608896394577,1.075780064866024,1.1194161587774956,0.9150568527204537
2021-06-25,1.0948321005113633,1.1360308748442718,1.07860129169502,1.12233239053783,0.9094995103851833
2021-06-28,1.0971763400614898,1.1432015463715484,1.0834141988964445,1.130785727586567,0.9061379700394576
2021-06-29,1.096867863243913,1.1403623282616708,1.080421749192965,1.1293618382381825,0.9026715547044224
2021-06-30,1.0976285460366848,1.141365649020464,1.0806777594837187,1.1287614963238546,0.9069664156853363
2021-07-01,1.099291678167596,1.143743294408901,1.082152883085184,1.129570244353911,0.9095591058733911
2021-07-02,1.1015258982643985,1.1458167668333938,1.0810970097538561,1.1316096720965276,0.9198555522567504
2021-07-05,1.1013565385553192,1.144729771363628,1.0801973695490685,1.1306559464932489,0.9193937755325267
2021-07-06,1.1061780021497232,1.140199834643337,1.0771761768925598,1.1247817944997243,0.923271765094129
2021-07-07,1.1087202696347336,1.1397948163777576,1.0761671918037279,1.1228687778090596,0.9228834143155605
2021-07-08,1.1116359787319336,1.1377113611844099,1.073005122707741,1.120740491539071,0.919449495490939
2021-07-09,1.1047629076284966,1.129980042338223,1.0662709286954106,1.1116713887554315,0.9202245192765901
2021-07-12,1.1013466672854806,1.1265578883804834,1.0620027305504185,1.1047926328312332,0.9193168098925527
2021-07-13,1.1084127583342998,1.1424858166825744,1.073623655215523,1.113097239629964,0.9182770265888105
2021-07-14,1.110754940012866,1.142509521337082,1.0717987937371831,1.1109430703843337,0.9231751016959433
2021-07-15,1.1119523893108882,1.144216901692243,1.0733969746905574,1.1125565425286525,0.9243042546994552
2021-07-16,1.1108631775514013,1.1406657469493013,1.0710485601481148,1.1101561325717497,0.92416179738409
2021-07-19,1.1028815073540155,1.1485755197517256,1.075791818547426,1.116108668625735,0.9212426355540108
2021-07-20,1.1091214493904744,1.1537864688795536,1.0819543023833402,1.1188991641437351,0.9237677607260701
2021-07-21,1.110002716202939,1.1538253665955496,1.0821642261861362,1.1204168168681883,0.9263354773470274
2021-07-22,1.1115623538928512,1.1524016644324566,1.0752252341302786,1.1171420433122505,0.9313036868038507
2021-07-23,1.1126744982657062,1.1532060169257259,1.075953586357993,1.1180404596864892,0.9309082910882368
2021-07-26,1.1126842159730173,1.1536616884302606,1.0733434638946606,1.116747642403911,0.9273814906448822
2021-07-27,1.1170504307720879,1.1555728772964384,1.0761677054314593,1.1210274432388478,0.9256374291474537
2021-07-28,1.1218694986677271,1.1579779280129752,1.0807569128468382,1.1256529655157017,0.9256356866386081
2021-07-29,1.114783833798054,1.152339824091105,1.0657699690226807,1.124295274036198,0.9235536267431462
2021-07-30,1.1124126633572917,1.1475184056151106,1.0628085600111807,1.1212759743063665,0.9224604042548666
2021-08-02,1.1147018860319553,1.1631188501470415,1.0692900295949113,1.1278449791947205,0.909058296166387
2021-08-03,1.1180826477323231,1.1614129409634024,1.0691061816620544,1.1298595817804578,0.9101918626043147
2021-08-04,1.1211327752145266,1.1608016679266702,1.068675875224912,1.1288558828863058,0.9099696929997269
2021-08-05,1.1226353506026552,1.161453237127167,1.070916171691659,1.13203141346383,0.911369083115382
2021-08-06,1.1094006649500754,1.1539851209266063,1.0588529140247134,1.1264845712035996,0.9136624382095205
2021-08-09,1.1080453230857472,1.149867087911663,1.0540376697074212,1.123517627789197,0.9147012588861919
2021-08-10,1.1090519005259327,1.1519936388426515,1.0571843081776857,1.1249879631031416,0.9152559240633796
2021-08-11,1.1022651567366546,1.1492373879597664,1.0547060856555996,1.121629354668617,0.9140904419905179
2021-08-12,1.1072069961031432,1.1480889597999353,1.0552350723801425,1.121592255877709,0.9143211304575609
2021-08-13,1.0983209588755642,1.1414864018688753,1.0488147150742433,1.113982905417169,0.920666810812591
2021-08-16,1.1066145258319748,1.1456264277863153,1.064532422839095,1.13010758177426,0.9216092604441448
2021-08-17,1.1050133182567572,1.1432516712570417,1.0653595298540848,1.1221367892209662,0.9198607884972634
2021-08-18,1.1025722010920358,1.141124764620653,1.063369889515001,1.1198995354229817,0.9276739976380579
2021-08-19,1.1017720703392488,1.1407387662250021,1.0616751900678598,1.1192071624443396,0.9217269137252007
2021-08-20,1.1034374868692378,1.142353428590266,1.0632419826677715,1.1193863758172495,0.922462717201452
2021-08-23,1.1003953490979361,1.1326734831423013,1.0535094660635758,1.1122751036614835,0.9212819742973373
2021-08-24,1.0982755469543075,1.128897706859586,1.0508617902564654,1.109185591871388,0.9256849571168648
2021-08-25,1.0985820846563699,1.130302932419173,1.0522163058599778,1.109357532623843,0.924634632686903
2021-08-26,1.0991327374367883,1.1388799053508887,1.0615782412348347,1.1143596712448534,0.9243489349863803
2021-08-27,1.0970269010195353,1.1388993816845037,1.0617184572082345,1.1138434998059157,0.9233701948264051
2021-08-30,1.092534765877438,1.1273005135014258,1.0502392973000583,1.102933389090358,0.9231016708000462
2021-08-31,1.0999057658470817,1.1368997210281575,1.0539643910042014,1.1066741476598927,0.9242535505426366
2021-09-01,1.0994583142615932,1.132288565172456,1.049840731768804,1.1028475574334995,0.9192050382413443
2021-09-02,1.118519438371334,1.1347439551848508,1.0501859839156358,1.1062941758096947,0.9084903875360787
2021-09-03,1.117361827086319,1.1334560016533854,1.0465257985966119,1.102434651351467,0.9087793356020774
2021-09-06,1.1149338040883656,1.1313767321391457,1.044034194184157,1.1022955986482796,0.9082586488945756
2021-09-07,1.1126483735735222,1.1282273104379454,1.0269543297095889,1.091997940876343,0.9114005518232259
2021-09-08,1.1125219357232439,1.1300859976532265,1.0287814164113143,1.0952946927340783,0.8991511388657455
2021-09-09,1.11285428250434,1.123268355099759,1.0269471492163391,1.0921112149840597,0.9032092035262093
2021-09-10,1.1136351996090328,1.1198221191940583,1.0252919487955108,1.0911521273768214,0.9202299323319568
2021-09-13,1.111576543490324,1.1169417348517088,1.023267256779689,1.0888103461285832,0.9189931912282044
2021-09-14,1.1128932301031242,1.1249241888970887,1.0288423506307307,1.0980344214297453,0.92129649394528
2021-09-15,1.114513953743962,1.1433069146339145,1.0401214846150724,1.1098573654024353,0.930144887149091
2021-09-16,1.1147260797314344,1.1420982790627852,1.0383977024543198,1.1072453892088323,0.9385174391318218
2021-09-17,1.1070610617803236,1.1401260825320552,1.032985726982833,1.1034235705470778,0.9311436079816838
2021-09-20,1.103971342380552,1.1277849619056486,1.0280559092462822,1.0929323666476498,0.9528580734595204
2021-09-21,1.1154308468796565,1.1247144129943258,1.0336469186959674,1.0980655132596002,0.9582681115941828
2021-09-22,1.1177477362312156,1.1300515796397768,1.0349061319186668,1.1022163455202767,0.9599749029534275
2021-09-23,1.1060561994258646,1.0790215719484033,0.9784638668796485,1.0592967517274159,0.9841240515606846
2021-09-24,1.1007865096229983,1.073627848879657,0.9734657877970954,1.0558146961389172,0.9809383484947876
2021-09-27,1.10689834009526,1.0735552971279827,0.9732532447244678,1.057239219908965,0.9830534915903948
2021-09-28,1.1009832005118723,1.070013149839483,0.9697198365565198,1.0519479481391638,0.9645871235857452
2021-09-29,1.1060036846678079,1.0729565960846643,0.9699886965796122,1.0485961178085184,0.9725265375729556
2021-09-30,1.1086964692467838,1.0684039827174086,0.9781003862491136,1.047836341883808,0.9781425375418012
2021-10-01,1.126297898697607,1.0491132878063196,0.9553326605033783,1.032312343151858,0.9868287086241387
2021-10-04,1.1549611494713141,1.053334997208208,0.9611988276618433,1.0378582468777613,0.9820030191184123
2021-10-05,1.1480645629398454,1.048123496991301,0.9519698972358606,1.0318613417313196,0.9683676084335069
2021-10-06,1.1580408584754331,1.0521170527062695,0.9504810151905666,1.0342873609947358,0.9622842369281319
2021-10-07,1.1538582605708174,1.055079519323678,0.9533629299704528,1.0351866729847237,0.9661638912665325
2021-10-08,1.1514546228338087,1.054311624110176,0.9437857900467806,1.0288669237366845,0.9678745253583135
2021-10-11,1.1515896443629785,1.0491880803156743,0.9350668769114788,1.017187173326838,0.9686818325523608
2021-10-12,1.148892252159625,1.0458417378901883,0.9356491860669363,1.0164752997589475,0.9671241106470577
2021-10-13,1.1501948299930493,1.045361483929565,0.9375335878615934,1.0178159062847891,0.9650945585675212
2021-10-14,1.1457894201073209,1.0453299185501372,0.9344511772231193,1.0142819290536282,0.9684852311803119
2021-10-15,1.1434107064823813,1.043231332096446,0.934639867174968,1.0149532419607716,0.9786903831359991
2021-10-18,1.1422095678068054,1.0410415291121253,0.930669583239526,1.0143535796294716,0.9772782256835765
2021-10-19,1.142109305897297,1.0411672037791577,0.9308574827665657,1.0143454922780264,0.9760720729211793
2021-10-20,1.142688083446542,1.0404741801008588,0.9308019142624457,1.0142590979676063,0.980648478361899
2021-10-21,1.1438280599609882,1.0412289086282713,0.931876202421931,1.0163192642262635,0.9804660740260914
2021-10-22,1.143634021565275,1.0397056345172326,0.9315070478678261,1.0157005173863116,0.9807051584344276
2021-10-25,1.1495188455026042,1.0433672333104438,0.9398920539769484,1.0244917965390223,0.9889810494148724
2021-10-26,1.149805252888975,1.0434428714199049,0.9400839977948564,1.02476090191533,0.9895139785164458
2021-10-27,1.1652333706859148,1.044378942664029,0.9336443133723715,1.0146734051868487,0.9736950950453248
2021-10-28,1.1713759647373487,1.0449107314530865,0.9316571141726857,1.0172845038544729,0.973224083397913
2021-10-29,1.1777615538032022,1.055286700868935,0.943329009607749,1.0157457013800721,0.9596274043648376
2021-11-01,1.1934853027069836,1.0710971714922854,0.943672960758277,1.0255691972565657,0.9485937182647394
2021-11-02,1.1905502489958955,1.0714690752362046,0.9526267751840353,1.027351713835717,0.9553784355623561
2021-11-03,1.188442013380314,1.0576826165491742,0.9410727422512697,1.03919532311005,0.9746343145405656
2021-11-04,1.195387934792113,1.0551441091931657,0.9425744461415793,1.041531784052109,0.9695966189422136
2021-11-05,1.2145021847094664,1.0677484517330624,0.9627051506037565,1.066461236594802,0.9821899615850372
2021-11-08,1.2052791261162674,1.0377946032312533,0.9420790737461331,1.047231150604262,0.9762535017069244
2021-11-09,1.2004077475858206,1.0295717491526335,0.9412675477733423,1.0345973178233168,0.9736624363871735
2021-11-10,1.1948563990763836,1.020602553757408,0.9339603676946606,1.030615136728913,0.972224662966167
2021-11-11,1.2000756047141181,1.0251945993101146,0.9322146938642859,1.0291901875302956,0.9739086843905045
2021-11-12,1.1965783591807384,1.0196137843558484,0.925861832973053,1.0161399085282679,0.9842576855458007
2021-11-15,1.1941280937645262,1.0191391428935885,0.9240401309798334,1.0138958696838472,0.9863430409030725
2021-11-16,1.1847292378755006,1.0141222188058698,0.9169801161140356,1.0091111135183226,0.9884485108258544
2021-11-17,1.2226064239935115,1.0145247524719827,0.919870897826986,1.0143947000068938,0.9841791600240446
2021-11-18,1.2235843815681038,1.0142659048373852,0.9194133533844712,1.0130167023525598,0.9833735514283828
2021-11-19,1.2257080344771605,1.013984871243599,0.9195400195880217,1.0131777997114726,0.980570368668616
2021-11-22,1.2287965288418008,1.0056802204238973,0.9138926564132156,1.0039120977666431,0.9961700261620104
2021-11-23,1.2261934219170467,0.995787270001967,0.9066701911301889,1.0001923112161284,0.990950916249911
2021-11-24,1.2213466967583517,0.9861142430207557,0.90257626617445,0.9927359027948147,0.9852728253453912
2021-11-25,1.2212542092889318,0.9849227042440897,0.9004434721887566,0.9913819643654942,0.9841141855642829
2021-11-26,1.2019853936326423,0.9880157493814257,0.9102441207739997,0.9718323698167569,1.025020622947771
2021-11-29,1.2028841121605025,0.9966554911186233,0.9133172086228722,0.9773565714193119,1.0268921011752128
2021-11-30,1.2015631163331613,0.9967574674876083,0.910431090743502,0.9774698074094527,1.0281869681446478
2021-12-01,1.202075079620209,0.9969724470480805,0.9108059437190369,0.9787564971006538,1.0298824313098798
2021-12-02,1.1981946241626755,0.9950754952762816,0.9115266513175677,0.9766319884272601,1.0242799971093373
2021-12-03,1.1991832980859998,0.9971710917422046,0.9153210546865436,0.9801142160798648,1.0305358612111268
2021-12-06,1.1980421179318639,0.9971884601871448,0.9162827154117871,0.9800806453659653,1.030842012064515
2021-12-07,1.1888467844347903,0.9980852860449085,0.9217881836502783,0.9885937163215278,1.0315326932242708
2021-12-08,1.1815314520082498,1.0010200065212282,0.9176326850379647,0.9838272484094434,1.0311582972330986
2021-12-09,1.1795004386567156,0.9983066781382427,0.9192821023875997,0.9815471400044096,1.0307301345883992
2021-12-10,1.1763610844724541,0.9967755616232153,0.9205013111992137,0.9808555629914073,1.0306103546413883
2021-12-13,1.1737346201007344,0.9934971892027361,0.9190642795596689,0.9772351236172481,1.0306432157734429
2021-12-14,1.1736667495209434,0.9924996066515502,0.9181550554445226,0.9740878414935068,1.0315300279064883
2021-12-15,1.1758269587878074,0.9881435648459952,0.9170984061901494,0.9675654649338955,1.0212063345837497
2021-12-16,1.17033344320305,0.9765804694318436,0.912110881661387,0.965211842233797,0.9999712169545641
2021-12-17,1.1714795289662612,0.9763709372616334,0.9122007001817319,0.9658355363296787,0.9989666569054259
2021-12-20,1.1752135571612334,0.9725898609211101,0.9066044397460282,0.9615096827115043,1.0063001687479776
2021-12-21,1.1705926263508166,0.9733990368154878,0.9057043038551137,0.9569499729146077,0.9999887898759195
2021-12-22,1.1715888570629387,0.9734782553016037,0.9064628568603634,0.9580429019896303,0.9988520478334088
2021-12-23,1.1700642261984875,0.9743470048749675,0.9066881309398298,0.9585986725059688,1.000531697097315
2021-12-24,1.1693835963332353,0.9743627296048978,0.906230730310781,0.9573733894627193,0.9991628977546496
2021-12-29,1.1659904353097466,0.9681401796896976,0.9050038153692045,0.9569094633548634,0.9987068953500418
2021-12-30,1.1633959351617091,0.9685819444992673,0.9051072024390039,0.9565564765651484,1.0042812412086368
2021-12-31,1.1646598254862088,0.974037846006507,0.9039284601836021,0.9585297596578242,1.0049759498407875
2022-01-04,1.1605054870434195,0.9716205460759642,0.90114301853183,0.9582003694203542,1.004237134603033
2022-01-05,1.155964956408909,0.9547370362356412,0.8771935312633491,0.9306888902547086,0.9954323558379841
2022-01-06,1.154111501343061,0.9440366076287682,0.858183501114692,0.9064925090371966,0.9989084146963686
2022-01-07,1.167593728105348,0.9475917215115639,0.8648906878495486,0.9245380432225156,0.9969666925468293
2022-01-10,1.1695031669275608,0.9505849889382423,0.8672676645488648,0.9270014024087798,0.9969671292800755
2022-01-11,1.173394410425365,0.9497632957821591,0.867523770459744,0.9306189157525366,1.00243223549103
2022-01-12,1.1693102061475313,0.9444111385412973,0.8601540918798651,0.9243023581321719,1.0050544250974156
2022-01-13,1.168750374496784,0.9467865027014721,0.8602152714438068,0.9269965812834874,1.0034323036202226
2022-01-14,1.1691947373430005,0.9362037269064951,0.8626625864759518,0.9144475787137811,1.0046875616445963
2022-01-17,1.1766916404437417,0.9327801014100767,0.8546705850805097,0.9118457802349245,1.0025055502467801
2022-01-18,1.1808025377385152,0.9353577316033936,0.856040707640368,0.9152472176564568,1.0052085351881328
2022-01-19,1.182153654406529,0.9328525317094134,0.8528351526354733,0.9114771054315178,1.0279740977057317
2022-01-20,1.1817029760153703,0.930447225353595,0.8526302399749038,0.9109981248854483,1.0233840201401105
2022-01-21,1.1601707828704573,0.9196433039688019,0.8318392028823769,0.9056076785839399,1.049790098427512
2022-01-24,1.1685033015902224,0.9243493756400376,0.8331891547057874,0.9086086902981725,1.0472346993594992
2022-01-25,1.1612934697169357,0.9424162997346227,0.8554922435281291,0.9374252631551301,1.0472778227142139
2022-01-27,1.1527467997377228,0.9227652686296817,0.8356986419104053,0.8975732396893621,1.0600664046843542
2022-01-28,1.1427147035914615,0.9122974499214462,0.8446361682134945,0.886165695922761,1.0839070888916715
2022-01-31,1.1407829994944774,0.9114470323235417,0.849628678782787,0.8934004541186967,1.0878505399683012
2022-02-01,1.1390748017836,0.9095257748563974,0.8452396025136059,0.885899523230298,1.0975775617373489
2022-02-02,1.1372881464586881,0.911447659305084,0.8485824617579761,0.8918756176780799,1.1051427550863964
2022-02-03,1.1347500261994838,0.9032764298176412,0.8380399115324438,0.8835459733870474,1.117723110621835
2022-02-04,1.137509084290122,0.8997162846578456,0.8411038716401937,0.8821036718632024,1.1243283747507884
2022-02-07,1.1351122213598839,0.89518161104034,0.8377185980368094,0.8772724433915368,1.1678835145167725
2022-02-08,1.1357465449268807,0.8946374538772348,0.8414528478818267,0.8836399829416597,1.1781151569695612
2022-02-09,1.1681196293263305,0.9046459523398535,0.8525923103328993,0.8887468633171703,1.15232194955868
2022-02-10,1.1716903046741998,0.9118057076229263,0.8533524348984425,0.8910867181108947,1.144934092303036
2022-02-11,1.1876798379452926,0.8992505803578831,0.8408609785659142,0.8784499556231031,1.140864442303291
2022-02-14,1.1897019508996567,0.9012426210419126,0.851839004584565,0.8792695350729212,1.139878401135756
2022-02-15,1.1851541198693294,0.9016093087514571,0.8784576176276152,0.8885016052111647,1.137270495212551
2022-02-16,1.1816252761951376,0.8992907790893524,0.8788303241407495,0.8893478706476214,1.139079806527797
2022-02-17,1.1834039201262652,0.8949464363195059,0.8798114823947211,0.9023303699496115,1.130396613449821
2022-02-18,1.1820337899942297,0.8922301333021809,0.8702930339121517,0.8973890899440737,1.1444807927981524
2022-02-21,1.178657973298127,0.8909292408483871,0.8652421901397916,0.8952081828198649,1.1454127584151297
2022-02-22,1.1876916422488102,0.9017524489185084,0.8696290504779748,0.8967190702974784,1.1501840183509247
2022-02-23,1.1868462860025562,0.8964022418130396,0.8666120749109101,0.8919838082499708,1.1567451292233848
2022-02-24,1.1612668435708617,0.8942767741957711,0.8594166541934034,0.9050902760254049,1.197114832830618
2022-02-25,1.1485979358837806,0.8886650767825574,0.8579208612693909,0.9035973639406477,1.1996630010831635
2022-02-28,1.1446525367922824,0.8879073661808156,0.8552051411249288,0.9029577550726635,1.2010436912600888
2022-03-01,1.1469631856840632,0.8864172651035201,0.8511103691769134,0.8937684822761407,1.2051014967732327
2022-03-02,1.158064120233138,0.9013722892137729,0.8593652992462717,0.9113792104229832,1.201277217863794
2022-03-03,1.1602457079956914,0.9058387396882496,0.8607153947296481,0.9219314328373434,1.1979911233305016
2022-03-04,1.156046495153832,0.9076899847636598,0.8655404300841536,0.9265510869984079,1.1908538383582916
2022-03-07,1.1476001572570758,0.9112192271386184,0.8718058364454073,0.9251058114643155,1.196507561199188
2022-03-08,1.1344644849134564,0.9015302485035632,0.8671690331080143,0.9176770355431563,1.1890559100226377
2022-03-09,1.1390025322948452,0.9064524379291939,0.870334811075648,0.9187157537093146,1.1910210864299235
2022-03-10,1.1512918563645833,0.928056387119612,0.8910627674052696,0.934185831742384,1.2111201997691174
2022-03-11,1.1471810089890653,0.9239417398516393,0.884823482810893,0.9262206894783587,1.2155534205142955
2022-03-14,1.1567749251135242,0.9280943069154183,0.8962431649386834,0.9404276601905216,1.2242454317174698
2022-03-15,1.1457466779034973,0.9220012914699259,0.8881494297460688,0.9343266726335435,1.2246565114343462
2022-03-16,1.1391870895099616,0.9156802187611808,0.8860215859829415,0.9392470397587318,1.231174904437632
2022-03-17,1.1370621148863749,0.9177826160570844,0.8828481437696121,0.9448314569101777,1.2252860056046013
2022-03-18,1.136338801667905,0.9160951313866076,0.8806337062902734,0.9439262253273785,1.226275134966522
2022-03-21,1.1366727887403791,0.9168994472194888,0.8803114954582488,0.9425026505114303,1.2259075344934374
2022-03-22,1.1292352294931858,0.9207259104982556,0.8821125280068846,0.9413385284137868,1.2279488618546868
2022-03-23,1.1312945722881527,0.9235942643871102,0.8834910499581257,0.9426837733707489,1.229118184405596
2022-03-24,1.1348326754287101,0.922894471618437,0.8822142000822836,0.9407772211848046,1.2288105440084334
2022-03-25,1.131990482227604,0.9221585208454512,0.8819171161260728,0.9391465812640968,1.2268609384774873
2022-03-28,1.1365799687613252,0.9218546239827924,0.8876489938847558,0.946926913110736,1.2297033865947442
2022-03-29,1.1344322619225515,0.9234308874402698,0.8919191729635499,0.9474617850602198,1.2292811215249448
2022-03-30,1.135661691264683,0.9247241405474393,0.8930667638459412,0.9460793891452737,1.2383027727797127
2022-03-31,1.143645464768183,0.926460144974356,0.8949125848078656,0.9493083577231332,1.2465872183758704
2022-04-01,1.1451647169173569,0.927334097933005,0.8955970814466474,0.9512633510752461,1.250034134907445
2022-04-04,1.146977806011965,0.9250885798280792,0.8924610554181202,0.9498779693888093,1.250174381751894
2022-04-05,1.1473371788492024,0.9253642635367312,0.8930572104567557,0.9494584750346404,1.2507158893539876
2022-04-06,1.140611395022287,0.9212189726452307,0.8900777673936613,0.9452411438480762,1.2514753042756677
2022-04-07,1.1396758672613498,0.9202344143840437,0.8898871100195941,0.9428684324494099,1.2549808979543575
2022-04-08,1.1388046995983825,0.9226707235191403,0.8906358149947019,0.9459788879339016,1.2562574630015417
2022-04-11,1.1409937352807473,0.9235782624035195,0.8901217858217084,0.9473921979679385,1.252930509973889
2022-04-12,1.1403050715686176,0.9230513461966978,0.8904147120179807,0.9492409453036144,1.250284118414975
2022-04-13,1.139055976901002,0.9230593870501329,0.8910922418429656,0.949136900415997,1.2490346668793946
2022-04-14,1.1336685396633857,0.9176448997566491,0.8871210364500727,0.9449267159124806,1.2470199180636643
2022-04-19,1.1345156341416338,0.9178583444534003,0.8880090172736913,0.9461599402424747,1.2478302794273424
2022-04-20,1.1340117839102808,0.9186839823871148,0.8890353099200542,0.9473076496090319,1.2518815502278695
2022-04-21,1.1351109341522483,0.9197879043918095,0.8896843877612068,0.947277739757165,1.2544746475161404
2022-04-22,1.145419261815515,0.9212402028095701,0.8878134984440589,0.9401334169347733,1.2515474876683297
2022-04-26,1.1231541825879774,0.9129216697243056,0.8800106086555888,0.9231059473849406,1.2408718869885884
2022-04-27,1.1263022238398508,0.9163203950590357,0.8836167595491532,0.9319035371970922,1.2432993699997514
2022-04-28,1.116475393382769,0.9068693014425632,0.8800857853579385,0.928635161444226,1.2404745366497003
2022-04-29,1.1113511993174365,0.9101200616148977,0.8812077477417399,0.9277328591693519,1.2475815731059539
2022-05-02,1.1084452370688556,0.9095090065146915,0.8724360899314711,0.9193356723150827,1.2509610513087328
2022-05-03,1.1086560359433584,0.9120939310392165,0.8756907527562282,0.9233465622378216,1.2518958468461188
2022-05-04,1.1030795726540454,0.9109148762362949,0.8757919251598926,0.9310542318698848,1.2512837284057061
2022-05-05,1.1040687621736025,0.8960375279019774,0.873174201820623,0.9174876809990018,1.2383302028322833
2022-05-06,1.0890673491978455,0.89656432844427,0.8581136224740548,0.8988694694526035,1.3066586537954663
2022-05-09,1.079779176594404,0.889055784972791,0.8268684394011244,0.8913311334893753,1.329713148377084
2022-05-10,1.0824788851968181,0.8815217566928516,0.8183737832716832,0.8904319697404105,1.3282625190678183
2022-05-11,1.089886316446757,0.8773776333368744,0.8137758342365643,0.8889604769584618,1.328377145531149
2022-05-12,1.07110297649912,0.8565406797105748,0.8224024350827064,0.8911840029348939,1.3521439795507453
2022-05-13,1.0487255792686694,0.8473187424416563,0.8133046745610609,0.8807133976568919,1.3684130381699406
2022-05-16,1.0489605940786555,0.8483316935510089,0.815570105011028,0.8818431945406675,1.3701258599527657
2022-05-17,1.0535707606764069,0.8464575029790368,0.8156523348579644,0.8785392049923074,1.3651488889054124
2022-05-18,1.0395530470967935,0.8397381925560715,0.8157334130758369,0.8818312890145507,1.3581421340748443
2022-05-19,1.0188899348395475,0.8367166055939352,0.8156990039635446,0.8819607892939638,1.369177054638908
2022-05-20,1.0164561498398519,0.834416572736677,0.8126404206690805,0.8808156743411389,1.3718497699833494
2022-05-23,1.0158518228740956,0.8336841888709756,0.8111115856976275,0.880168056374765,1.373846650849366
2022-05-24,1.015381790608786,0.8319102231467617,0.8093699211665498,0.8782489808799306,1.368194211388545
2022-05-25,1.0171141787251758,0.8348977427898531,0.8127682050272793,0.8806819456118576,1.3666055981739191
2022-05-26,1.017389556760534,0.8341554681766206,0.8100607692060671,0.8796998295973205,1.3642742381400454
2022-05-27,1.0149388648662265,0.8277851113489338,0.8064192020374014,0.876910034107418,1.3814424668305023
2022-05-30,1.0009793324534075,0.8210517764462203,0.8014362931260465,0.8690995567197276,1.3871329528085736
2022-05-31,1.0072999610617288,0.8264634527411866,0.8040781535623283,0.8787114178123252,1.3847582480651157
2022-06-01,1.012030518930315,0.8298594252047242,0.8099286149637245,0.8847514425800319,1.3890410609576869
2022-06-02,1.013165362331163,0.8297416896644607,0.8081089087393233,0.8842472344597968,1.398931282954432
2022-06-03,1.0052519846230816,0.8227154071125046,0.8032594887755644,0.8784675537670971,1.3936620099534818
2022-06-06,1.0050033858339376,0.8201036066559355,0.8023787545429378,0.8782553945182396,1.3937120126949911
2022-06-07,1.0149615821465716,0.837750870651949,0.809789671217624,0.8794804487713423,1.4018990714710955
2022-06-08,1.005016495032082,0.8279271674761931,0.796143013694856,0.8745888458248112,1.4010348191338717
2022-06-09,1.0134908441725687,0.8376661113561449,0.8163836624436651,0.8835196394863565,1.388496801897346
2022-06-10,1.0138485590696356,0.8361602737287296,0.8203943434529452,0.88522758348213,1.402301956717364
2022-06-14,0.993002688040146,0.8627764596590987,0.8332928504699354,0.9085884997939466,1.4080297606323655
2022-06-15,0.9882417128256412,0.8678750145922745,0.8379744229393865,0.9119348767109303,1.3939971868100332
2022-06-16,0.9906252144764303,0.8691639711793983,0.842074247913008,0.9145434160455983,1.3933852488896252
2022-06-17,1.008473394089498,0.8714277502592283,0.8350537645460421,0.9150120739524176,1.3993510303835555
2022-06-20,0.9725027572295188,0.8668503904944377,0.822808956328319,0.8969382088679025,1.3957266783548323
2022-06-21,0.9742920775252327,0.8870007960647461,0.8301197878229565,0.9006850840728505,1.395045339426762
2022-06-22,0.9728498182101311,0.8845428286460965,0.826657858065811,0.8985392154413482,1.3976104666056182
2022-06-23,0.9722471093030156,0.8836274833072987,0.826186923548271,0.8993592674604025,1.3976348195338797
2022-06-24,0.9705328674762695,0.879113619781298,0.820995217394371,0.8923735386905856,1.3948654307917745
2022-06-27,0.9910378826214769,0.8949990583799227,0.8281949243743921,0.9055726833376754,1.37261404634458
2022-06-28,0.9863574104502006,0.888979610187791,0.8215213381287495,0.8993798219869159,1.369658094517414
2022-06-29,0.9856364287518133,0.8807105994733598,0.813616375432952,0.8914774616350638,1.3616061525492762
2022-06-30,0.9925696296889438,0.8874554932107623,0.8187954419703969,0.9002888663230207,1.3562446434043118
2022-07-01,0.9905209792238744,0.8856220692977896,0.8202942750985223,0.8980560502515187,1.354039973222204
2022-07-04,0.9890811220755967,0.884616678871029,0.8229499083138065,0.9003236063515503,1.355103851547987
2022-07-05,0.9887937210493036,0.8850136025037201,0.8238501416828168,0.901049294345137,1.3562633013940872
2022-07-06,0.9846537435448768,0.8799842921116998,0.8209406626572282,0.8992138794459071,1.3574895312139632
2022-07-07,0.9865961637332279,0.8774030774363343,0.821931481250101,0.9046982467801439,1.354808879635626
2022-07-08,0.985801130256099,0.8788255428985076,0.8230061930886176,0.9074896712690358,1.351116274735378
2022-07-11,0.9832584932653884,0.8835070695159621,0.8196468022587879,0.907621297857493,1.3565457020239948
2022-07-12,0.9838365506403397,0.8840512104398208,0.8200814809505326,0.9078801687692611,1.3564420009219593
2022-07-13,0.9847959147398782,0.8856461684096577,0.8210502888725111,0.9075644710180736,1.3598117397111877
2022-07-14,0.9799422963232907,0.8824628851560182,0.8168038605135703,0.9011649893611402,1.3569502236512039
2022-07-15,0.9781133989671587,0.8796421313555391,0.8160170338326026,0.903676911958982,1.3591617258031743
2022-07-18,0.9778833567928366,0.8821094988340354,0.8170729073455104,0.8960576268178472,1.3673798732671427
2022-07-19,0.9752934327814791,0.8764288455967653,0.8132400447746695,0.8969382314076786,1.3747227419279964
2022-07-20,0.9709273401782721,0.8690942783507789,0.8102794910578255,0.8830740545911032,1.3867788522264808
2022-07-21,0.9717174023788668,0.8669745281849729,0.8140443976549818,0.8856966455874854,1.3862371653095742
2022-07-22,0.9723198296414264,0.8670552001889528,0.8145998282420704,0.8862445710899334,1.386346969937797
2022-07-25,0.9723166082595827,0.8671233972817373,0.8146493102467115,0.886252955611606,1.3862550581439013
2022-07-26,0.9686851381783694,0.8669848483393414,0.8141396511731036,0.8849305123483333,1.3906501695354976
2022-07-27,0.9686632718860072,0.8690980769881088,0.8144269790540919,0.8853189320783599,1.3892900345614627
2022-07-28,0.9697542982123161,0.8705816827446496,0.8125683885367456,0.8816459848562613,1.3980642214713102
2022-07-29,0.9706714961135214,0.8721049560486228,0.8118725832203041,0.8827024328011743,1.3984355598639144
2022-08-01,0.9647779328908933,0.8619700802113707,0.8056946359224894,0.8739194050670265,1.4017533608918553
2022-08-02,0.9650847192990485,0.8617552277161529,0.8056471954007242,0.8735676938578978,1.4005078354241185
2022-08-03,0.9661583230503545,0.8634031079081775,0.8072351052101361,0.8739409551970967,1.4039260981005859
2022-08-04,0.9655379481979476,0.8630002769886256,0.8071693370187548,0.873621140613155,1.4034800142463277
2022-08-05,0.9627419745081504,0.8610154274958729,0.8060614569235461,0.8731322377051075,1.4027975212538228
2022-08-08,0.9630729498902403,0.8605660094849603,0.8061394932949867,0.8728711832424713,1.4025690566263695
2022-08-09,0.9599725594916652,0.8585769498115766,0.8044532169886123,0.8726095126295178,1.4035512020607457
2022-08-10,0.957605768673598,0.8533456963624448,0.7991691560829011,0.8615163199680088,1.4046022473336832
2022-08-11,0.9515188042862206,0.8532057772044979,0.8012587833098462,0.8665844439092815,1.4052495623522088
2022-08-12,0.957854932811965,0.8473441726936349,0.7949941982738683,0.8635451338818296,1.404992524327097
2022-08-15,0.9545289452011241,0.8478873184873893,0.7892229256660344,0.856671427787297,1.4062596641095746
2022-08-16,0.9526613151819325,0.8471784983415657,0.7841849969966534,0.8517263425687802,1.4107286619594372
2022-08-17,0.9529512810052128,0.8483712302747578,0.7858311196022062,0.8517527988062097,1.4110520283263561
2022-08-18,0.9511816401718064,0.8477392373276362,0.7874896731176497,0.8528939297322877,1.4150768594949144
2022-08-19,0.9510134233898755,0.84739747617036,0.7873448203932225,0.8525508553377276,1.4149271521168765
2022-08-22,0.9506138297023685,0.8507012773600982,0.7920845665312534,0.8543429505657074,1.4189768890012695
2022-08-23,0.9559641062999114,0.8567808593683555,0.7976933478888696,0.8578887553196503,1.428873023274593
2022-08-24,0.9550376679692418,0.854793763645014,0.795632889111526,0.8610304376490993,1.429853658142187
2022-08-25,0.9576267832688009,0.8553630748919704,0.7970045389650233,0.8608344747914677,1.4336279527712776
2022-08-26,0.9565492871160052,0.8564118755873965,0.7962691855833395,0.8599841352001362,1.4338056855114611
2022-08-29,0.9601637544410848,0.8655941326030049,0.8001021217710749,0.866481009358424,1.431875031804157
2022-08-30,0.961158648872432,0.8650982115558513,0.7998449238459198,0.8686943623602735,1.4320354793666963
2022-08-31,0.9607664512076587,0.8644916418746142,0.799125719790716,0.8680027754820391,1.431150843422046
2022-09-01,0.9586700880519525,0.8600456837612702,0.800613815173646,0.8598243189393667,1.4233101492968432
2022-09-02,0.9576285951643664,0.8585298264212543,0.8005894895636972,0.860443126239298,1.421741995623602
2022-09-05,0.9561047538384128,0.8565389171096993,0.7998214492183106,0.858639353649275,1.422659937766609
2022-09-06,0.956271639508017,0.8568826877897712,0.7998644205420976,0.8583935333267873,1.4228736665160437
2022-09-07,0.9620673311061309,0.8699822113401348,0.806104922545737,0.8592211036631607,1.4347119034933828
2022-09-08,0.953120227241461,0.8656139805118448,0.805224306557665,0.8683958051739586,1.4448241548407306
2022-09-09,0.952028288563343,0.8668300577001417,0.8052562100280646,0.8685966212144863,1.4441229491369343
2022-09-12,0.9510957238761673,0.8660926099718158,0.8066554037175825,0.8709797906356266,1.4453793931489016
2022-09-13,0.9542850491702151,0.8671322061884402,0.8066577743715639,0.8710937607120867,1.4430216760967909
2022-09-14,0.9670769263575394,0.8772468601228888,0.8043220570414555,0.8708707345764695,1.4386105633566022
2022-09-15,0.9652253231578779,0.8796381423631395,0.8048636342596611,0.8730196876831358,1.4380052542389614
2022-09-16,0.9638402531076556,0.8666357866088923,0.7975407976559931,0.8697204242123306,1.4422956928330652
2022-09-19,0.9628967261456303,0.8652888114718459,0.7920189264101487,0.867586689683687,1.4357955162559046
2022-09-20,0.9684310877117189,0.8706454941715427,0.7965172789178786,0.8684596222820704,1.4268563448145706
2022-09-21,0.9675777286744912,0.8726642377090652,0.7950782228828126,0.8668581194102896,1.420147064542603
2022-09-23,0.9678424670103566,0.8746676999623367,0.7952877642854826,0.860414558523172,1.4190506710702873
2022-09-26,0.9595311000920431,0.8676187821270256,0.795698770087363,0.8615742009119777,1.414305728898582
2022-09-27,0.9522674795444325,0.8653728052030449,0.7929134535556615,0.8596099339565741,1.4102655374698672
2022-09-28,0.9583514976939752,0.8718402772735387,0.7969816689359465,0.8640861636571431,1.427652494107539
2022-09-29,0.9520200984923876,0.8692315904907867,0.7969988399716457,0.8671666019582335,1.4193723263799947
2022-09-30,0.9608207668540056,0.8685151789113457,0.7883479375819508,0.8677920448617389,1.436340939768279
2022-10-03,0.9417022988083827,0.8655500135911323,0.7824760634509993,0.8608987265088354,1.4363312792161649
2022-10-04,0.9370725841966877,0.8715713142607483,0.7939051778453071,0.882827486802719,1.4284206993518291
2022-10-05,0.9455212800112295,0.8759177343104103,0.8082438684662536,0.8894459024145427,1.428991591050564
2022-10-06,0.9420923645319801,0.8748418642519259,0.807777830079149,0.8880578833641987,1.430044516238615
2022-10-07,0.9432785504103748,0.8714640119596776,0.8038952055546256,0.8858592036098585,1.428147863047883
2022-10-10,0.9438661632959346,0.8723047129000246,0.8084866481576147,0.888820865605526,1.424785627904033
2022-10-11,0.9452772512469455,0.8729184009334259,0.8086120105986364,0.8888631828512975,1.4248834173040916
2022-10-12,0.946291915140359,0.8735815434405003,0.8082195696166653,0.8892563655183034,1.4259946443748939
2022-10-13,0.9453873721246313,0.8731897242814348,0.8071996182800542,0.8887068252442228,1.426332963606087
2022-10-14,0.943042523289601,0.8740924492564619,0.8116776330988327,0.8826644495178579,1.4285562909995628
2022-10-17,0.941429268714843,0.8744358045186075,0.8074446883830161,0.8735285961836079,1.4328904230401407
2022-10-18,0.9402748543092535,0.8733046032202899,0.8133915184674142,0.8681196165569561,1.4525201632411824
2022-10-19,0.9407711654154467,0.8745523080612887,0.811115803428735,0.8686102654872287,1.4521651030444975
2022-10-20,0.9346386625904161,0.8682511042575239,0.8025580712183246,0.8643030910979959,1.4549586375505923
2022-10-21,0.9370648729783978,0.8711304165688446,0.8029896883841714,0.865740012231662,1.4510788900483034
2022-10-24,0.93540444184503,0.866818275386914,0.7988662578833732,0.8583037366826103,1.4520607692751748
2022-10-25,0.9363242110085737,0.8688517880092247,0.7993359864279167,0.8583935236951651,1.453927507187698
2022-10-26,0.9364359346985746,0.8688381314725813,0.7995025655956476,0.8586223490243275,1.454210167713821
2022-10-27,0.9358820057762359,0.866124928635584,0.7963061922108834,0.8508864970936924,1.4536749250952992
2022-10-28,0.9314401568809234,0.8633858178916797,0.7920169095909645,0.846284535003574,1.449194251570004
2022-10-31,0.9286746450293389,0.8568313749513777,0.7843215948844139,0.8459081983266352,1.4614828619560447
2022-11-01,0.9245587302725936,0.8566461008510328,0.8019907064645386,0.8482755945695013,1.4567026883626994
2022-11-02,0.9245252531215623,0.8555372560472561,0.7967964480230698,0.8468334165991431,1.454076086931488
2022-11-03,0.9215260721572283,0.8561551609815711,0.806673888540928,0.8385917157983712,1.443200604224166
2022-11-04,0.9158471141290422,0.8550535872341813,0.8081308162550017,0.8353532526694719,1.4452516477670942
2022-11-07,0.9133482833272343,0.8500804469274785,0.7983523840475918,0.8300588418919163,1.444908907086335
2022-11-08,0.9148897820315867,0.850609634686352,0.8010290714790744,0.830190389573049,1.445596175439089
2022-11-09,0.9133876028816447,0.846640543924142,0.7993420808934653,0.8293574229205205,1.4459180939845817
2022-11-10,0.913979879148493,0.8519441078117037,0.7999704069240632,0.8310538251381533,1.446448059929608
2022-11-11,0.9024660951898112,0.8357138325043414,0.7974764321510198,0.8229656421852295,1.4633014066417382
2022-11-14,0.9024396441085255,0.8359596299957662,0.8001301452746961,0.8237659915160548,1.4631603537173477
2022-11-15,0.9027844850559341,0.835479965288873,0.7996217024240165,0.8231235955161825,1.4622959583296529
2022-11-16,0.9050397776035716,0.8357208146026016,0.8002924286308812,0.8241413396065143,1.4644390079080358
2022-11-17,0.8865606664927393,0.8347887008244097,0.7971592480661078,0.8207711481021018,1.4689754877243593
2022-11-18,0.8873784338355165,0.8351900645691576,0.7991048631118183,0.8220135234962813,1.4680025768629412
2022-11-21,0.8867615385664894,0.8354658293054492,0.798352079091994,0.8220070791303398,1.4677659013788484
2022-11-22,0.8838439699180095,0.8335481748600234,0.7931702670396054,0.816805429358125,1.463650989655998
2022-11-23,0.8816941943543254,0.8339543754961874,0.792682541495772,0.8112173387655633,1.4672388482663015
2022-11-24,0.8819510208787766,0.8340184539789891,0.7929569856574603,0.8118494167508039,1.4666429113099027
2022-11-25,0.8833910923165451,0.8347936953345954,0.7935762416215832,0.8127124234193235,1.4666851890980444
2022-11-28,0.8869595126791865,0.8272100435050904,0.7864693058804141,0.8172809350114041,1.460703010831549
2022-11-29,0.8846264497727869,0.8245261350600621,0.7855586069904442,0.8153499916712308,1.4601096227702743
2022-11-30,0.8843457941199636,0.8229990905814443,0.7863417382917959,0.813611604602303,1.458853060725313
2022-12-01,0.8838651667361089,0.821924643528502,0.7862558446093318,0.813848999924283,1.4605775645653458
2022-12-02,0.8873925550936494,0.823642112216471,0.7863420206694165,0.8157683895362763,1.4614423029103087
2022-12-05,0.8865583798537591,0.8219040580482732,0.7849721925747281,0.8141546966262144,1.4608233342133472
2022-12-06,0.8866542259683747,0.8226373956767582,0.7842082677155549,0.8148585797571459,1.4633058169589073
2022-12-07,0.8889031297623605,0.8237377335535652,0.7837221984312152,0.8143689628893865,1.4692250996118572
2022-12-08,0.8917693304833689,0.8274157044300988,0.7880169090172429,0.8191367543536021,1.4725732562101446
2022-12-09,0.8904352960304345,0.8273102965281206,0.7882285987334294,0.8188195808717388,1.4673387275254457
2022-12-12,0.8892454686829966,0.8268946841821554,0.7874683830980976,0.8186574187776637,1.4636083333151368
2022-12-13,0.8903557566256417,0.8300330587984989,0.7892941074010899,0.8220740460062668,1.4642791878263954
2022-12-14,0.8898269292608718,0.8278120350080208,0.7867946018651826,0.8197811568848316,1.4638769481566922
2022-12-15,0.8886656633586717,0.828572365080534,0.7884760807819094,0.8221852149146506,1.4673758980538643
2022-12-16,0.8893654022282257,0.8319942040132695,0.7896121759267032,0.8233861210249489,1.4709793660522463
2022-12-19,0.8884848699959268,0.8322072666136716,0.789634563041437,0.8225837501257268,1.4717772961328104
2022-12-20,0.8826070759618894,0.8241535644526107,0.7822423930016452,0.812713499191774,1.466948854394862
2022-12-21,0.8753663576988435,0.818668135677623,0.7844279779966342,0.8156229581318345,1.4659117586481023
2022-12-22,0.8760226289455182,0.8198355794929875,0.7834968418802144,0.8142000131356861,1.4656036820327858
2022-12-23,0.876627895710824,0.8195036509424474,0.7827864335572008,0.8119249160345086,1.4641807103226858
2022-12-28,0.8780722813348701,0.8195224917302861,0.7832364549879677,0.813623966941338,1.4646406726711827
2022-12-29,0.8780781261447377,0.8195671080391166,0.7832941330419239,0.8096338429374059,1.4652338423299585
2022-12-30,0.8782457720789294,0.8197320768167352,0.7833331374028505,0.8097552726775197,1.4654564887216806
2023-01-03,0.8785984534643398,0.8220039502766526,0.7914873709702188,0.8167324582571097,1.4640125094409882
2023-01-04,0.8842547483396523,0.8171259763945663,0.8036679351866822,0.8237797253382074,1.4685734256459637
2023-01-05,0.8852683195228255,0.8183434138592389,0.804768337314593,0.8242913084740207,1.4717285310182908
2023-01-06,0.875438361522146,0.8156931308222642,0.8076093476637392,0.8332934712552629,1.481468537144306
2023-01-09,0.8667602831973763,0.8140138478140034,0.8053153095287797,0.8247949261022187,1.4854764626541062
2023-01-10,0.8667109055706046,0.8140459750119008,0.8050506170461965,0.8245092539866091,1.48492841607672
2023-01-11,0.8619614425905914,0.8130346751831641,0.8000632219035191,0.8243788011475501,1.480841379212905
2023-01-12,0.866460581703654,0.8212195042570397,0.8008995383815575,0.8256644838198531,1.4785992107408465
2023-01-13,0.8679479392906599,0.8225402517006147,0.8025228804597366,0.8250630380942214,1.4789713122656745
2023-01-16,0.8666110289602305,0.824572535565565,0.8004259661881558,0.8318145000304746,1.4809470342519673
2023-01-17,0.8666155528769013,0.824661381948875,0.8007167910138484,0.8306552827481097,1.4810054726318191
2023-01-18,0.866500291507386,0.8245751458050649,0.8004005736715712,0.8305761532996067,1.4809571436741926
2023-01-19,0.865085989228208,0.8222714785020399,0.8002937912044178,0.8313042807833843,1.4733591214287471
2023-01-20,0.8652727450898282,0.8225147367171501,0.800656205956344,0.8307499500951646,1.4729424006231968
2023-01-23,0.8712016073066181,0.8268784356883276,0.810845426258471,0.8333458113121777,1.4694052733684713
2023-01-24,0.8706012674621252,0.8249511321286743,0.8074129935514957,0.8292135802314249,1.471315014344981
2023-01-25,0.8701905237841715,0.8147578420736592,0.7979335377041884,0.8134808725598683,1.4844448755149926
2023-01-27,0.8690045606311506,0.8232004095433336,0.8070958095424392,0.8344357598083094,1.4817158639294763
2023-01-30,0.8684324966686304,0.8265882416704126,0.803108881453012,0.8370316092018989,1.4751932306796445
2023-01-31,0.8662380877505473,0.8247097936029072,0.8015355422085024,0.8333369454910042,1.4735041336277244
2023-02-01,0.866461548965166,0.8212600738997301,0.8004173067072237,0.8347353098980381,1.4687178353348163
2023-02-02,0.8672332444402251,0.8217661757170502,0.8002389686985836,0.8325690055121732,1.467821094065258
2023-02-03,0.8680605871941198,0.8236545115059382,0.8048846129164546,0.8376780886493815,1.4647807539512465
2023-02-06,0.8680091407537671,0.8248770947950018,0.8011506764347821,0.8392200916976824,1.4636400498049178
2023-02-07,0.8681195330828863,0.8244326241949752,0.8016913540059166,0.836562709663345,1.4613615063651906
2023-02-08,0.8706545462158322,0.8269789522747323,0.8002320097415595,0.8342704386916675,1.4536799516123495
2023-02-09,0.8481671223489957,0.8202853808793381,0.7922601514970694,0.8283590406317083,1.470448798616758
2023-02-10,0.845900246077657,0.8163404094474077,0.790315209311163,0.8280032197905592,1.4741640036573864
2023-02-13,0.8403048949861122,0.8227891530568082,0.7968732385778429,0.8329896707417533,1.4802329744443283
2023-02-14,0.838361332075269,0.8206230344387718,0.7902522154021021,0.8313747034067165,1.4805986482380846
2023-02-15,0.8604826725567607,0.8365055563764775,0.7997346087274267,0.8424542402798862,1.4764699176657352
2023-02-16,0.853819276489836,0.8373538592096612,0.7962319804474399,0.8413118010268212,1.4781758992891043
2023-02-17,0.8530492866427867,0.8424383263904207,0.7929369757368895,0.8420691180370532,1.4838766088502504
2023-02-20,0.8523143201834535,0.8426262946952028,0.7973948434172355,0.8449295625474518,1.4804533496142163
2023-02-21,0.8527077437797019,0.8428268347609214,0.7971157513896239,0.8452299621671815,1.4806625033518994
2023-02-22,0.8472432848361967,0.8395285143519647,0.7947924166979963,0.8426132991356037,1.478693937093575
2023-02-23,0.8450990436979823,0.843386218623203,0.795738226231076,0.8470071671515267,1.4826307162816774
2023-02-24,0.8523503286335106,0.8436288549237307,0.7956116319162154,0.834872072362323,1.4756913699063494
2023-02-27,0.8471629549522895,0.8371533361354442,0.7902721653540481,0.8301011275011553,1.4680053742573957
2023-02-28,0.8485154114815038,0.8381250595827394,0.7899707804324597,0.8309781006364658,1.4699339050113505
2023-03-01,0.8468001597059013,0.8364751844928509,0.7906236096597188,0.8312238575622217,1.4693270787232864
2023-03-02,0.8469781196940344,0.8380683930086288,0.7926682189205752,0.8338091090357966,1.4718995923458238
2023-03-03,0.8489279056116599,0.8394370143530627,0.7947301266298821,0.8351218994861311,1.4713750484436179
2023-03-06,0.8511921203558936,0.8402571057523783,0.7959773368720319,0.835776439752894,1.4764179778620052
2023-03-07,0.8549712907869377,0.8376190660797959,0.7922814812734446,0.8359273306562499,1.472271470248964
2023-03-08,0.8608708855408195,0.8417411267691308,0.7950165572015425,0.8360025687658789,1.4776426812575358
2023-03-09,0.856283986741125,0.8380430522929109,0.7928320567334814,0.8350760430803543,1.4773948467381721
2023-03-10,0.8626187209340505,0.8367178312254449,0.7905017420854432,0.8336801469383854,1.4649058450007364
2023-03-13,0.8644551439930992,0.8419861621458926,0.7962298320166054,0.8417442406106513,1.4647271246306035
2023-03-14,0.8472104317336783,0.8418228697746897,0.7834291927437077,0.8337797532589373,1.4670426099474045
2023-03-15,0.8525255064241054,0.8466335501461294,0.790533198583378,0.8385798982745966,1.4675850180449403
2023-03-16,0.8449791779669735,0.8525232587460795,0.7967937488134219,0.8418918394803087,1.46385342360559
2023-03-17,0.8444799792959867,0.8531754282189538,0.8007550396552623,0.8397971892495604,1.465359537311551
2023-03-20,0.8407883746846346,0.8558155677987681,0.7990351659351623,0.8418903024854729,1.4785232290003625
2023-03-21,0.8396079178041569,0.854515972940201,0.8015688344888319,0.8438775413560895,1.4865465623259846
2023-03-22,0.8407152698669621,0.850933880121085,0.8005958584255848,0.844298794116398,1.483192480643703
2023-03-23,0.8373872491484167,0.8509491654832664,0.7995687082461153,0.8428686178343094,1.484291194035475
2023-03-24,0.8383538182892217,0.8520058372342695,0.7997418692633974,0.8439757835708541,1.485975525334829
2023-03-27,0.8398591615895221,0.8531539126249548,0.8007638601697349,0.844507031847516,1.4848238343144018
2023-03-28,0.8405805640494141,0.8529952257044842,0.802898543415026,0.8444334861830584,1.486649700139949
2023-03-29,0.8418574263118633,0.8503767172839212,0.8002537872775831,0.8452089527380054,1.4848451741633706
2023-03-30,0.8442897638006361,0.8561710601324609,0.8022000623201005,0.8471558246009886,1.4800406915299544
2023-03-31,0.8432121782566158,0.854673517691835,0.7988790272509649,0.8452723967848681,1.482733964453622
2023-04-03,0.8441045678905965,0.8551473464506153,0.8001380462109526,0.8469982787379683,1.4826265911152419
2023-04-04,0.8449839737943956,0.8567446806312402,0.8001585684610941,0.8475878857390451,1.4839737827973434
2023-04-05,0.8445872625036958,0.8565548276609634,0.7997550108615098,0.8479948256182847,1.4837267940521763
2023-04-06,0.8480213970084677,0.86035149634832,0.8021038571718578,0.8516822678176675,1.4836804972173674
2023-04-11,0.8465218001365578,0.8626006896867674,0.8060645899092893,0.855961060262004,1.4781310193981976
2023-04-12,0.8452269725950169,0.861654292379257,0.8059228568614205,0.8552052786385903,1.477355238966887
2023-04-13,0.8455281325523012,0.8605837841424588,0.8055870054965251,0.8537976478504876,1.477835463211769
2023-04-14,0.8469310351457836,0.8628437313393157,0.8061527516773505,0.8537119019334511,1.479850238255591
2023-04-17,0.8480404532448531,0.8632539381313318,0.8054266016793609,0.8545859967962861,1.4806743217347955
2023-04-18,0.8495985352340181,0.865526116520083,0.8082017583430564,0.8562655322141438,1.4817213134456844
2023-04-19,0.8495502857032313,0.86346979266878,0.8062471216095495,0.8543391536433093,1.4814456310016002
2023-04-20,0.8491980156379481,0.8631211542940447,0.8060101919099563,0.8539171644817735,1.4811498179510754
2023-04-21,0.8494931789484645,0.8634332138024341,0.8071579203452988,0.8540960847285963,1.4761442285022814
2023-04-24,0.8396228710648928,0.8634516355947406,0.8075361003682593,0.8581945855023403,1.4815939428210188
2023-04-26,0.8503464074955184,0.8690337421492348,0.8111166477343611,0.8695333483124578,1.4949742109015662
2023-04-27,0.84762052702323,0.8658663502171886,0.8067304973401292,0.8631528712298808,1.492877633282323
2023-04-28,0.8530409935211359,0.8729328862771584,0.8102769108808185,0.866622971680714,1.4976671510373403
2023-05-01,0.8556287037265273,0.8721479188751087,0.8088941165426468,0.8679046534882264,1.4966857525443602
2023-05-02,0.8544908556129113,0.8707038637542409,0.8113156142869091,0.8717838647881717,1.496395144394971
2023-05-03,0.8582287012172803,0.8746000033662159,0.8162720381826699,0.8754821957026319,1.4965328818340882
2023-05-04,0.859513420245282,0.877218593886875,0.818003534981983,0.8765431437147967,1.4973132237426583
2023-05-05,0.8596002085221632,0.8806144668151653,0.8217176393405788,0.8875873737822206,1.504438435143334
2023-05-08,0.8668479813962874,0.8852312226677534,0.8363692963777145,0.8993141451342217,1.4475397239028713
2023-05-09,0.8735597063906716,0.89123275145885,0.8593897542159187,0.9042673085683494,1.4403397540956537
2023-05-10,0.8728160688920926,0.8974314235413993,0.8644431265936993,0.9038095472517719,1.441655296857329
2023-05-11,0.872927513749969,0.8988108871311568,0.8657224859758881,0.9049486437704637,1.4404771156899063
2023-05-12,0.8911153684756767,0.9202960750871735,0.8627099610665632,0.9105045805962877,1.429728909435818
2023-05-15,0.9055046303223483,0.9267619407078529,0.8698135992143415,0.9178080634302467,1.4135450071906601
2023-05-16,0.9056933974473274,0.9252640047016583,0.8672357268229389,0.9161540240068992,1.4131546630778267
2023-05-17,0.9037379869719913,0.9261267707689783,0.8684063690425421,0.9147975405740366,1.4144584880936855
2023-05-18,0.9104351520208367,0.9341965841817235,0.8721759576225172,0.9142549837926367,1.4187309163995834
2023-05-19,0.9185528755496926,0.9389222147937838,0.8733175127481773,0.9113422149742227,1.4227156151329494
2023-05-22,0.920926851345591,0.9416509462189958,0.8766476920417189,0.9129789689086605,1.4197247251185405
2023-05-23,0.9207736379329087,0.9417161486176184,0.8764925094693004,0.9129080596331797,1.4192633630955442
2023-05-24,0.9184709696772159,0.9422227100004265,0.876252882207181,0.911888204237928,1.4211423040205604
2023-05-25,0.9236312361703679,0.9451841111551895,0.8776865611867933,0.9188781177687946,1.4265395483923295
2023-05-26,0.9237348638402393,0.9471923530931219,0.880186788696061,0.9200374970055716,1.4288551869572805
2023-05-29,0.9256405358608094,0.9527136657927973,0.8825823525128772,0.9236596612391774,1.4218376242808477
2023-05-30,0.9358824025800528,0.9584899285565084,0.8877874066941484,0.93151802157589,1.4168596026912712
2023-05-31,0.937518261010318,0.9581081837335731,0.8897878711382197,0.9266939024208598,1.4198638292419001
2023-06-01,0.9340405351151516,0.9570961273868721,0.8878290222304914,0.923968356660666,1.4177920407676656
2023-06-02,0.9315977131099443,0.95393521730576,0.8863468344674276,0.920998166178583,1.4107740403531037
2023-06-05,0.9345845296649216,0.9581533081068694,0.8896158360122035,0.9266539596999622,1.4154710932516614
2023-06-06,0.9334577477449195,0.9575222082498345,0.8955726144876492,0.9289728596712548,1.4139859083626014
2023-06-07,0.9253184204445969,0.9457443709151503,0.89123279241794,0.9283796872499559,1.4072709511544985
2023-06-08,0.9332151415831171,0.95372560342885,0.90131729104912,0.9330727734765762,1.40716998567154
2023-06-09,0.9235235183247531,0.9471379440596013,0.884238897838646,0.9270030469285677,1.4197626097974068
2023-06-13,0.9234639185368326,0.9504076962987961,0.8816728482589109,0.9267518544537845,1.4103992976031166
2023-06-14,0.9340538683484678,0.9335058569350569,0.8712974647050019,0.8998952107428578,1.4071427566774486
2023-06-15,0.9381605844629072,0.928916418657731,0.8660217914512796,0.8955463031550658,1.4245071117711992
2023-06-16,0.9401659708084937,0.9281507613359478,0.8673890899037414,0.893437003824812,1.4233187864094505
2023-06-19,0.9229444386018355,0.9288098395944174,0.8769376672201153,0.895318697254152,1.414893457347464
2023-06-20,0.9275190355969759,0.9371117587071669,0.8813453260923325,0.901266543028139,1.4198909622861604
2023-06-21,0.9173021136332674,0.9158910630581926,0.8721614524282876,0.8912947587932374,1.429386216098169
2023-06-22,0.9183732038751038,0.9151383845981528,0.8659946611051056,0.8923455451793378,1.4313319651560672
2023-06-23,0.9212656730376438,0.915999635164194,0.8675409163252781,0.8977609654692772,1.4287897814025206
2023-06-26,0.9230042317059809,0.9213055092256793,0.8733814417509579,0.9034882376400328,1.4283694570787022
2023-06-27,0.9001440465105779,0.9049641421786709,0.8707807368188187,0.893304888853905,1.4515795027333775
2023-06-28,0.9054648273083277,0.9164259598916866,0.8833770344405594,0.901965640353694,1.4485635023041954
2023-06-29,0.9066199011913361,0.9262948842550432,0.8926539327371104,0.9108930131647035,1.458161478570928
2023-06-30,0.8947500212892365,0.9198353937043641,0.8870566472079668,0.9008894523232237,1.466833826910757
2023-07-03,0.8969486391281827,0.9207014653041787,0.8864797602693988,0.9023338020087949,1.465505429039617
2023-07-04,0.9002109685223477,0.9236655479791814,0.886511708425561,0.902550034906335,1.4641984532497923
2023-07-05,0.9012866799928874,0.9252337007100397,0.8878633556130425,0.9045387846399071,1.4634222028287205
2023-07-06,0.9070461886018916,0.9392593519390439,0.8967731249060796,0.914704649528494,1.4671798240459017
2023-07-07,0.9069907668767679,0.9379678099847154,0.8960446505299409,0.9058015157822037,1.4579995543064697
2023-07-10,0.9084865679809191,0.9377876980563875,0.8963656205229613,0.9066709050354483,1.4589575694906631
2023-07-11,0.9124635792419331,0.9429189851678855,0.9041110392661754,0.9175798370351561,1.4580284999419628
2023-07-12,0.9106898129880945,0.9437740825533836,0.9036427568725061,0.9185349046626772,1.458661568279576
2023-07-13,0.9101769530042596,0.9348888681033026,0.9014934640455128,0.9197268828108146,1.459505333599205
2023-07-14,0.9143018272874349,0.9396638178506769,0.9019397565220347,0.9239189383943976,1.4607710456098855
2023-07-17,0.9165034951892599,0.9438129041059843,0.903510189784342,0.9207919415530449,1.4576069267340515
2023-07-18,0.9160821747901545,0.9355273310164599,0.9014370505945454,0.9261858657188984,1.4491135350961735
2023-07-19,0.9243162785180722,0.9438179634177467,0.9099031963172609,0.9317853465269066,1.4422756320004175
2023-07-20,0.928037900008461,0.9505564409871922,0.9134175847504125,0.9462753160752471,1.4284732128650626
2023-07-21,0.9254253086663047,0.9517178776346173,0.911189468387796,0.9425927896054421,1.4306600318518226
2023-07-24,0.9255323572791438,0.9525083725382386,0.9116238332438819,0.9438043330277072,1.4301018431235168
2023-07-25,0.9237793778280768,0.9509019916531448,0.9081473156479051,0.9421748236620975,1.4264618356564345
2023-07-26,0.9243807064651185,0.9553231850513236,0.9119024999566416,0.945815494015946,1.4231849449103788
2023-07-27,0.9250349666191736,0.957291875474503,0.9125671390455774,0.9476599103179906,1.4042422469354263
2023-07-28,0.9259666100746702,0.9569772330889291,0.9155453718741643,0.951252331764242,1.387614894510912
2023-07-31,0.9254715452865316,0.9563621667491816,0.9172636782275403,0.9509181197244712,1.3865987323270956
2023-08-01,0.9256479941655605,0.9591527191773854,0.9167571540141001,0.9559624443920723,1.3945811966060868
2023-08-02,0.9332534073270551,0.9615665548780604,0.922426817883038,0.9622501427102547,1.3914898220074814
2023-08-03,0.9325161710914515,0.961277679182902,0.9202989694162445,0.961390194011363,1.3890734535194735
2023-08-04,0.9320830590811473,0.9612866319763876,0.9205398026277378,0.961895859412548,1.3895376401130548
2023-08-07,0.9347572907096906,0.9624732887627209,0.9213445802584662,0.9620653043140063,1.389331588886972
2023-08-08,0.9344161927593543,0.9626933180089616,0.9212013394150586,0.9621529154363209,1.3894114957878057
2023-08-09,0.9395696305038417,0.9681437799966397,0.9242705186745768,0.9635120129772115,1.3875413218870711
2023-08-10,0.9393560772766062,0.9733519588822023,0.9299167036555048,0.9744292210755222,1.3860378117410994
2023-08-11,0.9466402081976282,0.9735037275884896,0.9282404960938151,0.9698555681744939,1.3832422854028465
2023-08-14,0.9460061962327121,0.9774918911962736,0.9336888724518205,0.9732741540104413,1.3769730103855542
2023-08-15,0.9456593254902708,0.9802115977979832,0.9370354498267374,0.9731015981154741,1.3747082581205117
2023-08-16,0.9434960607224336,0.975916317989061,0.9355990940194475,0.9743802847080592,1.3690338277813339
2023-08-17,0.9417377476648862,0.9801608401657251,0.9396742121781868,0.975827028209425,1.3727899500401213
2023-08-18,0.9434449800741244,0.9807333668565485,0.9389249566916242,0.9745683561009779,1.3720487690729222
2023-08-21,0.9440688969464218,0.9807663210806251,0.9457113717841213,0.9764335422441444,1.368444810343113
2023-08-22,0.9435570879353223,0.9798214803465715,0.9419339293899212,0.9751949831929818,1.3648939863449858
2023-08-23,0.9387533634063484,0.9747159556866726,0.9377099732789812,0.9716906883777768,1.3510482074695767
2023-08-24,0.9414505278128599,0.9774836017958333,0.9411845794275071,0.9685619440493385,1.3546061085685184
2023-08-25,0.942629751967338,0.9808095237621208,0.9382400490742975,0.970833550915066,1.3491092900254953
2023-08-28,0.9458800490327691,0.9821623069898258,0.9386531535417971,0.9736429123582909,1.346835767023759
2023-08-29,0.9413981807598278,0.9750023860312114,0.9382108070555311,0.9696057977282124,1.3493317688724202
2023-08-30,0.9394619350311326,0.9773776941260515,0.9368360170192737,0.9677013512739068,1.3479804711740762
2023-08-31,0.9406470553670072,0.9796909535606796,0.9389583302929859,0.9694209049741642,1.3494459931856555
2023-09-01,0.9467157385606372,0.9915613558739489,0.941309428151204,0.9827737986075011,1.3626610372241905
2023-09-04,0.9488286564945327,0.9921184449263062,0.9418314330877551,0.9822956405621016,1.3648990808861097
2023-09-05,0.950157486434931,0.9937553849630351,0.9435871661851282,0.9839346263346632,1.3636787197542954
2023-09-06,0.9498460235774302,0.995808405818118,0.9474680668387804,0.9834860509020075,1.3759822761971687
2023-09-07,0.9399994786482887,0.9754942998875731,0.9359310329800731,0.9808019807453364,1.3512020111296517
2023-09-08,0.9451673523416182,0.9817848970593842,0.9357800368999571,0.9700740840149303,1.341763775933839
2023-09-11,0.9483826712433372,0.9838298537450283,0.9404067516912195,0.9731349219861876,1.3481523545350682
2023-09-12,0.9494745575061534,0.9869963615806762,0.939881760538629,0.97101775442225,1.3444592210937507
2023-09-13,0.9442407447793041,0.9845428062008433,0.9385959871475915,0.9671622936891137,1.3410036410076316
2023-09-14,0.9259855203967945,0.9779433095062726,0.9478310597842092,0.9717082682244096,1.3422522299943909
2023-09-15,0.9238796966643033,0.9763603937420898,0.9420806215552915,0.9611753169905167,1.3356982746897983
2023-09-18,0.9282817984549625,0.9934556570622615,0.9520177000616543,0.9636175036666287,1.3325725767353844
2023-09-19,0.9298512133411683,0.9929830251298413,0.9527610683796242,0.9657391714783645,1.3306811313211562
2023-09-20,0.9235882868078125,0.9877388073607154,0.9509532988126351,0.9648281583059239,1.342134506795654
2023-09-21,0.9307271447213128,0.9970068617794602,0.9687479224095428,0.9748337175610341,1.3524650937035565
2023-09-22,0.9286441468081134,1.0006706928381182,0.9735671196532667,0.985198375545216,1.3457259463861746
2023-09-25,0.9436428178719461,1.0175835361086023,0.9781641997994962,0.9860701222766558,1.3549067907797154
2023-09-26,0.9425145087829695,1.017054818569718,0.9797774709740374,0.98243160899722,1.3560875543307989
2023-09-27,0.9402847544634617,1.015160687437424,0.9786669544018362,0.9821281952355904,1.3503705126168688
2023-09-28,0.947568375226533,1.0200016470909115,0.9834366851930081,0.9818072222728873,1.3602338603227377
2023-09-29,0.9348078816944241,1.0180711573754422,0.9741085380039952,0.9719277796606858,1.3411444912072408
2023-10-02,0.9349556511062151,1.0183260658760636,0.9740380149671655,0.972934434730376,1.3395039583224582
2023-10-03,0.8967076703318347,1.007614649613993,0.9561700388960515,0.930583026647394,1.3429874550542942
2023-10-04,0.8887417098694128,1.0076701157117163,0.9389907833778616,0.9268698418819212,1.3483573081281486
2023-10-05,0.8903909940164483,1.0085173559989846,0.9421455696585167,0.9275905726621689,1.3496643349428095
2023-10-06,0.8936560067570436,1.0139847562400668,0.9497973961938226,0.9308298689716951,1.3488239704449518
2023-10-09,0.8902959676386873,1.011272321577775,0.9488183729568446,0.9276127386722423,1.3548634346943906
2023-10-10,0.8864883055885701,1.0082051167086008,0.9449446626127643,0.9258631334743638,1.3541384919782105
2023-10-11,0.8829737667732255,1.0071145752217632,0.9406197187725451,0.923882853995186,1.3577032353717164
2023-10-12,0.8844350815867884,1.0089350659315715,0.942852599618478,0.925475204216391,1.3572577285745706
2023-10-13,0.8950605085550184,1.0118819942301056,0.9403773476462267,0.9423653352484976,1.3563344876215084
2023-10-16,0.899562874733263,1.0176581811284662,0.9528244545811188,0.9593603272104205,1.3341893352090601
2023-10-17,0.8978347894623078,1.0225740649019734,0.9443848655993383,0.9701501591628622,1.2952091256192215
2023-10-18,0.8967416134731354,1.0208173975127386,0.9472404984838778,0.969094103189175,1.295225380108055
2023-10-19,0.910625361579084,1.0356219739695025,0.9651965310280834,0.9708772711439854,1.2926325112991406
2023-10-20,0.9057584199321165,1.034877724250358,0.9672461962201986,0.9715208264281634,1.299415207605952
2023-10-23,0.9093304351470765,1.0412246637046556,0.9727707157703177,0.9837961851289347,1.285760011802148
2023-10-24,0.9071881297861464,1.0393722904319074,0.9730878714923681,0.9830027037878629,1.2822459834826432
2023-10-25,0.9073625494169175,1.039350707308656,0.9727592049235047,0.9829619562159352,1.2816587310613474
2023-10-26,0.9065889594073342,1.0422368962853914,0.9807570872532475,0.9961779918469245,1.2852943910265182
2023-10-27,0.9182488804542585,1.051462780863554,0.9934962672890006,1.0078395782831764,1.291355511274807
2023-10-30,0.9204332884707798,1.0563296897691092,1.0001862071585508,1.0085743719554474,1.283857442544318
2023-10-31,0.9233993304710956,1.068243901651317,1.01078510290139,1.0106674119474945,1.2929344641364497
2023-11-01,0.920523496872463,1.0648947669580555,1.0090040271857172,1.0091971686404066,1.2837133620577388
2023-11-02,0.9310493383392645,1.071494680413794,1.0099169473661602,1.0274040484134594,1.2906896535953405
2023-11-03,0.9428239801912335,1.078702183488098,1.0119451930891679,1.029837334123665,1.2865989355759586
2023-11-06,0.9459066327226227,1.0890536648509452,1.037384427860135,1.0418055475196264,1.2850548484701376
2023-11-07,0.9432754351625163,1.0898207334083294,1.0382531806731103,1.0440437475467095,1.2863249096117026
2023-11-08,0.9454584426805333,1.0974003226738331,1.0424303727537487,1.0442543147562422,1.28674135940105
2023-11-09,0.9470508524828937,1.088722278394284,1.0448383014573046,1.0432031099899366,1.2879179674958465
2023-11-10,0.9712236011886849,1.1396940158861453,1.0715885422693325,1.082257713597873,1.237815725810891
2023-11-13,0.969310232972834,1.1328055504750385,1.0700894886117458,1.0893695022902927,1.238763794294317
2023-11-14,0.9709381407618713,1.1237125912932076,1.0712140025424892,1.0842756351378846,1.2392037203273114
2023-11-15,0.9493748861056136,1.1040396173652303,1.060634267214087,1.0775475470755478,1.2767609691653539
2023-11-16,0.9437407391850906,1.1030625372458935,1.05692375516224,1.0702173071361027,1.2707807578291457
2023-11-17,0.9435420005999318,1.1030743698227163,1.053946229270302,1.0696463035664725,1.2721398324838933
2023-11-20,0.9453751146914323,1.1047784508855836,1.0568121481532606,1.0720075331899714,1.2713907423692077
2023-11-21,0.9444513687332617,1.1051815388114279,1.060611875285082,1.076759550391996,1.2794791154544987
2023-11-22,0.9471461966605962,1.1046292744497888,1.063736827126524,1.0828062112152042,1.2771298410671876
2023-11-23,0.9483576672738238,1.1009071073315155,1.057799162475471,1.0799410116554746,1.2766345117949927
2023-11-24,0.9472724094488769,1.0993031606743553,1.0571454630152193,1.0793199143787833,1.2775437035653354
2023-11-27,0.948465703982727,1.0955669236797427,1.057133273974287,1.0814330997528119,1.2779779722832192
2023-11-28,0.9516084939122877,1.0983839095194818,1.0583120270660649,1.0820127513696656,1.2784285189289668
2023-11-29,0.9532264737313236,1.0988143034723357,1.0589965119942804,1.0837017791120784,1.2780729941212239
2023-11-30,0.9602865102163274,1.105555593702649,1.0638740921925887,1.0853086116543325,1.2798927657289552
2023-12-01,0.956619017911037,1.1041076375417438,1.064866478874578,1.0818515145204866,1.280029548741381
2023-12-04,0.9587149804363492,1.1060861964452138,1.065064880208321,1.0792927343237375,1.279658141017501
2023-12-05,0.9553243386979556,1.094892106294207,1.059427357922211,1.0731390663423528,1.271039841556397
2023-12-06,0.9542930727427771,1.0939585960399714,1.0600355681288338,1.0615932658986642,1.261867593783724
2023-12-07,0.9573966618482032,1.0884292762082812,1.0571585746964327,1.0550793636799076,1.259549945408516
2023-12-08,0.9608845811847511,1.0892251638834345,1.0561008881711453,1.0559909745925165,1.270929647859481
2023-12-11,0.9640507700425642,1.0911230778922343,1.0565979342440521,1.0559548608385259,1.280634314276412
2023-12-12,0.9620054687761374,1.0876429183132563,1.0518853930567753,1.0515343209980257,1.27860296734869
2023-12-13,0.9641353651943833,1.0943976321700193,1.0594279894035281,1.0587928911268516,1.2819099966504035
2023-12-14,0.961947787557425,1.0834304529104246,1.0468625410257484,1.0489407790567677,1.2974029603260713
2023-12-15,0.9591233452986819,1.0792823431817753,1.0464873736156297,1.047925019981612,1.2924907380975321
2023-12-18,0.9585971829810698,1.078318441039448,1.0461270753072172,1.048728121292608,1.2912724806317715
2023-12-19,0.9718780018176615,1.097982878367366,1.06788862970407,1.0693389606501977,1.2962098630585797
2023-12-20,0.9899367096201315,1.113598809119537,1.0718904087074395,1.069952053312822,1.303927055698067
2023-12-21,0.9883990584413597,1.1114028329835883,1.072857442012455,1.072193013919859,1.3060932976350488
2023-12-22,0.9875563528706578,1.1127998962596464,1.0753912922500073,1.077079902916672,1.3082712527280398
2023-12-27,0.9826612619958842,1.1090825524070544,1.0718238372009423,1.068300624080525,1.3101057568738512
2023-12-28,0.9834348701878258,1.1090826044654973,1.0714411346453794,1.072112193444767,1.3102838195875468
2023-12-29,0.9834514551042672,1.1080389937022046,1.0717030758001687,1.0720516917778546,1.3099490206081026
2024-01-02,0.9849057688299321,1.1001275116395002,1.0584283764843458,1.0550425276212039,1.313239464535351
2024-01-03,0.9786661001476713,1.1041988584539817,1.0324479458181695,1.036729999332165,1.2989332346334397
2024-01-04,0.9794234509241531,1.103983785746537,1.034562521535722,1.03825779829918,1.2994872422523496
2024-01-05,0.9826939881116663,1.1109161609085239,1.0389824786400834,1.0407227376856036,1.3027631703144513
2024-01-08,0.9870108175061216,1.1085191554183285,1.0398604143323962,1.0400164627264148,1.3027121998562747
2024-01-09,0.9874860424845379,1.1105109455606519,1.0410248948916594,1.0398038017592421,1.2983225150683118
2024-01-10,0.9943365089547785,1.113941619446857,1.0511172340342443,1.0352535730525914,1.2964729611348396
2024-01-11,0.9940745221110778,1.1034941334098445,1.058003998255876,1.0393738264425152,1.2992008518705724
2024-01-12,0.990796386615959,1.0986081176795066,1.0558637421162842,1.0384572015852915,1.3001108875726661
2024-01-15,0.991136766602084,1.0971318200152456,1.0568979727226469,1.0331763225009107,1.3009025978645616
2024-01-16,0.9873753847701332,1.0917792139119185,1.0542717628715752,1.029150595909769,1.2868153164037563
2024-01-17,0.9882034829249382,1.091009816669423,1.0558906507030177,1.028809904665076,1.2873281340102083
2024-01-18,0.9822175272360412,1.0872028096138866,1.0538575907595922,1.0262107907970477,1.2842152078031313
2024-01-19,0.9800404835659157,1.0895965898273858,1.0578240925700846,1.0297624610703038,1.2872197112041923
2024-01-22,0.9837572823000263,1.0915997548077268,1.0598585821808588,1.0331956786271255,1.2830774515140766
2024-01-23,0.9884076041136782,1.0971559978193353,1.0665991161682609,1.0391379637098224,1.284308767397333
2024-01-24,0.9904598842372037,1.0989024432834293,1.0673557660686892,1.0394549139711429,1.2861534868435969
2024-01-25,0.9873115904303993,1.0939405756609972,1.0655264259989066,1.0351294692954662,1.280423154666348
2024-01-29,0.9888564679021732,1.0962123367729855,1.0662497426646413,1.0363462648136343,1.280680461410126
2024-01-30,0.9885486468014841,1.0952826717042647,1.064320302910317,1.0351421938545071,1.2804268639683858
2024-01-31,0.9910455724785379,1.0993463109727855,1.0699527649006435,1.0375452364723772,1.2815095938447563
2024-02-01,1.0094873651005525,1.1089411533002198,1.0750129656478518,1.0365371564213424,1.2764783518297942
2024-02-02,1.0061222722142722,1.099477195250153,1.0643824452233552,1.024498154095435,1.2778828125395783
2024-02-05,1.0007452298630626,1.0895949520514019,1.0522034717965432,1.0176607146953163,1.2716987024396988
2024-02-06,1.0028225109625255,1.088787894887736,1.0498270275890285,1.0139608402587164,1.2780471927000454
2024-02-07,1.0017796218144932,1.083037466895741,1.0483153809470243,1.0106070542106123,1.2720754925401585
2024-02-08,1.0048778590809477,1.0850941803742402,1.0511154452986178,1.015802627759866,1.27332576017088
2024-02-09,1.008075383169056,1.0845909192177896,1.0542199600640139,1.015221148747689,1.2707527985365494
2024-02-12,1.0075781470349454,1.0790217112234937,1.050447049188941,1.0099744944021842,1.2733507445270178
2024-02-13,1.007466584404202,1.0770154767055249,1.049382655100547,1.0091000627458446,1.2738382258089653
2024-02-14,0.9720302728538381,1.0536976468523065,1.027081440349318,0.9893247691746682,1.2775437059574006
2024-02-15,0.982199875514779,1.0562907041901828,1.035827994854888,0.995179705582878,1.28777339769329
2024-02-16,0.9903344916148896,1.046280087174237,1.042869918398254,0.9933150282476497,1.2734912003723766
2024-02-19,0.9902225408505729,1.0458227004268308,1.043986632597494,0.9933257378929431,1.2728942665557614
2024-02-20,0.9893202378473188,1.0440852171122028,1.0407312057841545,0.9944753367187223,1.273390455383236
2024-02-21,0.9854840354281416,1.036724593105963,1.0367787519321865,0.988067354086507,1.2676924682049584
2024-02-22,0.9885397806210906,1.0337275336878966,1.0344181093138185,0.9861928013746537,1.26712982191674
2024-02-23,0.9858237987126282,1.0359943663652438,1.0343901915543294,0.9883327612250126,1.2682261709012772
2024-02-26,0.9981517206844743,1.0510015504670895,1.0475782886857985,0.999951808443029,1.279798476424437
2024-02-27,1.003378789642105,1.053186970585313,1.0534097929721395,1.0048538748132894,1.2804348326810426
2024-02-28,1.002350634840992,1.051543463982636,1.0515889398714875,1.00385750720747,1.2807099211197546
2024-02-29,1.0021856640759796,1.049252055289767,1.05198547545518,1.0018763182842445,1.2809703995000736
2024-03-01,1.002115759595354,1.0467725906588905,1.0498193726315583,1.0032702556914188,1.2765244879127127
2024-03-04,1.000307477434127,1.0442145427230158,1.0439005722846364,0.9991307323881587,1.2691654113641189
2024-03-05,1.0026451914794043,1.044878173545099,1.0412422534365338,0.9967786079744039,1.2654774580369679
2024-03-06,1.0048504303840937,1.04469009798925,1.0390261582938498,0.9974336309233299,1.26486496530948
2024-03-07,1.0058300694241085,1.044982564603358,1.0380217452700378,0.9988546772419286,1.2657772800883245
2024-03-08,0.9913260565994494,1.0418670915002939,1.0434910634070902,0.9957540183926255,1.2650757562829926
2024-03-11,1.0071811814352039,1.0562947828949676,1.0606461672362402,0.9917774231522958,1.2392329240974738
2024-03-12,1.0256758529365015,1.0544411035863275,1.0738017775688367,0.9894203269873246,1.2226187184984882
2024-03-13,1.030766521615878,1.0581524354683483,1.0752843403343826,0.990546196566792,1.224875160103465
2024-03-14,1.0506816406174637,1.0605374451840994,1.0747235309094187,0.9840478846272855,1.2282148798118793
2024-03-15,1.0485466684046267,1.0489076933583548,1.0785069308890347,0.9817221346685153,1.2241792568562522
2024-03-18,1.0615350815087288,1.0477428619475775,1.0893699227498728,0.9800781303438348,1.1874006940776571
2024-03-19,1.0619796864945594,1.0485069500460067,1.0840304198028798,0.976421830657001,1.168266972103925
2024-03-20,1.0644890554383097,1.0547690240321288,1.0915080729005704,0.9805636904408066,1.172972853500422
2024-03-21,1.0756837254282168,1.0620374428505859,1.0983742569951442,0.9810496383687387,1.1671130799568337
2024-03-22,1.0739850544542713,1.05880212762202,1.0985251438267516,0.9787407306172553,1.1659813531927705
2024-03-25,1.076569670226831,1.0532120042638997,1.0952140501744052,0.9779934157438237,1.1606173025883217
2024-03-26,1.0768639289269948,1.0551936520180525,1.0948426492201502,0.9799074492701816,1.149607119543606
2024-03-27,1.0792987477857574,1.0598178930682707,1.0902447350260926,0.9807204902673279,1.1469299890168472
2024-03-28,1.069419729291243,1.0385984066327258,1.0809383833102293,0.977216820424073,1.1449153823567266
2024-04-02,1.071717842958357,1.0425427658761257,1.0878038166415505,0.9812101829173421,1.1367157560572043
2024-04-03,1.076695147368899,1.0404249483411265,1.0822129780848555,0.982065509207574,1.1372475713493226
2024-04-04,1.0771297893281777,1.037568428674658,1.0839479209764202,0.9829916031039105,1.136485491500376
2024-04-05,1.0756033238050808,1.0357776999844157,1.0812510556792352,0.980901855456913,1.1378999556040494
2024-04-08,1.0757850126082953,1.0348930300192156,1.0816132783499677,0.9800786066389721,1.1348593646051348
2024-04-09,1.0840944894192877,1.0354263035935007,1.0803678445877793,0.9775287193569155,1.133691679729927
2024-04-10,1.0854259187142188,1.0386004766673775,1.0821463997217244,0.9775902269898292,1.1331172917618477
2024-04-11,1.0865859379580818,1.0417702120521102,1.0853183347912259,0.9845043856788928,1.1336614756097372
2024-04-12,1.085914251912358,1.039849192359978,1.0849381658419786,0.9825506946031283,1.1324011982199313
2024-04-15,1.0893302422454618,1.0400489233493135,1.0814689018417465,0.978838371018236,1.133680887703237
2024-04-16,1.0925384572480137,1.0394895930715196,1.0895595396459916,0.9876130972860047,1.1206038298519188
2024-04-17,1.092794439917134,1.0404033999307565,1.0896161209589617,0.9877793562936431,1.1214555526212453
2024-04-18,1.094131884336031,1.0426344395139844,1.090371320319437,0.9889112215119675,1.1243056227665476
2024-04-19,1.0893002468737663,1.0415673742835934,1.086207852359261,0.9898952620270399,1.1336975572354044
2024-04-22,1.086837527283926,1.0401674862874477,1.0829294168363273,0.9782641491858148,1.1379061903663164
2024-04-23,1.090243902320954,1.0431926619591845,1.0845558821139138,0.9794652472533043,1.140382925309034
2024-04-24,1.0887083371128987,1.0427455517775448,1.0845196150276788,0.9790298142657332,1.1407257684173167
2024-04-26,1.0921868188520967,1.043328384062229,1.089000231007466,0.9854982010066639,1.1277985324174706
2024-04-29,1.0891037989368582,1.0372060723431498,1.0845905171599326,0.9807879389933933,1.1252391975363552
2024-04-30,1.0944489111561146,1.041803299046168,1.0925416648310489,0.9838938843539627,1.1209937166755861
2024-05-01,1.0797957990359945,1.0216406740763246,1.0797829616263794,0.9688698835922792,1.1148366776486687
2024-05-02,1.079126843372512,1.0191513482888013,1.0779941489545817,0.967631520116512,1.1158682034619594
2024-05-03,1.077304964751088,1.0207201495815361,1.0816823822084094,0.9658480216543477,1.1050862298865827
2024-05-06,1.0785844797906918,1.0136094925270394,1.0862471732084964,0.9718932893641039,1.1284591489839144
2024-05-07,1.0843381621473276,1.008056262581906,1.1004308037869492,0.9565838941809383,1.1419473169324519
2024-05-08,1.085410218626463,1.0061389831400078,1.0998416466981624,0.9580450860402832,1.1417556865514595
2024-05-09,1.095832278861844,1.0092787494578535,1.112859056702559,0.960294805676008,1.1303367664465656
2024-05-10,1.095502268472796,1.010387361011304,1.1151339549334178,0.9617667073804168,1.1324889064747046
2024-05-13,1.0959916184848129,1.0103629801645806,1.1151993690007986,0.9626506610290207,1.1324828984280157
2024-05-14,1.0928585731067944,1.0115780609345641,1.1169287439599593,0.9655304420109114,1.132683403538924
2024-05-15,1.093017760738226,1.0059130616347058,1.1110275004254517,0.9638560549085878,1.1258474051816425
2024-05-16,1.0930192606073668,1.0136413519373608,1.106239460159375,0.9708706638190221,1.137639425526953
2024-05-17,1.088941462784863,1.005143534641328,1.0966932941990244,0.9653537937510155,1.1355857089480186
2024-05-20,1.0867492794938292,1.0029253362559138,1.0951974242900666,0.9617463666271642,1.1407500435446372
2024-05-21,1.0869120378525525,1.0031355914782234,1.0951063655552968,0.9614003623084957,1.1425625194356503
2024-05-22,1.093105441975641,1.004714695483432,1.0976283229160464,0.9634053943198614,1.1370725754391955
2024-05-23,1.0839620892979498,0.9973416466409933,1.094173107682036,0.9511658679069581,1.1298388507811572
2024-05-24,1.0876358651401143,0.9993985212401588,1.0950747947706465,0.9507945726922137,1.1262031941724364
2024-05-27,1.0854835434676964,0.9966667359504952,1.0929829668038182,0.9510541839594732,1.1230077643425165
2024-05-28,1.08406880772413,0.9956531999905781,1.0932416960448188,0.9477937993160339,1.123721018982233
2024-05-29,1.0776172003272684,0.995249612059163,1.0998431161887325,0.9534178455495453,1.1130666624818923
2024-05-30,1.0776024965381037,0.9943112361755301,1.1007905197411059,0.9532110478324753,1.1143028778266697
2024-05-31,1.0808840536879463,0.9986780553685721,1.096930998010673,0.9556209060907584,1.117284172017074
2024-06-03,1.0884317167926838,1.0038489326699556,1.106766502311772,0.9537911929205442,1.1119279717090478
2024-06-04,1.0877155430672312,1.0023355414236648,1.0964837704150119,0.9472315005523696,1.1091443981646245
2024-06-05,1.0873259169233203,1.0000518505210354,1.0926617059472388,0.9478322588647341,1.1100020503203636
2024-06-06,1.0898523568771328,0.9979111698461189,1.0946821977890089,0.9489157690365125,1.1096564676374714
2024-06-07,1.090856559499577,0.9987379011552464,1.0927277813134022,0.9475969243556351,1.1084929202967964
2024-06-11,1.0806289702795782,0.9970808481635821,1.0894395607160152,0.9448256433769616,1.1033969869046656
2024-06-12,1.0804395708409922,0.9953510087608521,1.0851969512876596,0.9460595879030397,1.1016212006599795
2024-06-13,1.0818024416492884,0.9957630735508974,1.085516085094107,0.943463718448982,1.0954021944911014
2024-06-14,1.0800870697606249,0.998316829562784,1.0836362807276803,0.9466404333356669,1.0950484722747347
2024-06-17,1.0769956937256462,0.9955219659931418,1.079345018502582,0.9418749918786603,1.098346932715997
2024-06-18,1.0828146812490769,0.9984427752868161,1.0752765249452567,0.9466753161403628,1.1125965739997459
2024-06-19,1.0866317061702884,1.000756014647145,1.0734308192412905,0.946865543513276,1.1018672418858486
2024-06-20,1.088101719560078,1.0018536849417126,1.0843353729776837,0.9448045247290062,1.0898645003382341
2024-06-21,1.0845657318545125,0.998553885057383,1.0827479210281834,0.9313849118971048,1.0896178495721858
2024-06-24,1.0829254338380507,0.9968929772654812,1.0793654434046733,0.9336944659852147,1.083497446514771
2024-06-25,1.0824706642082582,1.0027722685634906,1.071349139149446,0.9214621300157271,1.0918939168803903
2024-06-26,1.0878162985131365,0.9995777678819222,1.0656797849648678,0.9236584062053627,1.0939733543136767
2024-06-27,1.0888701481085807,1.0011827634701675,1.0672831919700438,0.9251629184366887,1.093404059133048
2024-06-28,1.0893000546392546,1.001485816653156,1.0678781042932775,0.925093323404046,1.093144469180424
2024-07-01,1.0911505621885238,1.005179484256954,1.0691871251479297,0.9222693690424089,1.0972947856276978
2024-07-02,1.088650498702572,1.0055632920714686,1.0671625774268743,0.9211623163662701,1.0959194974010644
2024-07-03,1.0868241074385543,1.0017185370276807,1.0649827555389524,0.9178602516437704,1.0951534036505521
2024-07-04,1.0921137214614267,0.9874814341137875,1.0548773473702715,0.9100159239362499,1.0841390432056692
2024-07-05,1.0940207534103426,0.9950846501522812,1.0595996090128394,0.915225023080273,1.0921661860252434
2024-07-08,1.0938106350325683,0.992487051041151,1.0587083045024872,0.9112949684990476,1.0868708903083095
2024-07-09,1.1064921684829,0.9894911735607893,1.067094948204229,0.9084100598482451,1.0696218830424213
2024-07-10,1.10933389793021,0.9882320303287594,1.0688654571004144,0.9043541164941613,1.067956222554891
2024-07-11,1.1133642932873733,1.0038360839087652,1.0711988002265744,0.8886815334135276,1.0471254495537978
2024-07-12,1.1169257848980694,1.0085039257276824,1.0766884671165675,0.8916809912484385,1.041208444271107
2024-07-15,1.116663325887378,1.008864785152662,1.0757419559984756,0.8923239847938199,1.039444893327453
2024-07-16,1.1184276602848282,1.0121922282089382,1.0767193153679426,0.8961113602578678,1.0373783649703872
2024-07-17,1.1119675687597042,1.0113438615601755,1.0714497308895463,0.889066917764123,1.044527446957897
2024-07-18,1.1131258649379536,1.0114215611207116,1.0709663051763747,0.8877194049666494,1.0440097920695608
2024-07-19,1.1118290808123128,1.014768004749865,1.0710667677324048,0.8903352759439755,1.034821063164559
2024-07-22,1.1093431465755546,1.0159750823462632,1.0713823066028996,0.8918299109862755,1.0352818176907046
2024-07-23,1.1141450820200438,1.0213722945723611,1.078314845465313,0.8953368715352747,1.0358612225326589
2024-07-24,1.1162232608933247,1.0166359363787945,1.0729897841378249,0.8906878639018327,1.0375399992721643
2024-07-25,1.0991643157262578,1.0095416392903285,1.0643309262792742,0.8817066738271024,1.092244634929077
2024-07-26,1.094203071262879,1.008645320598576,1.066193126364809,0.8766641190684841,1.106633049941562
2024-07-29,1.0962839514924354,1.0110247050492298,1.0688302351021863,0.8628514350619894,1.1086873265832382
2024-07-30,1.0937686378440852,1.0097721194684761,1.0671934483764542,0.8657582737185318,1.1036591149017412
2024-07-31,1.0708419864063223,1.0027928871530234,1.0662334272349914,0.859159267647228,1.0944166862531644
2024-08-01,1.0660626955105768,0.9984600154305692,1.0656293290217875,0.860383696608069,1.0950007731696358
2024-08-02,1.0780992425542875,1.0347405693589504,1.070973697613858,0.8605066639141578,1.0928435433099912
2024-08-05,1.1275814630694283,1.0594661058014296,1.0871304837622005,0.8956625935138428,1.129060400903291
2024-08-06,1.1323265107633365,1.0599313874613754,1.0870442150018857,0.8932161474070217,1.1312914932441864
2024-08-07,1.1260028315018533,1.0535903625489993,1.082313457667229,0.8921753172615551,1.1338352242068246
2024-08-08,1.1244301336382365,1.051178714893874,1.0806295608972505,0.8906368576114848,1.1341572211608717
2024-08-09,1.114588579697481,1.046879426404487,1.074579643957384,0.890259605546065,1.130539099321757
2024-08-12,1.1164399949738533,1.0482950223173275,1.072947679489602,0.890766706602387,1.140216758027691
2024-08-13,1.1194726837255298,1.0465172690344775,1.0743417468969811,0.8937127666053273,1.1406523819798835
2024-08-14,1.1244448069736939,1.048475087640778,1.083106071888363,0.8962315229339534,1.143505407559749
2024-08-15,1.1275705746042914,1.0409225997873104,1.0775594921414497,0.8957547704752765,1.1379271000649238
2024-08-16,1.1350032892838842,1.0410355453369724,1.0743511822582923,0.8966908417756024,1.1287617707082687
2024-08-19,1.134630054962082,1.041478676212173,1.0655974584273902,0.8943648619452754,1.1332314744107153
2024-08-20,1.1345110474217335,1.0406784535691767,1.06453976894934,0.8947980731023751,1.1330092761554433
2024-08-21,1.1329979822932283,1.0405182207405164,1.0624611341072059,0.894171046881957,1.1352977788129457
2024-08-22,1.1312990125504412,1.0383570500287833,1.0588487272312122,0.8940024857619784,1.131043100134227
2024-08-23,1.1306733712686337,1.0319877304626475,1.0615215768107336,0.8945050205391639,1.1324012453373706
2024-08-26,1.131631520317522,1.036497534586964,1.0699474729914609,0.8956884116154362,1.1344143709830998
2024-08-27,1.1361810559515684,1.0394171950619138,1.0711907738893491,0.8948362479175402,1.1331755894155908
2024-08-28,1.1417159445057345,1.0373757688395355,1.0763477706022224,0.8960637099215654,1.1329145414891557
2024-08-29,1.1404403876249085,1.0348615613218846,1.0731188891018593,0.893863151479135,1.1301012328655402
2024-08-30,1.137928444796465,1.0347713776550278,1.0707608991625654,0.8952073904091735,1.1289702499807623
2024-09-02,1.1399342680374267,1.037915798085201,1.0738823618496154,0.8978552213025551,1.1300974010391258
2024-09-03,1.1390072075689437,1.037403712009212,1.0721788189013326,0.8969802044712716,1.1285509841290928
2024-09-04,1.1445759307687078,1.0433756846600477,1.0705234022138927,0.8969470491821065,1.0989099645313014
2024-09-05,1.1516835459550738,1.053959767404726,1.0800433878453999,0.904722706192064,1.117591908086487
2024-09-06,1.1541417044179008,1.056861173466313,1.083326018713631,0.9085938074735757,1.122427216708293
2024-09-09,1.1526054437156734,1.0544740387879257,1.0809933073436109,0.9074102325585608,1.1210625630696809
2024-09-10,1.1531580931807333,1.0539258257196398,1.0830748855357124,0.9064029516669986,1.1245045453622036
2024-09-11,1.1593649660250078,1.0584583017537095,1.0882322301703726,0.9152539978389176,1.1316566569581992
2024-09-12,1.1598439997998138,1.054734088458052,1.0891729347378933,0.9167402595766156,1.1333925639286861
2024-09-13,1.162639119620579,1.0533067861789087,1.0949423789873507,0.9230922633956308,1.1393820312503005
2024-09-16,1.1644234827583548,1.0563736843754403,1.1014072345153822,0.9268155162491485,1.1405634391123913
2024-09-17,1.163809478031296,1.055170573827081,1.1015346480340535,0.9242945343108198,1.1429893940980793
2024-09-18,1.1644046058188775,1.0564728817665603,1.1000363946522222,0.926229899910971,1.1454301721294387
2024-09-19,1.1606194357253354,1.0453963900918715,1.0868318301903492,0.9205917575096334,1.1410965275365632
2024-09-20,1.1605952603990066,1.0455559828677066,1.0871214591762914,0.9217047043692469,1.1404599675841625
2024-09-23,1.165008334623923,1.0416571900153144,1.083192669293061,0.9220217948488754,1.1371882333064312
2024-09-24,1.1727420286278465,1.0484905623755778,1.0871219938869305,0.9286263637405591,1.1377262082706854
2024-09-25,1.1774894177527182,1.0540742114457302,1.0894008479487693,0.9310496650757107,1.1408026457423315
2024-09-26,1.1663193200988247,1.048698369703438,1.0769115497387778,0.9253271522821481,1.1441265950049568
2024-09-27,1.167132103645121,1.0476118839494966,1.0771697333489676,0.9242589960492085,1.1417971939438083
2024-09-30,1.1674515054791623,1.0486930730339157,1.0718032711424625,0.920531347737968,1.1358350515505993
2024-10-01,1.1847352687234687,1.054997302728796,1.086764227556665,0.9316089385765901,1.14974753494922
2024-10-02,1.178814324023221,1.0496689049987038,1.0823143105715358,0.9237199727715232,1.1430760271048734
2024-10-03,1.178011458381883,1.0492839804421359,1.0800066012417255,0.923125122766727,1.1415839229321192
2024-10-04,1.1803073124010406,1.051587528838955,1.0829863465901857,0.9267509529399556,1.1419188479908333
2024-10-07,1.1838414997932067,1.0571045493983109,1.089517810870207,0.9289189625465366,1.1470441542179581
2024-10-08,1.1865091968427552,1.0582382829641448,1.0940189340660698,0.9298240282541019,1.1441774517884966
2024-10-09,1.191050473841724,1.0598114920204602,1.0989936771900226,0.9316420358576192,1.1402872221927536
2024-10-10,1.190711908644556,1.0571794959765752,1.0963389551602882,0.9313541302558452,1.1410669253697396
2024-10-11,1.1910928528778575,1.0558488688737149,1.0956228909882986,0.9305425794617319,1.1415757997285616
2024-10-14,1.1920368104433143,1.0559796628846607,1.0939775717869822,0.9327584027995254,1.1386779627766788
2024-10-15,1.1965503775825614,1.058239945069617,1.097043357860622,0.9325716170068138,1.1351094151947438
2024-10-16,1.194127849761628,1.0539579918340252,1.0948756282811738,0.928671335155711,1.1350805186998414
2024-10-17,1.196271774166019,1.0576636305797635,1.103579547541953,0.9368704916556729,1.1197327948959732
2024-10-18,1.1874921383488939,1.045952967696501,1.098545934726494,0.9330435326906127,1.1100201646518353
2024-10-21,1.1880132081358559,1.0480549873839144,1.1000912388387956,0.9315913103601325,1.1205919480038038
2024-10-22,1.1924392080716677,1.0543264256634337,1.101200078388436,0.9229750157743518,1.133644305522611
2024-10-23,1.1918534572525004,1.0535532983132458,1.1008306751490111,0.92192610070932,1.1336449392127033
2024-10-24,1.1915588091312135,1.053187418918835,1.0975492739803407,0.9215990712668004,1.1294719701126066
2024-10-25,1.1910157837942676,1.052754574518265,1.097427776029383,0.9216273701860141,1.130347709315978
2024-10-28,1.1856181761090245,1.0453083763685482,1.0955438532447102,0.9177147855163945,1.1337828398221528
2024-10-29,1.1864344171541514,1.0455769097152612,1.0949437644544848,0.9175489786702483,1.1331649141964817
2024-10-30,1.1906962713875988,1.0514316275940958,1.0966217124723674,0.9212024833032648,1.1414545249499053
2024-10-31,1.1876012093992712,1.046017458438061,1.0892774987179945,0.9141311459138435,1.146393247446959
2024-11-01,1.1866555371142347,1.0469734187005155,1.0860445885078776,0.9149743098736739,1.1567661558954696
2024-11-04,1.1897501764120113,1.0484814952157484,1.0843037896651464,0.9147455657774735,1.1546033915053284
2024-11-05,1.1891834861542272,1.0457298759035825,1.081698069542015,0.9131785251613328,1.1564938516287449
2024-11-06,1.188997103673333,1.0493095506541192,1.0802889121792572,0.9115182543924977,1.1698821860580275
2024-11-07,1.1866680758539045,1.0438786161208853,1.069835244680169,0.9134192778289083,1.170530409549524
2024-11-08,1.1860730681628064,1.038578501202749,1.0652940251076441,0.9097038864152441,1.1709378810216664
2024-11-11,1.185354517268251,1.0416471804230851,1.0659393661240752,0.8990321313668228,1.1634285628240755
2024-11-12,1.1855129826746993,1.0503377993983178,1.0654602180553099,0.9003493120890826,1.1620462785030479
2024-11-13,1.2030601250269992,1.0704786294648445,1.0731137376876951,0.909513999284135,1.1316289359845986
2024-11-14,1.2116988752557472,1.0709371211337644,1.0784148171332502,0.9171406912498078,1.136076640385552
2024-11-15,1.2146280309274706,1.0733066032092016,1.0832044896891295,0.926085230693472,1.1302032846324206
2024-11-18,1.2129398743413171,1.0726875027795113,1.0832542360870403,0.9256335088120637,1.1299834240897648
2024-11-19,1.216087078197616,1.072760643196055,1.0793481087163193,0.917875412623149,1.1265213681557638
2024-11-20,1.2108372938353895,1.0730539597551918,1.0819095652221375,0.9183117077851854,1.1251553714985052
2024-11-21,1.2101307080504489,1.0758107279401425,1.0856186534181331,0.9201693003788121,1.1248583489852437
2024-11-22,1.2137498407097456,1.0785358768223137,1.0846273844038294,0.9151300165972188,1.124409610567343
2024-11-25,1.212692920488884,1.081881158346967,1.0794244426504997,0.9093515307336302,1.1243573917795548
2024-11-26,1.2288836153568359,1.0831618375716552,1.0834917638490111,0.9145190969436362,1.1166337232484553
2024-11-27,1.2342605150811732,1.083177941916834,1.0842501189412241,0.9151588707815534,1.1133447263932703
2024-11-28,1.2328142394959307,1.0830858052948238,1.0842633005686526,0.9145697883094888,1.106707846399653
2024-11-29,1.232158304566595,1.0849705963841156,1.0836555816992608,0.9166586278015917,1.1062515571750366
2024-12-02,1.2324087039251799,1.0855703736174012,1.0851611839964075,0.9201632904590052,1.1067606857750725
2024-12-03,1.2329928666482588,1.0956319297886599,1.0935014244642434,0.925864367358365,1.1100136826369453
2024-12-04,1.2407276167472618,1.098840063029634,1.1005482125966182,0.9346862474200922,1.110880255446056
2024-12-05,1.240896044481431,1.0980455331798042,1.1012154076999283,0.9341151434828827,1.1093927129488181
2024-12-06,1.2408645947155104,1.0971815007549326,1.1067274837335144,0.9322220695097777,1.1124733387751085
2024-12-09,1.240458586198474,1.0972807238547735,1.1066616991905573,0.9333715402527696,1.112439171980383
2024-12-10,1.2439359384881064,1.1049937229644224,1.1144106440677246,0.937558837219664,1.1182940772042085
2024-12-11,1.2417968596050224,1.1027838733193776,1.113356315635836,0.9405130357467045,1.1173821192540987
2024-12-12,1.2525334031084099,1.1178310623082317,1.1305600140962062,0.9471999445801684,1.0952111147132415
2024-12-13,1.254087462693766,1.1186619286211226,1.128259685287378,0.9436202976053505,1.0960263720714485
2024-12-16,1.2500974480128164,1.1154660867263337,1.1223236435319306,0.9405060427791306,1.095835669558821
2024-12-17,1.2569433247856194,1.1216375287018079,1.122621158422584,0.9434244144938332,1.0953994555055497
2024-12-18,1.2606039749299998,1.1227266553114763,1.1213853435538874,0.9433413985253705,1.0948032462133361
2024-12-19,1.2651995924824153,1.126758309154528,1.1312948206332887,0.9586545773355503,1.0867443082052424
2024-12-20,1.2870619555074079,1.1354721624742554,1.1303040899901364,0.9703314039173876,1.096369067853267
2024-12-23,1.298621087188722,1.1408049020040414,1.1345816599163805,0.9834706073777021,1.0985757983972926
2024-12-24,1.2985759179341572,1.1420704068515615,1.1364682846123477,0.984357345988173,1.0971706989287868
2024-12-27,1.298020231182318,1.142132506457437,1.1358503092288625,0.9835855139406287,1.0975715537555342
2024-12-30,1.2960774515384528,1.1429494564907785,1.1357556198421195,0.9841278493806798,1.0982278791918012
2024-12-31,1.3007805372052517,1.1484072641685648,1.1398407094253808,0.9874280781896767,1.0955359444853383
2025-01-02,1.2981475610352018,1.147247941276816,1.135952285963641,0.9846543813267853,1.091117610659773
2025-01-03,1.2995656348751967,1.1478916425892505,1.1362803724413522,0.9863167620521696,1.0917446907944643
2025-01-06,1.2979758901813698,1.1498930820435167,1.137049704501869,0.987132924163974,1.090513300893116
2025-01-07,1.3000905576233304,1.1488492463817201,1.1382176951884813,0.987052949771857,1.0928832639084758
2025-01-08,1.3029614034640353,1.1546968484905153,1.140799460124924,0.994693442874641,1.1026662291725744
2025-01-09,1.3015509200752937,1.154460032694239,1.139728005220999,0.9940895350324379,1.0952518722210116
2025-01-10,1.3062174470745291,1.1566208032220704,1.144272878568833,0.9930608962258525,1.0981725014467811
2025-01-13,1.3119906522474412,1.1620352171539554,1.1536114104996242,0.9944588189221915,1.1093492275908454
2025-01-14,1.3139231386881978,1.1648388735960926,1.1531479856103555,0.9975790682819713,1.1176761756048006
2025-01-15,1.3136749419591773,1.164092439394957,1.1511653810961904,0.9969175496091822,1.1175240530894235
2025-01-16,1.3291143707182587,1.1819085440395602,1.1614990690777478,1.0138468144871005,1.1332988243018731
2025-01-17,1.336425069187028,1.1847914807629665,1.1623855749711378,1.0150009944050735,1.131347807406103
2025-01-20,1.3285450621237325,1.1792769697336571,1.1538851385995783,1.0056481492329954,1.1387502876973048
2025-01-21,1.3290557698048089,1.1805162553025774,1.154822053927484,1.0081990289646081,1.136145801319994
2025-01-22,1.3295072119005003,1.180948536903201,1.1551072852192954,1.0082578493558758,1.1363464206698102
2025-01-23,1.3275595021503996,1.1818280962761514,1.1526855017396376,1.0064108420368554,1.1356734118451906
2025-01-24,1.32655239655016,1.180776084895779,1.150832440117957,1.0046176585214084,1.134787388276928
2025-01-28,1.3266610565305499,1.1801744246080383,1.1510860511062466,1.0041598930880253,1.136831395297191
2025-01-29,1.3244437981637434,1.1725828974474362,1.1483728814151644,0.9996247427275542,1.1366902110364312
2025-01-30,1.3039669518686472,1.1608923540249985,1.136743828252973,0.9911083657434538,1.1375540570206688
2025-01-31,1.3093056544907018,1.1667010048721624,1.1434847750302544,0.9935295380431565,1.137982390974972
2025-02-03,1.3055542576503436,1.1806117585269125,1.1516575256727648,0.9938204380856335,1.1360835753786154
2025-02-04,1.3043563296435112,1.1817602987772178,1.1539110161409212,1.0005137686727745,1.1336915312727427
2025-02-05,1.3063799576589392,1.1857444647714526,1.154339971218806,1.0016302178300984,1.1180747962474011
2025-02-06,1.3133074639842994,1.1939692937862312,1.1598195298966434,1.012997755264431,1.1128644857080594
2025-02-07,1.3132025129163116,1.1930373302884025,1.1597346410656033,1.0126671737788753,1.1136283098626945
2025-02-10,1.3118372715926152,1.1974362392712243,1.1619335912038085,1.018270722181633,1.1118009317699824
2025-02-11,1.3124578793165915,1.1989773284760603,1.1621998121173231,1.0192973922569195,1.110107895474806
2025-02-12,1.3139018637591076,1.200135796430853,1.1575255478329443,1.0154706847878463,1.11786753403064
2025-02-13,1.3196473053932665,1.1997731501809203,1.1573311986778227,1.0117402606600834,1.104549960822192
2025-02-14,1.3142821243867768,1.1999077088264931,1.157627314394099,1.011739973106395,1.1063750993944026
2025-02-17,1.3122488952265545,1.2022767070852576,1.1736857222747437,1.0109199794515473,1.100216491860849
2025-02-18,1.3150799495428462,1.2088778533789,1.1831596488900926,1.0127595351458953,1.1012910893487136
2025-02-19,1.3203612031207044,1.2604721976168678,1.1859097405177044,1.0280496024539858,1.1036686449392206
2025-02-20,1.3262718204348414,1.2776730019399634,1.2020502977621554,1.0455538454557882,1.1016170019609441
2025-02-21,1.3332695504345597,1.275025499101276,1.2037056087697608,1.0470123420644333,1.1045263014386562
2025-02-24,1.3350739427031888,1.2768601197360065,1.2040693283621335,1.049004127152006,1.1053047099896225
2025-02-25,1.3368637857088448,1.2796010078868205,1.2000678333557075,1.0487755986110134,1.1062316896200228
2025-02-26,1.3346013445513578,1.2786122537246616,1.1987828647665968,1.0468000778981061,1.104806641382138
2025-02-27,1.334733528325296,1.2798132708278724,1.1988422778071266,1.049336198228431,1.1036703488247865
2025-02-28,1.3196600392368303,1.2712825449919756,1.1841994883797462,1.0398556748420076,1.1131813058092577
2025-03-03,1.313709857741739,1.2646580749200809,1.1778036591602208,1.0333783660820999,1.1067234007593738
2025-03-04,1.3077377142444215,1.2636123618448047,1.1740939763653222,1.0326863860122693,1.109284049618699
2025-03-05,1.3074218788608756,1.265974096799598,1.1750033533948185,1.0329775697787105,1.1119733631862447
2025-03-06,1.3119331076499634,1.2619149457296857,1.1770752328825793,1.0286158263883405,1.110425837331751
2025-03-07,1.3230377397897615,1.2369664128199949,1.1691107276334642,1.031225502566166,1.1471665616282924
2025-03-10,1.3166181464063134,1.2245523955092552,1.1528366634502243,1.0306589012605452,1.1628247144483683
2025-03-11,1.3151009795633124,1.2168244332574485,1.1392052312931356,1.017089033192814,1.1768336387847111
2025-03-12,1.3140498488879264,1.2197217783500744,1.1425621613997434,1.0223155862209845,1.1740791300816447
2025-03-13,1.3126563063062262,1.215629611017889,1.1405265821502009,1.01601959762881,1.1749451986988806
2025-03-14,1.305565951990782,1.220843134555012,1.1357020117499963,1.0157212954881225,1.1790255989115734
2025-03-17,1.3079507277617128,1.213441687333731,1.1351675014838871,1.0188486406170127,1.1806012682823799
2025-03-18,1.3105805776683206,1.2141580059669466,1.1375515861319945,1.0206238575952296,1.181925572085639
2025-03-19,1.312197352563504,1.2121002222945478,1.136784590493811,1.0208638948895588,1.182981850621145
2025-03-20,1.3134385322220081,1.2018296986141015,1.1345187170148996,1.0240300016004154,1.2027325599339431
2025-03-21,1.3124914936970569,1.2020676365803031,1.1339493742149145,1.024618588027548,1.2015703556989705
2025-03-24,1.311807504539274,1.2076829726684644,1.1377118851628514,1.0256528741775546,1.2067613866549873
2025-03-25,1.3128728334325404,1.208021070101045,1.1362059345894104,1.0244536460297586,1.2109000581332248
2025-03-26,1.3115911581521802,1.206898758149648,1.1432689890727488,1.0353338938666297,1.2120786434856892
2025-03-27,1.3188429869314648,1.2143544423573598,1.146504539593138,1.0379924449793803,1.2163118285147199
2025-03-28,1.3186238504084686,1.2149254696954985,1.1471124349886102,1.0384518694892821,1.215654364796727
2025-03-31,1.284418665083572,1.1986563192610582,1.13935437097887,1.0377820918539338,1.2323412093853856
2025-04-01,1.2856884849698524,1.199225733153208,1.1291450581096052,1.0386746526528052,1.2235797655528369
2025-04-02,1.287748915579935,1.2016207325035537,1.1318690353369445,1.0410889314693532,1.2224962810491056
2025-04-03,1.273715270640608,1.2021640689374355,1.128750811011729,1.043942950359726,1.2363586171603762
2025-04-04,1.2485180614572715,1.1766888624057414,1.1220934201067876,1.062551880577212,1.3422817823214397
2025-04-07,1.2790876706335692,1.1650862073016754,1.1481001456165365,1.0715615839137127,1.2172838889214257
2025-04-08,1.2740124220010793,1.1401252530679726,1.1289813343713342,1.0477672669763736,1.2301853152104194
2025-04-09,1.2462810010119272,1.126465544395971,1.1263144443838147,1.0503941035201467,1.254777774675559
2025-04-10,1.1919946274846636,1.119727003423413,1.1222004629279803,1.0207745353440287,1.2490179371334384
2025-04-11,1.1868016866143314,1.1263967268316772,1.1229128361269338,1.0210871961550783,1.2580383399349164
2025-04-14,1.186379154828962,1.1219716167333507,1.122818930205999,1.0235242451824897,1.2446254727238042
2025-04-15,1.1865085187786097,1.1214880949388788,1.1233763120995592,1.023558336255012,1.2437661372406223
2025-04-16,1.1876183537841334,1.120748877651056,1.1236084847028145,1.0227970697949815,1.2417846701109982
2025-04-17,1.1911599398674966,1.1167527581875043,1.121093940328769,1.0280393989180618,1.2355329262223493
2025-04-22,1.1883615901540965,1.1149948367717275,1.1202986373541783,1.027298753275703,1.2338677545869439
2025-04-23,1.1588837849708187,1.1266000947611647,1.121003684419212,1.0312374278156158,1.2590760666357699
2025-04-24,1.1559889835204133,1.1271259892479422,1.1186708924386128,1.0302859734994634,1.269043290309093
2025-04-28,1.1542839118184471,1.1319640460524878,1.1223097452343056,1.0349373184233428,1.2700393831351027
2025-04-29,1.1488224806819198,1.1300211748286462,1.121750338066221,1.034305550321505,1.269080970027162
2025-04-30,1.1583556217263071,1.1379654569070647,1.1248853186803236,1.041912868438911,1.268842620638753
2025-05-01,1.157759731402537,1.1360249219244993,1.1238107899446779,1.0408784876804615,1.267293062114243
2025-05-02,1.1593117530276442,1.1371866516948714,1.1248991558524783,1.0452704061405496,1.2823319825345232
2025-05-05,1.1617559300351983,1.140872959038208,1.129076859683184,1.0442608817247703,1.283447475201759
2025-05-06,1.1598741852379424,1.1470668471301961,1.1214298059207055,1.0557262923530293,1.2783812036773459
2025-05-07,1.1580389732960605,1.1495558222324633,1.1207591660582858,1.055258212400112,1.2794863022376466
2025-05-08,1.1510821526832682,1.1499187350539568,1.1113765059351954,1.0535058076242234,1.2875270165033055
2025-05-09,1.1519429774561916,1.1488174183756497,1.11415624187855,1.0475638602536506,1.2940245399456518
2025-05-12,1.1520397287568673,1.1488698328029947,1.1141537178981964,1.0475525381352047,1.29406116955957
2025-05-13,1.1500547269588888,1.1476071438933755,1.116849090370896,1.046850874750788,1.3013199093512369
2025-05-14,1.1503775461662895,1.150175648354301,1.1184194550000546,1.049470451609767,1.3029003493451754
2025-05-15,1.1520263559151347,1.1469999897545302,1.1234001732478016,1.0477821863669374,1.2978368152443034
2025-05-16,1.148974983809088,1.1525781809525637,1.1272280217877604,1.0470517874195164,1.2903032399762262
2025-05-19,1.1446287661310064,1.1525017733157825,1.1278480274006017,1.0524457055019585,1.290399061478413
2025-05-20,1.1441744025723088,1.1535454960403295,1.1274152028212547,1.0550260446600153,1.293927194000829
2025-05-21,1.1460773939346798,1.1550864130213265,1.1262752693073124,1.0548416577921675,1.2954250568141543
2025-05-22,1.1478271481963098,1.1540124148207827,1.1264254556275946,1.0526309201629414,1.2987285422189765
2025-05-23,1.145390233681733,1.1540686531418576,1.1263670660390008,1.054102770453462,1.3025192482740626
2025-05-26,1.1453988877443868,1.1547831200254588,1.1273499604438626,1.053062365127865,1.3037479753325585
2025-05-27,1.1462188287400144,1.156313512500772,1.130021777638467,1.0567583240661862,1.3046737511151356
2025-05-28,1.1449516939724766,1.1545280259924582,1.123725396795149,1.0491740471179778,1.3074346251297913
2025-05-29,1.1453918746137957,1.1559210209430641,1.1246013860453254,1.0513064080739023,1.308502437573652
2025-05-30,1.1455455131289658,1.1585814472598044,1.132832858968581,1.0507642584137724,1.3078535312488468
2025-06-02,1.143028306568485,1.1563484065371556,1.1279105083898664,1.0491969841558306,1.3105665085141915
2025-06-03,1.1467085765304472,1.159041061512903,1.1312513301743625,1.0520698336365246,1.3119543555800603
2025-06-04,1.1473461377163747,1.1587492725441904,1.1341180486278368,1.0516913346942502,1.3137635160838692
2025-06-05,1.1465688561875442,1.15967352981143,1.1341199544765228,1.050753757543934,1.3135231331265247
2025-06-06,1.1479309024640114,1.158679446067212,1.135696434688099,1.0512576524707753,1.313546463352312
2025-06-10,1.1553579824414566,1.1649532693205769,1.13857059283918,1.0560439602525877,1.317353392485655
2025-06-11,1.1547171450220417,1.165578324840481,1.1404731832987767,1.0563779215932894,1.3173185738943034
2025-06-12,1.1541044273184387,1.164749200205284,1.1414152069201964,1.0578411820622726,1.3223659064644449
2025-06-13,1.1551202697808274,1.165694831109796,1.1410794003534832,1.0588758767484603,1.3226558005573978
2025-06-16,1.1559221661981411,1.167746846931065,1.1431269618107145,1.0599204544611305,1.3233287188664928
2025-06-17,1.1521457567489108,1.162941668285471,1.1450598102636196,1.0576187378643418,1.3163714376902422
2025-06-18,1.1509243054051665,1.1635346133361408,1.1447073384252204,1.0585619226068819,1.3171126298116995
2025-06-19,1.1499983273013776,1.1627149024469556,1.1435392615593942,1.0583175244806395,1.3167358175248047
2025-06-20,1.151046928133829,1.163755647285968,1.1457483922153056,1.0636827838882927,1.3175866884571097
2025-06-23,1.148640419149185,1.164099851402517,1.1460227679497326,1.0635723050068338,1.321558570256085
2025-06-24,1.1548570714488093,1.1666663851334993,1.156996599217575,1.0719414154663447,1.323534129328012
2025-06-25,1.1520589737729345,1.1654898590845348,1.157747271229384,1.0697771343029865,1.3272502279382536
2025-06-26,1.1516887707771952,1.1649722157723337,1.1565958082860792,1.0674642212495364,1.328352747567405
2025-06-27,1.1580318026783456,1.1677792186987095,1.1605630975129713,1.071231533441073,1.321431429406956
2025-06-30,1.1554439149712425,1.1672395997183584,1.159776812977777,1.0718665909686818,1.3264728761516835
2025-07-01,1.1556784793591597,1.1654164967365586,1.1599259042704002,1.070478813043684,1.3282902071280913
2025-07-02,1.1555539406295046,1.1606576131165331,1.155856110965276,1.0692322521724427,1.3293755428060037
2025-07-03,1.1531323594382925,1.1643001636614838,1.160018080084931,1.0690127085294596,1.335665861712577
2025-07-04,1.1523051058493117,1.1633869763996674,1.1596490264493013,1.0697708732042646,1.3357481004004614
2025-07-07,1.1535837290767437,1.1675213806059046,1.1626135810247897,1.075014291651599,1.3401519479527553
2025-07-08,1.1503436891306107,1.1654032694248286,1.1579974642924888,1.0697503163465087,1.3493230887883103
2025-07-09,1.1488839325950948,1.1628612371894285,1.1524683399487494,1.0710491612238517,1.3560480706497828
2025-07-10,1.1495375202317895,1.164415623073198,1.155531543409975,1.0830084785664427,1.3616752255493974
2025-07-11,1.148884884391517,1.1594970494385992,1.1561721844609716,1.0831734577906702,1.3675407719437684
2025-07-14,1.1498764228010285,1.1595175752921556,1.1573928479130338,1.0838426950636346,1.3695243491705038
2025-07-15,1.1485432247163807,1.1566992448993925,1.1573539065332141,1.0837291183842348,1.3719322595459436
2025-07-16,1.1511261121199787,1.1678500400785328,1.1595585452915744,1.0829368456069535,1.3645351869328137
2025-07-17,1.1538295489492814,1.1683767772511948,1.1604929052828952,1.084554635642824,1.3632011065409944
2025-07-18,1.1481298200153358,1.1645700994175303,1.1616060567280815,1.081055927257526,1.3645849237176622
2025-07-21,1.1585718934204157,1.1711114447511226,1.176760454348632,1.0889621843619148,1.3655009923491868
2025-07-22,1.1561192778986906,1.168372822527783,1.1755054474756819,1.0880600963275404,1.3689240223675927
2025-07-23,1.154530833558295,1.1657623704730808,1.1782230682752926,1.0942504437763043,1.3668148877372646
2025-07-24,1.1635758879857263,1.1669346454825027,1.1826716313402743,1.1008718112036815,1.363770930892473
2025-07-25,1.1655035698171965,1.168111192520906,1.1836799776226192,1.107285373935566,1.3591874494113956
2025-07-28,1.1656325813675257,1.1670685918258243,1.1821983717852642,1.1173519740338058,1.3598774314138031
2025-07-29,1.1690724324909112,1.169082413091141,1.1845097114017,1.1157660572972976,1.3614419972100749
2025-07-30,1.1817535194612996,1.1721180983617894,1.1835975195279953,1.1187594921760053,1.3721717869815298
2025-07-31,1.1829398488507958,1.1730663017091263,1.1840667924176427,1.118027601938841,1.3713062326770362
2025-08-01,1.1813935624956449,1.1529059135572635,1.1843716879300297,1.1162472391735372,1.3830470597776423
2025-08-04,1.1455526628175698,1.1437335811380511,1.180846291087962,1.1078666999612077,1.3789514460623962
2025-08-05,1.1406741638456497,1.1446585860393994,1.1800415809764795,1.1105755245404616,1.3712417095973977
2025-08-06,1.1411781779300705,1.143724239974498,1.1799246320591719,1.1064926878817605,1.3676107477302464
2025-08-07,1.1447619080834002,1.147717956586674,1.1814954571237937,1.1084230270792352,1.3689153015895505
2025-08-08,1.1553552917454706,1.1529949832162558,1.1892405442792744,1.1104758001505535,1.3737214036387537
2025-08-11,1.1563526008089404,1.1526066423748076,1.1926577550359334,1.1110743302759587,1.369580623058331
2025-08-12,1.1543644607457841,1.1534572851217428,1.192990798606188,1.1141037056278507,1.3692966164714384
2025-08-13,1.1736384900050099,1.1642825639538572,1.1978848035725882,1.112365315518736,1.3670874779424358
2025-08-14,1.1676875086558625,1.1681483221029512,1.2146364717446008,1.1154780526528976,1.3691680900831253
2025-08-15,1.1594844975760061,1.1684536472416402,1.2239904310588354,1.1210570340945964,1.3766139553556216
2025-08-18,1.1602962636127017,1.170923089184974,1.223417081976024,1.1186552911854004,1.3762171349286645
2025-08-19,1.1540092074894117,1.163412600963683,1.2168160708429825,1.1113169853009326,1.3677992294992527
2025-08-20,1.1574669522596879,1.168225213699464,1.2199300118524654,1.1136403125650762,1.367977386614218
2025-08-21,1.1534235782088162,1.1647070615712796,1.220028647665174,1.115627136555065,1.3706179403426537
2025-08-22,1.1533602332392856,1.1613884296760346,1.2147962550998654,1.1125036510653676,1.3673520109157478
2025-08-25,1.150695952125203,1.1550631515393444,1.2092921305269375,1.1105554334168783,1.3674771768977352
2025-08-26,1.1503992520596331,1.1514524331253857,1.207308030723633,1.11149062150583,1.3661083994447565
2025-08-27,1.1507251310178899,1.1515019652610827,1.20778812676968,1.1123244851205498,1.3662453785013762
2025-08-28,1.153950583030109,1.1563285554921985,1.2117353918625817,1.1149001511026242,1.36829321062753
2025-08-29,1.1560925345275193,1.1568654212750167,1.2134073417598152,1.1130311960452788,1.3690403407366047
2025-09-01,1.1554470496679519,1.155777104941648,1.2137841902839441,1.1114546873574704,1.368581021689078
2025-09-02,1.1537120443744744,1.153438877375557,1.211773991600361,1.112173131452152,1.3698379082041414
2025-09-03,1.1676096380749212,1.151929877434566,1.2313961698118727,1.1202574236016487,1.3878734397232948
2025-09-04,1.1720322502794116,1.1548705004741722,1.2337402058886864,1.1165578851627869,1.3901963342140757
2025-09-05,1.1680872458735585,1.1534231989310104,1.2313337048000694,1.1127349358782492,1.3847605462779704
2025-09-08,1.1674434391478374,1.154454589686297,1.231007345974185,1.1129626347567274,1.384203790469673
2025-09-09,1.1697266245212705,1.1533366517311476,1.2301825257434635,1.1128064099171309,1.383149167510559
2025-09-10,1.168083933563779,1.1526935228550381,1.2298787225058796,1.1115286863509546,1.3817833408226907
2025-09-11,1.1682320678727403,1.156082126206747,1.2308120620413108,1.1124626387488639,1.3833575642947944
2025-09-12,1.1724781970351783,1.1605129092060078,1.2347491295035653,1.1151408379298164,1.3879605042463077
2025-09-15,1.1721762615312783,1.158281853668389,1.23122806673566,1.1158848985050553,1.3874411635776063
2025-09-16,1.1714176504085512,1.1589419024650396,1.2313275672995396,1.114668661420224,1.3889930535143629
2025-09-17,1.1685374007711968,1.1627165442048377,1.232413931133454,1.109723439861015,1.3898609278495182
2025-09-18,1.1771148094409796,1.160239586490027,1.226977576249623,1.1034841469710361,1.3831628611853404
2025-09-19,1.178418106027258,1.1611908636467816,1.2251151330812784,1.1026941464899758,1.382179750121321
2025-09-22,1.1728033566832283,1.1630074744143983,1.2280619916420479,1.1019435209203279,1.3843715180580018
2025-09-23,1.1701936674291296,1.16101161326166,1.2260403867225373,1.1007581840501985,1.3850541572305228
2025-09-24,1.1694239408978657,1.1649251028492198,1.23853011643756,1.1044861849552636,1.3852378719209268
2025-09-25,1.1786138009913543,1.1698330686519844,1.2501096815784618,1.1116020468575871,1.3815897352277942
2025-09-26,1.1791658899562671,1.1714252034527388,1.2513761408020256,1.1120957579523214,1.3818019802404042
2025-09-29,1.184885401040357,1.1727378467075296,1.2615121789767347,1.118985960646783,1.3890423855530376
2025-09-30,1.1822651275981244,1.174064627159788,1.2571814445869884,1.1180087709501332,1.385839748356917
2025-10-01,1.1830148286936715,1.1738773139221808,1.2572714360322286,1.1178940836362727,1.384930732328334
2025-10-02,1.1847063024901698,1.170654456609302,1.2553143162598088,1.1226394999423865,1.378189512942697
2025-10-03,1.1808190738691235,1.1663414515211825,1.2492453782197055,1.119832836483636,1.3825638825532536
2025-10-06,1.1782358390529104,1.161857204806982,1.2441472948009018,1.118574887943656,1.3795303917795925
2025-10-07,1.1797037627670013,1.1637328733983086,1.2455835669127715,1.1189159473527344,1.3810860435133938
2025-10-08,1.17945081292087,1.1638399729615623,1.245697148859972,1.118236928849427,1.381429654941325
2025-10-09,1.177648357949393,1.1640458559244218,1.2471620893931348,1.1201239893823738,1.3806528878589832
2025-10-10,1.1765720492723546,1.163366619764254,1.24669941285369,1.1201134002320159,1.3814883962329474
2025-10-13,1.1812118709257704,1.1675663586050864,1.246645998839302,1.0934080066598209,1.3971219086752409
2025-10-14,1.176380761480198,1.1637633879053841,1.2422439129785434,1.0927738167738714,1.4017317291425064
2025-10-15,1.1798624186767697,1.1711724020153114,1.249236625390742,1.0920070200418996,1.403496643569573
2025-10-16,1.175642970153757,1.1631427797126277,1.2341251391363954,1.0950974061575598,1.42729190127404
2025-10-17,1.1793046797810984,1.1695270213410274,1.236948952370751,1.0942825212601415,1.4338625993293173
2025-10-20,1.1834410456540192,1.1721109624078114,1.2420216963340034,1.0992438924515384,1.4311366201058004
2025-10-21,1.1782590720588209,1.1646815218897868,1.2397390969729736,1.1092875148773649,1.425490224697591
2025-10-22,1.1725622261835016,1.159819164355954,1.2350742273836623,1.1040445310930165,1.418964296143006
2025-10-23,1.173971398902827,1.1607469929726437,1.2354891560082486,1.1053370272101402,1.4197753763318945
2025-10-24,1.1747141907286722,1.1609262054141603,1.2353551217520455,1.1063933516796862,1.4200075929811247
2025-10-27,1.1758426647063154,1.1618321046749545,1.2355829606150246,1.1071294733483386,1.418962818612849
2025-10-28,1.1685386865091538,1.1512587314812301,1.23084166858045,1.10334747233123,1.414824876064943
2025-10-29,1.1755370584105995,1.1602618310737067,1.2450404122819418,1.0982149367863858,1.4155690064802846
2025-10-30,1.173937155766033,1.1592522172859343,1.2441769311661406,1.097551806809444,1.4180222214747638
2025-10-31,1.1738992776582466,1.1558057704333413,1.245476632638803,1.0987176412105166,1.4084833144493514
2025-11-03,1.1723367744615765,1.1541465896285352,1.2467104487943268,1.0993884657369193,1.4125306017744435
2025-11-04,1.1713024668698684,1.1516466566889267,1.2276654209045643,1.0953268841801642,1.4055473473805125
2025-11-05,1.1693501659108179,1.146625919934155,1.2283224566940818,1.0974426118042224,1.3932226993116006
2025-11-06,1.1713597060331638,1.1459591679040284,1.237772740043222,1.0961291739552337,1.391788916079184
2025-11-07,1.1741765705146059,1.1376024831224805,1.2417986418700213,1.0946443451416528,1.4148768426398228
2025-11-10,1.1694733194833515,1.1352509165353553,1.2435879813558885,1.1061069430966641,1.417911048098702
2025-11-11,1.1769533156258474,1.1336049169361968,1.2424410866314628,1.1069821144475316,1.418193380291082
2025-11-12,1.1839613294464648,1.1309338680817531,1.2459180131311647,1.1000123264352388,1.4182460601011941
2025-11-13,1.1736813851845003,1.1315729184500773,1.2458204863683027,1.1069999018428054,1.4140519881228268
2025-11-14,1.1727273224672417,1.1311280027655581,1.2412520778280112,1.1090667795781384,1.4212669360245416
2025-11-17,1.1743625452055777,1.1315316739766692,1.240998404198068,1.1093103581339248,1.4212719714349635
2025-11-18,1.163002453922797,1.1310705086047963,1.2530223497080026,1.1024380105839988,1.4108500860470743
2025-11-19,1.1689157541231336,1.1320164074362196,1.2533265127760524,1.1057369964112398,1.413933800697279
2025-11-20,1.1663468162093367,1.1318608503591652,1.2497732313947385,1.1017794956785718,1.4196574268659403
2025-11-21,1.1429846661662666,1.1195478866733783,1.2481990964155256,1.105065252936711,1.3994895446574005
2025-11-24,1.1404555389957192,1.1124726787820391,1.2560000228649721,1.0970163430711701,1.3841871901105454
2025-11-25,1.1271945927375533,1.1102776846283051,1.2533466149155486,1.0925251933462312,1.3914090362428881
2025-11-26,1.1190734787136054,1.104328712696416,1.246558863531385,1.0922705854077148,1.4039305269525886
2025-11-27,1.1189483067050676,1.1034734456140458,1.2458866506166122,1.0924945508866788,1.4038817135616342
2025-11-28,1.119480333284244,1.1031983110669363,1.2461830188527458,1.092353493267325,1.4033958164286704
2025-12-01,1.1195416693091171,1.10300662396477,1.2474158191075169,1.094550207798448,1.4020234178346112
2025-12-02,1.1227986346334518,1.1031628890807255,1.24584549552243,1.0929235095887835,1.3991266557223092
2025-12-03,1.122178233704298,1.1012356487177726,1.2435703539836178,1.091123295009749,1.4008383936844235
2025-12-04,1.1225125714413877,1.1014812386074784,1.2438784158358933,1.0935329993589293,1.4010162759459257
2025-12-05,1.1235182920177913,1.103445361108232,1.2418831073986036,1.0954470125369076,1.3989491811644854
2025-12-08,1.1226751765179734,1.1038994584363273,1.2414855232209625,1.0962409354068874,1.3983753137010118
2025-12-09,1.1212591962660172,1.0939833382127417,1.2380886094750427,1.0907963907283433,1.3960002648063512
2025-12-10,1.1228574947047298,1.0950478187994144,1.2388758599514216,1.087927593685624,1.3960941661492996
2025-12-11,1.1227253484437387,1.0963630348806317,1.2393453111913597,1.0886417926687266,1.3983415722571766
2025-12-12,1.1307481871734362,1.1002649561821363,1.2408969792129894,1.087937867338225,1.4082971291941455
2025-12-15,1.1329060587092916,1.098852884962447,1.2410683738536965,1.0819025733537218,1.407724365153055
2025-12-16,1.128193277839905,1.094844883521347,1.2443031792942603,1.0826043743809224,1.4058245100696616
2025-12-17,1.1285130779351882,1.0950410888979365,1.24454337751315,1.0824389037275302,1.4061264334572587
2025-12-18,1.1240477830870592,1.0920550911779392,1.240221448542555,1.0735581265632692,1.418045093668671
2025-12-19,1.1085971888456467,1.085352323582348,1.2443353862119713,1.063297512391807,1.4165651593625483
2025-12-22,1.0930453563396847,1.076521784860459,1.2392700193042414,1.0557654726708012,1.414470126814465
2025-12-23,1.0998434234383845,1.073903330829214,1.2383737572859506,1.0545073468466317,1.4160804653365977
2025-12-24,1.098878713946739,1.0737418464407522,1.2380479880885085,1.0573611565014283,1.4142442685503736
2025-12-29,1.0983191487885204,1.0740016535110561,1.2382033296686357,1.0557193368295146,1.4140893992658952
2025-12-30,1.096747840838272,1.074478795131696,1.2402514276244103,1.0561382529250714,1.4159829993567477
2025-12-31,1.0980681919038207,1.0752201532761552,1.2420274238974573,1.0577210930146872,1.4189206550219458
2026-01-02,1.0971552223375591,1.074701187802667,1.2429515394134847,1.05688710589391,1.4187470055132747
2026-01-05,1.096833283320875,1.0740996412703454,1.2442230305459165,1.0586738128480389,1.4187281847612239
2026-01-06,1.1004539603862928,1.0767632535085938,1.246903351448237,1.0611684374116395,1.417268871299697
2026-01-07,1.0985544894884562,1.0748953046523184,1.2474193609865083,1.059261638155859,1.4138545585897275
2026-01-08,1.0975946963414718,1.0757986118962213,1.2485475982141383,1.0592497814414823,1.4184470884193852
2026-01-09,1.0939592550854418,1.0739797728320943,1.245103615387934,1.0597717966286115,1.4171449593539927
2026-01-12,1.0878446790999687,1.071413419967561,1.2382055664370728,1.0608404136684695,1.4090748675185951
2026-01-13,1.090462407739195,1.0775996749521173,1.2419903846829214,1.0647458737961866,1.4088519187884365
2026-01-14,1.0891188316671483,1.077936848431664,1.2420603068981508,1.0655817980592261,1.4091100409227695
2026-01-15,1.0756094405902905,1.067940303421762,1.2351742724058397,1.0610623313713168,1.394658215248979
2026-01-16,1.0741948682823408,1.066081861949741,1.2365963237082545,1.0583612247420737,1.4010750324483519
2026-01-19,1.0779665791145125,1.0709118280158236,1.2445368578194569,1.0648483620137994,1.3982178389191038
2026-01-20,1.0822829140486714,1.069413424181476,1.2441861860583403,1.0651870013871658,1.4013594661781423
2026-01-21,1.0863265679461376,1.072196973246708,1.2460807939697458,1.0698274825500458,1.400956752216183
2026-01-22,1.09684805327675,1.0844766616251293,1.2541317211750695,1.070775432906586,1.412062587929876
2026-01-23,1.0959287863191365,1.083794388822804,1.2544052909273007,1.0714355970480949,1.4123313382316065
2026-01-27,1.092986455092982,1.0862658412061241,1.2517669546743149,1.07251774082063,1.4172546796546444
2026-01-28,1.0953233564600464,1.0915712886146687,1.2530464087960433,1.0741655824401746,1.4180070857786002
2026-01-29,1.094745963469459,1.0942333435529972,1.2569403415752525,1.083174094263338,1.41819006648337
2026-01-30,1.0827059346996981,1.0817160604452125,1.2413308516655142,1.06985274784459,1.406783636361972
2026-02-02,1.0702922817346237,1.0760553344444808,1.2368486627384851,1.067483803972237,1.4098425017964893
2026-02-03,1.0708662777938918,1.0711331777797573,1.2359313197114916,1.061725885540701,1.4171275451236975
2026-02-04,1.0799478714810102,1.0768960643759204,1.2386000498348877,1.0626022060238223,1.418315071786191
2026-02-05,1.0639130397629224,1.0653546213927323,1.2323180170308403,1.0474143163627954,1.4247598036714941
2026-02-06,1.0379747266161596,1.0585743548216702,1.2158719116805774,1.0405277503455885,1.414176152586479
2026-02-09,1.0123796884562462,1.0428225511902867,1.195393101443582,1.0280257772584864,1.4010877790753529
2026-02-10,1.0130320942965159,1.0412579955790762,1.1997113157188364,1.0347279477576958,1.396248268228653
2026-02-11,1.059463916502398,1.0546724429250063,1.2032424558644663,1.029980571672815,1.397212143715284
2026-02-12,1.0686907899827995,1.0581747704941056,1.2057787205731276,1.0447774216211214,1.3946283442048306
2026-02-13,1.0693082136972594,1.0565226290479393,1.2019976342960035,1.0214070248921459,1.3857927015955451
2026-02-16,1.0723357948280552,1.0489148418219836,1.1873914143484265,1.009371852177636,1.39055876798424
2026-02-17,1.0701124864290672,1.044778710677041,1.181808136859602,1.006754837619706,1.3891927643898443
2026-02-18,1.0697296305480009,1.0203263288633324,1.1820334954634468,0.9992577856285036,1.392301349241197
2026-02-19,1.0623910285634421,1.0114777414532752,1.177041787781636,0.9904634101015298,1.3988291446798804
2026-02-20,1.056814875665732,1.0117442546583333,1.1754278931193274,0.9868149895518156,1.397414699222848
2026-02-23,1.0551208786456503,1.0120730897068622,1.177343007060847,0.9925195169210369,1.4025876395661672
2026-02-24,1.0525413521449027,1.0078294269750459,1.1793378673995671,0.9922361952610338,1.4045678292447694
2026-02-25,1.0458643127936456,1.00980739923832,1.1748207054581112,0.9882697818429028,1.3966195229108676
2026-02-26,1.0425544212354874,1.0088173236562734,1.1714672639987809,0.988625236709554,1.3990755307398066
2026-02-27,1.0513932292524906,1.0131125071398548,1.1845270054682646,0.9937367501944605,1.4001927503097487
2026-03-02,1.0558932732442212,1.0245089112689674,1.1942151391251825,1.0032300846997797,1.4195811028194156
2026-03-03,1.0513758292215702,1.017347780860971,1.190414529797791,0.9964170505334815,1.4198124703780763
2026-03-04,1.0405947352469476,1.0153989834018444,1.1815592110092241,1.017782793610196,1.4149757113869372
2026-03-05,1.0359227637722286,1.019651685426352,1.1803778734291086,1.0174782990196196,1.4247118897274784
2026-03-06,1.013198791005404,1.0297787514659602,1.1772727104237717,1.006050080911505,1.3811590224860966
2026-03-09,0.9948900968425027,1.0092271555884158,1.1598201328915942,0.9978224583071281,1.3550258264451605
2026-03-10,0.996712339363244,1.0169378425878934,1.1735116211592966,1.0096602246401176,1.345671895838711
2026-03-11,0.9949194075389725,1.0108528633675848,1.1679086147199933,1.0063164148988089,1.3511136741555796
2026-03-12,0.9894243113997602,1.016455944916022,1.1628795013019098,1.0171792751307578,1.356495332814695
2026-03-13,0.9927990233734214,1.015839708642483,1.1638117371638261,1.0188617021573578,1.3561901627340467
2026-03-16,0.9859349059927354,1.0207089859413718,1.1639209577728413,1.0141518105784566,1.3556441644699222
2026-03-17,0.9858902016639062,1.021889284394446,1.16538478944261,1.0135702411885799,1.357008725428912
2026-03-18,0.9844356041684944,1.0216991251054424,1.1652754216586005,1.0106709702961796,1.3569863860657796
2026-03-19,0.9608466477088868,1.0188051396491884,1.1556426644253217,0.9961581311719355,1.3261200176172852
2026-03-20,0.9624326521931701,1.026471187258752,1.1565729120881951,0.9980314483717274,1.3241316264811227
2026-03-23,0.962754807277227,1.0312164185811747,1.156642345766281,0.9989889833462839,1.3209882726334254
2026-03-24,0.961023553996846,1.0276613505631678,1.1553907120349394,1.0000526158731944,1.3204104779806172
2026-03-25,0.9420143436958781,0.9996418846086863,1.1438387589325485,0.9795242406699157,1.3498285537877388
2026-03-26,0.9403809506064551,1.0012223561009352,1.14493880651859,0.981344201096314,1.3462554455232645
2026-03-27,0.9400883378433621,1.0023049270515636,1.1439907929487372,0.9814520723873501,1.3479415664881846
2026-03-30,0.9686362899714316,1.0195238692082722,1.1665576388457286,0.9832523294665466,1.337980087385976
2026-03-31,0.9647269259470868,1.0201319907993944,1.174895578074021,0.9817116030336572,1.34596981896798
2026-04-01,0.9682458542204831,1.0050624341767038,1.1594055752759425,0.9670373058279088,1.3492583004301077
2026-04-02,0.9691915376692309,0.9987481006017822,1.1583115903807917,0.9536120996125996,1.3401025293457423
2026-04-07,0.9876815322554989,1.0201676494239944,1.1668127814982818,0.9331191434925659,1.2657943345757119
2026-04-08,0.921675121466975,1.0320376830309583,1.1432334438628455,0.9147813320816396,1.4214078326404858
2026-04-09,0.9132634654668402,1.0547265834604451,1.1619101101822322,0.9334638495448595,1.413805044615438
2026-04-10,0.937750704590356,1.0682590747251957,1.1652981794125725,0.9270415189186746,1.3887836521182497
2026-04-13,0.9593700557651383,1.0719724154922774,1.1800500709877646,0.954385789363271,1.4171920050464062
2026-04-14,0.9639399499208804,1.0620158352004532,1.1627813908065332,0.9423349465026747,1.42932141723738
2026-04-15,0.9602527369405698,1.0673193952398838,1.1630040154502126,0.9388733888295095,1.4500534600466144
2026-04-16,0.966291241887819,1.0726273234099437,1.1660254681220958,0.9412951801092327,1.4436537989519502
2026-04-17,0.9667384832343612,1.075603943772886,1.167889711160084,0.9414815810266047,1.4434505033665543
2026-04-20,0.9643627788937073,1.08214841049392,1.1744400519659361,0.9436331275382263,1.4495907694398413
2026-04-21,0.96741697340138,1.081463381024219,1.1740517880056174,0.9445208561944128,1.449440708316473
2026-04-22,1.0175015107252054,1.0759624629292723,1.1809621369077927,0.9510096591444152,1.4376015255088488
2026-04-23,1.019373617280568,1.0742964338315515,1.1801195547331016,0.9485205251506029,1.4354470933031471
2026-04-24,1.0224091273120566,1.07134590356069,1.1795382107916843,0.9453300237355887,1.4358242324119928
2026-04-27,1.0294783979531297,1.0724194205651472,1.179410939534258,0.9475200429231474,1.439387635372923
2026-04-28,1.0140466103425863,1.070841669592716,1.1821759765080073,0.9418887073502097,1.4430605648066965
2026-04-29,1.01642768442501,1.0741785065654734,1.1845949809080112,0.9416316125301536,1.4420951402406514
2026-04-30,1.0116925381247035,1.071672919722878,1.1780844022112862,0.9305602402669384,1.431768827484794
2026-05-01,1.0006377868148644,1.0605827206489182,1.1574521749591278,0.9094162282250773,1.4291072280268842
2026-05-04,1.0009506940794004,1.0631681344413355,1.1542394337917894,0.9019551756517435,1.4287267643325199
2026-05-05,1.0018851831108007,1.0610849897859302,1.1590218582242224,0.903176526554286,1.4280476433473945
2026-05-06,1.018381775196315,1.0731376254102756,1.1796197887945261,0.9235132263544943,1.425254069930306
2026-05-07,1.0148752963932672,1.0719542060360114,1.1725643335748615,0.9286585504922201,1.4085743674857398
2026-05-08,1.0187903387592747,1.0872321450315245,1.186768486344451,0.9309600911776741,1.3972574991588353
2026-05-11,1.0243704047089646,1.0888859336046754,1.1843512909734402,0.9303448255366559,1.3853010638140923
2026-05-12,1.0268367914463847,1.0928642614687327,1.1883541639760475,0.935821807800947,1.3915488759480468
2026-05-13,1.0613719229437846,1.094886732374281,1.1961279305465105,0.9384604424404667,1.3839661930979965
2026-05-14,1.0650877564908547,1.0917404809296403,1.1980409180268545,0.942728409960683,1.3956266048083787
2026-05-15,1.0704612078060238,1.0921305323618455,1.1970966796391214,0.9358995378518044,1.3922321895553176
2026-05-18,1.0440209769821864,1.0792864164552236,1.184135484343061,0.924109180719772,1.3761127534770967
2026-05-19,1.0415436205952795,1.083166368465185,1.1897347002468022,0.9262547718803188,1.3768574905656739
2026-05-20,1.027954714882659,1.075854350166642,1.197789707168682,0.9369928126064437,1.374498766923594
2026-05-21,1.0213528584348477,1.082944482382289,1.201524686593338,0.9376465142810331,1.3707310203603351
2026-05-22,1.0228523941743564,1.0830010155973602,1.2020107158565165,0.9375790969863994,1.3690374481895937
2026-05-25,1.0188606276094196,1.0836591490417415,1.1984272710765307,0.9353546415025615,1.3623151106344993
2026-05-26,1.0174149361595048,1.0836917014109548,1.1976018164801259,0.934847212778384,1.3656721509726026
2026-05-27,1.015366585800899,1.0767423275703536,1.189920923145469,0.9301663301617664,1.3643734490607595
2026-05-28,1.0202249612843333,1.0766530803132126,1.1817699705787226,0.9369084953302943,1.3459141641927688
2026-05-29,1.027923802106128,1.0634785357013021,1.1609160101498086,0.9289002915152839,1.331767887866451
2026-06-01,1.0255315141603512,1.0612180944940255,1.158288454618662,0.9263271916189069,1.3316459857658516
2026-06-02,1.0225612719533899,1.0608481159715843,1.1566237725549977,0.927515929259314,1.3301893045528028
2026-06-03,1.0244907297425998,1.0600776462098749,1.156203392504913,0.9333025187013925,1.3278464196390514
2026-06-04,1.019080647573022,1.0563615096353862,1.1596553771612454,0.9291392445127582,1.3249661865914812
2026-06-05,1.021976683724623,1.0545591181661071,1.1620743063690266,0.92994197914911,1.3209938993351937
2026-06-09,1.0220806113856267,1.0571665134125041,1.1620363780864902,0.9288470812610246,1.3196227996486032
2026-06-10,1.019069456007226,1.0591614986944136,1.166035430506212,0.9291380100547151,1.3128673574577838
2026-06-11,1.0219763180845733,1.0615901470635223,1.1702570878210434,0.9317937038604847,1.3133586493937641
2026-06-12,1.0218585856701372,1.0644048210517,1.1584649237536815,0.9198010287794335,1.315261973504702
2026-06-15,1.0233898129057362,1.0749512385059794,1.153563175758115,0.917651459276871,1.3173380443752982
2026-06-16,1.0240770367470582,1.0750031069891313,1.153833793149355,0.9164663673183819,1.3176745183077365
2026-06-17,1.0273717689429651,1.0718541002834714,1.151046626958185,0.9170741574407979,1.3191369981794334
2026-06-18,1.0284715817296455,1.0722511034629276,1.151483428972059,0.9101707073413061,1.3119425238487137
2026-06-19,1.0251433551216758,1.0601331926660074,1.1502053477050969,0.9064597927377426,1.3137788510666009
2026-06-22,1.0173385511095192,1.0519504783794733,1.140506230357095,0.9031269092842606,1.3076313108230175
2026-06-23,1.0150035329603142,1.0482211446638727,1.1372137930223831,0.8991742118132567,1.3050361395965853
2026-06-24,1.015081114500175,1.0492722072410863,1.1381695120116975,0.8999188537342949,1.3045118464406855
2026-06-25,1.010743871622556,1.0580692549613409,1.1396515121705426,0.9031127235747684,1.3081437015264192
2026-06-26,1.0114481055113058,1.05823030635278,1.1407357154175168,0.9044892480653975,1.3004888530463745
2026-06-29,1.0126977436952882,1.059726955599911,1.138532622040093,0.9039217166785355,1.2974400031507622
2026-06-30,1.0088681306467764,1.0650987687829774,1.14215759653373,0.9036278415373128,1.2939907145036387
2026-07-01,1.0156168979392561,1.0717638807178531,1.1452015623486809,0.9122060676393994,1.2958055815568945
2026-07-02,1.0161223574437097,1.071698411084236,1.145151952003621,0.9119287852802634,1.295551324896022
2026-07-03,1.0253417678090864,1.0621705002402955,1.1363448182381166,0.9115163943985912,1.2842687244370443
2026-07-06,1.0253750166552957,1.0617673970718273,1.1374129797665158,0.9122472964172286,1.2844998176167708
2026-07-07,1.0238062257993323,1.0606703904434336,1.137171231570099,0.9090994128660741,1.274461310085024
2026-07-08,1.0212501197176627,1.0571295158140956,1.1371457025704308,0.9065692089723567,1.2765225486245593
2026-07-09,1.0205247389314964,1.0578774577028673,1.136867773270297,0.9069558103492656,1.274874892725019
2026-07-10,1.0201628081315386,1.0590215549783846,1.1373820383034239,0.9071651743103704,1.2757853712014524
2026-07-13,1.0207598152912682,1.063065226717513,1.1381577676181895,0.9073656708312579,1.2737291667981523
2026-07-14,1.0186936665780502,1.0496183380384567,1.1350937613113212,0.9078414923610065,1.2747341471734137
2026-07-15,1.013475824614481,1.0451672520158755,1.132850545632914,0.9046955404677461,1.2802741646516989
2026-07-16,1.017443707587768,1.0467201694405424,1.130879082616984,0.9055837589852291,1.285442393464215
2026-07-17,1.0082197582109678,1.03493047860858,1.1125488089595459,0.8943389074878078,1.280033361727155
2026-07-20,1.0103839431614612,1.0369242213208818,1.1133346350757563,0.8948719162284724,1.2804024231476694
2026-07-21,1.0112623228875655,1.0405649593826882,1.1105400073743372,0.8864384017885801,1.2834204708923245
2026-07-22,1.0129292745030276,1.0428727966306768,1.1121716117493041,0.8852852745661594,1.2720950209800876
2026-07-23,1.0135712579694507,1.0444369508483187,1.1118548919681468,0.8844869292871628,1.2735044065863463
2026-07-24,1.0027033038688258,1.0325493164451898,1.1006336287762064,0.8744997830987497,1.2653472592299377
2026-07-27,1.000773412116788,1.0310199020708395,1.099501951047561,0.8731387079110812,1.2592151561146094
2026-07-28,1.0007448794384768,1.030798000515583,1.0967865063929156,0.8717327288309789,1.2536970950799062
