Date,CBA,NAB,WBC,ANZ,MQG,XJT_Gross_Total_Return
2001-08-30,-0.0189416786133123,-0.0122094263794875,-0.0098243101389174,0.0007676588406555,-0.0042905304363272,-0.007327993177595693
2001-08-31,-0.0231021653258352,-0.0229550511307022,-0.0144575580937724,-0.0035397429212854,-0.0185553246641322,-0.014395994158147296
2001-09-03,0.0052473378315947,-0.1295175602128546,0.0139507854083491,0.0201299122011855,0.0170980556854849,8.716441699463395e-05
2001-09-04,0.0107457148206777,0.0259517088814054,0.0007089692572239,0.0093444864506126,0.0182831603841167,0.004295586129614559
2001-09-05,-0.0109668245753782,0.0090386343816017,-0.0085043962749536,-0.0357080609948996,0.0199502575634362,0.0005950905033473841
2001-09-06,-0.0078332565022011,-0.0139721854503931,-0.0135813090711159,-0.031008085882298,-0.0097797641514131,-0.0070377162115280445
2001-09-07,-0.0221472646941079,-0.0067793722157213,-0.0217387580049531,-0.0092303836097535,-0.0197534287855155,-0.009015472922385803
2001-09-10,0.0289748820082225,0.0307170252423294,0.0185178774504393,0.0186330554405864,-0.0214103857587356,0.002984228916800502
2001-09-11,-0.0074725758048509,-0.0216556545710195,0.0123640052062055,-0.0006098605859172,0.0,-0.00012554218531279915
2001-09-12,-0.0342916768772282,-0.0532051752875339,-0.0232760267569078,-0.0391694028073779,0.0,-0.04115789539767345
2001-09-13,-0.0006378875801733,0.0045039541748839,-0.0098556896000334,-0.0125734237868472,-0.0574257155346049,0.005925373036606452
2001-09-14,-0.0291136356945529,-0.0249108607369995,-0.012776561793248,-0.0070741060106391,-0.0327974896760486,-0.008096955180359022
2001-09-17,-0.0357570336657006,-0.0727372162370723,-0.0239281217244266,-0.0382120765797004,-0.0979161854955957,-0.045369240258802845
2001-09-18,0.0227271790666518,0.0197975920906883,0.0020817097753682,0.0235687449333887,0.0579966536987326,0.018559252130877057
2001-09-19,-0.007777966509372,-0.015823991711376,-0.0076165153432479,0.0032896541288716,0.0117446033247285,0.008239978404642967
2001-09-20,-0.0332210956243912,-0.0372547437859611,-0.0310073978645186,-0.0426231221712589,-0.0034210425957039,-0.017068158847664994
2001-09-21,-0.0135910888335828,0.0461507024979761,-0.0338403146909255,-0.0068492928073006,-0.0026695913729648,-0.013707771823140535
2001-09-24,-0.0159697769501286,0.0012849680821256,-0.002234994801376,-0.015862110557516,-0.0203586020747903,-0.005261050276860968
2001-09-25,0.013922198566082,0.0207653081209964,0.0439828371011299,0.0357390484973907,0.0278982983806226,0.01309725422693564
2001-09-26,0.0262845694725206,0.0,0.026232398944463,0.0482411772533772,0.0321661287292489,0.009755897042401207
2001-09-27,-0.0064982125468697,-0.0190479867179036,0.0061965454791301,0.0230430678402648,-0.0044724615760863,0.0032295928406167462
2001-09-28,0.0042321253963653,-0.0034943645893935,0.0230950715638875,0.0082015816253679,0.0235414947959633,0.016305634269560443
2001-10-01,0.0344829797579406,0.0505059039699764,-0.0030100972296708,0.0237168256145279,0.0277778569308884,0.016190425489439386
2001-10-02,0.0314815251055726,0.0361330490147078,0.0168302150899786,0.0202340871627133,0.0234324395724174,0.013516079812975201
2001-10-03,-0.0061041855443544,0.0161117905990511,-0.0024494509139598,-0.0214504751808727,-0.0020332348643624,-0.00415452507252656
2001-10-04,-0.0028903674011981,-0.0195910686902683,0.0038692637483122,0.022165098647467,0.0002640857974038,0.001524706737257242
2001-10-05,0.0105076277119835,0.0225701416309289,0.0194928245581946,0.0255182957885471,0.0107146329726843,0.01581337496679902
2001-10-08,-0.0215135969555196,0.0073110407478615,0.0003637422764724,-0.0116824311910413,0.0024867419790581,-0.012289227315629647
2001-10-09,-0.0126782854178526,0.0006976724856988,0.012863203785167,-0.0276003000002746,0.0054567258741753,0.00422916249669103
2001-10-10,0.0039347424150757,-0.0184801822129777,0.0174353845224248,0.0235218265693342,-0.0172947417235709,-0.005079340585860126
2001-10-11,0.0203318329483213,0.0238012512548799,0.0077578988087567,0.0184083597680468,0.0173612660103894,0.020033345827247917
2001-10-12,0.0132972741212689,0.0066622262565247,-0.0202943081557559,-0.0005830771430371,-0.0117400735609265,0.008109375197982827
2001-10-15,-0.0002500477143466,-0.0107889380507574,0.0071432816563852,0.0035006169217239,-0.0169002761840003,-0.008062995688842611
2001-10-16,-0.0082265201516249,0.0045644088095271,-0.0021280125913043,0.012209024609028,-0.015906698006162,0.0036682949081026095
2001-10-17,0.02596477910707,0.0398891341806073,0.019758592709326,-0.0091896916058932,0.0081500628186566,0.008452322337108242
2001-10-18,-0.0210894316863967,0.0008005477850401,-0.0137997992561388,-0.0208697608758845,-0.0045000898390991,-0.011805429496047126
2001-10-19,-0.0154397724706862,-0.0167981231207491,0.0070667135527262,-0.0053284758164807,-0.0011641830523539,-0.007563136991594388
2001-10-22,0.0103935353476161,-0.0051180089370641,0.0002808856540739,0.0119043748713116,-0.0081299469819909,0.001461605723877657
2001-10-23,0.0095653304980336,0.0219768753453328,0.0347970901011753,0.0176472323996783,-0.0069396496565612,0.010458491071087206
2001-10-24,0.0225241994529821,0.0066347332955534,-0.0037963638577562,0.0104045009332534,0.0248717447718742,0.01020517575230051
2001-10-25,0.0151399327137511,0.0061934534716081,-0.0029943224802059,0.0068650557493539,0.0079191677898609,0.0028657946492678388
2001-10-26,-0.0010680460522363,0.0065833259796912,0.0027305369025927,0.0056818000491907,0.0110532159525844,0.006754905867118133
2001-10-29,0.005103084358621,-0.0048402111760879,0.0020418581863899,0.0062713405252992,-0.0002627489204362,-0.006122108231452761
2001-10-30,0.0082334276358135,-0.007557354120087,0.0,0.0007297715926919,-0.0210802722401892,-0.001039080631412559
2001-10-31,0.0139500130417598,0.0121843655709374,0.0054346692693016,0.0008979935212767,0.0189501131148088,-0.0009591907917685383
2001-11-01,0.0006713125328299,-0.0022898501513767,-0.0087837176847034,0.0029813257036177,-0.0045965384966485,0.0007044975623138328
2001-11-02,0.0010061810025663,-0.0229507250570583,0.0124066518443135,0.0101761504942812,-0.0062634543157069,-0.0026664839169902033
2001-11-05,0.0164822921142016,-0.0157717310176089,0.0234309165465904,0.0084891726482876,-0.0063027758952656,-0.004360238126471794
2001-11-06,0.0266297832472075,0.0395498082227683,0.0131578907706431,0.0094277325639648,0.0212857684241802,0.018389434388430548
2001-11-07,-0.0272870896547248,-0.0160709414634275,-0.0261689510177265,-0.0211813525953346,0.0094736032649904,-0.009881958648562006
2001-11-08,0.0233659583729684,0.0166667238633984,0.0273392332056134,0.0097690123881624,0.010166709835949,0.005158295584648309
2001-11-09,-0.0034827395492713,0.0288523684376516,0.0086322618848091,0.0168177060725167,-0.0103222340820774,0.0051132529822151
2001-11-12,0.004595169330408,0.0213510883590783,0.0231658601524089,0.0096802846848065,-0.0054760554028355,0.006694710131984971
2001-11-13,-0.0135943368360912,0.003713289740149,0.0031447541287072,0.0080534086276593,-0.0036706514411146,-0.004141838070649828
2001-11-14,-0.0016327902324269,0.0056263265242344,0.0269595510789899,0.0111410463110417,-0.0057894285024746,0.013687437414376724
2001-11-15,-0.0209353192033625,0.00432771090352,-0.0031138008621972,-0.0056430209671048,-0.0097937009440252,0.0023635647404625093
2001-11-16,-0.0088875685998226,-0.0027701471289609,-0.0274972502188601,0.0009187535123618,-0.015263305515251,-0.006632606789806261
2001-11-19,-0.0088997816470441,-0.0030051337493866,-0.0200878150171873,-0.0290005218907825,0.0186487280155616,0.004570962519324873
2001-11-20,0.0030613231324145,0.0112974073400995,0.0108601739210729,-0.0122357312458746,0.0094333890110001,0.006367805924301084
2001-11-21,-0.003357336960686,-0.0014391549640958,0.0101717834140881,-0.0011265445211098,-0.0007913039051123,-0.004996989765201687
2001-11-22,-0.0047970412038469,0.0012220959502506,-0.008991653425046,-0.0067640086220698,-0.0004494343391837,-0.0027409693229261123
2001-11-23,-0.0010257883394543,-0.0025043773138201,-0.0149062480687655,-0.0085131541577867,-0.0102558008250102,0.002615021508703519
2001-11-26,0.013004789827405,0.0219328439567008,0.0065788665328325,0.0143098751523409,-0.0025371359637652,0.005155886909372631
2001-11-27,0.0003375848287907,0.0003688991126411,0.001307760446737,0.0067727121193987,-0.0034748158832538,0.002329921733895235
2001-11-28,-0.011651055763873,-0.0116944687599365,-0.0084858243140264,-0.0106505176833807,-0.0076131998984497,-0.0007808417474036711
2001-11-29,-0.0090555516599976,-0.0066457501531081,-0.0026333964560335,-0.007365226429382,-0.0142463602505132,-0.007075145620562995
2001-11-30,-0.0137928192426952,-0.0124740262081548,-0.0141915083750939,-0.0405822599723016,-0.0272375034895211,0.0024518706865237494
2001-12-03,-0.0157341857241395,-0.0111119981909406,-0.0023434292957581,0.0143376628525939,0.0143427895760028,-0.0025787359966180645
2001-12-04,0.0024867185138339,0.0042895393883513,0.0073825787676846,0.01994109287672,0.0126189185473979,-0.0013199481708424665
2001-12-05,0.0106306238979072,0.0112210984273692,0.0159893798148285,0.0092005165607229,0.0114051541077873,0.0070267976233782115
2001-12-06,-0.0082745659098354,-0.0126727730481204,-0.0013115767194072,-0.0251849802828668,-0.0162269528719394,0.0014810444373536402
2001-12-07,0.0005656220392573,-0.0143677939874069,-0.0085358553206009,-0.00748158351349,0.0025159513078041,0.005680964261023824
2001-12-10,0.0006358024311665,0.0064788998191207,0.000661827221114,0.0223789935228972,-0.0114331326221254,-0.0032877039870883307
2001-12-11,-0.000847591969935,0.0120053367221641,0.0086037681492883,0.0133062863865069,0.0019743605999782,-0.0003178601415376736
2001-12-12,-0.0065032443458652,0.0049930486713591,-0.0186349562133824,-0.0245579716860349,-0.0158781605922597,-0.011152639377995932
2001-12-13,-0.0025970204318788,-0.0221519849595378,0.0056835977684179,0.0077509859489379,0.001544822598936,-0.002893925789307694
2001-12-14,0.006063711868526,-0.0048543608658129,-0.0138290156872514,-0.0078648104043947,0.0056839878782182,-0.006461779970915793
2001-12-17,0.0135780475453592,0.0016259493240442,0.0056627479960615,-0.0029729594013025,0.0167855585808649,-0.0003674466743014415
2001-12-18,0.0027983103118771,0.0068187607640135,0.0263463563604144,0.0195849776186074,-0.0083800692789284,0.009397839844635492
2001-12-19,0.0017440781092918,-0.0051600095218213,0.0019590681207231,0.0051605694452903,0.0042252809844489,0.0010864089631774654
2001-12-20,0.0073119784058157,0.0130634967648839,0.0067145591806498,-0.0008556431132232,0.0213186927282176,0.005983921620933419
2001-12-21,0.0238500481192083,0.0109110196198933,0.0180016584606086,0.0098775097126018,0.0116723120320818,0.010185079160363708
2001-12-24,0.0101287347597414,0.0033546676947564,-0.0057885528183884,0.0029394184361692,0.0066514594816795,0.004617614948186022
2001-12-27,0.0029410994679459,0.0025236922818536,0.003198879737196,-0.0386925665341082,0.004584578024722,0.008129791618416427
2001-12-28,0.0057318631282712,0.0044050796676895,-0.0019129557600205,0.0044821863429513,0.0053693999098078,0.0027803630965705928
2001-12-31,-0.0079522093216979,-0.0018797705348565,0.0067094971996524,-0.0067486128003997,5.343971574700568e-05,-0.0013980755900703246
2002-01-02,0.0050099571892852,0.0028252760084721,0.0053947877892459,-0.0372669003114631,0.0010142950174032,0.0068178074778231235
2002-01-03,-0.0036557429374127,0.0010016767547205,-0.0087755805633916,0.0002785325470555,2.672998428265849e-05,-0.007554555811983277
2002-01-04,0.0,0.0012503798993741,-0.0059228839028974,-0.0006680810211197,-0.0010933507387744,0.004703818393754888
2002-01-07,0.0025682978408141,-0.0064019056537122,-0.0114042328171385,-0.0077489679723115,-0.006541995650889,0.0032637802427033513
2002-01-08,-0.0022292665183013,-0.0096491212281101,-0.0155540371423121,-0.0230334978737671,-0.0216373873402238,-0.006950203833709034
2002-01-09,-0.0096694595501456,-0.0095203345036934,-0.0144833258419952,-0.0103505947405617,-0.0054940691837851,-0.0030642011903920796
2002-01-10,-0.005791416143378,-0.0058640293846868,0.0024048276011396,0.0047643843293496,0.0046130581275887,-0.0009852100503224825
2002-01-11,0.0230964296087594,0.0078322377645789,0.0062640348708931,0.0010411884242271,0.0097063478948196,0.0024979331522381187
2002-01-14,0.0089377281096967,0.0028784561335259,0.0019869087840349,-0.0132872955310575,-0.0038123097995859,-0.003021859887018974
2002-01-15,0.0045604116989832,-0.004783279510235,-0.0013224539675161,-0.0011708411554767,0.0008197896622734,-0.0003131462333825219
2002-01-16,0.0209346138935226,0.0227487716833867,0.0112511088524696,0.0199290745272384,0.013767023461161,0.005732962168359945
2002-01-17,-0.0035189159939658,-9.391428620031396e-05,-0.0065444226264377,-0.0045971270540279,-0.0011853811214909,-0.009525936286119085
2002-01-18,-0.0016051165993192,-0.0017235941959974,-0.0059290765610243,-0.0031756883728155,0.0016186880891653,-0.0017977288099391142
2002-01-21,0.0097749191711318,0.003075869421047,-0.0012584839071146,0.0011005011420097,0.0072717007494242,0.003922897237923717
2002-01-22,0.0129282018488412,0.0068842376760596,0.0138672009282692,0.0032402530593931,-0.0053474759732194,0.006222506409004014
2002-01-23,0.0004403098164673,0.0099128947347588,0.0013088845252875,-0.0092273721862198,-0.0043013383065991,0.00017063440695697096
2002-01-24,-0.0029539527552695,0.0154156241692302,0.0079086525454672,0.0069848168565767,-0.0123918446433408,0.0025531964961202913
2002-01-25,0.0110622965527678,0.0130305564718087,-6.486330378963068e-05,0.0003469387688095,0.0047561375051985,0.003391680407470954
2002-01-29,0.0252173664424029,0.0231824594956757,0.0252920406399035,-0.0192771502437839,-0.0005162921617914,0.003087809585075485
2002-01-30,-0.001976076799006,-0.0042391914071187,-0.0101202772541152,-0.0137910901949683,-0.004845971719979,-0.005626067641074428
2002-01-31,-0.0025895385579354,0.01585485985367,0.0095847173277767,0.0131275967213699,0.0167406999786332,0.008935376821960883
2002-02-01,0.0018322703711246,-0.0016769797515909,-0.0166457536307985,-0.0143659634711534,-0.0121334478228548,-0.005404400227798423
2002-02-04,0.0177134712153412,0.0025481090652423,0.0149966163442996,0.0082878330433457,0.0041123793210664,0.0062050107506776975
2002-02-05,-0.0183041097827398,-0.0181924332452173,0.0082432267161214,0.0056686800196337,-0.0046110041170605,-0.004204071678260868
2002-02-06,-0.024717310105492,-0.010882531458824,0.0081762832556455,0.0033822711358326,-0.1082559286588014,-0.007825529185375268
2002-02-07,-0.004380337292256,-0.0016353891398181,0.007174099885105,0.0035393602516462,-0.0344365597954287,-0.002909231962761827
2002-02-08,0.0166560235824098,0.0275503630923337,0.0003102178921978,0.0076694796324263,0.027911910707842,0.010674730184553338
2002-02-11,-0.0043276331082716,0.0055071109905244,0.0055724052410899,-0.0011108931376762,-0.0062190892370824,0.007896701348387936
2002-02-12,-0.002173169494437,-0.0083599609480626,0.0055416361931044,-0.0055615907156164,-0.0086745212082581,0.0013308798851972004
2002-02-13,0.0217797535481008,0.0087211478449205,-0.0079607648254962,-0.0008949116789627,-0.0084372684686131,-0.0018434191669362
2002-02-14,0.0243602299999754,0.0195968292591592,0.0018518842861643,0.0064934177104907,0.0050425827326681,0.003566280126672261
2002-02-15,-0.0139714504753873,0.0056529006475751,0.0104743550081061,0.0032816270585593,0.0169332836000775,-0.001909486861461196
2002-02-18,0.0049247809795549,-0.0056211249864989,0.0060973760281053,-0.0016077894343736,0.0100213544667326,-0.0018784607026021138
2002-02-19,-0.0085146194883798,0.0048049320603682,0.0,0.0105495671857871,0.0221648363308399,0.0004864235706962816
2002-02-20,-0.0093292822879466,-0.0227847794686788,-0.0151513848781313,-0.0078570412770092,0.0095275366388321,-0.009422768603890574
2002-02-21,-0.001247166193637,0.0109380153361187,0.0160001343806179,0.0045966853702137,-0.0295855001752327,-0.0009524087761838551
2002-02-22,0.0078365132378721,-0.0020212446044476,0.0129013233833399,0.0016532177677854,-0.0006100694034518,-0.0035676270016726797
2002-02-25,-0.0026019497355236,-0.0050503303274607,0.008789969501689,0.0039078631287143,-0.0024405302971401,0.0003463010353812468
2002-02-26,-0.0064291693030538,0.0151408000855337,-0.0142262640653664,0.0120059567880634,-0.0030271708467627,0.0036084984539197507
2002-02-27,-0.0030945516682299,0.0,0.0006013694680542,-0.0021668321244606,-0.0015646443676711,-0.006185470575166829
2002-02-28,0.0146433452313532,0.0110170348160392,-0.0067307720325456,0.0016287045061305,-0.0030719963838976,0.0004823869920229651
2002-03-01,-0.0015143271828313,-0.0083817763212418,0.0019361713200873,0.0,-0.0061637285296135,0.001011348268360024
2002-03-04,-0.0080162663590931,-0.0138067803061076,-0.0114734495314291,-0.0108401348215535,-0.0034106759960182,0.003430410826940289
2002-03-05,-0.0140405466195273,-0.0157145394556734,-0.0164935450168214,-0.0126029108380136,0.010267676351696,0.003535761535129467
2002-03-06,-0.0126581910709271,0.0012481643545951,-0.0062111025312097,-0.012763456297818,-0.0006158237994668,0.005360788660094595
2002-03-07,0.0192305024524845,0.0219463533584571,0.0156247474665847,0.0157390695938868,0.0024649915945911,0.013495871748603117
2002-03-08,-0.0042766562273057,-0.0104960694501712,-0.0184616425113085,-0.0011064849237237,-0.0043342453639972,-0.0031887791612995597
2002-03-11,-0.0178120911217067,-0.0166286144380154,-0.0094041049482169,-0.0160665238950796,3.12974155842749e-05,-0.0024006708094510554
2002-03-12,-0.0118973113465957,0.0055392230072413,-0.0075952963854545,-0.0011825146047269,0.0058653097962675,-0.004185377086931563
2002-03-13,0.0139279047322822,0.0049290377961224,0.0012759528301735,-0.0050172277079137,-0.0024551568071617,-0.0035149994507812643
2002-03-14,0.0075426974725216,0.0014428677583553,0.0025478530263403,0.0175636696030097,-0.0059384969270209,0.0005627592608707932
2002-03-15,-0.0154175166151213,-0.0168830144735447,-0.0149939588793063,-0.0148666826908885,-0.0095028830844698,-0.01279702195266208
2002-03-18,0.0259147057853172,0.0174657740759727,0.0171569868057122,0.0150910363396263,0.0171876954412266,0.014795453878006626
2002-03-19,0.0138758111284853,0.0043206676638487,0.0088775050292462,0.0011136834204124,0.0165902041353833,0.002228344542581695
2002-03-20,-0.0009334036105749,0.0011465945417206,0.0037712793352921,0.0038933451724498,0.0184341961638574,0.0020501388896909667
2002-03-21,-0.011830551467646,-0.0186193357616963,-0.0062618878545553,-0.0116342129842142,0.0163203999283927,-0.008881127747617068
2002-03-22,0.0034657261092898,0.0023352887644447,0.0012603371294321,0.0112103618397487,0.0046719899282756,0.00037215144237756626
2002-03-25,-0.0047094337540338,0.0037858159338501,-0.0088108026982334,0.000554582272763,-0.0130780414265636,-0.00256921476194083
2002-03-26,-0.0100949167318059,-0.0034814193108545,-0.0222220093873846,-0.0227148853645416,-0.0164898533131298,-0.011579591479938256
2002-03-27,0.0121096426782383,0.0058220616525686,0.021428598082279,0.0085033957017295,-0.00149686501212,0.008201264091316496
2002-03-28,0.0088161995731377,-0.0109981725536442,-0.0076287545698263,-0.001124112826785,-0.0026986914277575,0.0010292457850629155
2002-04-02,-0.0187264357600994,-0.0210711023280657,-0.026265292430195,-0.0564444765214484,-0.0123271418389352,-0.008015189133927292
2002-04-03,-0.0050894603013229,-0.005680098049171,0.0026314284688115,0.0039888463772519,0.0042618704673156,-0.002762024228075921
2002-04-04,0.0047955672974342,-0.0060134561769381,0.0065618358198913,0.0,0.0018185262825949,-0.0013641678576069571
2002-04-05,0.0082725889846333,0.0187542545380345,0.0045631187527686,0.0124860453968265,0.000302858861461,0.005186188299438843
2002-04-08,-0.0028401333638639,-0.0142521990145713,-0.0077868233012238,-0.00280304151921,0.0030242550140555,-4.118131544894599e-05
2002-04-09,-0.0031649109423261,-0.0054214761237941,-0.0071944482386955,0.001124006396864,-0.0018091168203147,-0.007542374377107031
2002-04-10,0.0057147395624552,0.0099937819577735,0.0013175068469071,0.0067382738269574,-0.0012082054369243,0.004167382966489219
2002-04-11,-0.0135734762131924,-0.0086957448572342,0.0032897286272195,0.0011151241029638,0.0169386665208897,-0.0029398916136346154
2002-04-12,-0.0015998119719909,0.0,0.0085243066206834,0.0,-0.0050562273013359,-0.003795234937476244
2002-04-15,0.0115386377738129,0.0163343198963403,0.011053472385526,0.01615624642023,0.0002987176182525,0.004029597931710649
2002-04-16,0.0117233786328805,-0.0002976302426179,0.0070741558760267,0.0065789002467944,0.0098627010429228,0.005522899611088317
2002-04-17,0.0059504744308285,0.0047632664790677,0.002554246196353,-0.0027234468572079,-0.0053274426381066,0.0043740360048509785
2002-04-18,0.0,0.0103698249468882,-0.0006373349972061,0.0043688564410462,-0.0014874265022503,0.0018052974930982124
2002-04-19,0.0031133674921068,0.0137836338386734,0.0178460019207784,0.0135947177846669,-0.0050653531878652,0.0003803015498751172
2002-04-22,-0.0049658458169801,-0.0005791292952708,0.0093925506620091,0.0112663709771214,-0.0014974864364022,0.0018306020516778432
2002-04-23,0.010917178844628,0.0130250993229554,0.0074444108878115,0.0053048002651747,-0.0077987120232588,-0.002860562188038207
2002-04-24,0.0024681643124038,0.0,-0.0006159216521119,0.0010554015366719,-0.0129988633830562,-0.008910746172535955
2002-04-26,0.0116958238067388,0.0142859141836308,0.017252009009284,-0.019434887077921,-0.0033689796974152,0.001707200368613604
2002-04-29,-0.0057798076822364,-0.0059158260055363,-0.0096914106908768,-0.0251670863985007,-0.0024584414277065,-0.007778406812445571
2002-04-30,0.005201665761144,-0.0153015806220194,-0.0067273626717372,0.0,0.0043128977565651,-0.0008380236905135563
2002-05-01,0.0094370810358239,0.0014385620789489,0.0098519819739528,0.0047420502623809,-0.0003067729115521,0.003099124393261654
2002-05-02,0.0057293565521536,0.0183908207738803,-0.0182925660827383,0.0041949417249509,0.0033752709414764,0.0005692835921795592
2002-05-03,0.0074965509592814,0.0014111115618427,0.0018632749893841,-0.0078329918807752,-0.0033639168108153,0.0011082860681919104
2002-05-06,-0.0011906677644633,-0.0067629452476315,-0.0136392350031206,-0.0026314113746209,-0.0055231625524442,-0.005967463117762639
2002-05-07,0.0056614613204311,0.0,0.018856170932457,0.0089708631042393,-0.018821421910674,-0.00609857779260059
2002-05-08,-0.0026664891986588,-0.0059571135332819,0.0043185451614335,0.0005231574667334,-0.0204397875927716,0.004470170897149961
2002-05-09,-0.021093491016356,-0.0068494609826897,-0.0049142734986072,-0.0094093371449192,-0.0112362883141075,-0.0004056553122948614
2002-05-10,-0.0030347437156144,0.0043105082200416,-0.0074074262932095,-0.0015832521774213,-0.0227270141323533,-0.002291689046442613
2002-05-13,-0.0079149905105159,-0.0077251614475117,-0.0087064714120956,0.0068710385325558,-0.0232562167404924,-0.008529830480087042
2002-05-14,0.0003070681411572,0.0054787540688918,0.0100377420814687,0.0094488530190899,-0.0003399661708539,0.0035716009459916265
2002-05-15,-0.0027608538701743,0.0123314130545955,0.0006210544831422,0.0010403297626766,0.008506479242939,0.0186601260039434
2002-05-16,-0.0064595580429789,0.001699780612834,-0.0062076933752388,0.0057138017938693,0.0610658969096666,0.005700863981870752
2002-05-17,0.0024768747868175,0.003676385173112,-0.0012487555068401,0.0026360743558004,0.0270271539633222,0.0059619514828592735
2002-05-20,0.0074118600494836,0.0053537108281687,-0.0056288404173203,-0.0178761095266517,-0.0092882160751911,-0.005640786326780667
2002-05-21,-0.0116492124493081,0.0,0.0088053758161685,0.0208779826594009,0.0046876931785209,-0.004734165185406813
2002-05-22,0.0006205998888169,0.0047643100047078,0.0105984268224335,0.0094389936098568,0.0006222236075437,0.0038194935634461302
2002-05-23,0.0058891963875884,0.0008366313656118,0.0043185451614335,-0.0109090428960968,-0.0003107832981525,-0.004791431792559364
2002-05-24,0.0077044682116289,0.0039022635440193,0.001228044417858,0.0126046657696394,-0.0046642794115183,0.004023883696780972
2002-05-27,-0.0018351076417327,0.0019431089370181,0.0018406335472347,-0.0072610604200518,-0.0018743823613345,-0.0015631427396132214
2002-05-28,0.0131744610504831,0.0027709555703758,0.0067362601725435,-0.0062695508481016,-0.0037562577856888,0.0012595347961199543
2002-05-29,0.0102811397092175,-0.0080134567839526,0.0048662281537772,0.0136694210216594,0.0059696883199769,-0.0013755158184317606
2002-05-30,0.0056868781065841,0.0064069284072287,0.0,0.0010378029715902,0.0024987273450227,0.0017482517482516613
2002-05-31,-0.0029765230295792,0.0013837250626409,0.0018155772659549,0.0103622719404752,0.0077876955438984,-0.0037900823241137083
2002-06-03,0.0104482958766489,-0.0049750945070367,0.0030215994392348,-0.0061534266557533,0.0034679950859326,0.001533597583993851
2002-06-04,-0.0011821644283779,0.0061113424185026,-0.0018070437709403,0.001031873094256,-0.0084642615803892,-0.008433649791514397
2002-06-05,-0.005323708619522,0.0038648679976869,0.0024134283243,0.0180412210927001,-0.0331959560287047,0.0009503219215509784
2002-06-06,0.0,0.0071510955570073,0.0036880261967489,0.0136707721630344,-0.0075213287975599,-0.0008544777005056181
2002-06-07,0.0124884717636575,0.0143891689185582,0.0097979168210624,-0.0064932712088211,-0.0065898340331843,0.0013422021617768287
2002-06-11,0.019383355361515,0.0008244332499862,0.0145543270051842,-0.0210801226989272,-0.0089552709387878,-0.004282172639170412
2002-06-12,0.0014411881678224,-0.0071388482506592,-0.0083682914617351,-0.0093224789557381,0.0023427024604043,9.530390031198266e-05
2002-06-13,-0.0109326829271974,-0.0099559107000413,-0.0054252260979172,-0.0168405626826473,0.0444074086533372,-0.004306134603930922
2002-06-14,-0.0037810909971122,0.0044689373191282,-0.0133330561521171,-0.012594090705978,-0.0252556307925236,-0.005856068717586815
2002-06-17,0.0014599694564816,0.004728156297715,0.0036856519539163,0.0096936628377282,-0.016071295054023,0.0016727036426431585
2002-06-18,-0.0061223588460932,-0.0047059060384428,0.0073440203074757,0.0096009728655848,0.0066670973773228,0.00373627429779666
2002-06-19,-0.0035204676900112,-0.0114009852907901,0.0030372720656677,-0.009509670774518,-0.0066229415808789,-0.00965900250152596
2002-06-20,-0.0047100254256045,-0.0064700749781212,-0.0042396885262476,-0.0131377540019521,0.0,-8.460032389845384e-05
2002-06-21,-0.0065069812698443,-0.0087771543349167,-0.0121653688974943,-0.0133130323324913,0.0016667743443306,-0.008364053907052749
2002-06-24,0.0044656758821486,0.0008571515404358,0.0030786344523709,0.0010380524895257,0.0003330085332016,-0.003997903538388359
2002-06-25,-0.0053348506810328,0.0059933763463371,0.000613880303383,0.0057024065307755,0.0312708889504103,-0.002465887535948119
2002-06-26,-0.019368265137533,-0.009645568150274,-0.0055214252537757,-0.0046390727745336,-0.0264518782039906,-0.014844166917136414
2002-06-27,0.0033423149870337,0.0126039430185891,0.0030841154759853,-0.0005178548970578,-0.0215373211812752,0.010528806340943886
2002-06-28,-0.0027257375200864,0.0014142248185127,-0.0012294853632823,-0.0005182193364543,-0.0094816831515215,0.0009550333337440264
2002-07-01,-0.0249010913532237,-0.0112993510485689,-0.0061574855345448,-0.0139968684900466,-0.0434190965910386,0.0037056871833700544
2002-07-02,-0.0040480864719144,-0.0094285945169314,-0.0055763767218149,-0.0068350519073973,0.0203720300897805,-0.004881788353623073
2002-07-03,-0.0100067332210069,-0.027977718709985,-0.00124633863367,0.0005294671915963,-0.023117145051427,-0.008153630923400157
2002-07-04,-0.0082118693358919,-0.008902523788169,-0.0018711824947212,0.0047618977503907,0.0028684520482045,0.007145697668638373
2002-07-05,0.009553952561369,0.0,-0.0056253904230718,-0.0047393295476793,-0.0143013395816687,0.001918734498969732
2002-07-08,0.005677750646299,0.0149704701822575,0.013827825119014,0.0,0.0101560608758715,0.005856019507749499
2002-07-09,0.0087831191319875,0.0176989766703763,0.0031001756526285,0.0158731561032949,0.0143625554479338,0.00764013027401611
2002-07-10,-0.0062187863955861,-0.0113043226658633,-0.0074169696325304,-0.0010418367711756,-0.0084953950534,-0.00987873338355727
2002-07-11,-0.0053190567094857,-0.0120197804710724,0.0049818138165924,-0.0041712096672472,-0.0285615317302481,-0.01046204822973551
2002-07-12,-0.0050329111855947,-0.0056380010016071,0.0061956350678524,0.0089006204392856,0.0058800671726755,0.0014076209964966058
2002-07-15,-0.0101173610145726,0.0101459491195772,0.0067732557509796,-0.0036323172254518,0.0043844785466375,-0.0030218215143784644
2002-07-16,0.0051102793829544,-0.0020680626117871,-0.0073394224966817,-0.0098961931697945,-0.0520190106136208,-0.009291694616282875
2002-07-17,-0.0149349993071177,0.0068088664393073,-0.0012322993796017,-0.0084164388353071,-0.0291636218839053,-0.011222007673596268
2002-07-18,0.0051613824470477,0.0114673051713394,0.0111041613041984,0.004244135107625,0.0098820609854048,0.009637454190390526
2002-07-19,-0.0266364040922874,-0.0261627593094977,-0.014642807620665,-0.020073904081503,-0.0399218686035767,-0.013665079943229519
2002-07-22,-0.0105509020618557,-0.0194029804203107,-0.0037151014205587,0.0048515442850811,-0.0012231402542279,-0.0063605455170570036
2002-07-23,0.0116628288440367,-0.0015217344191826,-0.0062149976599054,-0.0075106639364812,-0.0053061845156342,-0.0002498990792180189
2002-07-24,-0.0283269361805028,-0.0387196911502971,-0.0318953846871441,-0.0394594914417973,-0.036930691450474,-0.023066964056811745
2002-07-25,0.0101697428392761,0.0133206530742469,0.0,-0.0067527012527665,0.0396252503226273,0.00836476955879939
2002-07-26,-0.0234900307329846,-0.0297341197345217,-0.0342376528388521,-0.0390940848443517,-0.0118849352662891,-0.017410540013012343
2002-07-29,0.0326460424953944,0.0112900175002603,0.0033444009346532,0.0294813686562518,-0.0074659751339563,0.015282339230850761
2002-07-30,0.0202993630656649,0.0379586909129685,0.0180000832609685,0.021764193223652,0.010864791029004,0.01601753058722233
2002-07-31,0.0166345152877505,0.0270441009114064,-0.0013093113973564,0.0056052575860245,0.0008268881239663,0.0008023724548744671
2002-08-01,-0.0022461366911769,0.0179529466109646,0.0,0.0117058426419709,0.0594797024909821,-0.002879811176745961
2002-08-02,-0.013504734126832,0.0067603761572376,-0.0131151239634245,-0.0258954605846469,-0.0116962114083831,-0.007609478721761875
2002-08-05,-0.0123856175585751,-0.0125539021715407,-0.0119600305335624,-0.0118777774268292,-0.0067059170913369,-0.014648595744129245
2002-08-06,-0.006600315060291,0.0,-0.0040351319447098,0.017172342656329,-0.0381257035433094,-0.007663414922938316
2002-08-07,0.0405308232365941,0.0260197352276663,0.0195814614642007,0.0225097698001126,-0.0090833285937421,0.021888423397146806
2002-08-08,-0.0003193101059137,-0.0008648086438047,0.0211918190697015,0.0231152320666705,-0.0416667358428228,0.008582104075040009
2002-08-09,-0.0009582362922725,0.0023078548979755,-0.0045391534640205,0.0037651822832045,0.0143480811065654,0.009647481042699857
2002-08-12,0.0044758488341754,-0.0155398133605718,0.0039084931084261,-0.0117899653607689,-0.0192886081415902,-0.00024843770902205353
2002-08-13,0.0165503398386677,0.0125694809424266,0.0097340467791291,0.0189806664944895,-0.0034965539494801,0.0021472900816861262
2002-08-14,-0.0028180055050174,0.0002886199520828,0.003856309512249,-0.0138371389587691,-0.0346493904779571,-0.004100992503767165
2002-08-15,0.0119305311936541,0.0086578868440452,0.0019205225298779,0.008094902927445,0.0427083933410958,0.01027873897110454
2002-08-16,-0.0052742958373013,-0.0174532025103314,0.0,-0.0016060597844358,0.0161217844836978,0.0017125451833877037
2002-08-19,-0.0093574795914629,0.0037854008838347,-0.0019168411931802,-0.0139408131452951,0.00257314958953,0.005015298236759946
2002-08-20,-0.0022037917896831,0.0020303039248688,-0.0032012838018553,0.0070691048581532,0.0350728754177629,0.00905153474358178
2002-08-21,0.010097481687715,-0.0049215316196224,0.0025690711847372,0.004319558795937,-0.00991784757422,-0.0034960684781527585
2002-08-22,0.0074980465620924,0.0081468719929069,0.0134531745327008,0.0172040215763193,0.0158600267529114,0.009950683563268559
2002-08-23,-0.0024809175439839,-0.0043289434220226,-0.0120103531699411,-0.0105703982956828,0.0188987634647681,-0.0034799485734064994
2002-08-26,0.0028708378787929,0.0118839049942547,0.0,0.0122865475609059,0.0,-0.0006450772542038186
2002-08-27,-0.0159035673388971,-0.006588137606215,-0.019833307035979,-0.0163592555088812,0.0064517061938582,-0.005095675813228895
2002-08-28,-0.0077566726842346,-0.004037580401569,-0.015665961828513,0.0,-0.0040066673645096,-0.00711184309028301
2002-08-29,0.0100976783718482,0.0130292046722009,0.0079571784910756,0.0160943651756646,-0.0172964428035898,-0.001872376787554364
2002-08-30,-0.0045144249639014,-0.00971735004443,-0.0052629849148903,0.0010559430394154,-0.0053213872304413,-0.0031978244721700966
2002-09-02,0.017816119437839,0.0057721851092296,0.0119045430780722,0.0063296601532105,-0.0251029897328257,0.005058414903694297
2002-09-03,0.010821239590004,0.0071734619322905,-0.001960691210909,-0.0015729723732688,0.0071761117527895,0.004027621566939699
2002-09-04,-0.0062972728083093,-0.0099712957900491,-0.0098230609525578,-0.0052487423762004,-0.0192795527393783,-0.015551466906979061
2002-09-05,0.0145756855642686,0.0120857792264041,0.0013229984645677,0.0,0.0123935120229405,0.006573134062692665
2002-09-06,0.0015615594518256,0.0022750452726307,-0.001321250452248,0.0047490380867802,-0.0177289239899092,-0.007376484928098281
2002-09-09,0.0065483639552033,0.0070921713356373,0.0205025207006444,0.0183823361042181,-0.0008594574288182,0.010345288312878287
2002-09-10,-0.0071254336465151,-0.0022534602156263,0.001296532616009,-0.0005156226782507,-0.0038711913235075,-0.0029219327577629794
2002-09-11,0.0096723475445008,0.0076227693188968,0.0058251912081099,-0.0005164630618342,0.0138170032027895,0.012195661098304278
2002-09-12,-0.009579689458688,0.0025214839451754,0.0070784700027561,0.0051628934845766,-0.014054338415533,-0.0017408558271873043
2002-09-13,-0.0068642112672405,0.0041924441062421,0.0057506359778749,0.0046223944002994,-0.0064797737279636,-0.0036252945551825677
2002-09-16,0.0003141159112809,-0.0013918264413426,-0.0025413238934065,-0.0040899847871649,-0.0239125404332514,1.88197507009491e-05
2002-09-17,0.0131911340549675,0.0011149052228116,0.0,0.0020535335882552,0.0191532620370684,0.009936641365033472
2002-09-18,-0.0099197076980646,-0.0144766572814738,-0.0159232935574977,-0.0112703383316009,0.0152975634707448,-0.011522168528019683
2002-09-19,0.0003132342522003,0.0033901769246533,-0.0084141018265374,-0.00725430169632,0.0137749943764031,-0.00933146494573922
2002-09-20,-0.0078246037417319,-0.0061939614131987,0.0039158015406011,-0.0036532682512117,-0.0106154860952993,-0.005474012711380594
2002-09-23,0.0063091899206177,0.0014165569686295,-0.0045508445653834,-0.0125719454804282,-0.030042885165026,-0.008533653079577319
2002-09-24,-0.0062696336114305,-0.0050922381921914,-0.0013065794755804,-0.001061181409267,-0.0265490470243702,-0.003994776556258017
2002-09-25,-0.007886411800567,-0.0199031257559877,-0.0117728740593653,-0.0069035287329776,-0.0113635907906776,-0.01391185284695684
2002-09-26,-0.0133543038922537,-0.0124744486228606,-0.0370609819373529,-0.025668771660249,0.009195338826468,-0.0006025753546679002
2002-09-27,-0.015469369984261,-0.0041126972010062,-0.0192439526859753,-0.0137208851218256,0.0205012904719024,0.0067568453200161915
2002-09-30,-0.0134207605920481,-0.012389728788717,-0.0294326930692275,-0.0178073713264804,-0.0107143760163864,-0.011938782817006
2002-10-01,0.0019909041157932,0.0116487221167627,0.0173286489249726,0.0232291543377758,-0.0239172328105263,0.005501274846326565
2002-10-02,0.0072847011541528,0.0038386161379293,0.0007099182692,0.0038757810578686,-0.0305130660976736,0.0037282627213042208
2002-10-03,0.0026298247504781,0.0026469299311218,0.0092196457642494,0.0082738086893308,-0.042441643308789,0.0003720942377616332
2002-10-04,-0.00819638468561,-0.0076268905918748,-0.0168656530442664,-0.0076586776373859,-0.0214139658018056,-0.00251233327242828
2002-10-07,-0.0251243632106089,-0.0183273480031108,-0.0350248329970653,-0.0281146591597696,-0.043765912927027,-0.01726427622841964
2002-10-08,-0.0061036004091026,-0.0090331831861045,-0.0029637112641223,-0.0079413611534057,0.016497861938044,0.002056983091465847
2002-10-09,-0.0208117633194074,-0.0170158237573387,-0.0081719986055792,-0.0165804385002982,0.0078536851695281,-0.010901553853410295
2002-10-10,-0.022996854733209,-0.0293665851600949,-0.0187265355019922,-0.0156975430387535,0.0,-0.005534361399172516
2002-10-11,0.0135520588823181,0.0063694404863356,-0.0022899672739049,0.0035438163040972,0.0233764213795504,0.009698508752971735
2002-10-14,0.016889810346611,0.0205698632934665,0.0130067586209494,0.0241316375570932,0.0284263742315697,0.012321070234113662
2002-10-15,0.0259515896129514,0.0288375071691109,0.0324773009504497,0.0333336709740739,0.0064168003909812,0.011906807099152816
2002-10-16,-0.0047220325776708,-0.0150697221863971,-0.0095096591835428,0.0027804963867579,-0.0019619833619456,-0.00035913911090212913
2002-10-17,-0.0155876853863771,-0.0156057498756271,-0.0081241649378918,0.0005548248669378,0.0014742403732075,-0.0013652189249390156
2002-10-18,0.0103269252535642,0.007149204010987,0.0037230489078958,0.001108623051091,0.0088320021718655,0.007051282051282026
2002-10-21,0.0030664654146772,0.0,-0.0037092392288358,-0.0116278568078208,0.0068094038309185,-0.006729107938528545
2002-10-22,0.0105301728994087,0.0182101048548517,0.0126579733529241,0.0028010587274442,0.007729581515991,0.004348622173395489
2002-10-23,0.01210040178932,0.0184904795592468,0.0036770290836327,0.0083799114290665,0.016299339276635,0.009636232233196873
2002-10-24,-0.0043175159192746,-0.0032738936603503,0.0080581782661406,0.020498780779109,0.0165094854142864,-0.002734301946900497
2002-10-25,-0.014342603919049,-0.0116453574536341,-0.0130812843277767,-0.0010857522712164,0.0004636970509079,-0.004623552310806134
2002-10-28,0.0087982387086169,0.0138971411204658,0.0191458826779882,0.0201085520810015,0.012523456275127,0.008978223585052847
2002-10-29,-0.0137535957288165,-0.0056616385825197,-0.0137280915897518,-0.0058605829072377,0.0174071285721428,-0.007990470671560113
2002-10-30,0.0105442833053375,0.0083913584996404,0.0014647660082534,0.0160772164534359,0.0063033976991659,-0.0017005367724849396
2002-10-31,0.023224448798865,0.0213962641939897,0.0387710744740685,0.0178377684432677,0.0219239210079209,0.0135039367519032
2002-11-01,-0.050657741496324,-0.0168749558152928,0.0042250890077573,-0.0292084376405985,-0.0179507098003577,-0.010713094352210573
2002-11-04,-0.0020790932327939,0.0150933311165211,0.0210379822612565,0.0213348306395191,0.0334369651064208,0.014765196415370996
2002-11-05,-0.014236033908189,-0.0102043129922758,-0.0151096965272656,-0.0037496205244795,0.0051773821566023,-0.0014889035152182428
2002-11-06,-0.000704579337997,-0.0026509431242153,0.0104601205527268,0.0172044413062699,0.0313300447601732,0.008274776331451905
2002-11-07,-0.0246739473472581,-0.0543414320438716,-0.0200137214401964,-0.0015853912084364,-0.0012483539848667,-0.011888213975157269
2002-11-08,-0.0133719318193497,0.0053091601757464,-0.0084506115803176,-0.0153524031229572,-0.0354164527146977,-0.009860095838846838
2002-11-11,-0.0271059764638242,-0.0043490601886828,-0.0106534006172236,-0.0134408055354282,-0.0367172629797714,-0.011022232602194038
2002-11-12,0.0312496428369912,0.0109203239120252,0.0114859374815516,0.0043597576434855,-0.0246636666851514,0.0032470940148514593
2002-11-13,-0.0069368330658081,0.0052467729149179,-0.0120654895077787,-0.0206184149370061,-0.0142530957767209,-0.0037269761146601077
2002-11-14,-0.0036764369000312,0.0039918312565982,0.0057472538935858,0.0038779149299774,0.0424442044223085,-0.002959919668699018
2002-11-15,0.0107010675481011,0.0143729950409061,0.0242857943397289,0.0115894038081081,0.0017897987963078,0.01441567161231716
2002-11-18,-0.0124130591794305,0.0033121358196144,0.0069734545905733,0.0076377522108477,-0.0107195432809369,0.00038284839203694965
2002-11-19,-0.0070242589314096,-0.0086155611874467,-0.0103874388868041,-0.0059551555548063,0.0022579963530011,-0.0033535062626891543
2002-11-20,0.0096802084817904,-0.000620359980003,-0.001399718123777,0.0032676906324591,-0.0108105800456184,0.006052717214448444
2002-11-21,0.0084806861086907,0.0133536462084034,0.0086266006731048,0.0016285238042497,0.0159377900901558,0.005861042825721308
2002-11-22,0.017915678020409,0.006742500449002,-0.0049891901999294,0.0010839827614559,0.0331689137303221,0.004585621856630029
2002-11-25,0.0046693251894265,0.0182648028926468,-0.0057305310961961,0.0124527937217462,-0.018058377736574,0.002580042125749804
2002-11-26,-0.0196635779232722,-0.0056800987796118,0.005043106712353,0.0032085694020482,0.0036040064439801,-0.008486481654129685
2002-11-27,-0.0105766475406788,-0.0096209577356753,0.0021506970268019,-0.0085290449156416,-0.0044886110164268,-0.0033940221416471905
2002-11-28,0.0007375380856211,0.0100181638508969,0.0164518806775033,0.0075271742171825,0.0495943866714911,0.012749925684670371
2002-11-29,0.0,-0.0156296243970325,0.0014074432316748,0.002667923463179,0.0309274468815041,0.005883141163483652
2002-12-02,0.0011047856272179,0.0131299624578025,0.0042163953579164,0.0026610172675656,-0.0041664059270439,0.007358491762929686
2002-12-03,-0.0003673852212152,0.0036159444096801,-0.015395144050461,-0.0100851444815779,-0.0133894479927507,-0.0036460727577282137
2002-12-04,0.0092010603870453,-0.010510444747376,-0.0206112918420754,-0.0235924688365231,-0.0212039137745942,-0.014770385913463357
2002-12-05,0.0080232658277676,0.0154782267271584,0.0123366378028493,0.013179729375216,-0.0021664832034051,0.004387850017641082
2002-12-06,-0.008682872105006,-0.0128511297968287,0.006451476507745,-0.0200543678971558,-0.0039081245571896,-0.004323972178400526
2002-12-09,-0.0069347658535464,-0.0009085207047658,-0.0064101217578126,-0.0099556962804759,0.0078461857007685,-0.0011995484053063388
2002-12-10,-0.0066148032645618,-0.0215149498937511,-0.0222219641017045,-0.016759647722061,-0.0025948127531173,-0.010821746250923248
2002-12-11,-0.0011096901591868,-0.0207491719650566,-0.0029330193147217,-0.020454838121749,0.0039028594740582,-0.007044539670172711
2002-12-12,0.014074175852462,0.0123339669781357,0.0360297571344432,0.0237822382665415,0.0,0.0061071697126229285
2002-12-13,0.0043823685727069,-0.0143707904864329,0.0007097148733883,-0.0254957045113221,-0.0064792562267494,-0.005537177729107112
2002-12-16,-0.0127273287122489,-0.0164817612002413,-0.0248226469532937,-0.0058144338273206,0.0065215107659879,-0.007214884620663109
2002-12-17,0.0025781862096343,0.0174021734299436,0.0196363816388496,0.0292401845763428,0.0107989412566247,0.012500575987572038
2002-12-18,-0.0080818662553616,-0.0022166228340936,-0.0064193862443749,-0.0022730797824261,-0.0004273237128632,-7.151587652465263e-05
2002-12-19,0.0011109229394403,0.0047616834242809,-0.0107682452838921,-0.0039862306595445,0.0047030477554004,0.0008582518969317832
2002-12-20,0.0081391464216482,0.0154817888642504,0.0152394859013587,0.0068611978566144,0.0068085587608224,0.007470782743141502
2002-12-23,0.0033030142702223,0.0084007581820042,0.0057184258953248,0.0039751172258677,-0.0088757724577914,0.00873725682376536
2002-12-24,0.0051203019680845,0.0012340288857191,0.0007109674281495,-0.0005654938190389,0.0085287257611825,-0.0002109461895446474
2002-12-27,-0.0003640720534756,-0.0089370506906003,-0.0056826024840972,-0.0429943873979544,-0.0021142684674776,-0.001860554330104569
2002-12-30,-0.0127407650391453,-0.0155469229777803,-0.0171424200799239,-0.0254234774642059,-0.0148304084823733,-0.011389113084028346
2002-12-31,-0.0044247365323539,0.0028427275696238,-0.000726611106857,0.0057968444194917,0.01505366041549,0.0048141716773790755
2003-01-02,0.012592708572616,0.0050392006588186,0.0123633036123966,-0.0429644952477481,0.0101693283301291,0.006802984285428693
2003-01-03,0.0076803360769392,0.0059542247583972,0.0007187521132974,0.0040274089200644,0.0151012509219825,0.009229251796533777
2003-01-06,0.0105265111316017,0.0161993062484837,0.0050245123381476,0.0212034093843238,0.0268595427423692,0.0064984927812152815
2003-01-07,-0.003232671549093,-0.0033718780735375,0.0028574170275257,-0.0117845124685824,0.0342047607958406,-0.00029634486976581886
2003-01-08,0.0010812437827043,0.0043063385998773,0.0071225474834464,0.0051109090600702,0.0194556650021571,0.00011352742317982667
2003-01-09,-0.0082797771707829,-0.0082694208489114,-0.0028286398312602,0.0056495707492145,-0.0076338529365354,-0.0031847133757961776
2003-01-10,-0.0018145757581029,-0.0030883386684366,0.0,-0.0056178324075707,-0.0096152111751786,-0.00042387625344009194
2003-01-13,0.004363479605703,-0.0049566965032967,0.0070921761575899,-0.0039549040708205,0.0174758218301147,0.001879770630007993
2003-01-14,0.0010863330509716,0.007160583113865,-0.0021128324367807,-0.0017016008930632,0.0080149755509364,0.0021036672036387483
2003-01-15,-0.0010851542120855,0.0012364345227562,0.0021173059494694,-0.0005680642370289,0.0034079035753862,0.00038454749476768413
2003-01-16,-0.0061547303846313,-0.009570709194649,-0.0063380746834798,-0.0079592720734212,-0.0056604433462663,-0.006749050028672432
2003-01-17,-0.0014571812448038,0.0015587276617505,0.0077959200140771,-0.0022923081375849,-0.0087284231375623,-0.0015036353715945916
2003-01-20,0.0036482693016119,0.0068469518169711,0.0070320856807886,0.0017233111363705,-0.0015314040428254,0.001372465545396162
2003-01-21,-0.001817561983591,0.0015453679549015,0.0020951875883183,0.0114681113120407,0.01188607606318,-0.0014276921515002927
2003-01-22,-0.0149307276376251,-0.0058640602518079,-0.0069686794178648,-0.0005671864524637,-0.0121256818514307,-0.008387769107592202
2003-01-23,-0.0125697296174759,0.0052780978295678,0.0028069247866289,0.0130462229224492,0.0088227052148448,-0.0006087714351626916
2003-01-24,0.0022464491585953,0.0030883386684366,0.0041988719974888,0.0078386421736929,-0.0091258561891927,0.00072455869246002
2003-01-28,-0.0268952961401617,-0.0163178233161418,-0.0188149923213806,-0.071154896584922,-0.0211051071227031,-0.02043313897610044
2003-01-29,-0.0115164499203335,-0.0147105223695968,-0.0156253605818484,-0.0097141399496526,-0.0047040714779869,-0.0042647549401169105
2003-01-30,0.0104852139131679,0.0095300200613048,0.0108224468239617,-0.0173108880819952,0.0114224244323999,0.004230468570377566
2003-01-31,-0.0042279081728013,-0.0025176970586008,0.0099930526373634,0.0123308604432834,0.0144076245247255,-0.0024595579337095552
2003-02-03,0.0254735524207243,-0.0047317032761062,-0.0049467565526878,0.0,-0.0076774905309271,-0.004839439464382922
2003-02-04,-0.0071511543793318,-0.0006335937628648,-0.0085231121586053,-0.0052200738794702,-0.0096711130424659,0.001555097226523694
2003-02-05,-0.0087189478103486,-0.0057093145503066,-0.0229223700377559,-0.0139942279351304,-0.0058596612440592,-0.009427941708608834
2003-02-06,-0.0068832414415112,-0.0255179714680674,-0.0293256676588172,-0.0295681790786447,-0.0294694606417191,-0.011138268620236258
2003-02-07,0.01925305262645,-0.0062194736504586,0.0294563661420665,0.0036562119420371,-0.016194561224146,0.006911374550827798
2003-02-10,-0.0083110978349655,-0.0023059612368021,-0.0051362979543435,0.0127505642834722,-0.0205756523151644,-0.004936163400349525
2003-02-11,-0.0137148858696615,0.0009905176382432,-0.0036874635785283,-0.0017988398866454,-0.0050420516987703,-0.003392012012817247
2003-02-12,0.0007724304591971,-0.0039578383880477,-0.0029602290611132,-0.0138137840374606,0.011823935018872,0.0019304759598568477
2003-02-13,-0.0212270148531079,-0.0221849409645418,-0.0118785543820131,-0.0188790385509647,0.0104344537486158,-0.017038702963982355
2003-02-14,-0.0082809964537825,-0.0230274820965176,-0.0120209641750467,-0.0093114173915378,0.0198261944819797,-0.006413189725236967
2003-02-17,0.004906449661008,0.0162909381231042,0.0098857529265232,0.0213036170348632,0.0093156082908372,0.011362542789975283
2003-02-18,-0.0036614753621648,-0.0020465093262408,-0.0195778338326996,0.003067515663254,-0.0048151077702983,0.0002242899185078695
2003-02-19,-0.0073498620631895,0.0061516663786986,0.0,-0.0091747365139145,0.0141124654558422,0.007032970019841711
2003-02-20,-0.0123407478427612,-0.0217391109041634,-0.0092168763116322,-0.0154318138898728,-0.0079520113287469,-0.015884047800592382
2003-02-21,0.0266551833107697,0.0159722793016612,0.0325584962529739,0.0388715980201586,0.0120241884584664,0.00039768247111648947
2003-02-24,0.0210954460289249,0.0150378012783709,0.0412911240994831,0.0199154269505665,-0.0019801840086349,0.013049765940385205
2003-02-25,-0.0186728896462174,-0.0228958066157068,-0.0136983464803808,-0.0278108910395816,-0.00992078613897,-0.019917865865622164
2003-02-26,0.0076922568812187,0.0189525936149159,0.0160814908341988,-0.0018261014617846,0.0132265177953356,0.010133712542195195
2003-02-27,-0.0188828862259142,-0.0182617130785238,-0.0079137623365923,-0.0121950304163808,-0.0110760264204468,-0.010722266642064882
2003-02-28,0.0049139114228429,-0.0044783007993702,0.0188543362038828,0.0135803448611091,-0.0075998580546927,0.0016924330970835566
2003-03-03,0.0167077016828198,0.0179930656962459,0.0035588606617846,0.014007277544412,0.0016123767524751,0.007792727247650122
2003-03-04,-0.0028058375720664,-0.0091773801387533,-0.0056736922833054,0.0102100558433269,0.013279402855435,-0.0009853767355291199
2003-03-05,-0.0076366046400199,-0.0154372643978345,-0.0021398973321362,-0.0285372625571939,-0.0142969400807667,-0.012117019309144883
2003-03-06,0.0028348816882943,0.0174214775563128,0.0071480017283847,0.0134644310293006,-0.0052380570510927,0.00026347903261592087
2003-03-07,-0.0145391188744842,-0.0047944245622983,-0.0063880423266065,-0.0126813719086773,-0.0279464856790838,-0.01126422758592005
2003-03-10,-0.0090167931802755,-0.0072262502051915,-0.0057140379636397,0.0030575811981785,-0.0041664059270439,-0.0009464584925370501
2003-03-11,-0.0078574893203229,-0.0051994584966976,0.0079023315037489,-0.0048777031018615,-0.0083684925967567,-0.006308683386899938
2003-03-12,-0.0204250142447153,-0.0034844666604921,0.0035643008949708,0.0049016117084961,-0.0350209090338357,-0.0014900814248284266
2003-03-13,-0.0127659762984176,-0.0017480610843078,-0.0127844855684754,-0.0140242518647638,-0.0249237477766379,-0.006266266832635536
2003-03-14,0.0198269371715773,0.0297723190487257,0.0158274013165118,0.0278293806306786,0.026905964040925,0.019522297980157477
2003-03-17,-0.0084527312461367,-0.0017010085629404,0.0035409744890029,0.0018050075562634,0.0039303725997368,-0.002827244867328882
2003-03-18,0.0464620771177897,0.0453153244835222,0.038109147469588,0.0450449715836476,0.0500214588353118,0.03506622609280052
2003-03-19,0.0146639263184571,0.0,-0.0040791586407467,-0.0045975830021763,0.0231980636228621,0.0041189559900713935
2003-03-20,0.0076275951532811,0.0081490970024387,-0.0095563191861404,0.0028865524678309,0.0020246168270816,0.006796351928439526
2003-03-21,-0.0027893176507033,-0.0025867031765892,0.0006891718132981,-0.0109381202494978,0.0101008255350096,0.00023415913454782888
2003-03-24,-0.0007986538166899,0.001620507137531,0.0089531814633232,0.0029104964903239,0.0020000978163068,-0.0026554118229369372
2003-03-25,0.0079970844008423,0.0077671580402884,0.002730343469905,0.0058036799154956,-0.0239519276480881,-0.0008450194153271084
2003-03-26,0.0142797109110039,0.0295436674378268,0.0279100506250038,0.0271206315790133,0.00858818739466,0.013410926078814445
2003-03-27,0.0125146110342895,0.005614521314297,0.011258374854169,0.0056179341062021,0.0137880101365646,0.0004901278968876266
2003-03-28,0.0038624222654133,-0.0058932792005625,-0.0078586789747719,-0.005586549240687,0.0119996935982353,0.0018139088411506243
2003-03-31,0.0023088955343595,-0.0031199026303665,-0.0046206350639946,0.0073034872257364,-0.0237152580164726,-0.0037996682724394937
2003-04-01,0.0107484742732957,0.015649280521939,0.0291780692949301,0.0150586751519896,-0.0323884443361474,-0.0010016317974979039
2003-04-02,-0.0041778710573754,-0.0030815609360772,-0.0199742138482905,-0.0076924056255743,-0.0050210721977107,3.9839843827937926e-05
2003-04-03,0.0007624657761553,0.0015453679549015,0.0013147962432202,0.0088591277010821,0.0033640780745034,0.00915615932646796
2003-04-04,0.0099086484295141,0.0064814402329764,0.007879432201723,0.0016464998911573,0.0352053839467885,0.008579624707213851
2003-04-07,0.0147171456224126,0.0180928759366174,0.0247555189066943,0.0164388265743422,0.0141702834531369,0.01572162930877008
2003-04-08,-0.0070655459519943,0.0,-0.008264802438847,0.0016169156170882,-0.0031938578080239,-0.00014129555175912412
2003-04-09,-0.0168541045586964,-0.0135540463258285,-0.022435533521953,-0.0285250466759231,-0.0188224148651945,-0.009480986639260003
2003-04-10,0.0106665826896343,0.0076331571211341,0.0262295387942124,0.0027702114515177,0.0081630946267461,-0.0018222614199372433
2003-04-11,0.0064080998475783,-0.0242420745016368,-0.011501681733923,-0.0093925191489855,0.0101216148924276,0.0016176919628645425
2003-04-14,-0.0112360309080181,-0.0086955940125441,-0.0174532644943161,-0.0150586751519895,0.0200398292571504,-0.0026853125081078844
2003-04-15,0.0109849038648752,0.0090849657187521,0.0276319378499678,0.0254814755286072,0.0082519447698523,0.009488937160993416
2003-04-16,0.0089918434752052,0.0012420433795499,-0.0025610086488104,0.0160129361357761,0.0074042718275071,0.0037173763183155906
2003-04-17,-0.0115113107467673,-0.004961307518819,0.0032089850701524,-0.0021732669278456,-0.0092841821281546,-0.008909200611063262
2003-04-22,0.0138996746601489,0.0127764307709117,0.0185543995295935,-0.038892612313047,0.010542856672588,0.009183580948926906
2003-04-23,0.0170434251550455,0.0126153691259796,0.0131909076192724,0.01515981625962,0.0085007766320057,0.008265735701817434
2003-04-24,0.0149361013502482,-0.0018230930399729,-0.0018597603561385,0.0,-0.0114945983302616,-0.0010374764499211375
2003-04-28,-0.0218950223557118,-0.0021306540431587,-0.0062111066984421,-0.0466548847574316,-0.0445733395699848,-0.009104868460455329
2003-04-29,0.0073394219195948,0.0030506528715281,0.0143747218370495,0.0154995243657112,0.0032453450017926,0.012339248971193317
2003-04-30,-0.0083791337244621,-0.0115574766495831,-0.0197166620569173,-0.0184210551388307,0.0141528639800931,-0.001232223273775812
2003-05-01,0.0007346828054082,-0.0012307280210821,0.0069141342233316,0.003753837044802,0.0067783283603553,-0.0012846195427518303
2003-05-02,-0.0143172232105239,-0.019100605797323,-0.0162299499067427,-0.017094536136477,-0.0190100318193713,-0.009347758257292504
2003-05-05,0.020856679686225,0.0065955541272975,0.0038073890874212,0.0043481079738825,0.0088818304076412,0.000906315282018344
2003-05-06,-0.00218854379015,-0.0062402768300544,0.0113780848794422,-0.0075759527465865,0.0044017072869122,-0.0030953787664723675
2003-05-07,-0.0007316449330208,0.0069077408266131,0.0,0.0070884450203068,0.0219123082817607,0.002531661878196756
2003-05-08,-0.0120744420406087,-0.0140317441466457,-0.036250211786961,-0.0081213616421375,-0.0081869468777341,-0.00655413263765281
2003-05-09,-0.0018520752312475,-0.0135994840662311,0.0045397284057941,-0.0021831521796591,0.0066822982356766,-5.174409955577275e-05
2003-05-12,0.0081636291324227,0.0147486734389228,0.0038729780963318,0.0125820262850515,0.0152282316295728,0.006798232847560426
2003-05-13,0.0077285344413846,-0.010426905560103,0.0083604747364691,-0.0054026379949908,0.0307690193373606,0.001773209123032471
2003-05-14,-0.0040172001954515,0.0089400990262651,0.001275276573283,0.0027160416863529,-0.0044772279372856,-0.0035401408360377085
2003-05-15,-0.0069674296396615,0.0117089477323895,-0.0063695721382276,0.0113760446239687,0.0097448285235584,-0.004170581950648122
2003-05-16,-0.0096012856799069,0.0034409058633206,-0.0012817070258011,0.0087765864355304,0.0244990110369274,-0.0011827359331980647
2003-05-19,-0.0119316319298035,-0.0009354250483318,0.0077019823775454,-0.0087005164793285,-0.0092861896602991,-0.0005370673534226267
2003-05-20,0.0060383265450534,-0.0046797360532194,-0.0044586568112058,-0.0071306997942711,-0.0115628912659436,-0.00437653761491652
2003-05-21,0.0071263819276772,0.0,0.0012799050410727,-0.0055251785858851,0.0233961049665207,0.0024319825209384582
2003-05-22,0.0111732625973082,0.0043885660626006,0.0121403231904859,0.0138887074944029,0.0055308705171557,0.007751787127492582
2003-05-23,0.0151009167780116,0.011860128552142,0.0145200354102847,0.0093154521385607,0.0157680453284634,0.010698216320251364
2003-05-26,0.0014516900902135,0.0009251487312362,0.0031116725867013,-0.0027144048273742,0.0,0.00026749036716244845
2003-05-27,-0.004347969037371,0.0003082143131607,0.0018614460798105,0.0038103368280022,0.0,-0.00488357729996125
2003-05-28,0.0090978353172836,0.0089342970123831,0.0154792657615472,0.0021693032329528,-0.0003609581071211,0.00865058545012487
2003-05-29,0.009736645481319,0.0070227214516624,-0.0030488502956059,0.0059521685912777,0.0075842412027316,0.002416868601007316
2003-05-30,0.0085714878714688,0.0036384466887018,-0.0030577547227035,-0.0032272716338302,-0.0039426638630116,-0.00144915613549923
2003-06-02,0.0191221642902756,0.0111782733925951,0.028834229531222,0.0091742095357179,0.0003599859866465,0.009227220299884653
2003-06-03,-0.0062541680776221,-0.0005975300435803,-0.0125221144338301,0.0037432852304513,-0.0035975798743463,-0.003836734693877575
2003-06-04,0.0062935288649448,0.0074742125096818,0.0126809061922947,0.0042621398710753,0.0104696625234379,0.0019919439734239486
2003-06-05,0.0066017598357992,0.004450719682135,-0.0115924979170025,0.0005305532766728,0.0146479000501063,0.003762071026391034
2003-06-06,0.0131164957913547,0.0002761560462491,0.0018517641153954,0.0005301782184192,0.0161973208075492,0.005816249146051833
2003-06-10,0.0051106098785358,0.0105961527152069,0.0043132096679583,-0.0420849588776151,0.0142069010909513,0.002068780727936481
2003-06-11,0.0122032669864968,0.0110848661531066,0.0006134677924782,0.0121564582761113,-0.0075164346029044,0.004918756568187854
2003-06-12,-0.0020089754984708,-0.0014813492947154,-0.0024526749630804,0.0015668176903547,0.0151465300861541,0.0050988836909977575
2003-06-13,-0.0087249273313794,0.0,-0.0030727894620614,-0.0041712142351002,-0.0064431231494119,0.0008988598024970429
2003-06-16,0.0115099680571479,0.0035607751674977,0.0043153508108071,-0.0062826590411145,-0.0088738215864236,0.00082424003838244
2003-06-17,0.002677533224751,0.0112355619726383,0.0171889831424743,0.0084299647062746,0.0096417814929785,0.007264547533003984
2003-06-18,0.0033375640678283,-0.0026315389572199,-0.0054322542383578,0.0,-0.0071622323147995,-0.007108426383549915
2003-06-19,0.0106453807297621,-0.0002933808102367,0.0127431353764801,0.0047019847611919,-0.0003434742709281,0.0044676601628514945
2003-06-20,-0.0006584687966398,-0.0020523227176137,0.0011985666600664,-0.0161205832606649,-0.0034365812633379,-0.004582385042703807
2003-06-23,0.00527030005201,0.0020565434083705,0.0,-0.0132133588192758,-0.0075859465326443,0.0008174403668033126
2003-06-24,-0.0036042017114764,0.0032258660759711,-0.0053862407363187,-0.0074986000006627,0.0107711218630748,-0.005913925667542896
2003-06-25,0.0003287562935831,0.0029234010317289,-0.0072202770320515,-0.0005397154961018,-0.0061873525846311,-0.0009698961531570127
2003-06-26,-0.0187376495122224,-0.0177788000274159,-0.0121211450274766,-0.0086391567263743,-0.0124525059333263,-0.012206584382497665
2003-06-27,-0.0010049800284559,0.0,0.0061347807348699,0.016339458704887,0.0087564342827866,0.006785942332010242
2003-06-30,-0.0090539192641392,-0.0059349534007229,-0.0091459087424178,-0.0026794937313183,0.0,-0.0072059244152066215
2003-07-01,0.0118436545472977,0.0089549759096194,0.0159997516716274,-0.0005372055698416,-0.0100694903461554,0.003882452928624769
2003-07-02,0.0036789386995643,-0.0005912708058458,0.0036344959924317,-0.0010754637836596,0.0119259102239313,-0.002202299625047588
2003-07-03,0.0049986284061893,0.0097687234775944,-0.0006036737018739,0.0048441790652884,0.0048524489132391,0.004258006427651395
2003-07-04,-0.0116049397218052,-0.0149515073398152,-0.0096621848013266,-0.0064273579042092,0.0024147442151789,-0.005385549294897762
2003-07-07,0.0013419104960714,-0.0035714834211294,-0.0079268629762925,0.0,0.0082586948278324,0.0012143974960876491
2003-07-08,-0.0100498002845553,-0.0170251593507752,-0.0301165915180999,-0.0231808386319232,0.0150171071862887,0.0012191767118492347
2003-07-09,-0.014890358617156,-0.0136736711466801,-0.015843148949176,-0.0154524158885733,-0.0198386395835522,-0.0022105795590080524
2003-07-10,0.0075577697949482,-0.005853268914483,-0.0025751069256391,-0.005605406713251,0.0010291026666058,0.004531088650373993
2003-07-11,0.0051139863208149,0.0009295275777172,0.0232406653710288,0.0028185520266861,-0.0006853944019399,0.0003052788317166044
2003-07-14,0.0020350811945215,0.0102166773192615,0.0138796772517233,0.0101182883016164,0.0013717289792436,0.009971474482741494
2003-07-15,0.0088017217137226,0.0021455715026896,0.0006225610493062,0.0022257449084659,0.0051368903188335,0.00259005050598482
2003-07-16,0.0046980538377152,0.0012232227003621,-0.0012438263328714,0.0005551023484675,-0.0017034215029125,0.004342504259467805
2003-07-17,0.0013357723019429,-0.0058030966285501,0.0068494079797516,-0.0055495132405171,0.0,-0.0023762133692623033
2003-07-18,-0.0040029041164731,-0.0073734963825534,-0.0043289024869374,-0.0094866027394233,0.0010237408100135,-0.001424212846154349
2003-07-21,0.0046889277901165,0.0030949693571795,0.0124222897794568,0.0033804968425161,-0.0088643731037959,0.0017705099437492766
2003-07-22,-0.0059999380531259,-0.0030854200765885,-0.0122698699000027,-0.0061762837136543,-0.0058482257692149,-0.0073088559277827425
2003-07-23,-0.0016766169771225,0.0052612197487564,0.0099376236491171,0.0084742648343822,0.0152254322614067,0.0062004673532720656
2003-07-24,-0.0006718566093474,-0.0092363137949946,0.009840766599253,0.0084035502385531,-0.0010229044777935,0.0017018400761834585
2003-07-25,-0.0033612281388809,-0.0055932220667913,0.0024354264481414,0.0033335451148053,0.0023881938394609,0.0025576231891168977
2003-07-28,0.007756991752903,0.0046874271099037,0.0060756573893672,0.0199335447374087,0.0091900706953595,0.006723398528071245
2003-07-29,-0.0083669793090248,0.0124418310035161,-0.0114733890700127,-0.0076004678598712,0.0003374033438656,-0.003536746922057965
2003-07-30,-0.0064125873825162,-0.0046089023461001,-0.002443480001167,-0.0087529675501437,-0.0037088007285083,-0.0053300482997510334
2003-07-31,0.0139269244195729,0.0077163885631492,0.017146256543127,0.0071742802064354,0.0355324194250992,0.010042795306004715
2003-08-01,0.0020101682781952,-0.0042879490490096,0.0108368336723447,-0.0010957988115706,0.0013076248509367,0.005784873133422241
2003-08-04,-0.0020061356080343,-0.0033838626282837,-0.004169249241696,-0.0054854893172822,-0.0062008511196326,-0.003651331076146902
2003-08-05,0.0020101682781952,0.0077163885631492,0.007774850465527,0.0033095450238418,0.0059112723972711,0.002919654971893726
2003-08-06,-0.0030090995102697,-0.0027566918839418,0.005934835557297,0.0032983365473238,0.0058761771633593,-0.0012623059733044562
2003-08-07,0.0010059910293491,0.0061426393719841,0.002950009412189,0.0043836795130367,0.0009737452136702,0.001663028162625979
2003-08-08,0.0030151483066507,0.0051892882972446,0.0017648191876054,0.0038188458044334,-0.0132942545635014,0.0034533555507256786
2003-08-11,-0.0010019589735529,-0.0015183490212609,-0.0105699653178392,0.0010872498295109,-0.0075580340044969,-0.0011371293800537252
2003-08-12,-0.0020061356080343,-0.0009125068480051,-0.0065278815141321,-0.0103151605655811,-0.003974014829869,-0.0008673706021601335
2003-08-13,0.0,-0.0003041849498353,0.0053763887577755,-0.0115193821268941,0.0126333164389258,0.00513639788997744
2003-08-14,-0.0053600322992858,0.001217895692638,-0.0142602678359392,-0.0105437416525809,0.0226529356433311,-0.0024531119734656492
2003-08-15,-0.0013471245955222,0.0021288089734174,-0.0084388211226898,-0.0011217100511862,-0.0128413160275253,-0.0003006289156916031
2003-08-18,0.0030349618040894,0.0027313696750064,0.0060788400215072,-0.0061762837136543,0.0100811589460827,0.005653523227560298
2003-08-19,-0.0043708478617245,-0.0136200943162163,-0.0175227395547501,-0.001130048443487,0.0093366346257304,0.0015190660733936934
2003-08-20,0.0064166021196609,-0.0021475267646323,-0.0190650101965403,0.010746705745233,0.0191391875032194,0.0007046374699930524
2003-08-21,-0.0053691298964436,0.0039975921506196,0.0094044674319753,0.0156685912145384,-0.0081379780275021,0.0010681465568684878
2003-08-22,0.0016870086285929,-0.0021442567526759,-0.000621192554391,-0.0049584571567974,-0.003155453093491,0.0030043097538730024
2003-08-25,-0.0038144455718746,-0.0055248918808017,-0.0149160134518456,-0.0088595924599212,0.0034821242751603,-0.00047544617652128807
2003-08-26,-0.0066129466105719,-0.0145058412432317,0.0063090595460315,-0.0033518721169545,-0.0009463199163991,-0.002562684694648043
2003-08-27,-0.0038543296105489,0.0090824591105218,0.0169280413775554,0.0095292409521354,-0.0037892972683613,0.004041680576088558
2003-08-28,-0.0045726934018895,-0.0270021315756328,-0.0141801758147978,-0.0083285962505859,-0.0158476232382299,0.005623107522412907
2003-08-29,-0.0088341103456308,-0.0082934527118352,-0.0212631184887031,-0.0190370369857201,0.0196454972519948,0.0010030871941957287
2003-09-01,-0.0203206421021138,-0.0093276758494079,-0.0057508459330963,0.0028538435027969,0.0164247864912618,0.0032262440503223466
2003-09-02,0.0116448561109707,0.0064935869224738,0.0160667194107027,0.0062605487243041,-0.0055939069214303,0.004180041624043174
2003-09-03,-0.0071941367980553,-0.0090324167768374,0.0,-0.0016966904189328,-0.0028125163048453,-0.0017739527531395183
2003-09-04,0.0043476292131807,0.0022785512563048,0.0075901963849898,0.0073654218445791,-0.0003133355543303,0.005571782149182969
2003-09-05,0.002886090572409,-0.0016238195151154,0.0087880315800226,0.0061866052158316,0.0050157982457832,-0.0036744978186314947
2003-09-08,0.015107882733355,0.0120366717132969,0.01431275152066,0.0128562551889737,0.0131004821640619,0.005514512182271725
2003-09-09,0.0024805587584562,-0.0035359045850767,-0.0067487625777861,-0.0077263054924906,0.0036947985966084,0.0017873361123399434
2003-09-10,-0.0049487349178134,-0.0058063625529685,-0.0006171185284712,-0.0022246062946261,0.0021467563945745,-0.005491919033422277
2003-09-11,0.0078152437681962,-0.0009737376660792,-0.0018540523851363,-0.0022296647285759,-0.0113250597180185,-0.006772787302922856
2003-09-12,0.0095168252520461,-0.0025979077155279,0.0105260197863148,0.0078211666023821,-0.0003097216411704,-0.00037066018697740066
2003-09-15,0.0055870791508672,-0.0019539709027567,-0.0030639905686716,-0.0055431653400394,0.001239185628125,-0.0005002825124775789
2003-09-16,0.0,-0.006525306472399,-0.0104483905681956,-0.0111482251159366,-0.001237651947619,0.001454489780295276
2003-09-17,-0.0034724839008877,0.0049263361586053,0.0037265308030005,0.0112739091935631,0.0003098175983855,0.007097244599155728
2003-09-18,0.0090593505793019,0.0143792246312535,0.0037131101326135,0.003902061065423,0.002786477900577,0.0013720784945672193
2003-09-19,-0.0400553128316721,-0.0103096523415731,-0.001233296845159,-0.0005553967804063,0.0370484481656867,-0.0009912074072346844
2003-09-22,0.0025181433367582,-0.0039060107355453,0.0,-0.0011112144377747,0.0002975010401538,-0.006326675927114667
2003-09-23,0.0003584133887384,-0.0078433174638889,0.009259130911168,0.0044497041280509,0.0119047299023928,-0.003835445863239806
2003-09-24,0.007891148065678,0.004282006098611,0.0110094740883672,0.0149498894043493,0.0055880614566812,0.009310086615055502
2003-09-25,-0.0060499250957051,-0.0045917805152245,-0.0163341754596547,-0.0180032128757262,-0.0099440952851446,-0.011140320130856418
2003-09-26,0.0060867494740997,0.0062604443969453,0.0073803430576384,0.0,0.010339674641433,-0.0004194407850039994
2003-09-29,-0.0071175462975148,0.0019647271196912,-0.0134311929383775,0.001111116239256,-0.0058480571168354,-0.0019680618432406094
2003-09-30,-0.007168244323837,0.0065357867131266,0.0024752339204421,-0.0038845415609261,0.0147059036623515,0.0016699334987473335
2003-10-01,0.0028879560246031,0.0051949054396049,0.0086421865402268,-0.0083565349891867,0.0005797046259352,-0.0032692682869152057
2003-10-02,0.0107991923968817,0.015181002567153,0.0159120385307811,0.0129212583850497,0.0139050088954948,0.012764089728229289
2003-10-03,-0.0046295818497686,-0.0041366979665163,-0.0084341398426137,0.004991654759483,0.005714309398366,0.0012181551976573335
2003-10-06,-0.0035777638187698,-0.001277582877728,-0.0036452315364451,-0.0022077109514051,-0.0014205575966553,0.0043694942617484855
2003-10-07,0.0003591043743964,-0.0051180478454817,0.006097681227809,-0.0011057112773751,0.0110950840566403,0.0004367956669870665
2003-10-08,0.0143570682247335,0.0122185768827536,0.009090782597674,0.0166113688413882,0.008722755060414,0.007602747700547141
2003-10-09,0.0067235696671863,-0.0031770389561365,0.0018020185143712,-0.0010897144301238,0.0092049723005658,0.0026460834498458485
2003-10-10,-0.0052724349588009,-0.0121094404748773,-0.0107914568939005,-0.0049073777979272,-0.0082919474823404,0.002719771354814826
2003-10-13,0.0010600761744412,-0.000322456797388,0.0018182987090109,-0.0016436982173559,-0.0078038703535313,0.005286870172857672
2003-10-14,-0.0042357078558203,-0.0045177543440151,-0.0018149984995823,-0.0016465014221592,0.0075845456684231,0.002006448072437994
2003-10-15,-0.0003547357218871,0.0087520115635708,0.0078787188768818,0.0109951029764516,-0.0022301785035576,0.0002510169037064358
2003-10-16,-0.0106382477651212,-0.0044988828003366,0.0024053792624061,0.0048940345123722,-0.0064264291180132,0.003456319760909432
2003-10-17,0.005734833495288,0.0051645442992809,0.0005999520882766,-0.0156927590620882,0.0081551142744324,-0.00025008952068072965
2003-10-20,-0.0032075370612268,0.0041751056323149,-0.0071941036601557,0.0005496093896137,-0.0041840991406192,-0.0018761406082106191
2003-10-21,0.0014302552517793,0.0044770655005692,-0.0018117102482001,0.0032966218657981,0.0056022647345517,0.004870046649920523
2003-10-22,-0.0024994797241131,0.0009547431112044,-0.0012099652065302,0.0043812790128692,-0.0016714458750175,-0.0012300332165652295
2003-10-23,-0.0032206660249608,-0.0082695960045956,-0.0096913464646973,-0.0021804571134039,-0.0178569001118503,-0.010028319930079688
2003-10-24,-0.0046680316896332,-0.0038485626760348,-0.0091741859227063,0.0,-0.015624811680282,-0.0030785282685715787
2003-10-27,-0.0079364768219767,-0.0045073365559448,0.0018517641153954,0.0,-0.011544135902355,-0.003530825718672581
2003-10-28,-0.0072725089261153,0.0,-0.0030802592778714,-0.0087433023006839,0.0093430556370239,-0.0002481489817235394
2003-10-29,0.0087911419594217,0.000647059075969,0.0067980885062732,0.019562762523287,0.0167773913956397,0.006135996305703051
2003-10-30,0.0058096875185655,-0.0029090490617753,-0.0006137416193047,0.0118845384021888,-0.0065434403863394,0.0031841104283918398
2003-10-31,-0.0072203259793984,-0.008428166107569,-0.007984879055398,-0.0044746868559792,-0.0022910075777493,-0.0003545734252936583
2003-11-03,0.0050912282681503,-0.0111142754086344,-0.0037155113858161,-0.0117977462531555,-0.0063144433464191,-0.004754113366438495
2003-11-04,0.0097682807410874,0.004627966631217,-0.008079377096513,-0.0056846885335611,0.0037550587866406,0.002517747822837979
2003-11-05,-0.0075242228578634,-0.0042781424495419,-0.0087719316666712,-0.0205832127527726,0.0060434625524365,-0.007339323291457145
2003-11-06,-0.0057761300081516,-0.0138795020817242,-0.0233881666617938,-0.0105081390239677,-0.0060071585149052,0.00010974856027234914
2003-11-07,0.0014520382355087,0.0063673194009004,0.0090613825938066,-0.0091239774157199,-0.011510445821935,0.003615529449815691
2003-11-10,-0.0065263944809077,-0.0103228538420115,-0.0057731945464875,-0.014119060173192,-0.0014557092744037,-0.004920353574881409
2003-11-11,-0.009488624557629,-0.0208613633402635,0.01741950487643,0.0136988299217823,-0.0102041817874086,-0.009097060371400567
2003-11-12,0.0132642858882783,0.0137454937972383,0.0139506216788753,0.0196560372071159,0.0250366179523744,0.0007353799463054589
2003-11-13,0.0076365130860374,0.0128814110777686,0.0068793921745067,-0.0060243175022037,0.015805038421305,0.004747296840190041
2003-11-14,-0.0028870226474567,-0.0083665502302022,-0.0105590243779565,-0.0109092952214294,-0.026874431389249,-0.0049454376596239635
2003-11-17,-0.0018100369152697,-0.0045117750374654,-0.009416274111516,0.0018386548272819,-0.001162859161564,-0.006428354761182531
2003-11-18,0.000725568433997,0.0031429030572296,0.0063372595796704,0.0195714820670467,0.0069846405935534,0.0003229101840001025
2003-11-19,0.0072462674372744,0.0201877267560455,0.0075566320006643,0.0107980444296142,-0.0129184453376243,0.002071827257734249
2003-11-20,0.0043166775362719,0.0006824438719219,0.0044868613797692,0.0160236981437853,0.0005952914275308,0.002067543664413529
2003-11-21,-0.0025072119239015,-0.002386985620431,0.0,-0.0046729740926099,-0.0237952480306917,-0.004658448625553091
2003-11-24,0.0017950883019555,0.0017090867259688,-0.0006382362199732,0.0046949133008318,-0.0021330365668333,0.0009043396558812145
2003-11-25,0.0017923045270917,0.0023881261848366,-0.0025539492832706,0.0070091262821425,0.0351143619689104,0.006576940226701966
2003-11-26,0.0039354753978244,0.0037440117038813,0.0006401744621855,-0.0150810066722778,0.0117996748039808,-0.00018651822924264927
2003-11-27,-0.0039200481447924,-0.007799353347788,-0.0089568131512247,-0.0117784194014018,-0.0116620662151001,-0.0017664239534083137
2003-11-28,-0.0125222813703982,-0.0116198449517207,-0.0122665522403063,0.0023834875015764,0.0023597760961067,0.00018688313963677317
2003-12-01,-0.0119569100179658,-0.0051866723113844,-0.00196047817812,-0.0065399301007783,0.0014716652727411,-0.0046887225420699785
2003-12-02,-0.0025664206921874,0.0052137141381443,-0.0091686172997075,0.0017958400146795,0.0020568764233803,0.005561454660651499
2003-12-03,0.01691132999623,0.0148685555021086,0.0178456861271123,0.0203103021536106,0.0102639825332491,0.008675258303336486
2003-12-04,0.0094001966868813,0.0265759339005868,0.018182014945389,0.011123910221592,-0.0043539018235861,0.004499866970513633
2003-12-05,0.0053723035091992,-0.0046462651171989,-0.0057399387992728,-0.0005790129294866,0.0032069700766534,-1.1515961122143814e-05
2003-12-08,0.0067685407072264,-0.0013338203840261,-0.0044900536957683,0.0017387094205842,0.0113337553888372,-0.0013588990614382679
2003-12-09,0.0056616722987499,0.0033389448446747,0.0057986931253271,0.0011565908865487,-0.0172412232201325,-0.001971931685828654
2003-12-10,-0.0003516897839056,-0.0013312762744844,-0.0115310476322859,-0.0046213974106547,-0.006433088205942,-0.002345573452268268
2003-12-11,-0.0080956422727046,-0.0036657708106447,0.0019447018496216,-0.0075454931235571,-0.0123601339499889,-0.006792675723567565
2003-12-12,0.0060328572564076,0.0026759111440939,0.0064679963119738,0.0152047630569218,0.0160905844589593,0.007288077288601924
2003-12-15,0.0052910317703618,0.0023350541582032,0.0032132150926182,0.0028802436814283,0.0117303898424485,0.010864594849591569
2003-12-16,0.0,-0.0076540048930179,-0.0102499829386759,-0.0097647226064072,-0.0057969964764701,-0.009969079248740131
2003-12-17,0.0098245396991203,0.0036888872219931,0.0006478531905025,0.0063806049523009,0.0055392263076743,0.005026055674121732
2003-12-18,-0.0027798968449852,-0.0140330104638043,-0.0090559346402631,-0.0017290290909262,-0.0086984064723583,-0.0022328622070806325
2003-12-19,0.0031359047738455,-0.0054220043327524,0.0052220042372861,-0.0051958822942528,0.0038023080209734,0.002676202560849106
2003-12-22,0.0013893085940634,0.0020442369485784,0.0051947704718218,0.0145087282611009,0.003787983698779,0.006994776926439794
2003-12-23,0.0027751810192027,0.0051005619142467,0.0077519919866668,-0.0040041173105547,0.0008709054274245,0.001496629726950749
2003-12-24,0.0086474999352605,0.0071042104834306,0.0128200079307441,0.0022974268349049,0.0055102320050008,0.0032910872565907745
2003-12-29,0.0078873147869786,0.0010078483174758,0.0069628352682586,0.0045845092546694,0.0138449793833623,0.0049517052399388195
2003-12-30,0.0020416239851841,0.0026844091636688,0.0056562408022027,0.0022817002871746,0.0105262641801582,0.004050461051083198
2003-12-31,0.0,0.0023428690416993,-0.0006247662105028,0.0062607643448076,0.0011263030151595,0.0014310987908905393
2004-01-02,0.0023767511972931,-0.0010019104949601,-0.0050027870466449,0.0,-0.0044996134653247,0.00027005738719476646
2004-01-05,-0.0081298169198484,-0.016711228387366,-0.0037715460802315,-0.005090269483656,-0.0141243444963554,-0.0044322451459041234
2004-01-06,0.0075136296528459,0.0040787456163278,0.0126180061338088,0.010233184492036,-0.0045842445498299,0.009570621468926621
2004-01-07,0.0088130574547409,0.0101556243051432,0.0105921126035624,0.0050643027170518,-0.0040302974565082,-0.00419152293865499
2004-01-08,0.0161291206054667,0.0063674680497698,0.0117141835122021,-0.0011194955841048,-0.0121383407714904,-0.0017140127567506491
2004-01-09,0.0085981961477223,0.0046623333023074,0.0067030096085995,0.0039232226853733,0.0076066805553411,0.0011202431884711483
2004-01-12,0.0016393195997219,0.0116009710101465,0.006658378433979,-0.0016746014602165,-0.0098724224718468,0.0003261376863341603
2004-01-13,0.0081831831460914,-0.0153997875179706,-0.0060129449272212,0.0072706413046774,-0.0161287431388998,-0.002242870874719749
2004-01-14,0.0045453476246108,0.0136437357960872,-0.0018150922802878,0.0033315147269374,-0.0014903660743272,0.004754983154739767
2004-01-15,-0.0016157144228662,-0.0052527237357057,0.0066668462316796,0.0016602262951166,0.011940081599346,-0.0013289073802020823
2004-01-16,-0.0084172662432948,-0.0125414185901834,-0.0078266320919262,-0.0066297170628748,0.0123893010986286,-0.005378849555037757
2004-01-19,-0.0019587757291967,-0.0026740022804676,-0.0048547332657891,0.0016683542424196,-0.0113634018744003,0.004228126922837916
2004-01-20,-0.0039254376198368,-0.0100535244875055,-0.003048039044071,-0.0166573917437331,-0.0044209451502336,0.001855016414084698
2004-01-21,0.0052543779791387,-0.0115098852385618,0.0140668047810867,0.0079054304203833,-0.0053285166635618,-0.0006115830462445349
2004-01-22,0.0094741449176913,0.011643905251738,0.0132688625634778,0.0112045254882628,0.021726213707699,0.0060915016534075495
2004-01-23,0.0009711719889808,0.0016927050126371,0.0065477958460957,0.0,0.0014561903581609,0.0024385888550351176
2004-01-27,-0.009699662122694,-0.0047310569042756,-0.0106444704920888,-0.01662083494555,-0.0023265950451867,-0.006791398304377139
2004-01-28,-0.0107736114522201,0.0322579077105251,-0.020920776693833,-0.0135207959647358,-0.0052478120377958,-0.009808372426703404
2004-01-29,-0.0003297690381344,-0.003289402428561,0.0103784186667097,0.0102795617613249,0.0008793283957726,-0.004596165711018951
2004-01-30,0.0072627934293119,0.0085808369576014,0.0006046947214741,-0.0073486391170705,0.0043923061783719,0.0023030075572767483
2004-02-02,-0.0045886505378059,0.0150520760444339,-0.0102659019261873,0.0,-0.0116620662151001,0.0008907194971123911
2004-02-03,0.0023049513563715,-0.0025786029717504,0.0,0.0017083511179694,-0.0162242152680086,-0.0028851767666748795
2004-02-04,-0.0009854512800601,0.0022623131116301,0.0,0.010233184492036,-0.0149923157528762,0.00040361548519118884
2004-02-05,-0.0003285761593874,-0.0132213585895494,-0.0036606947394697,-0.0011257180911736,0.0277016970592891,-0.001113756598723592
2004-02-06,0.0062497654029241,-0.0055558200088817,0.0006122407119564,-0.0056337341935331,0.0056279876251272,0.0031743322809112406
2004-02-09,0.0091533973408322,0.0046008117488354,0.0079561592287784,0.0039660127637737,-0.0058911471465392,0.00455362560464545
2004-02-10,0.0032389508036796,-0.0085054009430621,0.008500196426233,-0.0028216358444438,-0.0127408461047106,0.00019193207862455708
2004-02-11,0.0232483334832789,0.0032997610843563,0.0114386438533187,0.0101869471703845,0.0024010951405362,0.004453098543853784
2004-02-12,0.016409272661735,0.0065766400644742,0.0107145573378786,0.005602170983485,0.0,0.0076867319589366545
2004-02-13,-0.0003106828509156,0.003919945057399,-0.0100119762276787,0.0066850260562807,-0.0023953436924363,0.0022917747034911784
2004-02-16,-0.0044572235352354,-0.0068332057486368,-0.0065437058177386,-0.002213876776148,-0.0006004556189352,-0.0021140708102455052
2004-02-17,0.0044773676626437,0.0058974316879656,0.0017966156352033,-0.0066557307917917,0.0003007316455649,0.0030105704473484263
2004-02-18,0.005730714899371,0.007817840652305,0.0041838037504124,0.0005587796910011,0.0087060656773771,0.005814082753407446
2004-02-19,0.0003165589409259,-0.0009696784341342,-0.0059522941161939,-0.0078126056838294,0.004464204857187,0.0009284127457807045
2004-02-20,-0.000316458763075,-0.0009707354073308,-0.0065869057901449,0.0050621007838012,0.0044443643044718,-0.001982089420390798
2004-02-23,-0.0069643899156028,-0.0061526126554422,-0.0012054885183128,-0.0027975842994311,-0.0023596966637619,-0.0012557879654575554
2004-02-24,-0.0060567079380391,0.0035839062981033,0.0024141827691068,0.0,-0.0106445870230341,-0.0029633978818629503
2004-02-25,0.0070561576272798,0.0022728294739968,0.0072246137368587,0.0072948420461955,-0.0107589523875513,0.0015333248148623468
2004-02-26,0.0,-0.0012961457748952,0.0053793018177996,0.0066850260562807,0.0006037955162121,0.004376598234938411
2004-02-27,0.0089167192377548,0.0022708506565698,0.0017835065857148,-0.0044273909783071,-0.0006034311671789,0.00413661316867886
2004-03-01,0.0075756470210639,0.003236407880282,0.0071219072197186,0.0016678825939575,0.0105739059297647,0.006495613673239253
2004-03-02,0.0025064753688746,0.0009676862969294,-0.0011785907228416,-0.0011099187707797,0.0077725250031837,0.0036099149708190836
2004-03-03,-0.0087503622173841,0.0009667507854418,-0.0064895605236684,0.0,0.0002965147534461,-0.0002809591378692966
2004-03-04,0.0015764943229679,0.0099808011880171,0.0047506590456378,0.0094442010301656,0.0077106120016783,0.000506522153536082
2004-03-05,0.0022033585368186,0.0022311889109785,0.0094561042874374,0.0099065362261592,0.0044146788368495,0.005737678145652181
2004-03-08,0.0025124954266979,0.0108145408242541,0.0199066222692285,0.0217985468052011,0.0049810067214752,0.003664371698276714
2004-03-09,0.0150382064522045,0.0050344358565799,0.0120545335391695,0.0053333549976584,0.0096206747119615,0.0017095492075132057
2004-03-10,0.0,-0.0006262502033715,0.0068067219959391,0.0053046267592733,-0.0011549383235875,-0.00290181215207852
2004-03-11,0.0046294007344946,-0.0025064584330973,0.00732424149313,0.0131929733820637,-0.0095403288323278,0.00028616628961097845
2004-03-12,0.0,-0.0075374828417674,-0.0039150765675589,-0.001562685546515,-0.0029190389736778,-0.003141530821548111
2004-03-15,-0.0027652751212177,0.0015825275727654,-0.0022459142635233,-0.0135625920106358,-0.0035127232757292,0.002983571405365204
2004-03-16,0.0043134065225078,0.0018956254857369,0.015194344632746,0.0105761971597242,0.0038191417005279,0.000998763692510396
2004-03-17,0.0165640338134709,0.0015765862106209,0.0116405143117832,0.0073262782717227,0.0049750973257551,0.007027516800241607
2004-03-18,-0.0087506637503118,-0.0012594864333353,-0.014246705098603,-0.0098701944479613,0.0131043283035878,-0.0025921581859178477
2004-03-19,-0.0045662550702554,0.0025223751350405,0.0005560197126335,-0.0015741637094165,0.0074734619576437,0.001707538406189979
2004-03-22,-0.008256782421311,-0.0103776620402544,-0.0211108350611168,-0.0057804313990892,-0.0119831858335693,-0.007515371131754711
2004-03-23,-0.0027752353556484,-0.0006353758196229,-0.0039728466967824,-0.0084561938185006,-0.006641536863434,-0.003537691264873133
2004-03-24,0.0049475732243022,-0.0028615210874736,0.0079769208253297,0.0047972239749616,0.0049419906702257,-0.0009702212538077459
2004-03-25,0.0153851269555662,-0.0070157014765669,0.0169586691091259,0.018567583940974,0.0008674927255862,0.004351246507338091
2004-03-26,0.0066659248483296,0.0099552776211229,0.0,0.0104166240122953,0.0127168165388191,0.008448710815322169
2004-03-29,-0.0063212899108266,-0.0092207982262347,-0.0133407493514541,-0.0134019653277674,0.0111303683858683,-0.004724637215356542
2004-03-30,0.0072705055723474,-0.0016045289754157,-0.0112672566169657,-0.0031349115916933,0.0093139871387644,0.0021205711548499817
2004-03-31,0.0015039511707386,-0.0035359818973188,0.0,-0.0062892828004518,0.0011189698369107,-0.0008109864495442487
2004-04-01,0.0063063665332812,0.0067743813191982,0.0210824540326923,0.0105484803769584,0.0111730545143067,0.009094720546973356
2004-04-02,-0.0137274637500826,-0.0067287978765625,-0.0016740276165319,-0.0005220681730246,0.0220991191490116,-0.0021839411081636673
2004-04-05,-0.0121029028737567,0.0054839020270154,-0.0162104065858322,0.0005223408705687,0.0032433889550111,0.004009096538617474
2004-04-06,0.0030625464022182,0.0096243150646788,0.0045456106783416,0.0031313831959873,-0.0059266026614761,0.0010527715007311311
2004-04-07,-0.0064119180826034,-0.0006353758196229,-0.003959180361593,-0.0041620591058582,-0.0051489287392436,0.0007542239195210687
2004-04-08,-0.0027659439497498,-0.0015899615300318,0.0022714213515833,-0.0047027524802752,-0.0024518672693764,-0.0013268582650001193
2004-04-13,-0.0021570952653705,-0.0047767967355022,-0.0028330966865062,-0.0094484840475633,-0.0073732399011166,-0.003677623362474458
2004-04-14,-0.0077207995059357,-0.002879948949535,0.0039772700898927,-0.0031797679506333,-0.0041261774699301,-0.0010081451729048174
2004-04-15,-0.002801056011772,-0.0044932554078196,-0.003961514078438,-0.0074426905772273,-0.0262434338973466,-0.004362358770637176
2004-04-16,-0.0099880715164927,-0.0422307096269228,-0.0005681549169073,-0.0016066960113424,-0.0014182615807253,-0.0005738280768179393
2004-04-19,-0.0009454138608588,-0.0023562751085653,-0.0051164868808862,0.0155581173074399,0.0113633547091256,0.004722043356943484
2004-04-20,0.0129379627122478,-0.0023612365270027,0.0194288636916195,0.0095083725524534,0.0084270434186639,0.005607776116214547
2004-04-21,0.0006228755494654,0.0010144228011117,-0.0067268691291128,-0.0151753907264129,-0.0027850155512327,-0.003882309203887546
2004-04-22,-0.0108967454980104,0.0023647893583087,0.0056430739151398,0.0058452801862469,0.0013963215456838,-0.0008583965578832231
2004-04-23,0.0009447599514467,0.0010110039788793,0.0016841560143889,-0.0015852334907635,-0.0041841752158863,0.006142007918974679
2004-04-26,-0.0012581514313544,-0.0006731210856988,-0.0061627203111181,0.0026453841145399,-0.0028012964453351,-0.0018827996966306326
2004-04-27,-0.0066119702306502,-0.007075848092193,-0.0062009349388135,-0.0036935934611476,-0.0073031199446984,-0.001137124456677796
2004-04-28,-0.00570537850621,-0.001017865442111,0.0034035000146894,-0.0121821754059402,-0.0011316586380519,-0.0005106926268750867
2004-04-29,-0.0006375580849488,-0.0013586177741753,-0.0067833568075051,0.0026810200083644,-0.0084987337564087,-0.012614166187647657
2004-04-30,-0.0031901059094873,0.0023807548578445,-0.0056913421685946,-0.0069519084267003,-0.0099998961365489,-0.00015093200513183191
2004-05-03,0.0067201626174382,-0.0006782531162905,0.0034341082008764,0.0021540029650286,-0.0126984615465917,-0.005434372405464516
2004-05-04,-0.003496351313949,-0.0016979988829481,0.0085569139260544,-0.0085978448883229,0.0087692853594045,0.002791660794241091
2004-05-05,0.0009569472368711,-0.0051021740372885,0.0135746627243367,-0.0065038628032153,0.0113009149206864,0.004832615288146158
2004-05-06,-0.0082857076633575,-0.0051280950084168,-0.0284599283286411,-0.0016363195748571,-0.0014325619550062,-0.002393927493584802
2004-05-07,-0.0054622119886306,0.0092782486399438,-0.0160826996576861,-0.0043720132437622,0.0002868152527299,-0.0018388498829824407
2004-05-10,-0.0048465727670944,-0.0102143460849321,-0.0105078596959173,-0.007684058581013,-0.0017210160390507,-0.011750341705339284
2004-05-11,0.0064932817570113,0.0079116669741412,-0.0035398479182162,0.0011065076583574,-0.0045974944521868,0.0009894711522693278
2004-05-12,0.0116126368879516,-0.0078495638391535,0.0047365961863836,0.0104969464407509,0.0101037418343774,0.006630003222159564
2004-05-13,-0.005101622582842,-0.0106640409143621,0.0011784944406163,-0.0065608481908099,0.0022860338148305,-0.002381714508927213
2004-05-14,-0.0121796988094287,-0.0073018251794159,-0.0176573777455378,-0.0045194920673611,-0.0039919912934953,-0.0020339130529362093
2004-05-17,0.0022713703290988,0.0021015811436588,-0.0041942227745817,-0.0056755565850528,0.0,-0.00415785687817416
2004-05-18,0.0077691036022198,0.0066410294002121,0.021660803140252,0.0114157226421092,-0.0260516727201663,0.007890776765438146
2004-05-19,0.013813276481863,0.0142361654348275,0.0117785804696459,0.0067719448001137,-0.0152851491507333,0.005619289092064106
2004-05-20,0.0091889375209353,0.0003423288802806,-0.0133877842935482,-0.0117712789915203,-0.0119401619801189,-0.0035470948375463385
2004-05-21,0.0119307657786678,0.0027376938505752,0.0147492377981186,0.006806696428127,0.0102715200588727,0.004903421558800414
2004-05-24,0.0102391011803437,0.0013652318194654,0.0069770784349694,0.0045066695743307,0.0096122712394999,0.0021351161912976924
2004-05-25,-0.0018426794032666,-0.0057941111713556,-0.0011551509733739,0.002243628005188,-0.0075756880893095,-0.001700149570120324
2004-05-26,0.0061536339982637,0.007199255953376,0.0028903199922252,-0.0027975424626981,-0.0003053953390884,0.008736189706278541
2004-05-27,0.0061162685358868,0.0068074490429537,0.0017290245589292,0.0101006420021743,0.0048869338330914,0.005625871529243431
2004-05-28,-0.0006078192169682,0.0175795857449974,-0.0103567112127933,0.0072221241740872,0.0142858205724742,0.001731978918735111
2004-05-31,-0.0100364152087882,0.0033218301479212,0.0081395290293941,-0.0044122997343432,0.0041953084478478,0.0028957836117740055
2004-06-01,0.0049155621744523,-0.0003309884074658,-0.0011530651868635,-0.0011084939809837,-0.0032825312815208,-0.0008567077040232407
2004-06-02,0.0064197567762724,0.0029811859757178,0.0040410001711264,0.0177484175812157,0.0032933417789309,0.0057321604369779955
2004-06-03,0.0012152577914563,0.0006607005056427,-0.0011498440973761,0.0016347750325744,-0.0002983119689706,-0.0026997584426655674
2004-06-04,0.0012141400953282,0.0003296596733382,0.001770115617202,-0.0005437752062467,-0.0044779004135814,0.0013139564336370757
2004-06-07,0.010605533459145,0.0091753572812594,0.0035334122959742,-0.0005445053426492,0.0314844012783361,0.006708721337739032
2004-06-08,-0.0134933844272463,-0.0016825000687391,0.0005868597315417,-0.002178773440325,0.0098838695066023,-0.0001151675688124687
2004-06-09,-0.0057748643348581,-0.0067405221844903,-0.0076245148529074,-0.0021835308593676,-0.0109386648645044,-0.004999895290150991
2004-06-10,-0.0039746281331221,-0.0037330181127543,0.0017730653506882,-0.0021878726774364,0.0026195402211683,0.0005209182894936326
2004-06-11,0.006445826657814,-0.0017026568482017,0.00353976024335,0.00328944231951,0.0,0.0034499442539497327
2004-06-15,-0.0042695463780968,-0.0078471696006797,-0.0035272745371758,-0.0043717465947659,-0.0101597719817695,-0.0027986834657555137
2004-06-16,-0.0015312281066307,0.001719409247382,0.0,-0.002195077268191,-0.0029324320329449,0.005308246176485953
2004-06-17,-0.0015338473436646,-0.000686750303057,0.0058995690505814,0.0066005085780194,0.0147059017060711,0.0067074445838561925
2004-06-18,0.0073731623296195,0.0061835668232557,0.0134897636581809,0.0136610432920705,-0.001159769678683,0.005089243520302489
2004-06-21,0.0076239013055241,0.0153632603111402,0.0196761020265976,0.0053908425348261,-0.0011606580310837,0.007590044589574463
2004-06-22,0.0006056895244053,0.0070615163610776,0.0045403349709582,0.0,-0.0151073873606305,-0.003902323959551368
2004-06-23,-0.0030247439535849,0.0013358956770666,-0.0067799004138507,-0.002680883035099,0.0044248316667976,0.003413109842420603
2004-06-24,0.0091018517021235,0.0016668881299615,0.0051194091969428,-0.0048386640188379,-0.0029367379251272,-0.003760632894507454
2004-06-25,-0.008117761997913,-0.0059924781480825,-0.0022637442517606,-0.0075633500170331,-0.0058910856202172,-0.0012256605950118349
2004-06-28,-0.011215718232895,0.0006700778450183,-0.0017017507494504,-0.0065324138323986,-0.0032593446856438,-0.001933557797909713
2004-06-29,0.0018395611629262,-0.0003346981943986,0.005682232532892,0.0065753668497612,0.010404639563841,-0.00019114729707392364
2004-06-30,-0.0030601855105685,-0.0010041979338621,-0.005650127196322,-0.0048996795157419,-0.0032364847761087,0.0032862952188539296
2004-07-01,-0.0110495624661404,0.010053705061952,-0.0124998425980641,-0.006017479065473,-0.0038371018507691,0.0012257489686713363
2004-07-02,-0.0018623069959663,0.0006635063872439,-0.0011503913807613,-0.0016510579257718,0.0014816550146563,-0.0006892826830586785
2004-07-05,0.0009330281717738,0.0046419262523924,0.0051838254945906,0.0027564313212504,-0.0124265077027231,0.001569971843455864
2004-07-06,0.0012423595482391,0.0108913652221813,0.001146507756379,0.0054972700047175,0.0053926580652963,0.005339815804621395
2004-07-07,-0.0012408180061415,-0.0009796216224254,-0.0011451947816791,0.0016404873499276,0.0011920975851085,0.0025713774506044285
2004-07-08,0.0083874134643198,0.0049017747299564,-0.0057303459076397,0.0005458173944261,0.0053569551350893,0.0010299921475847018
2004-07-09,0.007702135820234,0.0032522866368223,-0.0040347096222104,-0.0005455196403174,0.0020724282426201,-0.0012988997555012372
2004-07-12,0.0042798078430104,0.0006481232773305,-0.0011575100349061,-0.0081878705736055,0.007680771160901,-0.001703516690893414
2004-07-13,-0.0066970844631691,0.0035632703236117,-0.004634759039272,0.0044032016579074,-0.0143651049696829,0.00019414400376049912
2004-07-14,-0.0009191376368227,-0.0687539622177284,-0.0069851133171436,-0.0054795452314053,-0.0184415575671786,-0.010073096353355293
2004-07-15,-0.0138037228202991,-0.0138647550430973,-0.0093783747284446,-0.009366419470647,0.0045455883219729,0.0009236469088786947
2004-07-16,-0.0055988096759169,-0.0038666116161886,-0.0071006540160479,-0.0038937694364568,0.0045245430617226,0.001391924774198916
2004-07-19,-0.0040666278158226,-0.0119972559330754,0.0083432445013327,0.0016755614796897,0.0006007027115164,0.0006074771166459936
2004-07-20,-0.0153893234990227,-0.0185712671242659,-0.0130025734701704,-0.0111481965637296,-0.0096037355180307,-0.008437776542981168
2004-07-21,-0.001594912061452,0.0116451723482977,-0.001796423478957,0.0101464650121352,-0.0024240160071833,0.0059048172516136255
2004-07-22,-0.0121406950079379,-0.0230219339575292,-0.0083981097103686,-0.0027901819997868,-0.0082020525479195,-0.007283531584322933
2004-07-23,-0.0022635485542498,-0.0106772765134997,-0.0108890994609706,-0.007834404629356,-0.0217457757794263,-0.0037360353338530272
2004-07-26,0.014586468705994,0.0085597518379854,0.0055040498288041,0.0124085612728339,-0.0065749561315248,0.00011995973525413817
2004-07-27,-0.0063897453989533,-0.0129151085546875,-0.0036494746957954,-0.0005572458809004,0.0022062403829006,0.0011525183307778963
2004-07-28,-0.0032153710624747,-0.0059815141651807,0.003052725361887,-0.0055741427512041,0.0132076394640696,0.0026930589920561854
2004-07-29,0.004838757018881,-0.0041368896098401,0.0194765451650953,0.0033631075783013,0.014897576861568,0.0006441826153813501
2004-07-30,0.0022471183597352,0.0071751301550277,0.0059696309754493,0.0089386129198829,0.0097858239247128,0.009947252564688425
2004-08-02,0.006085902106429,0.0048742501736542,-0.005340823209507,0.0011073504427545,0.0048454948033824,0.0024828819937079416
2004-08-03,0.0076409531991619,0.0093283750329973,0.0053695007638099,0.0038718807594162,0.0015071087317988,0.0026715893649205125
2004-08-04,-0.0009480625471939,-0.0158961898688142,-0.0017801482387622,-0.0022038944317865,-0.0147456811964842,-0.002020088372473583
2004-08-05,-0.0069572248060775,-0.0108941957319849,-0.0023778585490294,-0.0016567038887608,-0.0100794366918217,-0.0019985548910788076
2004-08-06,-0.0003189432503269,0.0053170818774876,-0.0095353401829266,-0.0038717042594041,-0.0027768237823388,-0.0023517209154253482
2004-08-09,-0.0095569974234371,-0.0086891043127347,-0.0024067605720277,-0.0033311858387259,-0.009901204575164,-0.006001245541527367
2004-08-10,-0.0048247495444475,-0.0045729319533943,0.0060314176081621,-0.0050142351478061,-0.0106248314886392,-0.002728774329845196
2004-08-11,0.0032319985655442,0.0118681602201629,-0.0083932651997274,0.0044794502839624,0.010107610444902,0.003499480789200593
2004-08-12,-0.0041880907838663,-0.013242508937858,-0.004231913200521,0.0033445390139297,0.0037522406780385,-0.0066123741424093385
2004-08-13,-0.0029117076387933,0.0046011861964414,-0.013357929907122,-0.0083332542940282,-0.0043617006360562,-0.0028750598970810337
2004-08-16,-0.0097379521016316,0.0011450612423613,-0.0067691937564583,-0.0033615805497967,0.0078225368648385,-0.0002559495204864648
2004-08-17,-0.0105120890181511,0.0049561463572489,0.0086741795867733,-0.0011241568151222,-0.0006210305626301,0.004331356618511473
2004-08-18,-0.0106236694938987,0.0022764856981241,-0.001228512177147,-0.0022510235108496,0.0034173000549544,-0.002044489761944601
2004-08-19,0.0096986708283459,-0.0007574560060207,0.0055353008541423,0.0095882087305658,-0.0030961747867102,0.0029348749680710995
2004-08-20,0.0085763204574975,0.0037883068674768,-0.001835170860853,0.0039105484439232,-0.0062111730164025,0.003331704730916707
2004-08-23,0.0098641057903181,0.0056600961026831,0.0091914544737632,0.006121375161576,0.0046875562904025,0.00784831766260008
2004-08-24,0.0043785466261214,0.0060037645120334,0.0024281952941627,-0.003318464972337,0.0062209960355876,0.0008738113595476715
2004-08-25,-0.0040246440270103,-0.0115625851983034,-0.0018169040839008,-0.0088791758268955,0.0111282204073674,-0.00235209531635161
2004-08-26,0.0084177903384188,-0.0060381400552461,0.0030341046285744,0.0061589872963572,0.007337244491937,0.0028260802421471443
2004-08-27,0.0113523343888346,0.0041762865684158,0.0090742977783315,0.0150253469433345,0.0115326656748311,0.009681178167557425
2004-08-30,0.0,0.0034030436896381,0.0065945923004908,0.00657888463902,0.0126011874833722,0.00010676319415137137
2004-08-31,-0.0029710830179529,0.0041442886695786,0.0035733033812344,-0.0005447150861137,0.0044443411563896,5.591760794643186e-05
2004-09-01,0.0105959270336188,0.0120073333023222,0.0136500741231659,0.0147137578566109,0.0176992490263057,0.007380711537190665
2004-09-02,0.0039320561725506,0.0048205477977272,0.0070259187463441,0.0021486933502246,0.0063770548395893,0.004203228361952194
2004-09-03,-0.0110968660254334,0.0,-0.0005811224831737,-0.0091106782940135,-0.0034567312371941,-0.0034570432230899284
2004-09-06,-0.0019804438447917,0.001106648191093,-0.0023271400552465,-0.0016228284659266,-0.0054909699055171,0.00012605508102825347
2004-09-07,-0.0023148204776836,0.0047921824947585,-0.0034987594343972,0.0075842706098039,0.0101713516616943,0.003549263679033743
2004-09-08,-0.0033145859511954,-0.0003673766475503,-0.0064361982507288,-0.0005378580895315,-0.0002876601155274,-5.526110873876888e-05
2004-09-09,-0.00066491362368,-0.002568561980459,0.0,-0.0037651445187913,-0.0103595771156619,0.001145475372279492
2004-09-10,-0.0079868288480268,-0.013981064709489,0.001177678900242,-0.0016199411193661,0.0069784258116343,0.0014653338150869555
2004-09-13,0.0040256136540997,0.0037317003405896,-0.0005880530136825,0.0086532154672829,0.0127055496154033,0.0042292196989435205
2004-09-14,-0.008018470802792,0.0037173094520994,-0.0052971865517695,0.0037534586864598,0.0122615518540403,0.003757335036525422
2004-09-15,-0.011115177655104,-0.0074075996380235,0.0,-0.0005341545693484,0.0014081708459035,0.0
2004-09-16,0.0071524118651111,0.0044779625581763,0.0005917211680039,-0.0037412508574747,-0.0115328663108976,0.0004772296816979438
2004-09-17,-0.0020289512854434,0.0074294183939123,0.0041395044003507,-0.0059013452776611,0.0017075212427115,0.0020222899079287426
2004-09-20,0.0040666346879301,-0.0040565557274271,-0.0035336000935983,-0.0026987606383926,-0.0042611899792495,0.0008231513805141422
2004-09-21,0.0050622970692701,0.0011111731218924,0.0047279858049231,-0.0064931022660152,0.0,0.00034187187236800476
2004-09-22,0.0057085699921339,0.0062867653086911,0.0070586057197392,0.005991083810082,0.0213981033347423,0.0031500898964333945
2004-09-23,0.0020031128287856,-0.0077176515632492,0.0122664682355821,0.0,-0.0083801326511241,-0.0015108499765471572
2004-09-24,-0.0053314613676689,-0.0018518677120701,0.0028852885063099,0.0102874323420301,-0.0033803366175577,-0.0025614526106544355
2004-09-27,-0.0056950882520873,-0.00296824042741,-0.0028769875671497,0.0026792742650294,0.0033918020502277,-0.0004511404930815921
2004-09-28,0.0037062768191227,0.0029770771080377,-0.0028850124989914,-0.0016032348503687,0.0056337213655988,0.002187283007638152
2004-09-29,-0.0003357248275147,-0.0003709574747898,0.0109955610482048,0.0080296446070602,0.0120450944934185,0.008141105903662682
2004-09-30,0.0137677163876031,0.0014847677709231,0.0148826038451093,0.0100904130907437,0.0052588053737896,0.002317064789451484
2004-10-01,0.010268445300287,0.0022239141985418,0.0045120761773349,0.0094636326870309,0.0143171445425336,-0.0013076825123177205
2004-10-04,0.0098361665090089,0.002958617738525,-0.0050535646520116,0.0010416014834717,0.0043427702823481,0.009307982404088255
2004-10-05,-0.0029224401835109,0.0011060244869154,0.0056429422551955,0.0015609425492948,0.0013517944122938,0.0010689522809983476
2004-10-06,-0.0084661458398481,-0.0007367698421948,-0.0033664089913585,0.0010393104528654,0.0026987313852606,0.000611564391420627
2004-10-07,-0.0039410957698322,-0.0029488036847068,-0.005067702381539,-0.0077844585559863,-0.0053834316133438,0.0003055953045039139
2004-10-08,-0.004285780355844,-0.0055449493255599,-0.0028294096182421,0.0026148990916823,-0.0013531958772579,-0.003792103502119115
2004-10-11,0.0,0.0044607325619707,-0.0011354456954636,0.0015650972330389,0.0010840521295116,0.0054615549368173255
2004-10-12,0.008608925734201,0.0018506901463637,0.0028411162664461,0.0072919583030321,0.0086626696076379,0.003146815906428291
2004-10-13,0.0095204654042893,0.0003691845248225,0.0152974968972394,0.0165455559460578,0.0144923871171185,0.0020848615883557464
2004-10-14,0.0055286811786763,0.0036928583508215,0.0156246941542035,0.0061040323117986,0.0306881050092195,-0.0043729531882102934
2004-10-15,0.0054982829253513,0.0047831102914623,-0.0016483668106739,-0.0025279700905943,0.0125771105505521,0.0031441673277479154
2004-10-18,-0.0061112245429325,0.0058582887346469,-0.0159599070525676,-0.0111505629666386,-0.0038022592986055,-0.0028546354071231628
2004-10-19,0.0113267003701564,0.0145615935990914,0.0011180429735841,0.0035879248076555,0.0114500470717311,0.0014120605445138157
2004-10-20,0.0064000664298706,-0.0107644164944381,0.0022348357177519,-0.0015320799250102,0.0,-0.004008074096251701
2004-10-21,-0.0006361899244053,0.001088224372997,0.0050168567595811,0.0,0.0,0.0016145297984988538
2004-10-22,-0.0025450217544,-0.0028985251614561,0.0066556334873939,-0.0020461525704592,-0.0105661120959781,0.0010842994409081541
2004-10-25,-0.015311361481656,-0.0014534755160829,-0.0038568713758653,-0.0020501025501074,-0.0071191864957034,-0.007620558099502572
2004-10-26,0.0106900300522005,0.0058222381887753,0.0038718044275347,0.0051361130603748,-0.0012804925805168,0.006348881515156002
2004-10-27,0.0131413835254701,0.0075980274366362,0.0104682367469841,0.0107307721376597,0.0033335627920538,0.009780377270790508
2004-10-28,0.0085415800856509,0.0089761114820809,0.0174480091491204,0.0111222133463495,0.0143111447429269,0.009330827211875947
2004-10-29,0.0069007526487292,0.0060500492146569,0.0117900327638571,0.0200003446409606,-0.0025192250980579,0.0006935801085024007
2004-11-01,0.0024922554118156,0.0081359774932174,0.0090046564481365,0.0122546788217012,0.0149027553363834,0.0033088374919296726
2004-11-02,-0.007458090131218,-0.0003510266033509,-0.0125987848902964,-0.0043584667357844,-0.0092090101999173,0.0019588823960823287
2004-11-03,0.0046959979389809,0.0017553221418602,0.0196703953015233,0.0165369394644847,0.0198445286143473,0.009189692055591392
2004-11-04,-0.0074785664524869,-0.0206728886856591,-0.0099059917929026,-0.0196172198030529,0.0258621181455498,0.0014505977866685615
2004-11-05,0.0009419427712591,0.0035774125793865,-0.0047394622340448,0.0136652046280429,-0.0280911405127034,0.0013176646496741995
2004-11-08,-0.0025094538499506,0.0035655281001896,-0.0111112104683205,-0.0004944161928831,0.004940184488865,-0.004143781760827192
2004-11-09,0.0,-0.0106570984910581,-0.0032100459791805,-0.0074185279661257,-0.0049158990406753,0.0034487767619921783
2004-11-10,-0.0009436027784832,0.0125671803697724,-0.0085887164791568,-0.0064768710003511,0.0039526547501624,0.0028765556048471197
2004-11-11,-0.0012588476904451,0.0067378062803162,0.0059556586915179,0.0010029795561763,0.0238678842460655,0.00455855578992459
2004-11-12,-0.00378184119011,0.0021132785139648,0.0080731853010516,-0.0070138221729838,-0.0079309942397154,-0.00021321961620457408
2004-11-15,0.0069596959801296,0.0130555435366901,0.0122798779775656,0.018162934322004,0.0111436480077797,0.0
2004-11-16,0.0028273359378183,-0.0017888863190312,-0.0021096397088231,-0.0064416422452703,0.0026353678817305,0.0035837807263994215
2004-11-17,-0.0009396990770141,0.006451628498943,0.0047566611163156,-0.0014966416443541,0.0088410910485965,0.0017185067469869253
2004-11-18,0.0094069893110626,-0.006410271806669,-0.0096928095552095,-0.003995655104472,0.0142115056559255,0.0019369209413435673
2004-11-19,-0.0037276229482695,-0.0010752311275543,-0.0038061740121339,-0.0115347714907211,-0.0086411195487128,-0.0017444616793781398
2004-11-22,-0.0102901162999091,-0.007534961451595,-0.0065505888482112,-0.0086246143389812,-0.0089197470774901,-0.010466617484323093
2004-11-23,0.0025207925041743,0.0021689993172731,0.0065937820030681,0.0061406688699447,0.0164171317034107,0.00924933600484601
2004-11-24,0.0018856617279521,0.0010824565998526,-0.001091693961141,0.0015261732748539,0.014727191502976,0.0042937279253907334
2004-11-25,-0.0043918343012542,0.0018017790304614,0.0098358133157236,0.0015235319105073,0.0152151316916422,0.005580967704861495
2004-11-26,-0.0018899668693279,0.0039566754440487,-0.0070346172582294,-0.0070994991411991,0.0094538268257862,0.002025244698019124
2004-11-29,-0.0066291609975408,0.0078825866067495,0.0054497168620555,0.0102148420230685,0.00890787973877,0.004206549807922233
2004-11-30,-0.0019060915819052,-0.0024883792717976,0.0048779664221942,0.013650103049887,-0.0045281923474452,0.0011721731545086822
2004-12-01,-0.0063677350456965,-0.0103348538805501,-0.0145632821515051,-0.0139653740883267,-0.0027289440625989,-0.008118459625525376
2004-12-02,0.0006408998781286,0.0093623926399215,0.0049263674808597,0.0131513278790496,0.0262254905726584,0.010902535994839146
2004-12-03,0.0112069243553789,0.0096327405263194,0.0,-0.0029955744110335,0.0011114851507725,-0.0005928782200980143
2004-12-06,-0.0047498019864692,-0.0031803978675885,0.0059911088564901,0.0090134910538626,-0.0011102511231355,0.0028574663194835814
2004-12-07,-0.0022269958794238,-0.0056719273812553,-0.00378985693191,-0.009925577833231,-0.0037773910952429,-0.005834116032078507
2004-12-08,-0.0031888086661269,0.0017823889012449,0.0054348230918781,-0.0025059979975385,-0.0084764729696892,-0.007580712559728253
2004-12-09,-0.0009596300923175,-0.0028466762255913,0.0005403256535474,-0.0100507370891956,-0.0125985573966215,-0.0027872491361359275
2004-12-10,-0.0025615020141248,-0.0042826256099447,0.0075638397770529,0.0076144272345048,0.0116199475273883,0.002983211404128827
2004-12-13,-0.000963566692946,0.0035842447697911,-0.0016085239660967,0.0030228169835808,0.0090090048027327,0.002265073031445519
2004-12-14,0.0016068838814049,0.0175000085810037,0.0042965031324364,0.0025114225821498,-0.0066964833137984,0.0055562911186088915
2004-12-15,0.0121915385207325,0.0084238313145799,0.0090902912404646,0.0085167451374177,0.0004495428347355,0.0038592858958992338
2004-12-16,0.006021761382339,-0.0045244550864467,0.0068895598707712,0.0124193383398858,0.0040430198451497,0.007851721860894445
2004-12-17,0.0003152783512512,-0.0017484650966678,0.0042104101721371,0.0009818594676653,0.0055932157013514,0.0032400800595957513
2004-12-20,0.0031497286566162,-0.0056040850787189,-0.0031447105615712,-0.0019613356493132,0.0111232889221146,0.0013598382508186457
2004-12-21,-0.0031398390156912,0.0031701373983563,0.0052578274546899,0.0009823660335532,0.0099008986511679,0.005043330653086819
2004-12-22,0.0,0.0021067857255765,0.0083681326701909,0.0083416114497807,0.0106751556657103,0.00465356084075208
2004-12-23,0.0047243689452725,-0.0007011399727767,0.0051871647904517,0.0004866415937221,0.0021555805181101,0.00030968518289120617
2004-12-24,0.0053291021853805,0.0066621924921363,0.0036116590526347,0.0014592146666154,0.0019361282785312,0.005647793512777222
2004-12-29,-0.001247071741404,0.0017412965418026,-0.0041133970879986,0.0,-0.0040791744586691,-0.001596425414388869
2004-12-30,0.0024977019046033,0.0027819350336211,-0.0020648718738155,0.0019425581839085,0.000215949061493,0.0031539071447448386
2004-12-31,-0.0003115567069094,-0.0006936127989568,0.008277383309079,-0.0019387919677047,0.0021550034300898,-0.001058242877717941
2005-01-04,0.0021806016070733,-0.0006938602146637,0.0035913562278397,0.0033997976001853,0.0064515539411253,0.0019648783489747412
2005-01-05,0.0012435489791136,-0.0041661690353915,-0.0132923276945404,-0.0082287829428885,-0.0036323275267328,-0.004707337831553637
2005-01-06,0.0009309733481384,0.0006970116800015,-0.0077719176559405,-0.0043918416185337,0.0066479599826485,-0.0023537812570250116
2005-01-07,0.0055833805270855,0.0041809196237208,0.0156658309583177,0.010783917961838,0.0087348211036564,0.008248834691938933
2005-01-10,0.0058607816212685,0.0048578405619215,0.0041130767798622,0.0014550440307961,0.0274549369742611,0.0028746461468347473
2005-01-11,0.0018394566683705,-0.0010357587710253,-0.0015362053773328,0.0024213492350368,0.0043164857584732,-0.0005112340403219395
2005-01-12,-0.0015299499437164,0.0,-0.0061533971519022,0.0019318598234945,-0.0002049261618793,-0.0005595848579834639
2005-01-13,-0.0055181609188985,-0.0048396015764985,-0.0118682459705369,-0.0125357244844138,-0.0012278993500217,-0.00021433601763665155
2005-01-14,-0.0043155813246709,-0.0017365753623458,-0.0078329561449125,-0.0068359643998066,-0.0069687750948559,-0.0019381879911097855
2005-01-17,0.0034054666112051,-0.0031312968111977,0.0010524590892289,0.0,0.0008256785935631,0.0037567782010423656
2005-01-18,-0.0089483518178555,0.0069804778259836,-0.0005258810103728,-0.004424839952638,0.0076303977398126,-0.0036510057734803203
2005-01-19,-0.0018676077550676,-0.0017329636905183,-0.0057860142332951,0.0019749438306759,0.0010234640455351,-0.002318731316460876
2005-01-20,0.0074861839471978,-0.0006944590806584,-0.0005292197798982,-0.0049285469077844,-0.0130853351572752,-0.004081489194378118
2005-01-21,0.0092878444248178,0.0013897662073676,0.0052940106063252,0.0004957807068257,-0.0066296304368622,0.0019498508937549897
2005-01-24,-0.0027612533927623,-0.0034696520987224,-0.0057927612178207,-0.0014852202695907,0.0010427795782514,0.00021133643880499875
2005-01-25,0.001538792636796,0.0020890629826892,0.0052964848545644,0.0029743195174087,0.0156252918560593,0.002751195119159666
2005-01-27,0.0184269164916823,0.0052121212547289,0.0179136147870797,0.0207617206855148,0.0069741739862021,0.012273978375673122
2005-01-28,0.006936158273048,0.0089868157312287,-0.0108695187756383,-0.0048427737280221,-0.0099816673379314,-0.001660920661766263
2005-01-31,0.0038936096638413,0.015073976647709,0.004709660582669,0.0019465663748883,0.005143844113062,0.0020589717304049238
2005-02-01,0.0053697459717994,0.0074250630961356,-0.0052084533229067,-0.0043715672943154,0.0235416334689673,0.004972126613665306
2005-02-02,0.0083086247827819,0.0026796709788807,-0.0010471120509378,0.0097567262181599,0.0002001502111268,0.004278942169579025
2005-02-03,0.0061802040211729,0.0030071365694057,-0.0094337235351757,-0.0096624523163135,-0.0201959960351036,0.001434553849457787
2005-02-04,0.0046797294306986,0.0036644697297074,0.0132274454267853,0.011707434669044,-0.0061222870922705,0.002543328801375866
2005-02-07,0.0116447875117435,-0.0049786986149202,0.0078327934818978,0.0004823334598924,0.0047228265872363,0.006814914952599338
2005-02-08,-0.0092086305959138,-0.0016678700271676,-0.0005185743804404,-0.0048189870922475,-0.0026570507541603,-0.0015126728844886417
2005-02-09,0.038629107447357,-0.0043431659976567,0.0119234679282329,0.0130748644246871,-0.008401788872783,-0.0016724187089609543
2005-02-10,0.0371923982973054,0.0218118016228348,0.0312505136475045,0.0434990740539202,-0.0208720141680025,0.0006734982693652469
2005-02-11,-0.013210831086395,-0.0157634381261243,-0.0114260632497442,-0.0082456486558908,-0.0016883222572392,-0.0001405726845976618
2005-02-14,-0.0125878992538933,-0.0100099961563631,-0.0105529535066299,-0.0217086262690852,-0.0076111205521949,-0.004175169669522583
2005-02-15,0.0093485875240053,-0.0010113141480667,-0.0111730973022361,0.0009439657111149,-0.0083086460972084,-0.0011893506060125514
2005-02-16,-0.0039289791580798,0.001687116128177,-0.0071903329159735,0.0094339802447496,0.0367352337292856,0.00193178362310098
2005-02-17,-0.0109892485007934,-0.0030313307552237,-0.0072423276681912,-0.0084113325033303,-0.0049732517641721,0.003659464589550021
2005-02-18,0.0022792013317469,-0.0020271836740738,0.0026053800802416,0.0009426993748391,0.0266557158899403,-0.0007709673297269237
2005-02-21,0.0159181287020939,-0.005754745401803,0.0129936961796932,-0.00470810647153,0.0253542400051132,0.0012916206642255013
2005-02-22,0.0041971417071495,0.0051071876768904,0.0082091110536273,0.0208135290842834,-0.0108799824808106,-6.811641094617293e-06
2005-02-23,-0.0072445665750686,-0.0108401090202377,-0.0254450899279136,-0.0129751025057078,-0.0359997777721114,-0.011045151270550058
2005-02-24,-0.0064552417745725,-0.0205476865490398,-0.0135770751856106,-0.0089198922827519,0.0192944697114769,-0.005075421014567483
2005-02-25,0.0155369630159827,0.0104893756780475,0.0037055930519573,0.0127899556731088,0.0,0.008523821268015874
2005-02-28,0.0077883974099646,-0.003460280287954,0.0079113697887667,-0.0004678222467359,0.0014250174369223,0.011669462475384806
2005-03-01,-0.0049680070868299,0.0142362355189298,0.0057561431542516,-0.0032756339463975,-0.0148374769695094,0.00372762471003818
2005-03-02,-0.0008323793645469,0.0099280262256806,-0.0078042673192709,0.0037559783634517,-0.005776829490614,0.0019097031510102447
2005-03-03,-0.0005551503913597,-0.0003391616477335,0.0083901550744107,0.0084193466741662,0.0224112322548124,0.0036307972572933167
2005-03-04,0.0119441774373811,-0.001017029701521,0.0145607068823612,0.0111313980418346,0.0127867154985779,0.0036428724490438213
2005-03-07,0.0060390725553065,-0.0037340118907805,-0.0046130207650196,-0.002293689491687,0.0040081176013608,0.004847906357539511
2005-03-08,0.0024554996146621,0.0,0.0066941145654635,0.0,0.0049895252451317,0.001216545012165282
2005-03-09,-0.011975629361261,-0.0057923431092958,-0.0102303336766733,0.0004597925196081,-0.01092319876121,9.570731869712468e-05
2005-03-10,-0.0112948256982778,0.0006855310988085,-0.0025839986709346,-0.0091907671242387,-0.0052209536646475,-0.0061288430092495405
2005-03-11,-0.0108666175507862,-0.0034247299105897,-0.0077719176559405,-0.0083490531017018,0.001412910039183,-0.0025202414742993007
2005-03-14,0.0070423968653487,0.0054982825037412,0.0067884155955442,0.0042095279603751,-0.0062483148343364,0.007071987375348421
2005-03-15,-0.0061541726640237,-0.0023924528536733,0.0119296469519236,0.0097810582692747,-0.001825982117149,-0.0018587283130999666
2005-03-16,0.0092879131035936,0.0106203594917346,0.0107636618978694,0.0041513499037519,0.0087383056851484,0.0044968121484909584
2005-03-17,0.0086446591768658,-0.0064406419677274,-0.0005074506390718,-0.0055122261314083,-0.0024174456155646,-0.002826502618671567
2005-03-18,-0.0074643351402263,-0.0064825077907676,-0.0111615219553208,-0.0110851994580757,-0.0024231991650145,0.004118382659441311
2005-03-21,0.0019495594930727,0.0010300677887669,-0.0010264785106384,-0.0042039915454163,0.0048582755550443,0.004097339842582537
2005-03-22,-0.0025022290970959,0.0017153601197743,-0.0077040595442919,-0.0065661220495858,-0.0048347868283821,-0.007640310077519308
2005-03-23,-0.020902822020786,-0.0140412194047934,-0.0160457027507344,-0.0141646952715058,-0.0334005001897296,-0.014269228045178273
2005-03-24,-0.0048391570461837,-0.0017365753623458,-0.0057860142332951,-0.0009577521019301,-0.0115189377453571,-0.006069263996077878
2005-03-29,-0.0128717987447385,-0.0086986855171039,-0.0068782913996841,-0.0129433151559973,-0.0040253729928996,-0.009661260556372842
2005-03-30,0.0124602816994421,0.0014041494314218,0.0191793004916118,0.0053425067386094,0.0044670723191668,-9.875737459974498e-05
2005-03-31,0.0005722305441615,-0.0063093988294161,-0.0052270239442003,-0.003864920865595,0.017154011847656,0.003671560649458394
2005-04-01,0.0031464220271004,0.0088187078075521,-0.0005259318102317,0.0067896276599153,0.0074951168766483,0.00699964916183915
2005-04-04,0.0022809926498355,0.0,-0.0021030327169722,-0.0024085943136662,-0.0163254185241321,-0.00412131100177604
2005-04-05,0.0065434730836633,0.0013985126786417,0.0063224764130853,0.0038627552755132,0.006302026944045,0.0027987303320931023
2005-04-06,-0.0019784496200757,0.0038406860038144,-0.0052354787102574,0.0028859936095215,-0.0022961205711067,-0.0032546543684693896
2005-04-07,0.0099124878866434,0.0034780995147223,0.0105263123379535,0.0023982726116538,0.0023014048741807,0.002155512777282098
2005-04-08,0.0137407896330443,0.0090123229077321,0.0036461687971407,0.0052633383100968,0.0,0.009144419646659907
2005-04-11,0.0024895387019019,0.0013738954535065,-0.0077844183605971,-0.0057116194697602,-0.0135694212395588,-0.007630784814400493
2005-04-12,0.0016558009284171,0.0034308359233983,0.0020919517084259,0.0110097659094963,-0.0179894330781725,0.002262607016633611
2005-04-13,-0.0055097532371062,-0.0064959200618498,0.0031314988070423,0.004734784099555,0.0043104536319078,-0.0016506901921845563
2005-04-14,-0.0135735444989151,-0.0072265226785165,-0.0104059058531802,-0.0127238782851484,-0.0240350278200698,-0.012713053087941462
2005-04-15,-0.0039315759832568,-0.0034660442678362,-0.0094634015641151,-0.0085917842801421,-0.0266044668885091,-0.016656693028642366
2005-04-18,-0.001973429610831,-0.0135650924687937,-0.0164548364370591,-0.0062589572674462,-0.001581339723001,-0.01366402521780996
2005-04-19,0.0050849598665092,0.0137516346646164,0.0113331796287201,0.0058140848158554,0.0253390468043115,0.015597743342994796
2005-04-20,-0.0011245779610525,0.0086957766068513,-0.0074704251863325,0.0019267257325608,0.0002208188870018,0.0006162506610492002
2005-04-21,0.0056276563042145,0.0037930084176669,-0.0037638705273421,0.0,-0.0116920138832518,-0.0024198057166818776
2005-04-22,0.0151093679916736,-0.0027483701209479,0.0021589810577695,-0.0057691365130939,0.022767719357345,0.005026489776259968
2005-04-26,0.0005512484060448,-0.0075780632163132,0.0043082404418699,0.0029008929703358,-0.000436479161598,-0.0015596546105655085
2005-04-27,0.002754493805394,0.0048590571441646,0.0176940141629613,0.024108355608567,-0.0159386159322565,-0.0021816912470546956
2005-04-28,0.0123625858667735,0.0183076410551501,0.0247631625462427,0.0263651621047,0.0028844980737623,-0.001845373447612375
2005-04-29,-0.0138400104863878,-0.0111942082632224,0.0,-0.0105504013582349,0.0121678752408396,-0.007084089057119658
2005-05-02,-0.0002749398344458,0.0082329881982807,-0.000514334790068,0.0106628992246977,0.0054646201528258,0.007059622927890308
2005-05-03,0.002201959563473,0.0037432517572022,0.0015430773352544,0.0,-0.0010873220680412,-0.006234637948484223
2005-05-04,-0.0057676731693091,-0.008135764338553,-0.0225983720097542,-0.0110088541048095,-0.0076166069122081,-0.009677362466823602
2005-05-05,0.0013811671146182,-0.0020505092332269,-0.0005259318102317,-0.0013918212033425,-0.0085523482702605,0.0022838266784790395
2005-05-06,0.0102069997207741,0.0017125381839195,0.0152475194662775,0.0130049478554059,0.0276486406894111,0.006875843934333048
2005-05-09,0.0021849014498567,0.0092305588739374,-0.0108755470298689,-0.0050433766446607,0.0062415948070073,0.004009987471546239
2005-05-10,0.0027245478214636,0.0159215743346647,0.0010472751398018,-0.0041471658037719,-0.015187043062307,-0.001753129489922678
2005-05-11,-0.0092394101549683,0.0153382055891662,0.0078454909443523,0.0041644364120518,0.0060815072358184,0.0033847724851887584
2005-05-12,0.0082285946886007,0.0154350793088982,0.0166059832491782,0.0147465447028851,0.0179189697907029,0.0057816400029828685
2005-05-13,-0.0046242778062639,0.001293797634694,0.0015314205973286,0.0059040815414808,0.0150584210547719,-0.0041564717530017115
2005-05-16,-0.0128451906680693,-0.0032300424115296,-0.017329508333885,-0.0078561201534824,0.0029249043187791,-0.01041922147086638
2005-05-17,-0.0083057385886409,0.0045364946047785,-0.004149344073395,-0.0023288532915065,0.0375002037931326,-0.0027616851590404057
2005-05-18,0.0039082930654954,0.0048388672331791,0.0078124771850811,0.019141003859318,0.0234939272552743,0.00833906579385335
2005-05-19,0.0119576194600716,0.0105941788201513,0.0124033224058917,0.0036648420469282,-0.0009809941533847,0.014308726959032292
2005-05-20,0.0118167825898811,-0.0041298530433041,-0.0045944208014969,-0.0031947936429268,0.0084449561859503,-0.0008114382417392374
2005-05-23,0.0268873640816693,0.0105263769320678,0.0097433114623266,0.0004577824157745,0.0011704391301508,0.009406430767627372
2005-05-24,-0.0171910550003355,0.0047347886094277,0.0020317886408256,0.0054918481833416,0.0150304783018764,0.006104958827021667
2005-05-25,-0.0021530755331776,-0.0056549500491949,0.0030410296257052,-0.0054618525185101,0.0029610850949215,-0.0026127524556024406
2005-05-26,0.0107876319728601,0.0047395960411735,0.0065688818876221,0.0022882816575855,-0.0143696864139445,0.0005059123142487909
2005-05-27,-0.0026681437781129,-0.0025159876455101,-0.0040161104160227,-0.0009134725343642,0.0085876095817378,0.005677922523140255
2005-05-30,0.0040128483714032,0.0053594543611303,0.0070567096755607,0.0031993831337286,0.0148517982799492,0.004018151990966556
2005-05-31,-0.0127897616739622,-0.0137976125279837,-0.0170169556847286,-0.0227794006353596,-0.0175611637754192,-0.006353234759875814
2005-06-01,0.0199728303675779,0.0104929071550345,0.014099324296354,0.022378185473673,0.0198610232900333,0.011207400984918792
2005-06-02,0.0068801062915415,-0.0198238357583062,-0.0020599388884274,-0.0009120151505427,0.0223952591364229,0.009571075584464905
2005-06-03,-0.0055189334205933,-0.0118778821212217,0.0056759375291894,0.0009128476814583,0.0247618239117668,0.0032214742637675098
2005-06-06,-0.0031709888962506,0.0042236653882388,-0.0066701735387412,-0.008663970845978,0.0258364006914166,0.0011343211379910567
2005-06-07,0.006097271196128,0.0109992517048289,0.0036161055894359,0.0101193558241119,-0.0001810149909763,0.001862011222054205
2005-06-08,0.0086954197360797,0.0080003323625039,0.0123516297513963,0.0068308056766526,-0.0068864698338962,0.0033969481518441036
2005-06-09,0.0010451859986024,-0.0079368350442435,-0.0066090581843097,-0.0045228146584709,0.0074818660649864,-0.0013923017316753716
2005-06-10,-0.0007831435707851,-0.0073598870830765,-0.0025587614360462,-0.0054524776241264,0.0508965147387621,0.0019004859102622618
2005-06-14,0.0002613734277219,-0.0016117344179982,-0.003591362186044,-0.0059385522594888,0.0031023770556402,0.0021163889682707104
2005-06-15,-0.0091383505079229,-0.0022603539214021,0.0144180864229679,0.0142465029680709,-0.0103093888404007,0.004190775334766084
2005-06-16,-0.0071148138139524,0.0032360962069915,-0.0015231111182717,-0.0027186208189887,0.002083478158805,0.003827570028068772
2005-06-17,0.0039808263000802,0.006451532897183,0.0152517202443567,0.004088909834899,0.0169783730264037,0.011602925741275305
2005-06-20,-0.005815360877903,-0.0160254435665955,-0.0105158806657469,-0.0085971204338832,-0.017376713029591,-0.0014509552797751235
2005-06-21,0.0031907507172335,0.0032572882015735,-0.0060725636541686,0.0036516679133173,-0.0012136259954571,-0.0012785336234049094
2005-06-22,0.0074212578313461,-0.0038961866508363,-0.0066191516895566,-0.0013648764699798,0.0104150613108051,-0.005161321786061213
2005-06-23,0.0097337180327101,-0.0026072877875918,0.007687930143494,-0.007741160322946,0.0058407366580284,-0.0018628135838326676
2005-06-24,-0.011724377594345,-0.0032678222383166,-0.0101724205587175,-0.003212596981151,-0.0058068205483848,-0.003421531913151976
2005-06-27,-0.006591296668873,-0.003279199291156,-0.0056530705477668,-0.003222881120809,0.0008588098613286,-0.0033388227467054943
2005-06-28,0.0018579057951997,0.0154606909185177,0.019638416002186,0.0096997647449565,0.0152764267556433,0.009353650395985014
2005-06-29,-0.0052979744351125,-0.0055069178388656,-0.0015203336544311,-0.0050321123515919,0.0153844466060601,-0.001828899884060764
2005-06-30,0.0106524589472329,0.0019545486699534,0.0126902029142008,0.0,-0.0051608115685666,0.0033986618024768322
2005-07-01,-0.0039527231636433,-0.0068271370007694,0.0010024547924782,0.0032187154457015,0.0041833723032129,-0.001145353979595698
2005-07-04,0.0034393271747286,0.0,-0.0080119112502653,-0.0036663818646895,-0.0011664477219225,0.002183156640468864
2005-07-05,0.0010546103979178,0.0058918841412538,-0.0055526573710966,-0.0004598881825708,0.0126813932871201,0.0046336825560988615
2005-07-06,-0.0036874307710089,-0.0117146366183433,-0.006091596501516,-0.0059826945189714,0.0034602208053038,-0.006209191386570723
2005-07-07,-0.0052864779874445,-0.0062562492817316,-0.0137896886337448,-0.0129631431172612,-0.0180622378699061,-0.00960036541747733
2005-07-08,0.0,0.0009936655913596,-0.0036247613115517,-0.0009379672566747,0.0,-0.0011447631205089293
2005-07-11,0.0093008357391506,0.0046343261390415,0.0,-0.0070421074443699,0.0,0.008261634929730644
2005-07-12,0.0005266477004222,0.0079076890359341,0.0025981847357732,-0.0014185823738286,0.0028428878006498,-0.0004661223121301683
2005-07-13,0.0089473475191288,0.0029421455934897,0.004147409095486,0.0052084265643197,0.0088375759580758,0.004274780431732461
2005-07-14,0.0099119151096955,0.0123861832762508,0.0056788692093692,0.0075365481319398,0.0150411567508521,0.0034704401593470546
2005-07-15,0.0020656114807171,0.0083705285045603,-0.0025661752731156,-0.0051424684075497,0.0130273113428869,-0.0006372943000723108
2005-07-18,-0.0048965204541597,0.0028740016281667,-0.0041178351934259,-0.0061091368211483,0.0171999607018837,0.001401316831642907
2005-07-19,-0.0010365401269516,-0.0035024113097512,0.0,-0.0023645911042731,-0.0067952244076713,-0.005139083807221501
2005-07-20,-0.0031113337821501,0.000638883528947,0.0103360951662572,-0.0004736217782547,0.0055686482605776,0.005822036489654403
2005-07-21,0.0065021577483781,0.0098982024381155,-0.0030690516025422,0.0071125164436942,0.0023734836507809,0.00975667097684263
2005-07-22,0.0033594144755797,0.0085363262431474,0.0159056725694684,0.0028247856588354,0.0071032730750963,0.006422865400826927
2005-07-25,0.0025755237777516,-0.0084640741449004,-0.0060608315091754,0.0,-0.0029779027771393,0.0017629930995972654
2005-07-26,0.0020547547669247,0.0022131887455849,-0.0010163625025744,0.0023472978666818,-0.0174497786453451,0.00038223864432684884
2005-07-27,0.004357703276784,0.0009464452613803,0.0035607720441583,0.0074942608808941,0.0185597030421755,0.001456728013755404
2005-07-28,-0.0043387960908416,-0.0104004161824401,0.0025340433663012,-0.0065086915490065,0.0054979519184832,-0.004347929765434411
2005-07-29,0.0012816061904663,-0.0047773317092438,-0.0015166443541159,0.0042117229129663,-0.0157787495257307,0.004821970301772227
2005-08-01,-0.0035841034070612,-0.0051196774788793,-0.0055692967956377,-0.0065239969775608,-0.000793832412412,-0.0024709209940888543
2005-08-02,-0.0025694252533755,-0.0009650149801302,-0.0015273775840076,-0.003752153885026,0.0052424814481442,0.0016885299435298595
2005-08-03,-0.0043791749212913,-0.0096587113459648,-0.0035700039131498,0.0032958572860268,-0.0186470808524549,-0.003701347751759121
2005-08-04,0.0,0.0013001982308973,-0.0046059726557678,0.0051616306580597,-0.0006444640328961,0.0012929022063135065
2005-08-05,0.0012934716641403,0.0016235753342677,0.0041131342646829,0.0,-0.0154689245991753,0.0005659106578512763
2005-08-08,0.017570946346749,0.008752155437441,0.0056326552638774,0.0084034280571079,0.0090018040821011,0.007069882301396158
2005-08-09,0.0025396242428852,-0.004177302715095,-0.002036786966048,0.0004632204378198,0.0055152377484988,0.0033420344882137965
2005-08-10,-0.0210232669201102,-0.0012912011053882,-0.000509984168176,0.0069408739276213,-0.0019359301808975,0.002093147013027874
2005-08-11,-0.003880846437272,0.0093702056008333,0.0107195507864872,0.0091911256788019,0.0124453043225296,0.007804386820656539
2005-08-12,-0.0057147332775563,-0.0032013075954981,0.002525084407247,0.0086524137776544,0.014687426319945,0.0020413739266198494
2005-08-15,-0.0083421031137409,-0.0061014449280243,-0.000504020304031,-0.0081266105315888,0.0132154284519907,0.00014801946066378413
2005-08-16,0.015196734336238,0.0132475095137549,0.0065527359492432,0.0077378432420545,-0.0147514150705748,0.004856656579464991
2005-08-17,0.0048116684691192,0.0095662045291562,0.0090135902717589,0.0117436729151736,0.0,-0.002984403584385009
2005-08-18,-0.0085127322075083,-0.0069491909049029,-0.0069478354252257,-0.0129465767818369,-0.0099290348318533,-0.005566829162098941
2005-08-19,-0.0034885326938461,-0.001271862891936,-0.0009996765395223,0.0081412449273443,0.002865248290556,0.004206312596264361
2005-08-22,0.0037699550174006,-0.0028666782509406,0.0020011258754593,-0.0067296744052223,0.0039684434449103,0.008774456754462978
2005-08-23,-0.0034872352297093,-0.0051098674271369,-0.0114827546389226,-0.0099368063008541,-0.0018973647888002,-0.002782322795751968
2005-08-24,-0.0107675983373328,-0.0016047915108001,-0.0015152654015422,-0.0054745190392907,-0.0131473578510359,-0.008424433566162959
2005-08-25,0.0021772686341909,0.0035369969117962,-0.0015174112843656,0.0096332322135073,0.0064203182908217,-0.004581677971260967
2005-08-26,0.0149334364345345,0.0108936305939633,-0.0065853135022814,0.0018172626012751,0.0054227976202654,0.006394473543894774
2005-08-29,-0.0107009851122031,-0.0190176203284432,-0.010709392202555,-0.0117913308200106,-0.0212566111716981,-0.012088275969535767
2005-08-30,0.0040560566937446,0.0054931195996699,0.0092785814831357,0.0119320252774093,0.0149107843640015,0.009676961418341179
2005-08-31,0.0072720772853489,0.0061048217993002,0.0081716501027835,0.0049886134788894,0.0079848116750367,0.002858861298360438
2005-09-01,0.0080213743654051,-0.0038322928672199,0.0151974809342945,0.0049643303518758,0.0361217981515324,0.012010374720575756
2005-09-02,-0.0092836700495728,-0.0064120147052734,-0.0044909015707318,-0.0152674113284234,0.006421811098255,-0.004883361168620315
2005-09-05,0.0034804106542187,0.0025812052436302,0.0115290293978298,0.0095757782955072,-0.00531722203999,-0.0025174695370716593
2005-09-06,0.0037351790449329,-0.0003218064051738,0.005946400891136,0.0072269864183267,0.0051932842815081,0.0015972582983772021
2005-09-07,0.0031900163861078,0.0045070656801708,0.0073889692720769,0.0147978540987305,-0.0047108124496617,0.006781392972432965
2005-09-08,0.0,0.0041669179592833,0.0014673258778614,0.006628299364255,-0.0058015339636106,-0.003448594034739516
2005-09-09,-0.0029145138141306,0.0,0.0,-0.0008779183603907,-0.0139743572610616,-0.0013116828505183031
2005-09-12,-0.0034550867048168,0.0019150302210324,-0.0043947864383091,-0.0048329271983638,-0.0001554299581214,0.0010623133708556054
2005-09-13,0.0,0.0086015942191373,-0.0039237372998219,0.0,0.0191588584402184,0.005236470842465923
2005-09-14,0.0085333083926573,0.0044222898576196,0.0142791096892933,0.0105961548735613,0.00550190760833,0.005186160513779292
2005-09-15,-0.0021150271146347,-0.0044028193144204,-0.005825163701645,-0.0008737655234662,-0.0057757318030882,-0.0009280051326703287
2005-09-16,0.0039744474987544,0.0101073911642608,0.0131834694869072,0.0166159307131921,0.009019968238465,0.0
2005-09-19,-0.0036949039774973,-0.0034397750443427,-0.0067473724417411,-0.0043013107808217,0.0143941840965982,0.008562396553635443
2005-09-20,0.0068876374718809,0.0178849559319966,0.011159834675229,0.006911223783351,0.0259889027939568,0.0065908910020502365
2005-09-21,0.0023675728545378,0.005240712042442,0.0052783680767236,0.0017162397616061,-0.0010185138397924,-0.006223925779779149
2005-09-22,0.0013124868733611,-0.0015332527221776,-0.0062054755714219,-0.002141152742433,0.0099096991030607,0.0020459582851839464
2005-09-23,-0.0013107665095234,-0.004914212305074,-0.008165209418489,-0.003863048565212,0.0111108344718089,0.00014368087720950662
2005-09-26,0.0091859918881442,0.0169753065539555,0.0125908169094628,0.0228351920178384,0.0566577582547467,0.014679807797726374
2005-09-27,0.0039017607004772,0.0084978028093827,0.0071739240639081,0.00589730113253,0.0081033392312537,0.0022764869819222877
2005-09-28,-0.0018137495214007,0.0081254115653033,0.0052227948009437,0.0083752877638194,0.0275995082362077,6.319538153287674e-05
2005-09-29,0.0057097931663416,0.0029849361036642,0.0056686828407745,0.007890085589421,0.0097782330789097,0.009530748186035387
2005-09-30,-0.0087742286206503,-0.016368842263984,-0.0089246679588541,-0.0111249643416594,-0.0271142380860648,-0.006498814380605955
2005-10-03,-0.0015622730377324,0.0018149590664897,0.0071092532354781,0.0062502502814063,-0.0011944590239536,0.0002705477294373537
2005-10-04,0.0091267452172418,0.0024168513509108,0.0023527846251578,-0.0020706643767138,0.000132876384725,0.00029641046921780045
2005-10-05,-0.0098188566441074,-0.0129562327466473,-0.02018772249776,-0.0269709010292275,-0.0409192861823846,-0.02154265564346458
2005-10-06,-0.0073068830325619,-0.0140411956185071,-0.0057496582149637,-0.0098079250323681,-0.0441891199595065,-0.021172774076317347
2005-10-07,-0.010515815461343,-0.0015480723012823,-0.0144580383664819,-0.0094747590410446,-0.0014493156175641,-0.001488975778038193
2005-10-10,-0.0061102219618927,-0.001550263417213,0.0034231415388379,0.0078263472192168,0.0161104608847275,0.006561262985026017
2005-10-11,-0.0109593105352173,-0.0102487142242249,-0.0029238262122163,-0.0125108632060035,-0.01371249057758,-0.008965814465360378
2005-10-12,0.0121619529707874,0.0087859840725401,0.0107525046052789,0.0196589614826141,-0.0021723264881627,0.008891615478400006
2005-10-13,-0.0013351228142972,-0.0059101837100373,-0.0043519908211863,-0.0077118840985478,-0.0195935748856005,-0.008328330177496457
2005-10-14,0.0026735990908479,-0.0012514856182026,-0.0131131140507544,-0.0060447921808092,-0.0273869132871733,-0.005615666428637978
2005-10-17,0.0066667865737626,0.0097119328521206,0.019192635074321,0.0195480732765016,-0.0449013077300012,0.004613132988584345
2005-10-18,0.0087413691914906,0.0040337511332599,-0.007242616848417,0.0012784208804517,0.0505180509161478,0.007684328709009369
2005-10-19,-0.0157559235709222,-0.0135974209678498,-0.0102142575035848,-0.0127662062573754,-0.0365591814679697,-0.018412784085432787
2005-10-20,0.005869824151456,0.0087722217380166,0.0029486996557648,0.0155172335937623,-0.0015747567491104,0.0007187491408393587
2005-10-21,0.0050397229555001,-0.0031061787403743,0.0044094131271357,-0.0046689495649692,-0.0159279714665592,-0.0035911645577568763
2005-10-24,0.0042226660271622,0.0015582437323051,-0.004390055558527,0.0072494850908959,0.0205127394853226,-0.0016228331042197341
2005-10-25,0.00525613762019,0.0043542594344823,-0.0093093893690887,-0.0182048806939828,0.0230842543013065,0.007709151164855266
2005-10-26,0.0054904757786942,0.0126976471782473,0.0138477162789376,0.0112116796732164,0.0038371723845274,0.011968569292025943
2005-10-27,0.002080041617668,0.0134554249410201,-0.004877872433924,-0.0034115985675325,-0.0012233522836921,-0.0023329051826861402
2005-10-28,-0.0010377920098205,-0.0138804968690784,-0.0009807138679819,-0.0077020493472469,-0.0278626004754931,-0.01126523521268219
2005-10-31,0.0098700722079567,0.009792129808871,0.0181553540868939,0.0155241210144354,0.0184250695907055,0.017492391202033275
2005-11-01,0.0095163748095226,0.0030300602578554,-0.0081928981660025,0.0038219112251018,0.0167003978907658,0.0033612408837904173
2005-11-02,0.0020383822112024,-0.0051358063229171,-0.0034015179170395,-0.0105759067680138,-0.0038026150313424,-0.004091432961967012
2005-11-03,0.012712686695399,0.0118435032208812,0.0312046920732522,-0.0004269271391746,0.0106870119965083,0.013049935386811207
2005-11-04,-0.0007529491071158,0.0021006313330274,0.0052004977979362,0.0068431680211173,0.015106007167827,0.001302271740703187
2005-11-07,-0.0017587925732396,0.0044922055487015,0.006585513926598,0.0025489158158618,0.0037200408743383,-0.0014602981442044527
2005-11-08,0.0166118664531698,0.0032799873316862,0.0126167046421274,0.0117339063050261,0.0136397376357972,0.010595027725306183
2005-11-09,0.0034664698397219,-0.0139673532559057,-0.0023073238470301,0.015893657868008,-0.0130174711107906,-0.006218014908161762
2005-11-10,-0.0044415980939837,-0.0198916144831932,0.0198890577905781,-0.0232562491968467,0.0125963759626415,0.003890666949808219
2005-11-11,0.0161095655054241,0.0079952490780936,0.0181406887394048,0.0108228696644805,0.0244402305481274,0.006716175481804365
2005-11-14,0.0036581668065631,0.0064064283403313,-0.005790922186449,0.0051390835287303,-0.0014283953673626,0.007538122110824164
2005-11-15,0.0106925734183842,0.0063655450588675,0.0098566014381631,0.0012783124736353,-0.0200287311116544,-0.001147023882675846
2005-11-16,0.0093772959640072,0.0090360289333317,0.0150845318060151,0.0170210415109819,0.0211675864686302,0.0038998855387324394
2005-11-17,-0.0066696464922194,0.0032831981909795,0.0169866651728063,0.0062764447721419,0.0078631223287879,0.0028522723474424527
2005-11-18,0.0071943595713728,-0.0047600882607432,-0.0026367907396113,0.0,0.0198580607910916,0.009065760090657626
2005-11-21,-0.0085714489433929,0.0309974737355294,-0.0215959890153107,-0.0054056612640625,-0.0086049257258196,-0.0016258372327736526
2005-11-22,-0.0050434827230166,-0.0059525573086182,-0.0022522655082274,-0.0112873247537717,-0.0233217542115458,-0.006712445594636018
2005-11-23,0.0016897913264974,-0.0239519244020429,-0.000451335865006,0.0063419135078894,0.0058239772020733,-0.0011990851424468207
2005-11-24,0.0093977597473664,0.009202625872084,0.0103884971327601,0.0075639661408191,-0.0105675402346675,0.007744125210277009
2005-11-25,0.0014322294256616,-0.0075988083253449,-0.012069937898365,-0.00750718206983,-0.0021943821522616,-0.00076478461018048
2005-11-28,0.0011919033151801,0.0021437525773031,0.003620132459372,0.0004203412837837,-0.0024928093158406,0.004032910907993736
2005-11-29,-0.0040474413129359,-0.0006111044281676,0.0099188353038481,-0.0046200705414081,-0.0107303519546103,-0.005629260426592286
2005-11-30,-0.0007175288062822,-0.0073397467198612,0.0017857244652337,0.0088611018459874,0.0077263519235579,-0.0009140363550590447
2005-12-01,-0.0157893524107787,-0.0191003332024273,-0.0196079547131279,-0.0167294205417687,-0.0113536318451062,-0.011801118505511243
2005-12-02,0.0026735791892986,0.0075377887770218,0.0054545096232589,0.0127603687204671,0.0067115241388617,0.009467031510730584
2005-12-05,0.0053332928701415,-0.0024937985324172,-0.0009042315364358,-0.0062997344594094,0.0090370810499491,0.0005990836239382347
2005-12-06,0.0053049997527836,0.003124784712241,-0.0090495585202678,-0.003381500814248,-0.0051388008095013,-0.0018442206412270234
2005-12-07,-0.0117532180775609,-0.0006228054679149,0.0068492862773046,-0.0055129709096694,0.0081169803687617,0.0016921162931915479
2005-12-08,-0.0111652184504243,-0.0105984901406881,-0.0195010433928887,-0.0179103152878833,-0.0027814151458434,-0.009898977204259696
2005-12-09,-0.0054003223717234,-0.0072462395459558,0.0013873371779442,-0.0056448864472716,0.0011744001314779,0.0004554703104291402
2005-12-12,0.0106121353227026,0.0085684813806163,0.0235565837600761,0.0131003390101791,-0.0183283588475375,0.006996869134291428
2005-12-13,-0.0009763864687855,-0.0138451628150333,-0.0063173917657955,-0.0064650549109493,-0.0134432416886809,-0.005362198538458096
2005-12-14,0.0061106217812711,0.0146782897050068,0.0127155144366766,0.0034702177109804,0.0143830061802237,0.006706283414988468
2005-12-15,0.0058310509361569,0.0,-0.000896932764266,-0.0034582169452884,0.0134331409322503,0.002157621065487225
2005-12-16,0.0048311476900129,0.0018861448732008,0.00538616128015,0.0091102687784254,-0.0088364300109444,0.0034935078363886873
2005-12-19,0.0002404122093342,0.003138619184928,0.0133931323449849,0.0146175991487105,0.0050517745878135,0.002454606342967569
2005-12-20,0.0064885320724679,0.0053196574645542,-0.0039653025074556,0.0131354189692387,-0.0065050754643336,0.003615992599146134
2005-12-21,0.0124164392103911,0.0068471186801863,0.0035389352487145,0.0096195298025443,0.0090776476127587,0.009879803647590002
2005-12-22,-0.008490715628124,-0.0170012338515901,-0.0092558164918751,-0.0041426134890839,-0.0030969209355016,4.346456008441635e-05
2005-12-23,0.0090393457812396,0.0128922382700198,0.0133454071580343,0.0045755597925385,-0.0013312071995302,0.004498386448338998
2005-12-28,0.0091937513324185,0.0090037665040831,0.00965745423648,0.0024845762937106,0.0048875014627955,0.005895269722111074
2005-12-29,0.0021023019888524,0.0003078227309039,-0.0004347851628707,-0.0053695092464826,0.002359007790307,0.0035522768983713426
2005-12-30,-0.0034967794575038,-0.003383896396419,-0.0104393182134937,-0.0053988039024339,0.0022058222000467,-0.0019145113531238156
2006-01-03,0.0011697884586254,-0.0009256087591306,-0.0013184280025466,-0.0016701541639877,-0.0068964999989441,0.0026518174433045605
2006-01-04,0.0011679173703504,0.0046338539800596,0.0061617450561808,0.0054370663195417,-0.00709243051007,0.009269305997744226
2006-01-05,0.0028004747818124,0.004612480419311,0.0034997129146823,0.005823686048308,0.0075895679791198,-0.0013721447541987786
2006-01-06,-0.0006981164167358,-0.0036730424988432,0.0004357928238456,0.0016541451245879,-0.0004431125497815,-0.004692242041780426
2006-01-09,0.0048907315043003,0.0006142959982136,0.0039217208550188,0.0049547904253102,-0.0022166182504723,0.008443157235568766
2006-01-10,0.0030126551649647,-0.0012282412364241,0.0004338369072249,0.0024654848541576,0.0026658363775962,-0.0030660235896821098
2006-01-11,0.0136322984676084,0.0036892550044005,0.0082431272595535,0.0012289825599385,-0.0045786586706082,0.00445922989807479
2006-01-12,0.0052429351458134,-0.0006130182454437,-0.002581323048334,-0.0012274740157802,0.0178044099227236,-0.0002536819110704469
2006-01-13,0.0006802890469852,0.0003067978221484,-0.0060401054392207,0.0020488705154604,0.0011661827404954,-3.171828523895748e-05
2006-01-16,-0.0002268126410814,-0.002451012711143,0.0,-0.0032726645476154,0.0142690801312588,-8.106041115263363e-05
2006-01-17,0.0011335866914059,0.0021495776271174,0.0052083628701597,0.0061553384069377,0.019236269671377,0.006150516713897103
2006-01-18,-0.0115465844886686,-0.011645328426716,-0.0155440009252366,-0.013050093004077,-0.0095776559244356,-0.01627893127257307
2006-01-19,0.0034361577074468,0.0145735034711311,0.0074559216197958,0.0070240758431603,0.0119455211070567,0.01128861096668965
2006-01-20,0.0043366668908251,0.0143646692876746,-0.007836159895748,0.004924720233151,-0.0043564661897218,0.0027924108400472214
2006-01-23,-0.0118183726227516,-0.0039172146398422,-0.0078985063370343,-0.0085753156324366,-0.019054174318179,-0.008729637576068372
2006-01-24,-0.0006901757885118,-0.0009075275895542,0.0035389352487145,-0.0008236358930633,-0.0126618205731556,0.0026462055113340988
2006-01-25,0.0078254282923859,0.0118075805809236,0.0123397144572368,0.010717130102984,-0.0024777684607742,0.007574954599735673
2006-01-27,0.0043388952929224,0.0062836718318517,0.0069657771180149,0.0057099250835708,0.0051132043832518,0.011918704546570291
2006-01-30,0.0111413571069927,-0.0023790552477745,-0.0034589237478805,-0.002027629597329,0.0013083495479526,0.00490676794383571
2006-01-31,0.0040475307611367,0.0098362222576502,0.0095447821591276,0.0117834477852718,-0.0074029487174592,-0.002803477277351085
2006-02-01,-0.0033591841183836,0.0197755294563042,0.0137513688199875,0.0116467502782025,-0.0720970329481642,0.005512061524842293
2006-02-02,-0.0112359707238725,-0.0020256722722441,-0.0118695678746165,-0.0071452288058747,-0.0070920826519862,-0.010420320656996052
2006-02-03,-0.0027275242905282,0.0005798157605643,0.0017163303691043,-0.0039986258496991,-0.023809972045492,-0.004344078846768684
2006-02-06,0.005697519608107,0.0162318140011834,0.0098498442433765,0.0076272721481254,0.0333335081632808,0.006642280225341857
2006-02-07,-0.005211983312703,0.000570973677392,-0.0033924736778838,-0.003585247441051,0.0023602038935048,-0.0011338379547920496
2006-02-08,-0.0061506183066963,-0.002280905596507,-0.0063829514339305,-0.0091963777739001,-0.0166405143155492,-0.015069044759332795
2006-02-09,-0.0011458232978465,-0.000571201458671,0.0102781757528882,0.0068602682062171,0.0135696595955276,0.00955123302541483
2006-02-10,0.0004590408071492,0.0005715279162505,-0.0004239738319523,-0.0080159508539972,0.0157504237336159,-0.001239339065712941
2006-02-13,-0.0077983186704653,-0.0097144612251367,-0.0012722720814768,-0.0060609478929183,-0.0099236536663877,-0.01116090154078464
2006-02-14,0.0129451012829289,0.0201964150704447,0.0025479117362821,0.0130083747983265,-0.0161315932868731,0.009773944396330725
2006-02-15,0.0036514742116018,0.0002826465604179,-0.0156712896173406,-0.0084272880058718,-0.0146453174205378,-0.005986137366099542
2006-02-16,0.0034106032476122,0.0036755963439103,-0.0047331816130677,0.0056659604859508,-0.0331178649307337,-0.00297939778129952
2006-02-17,-0.0031729315558313,-0.0005633414374784,-0.0064851851335928,-0.0040239556087087,-0.0045111724629017,-0.00428464451226418
2006-02-20,0.0336824180095041,0.006764278041015,0.0039165362199158,0.0064644967060858,0.0015108160905619,0.01068143360376883
2006-02-21,0.0044941348295033,-0.0008398537508423,0.0069350027163215,0.0120434428731306,0.0452487073395866,0.009017135716842928
2006-02-22,-0.019686703455455,0.0005604345024396,0.0064576540829168,0.0142799378927869,0.0157125291427315,0.0023550201585551545
2006-02-23,0.0015973504384172,0.0011203331871081,0.0047047752424023,0.0027376685077575,0.0041039358773924,0.005889334647472877
2006-02-24,0.0061517610448422,0.0047546861509208,0.0025541033189688,0.002339671531456,-0.0143058486287916,-0.004019389673791118
2006-02-27,0.0076994993253767,0.0175392815257875,0.0076436091120566,-0.0015562553655039,-0.0047845598615697,0.007478869336289273
2006-02-28,0.0078647656174537,0.0035568410965129,-0.0050570433134239,0.0023384254402041,0.0293268276063738,0.0001134648379343961
2006-03-01,-0.0254179556940356,-0.0204473569748221,-0.0173654337987644,-0.014385631290138,-0.0401678173034436,-0.01390989851206037
2006-03-02,0.0128117495935111,0.0116894157459273,0.0021550565525545,0.0130178566610905,0.0,0.011864335869133269
2006-03-03,-0.0060988370515339,0.0041268513052785,-0.0025806599937351,-0.0062307889100626,0.0016221229493853,-0.00097853763752076
2006-03-06,-0.0068184079312409,0.0087670580839425,-0.0060371837659167,0.0066616339838116,-0.0150607013626042,0.002193519460587323
2006-03-07,-0.0057209644740129,-0.0027161740849868,-0.0082429340114367,0.0003888405751337,-0.0167713340076168,-0.004897085494233955
2006-03-08,0.0057538822298375,0.0021785890037131,0.0100611712561347,0.0042804222637253,-0.0167222345638822,-0.0013279936920298496
2006-03-09,-0.0011441324769709,0.0027180082509818,0.0147250119815269,0.0077489146105216,0.0263607303049657,0.004553734061930825
2006-03-10,0.0,0.0027097503377393,-0.0025603909553427,-0.0023065032395539,0.0253522271008288,-0.0009962459796821754
2006-03-13,0.0112257891562228,0.0045942331935413,0.0055625269979704,0.0138723820713466,0.0092110604580397,0.012922705314009741
2006-03-14,-0.0004531626819337,-0.0099542439072165,0.0114893631270951,-0.0057010154856469,-0.0128099543944454,-0.003801802108705621
2006-03-15,0.0009066764202254,-0.0105976788009549,0.0063103859359154,-0.0049695416104325,0.0089212737496686,0.002889590293712274
2006-03-16,0.0070198240030736,-0.0071408552098122,0.0037626253660143,-0.0003843303762605,0.0022507477028388,0.006458124484270522
2006-03-17,-0.002698443345514,-0.0035959251150367,-0.006663865706276,-0.0076861493199777,-0.0128328738090922,-0.0012399718126625547
2006-03-20,0.0031567616171697,-0.0072184434015444,0.0083854176880429,0.0092950498945876,0.0074746041829656,0.005871737640857244
2006-03-21,-0.0031468278318542,0.0067117744311651,-0.0004154941920641,-0.001918644388215,-0.0048386589423784,-0.0017569713994731728
2006-03-22,0.0045096934715769,0.0152774966374189,-0.0004160374789488,0.0015379344257817,-0.0034032000198177,0.004435630987932981
2006-03-23,0.0033669670496889,0.0114913051150142,0.0016646571857228,0.0084452526978222,0.0066673472690024,0.00437568317497683
2006-03-24,0.0096196385172542,0.0008113682557013,-0.0087247874197445,-0.0011417812599107,-0.0048463955874807,0.000967765700240486
2006-03-27,0.0070903795818411,0.0094592951862533,-0.0012569062011189,-0.0034299362270385,0.0415584346533208,0.010785674857400895
2006-03-28,-0.002860194155807,0.0066934635086914,-0.0033575049263468,-0.0022943809009687,0.0090398196491163,-0.0004633628892661834
2006-03-29,0.0017656880462428,0.0045215332494257,-0.0050525984381138,0.0026828766492934,-0.0021626726261404,0.0009702018880857199
2006-03-30,0.0022025801487011,-0.000794617719723,0.0063476482422271,0.0122324740474148,0.0061921935250988,0.004886004260781007
2006-03-31,-0.0043958270687642,-0.0010596364102978,0.0016821583075743,0.0007551507959215,-0.004922856718156,0.0029529017114977574
2006-04-03,-0.0044148859781151,-0.0090189909407469,0.014273928755647,0.0098112285089941,0.0041739912080951,0.009974857713036522
2006-04-04,-0.0066519296133982,-0.00749430847636,-0.0004140940199919,-0.0138265504819394,0.016936080874613,-0.003470856827155866
2006-04-05,0.0156251454941687,0.013214778989615,0.0082816223790462,0.0147781305880769,0.0258896515474151,0.008619312085625719
2006-04-06,0.0010986956427381,-0.0093161311558613,-0.0143735568652193,-0.0056009606827197,0.0182998788234936,0.006120667356440679
2006-04-07,0.0046099905773768,0.0083289440338494,0.009166718840518,0.0052571706580368,0.0,-0.0011376308355801612
2006-04-10,-0.0050258406192424,-0.0082601457422508,-0.0061932023620779,-0.0059767583167088,-0.0033332765165284,-0.007750491443573315
2006-04-11,0.0103229303775425,-0.0021494106068955,0.0112169140883744,0.0124012315782575,0.0033444244078686,0.007976395058526098
2006-04-12,-0.0073914612660291,-0.0099620172328552,0.0016437002086027,0.0037119432675805,-0.012318746301963,-0.009515231447228767
2006-04-13,-0.003503923207437,-0.0065270557536136,0.003691388653858,0.0011095961011065,-0.0071899525910227,-0.0013055678245732505
2006-04-18,0.017801724373043,0.0125923289054075,0.007356474329067,0.0084963809665055,0.0063552890416995,0.014087346752951202
2006-04-19,0.0041030922451168,0.0100022347194395,0.0044620766552219,0.0036633198750963,0.0133645138464404,0.00675983350542908
2006-04-20,0.0017203131290133,-0.0008028108669405,-0.0100971079887489,-0.0007301194534639,0.0,-0.0013282369804109573
2006-04-21,-0.0023614957946307,-0.0034823462813035,0.0057125330791278,0.006208873740213,0.0,-0.005068047063626402
2006-04-24,-0.0017213102366255,-0.0056449931994417,-0.0020290106662052,0.0047187026077148,0.011304530377824,0.0037506731977534624
2006-04-26,0.0105623995105361,0.0181128629242992,0.0134146531368115,0.0090319824507303,0.0103179464466107,0.010893795869874934
2006-04-27,0.0004264513849363,0.0050451856038733,0.0068189549938963,0.0068024477872488,0.0089361955231386,-0.005077008135218386
2006-04-28,0.0021325865095915,-0.006340815743007,0.0,-0.0060454829969145,0.0037958474790416,-0.007805206434690959
2006-05-01,0.0021272618026291,0.0018611224407165,0.0063746587645081,0.0093021324484006,-0.0130249821274249,0.009825257632976925
2006-05-02,-0.0099784989827994,-0.008227176267088,-0.0043543251407346,-0.0031902035970576,-0.0107847836737177,-0.00702310398377326
2006-05-03,-0.0017157435065942,-0.0034787943356378,-0.0051693096503855,0.0021338547153111,0.0041596983017442,8.298384368399248e-05
2006-05-04,-0.0161116488681257,-0.0177226294939801,-0.025978892961741,-0.018807636228315,-0.006999651066657,-0.015998595774557978
2006-05-05,0.0065502631496421,-0.000273579086271,0.0024616305080604,0.009764871070401,0.0156808934890924,0.01276566761911857
2006-05-08,0.0065077509634654,0.0226959388351974,0.0073680336132573,0.0100287541711363,0.005666014889974,0.013200411191848005
2006-05-09,-0.0025860875002091,-0.0042778692017576,0.0065016412325793,0.0031913336660767,-0.0118310411219733,0.00033819555288649994
2006-05-10,-0.0004326645782689,-0.0118154098176109,-0.0008075527764092,0.0056555267232534,0.010547392109204,0.004957471278894898
2006-05-11,-0.0032422795814349,0.012500213153485,-0.0121211019550089,-0.0024604302396793,-0.004090231180163,0.002304589371221244
2006-05-12,-0.0056388504069868,-0.0083199143063376,-0.0077708835778165,0.0052856081151286,-0.0033990279134379,-0.006530863190649772
2006-05-15,-0.0074155289846893,-0.0013527755773413,-0.016900280243263,-0.0003576054671504,-0.0102317210856385,-0.016876531359721114
2006-05-16,0.003955573563388,0.0,0.0075470875873169,0.005007333223155,0.0,-0.003189162628024156
2006-05-17,-0.0019701676832633,0.0027097503377393,-0.0020809296128864,-0.039145936513252,-0.0067481895674627,2.2553435532479682e-05
2006-05-18,-0.008771913571812,-0.0200002184389659,-0.0137612392483545,-0.022222327335532,-0.0164786942204167,-0.018628717608358714
2006-05-19,-0.0046460382211382,-0.0057914246286636,-0.0063424677701822,-0.007197031999416,-0.0005876353413828,-0.0035948903312224
2006-05-22,-0.0031118555558177,-0.0041609201415201,-0.0068088016543208,-0.0041968089324023,-0.0323054505468105,-0.013357319837629889
2006-05-23,-0.0066887745947363,-0.0022284419292285,0.0017141242758866,0.0049808392049028,-0.0178294349740059,-0.0033728502254132264
2006-05-24,-0.0076319776765083,-0.0058621056857527,-0.0098376499125956,0.0160120006458004,0.012628025918842,0.004768127596836758
2006-05-25,-0.0049764195184719,-0.0106712502612178,-0.0129589098117011,-0.0082551466011439,-0.002338000184104,-0.012098858478705288
2006-05-26,0.0093206142327575,0.0147600581292928,0.0210065547120232,0.0128640694066934,0.026562699508108,0.01546744982868331
2006-05-29,0.002702459377182,0.0134262882118942,0.0051435577605709,0.0067241418007182,0.0030439358385057,0.011176230066784809
2006-05-30,-0.005615295475383,-0.0002758593171892,-0.0021320184957289,-0.0018552697858017,0.0,-0.0007988717169825632
2006-05-31,-0.0246218009523898,-0.0311981203735232,-0.0196582294255794,-0.0167284638858259,-0.0289831634542415,-0.02031677721625602
2006-06-01,0.016211547019546,0.0159587954735693,0.0008933979426022,0.0034026352179055,0.01265793437264,0.012872740217825696
2006-06-02,0.0050136029269083,0.0419720120846101,0.0361610224650401,0.0045213891607838,0.0069446941391289,0.004688422183465102
2006-06-05,0.0,0.0049653921717858,-0.0327445086410828,0.004876433207563,0.0225286504942732,0.0090459657830817
2006-06-06,-0.0222225362061183,-0.0433705141617565,-0.0071269628005654,-0.0179172162462775,-0.0182852128684272,-0.01630095274228216
2006-06-07,-0.0011594608972179,0.0,0.0004487300419921,-0.002280677948151,0.0015264666518834,-0.0019915881169684235
2006-06-08,-0.0225212213825812,-0.0281208956646444,-0.0156948694804003,-0.0236191078975428,-0.0426828929194997,-0.0235136557771366
2006-06-09,0.0235151712643537,0.0274581238195104,0.0227787516489137,0.0261413985657292,0.0246815441411627,0.012067224367809937
2006-06-13,-0.0201904773342411,-0.0244251731180934,-0.0200448732305107,-0.0247145888671448,-0.0520590863592775,-0.02559288037890406
2006-06-14,0.0018949585609919,-0.001472863648864,-0.0045450041201197,-0.0038990492955435,0.0327872460410212,0.0028956627331320206
2006-06-15,-0.007091998934159,0.0014750361760285,-0.006849493112375,-0.0117419117371404,0.0036505406978808,0.0038842319500500544
2006-06-16,0.0107141705397273,0.0147273143489177,0.0119539806709012,0.006732679549904,0.0438083181546729,0.02039063144294473
2006-06-19,-0.0106005939681304,-0.0124816167608606,-0.0054520785448909,-0.0090477267069964,-0.0143938974072942,-0.013625189425829243
2006-06-20,-0.0142857493095566,-0.0202821125673834,-0.0018270575241882,0.0039699064658555,0.0,-0.008128943271515698
2006-06-21,0.0166664753435523,0.0201018303940707,0.0091530032908779,0.004349480287777,0.0115297552781588,0.011833830712198345
2006-06-22,0.028510724917143,0.0238234936333572,0.020861722545088,0.0334645885242326,0.0419451197398113,0.018679348621075675
2006-06-23,0.0025407837292257,-0.0043091514273668,-0.0017768630195114,-0.0110474243114323,-0.012252300011146,-0.009160065720048571
2006-06-26,-0.0046082254046333,-0.008655416142747,-0.0048957158312324,0.0034666368211282,0.0174247056610379,0.0027602802746125032
2006-06-27,0.0083329503328191,0.0008729306853847,0.0040253453717953,0.0057582136356424,0.0052250245998541,0.006883385765373395
2006-06-28,-0.0061978221371605,0.0,0.0,-0.0103055322261281,-0.0174702390922673,-0.01048815659465363
2006-06-29,0.0140907709762101,0.0119221959685731,0.017817277955227,0.0104128421060172,0.0264510122426953,0.010197885532698736
2006-06-30,0.0116175009123629,0.0103450274170635,0.0188183878185408,0.0148853748696478,-0.0121689211661484,0.015341100725646761
2006-07-03,0.0078808241602033,0.0099541394666493,0.0,0.0037609948570409,0.0092757434856052,0.003611236272862195
2006-07-04,0.0020107497959049,0.0061953227732827,-0.0055839861268353,-0.0018734513874871,-0.0091904948132121,0.0024479844272797813
2006-07-05,0.0040134295890825,-0.0005594007502468,-0.0012961177225796,0.0052552265441401,-0.0042030194966923,-0.001513586316918114
2006-07-06,0.0071062431369679,0.0086812211422797,0.0069204295332725,0.0,-0.0199387539991945,0.004590204725750002
2006-07-07,-0.0044099028768755,0.0044420217536587,-0.0034366820636643,0.0014936593450876,0.0020789498186541,0.0029201362295696587
2006-07-10,0.0088593403411203,0.0024874100840555,-0.0124999352213647,0.0007460946102944,0.0080024998576351,0.0014688152964765777
2006-07-11,-0.0076839359113234,-0.0135099262346766,-0.0165864909344612,-0.0052166057154264,-0.0073507164393786,-0.006927702047160311
2006-07-12,-0.0066373309737672,0.0005592461279755,-0.0159787927555845,-0.0093629899037599,0.0093305129826228,0.004237897323295714
2006-07-13,-0.0071268190153255,-0.0145253762188777,-0.0148849796138863,-0.0132326044156453,-0.0088039477156222,-0.008511607476939576
2006-07-14,-0.0224314832606503,-0.0260770950327882,-0.0059523608179258,-0.0306512668566787,-0.0341967792608796,-0.023312517023322377
2006-07-17,-0.0018357614769017,-0.0032016167553421,-0.0050666336791022,-0.0118578213286821,-0.0190070478653604,-0.001995800083998356
2006-07-18,-0.0045979352809988,-0.0096344831369395,-0.0087964816487644,-0.007600066085512,0.0039062547501929,-0.006632304372270914
2006-07-19,-0.0057732662061029,-0.0014746385051455,-0.0028026379057994,-0.0064489273801616,-0.0222566757989925,-0.004724446809303728
2006-07-20,0.0255515702608384,0.0259820648373558,0.0337242774020949,0.0259634972034148,0.0020693356360192,0.01968215700095688
2006-07-21,-0.0011324109271435,-0.0031655000445637,0.003624508458488,0.0035588221960416,-0.0254170730467214,-0.007179901618650342
2006-07-24,0.0024941763138384,-0.0011544686024432,-0.001805545927663,-0.0015763947016028,0.0163000176887124,-0.005284278011550847
2006-07-25,0.0092741115044527,0.0193639849839208,0.0131157692632497,0.0106555173472737,0.0104252189941946,0.011750742241128709
2006-07-26,-0.0082923763865498,-0.0076553999186044,-0.013392693454166,-0.0124952908476746,-0.0346033518172791,-0.01136025614887648
2006-07-27,0.0192091514655377,0.0214287016391045,0.0099549686455848,0.0075129160524021,0.0292665995127006,0.014614505649048981
2006-07-28,-0.0099779529624169,-0.0022379644836811,-0.0174731187157183,-0.0149137860819472,-0.0231628271493399,-0.00989254477301127
2006-07-31,0.0033595447282928,0.0064481526300683,0.003191551128328,0.0059758069785205,0.0114470504909218,0.005589656611342253
2006-08-01,0.0055803754282905,0.0,0.0036365037021821,0.0118814223496821,0.0048503565060002,-0.0009370283484541053
2006-08-02,0.0017756838563038,-0.0066855733563035,-0.0031701983120659,0.0,-0.0144809888496761,-0.009995410954086181
2006-08-03,0.0170618182158566,0.0109371892486369,0.0131760210159259,0.0074363509747721,-0.0027752532480135,0.013374927677946014
2006-08-04,-0.0008714580407621,-0.0069348824542984,0.0017937253520285,-0.0034960417923757,-0.0144073556082962,-0.008290318057067259
2006-08-07,0.0063239557505025,0.0036311425484734,0.00268538144866,0.0015593481336368,0.0049832968976444,0.0011682596970605807
2006-08-08,0.0140841605569816,0.0139156443091892,0.0156253910340953,0.0179056009136342,0.0163638027184511,0.01268453441840145
2006-08-09,-0.0106835709434762,-0.0090583879440226,-0.0030771517092206,-0.0011471498570641,-0.0144740893138928,-0.011313599564325205
2006-08-10,-0.011015295136986,0.0077564027869156,-0.0004405667586696,0.0107196950755366,-0.013531137605736,-0.0017599543217963198
2006-08-11,-0.0008732055291945,-0.0049479126503011,-0.0057347484285671,-0.0007577443406656,-0.0026767726081791,-0.000777225607396681
2006-08-14,0.0326205463897082,0.0088402256661301,0.0057678254565403,0.0064446108080915,0.0130830765324649,0.006259680786584898
2006-08-15,-0.0008715093240432,-0.0060244200548633,0.0026462908765361,0.0037661133107163,-0.0033112777447458,-0.007104159764957152
2006-08-16,0.0117750231548008,0.0082643715653258,0.0096792415723498,0.0090056738816832,-0.0014951345103935,0.005254182450558753
2006-08-17,-0.021982628271435,0.0051916613500282,0.0082785974441892,0.0096693400671896,0.0139744320112902,0.019002598273405447
2006-08-18,-0.0006612630542642,-0.0070672086364714,-0.0064824512460885,-0.0040518248713625,0.0086956202513723,-0.0006613082058148922
2006-08-21,0.0026462367969573,0.0046534051772257,-0.0043496637160647,-0.002588797014999,0.0082952444322423,0.0039474290680905355
2006-08-22,-0.0006602927132208,-0.0081742971784399,-0.0026209211218929,-0.0059325471413321,-0.0014517265038601,0.002593944402359938
2006-08-23,0.0035217803462255,-0.0010989124237441,-0.0013142848948857,-0.0063408139882461,0.0098545180653066,0.0012102102494995215
2006-08-24,-0.0239038235046594,-0.0203521569953246,-0.0131580485526381,-0.0165164885415839,0.0070389633835081,-0.018261886560688945
2006-08-25,0.0042686301158754,0.0064572040337138,0.011111425141093,0.0095421143340987,0.0065130790886807,0.007214354168885162
2006-08-28,-0.0011182590830574,-0.0055788579349819,0.0013185882872506,0.0,0.0085228631483071,0.0008689044535483692
2006-08-29,0.0114219306261689,0.0100981912237656,0.0118525573532275,0.0151228353837629,0.0054771312718069,0.008932373416781436
2006-08-30,0.0055363869783742,0.0030547385754033,0.0047718349374459,0.0037242504474375,0.0040468610367245,0.00018321669627585635
2006-08-31,0.0068260874084458,0.0055367117497766,0.0090675348590287,0.0111315110130929,0.0044951030031947,0.010052174481935072
2006-09-01,0.0004375264126132,-0.0107374705014184,-0.0089860535056214,-0.0058712702612134,0.0061730280948744,-0.0032320955508488014
2006-09-04,0.0083081324469083,0.0077926537319752,0.0017271197135886,0.0047990295224424,0.0,0.008340372993696832
2006-09-05,-0.0004338428094058,0.0080090988136833,0.0043106045342047,0.0051432475428738,0.004141282257668,0.0043177475535449705
2006-09-06,-0.0062910027242686,-0.0082193503945324,-0.004720822136133,-0.0098685997267179,-0.0087065182092356,-0.006670153070227558
2006-09-07,0.0039294420664883,0.0,0.0012932574277506,0.0051680372847842,-0.0187982883120221,-0.0009980362264540021
2006-09-08,0.0021744540912076,0.0016575644545908,0.0038762584224683,0.0062433305323923,0.0065958470530389,-0.0019786678909404776
2006-09-11,-0.0134517627213468,-0.0079974343414317,-0.0042900126876496,-0.0072995151876992,-0.0137286450571376,-0.013994758444638045
2006-09-12,0.0105563338454399,0.0063937464273555,0.003015853718207,0.0014705952971043,-0.008699772855379,-0.01024749726481522
2006-09-13,0.0032644082474291,0.0055250081881823,0.0021479262897903,-0.0007340580784961,0.0116483822683053,0.0086506798385384
2006-09-14,0.0058569716135863,0.0076923869662079,0.0072867380052012,0.0044082236937865,0.0039430683353673,0.010623523139402513
2006-09-15,-0.005606783416844,-0.0089966456519124,-0.023404084300539,-0.0069492668590879,-0.0015709867924615,-0.006665971955373551
2006-09-18,0.0117106189006845,0.0162308984824628,-0.0043576216247603,0.0055249144466265,0.0055075263403348,0.007959742324651353
2006-09-19,-0.0053590048228623,-0.0008123097518745,-0.0135667358607725,-0.0109891149731821,0.0095461574976682,-0.003089802675443898
2006-09-20,-0.0181035945911131,-0.0073148201875798,-0.0057676326601461,-0.0148148848903546,0.0127111544757623,-0.011513377899142863
2006-09-21,-0.0122912846402521,-0.0111901584009449,-0.004908242737405,-0.0116542185722215,0.0333691515345191,-0.00045877010007133734
2006-09-22,-0.0055557291047922,-0.0063481309190719,-0.0089688216314417,-0.0110309468885405,0.0062212865774833,-0.0025425547722431885
2006-09-25,-0.0006701140374731,0.0044444009036108,0.0009047170938569,0.0038463406234143,-0.0050048308998865,0.0017445998510303706
2006-09-26,-0.0004475393994711,-0.0030418006864221,0.0013564710953257,-0.001149347440892,0.0029585302718242,0.0007237229099608111
2006-09-27,0.0100675454655012,0.0083216810706481,0.0194130357159205,0.0264669678115248,0.0171116569032319,0.020952972217910926
2006-09-28,-0.0004432770686215,-0.0002754587671832,-0.0013285802109291,0.0014948842354143,-0.0089922398589064,0.004069011469566508
2006-09-29,0.0137383612324224,0.0099065431939628,0.0070952947124813,0.0022387627291655,0.0120006819701818,0.007918202200860813
2006-10-02,0.0032784539468335,0.0027247366054459,0.0044034200176121,0.0033506968308267,0.0039047939609377,0.004803727922986889
2006-10-03,0.004575619557398,0.0040762166965795,0.0030691852656246,0.0066790143095731,0.0017286047153981,0.0010973806002194664
2006-10-04,-0.0034703816997059,0.0037892901315499,-0.0013114760325618,-0.0036856002893788,-0.0074779509321853,-0.008022749658437411
2006-10-05,0.0184986111442968,0.0161765092335439,0.0135664822864041,0.0192374352319919,0.0098525736379486,0.01488765394532443
2006-10-06,-0.0181626277560786,-0.0037143812327792,-0.0004313108403312,-0.004718585328357,-0.0021519009691475,0.00039450470723023656
2006-10-09,0.0108815096958629,-0.0079895994834576,-0.0064795874598827,-0.0029175927710769,-0.0050328862982568,-0.004148552896415469
2006-10-10,0.003875078530978,0.0067113932213325,-0.0004350038880794,0.000365739712018,0.0099709033786072,0.009522813886961856
2006-10-11,0.0107226051828859,0.0053334744626598,0.0026100880644028,0.0157222251937656,0.0012880488388142,0.006514596650442961
2006-10-12,-0.0036072225877427,-0.002122037751555,-0.0047725262162784,0.0010798404907901,0.0060014940134851,-0.004411604233892974
2006-10-13,-0.0012773737580101,0.0087719350577153,0.0117700813697692,0.0,0.0083808623353696,0.005812169229323816
2006-10-16,0.0021319344616939,-0.0026349887884771,-0.0043083713703407,-0.0003596629355029,-0.0069024467620778,0.004589241125080301
2006-10-17,-0.0142550686871845,-0.0097756989364264,-0.0099523259399124,-0.0057553201186041,0.0078014838633158,-0.005550734519308209
2006-10-18,0.0015107921476458,0.0032019123534878,0.0078667669504242,0.0123010212311227,0.0063338633403451,0.006055430720948385
2006-10-19,-0.008836350709669,-0.004787368707204,0.0121424520226438,0.0042890063053426,0.0,-0.005247636395177446
2006-10-20,0.0100024665083089,0.0048103978553659,0.0081402055938599,0.0046263304392772,0.0236359806852626,0.009488723771323926
2006-10-23,0.0137782656295422,0.0015955906034446,0.0021249208702911,-0.0007087265490733,0.0137998612716576,-0.000367097003069472
2006-10-24,0.0019107703581533,0.0077006437323383,-0.0025445964767087,-0.0021267615749024,-0.0012130338202666,-0.003070551711794045
2006-10-25,0.0029678007967564,0.0028988340540005,0.0042520801572014,0.0095917524786737,-0.0028336528984246,0.006772924398934066
2006-10-26,0.0158494868500271,0.0110348127484301,0.0152412281710421,0.0116111598842898,-0.0006767093377726,0.006979482780355317
2006-10-27,-0.0047846675472532,-0.0046775534343344,-0.0020848637526376,0.0038262319858211,-0.0032496930483193,-0.005795260588258744
2006-10-30,-0.0083613575240421,-0.0018277786186234,0.0020892194906247,-0.0038116477373298,0.0080153206706474,0.007641019498727086
2006-10-31,0.0054805409272373,-0.0013078030234283,-0.0012511961206577,0.010087081886049,0.0047168293037085,-0.002782696686061348
2006-11-01,-0.000209521121622,0.0068097499038479,0.0025051037731935,0.0172174635815565,-0.0083163108146295,0.005947687248231803
2006-11-02,0.0025163940528285,-0.0062436443392247,-0.0087460441808924,0.0016927022689301,-0.0206955031805452,-0.0012882369383711012
2006-11-03,0.0092028670965844,0.0366493473683857,0.0054623480025954,0.004393373057582,-0.0006906623922638,0.004195212772430068
2006-11-06,-0.0004142655797512,0.0027777256007395,0.0112827779827475,-0.0107672127394697,0.0165863452033223,0.0022569807353818305
2006-11-07,0.005597881604336,0.012339508874144,0.0066114037361766,0.013605509337806,0.0182187489232465,0.008720438168012823
2006-11-08,-0.0063916148850515,0.0,0.0008214360681433,0.0077182801448749,-0.0085457633708442,-0.005903205410572432
2006-11-09,-0.0095455067609038,-0.0101987119414591,0.0032809085110165,0.0047714888319072,-0.0154883899638346,-0.004310513734864241
2006-11-10,-0.0035619844740129,-0.0079506857809948,0.0089948290659132,-0.0084800945187021,0.0088919669599181,0.002733737591465335
2006-11-13,0.014508145163004,0.0463607599434847,0.0085082531146902,-0.0215530836598591,0.0112542039036127,-0.003339170339955233
2006-11-14,0.0051812970149165,-0.0284653155039574,0.0048215736087284,0.0104892407568553,0.0108608319552634,0.0032200997231257578
2006-11-15,-0.0016493671061488,-0.0002547983222142,-0.0127949068727332,-0.0017301742606942,0.0070301500268599,-0.0010477780763760158
2006-11-16,-0.0014456864684954,-0.0112131043671847,0.0286423211239523,-0.0069323969166585,-0.0014488159151015,-0.005788471420366981
2006-11-17,-0.0031023694921322,0.0115980174077758,0.0032285574075903,-0.0055845334387042,0.0042207707837607,0.005022574221303255
2006-11-20,-0.0217841689861998,-0.0277706201474762,-0.0442478399346337,-0.0217620309158441,-0.0203682977418755,-0.017297552387261717
2006-11-21,0.0010604785036567,-0.0028825110677741,0.0029460093785005,-0.0014352323545024,-0.0035491737345881,0.006741593786651734
2006-11-22,0.0095335435449177,0.0094612810291816,0.007973433197661,0.0079051745888245,0.0136983629408364,0.01636807842489718
2006-11-23,0.0098639644387785,0.0124965606433085,0.0195667242123942,0.0071302123615557,-0.0081080037496853,0.0038839683265543545
2006-11-24,-0.0064421940413623,-0.0110567005674627,-0.0073498417564457,-0.0042479799583927,-0.0068123129914365,-0.002412469319683641
2006-11-27,-0.0027190094040725,-0.0041601050500115,-0.0028795902226255,-0.0060435356760452,-0.0082300863842493,-0.0002373241848365737
2006-11-28,-0.0142621232890052,-0.0078329766326528,-0.0152637475238813,-0.0121599555997817,-0.0193639285558979,-0.012445950859227506
2006-11-29,0.0097875198996786,0.0271052919773238,0.0180141592350262,0.0238956310069047,0.020451492713591,0.01308963448215028
2006-11-30,-0.0006323903870174,0.0038431960581186,0.0041152100615995,0.0060113797754628,0.0064961035794446,0.0053970608993898495
2006-12-01,-0.0065355906829432,-0.014803582865982,-0.0204919542605428,-0.0115994497717346,-0.0163416394092759,-0.009887798874404052
2006-12-04,-0.0016982158226852,-0.0051814540731723,-0.0058576237990286,-0.0106681920387519,-0.0053049267238109,-0.0004857503183022249
2006-12-05,-0.0061646366548627,-0.0005204684657197,-0.0096802039781062,-0.011862429215433,0.0078597030828013,0.0002958178003833467
2006-12-06,-0.002139213843028,0.012245753415591,0.0072248637713474,0.0138234438799642,0.0089125349919052,0.007390240295971573
2006-12-07,0.0098608416193459,0.0064353003370216,0.0063295664683196,-0.0021527976550306,0.000689979105412,-0.000263605645953513
2006-12-08,-0.0044576605558789,-0.0125321273617046,-0.0083860042564988,-0.0075515065487045,-0.0096550242400438,-0.007215110983268658
2006-12-11,0.0140721457823544,0.0046619050732614,0.0101477949266584,0.0112318912801749,0.0181054549282873,0.008175990535287392
2006-12-12,-0.0058870974788521,-0.0010309560896948,-0.0012553838930815,0.0046581004655661,0.0222982078080853,0.0007184660749299798
2006-12-13,0.0025379986325255,0.0069672684059021,0.00041890830789,0.0049926048967881,-0.0131134740635899,0.002656415932512868
2006-12-14,0.0147682878016668,0.0161455483125132,0.0062840723763708,0.0113554518375738,0.0180338649225615,0.015481557285341951
2006-12-15,-0.0004160906444029,-0.0012608230000183,-0.0091589497728179,-0.0052628761407658,-0.0011990555711121,0.0004142648121707726
2006-12-18,0.0043677292545665,0.0101008221177649,0.0025210929383863,0.0017635401723548,0.0017338076693671,0.002895716043617824
2006-12-19,-0.0076618143400741,-0.0049997902772536,0.0,-0.0052814065750419,-0.0067890802254482,-0.0056868596060196674
2006-12-20,0.0194070282291443,0.0077888842811333,0.0033525696281051,0.0,0.0125986601843695,0.008679210830901285
2006-12-21,-0.0053222466148606,0.0037394801709738,-0.000417390507607,0.0028314512537848,0.0026469872266248,-0.0021752205878059483
2006-12-22,0.0028811512187847,0.0074519539539399,0.0121183564082671,0.0056480146612343,0.0033002355202482,0.0038420010007342853
2006-12-27,0.0116971150394067,-0.0014794130099892,0.0028904071650726,0.0010528248943268,0.0217109754255917,0.007057033422530168
2006-12-28,0.0036512716126275,-0.0009875043110877,-0.0049407030680048,-0.0073629182484193,0.0045075205234266,0.0030536958403162284
2006-12-29,0.0,-0.0014832244723357,0.0028961530774316,-0.0035324638274061,0.0119225829690252,0.001662155376899399
2007-01-02,0.0044463380131416,0.0064357924732689,-0.0008249161527654,-0.0028359689853904,0.0091223149084056,5.761795836534134e-05
2007-01-03,-0.0024146238813744,-0.0039350905957813,-0.0041289196756012,0.0024884672487406,-0.0081605270997552,0.0
2007-01-04,-0.0116979475636579,-0.0120986894138269,-0.0045606656068553,0.0035463442786802,-0.0189873942161783,-0.0150547050994716
2007-01-05,-0.0053066842149623,-0.0002501934649182,-0.0087458878563096,-0.0106008352482959,0.006451672170169,-0.0022900897317408297
2007-01-08,-0.0014359845820602,-0.0062498946486203,-0.0134453341371566,-0.0174999410038101,-0.0289746920468024,-0.012578966654452128
2007-01-09,0.017259335937747,0.0163521447915135,0.0225718738136251,0.0065430107188806,0.0113549512554882,0.015954446403866562
2007-01-10,-0.0139368240418064,-0.0185644306979593,-0.0099952331332207,-0.0025280091927607,-0.001305320324959,-0.012311225921077362
2007-01-11,-0.0024580437985782,0.0050443993033797,0.0113588188293487,0.0115854773556112,0.0047053200709441,0.007955738990221839
2007-01-12,0.0143737449705323,0.01380156789425,0.0087352038592456,0.0064425186336105,0.0301848434282276,0.013285038334644339
2007-01-15,0.006275582897754,0.0,0.0,0.0028450461847273,0.0027783632959386,0.006216505894962365
2007-01-16,-0.0042245091505745,-0.0019800527615594,-0.0098972404221165,-0.0070920851810477,0.0,-7.197227052357924e-05
2007-01-17,-0.0090911908191347,-0.0074404737598894,-0.0041646804721753,-0.0078573809398653,-0.0075560975339687,-0.00482248921058015
2007-01-18,0.0063201536902723,0.00599671742293,0.0066920654466646,0.0115192632375518,0.0031723748352661,0.004669382276020206
2007-01-19,0.0089142954786902,0.0049681250920619,0.0074779690156987,0.0060499873798804,0.0037946540825761,0.00011518415066080756
2007-01-22,0.0060239741251291,0.0056843244736455,0.0144327568024877,0.0113190959449294,0.0170135287001869,0.00944113328150653
2007-01-23,-0.0029943099917787,-0.0054066456323018,0.0126014977981161,0.0038476165310032,-0.0014873248189513,0.001468956527443721
2007-01-24,0.0042044185116845,-0.0017297430329643,0.0016060245723008,0.003484165972027,0.0053368471935686,0.005887144549763024
2007-01-25,-0.0001997569368231,-0.0019800527615594,0.0020041701240205,0.0045140536512946,-0.0001235087381546,0.0001897098006349296
2007-01-29,-0.0059816291248763,-0.0066964419396566,-0.0028001129768983,0.0010369104030207,0.0,-0.0016504453088287407
2007-01-30,0.0100299913785466,0.0069913735786906,0.0004013823426465,0.0110497042803796,0.0111110245931906,0.009048503494917037
2007-01-31,-0.0061569720137174,0.00223169730222,0.0052122500343134,-0.005806170300511,-0.0111112096430168,-0.0067304395721744514
2007-02-01,0.0055955349730676,0.0089059806420535,0.0131633053329618,0.0133977533212599,0.0219780725466953,0.007058969984524044
2007-02-02,0.0003976318677267,0.0004907081893512,0.0,-0.0030510099681257,0.0066449586165038,0.002986408050659417
2007-02-05,0.0019863499337084,-0.002205989283965,-0.0082678271649865,-0.0010199871387894,0.0067211791637367,-0.001613404704082999
2007-02-06,0.0134814198953423,0.014001717542786,0.0142913057753899,0.01633761548226,-0.0295663049598187,0.00844759043074017
2007-02-07,0.0031299681985113,-0.0050874045826753,0.0,-0.0003347768785707,0.004791181343003,0.005700470727011853
2007-02-08,-0.0074102673026793,-0.0012172297299103,-0.0019571054266915,-0.0103852638963254,0.0172394292999726,-4.979349530975785e-05
2007-02-09,0.0058935892211351,0.0039004020583797,0.0003921886398536,0.0037238774175205,0.0036058945820842,0.004702953177951441
2007-02-12,0.0019533868625865,-0.0053426920051832,-0.0062722257908206,-0.0097812106182559,0.0003591336570036,-0.0004956288290769439
2007-02-13,0.0058477356525858,0.0029302386974647,0.007889852278665,0.0071530363024128,-0.0106550497710057,0.002104712186118407
2007-02-14,-0.0048450140372074,0.0,-0.0023479733448658,-0.0037201948530095,-0.0073817332658934,0.004041137126504113
2007-02-15,0.0031161493749465,0.0017036757011279,0.0043149889838089,0.0033945714772247,0.0147514003893118,0.005434946293968901
2007-02-16,-0.0060185163051532,-0.0148236794468008,-0.0097658633030889,-0.0104872445883698,0.0048052422327247,-0.006489403998758303
2007-02-19,0.0373032359044811,0.0076465541848806,0.0114405478439028,0.0198291692116769,0.0027497779737379,0.0074280968448405815
2007-02-20,-0.0061536761361072,-0.0056302106452198,0.0003896060084433,-0.0043582818763771,0.0014307672499347,9.794825611297853e-05
2007-02-21,-0.0247677937325813,-0.0029542242318341,-0.0035083945359146,0.0003366759031335,-0.0109535056850252,-0.005960655862581099
2007-02-22,0.012102844276046,0.0199997305328156,0.0250388171281961,0.0161562452214509,0.0089081673961486,0.011023958225000463
2007-02-23,0.0039208151908027,-0.0048407846009514,-0.0011450228082112,-0.0029810909819839,0.0112157934206928,0.003169885277764184
2007-02-26,0.0019528002643753,0.0009725459634575,-0.0003820397878723,-0.0019931164700762,0.0064897129694014,0.003928923189011835
2007-02-27,-0.0126680711408361,-0.0114213610934792,-0.0061161613591248,-0.0106525366670958,-0.0100822861083809,-0.007808279195034906
2007-02-28,-0.01381761075075,-0.0078665416156649,-0.0207693841460882,-0.0141320138720908,-0.0645428797644559,-0.02689252741536985
2007-03-01,-0.0078059480487595,-0.011397363317073,-0.0153181629440147,-0.0040954590192291,0.012786556673038,-0.002811733559014429
2007-03-02,0.0016135810362125,0.0,0.0007981690032381,-0.0109662973850239,0.0168748705420165,-0.004087113587698532
2007-03-05,-0.0126887437479993,-0.0110274658985073,-0.0095658827813208,-0.0169785564743577,-0.0474490552889801,-0.022338710807742523
2007-03-06,0.0169319022566716,0.0187530592485092,0.0249494381894663,0.0222062374906177,0.0272290967245538,0.021151717770654388
2007-03-07,0.0056168713519708,-0.0039799630415287,0.0106007886749719,0.0034486123896966,0.0141961471305169,0.0101504171077349
2007-03-08,0.0023935845880689,0.0069928837580226,0.0003883121981753,-0.0030929478683625,-0.0018584649884135,-0.0004947770445689059
2007-03-09,-0.0079600299095913,-0.0084326976706889,0.0,0.001378832357251,0.0035992083615392,0.0019050002781022535
2007-03-12,0.0050149881316245,0.0102554343793235,0.0054367853907264,-0.0003441114237671,0.0090266672386027,0.010428434624512484
2007-03-13,-0.0091820221744963,-0.0106464637053254,-0.0046346064444056,-0.0082647396303801,-0.0104166020113436,-0.004376109136260853
2007-03-14,0.0,0.0,0.0,0.0,-0.0340553990847017,-0.02091995949551506
2007-03-15,-0.00120825230251,0.0102604098937222,-0.0046566247899868,0.0017361820557038,0.0294869953195586,0.019383001688051626
2007-03-16,-0.0106899604482304,-0.0054496566863107,0.0042885153086165,0.0034664442008645,-0.0112082410281767,-0.0028032345013477844
2007-03-19,0.00795128029428,-0.0072228130666743,-0.0120340374037476,-0.0031087776340414,-0.0027706653809389,0.004039244713912371
2007-03-20,0.0014162437951064,0.0067735637313244,0.0110019644619754,0.0055437978503609,0.0065670295457795,0.0029185350445095626
2007-03-21,0.0026248529981875,-0.0002488201750648,0.0034978152798905,-0.0006893252117911,-0.0005016759201135,-0.0024530249845137186
2007-03-22,0.0102740911240815,0.0152041638350854,0.016653788577613,0.0151725841475702,0.0251070030374185,0.016399233856055462
2007-03-23,0.0023931316760306,-0.0031919392139464,-0.0038096161094061,0.0037364302868068,0.0011019116106798,-0.000578370569898512
2007-03-26,0.0037796792253939,0.0061576084521708,0.0038241847853697,-0.00033838485817,0.0056269365389196,0.0069281617549170615
2007-03-27,-0.0041619513547046,-0.0097918175510506,-0.0091428417595433,0.0013539016040033,-0.0031624947603671,-0.004406213489543065
2007-03-28,-0.0069647762578622,-0.0081578920845405,-0.0046140913613346,-0.0081132890376596,-0.0035386874415194,-0.00685131985473475
2007-03-29,0.0040077279528656,0.0007474279707526,0.0177679384238997,0.0173823061542977,0.0041635313598942,0.006399200986759501
2007-03-30,0.0031935245176777,0.0062265441348308,0.0,-0.0050253299582855,0.0091464267367524,0.006068379081174857
2007-04-02,-0.0131316156930545,-0.0094057939908333,-0.0170778910727957,-0.0101009454806559,-0.0223566558200279,-0.013200910965272872
2007-04-03,0.0147179236795962,0.0169912740183908,0.0077223047975378,0.0085036518563899,0.0196538469716334,0.016488363645302373
2007-04-04,0.0133119628113795,0.0122854990227416,0.0026817752351344,0.0064078186941958,0.0204875995163114,0.013931655623445005
2007-04-05,0.0025491522672542,0.0026693634577852,-0.0038215860149026,-0.0097183632398396,0.0022570480531456,-0.0032965955495960486
2007-04-10,0.0031290931190606,0.0164609906368176,0.0126587137097049,0.0142128358224997,0.0312907865715272,0.012549353256317897
2007-04-11,-0.0017548570993167,0.0057156757167728,-0.0018939852237245,0.0060065174849763,0.0056315267088129,-0.00020743891711638707
2007-04-12,0.0078127268802854,0.0016580247932147,-0.0022767946841607,0.0009949523428363,-0.0144001932665567,0.0011109476935360352
2007-04-13,0.0038758859807686,0.0061461928256605,0.0,0.004970004913438,-0.0068408873972315,-0.0036360869827560816
2007-04-16,0.0075289617598679,0.0195023274197547,0.009128821384907,0.0138474175407787,0.0176293271241778,0.010295081794556404
2007-04-17,0.0088136454570084,-0.0048402264164089,0.0188461910145556,0.0091059540810467,-0.0047038133648953,-0.001806084393398133
2007-04-18,0.0123459440357149,0.0194534748245944,0.0170182523517274,0.0077346197070673,0.0109512421700319,0.008172110388762643
2007-04-19,-0.0112570786144533,-0.0138573527542728,-0.0141869940643741,-0.0118326538404159,-0.0102623938728125,-0.011511368933547428
2007-04-20,0.0094876550011571,0.0066806118494078,0.0092254217183653,0.0100327354728022,0.0154377136404912,0.006903417650218069
2007-04-23,-0.001315770961997,0.0009152644787104,-0.0073126870029404,-0.0041655728903018,0.0096437942557476,0.00027060078578311497
2007-04-24,0.0003767675218644,-0.0061729235956144,-0.0029466225294496,0.0038611793034513,-0.0058435271468003,-0.003373791079873345
2007-04-26,-0.0009407607119272,-0.0064411117268085,0.0096045639613167,-0.0102565715335921,0.0201199684416373,0.003873288144971676
2007-04-27,-0.0011302786106502,-0.0006945904718974,-0.0106112877889309,-0.0136009653708119,-0.0265927674550938,-0.009742057765956491
2007-04-30,-0.0052792446029164,-0.0037069363021957,0.0003699570226811,0.004595857099791,-0.0096755199207735,0.0023498584833829828
2007-05-01,0.0,-0.0011631060825241,0.005545422103419,-0.0065354740378016,0.0028735894164562,-0.0032716118909602576
2007-05-02,0.016679561206091,0.0200234921941793,0.0124998674991805,0.0128287577909409,0.0189106238197016,0.014953221906864211
2007-05-03,0.00391493361048,0.0043366974598935,-0.0123455497629393,-0.0016241541209341,0.0092242497443231,0.001377488930892401
2007-05-04,0.0083566018264489,0.002727357607714,0.0029411025024259,-0.0003251009482726,0.0142661722926369,0.009492116191156086
2007-05-07,-0.0005523726723636,0.0097463190618376,0.0014662907010685,-0.0048813300177755,-0.0076917729271436,0.004912746245642419
2007-05-08,-0.0058963731145451,-0.0051630973064972,-0.0043923280559592,-0.0016349368666763,-0.003543766939806,-0.0049422553914934
2007-05-09,0.0037069635663944,-0.0058664912597007,-0.00294141426906,0.0039304600061249,-0.0053345548287497,0.005817229861267759
2007-05-10,-0.0022160749619429,-0.0081703626305734,0.0044250333375788,0.0048937937032607,0.0074858374605148,0.0022818549239422836
2007-05-11,-0.0077734425153781,-0.0153318641068349,0.0011014106129123,-0.0120125768964854,-0.0140847578139993,-0.009149835221656688
2007-05-14,0.0110054280351974,0.0051124820386434,0.0179683595915018,0.0244880899127712,0.0067496083421243,0.008511172998117544
2007-05-15,-0.0084872561406006,-0.0159536396676363,-0.0097262983654717,-0.0078584269664964,0.0,-0.00850291270529413
2007-05-16,0.0024192746326316,0.002114911726641,0.0032738742490496,-0.0247523145698942,0.0301675758140043,0.0005488122318448863
2007-05-17,0.0120658738750831,0.0126610722359796,0.0196665701207352,0.0091368558806634,0.0466374270218099,0.012254355409627715
2007-05-18,0.0020175931766324,-0.004862205913618,0.0032745325337946,0.0016768217840941,0.006217933165314,-0.008386338775675628
2007-05-21,0.0146441187028663,0.0025593240979451,-0.0217628068946496,0.0020086503008371,0.0204837415492953,0.00939440676581138
2007-05-22,-0.0086595131623603,-0.007194115801473,-0.0100104933771694,-0.0103575473846098,-0.0237113210172928,-0.004745822739978922
2007-05-23,0.0041856162235935,0.0039735634327482,-0.0074911221827859,0.0033763818343734,-0.0157338027279959,0.0025774047516768928
2007-05-24,-0.0086986547099081,-0.0104773696511429,-0.0079242484127738,-0.0151418900198578,-0.0129814487073951,-0.01196147381177548
2007-05-25,0.0120656277139443,-0.0070587485248616,-0.0072272004723646,-0.0068324687434035,-0.0277173526758734,-0.004187675609098829
2007-05-28,-0.0001806592110337,-0.0007106624938004,-0.0003832037591008,-0.0010319161003855,-0.0197872745623963,-0.00023190915345427943
2007-05-29,0.0124662859038844,0.0137538071056553,0.0114988259158175,0.004476319331315,0.0171073454935446,0.01059812934769444
2007-05-30,-0.01802283983628,-0.0081870819942808,-0.0136417481851577,-0.0130271143215592,-0.0169321625701597,-0.011741752846814002
2007-05-31,0.0067233789837879,0.0033018654408103,0.0011527029520677,0.0017366193847909,-0.0007978338017332,0.011223196843362926
2007-06-01,-0.0054150475594972,0.0190128506868989,0.0038373892398355,0.003814478720499,0.0107295387973855,0.004351154778614363
2007-06-04,0.0039927099949303,-0.0136698935851203,0.0049693775898123,0.0107079721258394,0.0091485956861248,0.009627625109578153
2007-06-05,-0.0074114754058171,-0.0081243501000344,-0.0053254493820701,-0.0003416118992596,-0.0095129308223776,-0.003397559797052474
2007-06-06,-0.0049173162314065,-0.0081907479097006,-0.0053537503821013,0.0006832673208836,0.002260170078274,-0.005242503674298016
2007-06-07,0.0005494872218709,-0.0041289714761055,-0.0042288717826295,0.0082001583900404,-0.0091318759062163,-0.0040262186546440315
2007-06-08,-0.0095118332144824,-0.0192686637338548,-0.0065639145839008,-0.0135552063358862,-0.0205940386663496,-0.012499617670748142
2007-06-12,-0.0073869165398098,0.0057204255108,-0.0081613899676071,-0.0030914000044282,0.007783376524806,0.0013421848704791017
2007-06-13,0.0013026810613594,-0.0044514073984677,-0.0074455865104051,-0.0120603701061197,-0.0108357537277524,-0.00915844391516396
2007-06-14,0.0048307014471198,-0.0014900303754847,0.0011844492349224,0.0062780715748609,0.0296002343450456,0.013028265195957456
2007-06-15,0.0077663474871114,0.0092039757497861,0.0067034665527547,0.004852555234853,0.0079228606920818,0.005231084506282624
2007-06-18,0.0146786760148898,0.0113384180100608,0.0066587211222086,0.0096581474813541,0.0117915038981455,0.007878602084610664
2007-06-19,0.0018082798269203,0.0048746537382131,0.0085603014983564,0.0051250871297081,0.0099890078137239,0.00451430077764603
2007-06-20,-0.0043317841648233,0.0050930433936471,-0.0030863871921378,0.0044188798994979,0.0174722529052659,0.003903559127439671
2007-06-21,-0.0047137138922012,-0.0036198562101766,0.0003873802958542,-0.0050762399629211,-0.0008638494464999,-0.0015407739561443812
2007-06-22,0.0052824654592016,-0.0046013085189479,0.0050287580464616,0.0027211096480472,-0.0152419737146535,-0.0006922784520150271
2007-06-25,-0.000906169250499,0.0034061772447464,-0.0111622200474492,-0.006105858374769,-0.0241492337455897,-0.006166806057980145
2007-06-26,0.0001811978076977,-0.0055768827691994,-0.003503230082858,-0.0023887771279662,-0.0112483200233018,-0.00334587190380109
2007-06-27,-0.0128740079987663,-0.0209706786840714,-0.0167970003437537,-0.01984275242655,-0.0316267807438187,-0.019707728461123786
2007-06-28,0.0174509116409538,0.0191783551169624,0.0099323100815651,0.0125652014424337,0.009515836941955,0.013150964983512647
2007-06-29,-0.0025279489124877,0.0024435784670742,0.0094415007477921,-0.0006893989234304,-0.0108226689370252,0.0017284823157053264
2007-07-02,-0.0103168958284822,-0.0102389101483947,0.0074046421828759,-0.0096586266274314,-0.0164708865540696,-0.0018584272133049806
2007-07-03,0.0003661793247948,0.0044332609262527,0.0100579434994247,0.0149774912837568,0.0239236457534648,0.005700909686936484
2007-07-04,-0.0053018711930165,-0.0046590788998681,-0.0061280652227219,-0.0048042634227027,0.0163552195975871,-5.602383559544233e-05
2007-07-05,0.0126815643334903,0.0056666440047288,0.0192677489048931,0.0134480562576349,0.0229883697937001,0.010105228844723646
2007-07-06,0.0032667544352986,-0.0166584713706187,-0.0018903520616241,0.0,-0.0089888382127896,-0.0017522363073447789
2007-07-09,0.0141100848137143,-0.0009961955378822,0.005682110657873,0.0030624203272568,0.0090703703039822,0.0077890392760537885
2007-07-10,-0.0010702410183848,0.006234134021366,-0.0052726737611914,0.0027136310675512,-0.0073033916314607,-0.006104880646575994
2007-07-11,-0.0078569923518313,-0.0024785540903102,-0.0030295395532866,0.0013531436012605,-0.0148273310634671,-0.0057137237795299445
2007-07-12,-0.0073798199152159,-0.0111800245611409,-0.0106342981396797,-0.0050675723237008,0.0167737822219919,0.006053413064923907
2007-07-13,-0.0016316689138471,-0.0010052457260476,0.0,-0.0010186012165862,0.0106217000428101,0.004086108240276332
2007-07-16,0.0052668412792267,0.0017607572020272,0.0080613454520006,0.0003400373219526,0.0213548293637533,-0.001340593626908304
2007-07-17,0.0108401499660715,0.0062766280225501,0.0053311129829072,0.0013589317716378,0.0095238046473093,0.00012066456006465387
2007-07-18,-0.0051832413915205,-0.0009977636095208,0.0026518399663859,-0.0006786380594816,-0.0143133423040461,-0.008229335545250072
2007-07-19,0.012396583827837,0.0164832220486497,0.0101997884222431,0.0064516755886248,0.0092407005358907,0.008700588740683024
2007-07-20,0.0097605312684305,0.0029485979641428,-0.001495302389168,-0.00269907645415,-0.0140616181088532,0.005896925659038432
2007-07-23,-0.0061512321886438,-0.0107792143630014,0.0,-0.0057510952587532,-0.0096183630704005,-0.004895704019722724
2007-07-24,0.0030061344080158,0.0059437014279204,0.0037446817667059,0.0,-0.0008928758842994,0.005002623051223676
2007-07-25,-0.0038783193252902,-0.0152635171606884,-0.0123129555494152,-0.0081660130894412,-0.0279330035206569,-0.012737771739130488
2007-07-26,-0.0127434087173576,-0.0129998613321521,-0.0139782607924378,-0.012692674536426,-0.0094252617229212,-0.012940063346859487
2007-07-27,-0.0216923744297622,-0.0324218285929674,-0.01494272421362,-0.0211956166052842,-0.058366636446371,-0.02805194672052369
2007-07-30,0.0005496395585098,-0.0013083444524931,0.0027227948010346,-0.000709956141298,-0.0141711638660567,0.004256059743054319
2007-07-31,-0.0062270837155206,0.0055043053226335,0.0162917650719292,0.0053288981279133,0.0312501754031466,0.005787237618094743
2007-08-01,-0.0370439323410822,-0.0333681340669256,-0.0248091689565689,-0.0275618760283467,-0.1066664693647365,-0.03303554179437229
2007-08-02,0.0181817674904574,0.0248113679406709,0.0144811580515706,0.0156248296502798,-0.0013570216604952,0.01188753415337418
2007-08-03,0.0020678424160558,0.0,-0.0046293143804458,0.0075132645049789,0.0190218315223917,0.001550197309967416
2007-08-06,-0.0095666972496686,-0.0165788284969834,-0.0038762748150051,-0.0085225980699576,-0.0660003324083483,-0.016751382628432454
2007-08-07,0.003787892842257,0.0264916100209089,0.0046694800838564,0.006447116707797,0.0610994915737375,0.010951436529353709
2007-08-08,0.018678911520267,0.0166841870635854,0.0135552239543621,0.0177936083792691,0.0559663895582303,0.02033093378644213
2007-08-09,0.0150031410448219,0.0128203342163464,0.0160488724510594,0.0129370535631025,-0.0122305315391059,0.01062482926726771
2007-08-10,-0.0264597906184375,-0.0324047947467606,-0.029710141991854,-0.0258892544739741,-0.0700374989623171,-0.03724168761062163
2007-08-13,0.0234300035223955,0.0264258460009298,0.0131780710782063,0.0131115599938926,-0.0076283404196297,0.012736618182210835
2007-08-14,-0.0109888684381018,-0.0058628550896958,-0.0110937924150872,-0.013640912515267,-0.0184485019388886,-0.007762311206836681
2007-08-15,-0.0185185857019123,-0.0164103929970358,-0.0274666377169996,-0.0212767089307165,-0.0505483925387526,-0.02961846580376859
2007-08-16,-0.0094339497462594,-0.0106882023112522,-0.0147175511260621,-0.0199276529337824,-0.0401919031586732,-0.01322226190377307
2007-08-17,0.0,0.0007904042401645,0.0173598477123002,0.0181145782506542,0.0115625735642506,-0.007081274741676635
2007-08-20,0.0644971070380147,0.0476570641423879,0.04563496978443,0.0377635515316863,0.0928330554747769,0.04958054189071204
2007-08-21,0.0204419870632144,0.0077910285873423,0.0106263345419552,0.0111963373559558,0.0155472658606528,0.009570447105444524
2007-08-22,-0.0182274836823789,-0.0114717680403969,-0.0105146028544481,-0.003806270483601,0.0417540061249754,0.0027359197463541207
2007-08-23,0.0112130153519081,0.0123612159618591,0.0159393445767672,0.0208405905567354,0.0313959895830795,0.025989463802764234
2007-08-24,-0.0036357164378957,-0.0032394563349188,0.0003736129580242,0.0020415505348507,-0.0336790339899126,-0.011516031207070898
2007-08-27,0.0071155081514853,0.0042501273296218,0.0100819258975508,0.0040749708607226,0.0195710431726285,0.016464455498247155
2007-08-28,-0.0105072686415469,-0.0042321401949165,-0.0110903280208816,-0.0087926448772593,-0.0227448816682799,-0.0011814903288049905
2007-08-29,-0.0076897170229527,-0.0177497147409753,-0.009345964235207,-0.010576734331265,-0.0380732745286525,-0.011996756097812922
2007-08-30,-0.0062728540216099,-0.0061085138564233,0.0049058295851949,-0.0141380759839796,-0.0039162723027668,0.006524756694018752
2007-08-31,0.0239510669954408,0.0227910651855591,0.0214042641950973,0.013990918690417,0.0292048884976081,0.019130529634660443
2007-09-03,0.0021757328396541,-0.000500630514698,0.0077204170591091,0.007933892407365,-0.002046003458992,0.0038837425618940546
2007-09-04,0.0068753484785624,0.0070141063360023,0.0062024162316072,-0.0017113482258026,-0.018044979415532,0.004221572923039263
2007-09-05,-0.0098830178763812,-0.0092041284647105,-0.0188541889707284,-0.0065133190660627,0.0029234661375103,-0.004840846124289699
2007-09-06,-0.0018150659419632,-0.0133065068958982,-0.012195155560859,-0.0134577203780079,-0.011799113160875,-0.001712063442873113
2007-09-07,-0.005999961309465,-0.0076334667515939,-0.0029929628585957,-0.0059460238394823,0.0028092752008219,0.004391823980987475
2007-09-10,-0.0058532528342932,-0.0202564853912478,-0.0037521235379575,-0.0038705559256524,-0.0214315988845221,-0.01221850940772029
2007-09-11,0.0180312398047759,0.015179309570849,0.0097926583099958,0.0070645493004779,0.0191811600650875,0.007194041640805837
2007-09-12,-0.0023494864385188,-0.0051559122379934,0.0014923251115506,0.0017538696899863,0.0133426618907079,-0.002345236064179468
2007-09-13,0.000905579499703,0.0,-0.0007453078779915,-0.0084034267374897,0.0048513540654118,0.0016794711452565725
2007-09-14,0.0081449616245472,0.0106244979833427,0.0119272316975118,0.013771061534082,0.0617929238888927,0.012299718688845385
2007-09-17,-0.0057451901360362,-0.0148721449359613,-0.0025784822023178,-0.009055932488269,-0.0249413013961403,-0.0052155308035994885
2007-09-18,-0.0068616044946036,-0.0304529087301171,-0.0103399798512476,-0.0228472179026495,-0.0226488866710041,-0.012542920979850991
2007-09-19,0.0158183056988852,0.0255033148895373,0.0242539530462992,0.0276977494879022,0.0509814893251148,0.02642435796907594
2007-09-20,0.0005369016824348,-0.0054970234400331,-0.0014574308243598,-0.0052499765170245,0.003891295611794,0.0059417113127187005
2007-09-21,-0.0046512330456174,-0.0131613372175232,-0.0043776663839721,-0.0007038085327985,-0.0051680612497354,-0.005611285110860842
2007-09-24,0.0104242662412878,0.0213387926756407,0.0058628901904935,0.0109153460554805,0.0129869380410578,0.015423895057614878
2007-09-25,0.0032016155748584,0.0080961631007459,-0.0051000016502255,-0.0006966027480346,0.0307694272760925,0.004932937125329051
2007-09-26,0.0007093437717722,0.0106220659657072,0.0179422154688131,0.0080170485014292,-0.0016170827608249,-0.00022012209438837527
2007-09-27,0.0067327352215695,0.0199949294266521,0.0140286602165,0.0169430730114674,0.0439763414897644,0.00875300288178793
2007-09-28,-0.0075677268258659,-0.0020109189962298,0.0109967246550737,0.009860468332336,0.0071601331289112,0.00458103756014272
2007-10-01,0.0037241739726214,0.0022665041208851,-0.0007018679650866,-0.0030301751945436,-0.0142181276721959,-0.0006155836819629057
2007-10-02,0.0176677375719072,0.0158289567533012,0.018609558121676,0.0199254935494108,0.0272839598205356,0.014684071442029545
2007-10-03,0.006076200223037,0.0136039769126965,-0.0003445741239019,0.0086095937917978,0.0190709635192205,9.522335828959783e-06
2007-10-04,-0.012941948542144,-0.0097605293263431,-0.0003449786321837,-0.0003281537393883,-0.011825539143368,-0.013969133642330211
2007-10-05,-0.0024475957672506,0.0044355956265369,0.0013798190647702,0.0039405972661603,-0.001394366797267,0.005854645449914431
2007-10-08,0.0050822091118289,0.0019623857242425,0.0099897612392545,0.00948657879472,0.0151252268914641,0.007433525512090089
2007-10-09,0.0092416467701721,0.0164053660962633,0.0133015809434413,0.011017560922826,0.0028655273606075,0.0035285176175714472
2007-10-10,0.0158949482029999,0.006986582847392,0.0030292152907176,0.0060897123111345,0.0068571445677405,0.009097729366292828
2007-10-11,0.0144557130010363,0.0011959573030171,0.0010066889526709,0.0050972038924037,-0.0068104443661513,0.004994871022689917
2007-10-12,0.0023470661591189,-0.0021505330600818,-0.0056991424294853,-0.0025355890295888,-0.0125712891577187,-0.0033921794928820637
2007-10-15,-0.0068572868999569,0.0009580647122215,0.0013486499438544,-0.0044489136324415,-0.0078707249159281,-0.001456390500575555
2007-10-16,-0.0080837084535491,-0.0126796001305082,-0.0222222883559256,-0.0137248053364843,-0.0116659307502268,-0.006963231315721408
2007-10-17,0.0066214102401456,-0.0147806473216045,-0.0117076989217856,0.0029126776594468,-0.0089705697073666,-0.0017245872124701522
2007-10-18,0.0134930539320441,0.0154940822822986,0.0104529204263588,0.0003226311931923,0.0111957148719432,0.013118115243876405
2007-10-19,-0.0158093963900625,-0.0094450454975251,-0.0103447871890441,-0.0022583172614931,-0.0221435172386208,-0.009064717869439964
2007-10-22,-0.0096385701258133,-0.0080684659700268,-0.0135891237734452,-0.0058197065787901,-0.0405926649425621,-0.019236042168959577
2007-10-23,0.0075125258763111,0.0167609718968271,0.0180147306327496,0.0149598550225646,0.0261143671300938,0.012701182390907118
2007-10-24,-0.0061004865716591,-0.0024241049616018,-0.0041633961182783,-0.0032041924299274,-0.0226359881341422,-0.00396485416190695
2007-10-25,0.0144926004553809,0.0208993340636647,-0.0069687098585075,-0.0369659021996728,0.0140212439541393,-0.0015196188528311394
2007-10-26,0.010588301592326,0.0164242795425793,0.0245615021253748,-0.0053403113203435,0.0159260834224737,0.011512599009308566
2007-10-29,0.0177947413585142,0.0103046279349625,0.023287654387553,0.0050335617394865,0.0288004670935928,0.013778060614950016
2007-10-30,0.0040849434083574,-0.0090403608630516,0.0023424360484454,-0.0086810876232469,-0.0077960253121923,-0.005924975205647276
2007-10-31,0.0008136331364405,0.0081871003231055,0.0196994633841234,0.0138093194262334,0.0005952569878659,0.000591568737000836
2007-11-01,0.0024389150272385,0.0092808566423043,0.0170273485625331,0.0106314974748924,0.0118980573555371,0.011038433926585656
2007-11-02,-0.0072991019139024,-0.0091955143914848,-0.0186738845651435,-0.0144643239400706,-0.032334164873795,-0.019325061551063616
2007-11-05,-0.0183002625602121,-0.0139211781338622,-0.0108267125182632,-0.006337711803782,-0.0522479901318452,-0.01705807886610744
2007-11-06,0.0054923138962714,0.0011765483365278,0.010282030732676,0.0053709723535833,0.0133332165978017,0.00694019826386727
2007-11-07,0.0056282613485254,0.0101058478741149,0.0255206350651473,-0.0026710468024984,0.0304915063804966,0.010681610082980741
2007-11-08,-0.0138272453968901,-0.0183808539389591,-0.0340538134466945,-0.0034326649675092,-0.0354826546306175,-0.024027987709251297
2007-11-09,-0.0085128919865168,0.0286802963172501,-0.0298304775058734,-0.037203334214334,0.0297863903560398,0.003717895583847719
2007-11-12,-0.0011783491066904,-0.0046086681238397,-0.0216632502140688,-0.0196776973011357,0.0137202696366243,-0.01381440261944844
2007-11-13,0.0176978985652935,0.0157408560733189,0.0124997191047266,0.0357663415846247,-0.036702310716816,0.009336160543764738
2007-11-14,0.0152365010609709,0.021877471552963,0.012698702391773,0.0112756186822018,0.0424052198545548,0.01291527685123417
2007-11-15,-0.0138662470390431,-0.0187330776543984,-0.0170674046460949,-0.0195120832240659,-0.0066784521258698,-0.010592768752888948
2007-11-16,-0.0079403007585208,-0.0198864217061049,-0.0081502577152617,-0.0156360343654822,-0.015892914895768,-0.009021460764996547
2007-11-19,0.009671523371546,0.0116222309091567,0.0010718839532699,0.0126353409270967,0.0,0.011392309214238505
2007-11-20,-0.0214694581881956,-0.0133645228253284,-0.0132049439294648,0.0103382803235196,-0.0260872000555945,-0.01678971557468323
2007-11-21,-0.0210973244706144,-0.0187739222063682,-0.0115732721764566,-0.0179954843035669,-0.027168278327341,-0.0063275126439718
2007-11-22,-0.0017243126143174,-0.0196172357299563,-0.0025609345919245,-0.0097018524435265,-0.0073422630480739,-0.007833685589627604
2007-11-23,-0.0120896883062038,-0.013093135114871,-0.0154073373443203,-0.0097967039183964,0.0103023022268544,-0.00025662363030243274
2007-11-26,0.0192305854502312,0.0062582153442332,0.0152755663882202,0.012092312341517,0.0146425365166025,0.022299589047582113
2007-11-27,-0.0085761119259542,-0.0097014382219241,0.0139451386893141,-0.0061546987880898,0.0076022943149403,-0.005974973854918519
2007-11-28,-0.0024226103089879,-0.0100477955304705,0.0,0.0025497672945016,-0.0281329836077496,-0.009679713556994263
2007-11-29,0.0109264436459128,-0.0083732340683808,-0.0010861428675168,0.0047239843433664,0.0413156783850505,0.011723248137132547
2007-11-30,0.0233315906097901,-0.0199594788692324,0.0264495710877716,0.018444551312577,0.0146579149998617,0.013756067233390512
2007-12-03,0.0001675716051552,0.013054942189498,-0.0045888630017402,-0.0110084083416105,-0.003113655593833,8.692145921829209e-05
2007-12-04,-0.0020111768223161,0.0077319159056501,-0.0010638060507953,-0.0003592572160066,-0.0143660087548617,-0.0004007696709102948
2007-12-05,0.0,-0.0051149334644204,0.0074548601631352,-0.0035918196548216,-0.0012672301145475,-0.0034707043090350664
2007-12-06,0.0139400390438477,0.0041130615566793,-0.0028189183917178,0.0136985846485491,0.0177663440951485,0.014248666989820746
2007-12-07,0.0053007637300541,0.0040962904056163,0.0222612711688521,0.0128026244797285,0.0006233444599852,0.008203517978201846
2007-12-10,-0.0036250896380757,-0.0086695076355342,0.00103724282338,-0.0063203470368995,-0.0103427739243894,-0.004394281271923872
2007-12-11,0.0051267792068379,0.0007720640475867,0.022099230622832,0.0045934950282131,0.0400402698413895,0.008339324569464068
2007-12-12,-0.0039490349805739,0.0064250216447678,0.0003381040119607,-0.0116075258278287,-0.0131957530862742,-0.009750661652040638
2007-12-13,0.0013215907686485,0.0005106712982654,-0.0043904009455688,-0.0064056272487621,-0.0044171191917499,-0.0026512108070217977
2007-12-14,0.0019795684255816,-0.0186319799843048,-0.0162823163431404,-0.011461392010775,-0.0131850731175799,-0.016052342829276256
2007-12-17,-0.0121830737894045,-0.0247073806600414,-0.0241379480527921,-0.0235508722359856,-0.0497003486567382,-0.03512113584901988
2007-12-18,0.0,-0.0157332731342725,0.0176677346018145,0.0107609596810083,-0.0370564460266117,-0.004255340578323441
2007-12-19,-0.0245001506098457,-0.0043346546922932,-0.0350694119520168,-0.014317228593679,0.0139191422354447,-0.0032873276049542044
2007-12-20,-0.0128137840676628,-0.0073472228074283,-0.0176323336022125,0.0,-0.0152085907328737,-0.00635024533308981
2007-12-21,-0.0001732483146723,0.0364586808006535,0.0084250176691729,0.0204842590726808,0.03990691960981,0.013665087896235217
2007-12-24,0.0055394152029393,0.0010574917065,0.0170723934181931,-0.004744475350491,0.0174791175990742,0.012264267380675875
2007-12-27,0.0074022760011647,0.0050200785700409,-0.0032143099288014,0.0047670927043201,-0.0123996880593778,0.004309787098508044
2007-12-28,0.0061513161214354,-0.0065719658183307,-0.0007166697064092,0.0043795157081456,0.0009153568656046,-0.0017095795920794021
2007-12-31,0.0037366941559062,0.0,0.0010756302976655,-0.0021801111448128,-0.0043118662100933,-1.489136747445663e-05
2008-01-02,-0.0050759970867833,-0.0082036312352299,0.0050143113357019,0.0040056853105998,0.010498713280745,0.0021021960130251927
2008-01-03,-0.01785708653241,-0.0141407462753965,-0.0167497365470585,-0.0087051209912076,-0.0230359725524339,-0.009515577361743133
2008-01-04,0.0050214019138883,0.0102843010567903,0.0018122101956328,0.0029270563520056,-0.0067841171771759,0.0025605313102468052
2008-01-07,-0.0144725325956579,-0.0275919698834454,-0.0177278270022016,-0.0262673151769433,-0.0247268158868884,-0.023020843465746843
2008-01-08,0.0092657093240897,-0.0079888826749369,0.0036830589928995,0.0022476025200921,-0.0124669012722506,-0.005435129470451439
2008-01-09,-0.0154167288412364,-0.0116631129957354,-0.0106418654431218,-0.0149532163174095,-0.0112053311659643,-0.006594247167476808
2008-01-10,0.0019351871585384,-0.0075865253865502,-0.0133532141087798,-0.0091080638711924,0.0228087879415965,-0.0014831543126458957
2008-01-11,-0.0186128581552338,-0.0033974892496669,-0.0225563902141295,-0.0149369590226643,-0.0199158899203516,-0.015968885128053834
2008-01-14,-0.0033993651002125,-0.0008524383881165,-0.0146155745258861,-0.0015550883981851,0.0174583553562599,-0.0002682318785699467
2008-01-15,-0.0134651743741351,0.0179129805157576,0.00780643761796,0.0159656691481897,-0.016877459276657,-0.003351167647817066
2008-01-16,-0.0402182853021585,-0.0296087476264307,-0.0158791217985725,-0.0057495804741889,-0.0522176859598947,-0.025218268002491495
2008-01-17,-0.022942930203771,0.0181345252557918,0.0110192491998009,0.0100235499269312,0.0087547198210209,-0.002333911847445469
2008-01-18,0.0324085062821923,0.0251623718197588,0.0334759418997983,0.027862298657477,0.0207994770045758,-0.00843205102110045
2008-01-21,-0.0454886443754439,-0.029232966195361,-0.0293783852288174,-0.0271070343701377,-0.0367931332381765,-0.029028267390685758
2008-01-22,-0.0380071689769031,-0.0653408219009913,-0.0492819489366116,-0.0706107622100686,-0.114289932470096,-0.07052615556344821
2008-01-23,0.0208802481247321,-0.0148935005801098,0.0293876421801797,0.0357290201698325,0.0130585219002614,0.0434703495460087
2008-01-24,0.0176457335730193,0.041345143533112,0.0150673892429056,0.0317209488096263,0.0859903603921286,0.031062904707099603
2008-01-25,0.0583253230750735,0.0811850419990236,0.0386717445017572,0.0564945020790632,0.0779324320881309,0.05015165011105971
2008-01-29,-0.0372368861418755,-0.0290494387509351,-0.0127867809232055,-0.037831945340059,-0.0575196831782458,-0.024549329496773575
2008-01-30,-0.0524074873556161,-0.0491105803497203,-0.0247617634810717,-0.0173909213498798,0.003843256344691,-0.017096392504334035
2008-01-31,0.0081629957605773,0.0270112465878202,-0.000781337932823,0.0007692058312036,-0.0045939559895884,0.005613149046604482
2008-02-01,0.0348179676841251,0.0231210203070422,0.0367477977798016,0.0338331046967881,0.0615381871297986,0.03410337358923399
2008-02-04,-0.041470934809811,-0.0341806591347877,-0.0105581351160659,-0.0070658518653673,-0.0017392313829919,0.0041916586799910505
2008-02-05,0.0167343753828601,-0.0160865427015426,-0.0129576411881496,-0.0112356369629403,-0.0249708636223258,-0.012702106383492118
2008-02-06,-0.0254916444446186,-0.0255649559640012,-0.0193046928240103,-0.0363633546150827,-0.090232196346814,-0.03168590521653891
2008-02-07,0.005561167311326,0.0006106130032739,-0.0307087102226883,-0.0172959420899198,0.0130929484439092,-0.0022518101412778435
2008-02-08,0.0270381240408206,0.0192070186976007,0.014215653583989,0.0240000728250269,0.0096932481364917,0.010950002670046866
2008-02-11,-0.0277226691534091,-0.0427758249645827,-0.0268318200557264,-0.0312501984324367,-0.0387197809541915,-0.02043119865441556
2008-02-12,0.0133336390229172,0.0062495258370842,-0.0024693023598506,0.0201615180622203,-0.0111522649439006,0.01274599399453935
2008-02-13,-0.064777478734187,-0.0559003206938638,-0.0408416722619733,-0.0592887656881654,-0.0430902544073095,-0.011753265496571075
2008-02-14,0.0183983950779009,0.0332236267035561,0.039139725148487,0.0268909330810454,0.0343010144494009,0.025748419789985988
2008-02-15,-0.014239986838225,-0.0245144750345803,-0.0331125169015833,-0.0216857543799127,-0.0561224298937229,-0.013728737182872153
2008-02-18,-0.0276243867178419,-0.0368802096152256,-0.0368151141201431,-0.0606438961555187,0.0,-0.007035601263605251
2008-02-19,0.0288632727127118,0.0321930515342643,0.0288890258451952,0.0062328145402785,0.0223421236192997,0.01093022664976706
2008-02-20,-0.0428537663831303,-0.02954706868642,-0.0302375453433989,-0.026548520330667,-0.0712017819000875,-0.02156545729212922
2008-02-21,0.0027693677159859,-0.0003385637627745,0.0267262402128893,0.0,0.0265655556454087,0.015976209774084316
2008-02-22,-0.0197926518534754,-0.0324874361474379,-0.0251627066285143,0.016363773953979,0.0147872136774145,-0.004202318016595763
2008-02-25,0.0488377483062387,0.0185382009725425,0.0467286372547735,0.0107331576996601,0.0102005673640941,0.012778633447861454
2008-02-26,0.0266393872950516,0.0339972684952887,0.0199831221690882,0.0119473196586974,0.0573383064023027,0.008868389095000762
2008-02-27,0.0119934228109592,0.0405180056991871,0.0233428744072285,0.0297330764883152,0.0245569516189558,0.018262785330138254
2008-02-28,-0.0508511426152652,-0.0434088889374191,-0.0301423364276162,-0.0360935580937638,-0.0505994340500507,-0.019562016880542932
2008-02-29,-0.0435868207513873,-0.0373706651147915,-0.0205798067628357,-0.030836924750406,-0.0601330922530544,-0.013484065794276745
2008-03-03,-0.0505579853572923,-0.0578852247828259,-0.0244421109483222,-0.0486362269696338,-0.0486851185133261,-0.02738719949766777
2008-03-04,0.0,0.0117731085608394,-0.0004397878762412,0.0243667450687796,-0.0049019462492224,-0.004040741744147813
2008-03-05,-0.0012498467303871,0.021817948096507,-0.0136323567884375,-0.00606324364201,-0.0433497148184085,-0.00029227581576785067
2008-03-06,0.0155194487165322,0.0128114244608126,-0.0133751857313534,-0.0056313539303529,-0.0319259419857997,0.011043150786046452
2008-03-07,-0.0300715909217617,-0.0537594714733105,-0.0447353305785376,-0.0438886196813577,-0.0334044111123134,-0.03128453552757415
2008-03-10,-0.0165183941821893,-0.0159674170731639,-0.0056763147794766,-0.0133265472446101,0.0103459211548551,-0.015871092445419066
2008-03-11,0.0248060115487165,0.0264147947854385,0.0432919561671183,0.0430213947845239,0.0239649676043987,-0.008829332604562978
2008-03-12,0.0544630681809654,0.0422795908426691,0.060647748970491,0.0575541344513781,0.0744680622871445,0.024172754294163434
2008-03-13,-0.0554759775784431,-0.0380952401114529,-0.0266554662551515,-0.0263040667896873,-0.0841582622075104,-0.023140711025120053
2008-03-14,0.006835859153454,0.0143017916277434,0.0159014778595407,0.0060550866570354,0.0270271421757453,0.014355066823744655
2008-03-17,-0.0608502356610564,-0.0292844272632036,-0.0300003111389505,-0.0490739960294226,-0.0631581760348263,-0.022980441097878
2008-03-18,0.0058905764609356,0.0331471891445134,0.0076197898961087,0.0223953522007065,0.0128090136175964,-0.00016501650165023918
2008-03-19,0.0646789317278753,0.0742610433099719,0.067615460858996,0.0804763015191554,0.1371199824629971,0.040041444316077035
2008-03-20,-0.0174997589351719,-0.0231544316901314,0.0041669113952138,0.0127805846206714,-0.0341458861012173,-0.030033471745908646
2008-03-25,0.0801523961291266,0.0511854210880557,0.0290454371824937,0.0587474236636946,0.1171714192450492,0.037677198871744366
2008-03-26,0.0155479506758691,-0.0081701480827693,0.0,-0.0086321150446833,-0.0213382061043938,0.011845151721298741
2008-03-27,-0.018557219150922,0.0131796617436028,-0.0088707697216083,-0.0111934661330058,0.0033260508673,-0.0017947830101568973
2008-03-28,0.0094541067341786,-0.0256910716362979,-0.0276651338102666,-0.0280926216016348,-0.0279925967453326,-0.00382149402494103
2008-03-31,-0.0210726576781278,0.0063416190825711,-0.0062761246258064,-0.0271789623609733,0.0007577909733271,0.0008792395013581533
2008-04-01,0.0066973488498167,-0.0338309558008174,-0.0147362879513167,-0.0062081832198895,-0.0176070341379315,0.0012176771937759678
2008-04-02,0.0522687431872652,0.0470308453365253,0.0649568268169165,0.0504242459998143,0.0988628044230257,0.026501495631828353
2008-04-03,0.0252880394652019,0.0465572738207391,0.0272874688369697,0.0254883753691286,0.0203439862283349,0.01926424084109324
2008-04-04,0.001541572867814,-0.0256890468134041,-0.0183597008953584,-0.0240264856988651,-0.0323135197882746,0.001942876120889947
2008-04-07,-0.0312224867069798,-0.0469456754335865,-0.0397931622544756,-0.0657893027059182,0.0095915422522738,0.0011187165420885048
2008-04-08,-0.0201998150409111,0.0037113157822799,-0.0240361630236842,-0.0154476055602074,-0.0026388976676569,-0.009510880811859912
2008-04-09,-0.0305769356132632,-0.0356304230882631,-0.0161359789743096,-0.0327640940345989,-0.024519494570013,-0.009217783720541606
2008-04-10,-0.0176822803536614,0.000348516753698,-0.0254637448161675,-0.018607318102039,-0.0515372439746318,-0.013366285134295497
2008-04-11,0.0077840121380643,0.0108017191406639,-0.0013288187063613,0.0179875717561801,0.0446137194915248,-0.0013023022538092288
2008-04-14,-0.02268882422112,-0.0175801482008043,-0.0039909221669583,-0.0234003354494019,-0.0308446438222641,-0.01776807624265242
2008-04-15,0.0269201920139092,-0.0035089274696005,0.0040069134466538,-0.0024448301890291,0.0534838435633928,0.0108531140245125
2008-04-16,0.0110628215170796,0.0052814496043325,-0.002217305388655,0.0151959864103816,0.0366463801099394,0.012937934126315831
2008-04-17,0.0099905523398222,-0.0077052830911358,0.0008891691492329,0.0004834422184836,0.0175891562090193,0.00889718586777355
2008-04-18,-0.0188410832352792,-0.0211789455175039,-0.0088814539848697,-0.0323360773123323,-0.0083035914875585,-0.01618078384283761
2008-04-21,0.0537684934495894,0.0620265060308764,0.0654121334205495,0.0723190331725363,0.0312712994680144,0.03142748525809402
2008-04-22,0.002278058753784,-0.0016977153648388,0.0264931759605575,-0.0167441978271952,-0.0057997139627847,-0.006376646122467244
2008-04-23,0.0043180626508683,0.0207484529120611,0.0245803152372023,0.0421004794846604,0.0130002249253147,0.01587239608754243
2008-04-24,-0.0156143943716456,-0.0236591749262605,-0.0047982964152766,-0.0236044140460873,-0.022869012210247,-0.011602303988051954
2008-04-28,0.0275862152008741,0.0324235773198724,0.0116513306483592,0.0320780177454926,0.0565748270387453,0.0028026843549660008
2008-04-29,0.0022370749797224,0.0016528168071661,0.0146944086153659,-0.0063064845821182,-0.0066931783285968,0.0007478789322503676
2008-04-30,0.0011162534020643,-0.0029704780456191,-0.0414876097871145,-0.0072529949445678,0.0174875289421692,-0.0020565140011790106
2008-05-01,-0.0180604453240129,-0.0036411912742927,0.0024499250125347,-0.0105019284958103,-0.0304321967624241,-0.0017140574902648753
2008-05-02,0.020662900857022,0.0475083743096849,0.0529533002011755,0.0549146109795966,0.0650514201224661,0.020517878476370432
2008-05-05,-0.0166848574597842,0.0022201588174479,0.0050290055783936,0.0170604245343675,-0.0029010717731874,0.00530334998570714
2008-05-06,-0.0214934817570211,-0.005696265220342,-0.0146265168868205,-0.0150539533931989,-0.0274120847927095,-0.005042476500488946
2008-05-07,-0.0312133508493244,-0.0292805806929159,-0.0316408634570033,-0.0262008963525252,-0.0434575808273973,-0.005650501767823113
2008-05-08,0.0429591402444187,0.0163934797206721,0.0363051352944425,0.022601646175979,0.0,0.010831451447341323
2008-05-09,0.0050341861557048,0.0399996398940476,0.0108992538803895,0.0374381760830695,0.0139918017069746,0.008481323216403824
2008-05-12,0.0441709845542661,0.0586229758809535,0.0,0.030434706428609,0.016233864295303,0.009835827868984293
2008-05-13,-0.0111206037424271,0.007325039827871,-0.0331153249168365,-0.0240509761689633,0.0247599376192113,-0.0027255056810174816
2008-05-14,-0.0085996488152106,-0.0197785089799992,-0.0063719290547661,-0.017725630901526,0.0163681279007736,0.0103265680492306
2008-05-15,-0.0031141109908429,-0.002671230144313,-0.0120238882386997,-0.0180457306126934,-0.0032211162408287,0.003061291812364031
2008-05-16,0.0029004116565951,0.0121987129681928,0.0085194071055312,0.0286865615853599,0.0201566658724761,0.006843206124945711
2008-05-19,-0.0120129151629644,0.0023515744496174,0.0028971744754919,-0.011764585712869,-0.0030163072740695,0.004327307505369804
2008-05-20,-0.0141862450487103,-0.0099703264512771,-0.0033018010109246,-0.0255729021074649,-0.0733736114309784,-0.006946937883447579
2008-05-21,-0.0274098950060321,-0.0085903824374404,-0.0256728580024478,-0.0230774126429283,-0.0448976070874689,-0.014326437359827193
2008-05-22,0.001879212403786,-0.0188226332445736,-0.0288988948014735,-0.0046315982615997,-0.0116241606259042,0.0005980797652338499
2008-05-23,-0.0084390314469002,-0.0106579783605621,-0.0148799063894183,-0.0228012857643976,0.0100307366314043,-0.010116117514856748
2008-05-26,-0.0016546883098111,-0.019390476049732,0.0075520397036172,0.007142866997732,-0.0200048163535685,-0.010096049336993818
2008-05-27,0.0106557501822452,0.0056499686866369,-0.0083772972882902,0.0085104257915329,0.0023584493981889,0.0014124638411967538
2008-05-28,0.014526981117803,0.0021845378106553,-0.013339234861367,0.0042194900430778,0.0117645808917983,-0.011614055985705751
2008-05-29,-0.0117785144412582,0.0090315286225974,0.0297433976001337,-0.0032682615814335,-0.0162791041025294,0.010890465364704616
2008-05-30,-0.0109841292380371,-0.0026982016280533,0.0175051236357071,0.0154570969055025,-0.0089103411965636,-0.008177399164376986
2008-06-02,-0.0087427856069272,-0.0281058451818212,-0.0249463829364542,-0.0359779334693433,-0.0227526711400266,0.0018904624530116099
2008-06-03,-0.0109653620918026,-0.0348338384111539,-0.0388173718878779,-0.0248804566419225,-0.0600823935308272,-0.015539619348857503
2008-06-04,0.0038561303796484,0.0023832445787919,0.0133086300441971,0.0044162431103025,0.0287654398592778,0.001930528665719633
2008-06-05,0.0252106556752929,0.0166440352930905,0.0117753934332838,0.0136783412024468,0.0466019334274008,-0.00973632850294981
2008-06-06,0.0163933219652983,-0.0136986886946228,0.0183528055677044,-0.0004817888449792,0.038775426484001,0.011208321236348961
2008-06-10,-0.0352535786809493,-0.0531839717890879,-0.0505497252556149,-0.0318229794579393,-0.0748347306716508,-0.027642581667499333
2008-06-11,0.0231668763424119,0.0304111318868547,0.0300929814228518,0.0159366521552895,0.0366797368536073,0.00547956095372748
2008-06-12,-0.0287112520920294,-0.0402778013361215,-0.0350566195078251,-0.040686231629805,-0.0560523431679502,-0.025235212397077045
2008-06-13,0.0036044595187507,0.0231549818700786,0.0200280605783833,0.0040875859554905,-0.0299861981105723,0.009174099318967288
2008-06-16,0.0019159986859507,-0.0258135747730384,-0.0091323626355782,-0.0127226014589749,-0.0105758191311879,-0.0011998461441309338
2008-06-17,-0.0129065233339425,0.0152450698731048,0.0027651287196535,0.018041335616715,0.0380269498136469,0.009495344292447472
2008-06-18,-0.0159804234566632,-0.0135860680556123,0.0110291109116937,-0.0121518648360762,0.0356435178035809,0.0037891728158876425
2008-06-19,-0.0182085701380316,-0.0391444886155246,-0.0418178389091405,-0.0425423796315859,-0.0678775458056412,-0.014072803074348661
2008-06-20,-0.0135341170607352,-0.0286686008676373,-0.0213473886368742,0.0053534689680834,-0.0441025774734453,-0.014601605716373478
2008-06-23,0.0086385801007666,0.0310681194768536,0.0019387969612516,-0.00958449672679,0.0193133262642599,-0.000785270772455271
2008-06-24,-0.0277078204981965,-0.0052726521813938,-0.0227381948016281,-0.0349462835720152,-0.0035789709002231,0.0038271864628616203
2008-06-25,0.0088079228499038,0.0374857033636786,0.0173269146919898,0.0373259279775344,0.0120430000842965,-0.009857449694119391
2008-06-26,0.050333999847266,0.0240874954977288,0.0408757214982451,0.0204080073733323,0.0231732106834268,0.013203570725226488
2008-06-27,-0.0097797988086484,-0.0484677770432929,-0.0327254872021163,-0.0026317909028992,-0.0197918435808323,-0.013185263835823857
2008-06-30,-0.0081481581637662,-0.0074905102597011,-0.0333497808443153,-0.0121366960757557,0.0124897300794317,-0.00413043350443032
2008-07-01,-0.0234007904045705,-0.0252832472248601,-0.0394997392971935,-0.0507480660704987,-0.0199424856043879,-0.014653744763884036
2008-07-02,0.0249809871924291,0.0073560021821246,0.0046852144389497,0.0298256212046796,-0.0188798205813863,-0.008580270769857679
2008-07-03,0.0283509696208059,0.0176789671484272,0.0202070336054813,0.0224043878261055,0.0062007027148525,-0.01893782579134251
2008-07-04,0.0237001650326351,0.0400301802126781,0.030980217394535,0.0432923310699664,0.0333613870003048,0.016762254433896562
2008-07-07,-0.0207891451787791,-0.0170665310691847,-0.014778554709243,-0.0163935731342512,-0.0078137698669301,-0.01566192063011207
2008-07-08,-0.0173699676394588,-0.0265973713600333,-0.0239996829706905,-0.0312498413805905,-0.0466320324082404,-0.013904533284091913
2008-07-09,0.0186593006681681,0.0474385119268323,0.0087088999228406,0.0107525610279104,0.0613041391682516,0.01599815237881219
2008-07-10,-0.0226558993262933,0.0003622072263607,-0.0314877729819017,-0.0228723320416989,-0.0145433631317056,-0.014861552261179911
2008-07-11,-0.005671970769405,-0.0057951129628923,-0.0031467501965041,-0.0228632972506087,0.0216171210857474,0.008615528531337624
2008-07-14,-0.0039682624039348,-0.035701089890316,0.0173596538699416,-0.0083567043476506,0.0132251324659353,-0.01182824619817413
2008-07-15,-0.0351098960579371,-0.0419347503457578,-0.0341261306249673,-0.0382020401934761,-0.0740965154338607,-0.021405531900249408
2008-07-16,0.0327745283016549,0.037460514020031,0.0401498051253477,0.0566588466469701,0.0067230468419483,0.0114100289326875
2008-07-17,0.03923025375183,0.0395289207971565,0.0494080008558046,0.0165835522215944,0.0286512952605295,0.00624596983221859
2008-07-18,0.0050494954282849,-0.0124312340949607,-0.0093182791411331,-0.0097878289211023,-0.0383243362400391,-0.012379845448262872
2008-07-21,0.0370809967324896,0.048500263432756,0.042574687967555,0.0323997698159648,0.047473736363597,0.03541041797206734
2008-07-22,-0.0080732673978599,-0.0236581017416657,-0.0237420902328281,-0.0388299424281068,-0.0313928287642197,-0.0012349016379342714
2008-07-23,0.0372088176498286,0.0705243750233988,0.0700387324462787,0.0459324431578418,0.1161188980641514,0.019921262264325
2008-07-24,0.0401348158608076,0.037162418371152,0.0363636493772621,0.0291006474475448,0.025000335251424,0.007608403923922147
2008-07-25,-0.0676873838169527,-0.1348535709384176,-0.0311397141598213,-0.0874037350890403,-0.054784391278423,-0.0337443510011074
2008-07-28,-0.0497106162143879,-0.0286144101814084,-0.0796743922298373,-0.1092956792178488,-0.0075425248724435,-0.00974121509656034
2008-07-29,-0.0430659491644248,-0.0395351125369966,-0.0059029945425619,-0.01771003837622,-0.0300000600227168,-0.015182509148916279
2008-07-30,0.026951605518791,0.0274417286582879,0.0361209591593145,0.0367031698176694,0.0587628440068095,0.018417943440811158
2008-07-31,-0.0158457765463267,-0.0298508093395462,0.0291308094381403,0.0093167823800273,0.0015581533085684,0.008242503625391695
2008-08-01,-0.0062893160869639,-0.0145748282942533,-0.0259859638286295,-0.0049231967688618,-0.0375266367895252,-0.014707792810348397
2008-08-04,0.0045569581493645,-0.0057516314258532,0.0014295491759415,0.0173158300977172,0.0,-0.003327651211924243
2008-08-05,0.0395665920939298,0.0227271812449674,0.0390103664945586,0.0340427518058501,-0.003232327807417,-0.013767666300242842
2008-08-06,0.0630301947294487,0.0505048891104931,0.052655479223123,0.0576131260299712,0.0447911682657093,0.03085158026520851
2008-08-07,0.0022808739209041,-0.0088462271426705,0.006959662677763,0.0,-0.0013581049577209,0.00284721103441421
2008-08-08,-0.0120591499991061,-0.0240591402854266,0.0172785045898331,-0.0355753126229169,0.0382671762406978,0.0005838901915715677
2008-08-11,0.0244124770300924,0.0226643296570907,0.0339702802673491,0.0247839277775328,0.014967368649297,0.0
2008-08-12,0.0006746560560175,0.0291603671526181,0.0061602054350264,-0.0174356260727691,0.0176959638503442,0.01447449672718304
2008-08-13,-0.0103347919273018,-0.0336230486236143,-0.0404082602407305,-0.0274752968233356,-0.0201048304688639,-0.020178471427528044
2008-08-14,-0.0124858997995298,-0.0148555554532492,-0.0433857732421393,-0.0158917682040612,-0.0151574123376606,0.005960775056066847
2008-08-15,0.0045977937552017,-0.0059522799880504,0.0137837165436804,0.0107656752663261,-0.0174549372779457,0.0001482135633936732
2008-08-18,-0.0007114329309653,-0.0079840117787418,0.0065792230167598,-0.0076925043085941,-0.0330468071136647,0.0028279896883345312
2008-08-19,-0.0270524987994404,-0.0301811559734946,-0.0300653759201171,-0.0369709602287711,-0.0399051434043821,-0.0237730934884135
2008-08-20,0.0024387420170706,0.0,0.0049417028790974,-0.0074299938726239,0.0150205719648257,0.013141006436475644
2008-08-21,-0.0121654985419357,-0.0228216711343003,-0.0317390382632929,-0.0274486677658117,-0.0370971890633057,-0.010900624404698855
2008-08-22,0.0192119815563891,0.0,0.0156968663880743,0.0051312821945868,-0.0168419481888703,0.011549451794413468
2008-08-25,0.0306909386653169,0.0229302892635148,0.0445455003100387,0.0153159320167834,0.0182011180449184,0.018797015872620726
2008-08-26,-0.0070337247087309,-0.0078875574644036,-0.0100084065772987,0.0131992501797486,-0.0315458069115047,0.0002107024636921473
2008-08-27,-0.0170012757656818,-0.0016734295712993,-0.0021979320081909,-0.0024814098505917,-0.0964169419193777,0.0010990856218229261
2008-08-28,-0.0127312774601022,0.0058672172829423,0.0193833205195645,0.0074629933907437,0.0112953619468076,0.011765602842286782
2008-08-29,0.0316300949656394,0.020833531475892,0.0177181957960157,0.0253082521635694,0.0465782133598307,0.014341563103781763
2008-09-01,0.0051886222466905,0.0061228205350967,0.0059447711867655,0.0024083663196927,0.021571312995791,-0.0006864356162021856
2008-09-02,0.0103238944529606,0.0060848519708147,0.0151963430579928,0.0192191373665935,0.0304512268396464,-0.0001367867019536062
2008-09-03,0.0067345446101554,0.0181455584237244,0.0083158454251883,-0.0100177406787711,-0.0138049298139207,-0.010560783240741833
2008-09-04,-0.0103800627662762,-0.022970591198952,-0.0094841462109356,0.0071430727183006,-0.0356520916511572,-0.015714186953137088
2008-09-05,-0.0305364508450565,-0.0433724293409468,-0.0278935139407476,-0.0390072881663579,-0.0474030400552555,-0.020527384605988463
2008-09-08,0.0788650660604446,0.0635597775480172,0.0526765308647887,0.0824111371274325,0.1502379682392365,0.03957062196213168
2008-09-09,-0.0234008978540249,0.0155373451076055,-0.0154595911274313,-0.0107957085348757,-0.0726554249359588,-0.017211750416123106
2008-09-10,-0.0073024924779786,-0.0160846938682387,0.0020658038057899,0.0114875935532772,-0.0290180354798745,-0.01484912846052433
2008-09-11,-0.0344828933944627,-0.0478472338886739,-0.0408244145635188,-0.0431573536845208,-0.0342531270456527,-0.01857943809435303
2008-09-12,0.0235715524348063,0.0033501496322239,0.0111775639057634,0.0237389913806849,0.0476079616248505,0.018672356327643636
2008-09-15,-0.023493793359239,-0.0475789267500826,-0.0157309769840411,-0.0220288223257932,-0.1033855992644876,-0.016802582820032996
2008-09-16,-0.0066699474950699,-0.0403153951693646,0.0047517191326442,-0.0302314416173355,-0.0674101914565242,-0.013736705270621652
2008-09-17,-0.0143884804883058,-0.0547946369533985,-0.0107482477865961,-0.022004669930756,-0.0779888931324236,-0.005882428123182626
2008-09-18,-0.024817335284798,-0.0531400287574457,-0.0438942058963884,-0.0343749686190798,-0.2322429972491151,-0.02422820409803128
2008-09-19,0.0653694956340655,0.1734692212333819,0.0700001741656926,0.1462785120748222,0.3781190326494288,0.04272910236604344
2008-09-22,0.04449595737338,0.0565217858526758,0.0492775558744342,0.081309741409953,0.0529247770462006,0.04551758124077976
2008-09-23,-0.0085201234690011,-0.0181071048603712,-0.0080967977676961,-0.0579635891890464,-0.0449735520778408,-0.01930095960938827
2008-09-24,-0.0004521279055398,0.0729253161273466,-0.0008165676137907,0.0332598438762719,0.1080332660579834,0.012058660422700207
2008-09-25,-0.0033937926394256,-0.0238279488990729,-0.0253266715231198,-0.0064379600340744,-0.0187501503326517,-0.01092561812392312
2008-09-26,0.008626607709453,0.0324128762068594,0.0050295037602485,0.0259178503868349,-0.0239489359233139,-0.004549022021821725
2008-09-29,-0.0126038813393409,-0.0042637187413041,-0.0346121640807947,-0.0110525652562012,-0.0289739585397391,-0.019812817111743874
2008-09-30,-0.0284936437497962,-0.0556635925088342,-0.0721385558900344,-0.0021288791206819,-0.0053765009979462,-0.04299742286739916
2008-10-01,0.0525576748790479,0.0593569783039522,0.0824024022923308,0.0293334488989007,0.0337838357681878,0.042183606470921786
2008-10-02,0.0120376979070468,0.0,0.0111828262852291,-0.0165803073452449,0.005490429018228,-0.006976905998367977
2008-10-03,-0.0085903258481825,0.0175096567470509,-0.012760501842448,-0.0142254237183466,0.0166404607047128,-0.01342442193770299
2008-10-06,-0.0224396165103503,-0.0229443852573356,-0.0305904230485287,-0.0352752874703189,-0.1048595534280766,-0.03301857859990631
2008-10-07,0.0261360573387916,0.0176124514114646,0.0342222477794829,0.0055402468475358,0.0228573129095472,0.017243278793604766
2008-10-08,0.0,-0.0634617457908872,-0.0687577959881534,-0.0633613996592568,-0.0921786092734296,-0.04993403390854012
2008-10-09,-0.0609079814890899,-0.02546200307603,-0.0078451438507487,-0.0205878862286433,-0.030769449090622,-0.015247662243900506
2008-10-10,-0.0672169176157068,-0.1234720405289426,-0.0609302303155357,-0.0810812820309399,-0.0946031876355423,-0.08338215123845472
2008-10-13,0.0670039551187777,0.0769225930113097,0.0896481809683698,0.1307190071319524,0.1132539951692066,0.055571501283950164
2008-10-14,0.0556870796802451,0.0727683261441667,0.0336365247884304,0.0549136151405571,0.1215747832290847,0.036951099251696595
2008-10-15,-0.0179573397144978,-0.0129005613343273,-0.0017589576020933,-0.0027396576210937,-0.0221848562649682,-0.008093952785858116
2008-10-16,-0.0308572538887313,-0.0430018064473104,-0.0308372111843968,-0.0478020863981217,-0.0795519259982673,-0.06664410770494278
2008-10-17,-0.0233490710451209,-0.0484584130248737,-0.0236363720952204,-0.0276981533551181,-0.021529027495703,-0.01061957597226526
2008-10-20,0.0432263897692106,0.0638892316067689,0.0684360694504644,0.0522256403522758,0.0172192973277531,0.04321670954493051
2008-10-21,-0.0002312420078444,0.0731070661272736,0.0074072507007012,0.0631699146725306,0.0755488347109181,0.03867854111172897
2008-10-22,-0.0300996932515337,0.0401456527447732,-0.0462801596215939,0.0079575014911101,-0.0384727197324308,-0.03401497137824738
2008-10-23,-0.011697485761247,-0.0058476283736546,-0.025850595747902,-0.052105287162497,-0.0300090201845441,-0.043735116822685605
2008-10-24,-0.0135266735333552,-0.0313726965882138,-0.0381746634643432,-0.0255415371268499,-0.1015625905099006,-0.02640089083462349
2008-10-27,-0.0200781767474975,-0.0315792949628193,-0.0324300532186856,-0.0313391604694658,-0.0608695665522681,-0.015569734785725209
2008-10-28,-0.0159918790799505,-0.0426416760203905,0.0255128766966463,-0.0041171589139984,0.0188889322967538,-0.0038356251591544765
2008-10-29,0.0233623283986064,0.0069865897728058,-0.0117072541871563,0.0183103894356166,0.0359869855794885,0.013436436548385444
2008-10-30,-0.0027298964595949,0.0490028519127561,0.0019741394212648,0.0185616380540163,0.0182454504839677,0.04044488586202544
2008-10-31,0.0027373691940664,-0.0082682194821364,-0.000985189577404,-0.0113896888913821,0.0130946884254226,0.004375165725974517
2008-11-03,0.0382126213299984,0.046270144043879,0.0586783020868879,0.0656683285321328,0.124149316101523,0.05064775877350125
2008-11-04,-0.0009553637872425,0.0167325433231839,0.0386590818191507,0.0162163128004204,0.0287444882961487,-0.0015076783906610158
2008-11-05,-0.0191387391495386,0.0148904851001148,-0.0018538008743415,0.0106382434705796,0.0294115222723687,0.03064848968556988
2008-11-06,-0.0292684905901654,-0.0463322609005808,-0.0250697851824908,-0.0717414458304666,-0.0914285580981922,-0.04143658935603933
2008-11-07,0.0067839437620424,-0.0651918529622905,0.0,-0.0389380557405742,-0.0522011666460798,-0.021710334788937358
2008-11-10,-0.0516598740401639,0.0,-0.0519047690170175,-0.0239409568177968,-0.0109488059745094,0.014016084275054519
2008-11-11,-0.0628945590699893,-0.0902933222478336,-0.0306377115940215,-0.0138365569889813,-0.1006373572212561,-0.03575175530627073
2008-11-12,-0.0143217141564547,-0.0109179340092647,-0.0103628794123312,-0.0178575104178227,0.0052219615571835,-0.0082402532184922
2008-11-13,-0.05982901675075,-0.0265935164705508,-0.1115182133949505,-0.0876620673529543,-0.1243042800741422,-0.058575319344815635
2008-11-14,-0.0272727760081781,0.020103276331514,-0.010017667011626,-0.0192172150847832,-0.0368643402564112,0.013760084752668877
2008-11-17,-0.0239874859848971,-0.0434562571537162,-0.0285715473489637,-0.0391870456351119,-0.0937089911456553,-0.025370080828948982
2008-11-18,-0.0392597221273983,0.01162194168009,-0.0471812470155453,-0.0151059149092092,0.165048692412425,-0.03523104521929188
2008-11-19,0.0275747742620582,0.0276758994437902,0.0450161073668757,0.0598161681169058,0.0483334637442243,-0.006685417753118372
2008-11-20,-0.0523761559140384,-0.0436992290526612,-0.0400000312575946,-0.0593343417233137,0.0731318110256937,-0.04191446694609646
2008-11-21,0.0559536361738679,0.0095646028103095,0.0480770310884464,0.0276924338106785,0.0022222465596861,0.018954536063026106
2008-11-24,-0.0235865969247416,-0.0105264819186546,0.0091743005260864,-0.0344313429392791,0.080486727236964,0.003235504147969248
2008-11-25,0.1250824225137141,0.0569151077723404,0.080606038310987,0.1279071946496972,0.0762251246817906,0.05788428415761526
2008-11-26,-0.0394114810921777,-0.015098200175269,-0.0689848446800125,-0.0343643947893074,-0.0198988377974057,-0.022960052499107042
2008-11-27,0.0027556978500729,-0.0291261859153851,0.0090361335185973,-0.0035585800488182,0.0165177072337334,0.01355648322124825
2008-11-28,0.0409161435725988,0.0526316755341014,0.0680595431260695,0.0571425187679572,0.0054163649284668,0.04308236902699791
2008-12-01,-0.0319741948945669,-0.028500178697513,-0.0531020932839025,-0.0283784567320446,0.0141412581376978,-0.016385268939561493
2008-12-02,-0.0530304364726088,-0.0365418278099223,-0.0495869385522793,-0.0299027338196363,-0.1298141294428619,-0.04154948001831382
2008-12-03,-0.001600109281494,-0.0069440620945357,0.0248448508072238,0.0150540344589156,0.051888336827822,0.0015823594643009642
2008-12-04,0.0128208744056526,0.0467990970905274,0.0266667107903897,0.0183615287702505,0.0264782553081857,-0.0003960294850339219
2008-12-05,-0.0221518794071099,0.0179857765082178,-0.0053130870619005,0.0124828097828968,0.0628973529676921,-0.012034693999267265
2008-12-08,0.0614884695689428,0.0580515898668805,0.061127758030155,0.0226028289100801,-0.0059839889619092,0.04059280851008795
2008-12-09,-0.0853662141422687,-0.0505726373096526,0.0,-0.0555926442200135,0.0050167931134046,-0.007496053073216102
2008-12-10,-0.0499995251772467,-0.0150753730103178,-0.0844519416439041,0.0035460499522319,0.0149751824057884,0.010174600656318145
2008-12-11,-0.012280732161809,-0.0127550749932061,0.0109957110908909,0.0190809538679046,-0.0163936929682811,-0.011683990824740143
2008-12-12,0.0,-0.0129200130461498,-0.0314197499604853,0.009708764281002,-0.0583332339880602,-0.02435097520992935
2008-12-15,-0.0035524767315059,-0.0047118658300822,0.0249530206892749,0.030220134858973,0.0442476970709049,0.023154240157733375
2008-12-16,0.0392157408800606,0.0099947557044552,0.003651852126653,-0.0426668995512331,-0.0508471183414106,-0.009786055708462804
2008-12-17,0.0,0.0062499832017037,-0.0466948357024431,-0.045961008677822,-0.0203572002505876,0.004078334482656487
2008-12-18,-0.090909219883087,0.0258800044700107,0.0139948120750439,0.041605769419093,0.0127597263121939,0.00295784439716007
2008-12-19,0.049056487302209,0.0090818865126234,0.0859471200169843,0.0259285588528901,0.0284377195663247,0.009637157248662875
2008-12-22,-0.0266183612568507,-0.0195001002449461,-0.0306178882818126,0.0150274977913325,-0.0322019348511561,-0.01612359620689796
2008-12-23,0.0033258121690034,0.0254974201731603,-0.0166865857939755,0.0006726997276409,0.0307415959760615,-0.0049438373312581385
2008-12-24,0.0,0.0,0.0,0.0,0.0,0.014416436097191898
2008-12-29,0.037937061428042,0.0377916359716719,0.0151514964945498,0.0289171972028443,-0.017192907142411,0.01085558427846589
2008-12-30,0.0255502696620968,-0.0004790942105451,0.013134236615188,-0.0032677643427531,0.0285609826620705,0.009126704521905005
2008-12-31,0.0,0.0004793238518274,0.0,0.002622898301378,0.0,0.018651015311822228
2009-01-02,0.0103808547331436,-0.0225203683538793,-0.0123747651320087,-0.0071942457953684,0.0121488279052934,-0.0022861704829989504
2009-01-05,-0.0205480061035567,-0.0083333407398965,-0.0071598963974356,-0.0072463780199705,0.0240052265356212,-0.0072056125376849245
2009-01-06,0.0304193551496769,0.0252101755711118,0.0234376257963684,0.0218975619375629,0.0401878323447164,0.015093848076429772
2009-01-07,-0.0176450524584219,0.007232399082045,-0.0093953221880731,-0.0032463810043151,0.0866063195502457,0.009896900601914504
2009-01-08,-0.0134716136151794,-0.0014361067686295,-0.0177830267501885,-0.0084692355928213,-0.0370369640184061,-0.022605712379734744
2009-01-09,0.008403437734147,0.006711536835025,-0.0042244206212176,-0.0013138263781642,-0.0344613609344117,0.011220982668822543
2009-01-12,-0.0166668169101636,-0.0171426776329151,-0.0036365900386383,-0.007894994097115,-0.0210325310064042,-0.014033297443232007
2009-01-13,0.0024719532284058,-0.0140506452199918,0.0066911453300204,-0.015251916813098,0.0,-0.007790884827740818
2009-01-14,0.0010566690041196,0.0157249569061201,0.0120846549641913,0.0323230131337251,-0.0035806660413818,0.008862313811328848
2009-01-15,-0.0390571012720324,-0.0517660318891862,-0.0352238378711087,-0.0495758411286443,-0.0561909973707247,-0.0426970499997964
2009-01-16,0.0014650007912218,-0.0127550749932061,-0.003094212674257,-0.0185309246603128,-0.0249222522376435,0.006063647032809927
2009-01-19,0.0029247913554468,0.004651348852966,-0.0012413847355474,0.0090910128876899,0.0003552632550176,0.01080736100896873
2009-01-20,-0.0393730116491334,-0.0540124635923732,-0.0366686160167123,-0.0505893598586932,-0.0432930040354877,-0.0313938659028663
2009-01-21,-0.0280833036078702,-0.0424141284767706,-0.0309677832680362,-0.0386859350177249,-0.0441397913153573,-0.009743273169952604
2009-01-22,-0.000390606777216,0.0283927307056879,0.0332888213106485,-0.0129082721461288,-0.0065965346125225,0.012794803609573302
2009-01-23,-0.0597659069324884,-0.0646051515492708,-0.059278282613651,-0.0723079458924927,-0.041015867559723,-0.041330033358441876
2009-01-27,0.0278358072900508,0.0218415771218403,0.015068300851819,0.0281928107624154,0.0285133576589724,0.03030221396083932
2009-01-28,0.0634602735062326,0.041016885049476,0.0519566760079588,0.0653222046297652,0.0376236567082504,0.014969146562543667
2009-01-29,0.0224248712192189,0.036625912987267,0.007056124490272,0.0045421629652224,0.0293891181431262,0.00875886083286459
2009-01-30,0.0,0.01338341855292,-0.0038218131774584,0.0,-0.0363365975649365,0.004124334424359333
2009-02-02,-0.0167285689712045,-0.0116222363895613,-0.0210997219748804,-0.0007537790291483,-0.0496345389494434,-0.010970006273419375
2009-02-03,0.0982987693587389,0.0448960502555955,0.0711952204254617,0.0331827056139004,0.0012149289445035,0.0032100733731057485
2009-02-04,0.0044748412372515,-0.0051151362231404,0.0042683658158144,-0.0306568292436866,-0.075212245264483,-0.02016430490821397
2009-02-05,-0.0068540047386722,-0.0416449093838151,-0.027322606180242,-0.0707832816626347,0.0550940453193364,-0.002725009483033003
2009-02-06,0.0248443856505469,-0.0075109455746387,0.0299629170210182,-0.0032414264204508,-0.0306674993134283,0.012053407481244394
2009-02-09,0.008081114386788,0.0216217418379147,0.0012120427595818,0.0130079726350278,-0.0089780557552793,0.011175477020506142
2009-02-10,-0.0113560375812443,-0.0079363574195278,-0.0205809363377497,-0.0008024760958623,0.0207075265169276,-0.0054384046207214265
2009-02-11,0.0108108808778795,-0.0026669876116811,-0.0006181246290251,-0.0345378447700076,-0.0173290080680401,-0.004080703427361332
2009-02-12,0.0344251456496313,-0.0053476422416898,0.0296842496924152,-0.0108157467062388,0.0064518829334987,0.0114727866363602
2009-02-13,0.014539679985106,-0.0080642149813461,0.0180181540612727,0.0899918013050209,0.0290595506324864,0.012775411171235707
2009-02-16,-0.0214736930833138,0.0065038957834553,-0.0005897451322615,0.0015431301507864,0.0,-0.009751209427853347
2009-02-17,-0.0205941891745573,-0.0371566637150129,-0.0094450883179474,-0.043143119639276,-0.0282389397334932,-0.014745336808493437
2009-02-18,0.0051705722337125,0.0145412834554552,-0.0178785550496293,-0.001610222595109,-0.0465811906572104,-0.014370482252670236
2009-02-19,0.0236624822056474,0.0143331727440212,0.031553284535424,0.0161286042195223,-0.0188258995734553,0.010490597429891224
2009-02-20,-0.0093799711172036,-0.0211953853511071,-0.0364704007032223,-0.011904601662136,-0.0566467841027892,-0.013492727186068643
2009-02-23,0.0003378820957018,-0.0116606762193218,-0.0036632316908574,0.0008031205809306,-0.0363196186860431,-0.011393333538302186
2009-02-24,-0.0111560769556885,-0.0134829551990035,-0.0042890557300245,0.0136439220562079,-0.0447237582309444,-0.004527218848158099
2009-02-25,-0.0041023512287177,-0.0130979869754814,-0.0043075309704154,-0.0102927712697896,-0.0278796199646635,-0.000964010282776484
2009-02-26,0.0230002664202786,0.0103865446369597,0.0290477764975611,0.0439994864389299,-0.0535717138830311,0.005570744433722963
2009-02-27,0.0,0.021130813297514,0.0144147825557068,0.019923704375355,-0.0291594532471741,0.0001466047668761128
2009-03-02,-0.0432887353856341,-0.020693541926599,-0.0349321684590777,-0.0157775070819913,-0.0724381941320091,-0.027691801997085985
2009-03-03,-0.0077163068996645,-0.0108508010278658,-0.0141100256359658,-0.010687241357455,0.1047617865723231,-0.008921678000930133
2009-03-04,-0.036055415475929,-0.0069286288897137,-0.023024473133176,-0.0393519185411662,0.0287357187192061,-0.015077378216832305
2009-03-05,0.0022004713636589,-0.0250001459583169,0.0057322344771191,0.0160645464961068,0.0111731473670588,0.007603781532269371
2009-03-06,-0.0120746013498975,0.0017894242829266,-0.0056995632441864,-0.0229254628300678,-0.0464087452731381,-0.010748522838695096
2009-03-09,-0.0133333759896363,-0.0458336498417043,0.0127389189296303,0.0137544148959209,0.0,0.002867866838575761
2009-03-10,0.0427926821268611,0.015595725061831,0.0345908313105081,0.0167596681885098,0.0127461910719739,0.00984309293351715
2009-03-11,0.0298773111982593,0.0012286837252264,0.0255321228244918,0.0321822821852626,0.044622336481694,0.018841060800078635
2009-03-12,0.0020975635284214,0.0263806028512374,-0.0160046488030988,-0.0220533904027019,-0.0388824784760249,-0.0027234540587202094
2009-03-13,0.0551095862377604,0.0627613001285667,0.0210841585506569,0.0489889983501905,0.11168027445587,0.03423447429996096
2009-03-16,0.0247934023472402,0.0320583846420974,0.0106196077220952,0.0415124405593638,0.0271656608448904,0.0011700240887313473
2009-03-17,0.0474192350618025,0.0316076848894932,0.033858538960767,0.027046577644662,0.0903193654712755,0.030987911541674906
2009-03-18,0.0070839647501608,0.0137347138802044,0.0016939565152578,0.025640526360199,0.0356980671556541,-0.0015789077753727288
2009-03-19,0.0397550014210237,0.0161544652683103,0.0259304333833634,-0.0027026490801346,0.0870527395563578,0.009870722094885931
2009-03-20,0.0,-0.0194874224477317,-0.0016484890060148,-0.0142273806676688,-0.0447155918093415,-0.004111142433831927
2009-03-23,0.0317648155517702,0.0350419391292498,0.0429280617954206,0.0481098221501845,0.0127659604589509,0.02517221402341252
2009-03-24,-0.0199542673273409,0.0015160011735602,0.0100261037468978,0.0163934671133469,0.0504204419130718,0.008360761719536702
2009-03-25,0.0290864498805605,0.0277495011897279,0.0250782769400121,0.0451614056954496,-0.04800024818752,0.008368852091121814
2009-03-26,-0.017806731745275,0.0304369203288945,-0.001019172837073,0.0370366811196054,0.0470588461418837,0.010377103076419925
2009-03-27,0.0071942698238383,0.0047644825711727,-0.0234694899610742,-0.0148808270419239,0.0216692296588398,0.007042495448143171
2009-03-30,-0.00857114199733,-0.0142249423118776,0.0031348592554278,-0.0422961085506105,-0.0180672142970957,-0.018415613499271566
2009-03-31,0.0008643007595581,-0.0331889290270366,-0.0057291602251505,-0.006309062617734,0.0819995264142967,-0.006051179898307502
2009-04-01,-0.002879556260208,0.0109449545129427,0.0172866509434463,0.0082539840709485,-0.0240294822201234,-0.0006733843300957831
2009-04-02,0.0207910414503305,0.0580708511441794,0.0247162330042058,0.0289673523800233,0.0670454599155983,0.028077272803985753
2009-04-03,0.0200853183215725,0.0623257014206222,0.025125865748774,0.0648710678512185,0.0454384877137818,0.015167099953274699
2009-04-06,0.0210759328261378,0.0332750757794988,0.0147060553631601,-0.0114938808121518,0.0526317090093564,0.005609637390956657
2009-04-07,-0.0135793822646096,-0.0228812659830526,-0.0193234661254572,-0.0116283356572981,-0.0487095308284243,-0.01338363505081619
2009-04-08,-0.0399231584834325,-0.0442324674926437,-0.0142857580732868,-0.0411762940940722,-0.0590032327099936,-0.023422248034928317
2009-04-09,0.0209349741961095,-0.0086207665742827,-0.0005000033316632,0.0196321335487004,0.0410810572653554,0.014508859062205781
2009-04-14,0.0269663844084724,0.0283754775933502,0.0335003469202825,0.042118113120473,0.0903427235227027,0.02215882645609657
2009-04-15,-0.0082057166189537,-0.0307075704519091,0.0019351076970768,-0.0190531888337472,-0.0142857821818568,-0.0014359141843042211
2009-04-16,0.0137895290762788,0.0073462536123722,-0.0159346173000106,-0.0105946633719827,-0.0048308518781177,0.0075232482443921
2009-04-17,0.0065287958947977,0.0091157225331153,-0.0078506393999575,-0.0065437250488011,-0.0032363361127575,0.0002676565537229614
2009-04-20,-0.0135134965260134,-0.0040653282257715,0.0019784254100083,0.0209584042340014,0.0113637514381397,-0.002025220074955092
2009-04-21,-0.0169865976912925,-0.0403628606146844,-0.0256666782828359,-0.0398829282226808,-0.0478330221808301,-0.02430857384071794
2009-04-22,0.0170010501387551,-0.002835300893473,0.0126648202739021,-0.0012218385844764,0.0212409539798843,-0.00251132982705915
2009-04-23,0.0137025538481316,0.045023500575005,0.0255129161567826,0.041590390574876,0.0689994714864574,0.020400655738231688
2009-04-24,-0.0278452773495415,0.0090704400783645,-0.0136587038023083,-0.0070467671796164,-0.0166772569811791,-0.00821586450966938
2009-04-27,-0.0058400874556467,-0.0094382235737386,-0.0108804919391866,-0.0035481637120715,0.0056535424843431,0.005202105922321287
2009-04-28,-0.0075522883615879,-0.0344829397351906,-0.0149996038099262,-0.0130561592040637,-0.0068706499158304,-0.0062122737411420825
2009-04-29,-0.0273392509947146,-0.0347743596462384,-0.0431472758527068,-0.0739629703764533,0.0018868839951802,-0.0034759271191436847
2009-04-30,0.017386257579159,0.0043818696307549,0.0185674121444492,0.0324680015730565,0.0508469178143653,0.023038678702237636
2009-05-01,-0.0017089204448642,0.0063014908685543,-0.0130206202810486,0.0062891414617822,0.0,-0.0028698256439670944
2009-05-04,0.0442224949688856,0.0452791803282652,0.029023439764205,0.0387500550767383,0.0161293868651817,-0.010137972241424653
2009-05-05,-0.010382427187668,0.0023042326190667,0.0,-0.0042119179274573,0.0370371864426919,0.04274451747892871
2009-05-06,-0.0055221347990375,0.0055174832842885,0.0235897841311163,0.0054379771431665,-0.0249435760773176,-0.005980712703174684
2009-05-07,0.0016659931530349,0.0114307739607528,0.0175349239371627,0.0278123502284799,0.0232558589360629,0.019688999579893895
2009-05-08,0.0182923138555732,0.0298374610929013,0.0142791672450035,-0.0084187828083395,0.0085227286152631,0.0007675869866552443
2009-05-11,-0.0016329225938505,-0.0079016775368125,-0.0072819745732523,-0.0163733114411522,0.0824359361687596,-0.003857385353356557
2009-05-12,-0.0021808515713037,-0.0327435324059317,-0.0034229794842909,-0.0154131979889547,-0.0555845533793419,-0.012411289721278917
2009-05-13,0.0038247862536684,-0.0064043224104006,0.0107953223530596,-0.0162804626279834,-0.0306832702556921,-0.005443096179703066
2009-05-14,-0.0345667534500292,-0.0248615898479808,-0.0194177564118726,-0.0216424154681033,-0.035683658226214,-0.03442382877691863
2009-05-15,0.0098672128664161,0.0136917555312889,0.0123760978928328,-0.0065059959847676,0.032527547835756,0.01341127705603773
2009-05-18,-0.0089335257731653,0.0,-0.0186021315553006,0.0019645078116083,-0.0309250246340863,-0.007896537273285542
2009-05-19,0.018309859594296,0.0251517992673566,0.0276637214671604,0.0176471917814444,0.0199823838181072,0.021861206584571136
2009-05-20,0.0013833756829648,0.0004539627066215,-0.0184446099272659,-0.0012845954306912,0.0017544341188695,0.0019176683122135163
2009-05-21,-0.0165748219190018,-0.0168026796728391,-0.0126967882052309,0.0051447535227375,-0.0002918036451053,-0.0027368596387468136
2009-05-22,-0.0025279741086875,0.0050808121568943,-0.003085951693004,-0.0140755186116259,-0.0221898474387641,-0.013715695367551684
2009-05-25,-0.0199944962524117,-0.0280332738935381,-0.0361200795387761,-0.0136272610709067,-0.0659896615342341,-0.006293188115520265
2009-05-26,0.0186781614682043,0.0231682573646772,0.0246252336163739,0.0243418813273168,0.0070329139506077,0.013519759149594135
2009-05-27,-0.0090267043700901,0.0046208544932904,-0.0177636670719457,0.0,-0.010158683663819,0.0033365968339522656
2009-05-28,-0.0335896368622131,-0.0050599068827269,-0.0191491810589145,-0.0122030242531806,-0.0205258832828291,-0.011949715892087265
2009-05-29,0.0350516675873993,0.0180304180204879,0.0233191202412585,0.0338104105699035,0.0363459302372506,0.01658824913365531
2009-06-01,0.0290262798445724,0.0227067740988267,0.0037095194177396,0.0182389561781288,0.1181671691312449,0.020101615264433548
2009-06-02,0.0047017740465649,0.012433566126071,-0.0095038181752379,-0.0129711060361579,0.0257136336631387,0.015643277939243472
2009-06-03,0.0129369491079038,0.0135962439660335,0.0218550202765575,0.0237795524098121,0.0068869859347227,0.01565576900171095
2009-06-04,-0.000271860418423,-0.0064165236346781,-0.0015649333295879,0.0293402673167351,-0.0095761014461152,-0.01897249461396855
2009-06-05,-0.0076106097620517,-0.0117066948503954,0.004702545721668,-0.0320669570428402,0.0187845944649764,0.0092811001764459
2009-06-09,0.0131470661924351,-0.0113893295591797,0.0062397503303466,0.0067486295373628,-0.0010844057551145,-0.009141144225958242
2009-06-10,0.0262230322636543,0.0193547472620438,0.0227392737946816,0.0249848545050028,0.0491313552045311,0.02294266382164234
2009-06-11,-0.0136985629981145,-0.0045207311429554,-0.0025268002905995,0.0035672407392151,0.0188873036151009,0.0056694575900984034
2009-06-12,0.0096156553735484,0.0,0.0091185982753234,0.0248812691839397,-0.0055864849439478,0.0037005343567266813
2009-06-15,0.010846537843058,0.0077200517394362,-0.0025097526573933,0.0,-0.0022983002355579,-0.007504696521238308
2009-06-16,-0.0028788950088448,-0.0126181181707588,-0.0005033502189989,-0.0289017653554567,-0.0376247824213483,-0.017172313251366034
2009-06-17,-0.010498723062288,-0.0082151859920127,-0.0130915819947434,-0.020833290601083,-0.0438829530067591,-0.014726053986904408
2009-06-18,0.0098141808015419,0.0147259085262687,0.0158162246157589,-0.0060789291197344,0.0283723173725549,-0.003087170250290816
2009-06-19,0.0112951975455279,0.0022675718926072,0.0100449816126422,0.0122324428341367,0.0075739190227723,0.0020469210926599146
2009-06-22,0.0051945924141094,0.0176470204022631,0.0009948092794984,0.00181271879115,0.015301856742629,0.00477290390971663
2009-06-23,-0.0382425719058469,-0.0355712781815074,-0.0452060763559534,-0.0331723269062145,-0.0544682545596506,-0.03094865929145807
2009-06-24,-0.0051052748337733,-0.0110651592681974,-0.00052050149355,-0.0018716750589682,-0.0103467817562565,0.004688594096916132
2009-06-25,0.014043019243455,0.0023313780759517,0.0156168116953943,0.0031250259598369,0.0155411051086218,0.01287157455606125
2009-06-26,0.0295605083188585,0.0372091371413896,0.025115283455118,0.0218068808141407,0.0509181393649667,0.012410395692017406
2009-06-29,0.0067255497443987,0.0031392404879506,-0.0109996909245123,-0.0115853564276534,0.0007944390139167,-0.004338605991590194
2009-06-30,0.0020556188242375,0.003129054658951,0.0237611059202518,0.0172729901683856,0.0343915525050881,0.017490222302290137
2009-07-01,-0.0233336888445465,-0.03342260689336,-0.0281478132852204,-0.0145539219344726,-0.0421994614851113,-0.020448657314125485
2009-07-02,-0.0175900371075551,0.0073767521131278,-0.0050814070669645,-0.0073844334349794,0.0146862385184232,0.0008445155544820615
2009-07-03,-0.0061464083901398,0.0,-0.0132791098336841,0.0012395387688906,-0.0260529387516422,-0.012658929418409404
2009-07-06,-0.0037642278175518,-0.0009156273195531,-0.0124222665420007,-0.0105262363772671,-0.0175623910106772,-0.011616437602889551
2009-07-07,-0.0016194983028475,-0.0073291361682531,0.0010486415625328,-0.0050060837448911,0.0024749477216019,-0.0044442589933172405
2009-07-08,0.0072994143020426,0.0193815422385617,0.0010465084549011,0.0251568179476775,-0.0030176057810357,0.00028174698654925834
2009-07-09,-0.0042942818915906,-0.0009053741421236,0.0020920561552391,-0.027607219990917,-0.0154102111245048,-0.001225991326499476
2009-07-10,0.0094338147053172,0.0140461689179718,-0.000521680420753,0.0113567329307751,0.0083845159088797,0.00817139576420578
2009-07-13,-0.0194924291852155,-0.0196601313934533,-0.0125326051148141,-0.0174674829183452,-0.019678152040892,-0.014921502884739146
2009-07-14,0.0430282213201187,0.0483133733142449,0.0391325404131628,0.0399999593677402,0.0460841412972425,0.03469455206118943
2009-07-15,0.0135770690370655,0.0152172028449302,0.0157761719464464,0.0073260538372956,0.0245944058715952,0.014838072895265286
2009-07-16,0.0151984587131341,0.0256961462482563,0.0110219187219657,0.0090910596214193,0.0303348899023274,0.01811846715853216
2009-07-17,0.0020297233414474,-0.0066807140935556,0.0039645157570789,0.0066065425467474,-0.0289296773489211,0.0012867465471506634
2009-07-20,0.0103823547194412,0.0037830200512765,-0.0009871998692023,0.0065632560317505,0.0071182733578565,0.012378839703928168
2009-07-21,-0.0037593559246992,-0.0125629191076361,0.0034581257167307,-0.0059277312275501,0.0157071311648802,9.564559876840129e-05
2009-07-22,-0.0163524239953677,0.0,-0.0241257080656391,0.0077521638323156,0.0283501751735617,0.004389171788329538
2009-07-23,-0.0043476719120976,-0.0521623761651177,-0.0105952149203039,-0.0076925300788593,0.0476188662110972,-0.0010783048372446924
2009-07-24,0.0210635203131577,-0.0035796078245794,0.0244771798310421,0.0107334830512095,-0.0430617236581492,0.00632214069352921
2009-07-27,0.0105658507709116,0.0071845714354252,0.0064709134108202,0.0076696219165079,0.0487497092197743,0.012179163418401195
2009-07-28,-0.0037340881936008,0.028978961025776,0.0276954230335411,0.0029274967377386,0.0233614437513844,0.007237297472914017
2009-07-29,-0.0029984006832488,-0.0077987904580082,0.0014435657786471,-0.0005838046721472,0.0081525741125485,-0.006417120174012192
2009-07-30,0.0431078067640873,0.0379911009627762,0.0269102108266625,0.0362147329941608,0.0097041853719146,0.011507771415545376
2009-07-31,0.0283519569572536,0.0235592258783943,0.0149740705357714,0.0445323393290442,0.0073224797835558,0.012804711491936294
2009-08-03,0.0198593075665263,0.0254829643370908,0.0189026160299494,0.0253641373395197,0.002726575676287,0.004569396547567051
2009-08-04,0.0197021478998629,0.0356714504791544,0.0045252631558945,0.0300001081710536,0.0122335284845589,0.010770123305585466
2009-08-05,-0.0287573913264156,-0.0158670343357987,-0.0058558844244757,-0.0173735233310116,-0.0353626737793759,-0.01039551817307549
2009-08-06,0.0259082308294029,0.0125833821478729,0.0389668821961375,0.0124805764972417,0.0327146351048566,0.014501278597039757
2009-08-07,0.0022547987510963,-0.0097086788612711,-0.0043611371446422,-0.0046227614523868,-0.0123566749294319,-0.0062151046573075686
2009-08-10,-0.0137232792086945,-0.0015688167437514,-0.0074462131979343,-0.0046440401135942,0.012056534777729,0.0010948024085652985
2009-08-11,0.0020527747824357,0.0219956137213479,0.0158869014819162,0.0207362453936095,0.0220271452082208,0.007686481750039942
2009-08-12,0.0316413039050276,-0.0065334197584541,0.0134668407134197,-0.0045707990388502,-0.0037385381402446,0.002566209485470594
2009-08-13,0.0487642601532056,0.0425533624874931,0.0394339256463613,0.0306123749634481,0.0209712636907852,0.021379086382333767
2009-08-14,-0.0107299619258813,0.0296842695626933,0.0061855193350826,0.0267326859952585,0.0164324382324616,0.005657897638461362
2009-08-17,-0.0124262228054787,-0.0241438251276858,-0.021311480886482,-0.0236261920885126,-0.0348863629213633,-0.014392124685926988
2009-08-18,0.0,-0.0003695448421092,-0.0058624292913964,0.0059260253264228,-0.0196162800636875,-0.0014162626803659872
2009-08-19,-0.0079472821697272,-0.0096048405246625,-0.0084247762859752,-0.0279822498066211,0.0254048858952893,-0.0017690981124521832
2009-08-20,0.0008900411644039,0.0018652260929972,-0.0097704580869583,-0.0090905005565137,0.0010961679786904,0.0008428102291178075
2009-08-21,-0.0317922137811605,-0.0439314158698664,-0.0244531506063694,-0.0300715706014816,-0.0236531019931381,-0.0198679133748193
2009-08-24,0.024340393002203,0.0389405605588186,0.0435355015397056,0.0409876161571349,0.0450872134786501,0.03360477005984652
2009-08-25,-0.0067252689003246,0.0112442680405033,-0.0134848681679418,-0.0005047004422092,0.0210349145510053,-0.003613087808514548
2009-08-26,0.0069964783547058,0.0037068467911329,0.0102518438420036,0.0085859181991072,0.0098799481459033,0.011951224337710231
2009-08-27,0.0029131845814283,0.0110784741275267,0.0147992857188365,0.0175263738354987,0.0,-0.0005096281929966029
2009-08-28,0.0089387816195181,0.0157045888089533,0.0129166355755796,0.0068897358216901,0.0189425745246398,0.009205696140629938
2009-08-31,0.0188259778126507,0.0240919238243446,0.0024678979195806,0.0405670069606685,0.0377935042996717,-0.0005259116474892744
2009-09-01,0.0067391514288839,0.0249296318117357,0.0196967076977157,0.0333489409373579,0.0049213749378318,0.008333362961057134
2009-09-02,-0.017274964169902,-0.0304900858208709,-0.023340321606348,-0.0372728568510081,-0.033692576175475,-0.016767465923354874
2009-09-03,-0.0116457218831153,-0.0229678532427913,-0.0012360846334782,-0.001416279815148,-0.0020268449948264,-0.0018777983596649506
2009-09-04,0.0155625421819569,-0.0159131680082059,0.0041254493676599,0.0009454480875799,-0.0107660650026156,0.0014665237377606832
2009-09-07,0.0045973979926896,0.0036750171123003,-0.0086279108048351,0.0085023907451275,-0.0026693723685036,0.005525166397491121
2009-09-08,0.0204833436289946,0.0377152026499336,0.0169914096050232,0.0281034027772413,0.0376775336662262,0.01572868544672512
2009-09-09,-0.0038432648511378,0.0109385649558635,-0.0110024625843697,0.0113895040151283,-0.0134920265533491,-0.0003404025947235656
2009-09-10,0.0135043891140449,0.0059336682061728,0.0049444403111573,0.0049550183322706,0.0042238302853092,0.010772970624688627
2009-09-11,0.0067683854531215,0.007634087327091,0.0053301816089996,0.0165844515994648,-0.0036051041811426,0.005542870416165524
2009-09-14,-0.0195378748036668,-0.032369550470965,-0.0175365357086368,-0.0295411919272908,-0.0194976690046945,-0.013660889614128369
2009-09-15,-0.0034282864512267,0.0017792138659236,-0.0120384368663171,0.0036343604575677,0.0094303957109453,0.0020450445111044324
2009-09-16,0.0406365202612584,0.0319715578340844,0.0315125716818716,0.0334994679458251,0.0398047842965088,0.02424496046726965
2009-09-17,0.0183879834235027,0.0172120634813899,0.013034658136539,0.0008757671992354,0.0449218640300448,0.013903222000757554
2009-09-18,-0.0040571116759529,0.0104904727190915,0.0016085167260908,0.0144422006590458,0.0177571320629537,-0.00458147286911903
2009-09-21,-0.003870731596529,-0.0107166147059807,-0.0012045245380598,-0.0012941874545792,-0.0020200497520433,-0.0032548911037283412
2009-09-22,-0.0006131197553318,-0.0023698396663626,0.0032155419848238,0.0077753999232772,0.0082810206575691,-0.002926654031718212
2009-09-23,0.0231224642338874,0.0268070219256184,0.0136219536260191,0.0107155886721372,0.0518341943410949,0.015104607742632004
2009-09-24,0.0,-0.0128883175648063,0.0102763385484054,-0.0038164922947293,-0.0130142160810675,-0.006850056486666478
2009-09-25,0.0259998530739944,0.0184130635684538,0.0238652992408496,0.0127712871638829,0.0019342562333015,0.002564574909351025
2009-09-28,-0.0050681982060906,0.0059172972670451,-0.0026743896187547,0.0226990909044819,0.0012281929610948,-0.007512349854827405
2009-09-29,0.0207684050801644,0.0202613671392526,0.0126435788421472,0.0164403323717479,0.0082368986362384,0.016193381328350576
2009-09-30,-0.0067182508361526,-0.0147340636715094,-0.0068103898492571,-0.0137487741637664,0.0219012519193817,-0.0019232561875015541
2009-10-01,-0.0164249853909017,-0.0126787308971491,-0.0129523425236083,-0.0118901985511077,-0.0164991458404943,-0.008960648169979102
2009-10-02,-0.0176817205403847,-0.0171222678234022,-0.0312621969368062,-0.0203320000020424,-0.0522308265468618,-0.0210499495792128
2009-10-05,-0.0064000103712474,-0.0217756612733163,0.0,-0.0216007003198123,-0.0520074963302121,-0.006166798316595168
2009-10-06,-0.0036235694324805,-0.0037672775845366,0.0031872592296626,0.0086579731403044,0.0202119601928956,0.004091063553470109
2009-10-07,0.036363895089378,0.0319703889011988,0.0131054401595012,0.0236052390778773,0.0575471658625796,0.022670303015448257
2009-10-08,0.0325537768463048,0.0443035733448757,0.0309682730637481,0.0373163294339689,0.006601043712803,0.015519946952748276
2009-10-09,0.003586796418751,0.0079744307340692,-0.0068440548249459,-0.0048502265830143,0.0173699483793907,-0.003245419166188146
2009-10-12,-0.0097818179778552,-0.0186709795380246,-0.0107198311533206,-0.0166531834139596,-0.0247389551334559,-0.0027174704939532113
2009-10-13,0.019187007567623,0.0151562926609245,0.0181890363534094,0.0177612592489717,-0.0117898453732663,0.009672211386033691
2009-10-14,0.0246036839678673,0.0139771865998723,0.0186241103975901,0.0064936796855592,0.0169922519857932,0.009498158612555985
2009-10-15,0.0100056216127151,-0.0053258018519728,0.0111941278664493,0.0044348446350381,0.0,0.005953287522733719
2009-10-16,-0.0043228325165672,-0.0053545728272892,-0.0051662240024192,-0.014050209938454,-0.0207964851850178,-0.004792333691058803
2009-10-19,-0.0139290183217436,-0.0221654881173073,-0.0244808001180094,-0.0337949284005839,-0.0174259853678426,-0.009026769782022326
2009-10-20,0.0071547695464355,0.0136007953121457,0.006844430510678,0.0025285908235326,0.0077589690833534,0.011154085923335666
2009-10-21,-0.0085610019997868,-0.0031946270958167,-0.0041543568134949,0.0021019477780406,-0.0104487196528455,-0.0015697395417181292
2009-10-22,0.0020204687481144,-0.0153846513061425,0.0049298695634578,-0.0130034813404632,-0.0163026991582625,-0.005348725641293961
2009-10-23,0.0311700120457576,0.0061848281604266,0.0301888533593583,0.0135997087771675,0.0026364911009721,0.009691709453156117
2009-10-26,-0.004623172769875,-0.0048528375591736,0.0084251444711183,-0.002096865960439,-0.0007510267878052,-0.0059825875262561334
2009-10-27,-0.0148264614813137,-0.0019505132585692,-0.0108974746057726,-0.0021008583693208,-0.0191731059908145,-0.015890391156360928
2009-10-28,-0.0384408493673311,-0.0283387260299208,-0.0194638876594664,-0.0168418355888705,-0.023955623120262,-0.01438850885954479
2009-10-29,-0.0297941224525052,-0.0261484723456352,-0.0224717375574895,-0.0214134545518561,-0.0329862280441014,-0.023561421789973336
2009-10-30,0.0155489760492886,0.0275388929068955,0.010344557043177,0.0091905794621571,0.0152281943602772,0.01500222642980309
2009-11-02,-0.0256457652926911,-0.0318258135106882,-0.0295790300365246,-0.0203815049175775,-0.0490000095309177,-0.0221057936324478
2009-11-03,0.0072673593223955,-0.0176472960679721,-0.0062526520874411,-0.0004429170857036,-0.0100944823643546,-0.001970821171251691
2009-11-04,0.0017551710044536,-0.008453561767358,0.0141565973656307,0.0066432119994876,0.0216700521622921,0.0019441515642348861
2009-11-05,0.0093438658729798,0.0007106132494578,0.0038773150919522,-0.0045106115347081,-0.0091498447248079,-0.005738209900922109
2009-11-06,0.0165865833988481,0.0205892235123923,0.0254925670809826,0.0149523322818827,0.0409233371868653,0.019170648168594262
2009-11-09,0.0449628975218665,0.0295652407306903,0.0127171426830303,0.0116075597898541,0.0239674369124966,0.019541566630179474
2009-11-10,0.0085329474974356,0.0179053998315692,0.0045657851002482,0.0061779203339416,0.0100317724291671,0.012540072875430353
2009-11-11,-0.0099012296372231,0.00464659954862,-0.0045450334542228,0.0065789646867508,-0.0262213919148499,0.005143133280746559
2009-11-12,-0.007272290708717,-0.006276952093684,-0.0091325807567668,-0.0004356891441119,0.0091798054149683,-0.0019212615175969727
2009-11-13,-0.0049452585059627,-0.0147811927981006,-0.0084481421439621,-0.0200526340961234,-0.0125327404408017,-0.007285055735429813
2009-11-16,-0.0068102091175878,-0.0134992812121885,-0.0205268731802675,-0.0133449141117188,0.0055270344633167,0.010437456387334176
2009-11-17,-0.0244624995605369,0.0,-0.0233297438482333,-0.0130750279824302,-0.0081432522994101,-0.005412776664180607
2009-11-18,-0.0064589625730049,0.0038596291429917,-0.0016189571347304,0.0123345655067128,0.0020524445761767,0.002028433268976171
2009-11-19,0.014914041003615,0.010835115788653,0.0008106443477089,0.0040614259116134,0.0024579879032908,0.0022211871085136004
2009-11-20,-0.0060288089680945,-0.0079526701484967,-0.0194488033458363,-0.0224719683046735,-0.0190026566617826,-0.013362254968916742
2009-11-23,0.0007583665215951,-0.0101082406299971,-0.0020663308978722,0.0068964596150367,0.0018748869026201,0.006674519763524955
2009-11-24,-0.0011364013031173,-0.0144364294025751,-0.0078675561729795,-0.0004566880295665,-0.0058214045679633,-0.006745273288535247
2009-11-25,-0.0030335507119908,0.0157200999586621,0.0171119875810068,0.0141619329164672,-0.0006276420823183,0.007936099511850703
2009-11-26,-0.0038036613476554,-0.010552336290715,-0.0131306038373778,-0.0099097409757197,-0.0008369880207461,-0.0028764765305041573
2009-11-27,-0.033982592161209,-0.0398156043103827,-0.0382539224264453,-0.0359418960809136,-0.0504710671773175,-0.029005927731598047
2009-11-30,0.0434781903198964,0.0596078140376976,0.0436663628510458,0.0453045728412069,0.0586678652420689,0.028288525825133082
2009-12-01,0.0198858360693037,-0.0024461638550229,0.0016568133975658,-0.0081266253060937,0.0104164916922717,0.0037536939407007974
2009-12-02,0.0157851850615435,0.0087571037344689,0.0037220135077626,0.0063720583607245,-0.0082469364603116,0.009189634671118885
2009-12-03,-0.0107864759509602,-0.0041669269511931,0.0078286564957863,0.0040708285733923,0.0205816409308847,0.0025683383516832414
2009-12-04,-0.0027720239136777,-0.0202231672433699,-0.0171705316213106,-0.0099097409757197,-0.0126298372514004,-0.015158651414137192
2009-12-07,-0.0031504400597526,-0.0035585053397706,-0.0062399483233098,-0.0013650770731166,-0.0096965945601161,-0.005477971224857048
2009-12-08,-0.0130134690629948,-0.0039285509301152,-0.0016741516383612,-0.0009109672516623,0.0072915609821322,-0.001243160850775027
2009-12-09,-0.0043325047415639,0.0025099070313987,-0.0109013478131252,-0.0191519152243642,-0.0039296871983998,-0.007012583505449865
2009-12-10,-0.0066209264735361,0.0014305477397684,0.0076303065069203,-0.0004649681749039,-0.0261627325396019,-0.006654588605881306
2009-12-11,-0.0001904325031578,0.0074997644522738,-0.0088349350868318,-0.0093021261476216,0.0211087736381183,0.00620045360967314
2009-12-14,0.0057142278610711,-0.0085077824372956,0.006366772844448,-0.0065730560156965,-0.0060556174657288,0.004050890452900857
2009-12-15,-0.0015153381438399,0.0007154416436874,0.0037959979251791,0.0127597540402655,-0.001470533184521,0.004187172144883622
2009-12-16,-0.0009482880159475,-0.001429296480726,-0.0084037296032565,0.0032667045840402,0.0004206135767343,-0.002455156396471536
2009-12-17,-0.0112018802277034,-0.0465115666290781,-0.0105928956622389,0.003720805794193,-0.0252363780278185,0.001792341411027909
2009-12-18,0.0149767930527104,-0.024765451796506,0.0059956598234649,-0.0111212606557703,-0.0086303486634766,-0.004228724107014914
2009-12-21,-0.0134315968671736,0.00038497301748,-0.0059599261337937,-0.0182755178597765,-0.0028290068260262,-0.0033092833033466773
2009-12-22,0.0084371224771144,0.0119228942067468,0.0342610905282907,0.024820744099776,0.0194239745593516,0.01491134489396484
2009-12-23,0.0077962687295662,0.0022806445427583,0.021946240932086,0.0111786878113366,0.0156282527034008,0.008738001491005676
2009-12-24,0.0164150293424001,0.012514055146545,0.0287681622385869,0.0313216951649446,0.0118045381073255,0.010868257044968743
2009-12-29,0.0116946895555911,0.0179776693259059,0.0003942392760452,0.0138455690651335,0.0035416777250487,0.011324561138480904
2009-12-30,-0.001467516178914,0.0007358489160114,-0.0051183382852045,0.0017619499815608,-0.0037369003235759,-0.002433470738009702
2009-12-31,0.0079011993541318,0.0073527883049306,0.0011872830870007,0.00615682299572,0.0085433309851077,0.007722663712613098
2010-01-04,0.0003648530897093,0.0,0.0,0.0004371270032321,-0.008264226008232,0.0011640135044397315
2010-01-05,0.0151264694826371,0.0127737709752369,0.008300076122361,0.0048056667852176,0.0193747887709105,0.009845874055338655
2010-01-06,0.0050268133434105,-0.0194594455237133,-0.0047039799420016,-0.014782477177094,0.0057227414253218,-0.0005826469575612725
2010-01-07,-0.0096461622579919,-0.0080852210642231,-0.013391108183213,-0.0238309526395109,-0.0146312894416222,-0.004469370051202182
2010-01-08,0.0129871344620817,-0.0033349231089774,0.0039919507530579,0.005877137002596,0.0084552365890759,0.002612694383496761
2010-01-11,0.0073003636215898,0.013011400497791,0.0011929483285475,0.0062919784881103,0.0,0.007843915247438105
2010-01-12,0.0,-0.0110088989122369,0.0,-0.0058059435113906,-0.0104292347681719,-0.01032968197235451
2010-01-13,-0.0098990107787887,-0.0048239347270206,-0.0031771493771258,0.0017967771684626,0.0049594088931781,-0.006406875808573909
2010-01-14,0.0139256984895785,0.0085756542780739,0.0111554653998873,0.0044843170018313,0.0370141229538083,0.006143206660851552
2010-01-15,0.0230676964361793,0.0092423176212637,0.0047282639456676,0.0013394822190648,0.0035695137053193,0.0003171639225452161
2010-01-18,-0.0008606262913857,0.0073256618217838,0.020000056807315,0.0329914398731283,0.0215372586042652,0.00234199846440708
2010-01-19,-0.0242893605579392,-0.0018180249599676,-0.0119185824979083,0.001294449492172,0.0,-0.010147416806297938
2010-01-20,-0.0014122221533022,0.0,-0.0085602824800216,0.0030175812576962,0.0191487314391372,0.001431558193312199
2010-01-21,0.0,-0.0094719447344047,0.005101889984741,-0.000429800860654,0.0115771662522909,-0.008428114045365254
2010-01-22,-0.014321358463499,-0.0172855141533079,-0.0089808420016629,-0.0262256165562029,-0.0318947397799757,-0.015857691072203584
2010-01-25,-0.0107621489354974,-0.0067369482517245,-0.0181243617604686,-0.0158937265298815,-0.005813981196596,-0.006895490690574602
2010-01-27,-0.0094288565338043,-0.0090427305787775,-0.0236759413535601,-0.0148046474978276,0.0007796417702843,-0.015519756310786392
2010-01-28,0.0086032353436262,0.0148291776306017,0.0102752612576566,0.0086521596344935,-0.0062328248866352,0.006163278277799611
2010-01-29,-0.0339383150624756,-0.0119895353949095,-0.0292917482405384,-0.0189616921728108,-0.016856383420458,-0.022177620291050637
2010-02-01,-0.0046966617193939,-0.0102392983144197,-0.0138310860816102,0.0032209410442063,-0.0071767318130187,-0.009952565761103926
2010-02-02,0.0107588512113943,-0.0057467320216979,0.0029748465249868,0.0041284962380014,0.0120477636279063,0.017946459965345607
2010-02-03,-0.0026141973308637,-0.0019270209241712,-0.0055078024217184,-0.0054818828837572,0.0515876723268542,0.009240573883359415
2010-02-04,-0.0086126894222882,-0.0011581199297976,-0.0144869930192798,-0.0160771041098026,0.0039622678249946,-0.005656380656380633
2010-02-05,-0.005287965784999,-0.0216467949558694,-0.0224814861051324,-0.0242762402318783,-0.0560046307047088,-0.022342742942018323
2010-02-08,0.0018987044226226,0.0063218348399993,0.0283058467434724,0.0033490839986474,0.0023889901311897,0.001621711459058206
2010-02-09,-0.0009477168687462,-0.0137420155534447,-0.0159137909102473,-0.0190752642870717,-0.0609732682628118,-0.0034303845368283126
2010-02-10,-0.0168818873628263,-0.0230890860245959,-0.0061189276069704,-0.017986739573453,-0.0090944647137685,0.0018534394281504163
2010-02-11,0.0225740985664155,0.0057049719119066,0.010114413288436,0.0272275530310062,0.0187833591653352,0.009105743659519439
2010-02-12,-0.0132075248630721,-0.0113452196642942,0.0100129260754191,-0.0077107019151049,-0.0079615491493326,0.0017578846295887018
2010-02-15,0.009393201791767,-0.0036881629845941,0.0043105861510532,-0.0043712281542072,-0.00274578640983,-0.001884064609768088
2010-02-16,-0.0013568676526876,0.0300285929410155,0.0618023108579319,0.029268488626424,-0.0169414904901975,0.0049700542522082
2010-02-17,0.0324207060511503,0.0347443232846955,0.0278898812547274,0.0459714742520513,0.0189567438091331,0.021954831057495294
2010-02-18,-0.0033846693240553,0.0015439359881233,-0.0015728627954196,-0.0009062316232739,-0.0025363802966401,-0.0027732760375299703
2010-02-19,-0.003584888690401,-0.0269754549105279,0.0027572026165467,-0.0040814691154827,-0.0197118661606242,-0.0042231984958538415
2010-02-22,0.0249953408666716,0.0031684817267241,0.0259227390158336,0.0264112630799646,0.0183781737983108,0.019502631275593707
2010-02-23,0.0077588516671767,-0.0031584741590667,0.0091886184619598,0.0084296317361618,0.0095541011473259,0.001301807383902398
2010-02-24,-0.0100820477351188,-0.0253461871238619,-0.0227617500970168,-0.0092384511966661,-0.0256571538934103,-0.01432149310917985
2010-02-25,-0.0151855368035969,0.0032508791171443,-0.0027173182103995,-0.011989710525923,-0.0243903394068438,-0.011697362786414867
2010-02-26,0.0139150868870205,0.0303763847796141,0.0171272276927174,0.0399998230468716,0.0013274223808426,0.009673645043461798
2010-03-01,0.0098292271138358,0.0066824129804214,0.0153080061986718,0.0194470027054454,0.0163502849154852,0.012779630194688973
2010-03-02,0.0086319039412809,-0.0003903771468432,0.007538693134238,0.010174073210543,0.0036953130477459,0.003918784858438551
2010-03-03,0.0040057105823363,0.0234375296994113,0.0097264304814836,0.0020979989673715,0.009313896057346,0.00825230377946018
2010-03-04,-0.0030828818241142,0.0171754933941219,-0.0018520161786635,-0.0087938513815795,0.0141627909048982,0.0033819444174112423
2010-03-05,0.0023650322103239,-0.005628327838771,-0.0070529420536733,0.006759688494665,0.0169275738244591,0.003665102559304634
2010-03-08,-0.0050816609021994,-0.0064153132987504,0.0029908579280208,-0.0012595045901599,0.0310031930014842,0.0085204785859605
2010-03-09,0.0071138164419086,0.0205090127073863,0.0052179889645387,0.0008405605095131,-0.0145309741626911,0.0027549370837116616
2010-03-10,0.0086940215868447,-0.0026049890258031,0.0133480871576112,0.0050376155669304,0.0045053055607706,-1.4701242813663917e-05
2010-03-11,0.0019756181217662,-0.0018658045748571,-0.0120744710313136,0.0050126660421812,0.0071358029074812,-0.0011478899142993715
2010-03-12,0.0014332785456012,0.0056071886388402,-0.0037037315229221,0.0083128740237028,0.0072873857586932,0.000970822629410284
2010-03-15,-0.0050102774534643,-0.0026017912064756,-0.0100372503925721,-0.0098930890876769,-0.0174838927900867,-0.006893566289075559
2010-03-16,0.0014385860303149,-0.0029818904344223,0.0105145374522825,0.0054122509910781,-0.0051137642684627,0.0028039879466124074
2010-03-17,0.0082612002490249,0.0029908086982708,0.0159788617264717,0.0190473302870994,0.0150084697761025,0.01165676690452666
2010-03-18,0.0083722073401364,-0.0029818904344223,-0.0014627160616802,0.0109712984659089,0.0058738389893793,0.0020747711563608995
2010-03-19,-0.0070656445470786,0.0056071886388402,0.0047618521212549,0.0092445718318552,-0.0048328222766383,0.0018753124064239124
2010-03-22,-0.0081838298920751,-0.0070628428057184,-0.0116661473653819,-0.0163282546917846,-0.0040469098934831,-0.008017232907666427
2010-03-23,0.0170406578789819,0.0243352208853377,0.0136482939165059,0.0303643549586525,0.0123933523169472,0.009222744806325789
2010-03-24,0.0089944801606434,0.0003654078633348,0.0101891289074071,-0.0031435022354202,0.0016052829195858,0.0034443122091865064
2010-03-25,-0.0001746889124055,0.0051153790416107,0.0010803519362541,-0.0007882591216863,-0.0050089335620842,-0.0011052848184978092
2010-03-26,0.002972075745119,0.0029075142751207,0.0068370457755757,0.0039447836359003,0.0048330658173698,0.0024277111976911403
2010-03-29,-0.00575263006287,0.0039872192387142,0.0028593801569989,-0.0007857812273751,-0.0082165631493731,0.000129488076980655
2010-03-30,-0.00473310217311,0.0036101768625835,0.0021382914988974,0.0007863991650762,-0.0165687799871294,0.003985866819103734
2010-03-31,-0.0084553367717341,-0.0100720384204909,-0.0099574018338287,-0.003536204186148,-0.0291764062720021,-0.00839460244592849
2010-04-01,0.008882752231039,0.0047240226304263,0.0032328702926025,-0.0027602781975699,-0.0029627671673693,0.006684461319852231
2010-04-06,0.0079238959823135,0.0104879678457641,0.0114571287350722,0.0063264943845182,0.0227124741896898,0.009366235644695964
2010-04-07,0.0040181731718009,0.0021478764349733,-0.0060177454008439,0.0023575323450855,0.022208743276483,0.0014549919536916978
2010-04-08,0.0080041106776747,-0.0139285499907426,-0.0106838433565944,-0.0129359310221708,-0.0016245968896831,-0.004636486665358208
2010-04-09,0.003625277763039,-0.0003623849042106,-0.0021595833826536,-0.0011914056708659,0.0040677322972517,0.002062075494031257
2010-04-12,0.0044720185840765,0.00181162838613,0.0043288629388207,0.008349883137146,0.0016201581942678,0.007345845638854431
2010-04-13,-0.0053084057662543,-0.0036167046474563,-0.0032328702926026,0.0023656146470634,0.0111223742427959,-0.006550386958622756
2010-04-14,0.0194524380472362,0.0137932687130193,0.0162162561902079,0.0192762525314218,0.0079998516440698,0.008692456239777435
2010-04-15,0.002195445482646,0.0164696777513289,0.0031916854539191,0.0050176409184061,0.0303573302583688,0.0014549107985264431
2010-04-16,0.0080870631462068,-0.0007046719490813,-0.0038884999687223,-0.0134412619535481,-0.006547297153574,-0.003452762592016434
2010-04-19,-0.0122008493100898,-0.0102219817062176,-0.0149039608672503,-0.0237445847921693,-0.0259738057520945,-0.013960254454616683
2010-04-20,0.0028763126958617,0.0267095324066157,0.0028816922440699,0.0019937217102203,-0.0035823792797229,0.0021752374766208504
2010-04-21,0.0043868310013266,-0.0128340035909263,0.0129309608447105,0.0107443696381088,0.0155783815223999,0.005788138668254117
2010-04-22,-0.0089029387818964,-0.0042162467594436,-0.0180847335982854,-0.0059056208406544,-0.007866364248769,-0.00946503256604192
2010-04-23,-0.0135594219791504,-0.0031757828966576,-0.0140846114254868,-0.0019803932605207,-0.0089197664514528,-0.005250666858914288
2010-04-27,-0.0008590948120889,0.0070794067435546,-0.0043958143103186,-0.0011902698913638,0.0010001931045937,-0.0003069972767397733
2010-04-28,-0.0072226158426316,-0.0010544091776958,-0.001471592892047,-0.0127135994490802,-0.0155843611885935,-0.011679918387302424
2010-04-29,-0.0027716015572634,-0.0144264562989312,-0.0051582992788559,-0.026157203097056,-0.0186727030085432,-0.007715498334167292
2010-04-30,0.0163279016271649,-0.0003567404124253,0.0074072842080115,0.0,0.0401242491550086,0.004552754080609622
2010-05-03,0.0071779603782649,-0.0035716832085517,0.0132352176261747,0.0223142526680173,-0.0143168359500752,-0.004527410836704049
2010-05-04,-0.010520688045074,-0.0068100706121655,-0.0083454048894534,-0.0032334249248824,-0.0135165665957599,-0.010113766567857119
2010-05-05,-0.0241810332093488,-0.0335615789516647,-0.0417124595152349,-0.0223035750810637,-0.0194275248399616,-0.013256779761515292
2010-05-06,-0.0304042331842823,-0.0343543419548619,-0.041618984248808,-0.0483252996788131,-0.024191578041479,-0.020356663148006993
2010-05-07,-0.0393329854244868,-0.0494971157322908,-0.0370518891313567,-0.0244989423415262,-0.0269291124065501,-0.020234566588877345
2010-05-10,0.0518867229345485,0.0390561297102023,0.0347540014194192,0.040182506468213,0.0487576736712103,0.026893836053888398
2010-05-11,-0.0161435061124238,-0.0109629896628519,-0.0075970198846186,-0.0114133764161158,-0.0150149369258503,-0.011260839986670268
2010-05-12,-0.0100272884376311,0.0083135900191519,0.0016116160867456,0.0097690334635658,-0.0117594389741407,0.005489837448252155
2010-05-13,0.0117862427274897,0.0188456380607286,0.0168948381906377,0.0241864101145234,0.0442923699209891,0.017456240457673466
2010-05-14,-0.0223878962493943,-0.0223506857790273,-0.0154271405783096,-0.020609504533367,-0.0071742753652979,-0.008929986597429274
2010-05-17,-0.0310929694163518,-0.0204967210595953,-0.0396037154970129,-0.0289349071173394,-0.0229542731544198,-0.029332215682165597
2010-05-18,0.0115298416974292,-0.0056339083635723,0.0042950904710117,-0.0189615486788307,0.0028281580806026,0.0007931828568976673
2010-05-19,-0.0239366894379996,-0.0368271442051867,-0.029084743771822,-0.0220892791879028,-0.0175708336933517,-0.018709388692493722
2010-05-20,-0.0254958480157904,-0.0231092358035892,-0.0396472444507375,-0.029176592623478,-0.017443081203709,-0.016102522370685213
2010-05-21,0.0173755361234777,0.022365785152165,0.0220182641201576,0.0179353106402544,-0.0170791991196068,-0.0025515003906790845
2010-05-24,0.025323930106059,0.033235013642521,0.0394970707381336,0.0428570565689254,0.01829032077801,0.02089093752302662
2010-05-25,-0.0367602395475233,-0.0325735790926451,-0.0388599792224005,-0.0255708126941509,-0.0469240109971538,-0.029586990860086093
2010-05-26,0.0093417142891669,-0.0046296070795206,-0.0125788256136226,0.0248358756888642,0.004240323574556,0.01000798655508417
2010-05-27,-0.0009847094404559,0.0211418286862155,0.0336671169507791,0.0100594886661991,0.0152474092764329,0.016709983998606903
2010-05-28,0.027400124260771,0.0260870123987424,0.0299295304576328,0.019465934906337,0.0189462453229156,0.01788493098473043
2010-05-31,-0.0143898354774997,-0.0060535947783181,-0.0192309083586744,-0.0093253183687097,-0.0174604591301681,-0.006237563140976565
2010-06-01,-0.0073975248871153,-0.011773736572055,-0.0087142172766835,-0.0004481024031911,-0.0154626397055609,-0.0037377687127914117
2010-06-02,-0.0129435900765065,-0.0065737717389519,-0.0149453386069103,-0.0094170024289064,0.0039852830363809,-0.007269755924285692
2010-06-03,0.0321874775331096,0.0376346817159851,0.0298977458209497,0.0298774841634117,0.0266166530549678,0.023950477291258654
2010-06-04,-0.0092395126009386,0.0015178674669706,-0.0138652059237917,-0.0048348269437368,0.006368070329406,-0.006665560506043389
2010-06-07,-0.0270059336419442,-0.0303774943685678,-0.0254831941085398,-0.0273854808084275,-0.0424858132305363,-0.027750052436485317
2010-06-08,0.0133786804101809,0.0203213582016272,0.0184852829899055,0.0131699530923092,0.0094404851560669,0.012790043113967364
2010-06-09,-0.0003944326509369,0.0024898558977251,-0.0075255968966266,-0.0022409331648314,-0.0133271368194859,0.0010277723428038232
2010-06-10,0.0130101776479591,0.009106198952959,0.0098126887786622,0.0161725607803266,0.0196680355039609,0.011398517727318813
2010-06-11,0.0215994530773151,0.0135356182369756,0.03489390348238,0.0185673541676076,0.0392757148284008,0.01581425399465819
2010-06-15,-0.0057141280853848,0.0072842396152636,-0.0055482950442971,-0.0013018161094263,0.0073787009684065,-6.653950228452388e-05
2010-06-16,0.0149422274154049,0.0088390211420008,0.0094419790959754,0.0073880371210788,0.0110990336803056,0.011966348140971972
2010-06-17,-0.0090598855542229,-0.0123454759183302,-0.0110545277728267,-0.009922470219517,-0.0243688856790152,-0.006934128098454062
2010-06-18,0.00171437514456,0.012903345869385,0.0128977723766374,0.0082787708165499,0.0042754096455694,0.005532006833015579
2010-06-21,0.0131202187613026,0.0107481225602263,0.011884648867138,0.0194471178418578,0.0064977282600775,0.013335476869900775
2010-06-22,-0.0138888921907868,-0.0122095307973399,-0.0218119920045281,-0.0156846418820972,-0.0193676915518452,-0.011762645591494425
2010-06-23,-0.0253139309151483,-0.0163474768071345,-0.0325900713464558,-0.0146425422071315,-0.0313280724490883,-0.01585003287940201
2010-06-24,-0.0076157121336832,-0.0117552285511497,-0.0195037942746583,-0.0021853105572081,-0.0473401747582468,3.136989179530758e-07
2010-06-25,-0.0161355099360506,-0.0237901153454431,-0.0167268034799098,-0.0157686749308534,-0.0282902072754187,-0.014879048714603327
2010-06-28,-0.0010000710174553,-0.011344668359421,-0.0110343885217798,-0.0080107071469242,-0.0139241206373152,-0.006447391046829343
2010-06-29,-0.0114111913832224,-0.00552480979106,-0.0120875154482557,-0.0188426627543375,-0.0223361448630878,-0.00886800489600792
2010-06-30,-0.0149857404475878,-0.005127804462164,-0.0009410578042958,-0.0118881741532395,-0.0252100180211095,-0.010162577964729302
2010-07-01,-0.0240544858509788,-0.0107392478550584,-0.0197835975890214,-0.0245260020078635,-0.0183193183572576,-0.014888286398189843
2010-07-02,0.0054772121114874,0.0013030451996918,0.0072080127747746,-0.0104362587254364,-0.0120742956138826,0.00029780223278708107
2010-07-05,0.001257195569279,-0.0147444256431197,-0.0081103953373219,0.0014378636604817,-0.0125003389344251,-0.003920668947148265
2010-07-06,0.0230174070642859,0.0299294808450176,0.0298216603975791,0.0296796297889254,0.0441635167482656,0.012785172621298191
2010-07-07,-0.0130907261306544,-0.0132477544198137,-0.0074728621964939,-0.0130173288829458,-0.0218214365088924,-0.005010665780672441
2010-07-08,0.0269429897656434,0.0290166631107977,0.0362353173406249,0.0428636613287907,0.0625174727690383,0.024040992686766183
2010-07-09,0.0050456811639747,0.0117844508994269,0.0081744238715599,0.0112919735660534,0.0277348123002341,0.009057072360463936
2010-07-12,-0.0048194139872713,0.0087356614924807,0.0054051472074907,0.0017867394161577,-0.0012614099678684,0.0030985788537813974
2010-07-13,0.0074655278421251,0.0061859771969177,-0.0026879389851756,-0.008024992148326,-0.0151513660600931,-0.006719722135920869
2010-07-14,0.0312437080258465,0.0163931993564361,0.0323451592483103,0.0247187348274531,0.0233333911960877,0.018752143393120146
2010-07-15,-0.0031074888052996,-0.0116936089989782,-0.010879339895241,-0.0087716062915809,0.0062638915557977,-0.00445649469862297
2010-07-16,0.0005847582823623,-0.0008162416907668,-0.0065991528009804,-0.0026549451627643,-0.0171811498275492,-0.004460312047871895
2010-07-19,-0.0167446149045209,-0.0179663643189031,-0.0199292851300406,-0.0230704290140204,-0.025082484752063,-0.014567871187610382
2010-07-20,0.0073264823294987,0.0145534139565062,0.013104593333147,0.0145323914601611,0.0070167011562245,0.010390822208830919
2010-07-21,0.0055042192152658,-0.0081970176854685,0.0044604751582721,0.0067144021707987,0.0051612053931608,0.0020786836322650437
2010-07-22,-0.024046830384147,-0.018182080637689,-0.0164301153945057,-0.0173407186766374,-0.0115532863996126,-0.008632812649272625
2010-07-23,0.0264423068790442,0.0256735976465869,0.0261850942956798,0.0140267808734526,0.0241559806450357,0.019141253514562084
2010-07-26,0.0048790174890995,0.0164139090340376,0.018477938172057,0.0142794836401529,0.0078617446171302,0.006224020615827053
2010-07-27,0.01145882396932,0.0080742672825822,0.0237579982244167,0.0087991349883789,-0.011071946855289,0.0025090408478742887
2010-07-28,0.0099845988547684,0.0148174864803101,0.018987181655794,0.0130831685495031,-0.0111958071933916,0.007235823544391229
2010-07-29,0.0077945377070314,-0.0003944511986387,0.00414104456396,-0.001721827223921,-0.0120947848020439,-0.0012960572622791044
2010-07-30,-0.0084890082953811,-0.0078960629712003,-0.0107216549622325,-0.0060369921760173,-0.0309970080551412,-0.006746193831545622
2010-08-02,0.0161721765365872,0.0071629046890471,0.0087535727118028,0.0117136013066927,0.0126339619383457,0.010708234539169359
2010-08-03,0.0063657142983626,-0.0059264002463003,0.0041322936352612,0.0021438766455039,0.0499071217911355,0.006604644600441523
2010-08-04,-0.0148836757716201,-0.0063595117067369,-0.0185183608359963,-0.0098418006704932,-0.007585607786598,-0.006455571149910577
2010-08-05,0.0,0.0075999671987887,0.0,0.003025323776032,0.0178346065795915,0.005404490655604999
2010-08-06,-0.0067989017330485,-0.0063518381865426,-0.0096437193775359,-0.0068934457918141,-0.0100124494278938,-9.785274761597851e-05
2010-08-09,0.0085569646066403,0.0007990807108191,0.0076205952175225,0.0021688872547533,0.0192162029585483,0.006320736687877249
2010-08-10,-0.0054676872230722,-0.0219557489298791,-0.0218483562805256,-0.0203462444996515,-0.018109565478227,-0.010999993272175379
2010-08-11,-0.0295735031733748,-0.0248978292807106,-0.0369419594161116,-0.0198851761474209,-0.0255180510631508,-0.01857835667674279
2010-08-12,-0.009572166953082,-0.0062792987959803,-0.0093666622375134,-0.0036065714050304,-0.0173713188021621,-0.012249094109577752
2010-08-13,0.0153843886118134,0.0054762610324599,0.0139578761068313,0.0036196258440965,0.0145120536544178,0.01339204120098092
2010-08-16,-0.0006026563299788,-0.0092167232663911,-0.0022203338352209,-0.0009017752316498,-0.0132639052605101,-0.002097539357191147
2010-08-17,0.0150755756569429,0.0164903302098355,0.0129058816376961,0.0108304339710183,0.0126515751574689,0.00887145816668733
2010-08-18,0.0029702385957195,0.0112315193188474,0.0127417520144039,0.0062501146951936,0.0124934100975437,-0.00046146371538324793
2010-08-19,-0.0057253155968681,0.0037025724592381,-0.0047726018968407,-0.0062112933990442,0.005141809813443,0.0009186616878977816
2010-08-20,-0.0170771978228666,-0.021311786174243,-0.0126413665774917,0.0169642974178767,-0.0245525605066201,-0.01074007048171255
2010-08-23,0.0040405443402067,-0.010468779614053,-0.0256069525094967,0.0074626319316546,0.0039328132788305,0.0013425528278743215
2010-08-24,-0.0050302729042576,-0.0186209862880307,-0.0289983935355332,-0.0135074789481703,-0.0248105517623704,-0.009276431994967527
2010-08-25,-0.0232559598799952,-0.018111053433842,-0.017265802957761,-0.0198763913084846,-0.019282454629658,-0.013934282155202982
2010-08-26,0.0140785566419474,0.0105402570427861,0.023266659178952,0.0126184217546279,0.004642388710629,0.008419941770196449
2010-08-27,0.004696108326744,0.0017382387140534,0.0092809928239048,-0.0013351527036478,-0.0078828307151913,0.003521232751691583
2010-08-30,0.0272301353678894,0.0216921616197238,0.0266666551355765,0.0227271038162706,0.0367124387302872,0.019478161419838047
2010-08-31,-0.0049457701772038,-0.0148619700071082,-0.0282133466989153,-0.0156860220437651,-0.0100425545016642,-0.010599391637551747
2010-09-01,0.0200793795350864,0.0280170822034881,0.029953992198795,0.0243466956652123,0.0090767892631078,0.021187348205899292
2010-09-02,0.0118888259661023,0.0109014714051671,0.0134228110253655,0.0125327156338779,-0.0105820425364248,0.008543595478815336
2010-09-03,-0.0067410598683965,-0.000414997660086,-0.0066225646794195,-0.0059753540955214,-0.0109626371368897,0.0019662152552624157
2010-09-06,0.0106650100173237,0.0074692502849531,0.0124443404083671,0.0158865771252292,-0.0470396639225949,0.009875244259929916
2010-09-07,0.0044131877373572,0.0049426878202993,0.0109748613137299,0.0042265352190251,-0.022127760401011,-0.0004917874531055189
2010-09-08,-0.0108887210718751,-0.0184428979105071,-0.0143293193093478,-0.0113633790981327,-0.0124748889335232,-0.0077625235156657535
2010-09-09,0.0137119900966289,0.0371603436190211,0.0123351125928088,0.0114939896599892,0.017039333430693,0.01000573015383277
2010-09-10,0.0034291728830651,-0.0068433184335694,-0.0017412428061696,-0.0021043734012184,-0.0051996968975198,-0.004711760398785847
2010-09-13,0.0159485571921795,0.0222940354408778,0.0196168467234176,0.0126532630449127,0.0235193949236396,0.013049969412944673
2010-09-14,0.0016820174443024,0.0,-0.0008552600098997,0.0004160813433644,0.0127657450553633,0.002498402429149227
2010-09-15,0.0037310914640322,0.0285486628174314,0.0111254827280351,0.0058286813800214,0.0296919843472354,0.007574571889622517
2010-09-16,-0.0215613759800651,-0.0061678936692761,-0.0148112562841271,-0.0206955188487774,-0.0198588774439471,-0.0118735271913325
2010-09-17,0.0013301593585204,0.0073701206023331,0.005583839810477,0.0071850701604645,0.0177631902363246,0.0073269890983558295
2010-09-20,-0.0024667046000796,-0.0042356685115158,0.0008542280219332,0.0054552399352387,-0.0049083709573077,-0.0014454712056756192
2010-09-21,0.0007609584224739,-0.0038673634928263,-0.0046945953998565,-0.0066775696481702,-0.0041107545796459,-0.002968777834163272
2010-09-22,-0.0022806738765155,0.003882378060001,0.0098622899064557,0.0004200488444954,0.0088056638723215,0.0016671776502104052
2010-09-23,-0.0013332398053891,0.0034801538544515,0.0072189240763957,0.002520221407755,0.0021820928808844,0.001822688939845607
2010-09-24,-0.0116344662467553,-0.0154141341806224,-0.0096963769853515,-0.011311403895923,-0.0106153443668836,-0.0066454985036557
2010-09-27,0.0200691739457883,0.0176125926214971,0.019582634577937,0.0254236807344989,0.0261351340318396,0.016232061484460658
2010-09-28,-0.0049184078320078,0.005384193453195,0.0029228295251726,0.0049589209083709,0.0,-0.0012002417676429955
2010-09-29,-0.0104564813146719,-0.0091809083460142,-0.012906096756864,-0.0074014355680745,-0.0080428677177826,-0.005237965500478059
2010-09-30,-0.0169068457429562,-0.0216217977665917,-0.0198226963928608,-0.0190556472228351,-0.0197300618613552,-0.013363609702161994
2010-10-01,-0.0052762507597854,-0.0134175795226699,-0.0133389585549653,-0.0071790012724842,-0.0030326950703566,-0.0007487155265034628
2010-10-04,0.0125736603809059,0.018000072619597,0.0170084489549653,0.0072309119989257,0.0080200632200422,0.010057736053122435
2010-10-05,-0.0056269244449161,-0.0031432728470639,-0.0090051685396432,-0.0046452419525391,-0.0093275410770745,-0.003897827193531378
2010-10-06,0.0115119913688943,0.0201021646544468,0.0134141939254242,0.0212134672096209,0.0152309815471785,0.017342672991358388
2010-10-07,-0.0065582735907098,-0.0015453759219298,-0.005123981827223,0.0029082374525477,-0.0010911538057679,0.0010350617178831456
2010-10-08,-0.0073784847469141,-0.0034832423174815,-0.0051503722409889,-0.0028998041335615,-0.0196614706350534,-0.002099289171471952
2010-10-11,0.0,0.0019421407811934,-0.0008628055055227,0.0037391066740835,-0.0150417107777913,0.003442938321297495
2010-10-12,-0.0131064060890191,-0.0170544094376674,-0.0215888660654978,-0.0140730344862117,-0.0197963870160545,-0.01688486396870259
2010-10-13,-0.0085235687309234,-0.0059147157234349,-0.0048542238658224,-0.0079763976100982,-0.0109636020992827,0.00036751624421804685
2010-10-14,0.0235904714143737,0.0186434016164456,0.024833696501511,0.0156578939782192,-0.0110853647488707,0.017149955419412777
2010-10-15,-0.0019527945080295,-0.0073987203710856,-0.007788972127534,-0.0079165751959642,0.0106195738307339,-0.0021565068481033123
2010-10-18,-0.0088064869921311,-0.0066692095091105,-0.0130833907220229,-0.0096598293025013,-0.0084646113232874,-0.007904778620694053
2010-10-19,0.0,-0.0011849929360644,0.0044188757582117,0.0063612125124332,-0.0058876821564669,0.0008142890756002163
2010-10-20,-0.0049360866415562,-0.0098853124291077,-0.0061590023947079,-0.0067422913000854,-0.0074031320503973,-0.006611682891582316
2010-10-21,-0.0091266238045427,-0.0211661569183128,-0.0119525043168904,-0.0131523676085451,-0.0125298400818202,-0.00043138997144143154
2010-10-22,0.0112134039259217,-0.0012239464047759,0.0049285904279836,0.0064490295907047,0.0148038122970828,0.005478919153499184
2010-10-25,0.0089109583282129,0.0216503496037328,0.0231829326318055,0.0209311041151905,0.0410837054910606,0.013286583635578886
2010-10-26,-0.0151129954821037,-0.0103960466700109,-0.0047928860956513,-0.0020920463025693,-0.0088647523108741,-0.004649263721946517
2010-10-27,-0.0125547356647459,0.0206061502682075,0.0078809471013494,0.0079665603020691,-0.0089442661226353,-0.008456823946155323
2010-10-28,-0.004641756112111,0.0031670166731208,-0.0030410125582081,0.0287022236631244,0.0058224361509198,0.007949525535142055
2010-10-29,-0.0085156308917012,0.0047356281403898,-0.0108931557889812,0.0032347787729898,0.0477570074719329,-0.004662132871082414
2010-11-01,0.0083843805271903,0.0168892690176789,0.0154185800015764,0.0036273923079739,0.0055247711702888,0.007912778212854077
2010-11-02,0.0178461351465233,-0.0003864655128775,0.0112798329696444,0.0052210067387732,-0.0068681278577326,0.0006175237621375285
2010-11-03,-0.0057777888770385,0.0007731313267058,0.0047192673424705,0.0067917998767053,0.0013832121552816,0.00450911824600686
2010-11-04,-0.0152306267899975,0.0038609966388318,-0.0029891734574972,-0.0049058725151731,-0.0041435783777166,0.006522024736772991
2010-11-05,-0.0052909063808426,-0.0011539028464016,0.000428161205715,-0.0102711508897169,0.0380028898307176,0.0
2010-11-08,-0.0008183088011922,0.0015401181333249,-0.0145886937522767,-0.0008303140239499,0.0147032480940789,0.00923337171466665
2010-11-09,-0.0120804624067164,-0.0061512933675885,-0.0062811084323418,-0.0132946434483152,-0.022414632396753,-0.007852386678079526
2010-11-10,-0.0035232016668887,-0.0139264926603925,-0.0067717459078117,-0.0021050699469199,-0.0124308676073524,-0.008628588637696222
2010-11-11,0.0097750508712108,-0.0023541799398142,-0.0031817972015917,0.0008440736104529,0.0137061564802394,0.006295161724430454
2010-11-12,0.0,-0.0037204883951943,0.0004558746839842,-0.0210794299897285,-0.0013796124734761,-0.006031484823285971
2010-11-15,0.0063853596639122,0.0057069973897065,-0.0009117490056474,-0.0060293785532633,-0.0011054268801803,-0.0005193921058269657
2010-11-16,0.0210805197340231,0.0044588313150539,0.0127742650897346,0.0060659524770334,0.0082989208514687,0.002185516403116816
2010-11-17,0.0002008244112137,-0.0141242040072693,-0.0121624010935098,-0.0172263189419007,-0.0106995054427416,-0.01617458189590526
2010-11-18,-0.0076153952141059,-0.0024563591274452,-0.0059276167347014,-0.010517679232664,0.0122018282410596,0.00352649501591884
2010-11-19,-0.0143377760159775,-0.0123100123358448,-0.0082572858435221,-0.0039856246097373,-0.0010959331111671,-0.002358955946868635
2010-11-22,-0.001639048757832,-0.0029080841107406,0.0046252714994667,-0.0004446417926793,0.0065827077085112,0.0031408146785498747
2010-11-23,-0.0112864050216536,-0.0183333307616779,-0.0188767139255389,-0.0062276527946898,-0.0179838793351585,-0.011729021909453463
2010-11-24,-0.0006230085567919,-0.0046689035265122,0.0042234187447567,-0.0026854573498282,-0.0097113054340238,-0.0009627425532209299
2010-11-25,-0.0029071224202521,-0.0063967429250507,-0.0093456432569165,0.0085276142553154,-0.0016810473473491,0.0019135267300645076
2010-11-26,-0.008956844211034,-0.0030042942101907,-0.0023585057634702,0.0022251873347975,-0.0044908800713627,0.0010706313997725925
2010-11-29,0.0208072206935414,0.0129147550287103,0.0189125440567317,0.0115450812369399,0.0028196648218812,0.0043863312934646626
2010-11-30,-0.0030882651723561,-0.0038253105054866,-0.00556833345131,-0.0052674753290707,-0.0033739760848603,-0.007363981862360314
2010-12-01,0.0020649965462531,-0.0059727009188025,0.0009330220426724,-0.0004418089515865,-0.0146685796269727,0.0004958154497416434
2010-12-02,0.0160757161222657,0.026180187297411,0.023776359016419,0.0339960746078178,0.0154594912273722,0.01953883498788378
2010-12-03,0.0026372410905435,0.0008363528078945,-0.0013660668213619,-0.004697322951345,0.0093036493854201,0.003845301186799821
2010-12-06,-0.0028323368269701,-0.0087753976887257,-0.0113999817068732,-0.0017157076107934,-0.0050276472347939,-0.0011933692194618928
2010-12-07,0.009535585035725,0.0101181854856,0.011992571486421,0.0094543244130618,0.0030879763436548,0.008152736444772435
2010-12-08,-0.0032155944886823,-0.0141904880938117,-0.0082040806838717,-0.0144743301818683,0.0044779895565143,-0.005696444018558844
2010-12-09,0.0129032130610584,0.0160882083215139,0.024356606203006,0.0215983557354109,0.0208972802529914,0.008880395288316967
2010-12-10,0.0069665587949574,0.0091664082153071,0.0125618082908016,0.007610987787598,0.0040938626736779,0.000979057688912821
2010-12-13,0.0120575407284786,0.0144512880365119,0.0146211091891936,0.0113301516306307,0.0065238705509329,0.0023553299492384827
2010-12-14,-0.0107420842407274,-0.002442061085891,0.0043667405906935,-0.0062239676632578,0.0005397606767294,0.0020482576209190917
2010-12-15,-0.0029614424051886,-0.0024481400732981,0.0030435572379514,-0.0054281612089625,0.0056679004255562,0.00019291315615732607
2010-12-16,0.0087128831340184,-0.0004087386051998,0.0034676698042512,-0.0025187945239887,0.0101985395365835,0.003396118111686608
2010-12-17,-0.0047112202558186,-0.0118661455946867,0.0017276957886394,-0.0071546854313387,-0.0042506575460565,-0.004345739207303967
2010-12-20,0.0005914787282266,-0.0091098843379792,-0.0228543770056193,-0.0131412467285091,-0.0077373266301355,-0.0055638310232351
2010-12-21,0.0053221738033801,0.0117012180326272,0.0022062436957828,0.0180412229781239,-0.0051090214963069,0.007447740697953176
2010-12-22,-0.0025488524040018,-0.0066087264394335,-0.0044030745629333,-0.0029537766281464,0.0059459185237054,0.001377797894703825
2010-12-23,0.0074698637563688,0.0062365397131074,0.0070764383021462,0.0033855249126699,0.0075228214458165,0.005702388555812732
2010-12-24,-0.0027318344995197,-0.0041320602539751,-0.0052703856103644,0.0004221473703969,-0.0069330410983136,-0.004532549826394838
2010-12-29,0.003130900043895,-0.0033193435274183,0.0026491046128938,0.0004212002727517,0.0,-0.00042588114232844365
2010-12-30,0.0,0.0004163640207628,-0.0044030745629333,-0.0021071323706877,0.0056389812994281,0.0031733026875337966
2010-12-31,-0.0097523109240517,-0.0137330613658904,-0.0176914985466284,-0.013935418970036,-0.0117492503804215,-0.00942321715182215
2011-01-04,-0.003151544413576,0.0063290592027143,0.0022513552775378,-0.0029979536815519,0.0164821322650794,-0.0005820060755756806
2011-01-05,-0.0142266248671041,-0.0075469393480015,-0.0080864480066686,-0.004295725155074,-0.0031898151209193,-0.005808666766188075
2011-01-06,0.0008016609340872,0.0038021643779522,0.0045290152088377,-0.0038824584523241,0.0055998860103263,0.0021318990053664777
2011-01-07,-0.0008010187886169,-0.0029460260962241,-0.0013527224231654,-0.0073627849999634,0.0045081373569029,-0.004220978156699973
2011-01-10,0.0032069710785023,0.0042210142397747,-0.0036113922392996,0.0017453987812448,0.0010561088479161,0.0015418058148606306
2011-01-11,0.0049950982223569,0.0042035834908453,-0.0004531891601033,-0.0056620169701625,-0.0081750444870253,-0.0003442353846554447
2011-01-12,0.0009941516480616,-0.0041859873435551,-0.0036268474438007,-0.0048182182699014,0.0042539450032679,0.0028736043087431717
2011-01-13,0.0154913519781385,0.0172339970249999,0.015468837237246,0.0105633728613521,0.0368021444678283,0.015035119483063575
2011-01-14,0.0054762529880199,0.0070247268671854,0.0076167006993341,0.003920056506965,0.0112356059207014,0.0013198697445659935
2011-01-17,-0.007975031617485,-0.0086171605917922,-0.0128944183510922,-0.0147511226550952,0.013131341427963,-0.007999823638559778
2011-01-18,0.0086278641867303,0.0045531597598285,0.009008449100283,0.0123296677944091,0.016450476972748,0.008133603279762536
2011-01-19,0.0062204353122112,0.0053562660510728,0.0093754491301587,0.0108742867003459,0.0147133890880593,0.006819508472067692
2011-01-20,-0.0019318245996972,-0.0102457811771975,-0.0097304299333521,-0.0077453603281446,-0.0384242082985276,-0.010523223941166115
2011-01-21,0.0,0.0074534952641152,0.0071462767407031,0.0117089759950468,0.002010343928084,-0.005859686500593986
2011-01-24,0.0127755428070504,0.0115087387327876,0.011086341969573,0.0141446699438565,0.0183096176495252,0.006389962907806135
2011-01-25,0.0053520098461061,0.0069074917549887,0.0008769589277255,-0.0021133662828699,0.0147780484724073,0.004550789092582219
2011-01-27,0.0009505257037412,-0.0072639987470745,0.0043823495196118,-0.0012707438626905,0.0065536777907075,-0.0003591200187107457
2011-01-28,-0.0047483479497687,-0.0065037546673669,-0.0004363824343204,0.0021205367178895,-0.0043405168966649,-0.0064927969996985135
2011-01-31,0.0005725233960889,0.0085922732977279,0.0043648350578113,0.0016930519163993,-0.0162266926933355,-0.00439155867224883
2011-02-01,0.0003815676950151,-0.0024338354506496,0.0026077571151548,0.0,0.0039386270077983,-0.00038083087639095847
2011-02-02,0.0,0.0020333620773003,0.0013003391678521,0.0033795137603571,0.0049046512860331,0.00934389112129308
2011-02-03,0.0026689431601587,0.0,0.0077924942614846,0.0079998033936861,0.003904308199244,0.0050163188708509665
2011-02-04,0.0089372324778966,0.0085223299110954,-0.0012891958017711,0.0104428648597991,0.015556495444261,0.008742369995850874
2011-02-07,0.0077270312206041,0.0060363640265292,0.0064518517162059,0.0020672516072262,-0.0131640878626286,0.0012017395965140398
2011-02-08,0.0084158452885756,0.0191999701375269,0.0111111630034865,0.0074256429280359,-0.0031530504485278,0.005230088013320255
2011-02-09,0.0213279558624166,0.0200157952121964,0.0185969255415694,0.0204751004587131,-0.0328468053153216,0.00294454216203488
2011-02-10,0.0096241385916289,-0.0019243064949666,0.0058087113854747,0.0072231086778311,-0.0088049169018403,0.001973041724581126
2011-02-11,-0.0086330121697523,-0.0096372277561678,-0.0074257355995168,-0.0075698064505814,-0.0007616701991419,-0.0067706001161647045
2011-02-14,0.0007435952590042,0.0237444852257533,0.0149626739864243,0.0297072005548835,0.0137164191139111,0.013043376706193488
2011-02-15,-0.0100298556776969,-0.0045624732352241,-0.0045044221896567,-0.0066277633087704,-0.0077677063202614,-0.0008272681815656435
2011-02-16,0.0101314728885717,0.0057293253077264,0.0012339182058802,0.0090265908474913,0.0002525108838975,-0.00016792601913584448
2011-02-17,0.0027858736466153,0.003418424839191,-0.0020541517812376,-0.0023335432700504,-0.0030296563850422,0.0018152403441615839
2011-02-18,0.0038894172863876,-0.0003786348289471,-0.0032934080099101,-0.0296298699567113,-0.0040513314454528,-0.00030032647319566674
2011-02-21,-0.0051659448200748,-0.0102235539495391,-0.0057824141332143,-0.0096426953012895,-0.0134757296714345,-0.00600972217286222
2011-02-22,-0.0131675773710739,-0.0118589729967883,-0.0153722663184249,-0.011764516541377,-0.0113404492313348,-0.007972583385730814
2011-02-23,-0.0003757329676207,-0.0003869967560706,-0.0016876018185788,-0.0061575384147694,-0.0072990553316067,-0.002056609123471498
2011-02-24,-0.00864840299168,-0.000774866853225,-0.0076077675654229,-0.005369490059484,-0.0070904356132196,-0.007241463664443004
2011-02-25,0.0068272527236006,0.0077520937581065,0.0106471362828013,0.0062291358885961,0.0071410689024822,0.005732827664453266
2011-02-28,0.0003765071827976,-0.0076924610785948,-0.0084283014389276,-0.0041271120397062,-0.0055146936526587,0.00022918156747198104
2011-03-01,-0.0013177293726618,-0.0089145298482833,-0.01104919825556,-0.0045589207124422,0.0042247390909391,-0.000826672769240866
2011-03-02,-0.008861292740619,-0.0007826359479965,-0.0030083402262842,-0.0066610176554222,-0.017880411951578,-0.004275336173754973
2011-03-03,-0.0087503257664552,-0.0101759556294204,-0.003879256580992,-0.0108967012141996,-0.0109771300370081,0.0010552489262927178
2011-03-04,0.010362762848743,0.0090945946592342,0.0160103484524118,0.0059322954143035,0.0027067300398402,0.012895868556320744
2011-03-07,-0.0182336703314799,-0.0148902235270003,-0.0110730139767784,-0.0105308367266522,-0.0175484285765805,-0.012013599879012626
2011-03-08,0.0023215389676325,0.0063642514629589,0.0116275466910935,0.0119198596254466,0.008793756628993,0.00241770614707959
2011-03-09,-0.0059831939236613,-0.0086954077981346,-0.0051088419147385,0.0,-0.0100791540671139,-0.008351212427391341
2011-03-10,-0.0038834798201503,-0.0067787347123112,-0.0077019810605523,-0.007151771387332,-0.0110072673716973,-0.014267459544115457
2011-03-11,-0.0085769951433485,-0.006824206706783,-0.0125051973674197,-0.0182202282916921,-0.0155814938573531,-0.011480350126956695
2011-03-15,-0.0218248904888788,-0.0185934529395351,-0.0135371841567282,-0.023306372105486,-0.0367440040776763,-0.02106276991026157
2011-03-16,0.0050252673135104,0.0028828298261038,-0.0057547352749206,-0.0004414880707042,0.0176056480803177,0.006510673037673831
2011-03-17,-0.0050001402720385,-0.0028745430077846,-0.0053431294931139,-0.007515466215025,0.000865224154154,-0.000634569989372058
2011-03-18,0.0114575806386112,0.0082371940971537,0.012981307076797,0.0111356441663648,0.0135409904594652,0.01573467680236229
2011-03-21,0.0065579075136186,0.0098039571624737,0.0066284131679683,0.0149777621582956,0.0017053078730471,0.004247873713006056
2011-03-22,0.0057256556959157,-0.0012137214339028,0.006145902108928,0.0,0.0087967563574398,0.00013514636175449013
2011-03-23,0.0076559106070639,0.0024302926960328,0.0047993127547842,0.0017363081670904,-0.0045004471293561,0.0019499979233559284
2011-03-24,0.0075981311407777,0.0020200180386185,0.0169344624095368,0.0090986817506257,0.0093246773023882,0.010147578047345895
2011-03-25,0.0027065949520708,0.0088710175961974,0.0132363230251941,0.0034349486049927,0.0167972118270391,0.009324625687094024
2011-03-28,-0.0023138519833987,0.0047962794890572,0.0050570768085038,0.0029953889176366,-0.0063327661463344,-0.0018146554760047895
2011-03-29,0.0019325792330913,0.0083529327426832,0.0100629765363,0.0029863460895178,0.0022167671065032,0.004691171476300715
2011-03-30,0.0133103211777709,0.0110455699637004,0.0074717815185567,0.0157381671112029,0.0099528570103522,0.013950416979402469
2011-03-31,-0.0024746759351133,0.008583642204911,0.0024722790296252,-0.0029315117173107,0.001916124298936,0.0032802532974993692
2011-04-01,0.0064884027728608,0.0050287855112911,0.0032880866212483,0.0025200436691383,-0.0035515012783118,0.00495031860361661
2011-04-04,-0.0056881853471482,0.0026945730523308,-0.0036871492435007,-0.0004191266157815,-0.0076777359130817,0.005144876459292735
2011-04-05,-0.0036230529424565,0.000384012858555,0.0004113554320637,0.0033526988336933,0.0030393405537869,0.0027186090945738872
2011-04-06,0.0009566289320801,-0.0011513121434302,0.0053430822726305,-0.0004174250730089,-0.0035810638546037,0.0026735552715784205
2011-04-07,0.0047800972401388,-0.0030733251331206,-0.0012264443975107,0.0071040487513702,-0.0168647991015854,-0.0009735537697092012
2011-04-08,0.0104664120461559,0.0146434882708725,0.0057306216405756,0.0020745928177592,-0.0056243002413236,0.006608526606435516
2011-04-11,-0.0018831569163595,0.0030384956755398,0.0052910768734657,0.0057970981654793,-0.009049909328302,0.006237859188710004
2011-04-12,-0.0086793316507107,-0.005679523689158,-0.006477940509541,-0.0074102650747165,-0.0154109590916913,-0.014590215821915664
2011-04-13,0.0066617173974348,0.0068543203098301,0.0146699130398639,0.0087102613475582,0.0171015895950059,0.002511956319008357
2011-04-14,-0.0041597258162865,0.0011347653618405,0.0008033645117886,-0.0127467923255435,-0.0105442606251557,-0.005439808127755574
2011-04-15,-0.0085438062625122,-0.0105782991302998,-0.0048152214500283,-0.0166599957553061,-0.0063365968400929,-0.006573591284946723
2011-04-18,0.0059364463250379,0.0038182816186775,0.00604814999412,0.0050825891770747,0.004637751270867,0.0020013547546093857
2011-04-19,-0.0098990830476388,-0.0110304844339947,-0.0148296289982896,-0.0139063434378838,-0.0057705657181106,-0.014102409450155728
2011-04-20,0.012689865079245,0.0184614128308651,0.015866309952883,0.0188035034136857,0.0191530029109963,0.013703689437419175
2011-04-21,0.0093032792466705,0.0117069830744367,0.0204249032733736,0.0113254946906302,0.0039861051391791,0.011283804474405912
2011-04-27,-0.0016927258440803,0.0,-0.0129515423383297,-0.0020739212838546,-0.0068064106237573,-0.00832325366666875
2011-04-28,0.011116925541476,0.011571515537889,0.0039764410015652,0.0108065946580802,-0.0034264180558859,2.730282623253366e-05
2011-04-29,0.0009317893370386,-0.0007379948077086,-0.0162376180486706,-0.0037008419237251,0.0074494306514429,-0.010218500224266958
2011-05-02,0.0007447672090528,0.0070162652894203,-0.0024158224685331,0.0028888843303924,0.0321389346812668,0.0004602015711028251
2011-05-03,-0.0072560391308619,-0.0080676073352814,-0.0020173103160027,-0.0205760243468116,-0.0148800259104981,-0.008384194803886857
2011-05-04,-0.0129307206275034,-0.0243992126159602,-0.0250710675895423,-0.0147060626776083,-0.0234964523183033,-0.00929857786289312
2011-05-05,0.0,0.0234936293734824,-0.015761141316537,0.0059704374528932,-0.0120311297703443,0.002932542081549361
2011-05-06,-0.0007595486439495,0.0285080733799882,0.0080068144081211,-0.0148370722972016,0.0214557209691184,-0.0022458011513692977
2011-05-09,0.0003801008569606,0.0021599682914343,0.0058527095849505,0.0064543851852285,0.0174919445422332,0.0032061463683230595
2011-05-10,-0.0085470518900144,-0.0071844058390755,-0.0191188829439673,-0.013680954803945,-0.0054676998256354,-0.0065247363446814255
2011-05-11,0.0061303368769056,-0.0123005407043089,0.0105934838020234,0.0043348283823239,0.0141783201554706,0.011530033822849228
2011-05-12,-0.0156131313527555,-0.0135532888517274,-0.0100630719986866,-0.0066580918960742,-0.0111268604353771,-0.0161364358302456
2011-05-13,0.000967114335699,-0.001485307220333,0.0050825869756321,0.0035746448956579,0.0017309953926727,0.0032906629134932253
2011-05-16,-0.0052172330091481,-0.000372200497265,-0.0113189368279882,-0.0062333712441494,-0.009504612709164,-0.010968655888869305
2011-05-17,0.0079641956824205,0.0011161906423859,0.0052840227745749,0.0076167763166061,0.0029076791316782,0.007293412202094229
2011-05-18,-0.0017346926315573,0.0007433891757471,-0.0008760414395114,0.0088927526791326,0.003769714262348,0.002095136154983468
2011-05-19,0.0111967783951965,0.0174527723733224,0.0039457879517963,0.0127808394691739,0.0086650822530374,0.013353701254107841
2011-05-20,-0.0040085868510286,0.0003646419323446,-0.0065501777860029,-0.0082679351242045,-0.0020046540112315,-0.005090923976122874
2011-05-23,-0.0143761725559292,-0.0273620445506215,-0.0298902400617818,-0.0337869644331102,-0.01979883081798,-0.018833859059635638
2011-05-24,-0.0097238817780078,-0.0063764397874733,-0.0104215492922583,-0.0099905087699991,-0.0128807110469711,-0.0030387276889390913
2011-05-25,-0.0178710689498245,-0.0192530110555883,-0.0054946141660963,-0.0045872623256678,-0.0272836704524236,-0.009538586644109226
2011-05-26,0.0077979626377338,0.0065439088261995,0.0244015611690402,0.0170505878070383,0.0295732642588621,0.01664272030651337
2011-05-27,0.0113096575183193,0.0084129529566838,-0.0044943884774081,-0.0036247541658456,0.0047380089739861,0.005097834682100233
2011-05-30,-0.0131449543757576,-0.0075843409306876,-0.0126411017588297,-0.0009096868390706,-0.0091363151913586,-0.0035114807845491036
2011-05-31,0.0063619796314926,0.0118455645616617,0.0118884490126367,0.0072828091455154,0.0113026148192125,0.008733320918119514
2011-06-01,-0.0051362583754296,-0.0154834472724262,-0.0081334680678822,-0.0058746060136969,0.0114705936754022,-0.00021562447690970377
2011-06-02,-0.0190629582632105,-0.0305335350032085,-0.0227792703890367,-0.0254544201297431,-0.0433263883891931,-0.021076023015625833
2011-06-03,0.0022266801177945,-0.0053213691011283,-0.00466211387246,-0.0032647020685341,-0.0075988618899159,-0.0037688125262925753
2011-06-06,0.0034338142406462,0.0053498375614238,0.0,-0.0056155413002524,0.0015315461116416,-0.003038058328246551
2011-06-07,0.0010064373649356,0.0004094788492747,0.0079625928047013,0.0037645228024207,-0.021406922362453,-0.0005874878382042814
2011-06-08,-0.0082446971759778,-0.0147302251260668,0.0004646334761815,0.0004690733779186,-0.0309375131912307,-0.0064756223598857465
2011-06-09,0.0056774155598966,0.0083056396095666,0.012076293068548,0.0074973957491937,0.0119317202055293,0.002835468462106361
2011-06-10,-0.0002014193030875,-0.0045304241644638,0.0027538638597239,0.0013955777077137,0.0207138773622057,0.002742319281307859
2011-06-14,0.0173421037088465,0.0128257544664538,0.0086957118147119,0.013933959476116,0.0115517513394673,0.005006095290046142
2011-06-15,-0.002576782746693,0.0069444864156567,-0.0136119288365544,-0.0004581264223779,-0.0033953304931527,-0.003965971645392474
2011-06-16,-0.0210654633739093,-0.015821436527073,-0.0294390639901902,-0.0215396770369298,-0.0151749459371158,-0.019164710360267567
2011-06-17,0.0052784687756595,0.0041219087160113,0.0052135394308192,-0.0004684261462992,-0.01289312680178,0.001268425308730503
2011-06-20,-0.0004042135744464,0.0032843629176451,-0.0042434428422621,-0.004686248942794,-0.008282758592075,-0.0072831528794091716
2011-06-21,0.0153537683141014,0.0081831980272604,0.0146783126196237,0.0145953745007696,0.0154191558340457,0.012680497180731054
2011-06-22,0.0069636816268319,0.0016231810396958,0.0041994678857173,0.0078883108107832,-0.0145523238901817,0.005411689488750815
2011-06-23,-0.0023710008455037,-0.0089139951754777,-0.0181224465384755,-0.0124310389017708,-0.0009631419751906,-0.007076817001270608
2011-06-24,0.0126754438236433,0.0081766061065129,0.0113580634240069,0.0009326917769945,0.0035348056359114,0.003216874423764615
2011-06-27,-0.0132990580025513,-0.0064886202382399,-0.0037434678296279,-0.0107127596717386,-0.0169709071354926,-0.010274498693048306
2011-06-28,0.006937455553815,0.0130614103884272,0.017379125443502,0.0075331133517964,-0.0003256926271285,0.0027962516940573945
2011-06-29,0.0112205234455733,0.0145048039435315,0.0073866937967257,0.0093455988145043,0.0039099485984894,0.012340567254751411
2011-06-30,0.0181037105578394,0.0174739747900145,0.0201652167686059,0.0185185451286387,0.014281245508577,0.017327237026881548
2011-07-01,-0.0072656563709359,-0.0054644752755009,-0.0103325956443777,-0.0022727304791371,-0.0038400607579454,-0.003613378447446136
2011-07-04,0.0026963998522049,-0.0023549729545708,-0.0004537770184148,-0.0004556219107777,0.0118855457464801,0.004260045602471951
2011-07-05,-0.0053786038486725,-0.0110146579223562,-0.0022707158029229,-0.0004554254028955,-0.0114286358949738,-0.002739444227399246
2011-07-06,-0.0059865077888786,-0.0071598963789886,-0.0036413336509887,-0.0036479950180628,-0.0028902347134917,0.0015054857345118133
2011-07-07,-0.0015544367994506,0.0024036521822266,-0.0009138617125973,-0.0036613516104975,-0.0006437432625073,0.00012404951448075074
2011-07-08,0.0073942363650958,0.0039969895011189,0.0169182278265185,0.005971242106957,-0.0009669864111636,0.01068536461645686
2011-07-11,-0.023565549321426,-0.0127391239749251,-0.0292266097045539,-0.0155249944321841,-0.0312903551069353,-0.015560613046648242
2011-07-12,-0.0180017997542778,-0.0370964533961147,-0.0208427563906066,-0.0222632945875412,-0.0602731070660764,-0.018956068188099473
2011-07-13,-0.0008059109663859,-0.0050254193945273,0.0,0.0037945659039744,0.0134656776795241,0.004298849134790839
2011-07-14,-0.0116936479084529,-0.0126261507776169,-0.0175026458821397,-0.008506441568859,-0.0244758169968656,-0.005321614024973109
2011-07-15,0.0,-0.0025576438753512,-0.009147663282463,-0.0095329023667936,0.0394268634277561,-0.0038353327025115735
2011-07-18,-0.0026518712719365,0.0047011053379846,0.0072885855601363,-0.0014436126355527,-0.0131034963722194,-0.00034573793666714536
2011-07-19,-0.0069545561545237,0.006805606687944,-0.0024117007619953,0.0009639422352647,-0.019217425963067,-0.000855304423903247
2011-07-20,0.0205974104302144,0.0261931610532391,0.0232105367483912,0.0207030919771182,0.0156750845331719,0.01825357076413381
2011-07-21,0.0038347695422693,0.0127625903931263,-0.000944972559551,0.0028301291895465,0.0206948746753772,0.0013891093354307937
2011-07-22,0.0156813845688679,0.0252035186018719,0.0217594094574549,0.0221071452555934,0.0329893773620504,0.01027745126305768
2011-07-25,-0.0193982459370267,-0.0233943394180454,-0.0157406611947004,-0.0193280206204731,-0.0332667749426845,-0.015750066589978573
2011-07-26,0.0137262122639565,0.0077140165321667,0.0047038825249474,0.0112623941734966,0.0151411371980922,0.009486647469340026
2011-07-27,-0.0079650824396108,-0.0149071756773258,-0.0159178274157407,-0.0125289959231846,-0.0057625040522829,-0.00786473260881293
2011-07-28,-0.0076274146674135,-0.0110426894655096,-0.0176023599542536,-0.0136280015744049,-0.0456871887111142,-0.01621907795656763
2011-07-29,-0.0034384339847112,-0.0074445539475294,-0.0111378704885973,-0.0076226240758483,-0.0150052320953787,-0.008765541239423968
2011-08-02,0.0030445182132023,-0.0012499491658171,-0.0024487448846874,-0.0004801199884881,-0.0206748543928335,-0.014269124121939702
2011-08-03,-0.0176043984346092,-0.0321234075334522,-0.0132547517146722,-0.0254565593628065,-0.0496292860473693,-0.022735601656724946
2011-08-04,-0.0205970000283998,-0.0228450612375884,-0.0164179886719408,-0.02365659589119,-0.0237727254962568,-0.012977256607642262
2011-08-05,-0.0271296809611267,-0.0397000127685945,-0.0252906598247791,-0.0358406837992507,-0.0718564679971841,-0.040014163859727336
2011-08-08,-0.0138345717764192,-0.0399629452863102,-0.0223144506287976,-0.0314135982841556,-0.0167740442371903,-0.029059876741728607
2011-08-09,0.0363875454143316,0.0287078728339473,0.0222930223161839,0.0275674737376518,0.0279962970685994,0.012222906830585023
2011-08-10,0.0200928990626652,0.0604653955682523,0.0456904934471222,0.0415573228864005,-0.0034040729164374,0.027381813774282726
2011-08-11,0.0072570318375408,0.0043854365409012,0.0153921102919041,0.0146465498679484,-0.0192141974915834,-9.035138237611928e-05
2011-08-12,-0.0004118709053358,0.0026205025274974,0.0009781043010941,-0.0084620193482851,0.0265564952061887,0.007800824157072173
2011-08-15,0.0149959477065397,0.0265677607349785,0.0341964309746187,0.0366465429893743,0.0292618567256413,0.029395942331124525
2011-08-16,-0.0116085083730933,-0.0152733360689772,-0.043457883847125,-0.0145279711139026,0.0337864555503508,-0.00817703681029458
2011-08-17,0.0121716022831859,0.0064625697166058,0.0128393073719714,0.0113023580415332,0.0275010862043996,0.01336347359336676
2011-08-18,-0.0016875383122758,-0.0085614307788585,-0.0063381134503502,-0.0077746990860411,-0.0178432498424495,-0.012252380649561578
2011-08-19,-0.028740288408327,-0.0328154671563005,-0.035819318961889,-0.0450536944696086,-0.0576619282588649,-0.03497396203990166
2011-08-22,-0.0013056623487985,-0.0084819749243852,-0.0147582326773271,-0.0102564230832504,-0.0163453550852391,-0.002606102446086611
2011-08-23,0.0241830360462547,0.0315175138665477,0.0361568423975213,0.0269431311223879,0.0413293223417132,0.023561783613248233
2011-08-24,-0.0063820910311738,-0.016150183824755,-0.0169488471593498,-0.0065590611363602,-0.0175939896217013,-0.0012134359521724924
2011-08-25,0.0166991976065977,0.0235134587750081,0.0141986870721082,0.0096494219748526,0.016243005384914,0.01154036369047895
2011-08-26,-0.002526953389741,0.0034679104499997,0.00249983774085,-0.0015088555770949,-0.0061474683241703,-0.002975356288135278
2011-08-29,0.0124553052103724,0.0125268283672053,0.0184539456509493,0.0181361967697437,0.0263917916517053,0.016306760578071566
2011-08-30,-0.0006255673497296,0.0093858595870599,0.0029382995938833,-0.0014846563932042,0.0317396196714507,0.0014015265656404097
2011-08-31,0.006050430134967,0.0025358216835855,0.0058592749560195,0.0054505524928645,0.0062304844532408,0.006625982726511381
2011-09-01,-0.0029032295479414,0.0054803495053306,0.0058252508201086,-0.0009854684110881,0.0089007656969826,0.003340074530845394
2011-09-02,-0.0116473687175234,-0.0142554529053462,-0.0101354150590208,-0.0172668105585775,-0.035289392199944,-0.014732484697168813
2011-09-05,-0.0237791730784097,-0.0314762354422407,-0.0258408275511994,-0.025602486070278,-0.0441351366547116,-0.021381474622137686
2011-09-06,-0.0088382379742085,-0.0276679071414057,-0.0240241687764011,-0.0077279855096417,-0.0366055443001392,-0.01595779157230437
2011-09-07,0.0328402272705687,0.0361338751873294,0.0292310980275902,0.0399792619291101,0.0159756916204119,0.026463732077823154
2011-09-08,-0.0056853426378435,0.0117698728952757,0.0009965134656695,-0.0054917031186356,-0.0140246556679136,0.0011350207753593189
2011-09-09,0.0040236365730863,0.0047390738505079,0.0019909331310186,0.0010041063520245,-0.0086205064454305,0.0016506252671317778
2011-09-12,-0.0413416559350976,-0.0411661382147725,-0.0461999293845232,-0.0366101164248755,-0.0421740322754177,-0.03614494089621079
2011-09-13,-0.0074807391364044,0.0053667199966189,0.0057292332655263,0.0057264695868941,0.0013616954717523,0.00845845788272337
2011-09-14,-0.0246062979588644,-0.0298043948916457,-0.0201964208900377,-0.0155278537338304,-0.0371713123989532,-0.016423698438031042
2011-09-15,0.017272723077929,0.0238422494034131,0.0258983755273769,0.0205044741018691,0.0098871851761073,0.01673405728406796
2011-09-16,0.0183198520636302,0.0237349151409214,0.0262749799143344,0.0200928308568424,0.0494172911901189,0.019102617582646753
2011-09-19,-0.0138221988729544,-0.0183726842328709,-0.0205824142378201,-0.0196970611389997,-0.0319858738018635,-0.01607529797614138
2011-09-20,-0.0129028469814881,-0.0196079286290666,-0.0143509586791479,-0.004636631398312,-0.0229463697535606,-0.010078889713331263
2011-09-21,-0.0094658625460752,0.0086361924997306,0.0041594823510804,0.0036230549445983,0.0328791528474017,0.007810386444880413
2011-09-22,-0.0232080720757911,-0.030193487775262,-0.0201964208900377,-0.0211449933581384,-0.0381988623970144,-0.026218682859846743
2011-09-23,0.0093176738661564,-0.0236986921441043,-0.010042469720231,-0.0121180590313846,-0.0208041087254818,-0.015555728032694671
2011-09-26,0.0120003309997145,0.007139391285029,0.0245595633980904,0.0016002623985751,-0.0328343662959309,-0.00953400126281756
2011-09-27,0.0387688362797136,0.0576556575542264,0.0552369459213724,0.0537803729640438,0.094358509052848,0.03640810259897598
2011-09-28,-0.0010975795389843,0.0254693044020122,0.0197531154417776,-0.0025266440858727,0.0282847409242334,0.008729807974019232
2011-09-29,0.0002194876953445,-0.0196077697394089,-0.004842835438153,-0.0081052023094121,-0.0013308025906817,-0.007737963377753232
2011-09-30,0.0008791048954626,-0.005777824067023,-0.0102186197356289,-0.0030640610805817,0.0159927302615592,0.00015346569529062215
2011-10-04,-0.0447858874701341,-0.0406795958976159,-0.0491640556781186,-0.02766425862967,-0.0905115402407024,-0.006311046525471764
2011-10-05,0.0,0.0149115594637589,0.0243019355559188,0.0100106212899804,0.0134614832427388,0.01404382357602807
2011-10-06,0.0434384083216192,0.0500458040659723,0.0464410230668754,0.0453835628842964,0.0692599591184055,0.03652137336702843
2011-10-07,0.018722100180103,0.0389155192215768,0.0246022182118759,0.0334329288151913,0.0674357509277732,0.022845060761986113
2011-10-10,0.0099457147303738,0.0122056272614941,0.0216567563902319,0.01400319436832,0.0157936731582335,0.009178915781768104
2011-10-11,0.0115613867037573,0.0066527990614162,0.0101383668826213,0.0095237140067037,0.0274143422658244,0.006332125321118154
2011-10-12,0.0044442844595002,-0.0004132984111127,-0.0132299972300937,-0.0056603629546828,-0.0151339103282989,-0.005504374874391149
2011-10-13,0.0025283889856031,0.0057853160515726,0.005548164636816,0.0009485363050982,0.0012135537933486,0.00957972601340451
2011-10-14,-0.0016813147345019,-0.002465173444521,-0.0064368910888079,-0.0052132142203824,-0.0222132783414916,-0.009164058379417472
2011-10-17,0.017052354425741,0.0193575259982166,0.0175844758525909,0.0176276548450806,0.0260220822768777,0.01658836406659181
2011-10-18,-0.0178017173466218,-0.0210098869035116,-0.01864491389964,-0.0135766486542143,-0.0257650087093039,-0.020702626906594523
2011-10-19,0.0118020153555045,0.0152700610246971,0.0125119601270886,0.010915815474296,-0.0165284236529138,0.0064065407054507695
2011-10-20,-0.0060405879380055,-0.013008117462633,-0.0146457278872493,-0.008450734717749,-0.0336135800505092,-0.016322852181790748
2011-10-21,-0.0035619618565357,0.0016474448388055,-0.0013934578010965,0.0042615366011167,-0.0204349229436332,-0.0007374128958997916
2011-10-24,0.0258673138261704,0.0254934941606113,0.0306979266288833,0.023573705078921,0.0359522439245993,0.027322972706148807
2011-10-25,-0.0012300243743194,-0.0108260188048783,-0.0072201264892091,-0.0073699244585295,-0.0102827788087325,-0.006383980178323978
2011-10-26,0.0080048082158594,0.0113497093337631,0.0136361796778519,0.0018559036872403,0.0004326857518242,0.003466125178659407
2011-10-27,0.0179189016444412,0.0368737139904165,0.0206278312309862,0.0189902377933397,0.0536562355761671,0.024899829260634387
2011-10-28,-0.000600087710432,0.0046388501695395,-0.0035146527623385,0.0036365904669268,0.0328543577153586,0.0012754215536490143
2011-10-31,-0.0138109181403242,-0.011158262665683,-0.015873324355296,-0.0181159634929558,-0.0095428222245896,-0.012668555847957785
2011-11-02,-0.0213112356607433,-0.0307394074949514,-0.0358423434533811,-0.0359780259043668,-0.051786460807122,-0.011402219013279313
2011-11-03,-0.0043550429283939,-0.0096345802983079,-0.0004646334761814,-0.0196170822097601,-0.0160878868810481,-0.0030664130853049754
2011-11-04,0.0212456253092865,0.0210785014549272,0.0264991856169409,0.025866329777473,0.0327022781713142,0.026202500640933435
2011-11-07,0.0059146092066233,-0.0003970297889811,-0.0079885934272468,0.0080874186685961,-0.0111455017154171,0.0007795105738535035
2011-11-08,0.0072992655374735,0.0099281707616181,0.0080529249707381,0.0184049946280315,-0.0034724043342491,0.004780450081200316
2011-11-09,0.0056361273496137,0.0129768344076277,0.0131581823544473,0.0083410871922071,0.0296166314023096,0.012251077826392676
2011-11-10,-0.022618128239935,-0.0127966051607737,-0.0324674940845947,-0.022857133542006,-0.0186124327187361,-0.019669719993747004
2011-11-11,0.0155644364641438,0.0020380793052043,0.0086291189464589,0.0087717176309158,0.0163794716974552,0.012350604531222942
2011-11-14,0.0054445834305048,-0.0008133301106044,0.0004750754003008,-0.001932125574829,0.0127225478770269,0.0020621280033243927
2011-11-15,-0.0142400500928679,-0.0016288278250542,0.0019001055647838,0.0019358659108648,0.0062814725077411,-0.004398349410969171
2011-11-16,-0.0107831515877153,0.003670489737527,-0.0218113341550738,-0.0111109882264684,-0.0199751028130843,-0.008923719720680401
2011-11-17,-0.0002057180964009,-0.0109712930707759,0.0106645268013905,0.0053739074810763,0.016985187346427,0.0026800519459588834
2011-11-18,-0.0181032135585954,-0.0361543316671804,-0.0230219135578287,-0.0252675138588638,-0.0296451805124904,-0.019084244362653435
2011-11-21,-0.0037710093762385,-0.0110829729114498,0.0024543416133215,-0.0154534396960999,0.0060241024723095,-0.0032312977690999167
2011-11-22,-0.0031550475927767,-0.0030169251215795,-0.0029381447052131,-0.0106328524265165,-0.020530211865952,-0.007212581139166674
2011-11-23,-0.0238398628698334,-0.032857774940841,-0.0260313262240206,-0.022518046465028,-0.0257640843292904,-0.01983619242931345
2011-11-24,0.0071322487040987,-0.0058114492042277,-0.0040345471285918,-0.0047119841156488,-0.01703288362304,-0.0016803233550326535
2011-11-25,-0.0259654756544842,-0.0188848752395139,-0.012658132555225,-0.0126251538976929,-0.0250800043192819,-0.01480372831746346
2011-11-28,0.0330472543455777,0.0421632754851311,0.0389743842222878,0.0229090253758583,0.0556591764751703,0.01853753057987295
2011-11-29,0.0102363323379233,0.0158311038498955,0.0093781431624599,0.0161456236363719,0.0296858366136547,0.010818122763656346
2011-11-30,0.0006331972457942,0.0134200400284394,0.005867979446648,0.0199899107872327,-0.0043029969573644,0.004318540140926919
2011-12-01,0.0253166306290508,0.0324644740826975,0.02722408447384,0.0301507451243321,0.0522903903007978,0.02644641616942267
2011-12-02,0.0195474010050047,0.0157218835251309,0.0208236393344902,0.0185366149965542,0.00082132434545,0.014036248559774256
2011-12-05,0.0082743585184268,0.0040734014871424,0.0055631913985594,0.0081416404010794,0.0094379975776286,0.007770698408323673
2011-12-06,-0.0052040618534314,-0.0150100870952788,-0.010603890511954,-0.0028502541210628,-0.0028455679145293,-0.013732790612327683
2011-12-07,0.0094566410491336,0.004942077606612,0.006989733195309,0.0119107528873247,0.0158988889805249,0.007213518924988227
2011-12-08,-0.0097668520460193,0.0086068820717346,-0.003702224283218,-0.0051791900014789,0.0024076863885733,-0.0027448674382014593
2011-12-09,-0.0169081507250381,-0.02397413387039,-0.0213655875058096,-0.0132515672380588,-0.0240192505138853,-0.01805476007994411
2011-12-12,0.0202704329680525,0.0141549050123426,0.0104416217276057,0.0047964364696642,0.0077933503026832,0.011872726823026536
2011-12-13,-0.0096326920199993,-0.025041040856405,-0.0216063359137703,-0.0100239141704328,-0.0166869754856932,-0.01397818355087388
2011-12-14,0.0006079474693643,0.0046316326514788,-0.0014402069395055,0.0110900741762574,-0.0012416749722868,-0.0006919192616515746
2011-12-15,-0.0151884438522438,-0.0159262447889795,-0.0163463973531572,-0.0090610838549194,0.0091170864488343,-0.01208698281690257
2011-12-16,0.0102816623928485,-0.0021294162766184,0.0024435458177298,0.0072187357235369,-0.0094457492348114,0.0046966219349662275
2011-12-19,-0.0170975871054464,-0.011950413838587,-0.0224276249368156,-0.0133778871040733,-0.0257045207892683,-0.02376594776053531
2011-12-20,0.0006213718109475,-0.0090714140187909,0.0009974899610092,-0.0116223746227258,-0.0034045880232502,-0.0017914630692221767
2011-12-21,0.0211090826468638,0.027026883293004,0.0204285906291705,0.0215577730727958,0.0286082683540391,0.02132121817351873
2011-12-22,-0.0004053546880694,-0.0067909755753698,-0.0063477596575532,-0.0143883858530525,-0.0083022624893093,-0.01014020824618267
2011-12-23,0.0099354113214615,0.01923065951031,0.0157247684359858,0.0092458621164639,0.0117204739361502,0.012122702948498265
2011-12-28,-0.0100384733288451,-0.0176099514466826,-0.0261251137275146,-0.0004819708149752,-0.0132394281570248,-0.012475640455341774
2011-12-29,0.0004055236358908,0.0038412465527368,0.0009938426913416,-0.0038591739524387,0.001257814098136,-0.004325248954030081
2011-12-30,-0.0022295535472584,-0.0068029148274791,-0.0074442587121817,-0.0058112391169428,-0.0037690045291139,-0.0035650669902160814
2012-01-03,0.0079236470770902,0.0171231381761407,0.0080000832611879,0.0073064306031349,0.008407033250247,0.010993512768498581
2012-01-04,0.0076595119718338,0.0185188342743898,0.0163689927452843,0.0164409650787531,0.0233430825822495,0.021136444663259812
2012-01-05,-0.0068011983976102,-0.0194214171293927,-0.0092728733779158,-0.0133207103415263,0.0,-0.010782836299392251
2012-01-06,-0.0028200745235419,-0.0139065095866675,-0.0137929858285636,-0.0139826211970393,-0.0122200866386543,-0.008246788458428411
2012-01-09,-0.0022215251800967,-0.0012821554534298,-0.0014983710797724,0.0044010290027445,-0.0189691034952278,-0.0007475705555683998
2012-01-10,0.0076924615892595,0.0055625816288538,0.010505080728296,0.0102238976289412,-0.0016812396118366,0.011396980473747265
2012-01-11,0.0032137888726246,0.0029787048559943,0.0212870994585456,0.0159036613675085,-0.0042106716996377,0.00849800189385852
2012-01-12,-0.000600611887743,-0.0004242376004012,-0.0009693433206066,0.0009486986173177,-0.0029595668935437,-0.0015585378731290955
2012-01-13,0.0032058792489757,0.0101867076181503,0.0033965603205328,0.0047395042137883,-0.0050893255613326,0.003561828484887508
2012-01-16,-0.0111846057470464,-0.0163861492239828,-0.014990493312452,-0.0160379979635729,-0.0251490151174044,-0.01159528373926999
2012-01-17,0.0066657361309037,0.0166591281843531,0.014236807992032,0.009108356860751,0.0201135585496288,0.016492257049240067
2012-01-18,0.0,-0.0058821230965163,-0.0043564807161347,-0.0123511689528229,-0.0034290871133683,0.0005328761193905684
2012-01-19,-0.0008028834938882,0.0092982091220963,0.0014583077125307,0.0014429491695142,0.0210754086256312,-0.0007362855143300262
2012-01-20,0.0006026849363918,0.0,0.0038838451097658,0.0033619616468154,0.0320133364173669,0.005918935825831806
2012-01-23,-0.0018065045232953,-0.0012561909479643,-0.0106386365914622,-0.0009574297129523,0.0175510240192398,-0.0034279035625965903
2012-01-24,0.001206361895476,-0.0054506303187078,0.0058653197024352,0.0038332865334269,0.0028079013361115,-0.00020707190991808844
2012-01-25,0.0240965514344861,0.020236082289345,0.0349853682782785,0.0224346496475988,0.0228001532601265,0.011152478784727471
2012-01-27,0.003137361119436,-0.0049585099320961,-0.0004694759370146,0.0037346585482869,-0.0015646272871875,0.0039874272252242715
2012-01-30,-0.002345455739407,-0.0070602457158223,-0.0089245318125065,-0.0013956965376579,0.0031335923505535,-0.003644428515194753
2012-01-31,-0.0074452882020776,-0.0025092298241372,0.002369630080008,-0.0027941982642064,-0.0042948949614857,-0.002353854128683497
2012-02-01,-0.0043430218221816,-0.0079663652436733,-0.0141838679679202,-0.00653903061974,-0.0188238090846333,-0.00868382887266772
2012-02-02,0.0043619659354268,0.0097208328801283,0.0033567490459534,0.0042313600867815,0.0063949327990604,0.009981956686098581
2012-02-03,-0.0017765292015378,-0.0058600598175296,-0.0062139479235771,-0.0117043310171681,-0.0075456027371828,-0.003906965405518936
2012-02-06,0.005339072623038,0.0176841953047099,0.0115438240204348,0.0104213616528312,0.0444176123067714,0.010541327268457357
2012-02-07,-0.0064909784020089,-0.0397186531120106,-0.0052306399209057,0.0014069210767024,-0.0076626862296015,-0.005071809867981947
2012-02-08,-0.0037617823511499,-0.0120638875684792,-0.000955906078141,0.0117039303485728,0.0312742088239026,0.0038639717215787073
2012-02-09,0.0017887615500236,0.0030527503413384,0.0086125042797782,0.0004627650837507,0.0056158651656761,-0.0010767802159009632
2012-02-10,-0.0105138524162308,-0.0026085079352623,-0.0109104374220692,-0.0092504268502857,0.0100522136234766,-0.008764821304550696
2012-02-13,0.0082198471781644,0.013949530672481,0.0143879446755277,0.0163395431808095,0.011794881081798,0.00940754861082116
2012-02-14,-0.0065621192320948,-0.010318485910858,-0.0118202414642915,-0.003674518704684,-0.0244078855071154,-0.009765264831384624
2012-02-15,0.0054042623145904,0.0013032208944914,0.0028708686356813,0.0004609595020492,-0.0089622478613201,0.0024911442651867066
2012-02-16,-0.0075649708939851,-0.0182210464925841,-0.0353054804315471,-0.0230414969183777,-0.0015069664700979,-0.016798819022039724
2012-02-17,-0.0034104562170071,0.0039771417086107,-0.0034617582076128,0.0165092080753443,-0.0052830245780913,0.00340053429345466
2012-02-20,0.0163525880584176,0.0202463334123921,0.0248138092042669,0.0185615471152875,0.0284523633727331,0.018356015875642173
2012-02-21,0.0075359755185302,0.009491050651045,0.0004845622539066,0.0022778874531184,0.0184432817233621,0.009134509803319313
2012-02-22,0.0034363839385724,0.0021367945956274,0.0053240049643832,0.0063637643842375,-0.0112278508638793,0.0005110294397394632
2012-02-23,-0.0024174772763515,-0.0102346856160581,-0.005295810045411,-0.0031617131678586,-0.0197802690763946,-0.0013677277102364105
2012-02-24,0.0036350410646879,0.013356439866863,0.0058079213002146,0.0058902659136259,0.0093424906950054,0.005072641246190557
2012-02-27,-0.0052316061263156,-0.0012755159463472,-0.0033682629757546,-0.0054054038425342,0.0,-0.005872654090490315
2012-02-28,-0.0058656514907908,-0.0085145284181656,-0.0014485517969057,-0.0090580006816003,0.0103664067218334,-0.0008176869155459565
2012-02-29,0.0056968396962546,0.0163161263439541,0.0106380203411891,0.0031992842020855,-0.0190546092075269,0.00900710401421656
2012-03-01,-0.0074852863698924,-0.0038023963654925,-0.0095694266159168,-0.0118448393016635,-0.017183374571453,-0.009613160192220804
2012-03-02,0.0012228389103166,-0.0055128477085216,0.0028988118575574,0.0142920133562842,0.0148235262617515,0.004186829319530405
2012-03-05,-0.0006105589462015,0.0034115618720191,0.0,0.0090909391509952,0.0037449732543952,-0.0011657946012216813
2012-03-06,-0.0103891820955884,-0.0021250867354888,-0.0096340605985204,-0.0049552265906626,-0.0212685982202108,-0.013618637953551116
2012-03-07,-0.0189375826795393,-0.0174615860009286,-0.0126460192121639,-0.0153912567952456,-0.0270680492167635,-0.01441867010845721
2012-03-08,0.0079729755606872,0.0134372918398633,0.0054188411610949,0.0018390470362223,0.0039182761368641,0.00673032812424168
2012-03-09,0.0008327935166794,0.0076987261500807,0.0137188547955786,0.0064250945034338,0.0070257786260714,0.01003033330554648
2012-03-12,-0.0049918285246858,-0.0093379700115315,-0.0087003289494284,-0.0086639431453793,0.0174418336003328,-0.0036326737384111407
2012-03-13,0.0110785425827537,0.0145674026406297,0.0112141749275418,0.0170192299554037,0.0160000170651435,0.01214162457242507
2012-03-14,0.0088898356265281,0.0076014842719684,0.0077147452191337,0.0085932163320752,0.0209973973706047,0.009503518204210248
2012-03-15,0.003688672752599,0.0033527463906339,0.0009568207088723,-0.0008965090452044,0.0055083562983613,-0.0021634683010450795
2012-03-16,-0.0004086335842049,0.0100252060400265,0.0100383844771005,0.010323042461251,0.0054788402399108,-0.0003598440695909977
2012-03-19,0.001429927249769,-0.0012406052615293,0.0042592779673438,0.002665671051915,0.0177986172202893,0.004270554583764907
2012-03-20,-0.002651624510337,0.0020703391063141,-0.0009422916906268,-0.0017725158235289,-0.0017843725068422,-0.00367683251266937
2012-03-21,-0.0055211998824733,-0.0041324086706294,-0.0070754563389311,-0.004882361599787,0.0107257605792943,-0.004858200201856566
2012-03-22,0.0080196918498804,0.0120333790712596,0.011401339710138,0.0102587735278809,0.029713507153791,0.004598974032852476
2012-03-23,0.0028561254448897,-0.0016401811249213,0.0037577711167613,0.0039735554758504,-0.0116798288200278,-0.0007191276121052415
2012-03-26,0.006509120505302,0.0024642663419294,0.0028075288726616,0.0030783844870045,-0.0066041662206398,-0.001486315972147545
2012-03-27,0.0076798614039892,0.0102417188223455,0.0139987400648284,0.0162209619717437,0.0339397404351933,0.009039034750560004
2012-03-28,0.010429114587275,0.0113543465286074,0.0096642959140318,0.0116474579174803,0.0125211688991622,0.009829206915314748
2012-03-29,0.0013897714418975,0.0020048514414496,-0.0027347836816021,0.0004266368860252,-0.0160424792181512,-0.0012914630149860606
2012-03-30,-0.0069377365464691,-0.0156063129349952,0.0004570310262712,-0.0085249036554738,-0.0122285334656311,-0.0005962564529757852
2012-04-02,-0.0029937479562227,-0.004471315693415,-0.0077659781536504,-0.0085987544132087,-0.00790922881463,-0.0013769582219105292
2012-04-03,0.0018016126066049,0.0048997925225011,0.0046039768267804,-0.0030353886512928,0.0103987857220539,0.0017935011535847867
2012-04-04,-0.0027979813680315,0.0073142265583523,0.0137487294391076,0.0008697880075534,-0.0041168542667795,-0.0006808776991351628
2012-04-05,0.0032065585371987,-0.0004033592845756,-0.0031641221275091,0.0013036411851308,-0.0110229141918059,-0.003206788074967881
2012-04-10,-0.0013984318632621,-0.0080713698969766,-0.004535361670602,-0.002603702108174,0.0045281197418771,-0.00636975328036149
2012-04-11,-0.0078012904931514,-0.0113913039325189,-0.0022777705310935,-0.0091383295431533,-0.0322471626089442,-0.010741437037184554
2012-04-12,0.0032254263361428,0.0115225609261091,0.0068493967764911,0.0092226087814457,0.0103909276191989,0.008128377801363884
2012-04-13,0.0084407302064082,0.0089503771238943,0.0031741655750414,0.0,0.0280140188592035,0.009967898091946648
2012-04-16,-0.0015942586496846,-0.0060483227237388,-0.0018080011998931,0.0060918162371776,-0.0158676267814449,-0.004851485415439116
2012-04-17,0.0,0.0081139391666538,-0.004529392423635,-0.0051899406102441,0.0206801566312664,-0.0031488521183337115
2012-04-18,0.0135729858412614,0.0132791792821203,0.0036400009315495,0.011304373225901,0.0223213283278258,0.01396140111640487
2012-04-19,0.0,0.0023831291750355,-0.0018131108393142,0.0017194749277502,-0.0167955865601329,0.003234723214067703
2012-04-20,0.0031507690411689,-0.0019810218797037,0.0036329048210383,0.0064375367021318,-0.0119577418122801,0.0008646995962953152
2012-04-23,0.0001963456886326,-0.0043666797461761,0.001809829244038,0.0004266368860252,-0.0027658982311342,-0.0032226942210086262
2012-04-24,0.0039254117661164,0.0035881654328286,0.0149054844354394,0.0110828125159601,-0.0152567625019196,0.0018415000742371124
2012-04-26,0.0099706974667101,0.0071513132354212,0.0089007046946558,0.0004216000289365,0.0010562982546655,0.003383688205294
2012-04-27,-0.0013550477475503,-0.0078892513751233,-0.0035290223345157,-0.0029499565008095,0.0295462227372764,-0.0030055389650042175
2012-04-30,0.0073657587205873,0.0031806848082487,0.0061971436348584,0.0105664590366705,-0.0020499268072825,0.00796223586257061
2012-05-01,0.016932680063922,-0.0007927412671869,0.0043995886540659,0.0033459983499088,-0.0010271306576363,0.007489630625838295
2012-05-02,-0.0032164709476212,-0.0043633078561275,-0.006132183384585,-0.0079201557685631,0.012680061899194,0.0015170199168430543
2012-05-03,0.0,0.0039841437607903,0.0096960250874666,-0.0067225669957557,-0.0152284040552596,-0.0015669739800000526
2012-05-04,-0.0011390920568675,-0.002380963472681,0.0,-0.008460263226894,-0.0099655091634789,-0.007432880269610531
2012-05-07,-0.0106422577152137,-0.0171043572999309,-0.0082934645033599,-0.0145052654062308,-0.0229252772664866,-0.021229955345044904
2012-05-08,0.0003842431679668,-0.0032375091245331,0.0048414709927284,0.0004331936159653,0.0043858624691064,0.0030353498175961224
2012-05-09,-0.0080645051693759,-0.0008117725145377,0.0004379200629818,0.0004322653844675,-0.0010917096129094,-0.0091018958682626
2012-05-10,0.004645682270723,-0.0016256123170903,0.0026272071944057,-0.0138020844901083,0.0218580549068505,0.0065206280150522655
2012-05-11,-0.0019269233328258,-0.0008139422460762,-0.0078603199278022,-0.0049662373929787,0.0106950623219885,-0.002440036207959295
2012-05-14,0.0193053566566752,0.0101833161936182,0.0077625454238481,0.0072596369842008,0.0155206850505846,0.005229461824717729
2012-05-15,-0.0026517228755581,-0.0052419291962721,-0.0077024741592666,-0.0040540909982907,-0.0305663402910427,-0.007148640666282513
2012-05-16,-0.0169010995929359,-0.0109446116695995,-0.0100457596848091,-0.022614210179727,-0.0386959060840221,-0.023615121412936868
2012-05-17,-0.0144868877670223,-0.0020490330205633,-0.0212179375491945,-0.0018511187312901,-0.0163993875782129,-0.00194808590888651
2012-05-18,-0.031752358313029,-0.0422994890910743,-0.0381713275904586,-0.033843304544066,-0.020462280341929,-0.02663436154491572
2012-05-21,0.0048583691401375,0.0120065845808399,0.0097990958153093,0.0038389291411333,0.0042553434252852,0.0067412423101034236
2012-05-22,0.0054390424643784,0.0131354267058074,0.006792813669826,0.0066920119602762,0.0181046089156142,0.011631321380633608
2012-05-23,-0.0096173000342204,-0.0092006056270326,-0.0134938666798749,-0.0194681583918421,-0.0170258740942871,-0.013096222989235629
2012-05-24,-0.0024276726649592,-0.0088648288977447,-0.0039082690956692,-0.0087166869885929,0.0061582801875237,-0.0026929848331422868
2012-05-25,-0.0119649157663371,-0.0076662319145198,-0.0132418106974728,-0.0043965155641766,-0.0118590210283173,-0.006558855551367815
2012-05-28,0.0114941605954383,0.0150214641034813,0.0139162869604307,0.0098134843391994,0.0267131408517982,0.00976776487244968
2012-05-29,0.0121753846198038,0.0067655217387072,0.0073528009671528,0.017492567973939,0.0131972646627707,0.011402652318894146
2012-05-30,-0.0028071057983446,0.000419864593427,-0.0063256685673658,0.0014332074127765,0.0070711908349265,-0.004905363230542359
2012-05-31,-0.006835313504758,-0.0177937050414982,-0.0063663384254749,-0.0033386708058098,-0.0033259619866889,-0.0023314689765426833
2012-06-01,0.0058702497450124,-0.0004448042320256,0.0073928637160596,0.0162680385119935,-0.0048201340175226,-0.0030363835989852817
2012-06-04,-0.0128796921336317,-0.019581571968938,-0.011741816657141,-0.0174199051134645,-0.0294335927049587,-0.019314631688743145
2012-06-05,0.0193681589077581,0.0236039894134487,0.0193068237194327,0.021561849506156,0.0065257473483273,0.014721983876229805
2012-06-06,0.0009998869064657,-0.0133034892946232,-0.0116559809651028,0.0009383442051278,-0.0015256960192965,0.002868477751011733
2012-06-07,0.0197803815572548,0.0139325586705332,0.020638604445176,0.0220242318756447,0.0198626787205529,0.013175331254191569
2012-06-08,-0.0111676596208049,-0.0177305433866705,-0.0163694458696389,-0.0114624938734008,-0.0149811648035307,-0.010922370359056743
2012-06-12,0.0069345444515636,0.0027075635720517,0.0068524614806464,0.0097400910314287,0.0003803638529376,0.0022603028419756477
2012-06-13,-0.0039356004645726,-0.0031503609029561,-0.0038890711963587,-0.0091869969774489,-0.0193841742986878,-0.0022324733790730633
2012-06-14,-0.0009874197077583,-0.0040631791810894,-0.0097608376452765,-0.009735673862538,-0.0255816741856984,-0.005302714833045896
2012-06-15,0.0063277064218834,0.002719837307048,0.0024640860964999,-0.0037451798616595,0.013126428979459,0.0037343606350863645
2012-06-18,0.0127728876544979,0.0311935883240241,0.0206492579408841,0.024435866971773,0.0263054754788962,0.01961113053201191
2012-06-19,0.0009700104792353,0.006137650972358,0.0019268369991363,-0.0055043840475836,-0.0053558082418624,-0.003280877627771628
2012-06-20,0.0096918599957802,0.0217864780974907,0.0192306253710823,0.0032288542356244,0.0,0.0022104602672261553
2012-06-21,-0.0059514802361054,-0.0132195926356148,-0.0103776541319546,-0.007816279213334,-0.0192308159782712,-0.010859580665036117
2012-06-22,-0.0017380129157833,0.0012963522637274,-0.010962503022722,-0.0139016319926892,0.002745045633604,-0.009628279697655784
2012-06-25,-0.002708667028245,0.0012945784539648,-0.0048195129594341,0.0028195418954997,-0.0039107193174894,-0.003102452071133688
2012-06-26,0.0029101184425144,-0.0025859047077193,0.0009686499468628,-0.0018744420868498,-0.004711246347266,-0.003603123641818695
2012-06-27,0.0087035816424432,0.0103715827502472,0.0120945252131718,0.0112674805641399,0.0098618511162296,0.007443365695792847
2012-06-28,0.0090127774349126,-0.0017111051366641,-0.004779861263551,-0.00185703807782,-0.0015627148458594,0.0004113820787237099
2012-06-29,0.0091219250713019,0.0085693373302282,0.0148896111980072,0.0246515091987338,0.0172145015470961,0.012311003879869942
2012-07-02,0.0080982350326148,0.0093454194469397,0.0156177118233014,0.0145252942062235,0.0307695486522443,0.009400235452531547
2012-07-03,-0.0039234109541941,-0.003366920310479,0.0041935389391114,-0.0040266969664788,-0.003358424399978,-0.0012715641916345444
2012-07-04,0.0050640750175583,0.0063345128255181,-0.0009279109083921,0.0049414160998042,-0.0086111889454969,0.010888747113185548
2012-07-05,0.0041049599079119,0.0008393966219575,0.0102184018528668,0.0049174902282012,-0.0060418021262068,-0.0007104697404479721
2012-07-06,0.0052036266442188,-0.0029350532529012,-0.0004600185344076,0.0044485110252121,-0.0060792611208709,-0.002707552338214625
2012-07-09,-0.0057310785498932,-0.0046259231012485,-0.0064394565082882,-0.0035429186639251,-0.0156728733310289,-0.009509721896031276
2012-07-10,-0.0063219752224453,-0.0050694898731205,-0.0018517149405417,-0.0071114006425589,-0.0108738501657517,-0.00491642023288108
2012-07-11,0.0029938683902426,0.0016983775723251,0.0120591406977932,0.0044762034396363,-0.0058889717725009,-0.00036133977524288596
2012-07-12,-0.0016792761216984,-0.005510649694311,0.0022913064997758,-0.0115862108825982,-0.0007901018645504,-0.006973809998133129
2012-07-13,0.0048592477083699,0.005967408486208,0.0082306888302345,0.0076643719531293,0.0019763654970899,0.003508869326476205
2012-07-16,0.0053931611574067,-0.004237323875156,0.0049886648264958,0.0058167120525263,0.0,0.005599463879780497
2012-07-17,0.0155383404220865,0.0085106162707524,0.0153427501611271,0.0173486659783355,0.0003944795850927,0.008695326004394932
2012-07-18,0.0063751176895741,0.0029534436015736,0.0040001601483554,0.0039352317206213,-0.0244484361445327,-0.004153692832493783
2012-07-19,0.0117648605571243,0.0130421897643822,0.015936074801625,0.011759690702835,0.0028295856261535,0.020150896003365615
2012-07-20,-0.0139534697753453,-0.0037375166969875,-0.0043567989811595,-0.0068877480490755,-0.0044336523091013,-0.0017993747485405276
2012-07-23,-0.0068941076100373,-0.012505127111335,-0.0131294728104732,-0.0108365443965509,-0.0097163735821252,-0.016713715850634858
2012-07-24,0.0007303858762031,-0.0012665352828479,0.0031045284769262,-0.0030673712290654,-0.0065414017104814,0.0010392300001833554
2012-07-25,0.0014607936171711,0.0067622992004239,-0.0075159115410727,-0.0048352595708657,-0.0176955780850762,-0.0022464298808703154
2012-07-26,0.0100253361351356,0.0008399346882534,0.0071271531841827,0.0008836349611711,0.0222038838593232,0.005767803663801363
2012-07-27,0.0138964258554314,0.0171978093189388,0.0172491791581321,0.0185347232999928,0.0213114541781072,0.014956942369970028
2012-07-30,0.0181558394007401,0.0148453549951412,0.0113041337250954,0.0138647538769116,-0.0012040001831715,0.008536744088791792
2012-07-31,0.0057695174394187,0.0150344106635762,-0.0025795212279738,0.0059828620261734,0.0036158608927252,0.005521998231364789
2012-08-01,-0.0045194396511256,0.0052042775674907,0.0021551897210281,-0.0008496745357141,0.0004003226476847,-0.0014869086216955374
2012-08-02,-0.0118735654493333,0.0015929510967094,0.0120430015870711,-0.0008503970964721,-0.0032009483625339,0.0015896619296886794
2012-08-03,-0.0107794396458149,-0.0063617584980053,-0.0097746426250433,-0.0068085248650152,-0.0060219939083729,-0.011256033667420895
2012-08-06,0.0071454005160687,0.0068026175323832,0.0064375555442695,0.009425887019729,0.0157512345414647,0.012106076807993249
2012-08-07,0.0078042426711879,0.0055642934425059,0.0098081645214591,0.0042445020941084,0.0055666334272344,0.004441780243898519
2012-08-08,0.0135515166899753,0.0126484323954987,0.0190031856710337,0.0038040994633692,0.0142349594404036,0.004892457429072294
2012-08-09,-0.0097237693995119,-0.0078064651357608,-0.0049730357136796,0.0029473465698173,0.0031186527452993,-0.000993781723283016
2012-08-10,-0.0191126241073972,-0.0094416714288599,-0.0166596062468684,0.0008398611999569,0.0089393771810171,-0.007189151404338623
2012-08-13,-0.0044691673467242,-0.0051627663158945,-0.0050825639146806,-0.0016783128500696,0.0030816139766378,0.002210041875898572
2012-08-14,-0.0026936453047728,-0.0139719094392545,0.0072372851795938,-0.0016806976611362,-0.0019202013120148,0.0021662553864538747
2012-08-15,0.0091826606395515,-0.0178136807140909,0.0008451594653318,-0.0054711789685161,-0.0026933592401637,-0.0022637226424534473
2012-08-16,0.0178412565408281,0.0098925810291821,0.0185811789317218,0.0114260819114464,0.0146605114919819,0.011591266555424085
2012-08-17,0.0052586033920918,0.0053061494207633,0.0157544143452392,0.0297072325038061,0.0091253947743561,0.009222393927969197
2012-08-20,0.0075835810280955,0.0113684181034785,0.019183344290143,0.0069079272417698,0.0082894233316652,0.003383543528045596
2012-08-21,0.0,0.0184665969499004,-0.004004429560445,0.0068603674083644,0.0018686025114014,0.005451699056860271
2012-08-22,-0.0082436721682283,-0.0043359174829641,0.0008043693282639,0.0004006200655588,-0.0029837817562554,-0.001537265835087842
2012-08-23,-0.003613766163667,0.0019792553376849,-0.0048215144701367,0.0016025047172045,-0.0048637388603355,0.0018941935558993706
2012-08-24,-0.00435288671574,-0.0067166994347127,-0.0048443781739314,-0.009199742765701,-0.017669275556534,-0.007382889246201452
2012-08-27,-0.00473569213526,-0.0055685447602048,0.0012169485753679,-0.0028262295516657,0.0053579251200654,-0.00026841653562936774
2012-08-28,-0.0042093743042254,0.0099994621091268,0.007698553631219,0.0097166601731291,0.0167491072326599,0.0042003680372662
2012-08-29,-0.0018380313693685,-0.0063360404245249,-0.0004020611809683,0.0016037064178009,0.0078620726916858,-0.0006729331868897681
2012-08-30,-0.0060759705617184,0.0043838643538172,-0.0040226407679262,-0.0048037488095261,0.0066863881399858,-0.00873651659118313
2012-08-31,0.0140791666078028,0.0003967058668232,0.0004038474323273,-0.0016091180793852,-0.0088558833578451,0.0001966146373710842
2012-09-03,0.0045670484105817,0.0035701652309034,0.0032299711701226,0.0008060232421092,0.0256889729940443,0.005746610609159042
2012-09-04,-0.0065465854257474,-0.0079052046822786,-0.0213282024064319,-0.0201290807573076,-0.0094374400943744,-0.005901913711101603
2012-09-05,-0.0014643981050531,-0.0051789565918951,-0.0152137040520377,-0.0069842155771542,-0.000732744714379,-0.005669994766792641
2012-09-06,0.0031163436958021,0.0056066319428329,-0.0020876994478736,0.0016549688019678,0.0110010329683982,0.008153877576392743
2012-09-07,-0.0021928530004905,-0.0019912549318946,-0.0083681825572216,-0.0020653573964597,0.0087047178377339,0.003039212922835377
2012-09-10,-0.0021978039353338,-0.0019951396822832,-0.0042197887254894,0.0012417619495714,0.021215644980455,0.0029026683999935354
2012-09-11,-0.0055065462659755,0.0027989210048984,-0.0008473086045071,-0.0037205797440164,0.0063381268164415,-0.0017906746567435405
2012-09-12,0.0162419684625489,0.0127588511002039,0.0161154678345309,0.004149569049048,0.0,0.008198955071831326
2012-09-13,-0.000726284874838,-0.0047242926165284,-0.0066778165838341,-0.0024795043018356,-0.0115468477170845,-0.00496579454452839
2012-09-14,0.0047253616068307,0.005142517885383,0.0130254541657013,0.003728286033698,0.0251331434520056,0.011645456278385424
2012-09-17,0.0001810275571834,0.0027546868976462,0.0128574637223652,0.0066032253097474,0.016919560537729,0.00341763617819435
2012-09-18,0.0,0.0031397262828098,-0.0028662077816614,0.0,-0.0112052016677577,-0.0016854826251720967
2012-09-19,0.0010851229827733,-0.001173701404617,0.0061599607177749,0.0065599939733071,0.0072112180290457,0.005377339930948244
2012-09-20,-0.0068654077876108,0.0,-0.0085714646239059,0.0077396151527671,0.000682199081339,-0.004782995776293486
2012-09-21,0.0032747124704557,-0.0050921603134287,0.0135859315544164,0.004042055116856,-0.0098809857645184,0.0025643981281990857
2012-09-24,-0.0012693316914181,0.0039370411273378,-0.0016248248691758,-0.0056361961641935,-0.0020646456720646,-0.004808025896648416
2012-09-25,0.0041754861424809,0.0031372639495319,-0.001627469221641,-0.0056679746306048,-0.0034481147033152,-0.0028753009630529958
2012-09-26,0.0010847308155188,-0.0062547316863634,-0.0008146856664877,-0.0024429061866813,-0.0121107965357629,-0.0025553596241044696
2012-09-27,0.0083078214786038,0.000393359472611,0.0114191572412964,0.0069386025131268,-0.0017513237160163,0.005173926607933588
2012-09-28,-0.001074498775025,0.0023595767025501,0.0020163104523704,0.0032431905972243,-0.0014035169853953,0.0006881888011971427
2012-10-01,0.0014343995839021,0.0019613959447131,0.0036212976528051,0.0016160172393087,0.0017572321428518,0.0003660328433119364
2012-10-02,0.0034017791890619,0.0105717571504282,0.0088213428917995,0.0080677204570873,0.0031564349170496,0.01011994056949539
2012-10-03,-0.0007137124188913,0.005424075708261,0.0,0.0024008711204794,0.0262238677655919,0.001292753342320374
2012-10-04,0.0098215665033079,0.0077074491591404,0.0162957266835108,0.0099800846365607,-0.002385321298478,0.0031078812498468444
2012-10-05,0.0053048533457431,0.0061181392845317,0.0121238092515767,0.0079049269479625,0.0126368684286468,0.00943918484668349
2012-10-08,-0.0045731904083727,-0.0038008682631031,-0.001159347876115,0.0007845292942423,-0.008094422834132,-0.002753610600220169
2012-10-09,0.0024737465172914,0.0034336135833721,0.0015472745601323,0.0039181868766964,-0.0020400745255491,0.005241401860070383
2012-10-10,-0.0014099363226953,-0.0038018938239851,-0.0065659950869897,-0.0023417529893147,-0.0102214041387601,-0.0032352767987078312
2012-10-11,0.0015884496798432,0.0019084127344572,0.003110110290269,0.0019561091553632,0.0010325872347656,-0.001606010174492356
2012-10-12,0.0019386060535557,-0.001904777632567,-0.0038757629160884,0.0019527772191303,-0.0024072270058592,0.0006807430580975105
2012-10-15,0.0014073399339065,0.0053432517556604,-0.0003890763237258,0.0042865056680225,0.0024130357306362,-0.000697455904990707
2012-10-16,0.0028105978532497,0.0106303780602432,0.0011678426780274,0.0007763901262793,0.0110039488351516,0.0017999426317596434
2012-10-17,-0.0017516215731224,0.0063862459086865,0.0066093923245205,0.0065913756508686,0.0105442806521383,0.008173224315757066
2012-10-18,0.001052627725395,0.0059723117744718,0.0023175635366841,-0.000385113698214,0.0336586633020372,0.006896178464249392
2012-10-19,-0.0036808589721805,-0.0270870805758945,-0.015028976525681,-0.0111750829474839,0.019537726059311,0.0025529429497324063
2012-10-22,-0.0029909172587144,-0.0076277436389146,-0.0070422151634707,0.0,-0.0099010478369718,-0.006550165239601613
2012-10-23,0.0075879226463773,-0.0007687478335407,0.0019699099084853,0.0019483233022723,-0.0112902758126067,0.0005266114016793111
2012-10-24,-0.000350325958744,-0.0038460157770691,-0.0062913183767456,-0.0042783320964239,-0.0221862148185562,-0.00820030395593141
2012-10-25,0.003854179802192,0.0038608647237095,-0.0003959399104674,-0.00859407926802,-0.0053384702118376,0.0010395054107266155
2012-10-26,-0.0078535355976682,-0.0038460157770691,-0.0027711372158703,-0.0059102747746679,0.034887827070434,-0.00845163351853051
2012-10-29,-0.0010553467654719,-0.0015443629684217,0.0023818841560325,0.0,-0.0042141900266673,0.001022422689875624
2012-10-30,0.009156740366889,0.0007730765135351,0.0035641742312562,0.0059454138038981,0.015624978568989,0.0019722196358586963
2012-10-31,0.0076774234366598,-0.0034773961558406,0.0067089128775319,0.0027580572525778,0.0224361437981244,0.006980136403827553
2012-11-01,-0.0083115086960742,-0.029856798032759,-0.0145044094688895,-0.0047149536438847,-0.0125393667939524,-0.013138952709278007
2012-11-02,0.0017458020511085,-0.005994901544723,-0.0043752568860108,-0.0071062628444167,-0.0010408925413885,0.0007767022204161478
2012-11-05,0.0005228592116144,-0.0012066205118905,0.0127846149139745,0.0003975995926648,0.0156557677138622,0.0031539479987903185
2012-11-06,0.0013936043724007,0.0084542324184686,0.0067061044901761,0.0035770567415376,0.0025687442025823,0.0023867433006208305
2012-11-07,0.0055673481536033,-0.0023949296888374,0.0133229446845366,0.0102972253392761,0.0166560845911465,0.007060114170378329
2012-11-08,0.0065745877121183,-0.0048019778233002,0.0027069209963204,-0.0141586826120437,-0.0138625871720247,-0.005261668612740356
2012-11-09,0.0110002289473116,-0.0053159601797444,0.0031885930735742,0.0077966581051862,-0.0044727884148429,-0.0005860669538628738
2012-11-12,0.00986078414525,-0.0071397451535574,0.0071511375636326,-0.004478968505428,-0.0041722853794451,-0.003135679669607483
2012-11-13,-0.0117844597905625,-0.0224196388724498,-0.0216960408365169,-0.0163598070162908,-0.0264258143671464,-0.015338648790479636
2012-11-14,0.0066435890995233,0.0056249865282194,0.0020162541670465,0.0062370050182289,0.0056272306777274,0.0019673273516955803
2012-11-15,-0.0067691592921729,-0.0004302428183478,-0.0084508131377549,-0.0061983459037228,-0.0046082383648766,-0.008838164306467666
2012-11-16,-0.0069859864722588,-0.0012911923817999,-0.0089288521066061,-0.0162164307906752,0.0085977614097449,-0.0026272557151322262
2012-11-19,-0.0022303661612419,0.0068964859119364,-0.0008186949295428,-0.0004225748257091,-0.0055738386396652,0.005672475778652819
2012-11-20,-0.0041276931733434,0.0141267151375354,0.011885268661355,-0.0046510546523832,0.0072536335282871,0.005756402242845349
2012-11-21,-0.0005178595065856,-0.0008441402121025,-0.0036455227949281,-0.0008498000634012,0.0075289574424814,-0.003689129295129989
2012-11-22,0.0136488180943137,-0.0012674599510805,0.0093498863486103,0.0093537816196123,0.0103959291697228,0.009972183867791529
2012-11-23,0.004772645310842,-0.0004231428809159,0.0044298252507619,-0.0058969595695235,-0.0009645321040242,-1.3642840109739929e-05
2012-11-26,0.0033928308280071,0.0029624432571488,-0.0072171678041556,-0.0012712884921934,0.0025748624974537,0.0025594885684230295
2012-11-27,0.0011834937018686,0.0054850451097492,0.0052506823582803,0.0101823992616867,0.007383717622581,0.007419868987091016
2012-11-28,-0.0040528093412025,0.0020985779570521,0.0056244762894421,0.0004196588117186,0.0054173108642872,-0.002135947575572894
2012-11-29,0.0077992606437524,0.0029310719388282,0.0079904334508205,0.0113350823479094,0.0110936383099804,0.006906348459671863
2012-11-30,0.0042058044676733,0.0146135959274773,0.0107014728619294,0.0112081219190833,0.0269591453774815,0.006321216617834136
2012-12-03,0.0187637506143858,-0.0004112121990734,0.0023530720568012,0.0135469794812188,0.0015260613112597,0.005661959082931212
2012-12-04,-0.0050979682778624,-0.0016468400538913,-0.005477508909584,-0.0040503578641396,-0.009448247614972,-0.006164224141629204
2012-12-05,0.0095867859794622,0.0024742032380855,0.0062943992331505,0.0073200646223878,0.0110769542360216,0.003736010844902271
2012-12-06,-0.0117875947926245,-0.0024680966653242,-0.0042998668034127,-0.0020185977701833,0.0143031756839766,-0.002445613875439401
2012-12-07,0.0086148637776677,0.0103090484820935,0.0109927913814225,0.0068768701139938,0.012001141421275,0.009405670324010185
2012-12-10,0.0003283972124406,0.0032656233192476,0.0058255287901001,-0.0020086232749444,-0.018677659897529,0.0014495444997209006
2012-12-11,0.0064041832032066,0.0048819709686844,0.0038607844392548,0.0020126659626416,0.0175226656049625,0.003961837599324447
2012-12-12,-0.0014685471958741,-0.0016194177060012,-0.0038459361089709,-0.0076333672608489,-0.003265971486338,0.0017245456864845021
2012-12-13,0.0013070730650199,-0.0024332393600702,0.003088719336437,-0.000809645818076,-0.0050644124286921,-0.00022186536520241162
2012-12-14,0.0062012850097534,0.0,0.0003848438766858,-0.0012157384470571,-0.0020955272814953,6.868133747461869e-05
2012-12-17,-0.0060006529195749,-0.0048781758398416,-0.0092344530139056,-0.0064910408993344,-0.0009003062950615,-0.00211939881963763
2012-12-18,0.0026104245135518,0.0049020890924169,0.0023303038357695,0.0008168354288797,0.0204205715351841,0.004768767424975229
2012-12-19,-0.0019530429103968,0.008130004614935,-0.0003876089478567,0.005303864261571,0.0247204253787065,0.004919147616999631
2012-12-20,0.0029352971268388,0.003225776270012,0.0065892197554506,0.006493267105867,0.0022978531329238,0.003536473498037651
2012-12-21,0.007965956029345,0.0024117241949916,0.0077011387283589,0.0060488761865375,-0.0011466356531637,-0.0006272485086612489
2012-12-24,0.0053224695497513,-0.0024059217752351,0.0,0.0008013716395489,-0.0025813952096143,0.002511110322872767
2012-12-27,-0.0033690522043232,0.0028136924877533,-0.0026745005437794,-0.0024030771519083,0.0158181303666935,0.00275600472226456
2012-12-28,0.0020928415115246,0.0028053712279147,0.006513327604295,0.0036132987635644,0.0050964218014299,0.005020652280774085
2012-12-31,-0.0011246144719656,-0.0007991829326584,-0.0087555056071658,0.0019998656175381,-0.0002815971628267,-0.00478438508779111
2013-01-02,0.0086843567959873,0.0040000473438845,0.0023045040074725,0.0015968279567426,0.0126792976365108,0.012258671376748298
2013-01-03,0.0082909395897325,0.0059761660686175,0.0034478974019402,0.0035868940373124,-0.0030606942339522,0.007382863679593399
2013-01-04,0.000157900388972,0.0023761305779188,0.0022911540124468,0.003177648094071,-0.00306989987568,-0.003565348122534173
2013-01-07,-0.0102763503015328,-0.0003949708502933,0.0011428828449995,0.0059380014631511,0.0081184166506318,-0.0012957082348101778
2013-01-08,-0.0196486930311045,-0.0083006942740001,0.0,-0.0094448305534543,-0.0108298896632134,-0.005739401757327123
2013-01-09,0.0004887214255051,0.010362767716004,0.0087517222799058,-0.00595955377486,0.006456932031875,0.0038137469443184635
2013-01-10,0.0034204333869074,0.0031558729669807,0.0033950969010858,0.0051956704195514,0.013110244771648,0.003147568810193402
2013-01-11,-0.0037332800235596,0.005505340555364,-0.0007519710847493,0.0039759560649927,-0.0101874416929284,-0.0028522310537749673
2013-01-14,0.0040731089714587,0.0066483116641795,-0.0030098497601712,-0.0015841001303799,-0.0013906473281071,0.0021703448230032674
2013-01-15,0.0019468718084487,-0.0011654489219599,-0.0052830637777954,0.0023799601744753,-0.0089139475003581,-0.0006678619928704999
2013-01-16,0.0087448319346969,0.0054453836285435,0.0026556741182661,0.0035616633795314,0.0014055897625988,0.0046410005833763535
2013-01-17,0.0027295196516636,0.0073501509328057,0.0071888878387038,0.008280629979769,0.0159975641707257,0.0038370414518831275
2013-01-18,0.0,0.0119047716369127,-0.0011269975294463,0.0007823347367097,0.0099446845469246,0.0030694270016937697
2013-01-21,-0.0041625522795442,0.0189751519425949,-0.0041366141348038,0.0039077500548001,0.0123088731088503,0.0013144793441772773
2013-01-22,0.0054658947460464,-0.0096831776660492,0.0003775022711109,-0.0011676284136451,0.0024317119794028,0.00034980564169684314
2013-01-23,0.0020786718034901,0.0060172421688586,0.009814645733841,0.0109115204755156,-0.0094342606586249,0.0018306642149543695
2013-01-24,0.0090953850830448,0.0127104778220987,0.0130844096237803,0.0023133722606836,0.0087075908043015,0.004677978492070967
2013-01-25,0.0055343631290305,0.0055369269517135,0.0166051000992486,0.0026920336997284,0.0248177552377257,0.005186824305597693
2013-01-29,0.0179274784559928,0.0176208992231388,0.0243193194298065,0.016877789365677,0.0060543900902161,0.01112709938921208
2013-01-30,-0.0004635751726431,-0.0028858992729841,-0.0017718331045534,0.0026404725468807,0.0109891457502522,0.0015785305506472724
2013-01-31,-0.0038638803081096,-0.0101300738169374,-0.0046148023325632,0.0,-0.0036232323549816,-0.0036580040984779405
2013-02-01,0.0093094389689751,0.0233917446146396,0.0092728894852383,0.0060195689982838,0.0205195526015087,0.008673503555074236
2013-02-04,-0.0052265326659397,0.001785507246377,-0.012721130335935,-0.0071053298183799,-0.0142529889428444,-0.002759723452765428
2013-02-05,-0.0063358541929715,-0.0092690001449537,-0.0007159775081814,0.0033897999066749,-0.0405373652837006,-0.005052620409137787
2013-02-06,0.0051320844056643,0.0115151309022285,0.007521376399677,0.0146396087334121,0.0024222653972438,0.007830466290000393
2013-02-07,0.0010828665641906,0.0184986520053311,-0.0060432962637733,0.0177582102820259,0.0067113070732729,0.0029968886389151184
2013-02-08,0.0020093867750972,0.0136219817710829,0.004291942801303,0.0221735363399908,0.0074668491784961,0.007861809885113757
2013-02-11,0.0044734636118268,0.002412216773225,-0.0042736007513227,-0.0124463234038554,0.0058230758942279,-0.002372003414315871
2013-02-12,0.006142068306923,-0.005500119354639,-0.0075109707544797,-0.0075625067814438,-0.0005263221864247,-3.783646072696989e-05
2013-02-13,0.0242678651231378,0.0124438576076317,0.0209013798591493,0.0090713132853745,0.0089519186691358,0.009019292280060931
2013-02-14,-0.0031295144959136,0.0020482429459462,0.0151782473302111,0.0089893297698544,-0.0057411088031406,0.006655191767072077
2013-02-15,0.001943200684884,0.0054512517759106,0.0135603919127256,-0.0103345624095894,-0.0078738432287435,-0.0005488425134900776
2013-02-18,0.0059641558195677,0.0216879411648014,0.0360205803927367,0.026287197852219,0.0277777526368008,0.009471614229635605
2013-02-19,0.0041044604933675,0.0006633435707354,0.0033113985947563,0.0010524335511743,0.0151864474960059,0.004474760274545853
2013-02-20,0.0121123767426045,0.012926518997046,0.0016499405005407,0.0073609840173147,0.0091277279915198,0.0033601723999772126
2013-02-21,-0.0305161302785287,-0.0373036650126423,-0.0283358723338453,-0.0264441186772481,-0.0389443460877632,-0.023094648738354873
2013-02-22,0.0114178105629745,0.0135960661566201,0.0128856100320444,0.0064332522188312,0.0081042250857998,0.007812705083508398
2013-02-25,0.0030511914507538,0.0154261749331137,0.0167394480289078,0.0110082392460475,0.0090766979781384,0.008386450995932826
2013-02-26,-0.004258545911941,-0.0108983550176759,-0.0046101108422632,-0.0108883773828163,-0.0228728775199916,-0.010048335134092534
2013-02-27,0.008248111176859,0.0026712355299487,-0.0009923485685455,0.0042612769740628,-0.0128881079495907,0.006707576788484326
2013-02-28,0.0190880806693698,0.0056609162423004,0.018873942118319,0.0155586210590212,0.0050627691117299,0.013733560629735297
2013-03-01,0.0086221898384106,0.006622524492154,0.0084500457175098,-0.0034820810490622,-0.0151115276836518,-0.0032933713262168762
2013-03-04,-0.0107595617562848,-0.0098681877114548,-0.0215921112853367,-0.0090843277699492,-0.0067295569046083,-0.012361939006779288
2013-03-05,0.0232422524431024,0.0162786645064942,0.0293150297535833,0.017983030778907,0.0181571256412864,0.013331984369500116
2013-03-06,0.009172955365253,0.0078459066822567,0.0131199782942816,0.0124695796909717,0.0135748275110969,0.008643221477820706
2013-03-07,0.0053382507196702,0.007460367767234,-0.011686746415004,-0.0075264776934697,-0.0118174600600557,-0.0013366693191917411
2013-03-08,0.0021524056280419,0.0012878861868024,-0.0012782659647916,0.0037918470047533,0.0308264857357134,0.002926772051786708
2013-03-11,0.0042964699979779,0.0173633818195806,0.0,0.0027472204442613,0.0180460227424568,0.0045799578877776526
2013-03-12,0.0064166836376517,-0.0031605929179735,-0.0028797478485251,-0.0051369174425707,-0.0088629382889018,-0.005641720105257431
2013-03-13,-0.0170019600933272,-0.0187067302247332,-0.0211813454426025,-0.0196211890732194,-0.0189066318266457,-0.004974884886543629
2013-03-14,-0.0072067872714079,-0.0084004303489851,-0.0121310969851231,-0.0105339178917198,-0.0252603708671155,-0.011806537610380197
2013-03-15,0.0188733189687804,0.0198760956428156,0.0252241378142727,0.0191625696813892,0.0245791499686265,0.017511662222860824
2013-03-18,-0.0136789541412775,-0.0258786556554527,-0.0297832567879193,-0.0222839301454652,-0.0286829990846213,-0.01969769942862898
2013-03-19,-0.0005777215445017,0.0016400410757326,-0.0036700894747494,-0.0089031796783366,-0.0107382933737496,-0.005564124812001081
2013-03-20,-0.0002892306474922,-0.0016373557450553,0.0026790303264958,0.0,0.0035275798514622,-0.004020351261140309
2013-03-21,-0.0073744202297182,-0.004591626281208,0.0046759915656147,0.0111389889799913,-0.0340722463993368,-0.0015327050114349872
2013-03-22,-0.0002913614697866,0.0092257534116286,0.0139626852981571,0.0145699863520449,-0.0075587867591739,0.0017677481238251858
2013-03-25,0.0053916558797415,0.0071823631784626,0.0167212997202139,0.0098076273770384,0.0217205150132087,0.004617461708079862
2013-03-26,-0.0100002664893326,-0.0061586029680118,-0.0106417774843111,-0.0135278918936742,-0.004141315153762,-0.008006183498642905
2013-03-27,0.0010248407002,0.0094583137449555,0.0032593971438981,0.0049225684124618,0.0329917175457648,0.009039585565541852
2013-03-28,-0.0054106481498111,-0.0035540520333796,-0.0006497229811619,-0.0017494987060756,-0.0029523549194482,-0.005704688183160056
2013-04-02,0.0138210932422528,0.0035667283716012,0.0084527273776451,0.0101647347389903,0.0069984629075019,0.0038567343576789703
2013-04-03,-0.0072516306575528,0.0051696490339225,0.0041908749625765,-0.0190840172124595,0.0008019345195635,-0.005582177314557124
2013-04-04,-0.0051131078640294,-0.0035357048989604,-0.0115569874067099,-0.0084893948467015,-0.0227025404947576,-0.00891527124953495
2013-04-05,-0.0171805485948645,-0.0138710766393534,-0.0175382338542271,-0.0099892869786959,0.001092740340697,-0.004444630126739901
2013-04-08,0.0013445055995375,0.0003272891157846,0.0089256899344694,0.0039639443212944,-0.0171989490433991,0.002900643480731935
2013-04-09,0.0140254694189057,0.0271417683924333,0.0255568068595983,0.0222542808302737,0.0308335212609041,0.014545461878407107
2013-04-10,-0.0097114138622302,-0.0066856044458462,-0.0118209110675636,-0.0080758080564021,0.0075450428233405,-0.0017545986784108791
2013-04-11,0.0111440772218311,0.0128203221268066,0.0193984377106601,0.0155750701913739,0.0109655407410986,0.007865269215165505
2013-04-12,0.0001469651995689,0.0006329728320866,-0.0003168513060111,0.0006969056951875,0.0097880259640725,0.0012913052851648565
2013-04-15,0.0066119465871856,0.0047438892903992,0.0022207361727213,0.0027865934275934,-0.028032118449555,-0.00908667150065856
2013-04-16,-0.0054006886902487,0.0018886232260988,-0.0028491295207896,0.0024312225729274,-0.0094342606586249,-0.003434237390477324
2013-04-17,0.0168770247969975,0.012880840620681,0.0101590224064247,0.0079698257948419,0.0122451426620191,0.010848458495911206
2013-04-18,-0.0041851107536552,-0.0074442305034644,0.000942575252556,-0.0037815569113687,-0.0255377604928273,-0.01601317976704153
2013-04-19,-0.003188717777422,-0.0171875716173763,-0.0194663753447515,-0.0196686547529757,-0.0074479897355023,0.00152211969856908
2013-04-22,0.0079965812900733,0.0060417191949924,0.0028820365088828,0.0056318243483903,0.0172315264640632,0.0070234008061842435
2013-04-23,0.0098085185729575,0.0135900247553764,0.0124521971278777,0.023801156377436,0.0122950455732628,0.01000353525797415
2013-04-24,0.0241387606574139,0.0215155994119624,0.0249132715056366,0.0222221763162226,0.0143051689344981,0.017183482500386482
2013-04-26,-0.0119942307569953,-0.0039683787726889,0.0021538333814976,-0.0006689726947858,0.0106439063549632,-0.0009647232618259505
2013-04-29,0.0107285637024012,0.0137908933966053,0.0168867794159077,0.0073630864498865,-0.0028963864889706,0.005551363208234683
2013-04-30,0.025837776906489,0.0278115591299936,0.0205310814545929,0.0578072718892603,0.0348563341829835,0.012761619471052477
2013-05-01,-0.0068071606426274,-0.0014705430265161,0.0076922472786369,-0.0047110546008912,-0.0178620891884043,-0.004823050795783268
2013-05-02,-0.0061684437208038,-0.0032402475921365,-0.0046973500645433,-0.0059956618445448,0.0101326280364575,-0.006941620547560645
2013-05-03,-0.019862270369543,-0.0029546148809724,-0.0103247154567325,0.0031748374201008,0.1087966686388928,-2.434246424798392e-05
2013-05-06,0.0085842479701594,-0.0071133384481044,-0.0113259858372182,-0.002848521090376,0.0229645465062739,0.005248218437720498
2013-05-07,-0.0191154050250622,-0.0164181649139464,-0.0177871949707125,-0.0101555159662151,0.0115642985456632,-0.0024177604211371717
2013-05-08,0.0132290189040036,0.0127466597339984,0.0113564275167659,0.0086570609839768,0.0105358835947486,0.01088970701691383
2013-05-09,-0.0026675786526313,-0.0206771548279867,0.0121396987936777,-0.0045560457845338,0.0070985777648526,0.0013200105467703338
2013-05-10,-0.0066158509929408,-0.0064259847701639,-0.0119940941039528,-0.0150378289999415,0.0125549160302811,0.001483054217907398
2013-05-13,0.0080769843538264,0.0218664245972968,-0.0059394142351986,-0.0013272864217759,0.0191994904764629,0.00325973694973114
2013-05-14,0.0133539796066748,-0.002411131973242,-0.0015724571361938,-0.0066468214660313,0.0195691109532576,0.002044156618790094
2013-05-15,0.0077682466274706,-0.0009063035689916,-0.0025194455753778,0.003011310878586,0.0131551279954142,-0.0056074867742835766
2013-05-16,0.0024774890089562,-0.0006049006674183,-0.0085252968984245,-0.0040029611898675,-0.0446997344295176,-0.005007770760547925
2013-05-17,0.0052175642578347,0.0012103403554888,-0.0015925493192618,0.0133957108793496,-0.007353164797778,0.0029702059336425
2013-05-20,0.003824798205418,0.0084616900889438,0.0140351931975566,-0.0009912369220737,0.0244670647192963,0.00547745575887415
2013-05-21,-0.0137432818739376,-0.0083906906649052,-0.0097515252015587,-0.0195170529998396,0.000656987578431,-0.0055629601774209725
2013-05-22,-0.0107619661428427,-0.0114839795946726,-0.0092123973079039,-0.0114709311853651,-0.001532352355382,-0.002836257414188026
2013-05-23,-0.0277542286818689,-0.0308773449274932,-0.0407179379598962,-0.0399317658228826,-0.0324562999335954,-0.019873327085178638
2013-05-24,-0.0134842476381802,-0.0129336650546201,-0.0200535248346401,-0.0159971235405349,-0.035358100653736,-0.015594616337175404
2013-05-27,-0.0084340211818508,-0.0015977692596678,-0.0034107918145719,0.006141624762499,0.0178572417880262,-0.004743975289726365
2013-05-28,0.0060125834141868,-0.0038414643328955,0.0085558995397614,0.0082584447816596,-0.0011545152277953,0.0022938102618532685
2013-05-29,-0.0249272037503138,-0.0183161238241906,-0.0254494945486859,-0.0170938009144439,0.0092445716510138,0.00082022650832414
2013-05-30,0.0107636327772118,-0.0089962371960141,0.0048744380831915,-0.0025365779385936,-0.0107626510979954,-0.007051829137777799
2013-05-31,-0.0110925681350565,-0.0109137354761796,-0.0145530460039635,0.0003633918805177,-0.0006941721823758,-0.0008343461534724428
2013-06-03,0.0008972754966427,0.0103446577056807,0.0196907325464847,0.0112564126797913,-0.0349781180020108,-0.007737116134060806
2013-06-04,0.0034370668992094,0.0105803494407197,-0.0017241477648419,0.0021541680438981,0.0112816849986208,0.0025570876799800857
2013-06-05,-0.013403096884616,-0.0222898888680477,-0.0262521494399117,-0.0254384738748428,-0.0327558405638168,-0.013385894090725547
2013-06-06,-0.0021129913266293,-0.0069083504516955,-0.0170272616714511,-0.0125002992673861,-0.0078526163435083,-0.011166066136960473
2013-06-07,-0.0164879075372684,-0.0139131023412996,-0.0039696806986603,-0.0059570307707531,-0.0024735908811778,-0.009011622901641925
2013-06-11,0.0058444978865426,0.0017634578375773,0.0076085016699694,0.0067418853257592,0.0327301592791224,0.0040857014453088425
2013-06-12,-0.0042813362456493,-0.0123239991283167,-0.0122257787590355,-0.0122766430887314,-0.0052821146446759,-0.006854540655380936
2013-06-13,0.0099817969993609,0.0114082369294845,0.0258463596684905,0.0173256976395996,-0.0123098225440594,-0.00607331563921687
2013-06-14,0.0202219370017504,0.0356013949476383,0.026969611428584,0.0299887419574484,0.0153956989723784,0.02044352787760939
2013-06-17,0.020416985415677,0.018379617323804,0.0183137105669988,0.022645420836497,0.0293621325417385,0.007121562964488071
2013-06-18,0.000292332413935,-0.0060160827598447,-0.000678477412106,-0.0024601020885315,-0.0137945112664842,-0.0023895708192310794
2013-06-19,-0.0018981707818805,0.0100874686781249,-0.0074706043854853,-0.0010571078806703,0.0215742482124272,0.00976874918974402
2013-06-20,-0.0307197537664219,-0.0279623988213962,-0.0366060596968355,-0.0246916056243882,-0.0213506110397397,-0.021185833483918115
2013-06-21,-0.0030181787676976,-0.007534474584492,-0.0156249797236295,-0.0086796408150672,-0.0082997910483187,-0.004116482273151312
2013-06-24,-0.00484434263796,-0.0103520109121595,-0.0061327354328539,-0.001094517378774,-0.0100429937553795,-0.012957917814356401
2013-06-25,0.0057805936587591,0.0006971949243863,0.0054443278280369,0.0,-0.0285025456651497,-0.0028237123543325415
2013-06-26,0.0176950270974607,0.0184670673995557,0.0194947984523528,0.0168005576521641,0.0377920214311504,0.0162706006777662
2013-06-27,0.0277900675915421,0.0177901450835622,0.0201840615769741,0.0240660358818212,-0.0021560758988998,0.0168154330294763
2013-06-28,0.000289314326062,-0.0023532834259938,0.002429605917039,0.0024553381505281,0.0052820349098294,-0.0016852165392367002
2013-07-01,-0.0238509270141525,-0.0239217582975103,-0.03150965604313,-0.0265921812168131,-0.0327205836571339,-0.01918021656516411
2013-07-02,0.0202871894045384,0.0100105129992065,0.0160888988763798,0.0237241614778704,0.0286423974918816,0.0262643733968273
2013-07-03,-0.0053700171951782,-0.0184555601306465,-0.0263898806025278,-0.0214185015842734,-0.0302449344657214,-0.018592637727423367
2013-07-04,-0.0008757171848258,0.0052228649200407,0.0093963448634144,0.0114819439613818,0.0165844784742013,0.010668930243041608
2013-07-05,0.0075948002140626,0.0103915994858185,0.0150378326713418,0.007449279533555,0.0216701438183126,0.009822816924461852
2013-07-08,0.0,-0.010284724745442,-0.0003529120365051,-0.0095071328955014,-0.0114395695230581,-0.006654192693506977
2013-07-09,0.0166689860705555,0.0190509324768117,0.0215243757810903,0.01884099133782,0.0489392714936249,0.014996122088188013
2013-07-10,0.0029941054455837,0.0010200834580611,0.003108852626434,-0.0006977850182363,0.0317167733402699,0.0040358881817579295
2013-07-11,0.0150673994624643,0.0179962727226778,0.015495889389026,0.011871590169618,0.0024504353345626,0.013127770915856818
2013-07-12,-0.0061615184069623,-0.0013338574232463,-0.0128856532705003,-0.0089716499013116,-0.0057778739133184,0.001648322341225139
2013-07-15,0.0039453200944516,0.003005790201876,0.0085878976587885,0.0080082756405934,0.0093877525873808,0.0014518346639147417
2013-07-16,0.0070174436300558,0.0023311359537077,0.0105586835545861,0.0069084940878749,-0.0013288237159808,0.0009859344935767567
2013-07-17,-0.007525990446205,-0.0023257143972582,-0.0091001658700736,-0.0120070161907057,-0.0170727377195835,-0.0008691287390182323
2013-07-18,0.0074429126852584,0.0103232195928557,0.0095237858484689,0.0052084599954476,-0.0051884966237576,0.0023563687061043392
2013-07-19,-0.003903169160483,0.0,-0.0141510381532078,-0.0044905415445769,-0.000907502039451,-0.004271422186642115
2013-07-22,0.0058773025319454,0.0023070452127045,0.0047848091364464,0.0031228387810073,0.0326830909597144,0.005987492311554821
2013-07-23,0.007095171352567,0.0026306027166873,0.0030613336989802,0.0003461816611916,0.0182414653431208,0.0030480031693544962
2013-07-24,0.0070454754118036,0.0059037494045572,0.0088164412522473,0.0020744663626783,-0.0131662728659874,0.003580107720963621
2013-07-25,0.0085044777079248,0.0065210575873941,0.0104202668118944,0.0048309667405239,-0.0234033022309608,0.00010740000657549764
2013-07-26,0.0017683043942613,0.004211105575494,0.0153025968904061,0.0099588962863428,-0.0367301525981444,0.0012738074887508333
2013-07-29,0.0028513175408344,0.0051611393810224,0.0098294877321876,0.0078202556683024,-0.0083701082387912,0.0008529076075127762
2013-07-30,0.0023015924146081,0.0009631210706768,0.0012980783871852,-0.0016870832032639,0.0180540907138966,0.000181273698012685
2013-07-31,0.002431495680796,0.0012823088963151,0.0009720006354525,0.0057455238383987,0.010824618946674,0.0009465339510748016
2013-08-01,-0.0146880693270062,-0.0160104460152781,-0.0006474749504277,-0.0124328304414383,-0.0091140523945271,0.0018827825278169286
2013-08-02,0.0095732834173722,0.0143182250593525,0.0191124811796601,0.0180332437286363,0.0393193970229595,0.010920064161282106
2013-08-05,-0.0008124873197407,-0.0028871135366277,-0.0028608776871471,-0.0033422611094393,0.0048674060204096,-0.0010767355620856511
2013-08-06,-0.0031185262629864,-0.0006436227223298,-0.0041439148539501,-0.0020119232264083,-0.008806603131745,-0.0010999674927819614
2013-08-07,-0.0197195818611001,-0.0170635685265112,-0.0224073596028476,-0.0221773580445204,-0.0297645300496735,-0.018476026245760835
2013-08-08,0.0127632870985001,0.006878265325781,0.0121155316176702,0.0099655368826341,0.0178572093827042,0.010676102594920911
2013-08-09,-0.0020546116566692,-0.0055303312793245,-0.0045295778083291,-0.0054440258934969,-0.0159694203161825,-0.0012318353911539015
2013-08-12,0.0133148903653026,0.0039254882868942,0.0100750953576216,0.0106053939588151,-0.0070858950237886,0.010579749421501417
2013-08-13,0.0098890335888304,0.0120560830345652,0.003217273646791,0.0111712975808297,0.021639043378006,0.009614344423418686
2013-08-14,-0.0109994658424411,0.0083710238599103,0.0105838800343087,0.0093738516835737,0.0056332041767124,0.0003796571254253145
2013-08-15,0.0004072155007657,0.0051085385902698,0.002855971449319,0.0069652784049354,0.0069458809872833,-0.0009148211716977217
2013-08-16,-0.006236671927802,-0.0066708252494739,-0.0107592772175934,-0.0299735335526146,-0.0115708073567984,-0.007473839422630912
2013-08-19,-0.002103746127286,0.0028777478341566,0.009916858382382,-0.0003397003715793,-0.0054028711542288,0.0037579939099947612
2013-08-20,-0.0123680539737373,0.0066966165470623,-0.0136205906358027,0.0040761190081066,-0.0086012604748606,-0.005667066804388554
2013-08-21,0.0118114110749745,0.0180553112142285,0.0048169214702216,0.0057510876550683,0.0182648793048556,0.0043025398182903185
2013-08-22,0.0022502311585388,0.0062225444849581,-0.0092682761617323,-0.0077361492923816,-0.0168162486779468,-0.0046370144957178505
2013-08-23,0.0110864095012572,0.0037106423169788,0.0151616402609622,0.0047455431962009,0.0177879053270713,0.009642018431385457
2013-08-26,0.0073558212977147,0.002772629752467,0.00667285116304,0.0060728888709524,0.0049295701285076,0.0032748485733224975
2013-08-27,0.0122623574502123,0.0033794561721136,-0.0022097421593098,0.0020120551774314,0.0017836161440067,0.0015991392895822187
2013-08-28,-0.0166054115490906,-0.0104107488502707,-0.015817567737358,-0.0080321256053276,-0.0313819642143874,-0.010451866051439995
2013-08-29,-0.0027680179829041,0.0012381144047051,0.0035356503476113,-0.0057355651569428,-0.0009194437826781,0.0013035755317054587
2013-08-30,0.0109644696984769,0.0027810702721473,0.0054453331453967,0.0074654002737253,0.0087396610592551,0.008439524857353442
2013-09-02,0.0115319766706247,0.0123269010264719,0.0136988189872533,0.010441080260549,0.0212040731615976,0.013206530309926023
2013-09-03,-0.0017641302291312,0.0018263911704132,0.0037708834270742,0.00166677268712,-0.0029025554158087,0.0016831385368847318
2013-09-04,-0.0036711233366382,-0.0097235795928108,-0.0100183744163381,-0.0093177014132338,0.0085087419376093,-0.006668512939346227
2013-09-05,-0.0049126805363979,0.0046025955025279,-0.0044278084741544,-0.0057107162982783,0.0102131200036805,-0.0030498897130754044
2013-09-06,0.0032915702697213,0.0009163898910602,0.005082535528383,0.0030407474380393,0.0147251930588658,0.0005291496428592168
2013-09-09,0.0064241868779038,0.0125113964161087,0.0091655078076109,0.0084202815931522,-0.0069308513840662,0.008355954329762438
2013-09-10,0.0036666709007335,0.0078362289171995,0.0150329604031227,0.0076820193592721,0.024209373368494,0.003877609066949894
2013-09-11,0.0032475510573592,0.0122605945535416,0.0021599702524894,0.0076235862443136,0.0338586210322757,0.00638700797393188
2013-09-12,-0.0021575960372864,0.0,-0.0018475142288203,-0.0009868011463667,0.0148304126816616,0.00158864074483267
2013-09-13,-0.0021629995488521,-0.0094534389900609,-0.0101787124097284,-0.0032928669987757,-0.0095397757347571,-0.0043461976136413005
2013-09-16,0.0031157744357606,0.0169995779633929,0.0012463454717412,0.0026428146502484,0.0245903245827026,0.005566964430578691
2013-09-17,-0.006077041187677,0.0170090057279499,0.0105820362364061,0.0144978803076336,-0.0032002063775112,0.0006481655210055504
2013-09-18,0.0051632773055381,-0.0011533836132973,0.0015400695898213,-0.0019488590005626,-0.0150477867327234,-0.002458761497370454
2013-09-19,-0.002433651326872,0.0112586243590799,0.0141450788172521,0.0172470209542663,0.0185372113131143,0.010959844231753335
2013-09-20,-0.0006773088582044,-0.0048528741882744,-0.0069739514579481,-0.0054383905017508,0.0,-0.0035475118992746024
2013-09-23,-0.0032542486847303,-0.0008608371268478,0.0015265500731798,0.0032164827894536,-0.0176001387894076,-0.004428228339606877
2013-09-24,-0.0082980496198348,-0.0060293943034701,-0.0018291382890467,-0.0064124034739596,-0.0071253859970019,-0.003418947864786581
2013-09-25,-0.0008230480421635,0.0196419849527491,0.0113011197141141,0.0135525797470579,0.0059464668853901,0.007981655615368677
2013-09-26,0.0050793781707452,0.0008496401002093,0.0078525184323496,0.0047756032092827,-0.0046884643955732,0.0035096348783258957
2013-09-27,-0.000682487495811,-0.0062267273817517,-0.0020976011014451,-0.0012671463250107,0.0014340033374158,0.0023809094187763336
2013-09-30,-0.0266543195672317,-0.0225007844802559,-0.0171172275319566,-0.023477348493218,-0.0202454016478595,-0.016587586471533022
2013-10-01,0.0019662467053864,0.0026224851081446,-0.005804835670687,0.0019493011675097,0.0016696276384475,-0.0023145257168623035
2013-10-02,0.0044849802675217,0.0031967227061735,-0.0033803911777889,0.0019455725784121,0.0050010874938073,0.001681918194954779
2013-10-03,0.0004181579219588,0.0107184577346186,0.0064752015827715,0.0019417946759372,0.0172092042609044,0.0037493276204254578
2013-10-04,0.000837108828718,-0.0022934738985723,-0.0067401884961777,-0.0064596598995703,-0.0103954862073367,-0.005117098704590761
2013-10-07,-0.0140745355039877,-0.0117776530901237,-0.0058603413454247,-0.0097530312567997,-0.0185375028310211,-0.009006379760848393
2013-10-08,0.0049469000436332,-0.0061048206058325,-0.0077569709979464,-0.0006566145943606,-0.003567884592144,-0.0022119047379181023
2013-10-09,-0.0011255956593083,0.0020474997511172,0.0059413923273519,0.0003283291150366,-0.0075821050235065,0.0006971404795592662
2013-10-10,-0.0030975063747169,-0.002627017493291,0.0009325391783934,0.0032841518191732,-0.0025468184749775,-0.0011344984918326695
2013-10-11,0.0214690352881687,0.0204859545990996,0.0245342051381876,0.0242224625020688,0.0223407136538744,0.016267242351349243
2013-10-14,0.0027654333667059,-0.0031549064879615,-0.0012126353808292,-0.0047937915740006,-0.006451708771851,-0.004391835900669605
2013-10-15,0.0067567020561358,0.0071922664719723,0.0088014632798978,0.0105972430387795,0.0242984931803875,0.009847444133776584
2013-10-16,-0.0034241227672369,0.0028564570840112,-0.0009028676636939,0.0003178331729682,0.0008177428951412,0.0007152342363385689
2013-10-17,0.0092084041324476,0.0150953730696852,0.012345786259724,0.0066708760140135,0.0102165896097081,0.0038368979503691225
2013-10-18,0.0100774118525126,0.0095397451008429,0.0113027924835538,0.0053645981716623,0.0147656955667581,0.0072618067869629765
2013-10-21,0.0051235067483663,-0.0002780136258764,0.0023531131430063,0.0081604673519555,0.0165437465223301,0.0056948544999211315
2013-10-22,0.0028169571258798,0.0027801069836246,0.000880388201534,0.0034248633132549,-0.0007845268999349,0.003993692148849037
2013-10-23,-0.0020064731656929,-0.0166340535650475,-0.0070362337733808,-0.0080670296885981,-0.00569091724993,-0.0031728836809591376
2013-10-24,0.0130012737573683,0.0033832013775525,0.0091525012566531,0.0125116623371173,0.0055261455383923,0.0031346738131028395
2013-10-25,0.0092617992218531,0.0137678881811926,0.0052662006231793,0.0089588253960168,0.0049067371869593,0.0025051235537647543
2013-10-28,0.0146826739972045,0.0166296666478484,0.0072760007061838,0.0177588561910886,0.0148437665196494,0.010242602122417788
2013-10-29,-0.0078815294783614,0.0,-0.0002889688369337,0.011732839378854,-0.0032716148488415,-0.004756853419677243
2013-10-30,0.0028648480697057,-0.0122683738680118,0.0086705703559013,0.0020813496608929,0.000192883471964,0.0028302902001899888
2013-10-31,-0.0120759992340858,-0.0253935893105403,-0.0174782023963449,0.0041546370796134,-0.0164091792775394,-0.000986481134299777
2013-11-01,-0.0036805879895895,0.0090630271162155,0.0084569518066599,-0.0035464167818767,0.0421982396390243,-0.0026416823331310013
2013-11-04,0.0039579779053202,-0.0056136177532383,-0.0121456629695881,-0.0062278508191039,0.0150658834547023,-0.003805214148872027
2013-11-05,0.0118265839826958,0.0104431629321248,0.0055619459435112,0.0083558008768771,-0.0074213822140304,0.007685703058131876
2013-11-06,0.0124674854437543,0.0025141274984783,0.001164624356013,0.0002958945073781,-0.0052335179040552,0.0003392189150603908
2013-11-07,0.0174448733874721,-0.0058677463396521,-0.004652854630003,-0.0155060598521943,0.0259303561329713,0.0014943711870281096
2013-11-08,-0.002773814209272,0.0028832967441627,-0.0021050218458384,0.010191485897312,-0.0007327390890485,-0.0018845061247559913
2013-11-11,-0.0094814871073004,-0.0063252464007962,-0.0018079979387359,-0.0174258587476534,0.013039866144038,-0.002245999494260631
2013-11-12,-0.0033183961216108,-0.0017362168076966,-0.0081528143319675,-0.0009337420768029,-0.0047988867548887,0.0011050026972505567
2013-11-13,-0.0227944342282808,-0.0246377510273425,-0.0176556960130541,-0.020865531018705,-0.0107566300231487,-0.013691098980566307
2013-11-14,0.0116633385825841,0.0038633757505106,0.0117756798978838,0.0127227440773345,0.0056242218587505,0.006815400129104976
2013-11-15,0.0076422315754809,0.0153936741536855,0.0107200110229357,0.0138191281842812,0.0169650418386351,0.00863438092666935
2013-11-18,-0.0057848691769887,0.0017492610537559,-0.0039393932188586,-0.0055762562411439,-0.0170485662228672,-0.0031035724123140707
2013-11-19,-0.0018098715144813,-0.0084397841613671,-0.0100397577590151,-0.0056075848780507,-0.0095115647834537,-0.0057260840133652735
2013-11-20,-0.0062179018447842,-0.0079249893307724,-0.0036880339843868,-0.011278294471034,-0.0005650785847842,-0.008451156963814821
2013-11-21,-0.0080812147039702,-0.002958957697517,-0.004009871623485,-0.003168258934651,0.0060288276358289,-0.0035723632201436484
2013-11-22,0.0051249876203693,0.0065281935810259,0.0065037414102047,0.0069928099669174,0.0205992844997462,0.00902608768355262
2013-11-25,-0.0028766187506883,0.0053066926664753,0.0006155438739414,0.0034723063625694,0.0102753445906469,0.0031714458640832444
2013-11-26,0.0076046502031865,0.0087979572586027,0.0073797994864737,0.0050330194039469,-0.0005451248690695,0.0008149886078914204
2013-11-27,0.0058557169258015,0.0026159723672045,0.0003054433936289,0.0040685800295583,-0.006178296503335,-0.004505811736864818
2013-11-28,0.0093143914448334,0.0014499392159637,0.0070188341052603,-0.0012465823270682,-0.0069483168229136,0.0002746227204231122
2013-11-29,-0.0025633956101848,0.0011579934734653,-0.003636850718261,-0.0043695892126056,-0.0023934307429075,-0.00259524922770904
2013-12-02,-0.0124648936622835,-0.0078078785990717,-0.00851552047758,-0.0015673050892347,-0.0114436886819179,-0.007618810196560188
2013-12-03,-0.0039035447878531,-0.0034976189021637,-0.0092025422352446,-0.0043957758668825,0.0009334595531755,-0.004440729930761056
2013-12-04,0.003265686939776,0.0055572461172304,0.0015480411587842,0.0015768169392083,-0.0020512343445366,0.003363459563632487
2013-12-05,-0.0169267583298666,-0.0209424028840699,-0.0265842983048342,-0.0179470395995338,-0.0168229926666417,-0.014371614586240145
2013-12-06,-0.004371101074049,-0.0056447484039349,0.0006352866241432,-0.0064124833784755,-0.0142584935967456,-0.002297035139853576
2013-12-09,-0.0035918254955857,-0.0089633187173697,-0.0133291102645473,-0.0077442347270187,-0.005785908150882,-0.008020722071150788
2013-12-10,0.0048063339009825,0.0,0.0032162185581614,0.0009757012292266,0.012221148954465,-0.00016906731354371374
2013-12-11,-0.0100982402778154,-0.0090440239641926,-0.0099388408513211,-0.0061729201318126,0.0045995779363501,-0.007641313025009033
2013-12-12,-0.0132886818814051,0.0051716956880203,-0.0019433867164718,-0.0078458109092356,-0.0209842045266264,-0.008176278108309454
2013-12-13,0.0093865574437925,0.0093825525800124,0.0058404213434701,-0.0032947606285408,0.0171468664651022,0.007124353100053327
2013-12-16,-0.0076817370756128,-0.0044979053477473,-0.007419347665111,0.001322058266886,0.003214218294814,-0.0017247229133678932
2013-12-17,0.0040743466270976,0.0060242636407532,0.0032500317395398,0.0062726547557898,0.0116507940829799,0.002669442320219817
2013-12-18,-0.0033817884280101,0.0002992594708002,-0.008098334489362,0.007218086765145,0.0021112864696026,-0.0013893106411024814
2013-12-19,0.0158794884096458,0.0185574130988692,0.0244935419227723,0.0140065811200873,0.037157529931189,0.020833058321908515
2013-12-20,0.0144290907923478,0.0067588408146364,0.006375620490556,0.0208797384235008,0.0120038074292168,0.012107253753324887
2013-12-23,0.0109311416565589,0.0105077024705295,0.0110865036308001,0.0053496594551341,0.0036497501714054,0.006825826437654614
2013-12-24,0.0052108568960718,0.0046216183802492,0.0068921414627312,0.0056339116843524,0.0172726008029189,0.006670100478656682
2013-12-27,0.0019442403373024,-0.002300121026858,-0.0015555153307196,0.0009336751048969,-0.0178730928014968,-0.0005357449961868044
2013-12-30,0.0046562392104263,0.0040346359865091,0.0071672167773932,0.0015547529854793,0.0012738148435784,0.006149280005189217
2013-12-31,0.0016737685149048,-0.0002871206048029,0.0018564537432839,0.0006209833409094,-0.0009087600911762,-0.0008559913236861894
2014-01-02,0.0005141991352852,0.0,-0.0012354194027314,-0.0003101801824919,0.0020012304870999,0.0029328929625129785
2014-01-03,-0.0033404012533343,-0.004019347084791,0.0,-0.0003105140927409,-0.0014523855496586,-0.003318588518702259
2014-01-06,0.0002580926748934,-0.0040357984903505,-0.0068025183078289,-0.0068305790075298,0.002545429780655,-0.004714073817738695
2014-01-07,0.0015463970128444,-0.0014471889144123,-0.0012453032118469,-0.0040633742517356,-0.0143273682413719,-0.0014817440352482558
2014-01-08,0.0020585620317048,-0.0028984564450317,-0.0012472053480276,-0.0047082986196756,0.0005521662186429,-0.0001765846897240353
2014-01-09,0.0012840896480232,0.001453266202392,-0.003121090691924,-0.0037842882067339,0.0018387926254723,0.0015728512298827102
2014-01-10,-0.0048730027871618,0.0034832893549923,0.0087664849035882,-0.000949756764214,0.0060573366757985,-0.002258394265462371
2014-01-13,-0.0077318970907889,-0.0095460847871048,-0.006517755121992,-0.0072876021472341,-0.0151432847014624,-0.003822995985594546
2014-01-14,-0.0155846449462323,-0.019567338760697,-0.0156197289601391,-0.0172355385091439,-0.0285292268640429,-0.015121818805544529
2014-01-15,0.0051453622706636,0.0077449850163975,0.0063470541960757,0.0058458544796331,0.0127766127846224,0.006404286549088756
2014-01-16,-0.0051190230426374,0.0076854020009955,0.0037842139068888,0.0038745860535176,0.0180758296569998,0.01213293444192054
2014-01-17,-0.004353352401972,-0.0102667835400406,-0.007225997061049,-0.0019299389429436,-0.0020345408937272,-0.000584976009207816
2014-01-20,-0.0019875966299595,-0.0029639820296191,-0.0022150540431564,-0.0051561675782225,-0.0113045709059271,-0.002039800747670739
2014-01-21,0.0103558505430076,0.0104041214283561,0.0082461159388447,0.0090702770658386,0.009372066728539,0.006877621766355979
2014-01-22,-0.0024966485290128,0.008826075898711,0.0050330389783428,0.0080255130004276,0.020055653207015,-0.0021941903435384047
2014-01-23,-0.0102756298769559,-0.0037909184857271,-0.0159623623608639,-0.0136940299121701,0.0149281306580941,-0.010672978505052555
2014-01-24,-0.0051907938872464,-0.0099529080584954,-0.0101781952200245,-0.0103326827886041,0.0023319064035431,-0.004190760005285732
2014-01-28,-0.0081615786882998,-0.0144888937342875,-0.010925695986099,-0.0166396024299224,-0.0273802691151247,-0.01255929711498116
2014-01-29,0.0106566368041767,0.008100944665309,0.0136452386062471,0.0076313908515663,0.0176635464032857,0.010414764780953822
2014-01-30,-0.0096100128926253,-0.0098211928385529,-0.0099356568807689,-0.0105368176848893,-0.0117520522796038,-0.00783037033452949
2014-01-31,0.0004040840458012,-0.0006012790867929,-0.0006475053233513,0.0026620331511522,-0.0104280255735079,0.0003739575759229563
2014-02-03,0.002290264202112,-0.0018046211898591,0.0038870649905669,-0.0099568356038475,-0.004622278915611,-0.000402928439539485
2014-02-04,-0.0161289982190836,-0.0241038284582538,-0.019038267338142,-0.0177672837205679,-0.0170874732257523,-0.017511108111556206
2014-02-05,-0.009699192598173,-0.0077179347900058,-0.0029604324547025,-0.0095561652084392,0.003590299343658,-0.005248888151773712
2014-02-06,0.0136567713345203,0.0152455613117226,0.0171560564665129,0.0141279276726098,0.0167576421780448,0.012048973475893066
2014-02-07,0.0005443367838344,0.0045970925387108,0.0136230449546725,0.0006797075455668,0.0161112713803857,0.007472936892239712
2014-02-10,0.018090395988046,0.0192187382514559,0.0166398834931953,0.01561972944966,0.0136686643870584,0.01083169311656329
2014-02-11,0.0142952921766847,0.0143671146258714,0.0144794073643357,0.0217315318015101,-0.0377561261214799,0.006239843675785117
2014-02-12,0.0036880755789778,0.0076717955849747,0.0083771363384475,0.0137438089807695,0.0203662421877603,0.010609953763879298
2014-02-13,-0.0059055772397594,-0.0040993807917645,-0.0018460567769666,0.0003225719738717,0.0029295362466503,-0.0003515466699640646
2014-02-14,0.0031684182322881,0.0032343433600687,0.0095560417243054,0.0112943474518079,0.0107725280194099,0.009081580737676953
2014-02-17,0.0025618013463022,0.0184640759522545,0.0048853912540087,0.0089340669463409,0.0041548073131918,0.007227347154246111
2014-02-18,0.0024211124518425,0.0083452949997198,-0.0015191206539439,0.0006324492988596,0.0071953035987344,0.0019467756943964964
2014-02-19,0.0,0.0062785410324055,0.0115643606057391,0.0066373069582024,-0.0003571378744315,0.002859298571946667
2014-02-20,0.0009395030645589,-0.0028359828724865,-0.0042119826691582,-0.0078495482416444,-0.012685383655408,0.0007810814729420912
2014-02-21,0.0077746594595562,-0.0176336481114849,0.0063444719908771,0.0069621948337388,0.0014477705897135,0.005091176516056617
2014-02-24,0.0023942050613547,-0.0031848301462599,0.0078052394108167,0.0056566282272245,-0.0007227809398721,0.003254390218767611
2014-02-25,-0.001194110657201,0.0023236193426818,-0.0044680964026052,0.00062517839271,0.0094030642744575,-0.0006577025222223032
2014-02-26,0.0029225055408823,0.0104316985391719,0.0041889622571895,0.001873586118686,-0.0037623433250695,0.0006978032129190126
2014-02-27,-0.0038412801572486,-0.0014337933425095,-0.0005959904859743,0.0021821307564544,0.0005396554656207,-0.003967302332966494
2014-02-28,-0.0071808814358538,-0.0022978236856544,-0.002087154956578,-0.000310833031333,0.0113230849111689,-0.000965487823111788
2014-03-03,-0.0024107910921375,-0.0054689195301892,-0.0047800755537281,-0.0059116547522624,-0.0163500053594263,-0.0014935395500761395
2014-03-04,0.006041363724839,0.0052096944953579,0.010207093141155,0.007198763984789,0.00469717045367,0.0030585549275774504
2014-03-05,0.0078741494693335,0.0089260460965756,0.017235940271659,0.0105653694607303,0.0169039849647174,0.009199107206230961
2014-03-06,0.0003972524562738,-0.005422209981478,0.0023374090901449,0.0015377775705587,0.0030060060111061,6.902526956320543e-05
2014-03-07,0.0059565970103345,-0.0031567300968167,-0.0119499116299629,0.0003069422195085,0.002115361300188,0.0033963749646732655
2014-03-10,-0.0032897911717215,-0.0025902554573543,-0.0038348087147769,-0.0082870123249256,-0.0042221299266114,-0.009298163346922128
2014-03-11,0.0066005076745292,0.0034630671710809,0.0153986162699479,0.0009281179079474,0.0015900826625785,0.0004286414868448496
2014-03-12,-0.0065572266497042,-0.0063272952351642,-0.0102074073605917,-0.0049473060464113,-0.013405922487036,-0.005419104884375581
2014-03-13,0.0027724999456899,0.0060781702409657,0.009133597412507,0.0015539057766744,-0.0094765358458477,0.005292119912159832
2014-03-14,-0.0093469173889606,-0.0123705646672239,-0.017517985073886,-0.011169753500011,-0.0207579999711061,-0.015339733246212406
2014-03-17,-0.0053157026245086,-0.0037867339282697,-0.0032691245339795,0.005961556956074,0.0029494489935935,-0.0014030042392566555
2014-03-18,0.0045423157585922,0.0099415012796595,0.0014910318622278,0.0062382315474336,0.0016542008310662,0.0050769741252030265
2014-03-19,0.0034579645449206,-0.000868611136509,0.0047632194914233,0.0052698224833811,0.0009173130622184,0.0020645793690956538
2014-03-20,-0.0063614936913989,-0.0028976166171362,-0.0151109245264177,-0.0095593560365727,-0.0058663387022713,-0.011496519911395886
2014-03-21,0.0092034764996096,0.0075558597745915,0.0108299775360924,0.0040475839958611,0.0110639820204978,0.008326637724936692
2014-03-24,0.0038328241627743,0.005768604103693,0.0005951697835235,0.0046511241364326,0.0289988045570468,0.001794660253510827
2014-03-25,-0.0007900943034174,-0.0031544602868551,0.0071387894565571,-0.0027774475466214,0.0019496849635938,-0.0018616415262758812
2014-03-26,0.0065886815947258,0.0083428933790679,0.0124040261854561,0.0074277873429697,0.0160973217380273,0.00752079866888522
2014-03-27,0.0022253718379525,-0.0002854003322809,-0.0017505266294776,0.0,-0.0013926013219736,-0.004945611485445034
2014-03-28,0.0075757964715552,0.0079910887585361,0.0061370412614887,0.0082947674951356,0.0050558755004193,0.003155164706767577
2014-03-31,0.0038887519495147,0.0039632446728297,0.0037756685720276,0.0073126010364943,0.0048569595373322,0.005202949440990423
2014-04-01,-0.0040029085783446,-0.001127724075824,0.0008679558860447,0.0003025087495327,0.0003452882958321,-0.0010301124652823956
2014-04-02,-0.0023338475704456,0.0039526219428507,0.0008673112142507,0.0009072517969919,-0.0025886578578566,0.0026223119490167424
2014-04-03,0.0010396535896404,-0.0053433705283886,-0.0043325823293715,0.0033232275782197,0.0008652731681018,0.0012712457660746246
2014-04-04,-0.0006492816257105,0.0002831582696094,0.0037711788711656,0.0048179322217505,0.0019013797205496,0.002431819658897494
2014-04-07,-0.0015586132574125,-0.0056530665323055,-0.003468026317864,0.0032964535185711,-0.0105244063954861,-0.001649442407260282
2014-04-08,-0.0013009152781525,0.0005686914184896,-0.0005799797743973,0.0020907675834274,-0.0123800258302846,-0.0005717864182031018
2014-04-09,0.0095099720218356,0.0056817463750302,0.0069646635921756,0.0092397790158653,0.0056494198930345,0.009832695621810883
2014-04-10,0.0051622148775167,0.0045196719281073,0.0046108514590836,0.009746249237567,0.0087781991399296,0.003120210654299793
2014-04-11,-0.006804580169387,-0.0064676974649898,-0.0057373257268686,-0.0099445752952654,-0.0189697983320235,-0.009506457289623071
2014-04-14,-0.0109878592362789,-0.0127372574393875,-0.014714403636622,-0.0150665251559504,-0.0243035165217112,-0.012839231591112221
2014-04-15,0.0050977202370228,0.0051602906152132,0.0064424122353861,0.0053990822490399,0.0027271547240625,0.005450587976987276
2014-04-16,0.0032508558155386,0.0034229135162218,0.0064006296699341,0.003878073754107,0.0117861487036781,0.005968284850218275
2014-04-17,0.0054438583968146,0.0051164000375025,0.0101184507957248,0.0068350257806886,0.0030465243861368,0.0062567412838570036
2014-04-22,0.0059301410573955,0.0036768843649845,0.0100176280310075,0.0118063540945627,-0.0037521453945759,0.004597510564356089
2014-04-23,0.0125593968702641,0.0050714818077104,0.0093509676494445,0.0090434648576833,0.018113359208139,0.0070191698018642334
2014-04-24,-0.0015188203188003,0.0039249194690971,0.0044918665755866,0.0023129130616992,-0.0040515017354394,0.0024827379667762273
2014-04-28,0.0070985252160422,0.0050263882023129,0.0022357333239761,0.0077875576880155,0.0099047383929642,0.0009165498777112813
2014-04-29,-0.0064190703974517,-0.0133370749168583,-0.013106374979968,-0.0097312216035267,0.0117337264909171,-0.00894073900815906
2014-04-30,-0.0005068911368996,-0.0059135121201265,-0.0076293468383361,-0.0037572464461747,-0.0012115236503137,0.00045519029111473763
2014-05-01,-0.0032952811742464,-0.0167140289668812,-0.0119589002969616,-0.0116041622096793,0.0086655054955884,-0.007343773652117691
2014-05-02,0.0063581936020391,-0.0043213232814207,0.0048990027553121,0.0079248175680406,0.0085908395915279,0.0017056672597690614
2014-05-05,-0.0025271247728184,-0.0104167210249106,-0.0120445327210358,-0.0107745034266698,0.0299830820363076,0.0007631205667606444
2014-05-06,0.0044337360948856,-0.002631622120766,0.0069662504320826,0.0032380041234734,0.0014885654956109,0.0035065076899607472
2014-05-07,-0.0093330673664709,-0.0079158149810428,-0.0054768852886152,-0.0090963120417577,-0.0107349241342438,-0.008265331902406192
2014-05-08,0.0068750568800737,0.0088655541753008,0.0115940619462615,0.0008884459508871,0.0036726149888826,0.007542970414476935
2014-05-09,0.0051835469242198,0.0070298357149791,0.0011460002620897,-0.0075824693797307,0.0,-0.001222069604589593
2014-05-12,-0.0015091240493599,-0.005817496039195,-0.0011446884488274,-0.0012228342290854,-0.004657307675718,-0.002270572929119141
2014-05-13,0.0065506244281243,0.00936234248161,0.0068767510121716,0.0067321654814205,0.0026739241039972,0.009131369453859284
2014-05-14,0.0123902767921162,0.003764938214239,-0.0011683714987532,0.0075990559189027,0.0130136098232758,0.0038557135347965232
2014-05-15,0.0038324293315794,-0.0002976581410137,0.0081874221208051,0.0015080111614231,0.0003380473504364,0.0026095541793969
2014-05-16,-0.0098520534601649,-0.0029771203835793,-0.0058005605638752,-0.0078313129674573,-0.0050694179273255,-0.005754901370474852
2014-05-19,-0.0104480172093763,-0.0161242455148891,-0.0145856898124694,-0.008500290089265,-0.004415832091689,-0.012788484479762108
2014-05-20,0.0033939734988701,0.0045524784785166,-0.0029604886638547,0.0027554884776874,0.0013650711670922,0.002146190229548317
2014-05-21,0.0045094904686378,-0.0015107724182297,-0.0002968414384594,0.0085498342138199,-0.0047702804868868,0.0007775379657548598
2014-05-22,0.0057361390970112,0.014826206546342,0.0056432839849203,0.0115047869144893,0.0176310847479181,0.010206421048270853
2014-05-23,0.0081835642902345,0.0008943400010781,0.0097458402117895,0.0056867425487754,-0.0025230399843344,0.0023459002676764484
2014-05-26,0.003074786147255,-0.0014891575637817,-0.0008774535021522,0.0020831633582003,0.0161885938924362,0.0036939748047142285
2014-05-27,0.0014714156696578,-0.0068618954079209,0.0046837908287611,-0.0035638876979929,-0.0004975563786914,-0.00020488050984512896
2014-05-28,0.0031831249110416,0.0066087595207229,0.0052448852529518,0.0041730926750072,0.0036524601257494,0.00283689578282309
2014-05-29,0.0013422240362828,-0.0029842277003913,0.0005795720073897,0.0011870721764937,-0.0019851039367636,-0.0012867210388787242
2014-05-30,-0.0056059446398352,0.0023944581440034,-0.0028969197749291,-0.0071149847844493,-0.0049725793810622,-0.004878575890627901
2014-06-02,0.0082115171586756,0.0116454045377785,0.0052295418766883,0.0065688899832763,0.0028317071469148,0.004749142920416505
2014-06-03,-0.0043765216222213,-0.0070838371901911,-0.0043350695849276,0.0,-0.0156143694146402,-0.00700840100042055
2014-06-04,-0.0091573379707756,-0.0098097669283067,-0.0031932235811342,-0.009492495291588,-0.0011813268952259,-0.006356329248838999
2014-06-05,-0.0024644486574016,-0.0024017631140597,-0.0040770737096335,-0.0047922924224532,-0.0015204948299385,-0.0014593607459829627
2014-06-06,0.0101296303642499,0.009028002957768,0.0102340381250762,0.0132410286439381,0.0169205826138536,0.004993310232142667
2014-06-10,0.0079489318141654,0.0032807273475397,0.0023154604961237,0.0026732762775569,0.0066555124468754,0.0011412116477214074
2014-06-11,-0.0026690574126625,-0.0002970730101425,0.0034654301214653,0.0041469125497621,0.002975349225486,-0.00280042594515173
2014-06-12,-0.0038929276711044,-0.0089209668911448,-0.0048921780470344,-0.0020650586003344,-0.0037906253607502,-0.0046196732135938
2014-06-13,-0.0018318168681098,-0.0036001334212385,-0.0092538058292701,-0.002364540677651,-0.0077748443670265,-0.004374211153664431
2014-06-16,-0.0015909554626214,-0.0006025414698054,0.0011676892271847,0.0091847821155308,-0.0016674407465244,0.0013440746153983163
2014-06-17,-0.0044117572616618,-0.001506441743128,-0.0046650969862518,-0.0038166243894864,0.0018372691392694,-0.002151718071476627
2014-06-18,-0.0029540953978782,-0.0039225639182552,-0.0087872808112038,-0.005599590787704,0.0013334808514704,-0.0033236048242137883
2014-06-19,0.0160494039388554,0.0175703850262756,0.0180262315731893,0.0160044941830217,0.0159813943084652,0.015880954565913763
2014-06-20,-0.0106927664027852,-0.0136943833174755,-0.0087084168892621,-0.008751228280316,-0.0086843288730548,-0.008911213283884889
2014-06-23,0.0045445782548898,0.0063385586574893,0.0064424449755133,0.0,0.0034710347424864,0.006242416706108811
2014-06-24,-0.0025677566239494,-0.0077985314072136,-0.0064012055609102,-0.0105945597791201,-0.0084007906819755,-0.0037636226706774245
2014-06-25,-0.0068642980388979,-0.0084642657896537,-0.0093704316840059,-0.0059490529028238,-0.0066443552484631,-0.005051409248793992
2014-06-26,0.0128363865204372,0.0134146179537482,0.0177358183137603,0.0143629730928518,0.0093647549056086,0.01334473172263273
2014-06-27,-0.0071895747999044,-0.0063178176003032,-0.0075518696682815,-0.0088496530692737,0.0016565301763857,-0.003467886886466265
2014-06-30,-0.007242129765129,-0.0075685770959686,-0.0084866624082409,-0.0077381943516605,-0.0137278846477946,-0.009055725819796301
2014-07-01,-0.0112515050593137,-0.0146430982062678,-0.0147578921012093,-0.0149970907821594,-0.0107329823780306,-0.0036780925406866283
2014-07-02,0.011879654711477,0.0272444251288452,0.0146793315644184,0.0167483573719862,0.0171212749492233,0.014808802832346979
2014-07-03,0.0077854319444685,0.0039180688580209,0.0094478958107553,0.0074869781835709,0.0066671264589401,0.006570447202447038
2014-07-04,0.0049048029357741,0.0126084975532345,0.0061421745150658,0.0041617057786702,0.0006620081215684,0.006161580834321612
2014-07-07,-0.0071992265672711,0.0,-0.0017442996982269,0.0026642389958482,-0.0041362570554763,-0.001098852797679184
2014-07-08,-0.0004916502169106,-0.0041503472245438,-0.0034946951922231,-0.0082670008267993,-0.0076425555284278,-0.0014427281357708432
2014-07-09,-0.0065178155208166,-0.0095263916275275,-0.0108124780296897,-0.0122059411356905,-0.0093755210390754,-0.01060756850193545
2014-07-10,0.0007427611914327,0.0036067416229366,-0.0029538298846529,-0.0006026593101858,-0.0025349794620107,0.002194004474503908
2014-07-11,0.0047003056599541,0.0083856802683099,0.0059259168164516,0.0057299548442526,0.0040664017750668,0.004089214302782196
2014-07-14,0.005908998713217,0.0050486286358586,0.0055963120641302,0.0056970855407225,0.0005062679314182,0.004485012540331068
2014-07-15,-0.0025702708947948,0.0050240723874581,-0.0020501060245219,-0.0092429582365943,-0.0047226011821166,-1.851896789328844e-05
2014-07-16,-0.0018401132090615,-0.000882209282543,-0.0052834774476022,-0.0024070101811271,0.0167765657825311,0.0013955471487818727
2014-07-17,-0.0017211510844866,0.0005885444059787,-0.0073766626094037,0.0018096133937077,-0.0046663029875972,0.0006470600114147906
2014-07-18,0.0007387555942994,0.0052940127642331,0.0077288929510499,0.0063232182758619,0.004688179453387,0.0016720486196304396
2014-07-21,0.0011076842562096,0.0020480230809312,0.0,-0.0008971619709267,0.0045003207466582,0.00149599068558115
2014-07-22,-0.0012292893164997,-0.0014598188770997,0.0011798747266451,-0.0005992043344944,0.0063051249924643,0.0006054222454876523
2014-07-23,0.0036919150585696,0.006140475747588,0.00441979870725,0.003895428587801,0.010222220075774,0.006034475278523521
2014-07-24,0.0055174207512005,0.0023246458110381,0.0011730849207109,0.0023885024555621,-0.0287251355870828,0.0019822466598100608
2014-07-25,0.0032924987343103,0.0028994343752257,0.0043949807612917,0.0050624726047348,-0.0149557321387542,-0.0007686138497455808
2014-07-28,-0.0034033939202552,0.0028913892135893,-0.0029170954794897,-0.0068148584563758,-0.0144999475340638,-0.0010957127690351953
2014-07-29,0.0042684457165358,0.0121069177807484,0.0026329177133859,0.0050716462794686,0.0046738222264655,0.001981177238694398
2014-07-30,0.009471762899468,0.0019937745767715,0.002626216138863,0.0050458327591789,0.0032733672356179,0.006164583850704952
2014-07-31,0.0074581620431164,0.0039796146989308,0.0072761838884909,0.0032488314343579,0.0049801333008687,0.0017834233842524139
2014-08-01,-0.011104504017886,-0.011041921649972,-0.0161802265076024,-0.0120695074687072,-0.0138411300378687,-0.013580746492246165
2014-08-04,-0.0028978188047147,-0.0045806348476914,-0.0058742398575589,-0.0065556347554254,0.0017327049159792,-0.0027892680636302236
2014-08-05,-0.0062968679999784,-0.0023005772188614,-0.0053172809965258,-0.0059987915039636,-0.0072653119570407,-0.004027179278605408
2014-08-06,-0.0042652428135712,-0.0017299440046505,0.0,-0.0048278826422973,-0.0081893948780609,-0.0011900166151659342
2014-08-07,-0.0044056545144319,-0.005197927386669,-0.0005939672906007,-0.003941606781747,-0.0070273421782318,-0.0005420835161914495
2014-08-08,-0.0149970111625035,-0.0182869579724256,-0.0184250111793454,-0.0179605650687053,-0.015392856347381,-0.013377368057136518
2014-08-11,0.0034942966895432,0.0029564133404573,-0.0018164286096929,0.0055796561764809,0.0109613684554035,0.0039966148454264605
2014-08-12,0.0159186003542861,0.0141513154304742,0.0185014574767614,0.0135635951177459,0.0071103355974717,0.01347575331793549
2014-08-13,-0.0089362064098855,-0.0023255474837051,0.0041694571649968,-0.0042581274666657,-0.0022948630660576,-0.0024930144475204807
2014-08-14,0.0007408720416961,0.0081584455649286,0.0068207640503885,0.0,0.0102602365891404,0.006129136523895351
2014-08-15,0.0022216285161154,0.0026012727423119,0.0041239087942153,-0.0106899860691377,-0.0014010541898821,0.003291807594427265
2014-08-18,0.0024630954135227,-0.0135486685607534,0.0046931940782708,0.0049395567889904,0.0054357049385447,0.0037320271378789016
2014-08-19,0.009719808648531,-0.0084745521963122,0.0154747010031581,0.0082950901382812,0.0158702848919274,0.00929978462596237
2014-08-20,0.0038754311123274,0.0091361664590985,0.0028749490336146,0.0137110714338548,0.0068668898818677,0.0023355988559059515
2014-08-21,-0.0003736928622564,0.0035047930978482,0.0017200870659035,-0.001803535832786,-0.0037508561863996,0.0007557656956229675
2014-08-22,0.0042359074090738,0.0029104037683034,-0.0014308924384024,0.0078292926747227,-0.0008557301656562,0.0012583127415048967
2014-08-25,-0.001240637905381,-0.0017410393290504,-0.0025797562285846,-0.00746975236255,-0.0054814490291852,-0.0019004180132878856
2014-08-26,0.0028568345213657,0.0046512080062226,0.0031613183608807,0.0024081843189649,0.002239206169694,0.0007598306591982684
2014-08-27,0.0047065765750644,0.00694434286797,0.0060153906145139,0.0072074210124439,0.0061863902413477,0.004710150785349976
2014-08-28,0.000246263859136,-0.0008621821499465,-0.0031323052999868,-0.0050686220470248,-0.0044402946628756,-0.0045595414092843845
2014-08-29,0.0022186259094976,0.0123670424391688,0.0008571100250778,0.0017980192576647,0.0001713860006185,0.0013326156966377845
2014-09-01,-0.0002458974043313,-0.0022729153223877,0.0028536169522137,0.0,-0.0006861748121999,0.0012103833839696154
2014-09-02,0.0024596586002476,-0.0008539943195482,0.0008537319847268,0.0053846000015418,-0.0015447662365725,0.005595183338070742
2014-09-03,0.0024541804244264,0.0062694184362237,0.0014219489665663,0.0017847352189008,0.0118618168034601,0.0017391515284077563
2014-09-04,-0.0015911373119993,-0.0073632201087644,-0.0082342702396607,-0.0044547209670826,-0.0122325777988221,-0.0043871197054895505
2014-09-05,-0.003309918021502,-0.0059914512125796,-0.0048666565701425,-0.0053701422674887,-0.0067077325062139,-0.005647092675846399
2014-09-08,-0.000492234780997,-0.0051663727384633,-0.0051783894412809,-0.0017993013844381,-0.0081386654108176,-0.0031213944246066827
2014-09-09,0.003445744524662,-0.0008657768734695,0.0008676627433559,0.0060096045938293,0.0130933327820748,0.005627077845437034
2014-09-10,0.0,-0.0023102149025368,0.0043339216178628,-0.0035843345471128,-0.0068926025556541,-0.005012480022762111
2014-09-11,-0.0110375974574545,-0.003762482567708,-0.0040276013184784,-0.0065949370560631,0.0131875934601977,-0.005006350937511339
2014-09-12,-0.0050841292285931,-0.0049390730169174,-0.0106875472779918,-0.009354184623263,-0.0075355411843549,-0.002692887210362649
2014-09-15,-0.0163280090598557,-0.0131384834277973,-0.0140145567958466,-0.0140114394978252,0.0103534951878234,-0.01036921153405157
2014-09-16,-0.009250087231258,-0.0047337739649679,-0.0079950829345117,-0.0077233606420246,0.002049628776209,-0.005094179468247417
2014-09-17,-0.0107428593226017,-0.0136742590976008,-0.0179106349509792,-0.0214818521040871,0.0040905541118625,-0.006902102621795025
2014-09-18,0.0029730422763476,0.0009042779166215,0.0045590700462081,-0.0003181074307139,-0.0028855440021655,0.0015856078298996934
2014-09-19,0.0029653159992171,0.0207769084939026,0.0036313203028524,0.0159132855857897,-0.0054479610913578,0.0031818060315100816
2014-09-22,-0.0174788037609835,-0.0235989344266808,-0.0232140305185555,-0.0222430739360116,-0.0089007780233266,-0.012829039507123441
2014-09-23,0.0111184012109859,0.0123866891316724,0.0114198431559655,0.0140980833999631,0.0139895524238755,0.009837893608057646
2014-09-24,-0.0113842536431943,-0.0140256497138427,-0.0091548671416029,-0.0085307330952724,-0.0015332443009944,-0.007264360540828352
2014-09-25,0.0030096477230758,0.0021184515719616,-0.008007279344859,-0.0019123402510043,-0.0001704212679788,0.0012273406169616141
2014-09-26,-0.018134479441773,-0.0123828330341669,-0.0099346974383215,-0.0105363243948218,-0.0139906427773938,-0.012715736826887314
2014-09-29,-0.0110283357963181,-0.0192662677845513,-0.0075259036878412,-0.0148430546263191,-0.0076137788238338,-0.009198871250667318
2014-09-30,0.0115545679513953,0.0146556120028589,0.0154815952448137,0.0127739291201347,0.0041845955635333,0.005438828573533616
2014-10-01,0.0120865635188971,0.0089119651709546,0.0099566763652552,0.0164942744109457,0.0006948509284501,0.0078065650042162815
2014-10-02,-0.005118205008489,-0.0045688823507464,-0.0052374254680539,-0.0066812660984699,-0.0105848742956285,-0.0068164938053381086
2014-10-03,0.0110803807418344,0.0088740248763978,0.0092909585074663,0.013452590780389,0.0035075635254051,0.0038767923062061893
2014-10-06,-0.0062620283314338,-0.0078859315679042,-0.0052165339156815,-0.0028444372465582,0.0015731697660819,-0.004757397542018538
2014-10-07,-0.0052515666681592,-0.0100888538116268,0.0,-0.0012681819505497,-0.005409471844376,-0.0016120445318005272
2014-10-08,-0.0098984677963919,-0.0071029437169184,-0.0043181928185619,-0.0066643055855333,-0.0143860342731738,-0.008117272915286522
2014-10-09,0.0161291395974321,0.0099531996902717,0.0182780693282431,0.0166135727358016,0.016197861576545,0.010572925421206358
2014-10-10,-0.0187588555179243,-0.0169386047209008,-0.0188624469665016,-0.0188558583228117,-0.0220703835839609,-0.020460382651906972
2014-10-13,-0.0089571567883842,-0.0031328173105134,-0.0108528362226927,-0.0067265047411103,0.0007165322829105,-0.006312380499318482
2014-10-14,-0.000135048637627,0.0125708341006733,0.0075233167694364,0.0045146043104598,0.0075173653347861,0.01007190270578806
2014-10-15,0.017943949694936,0.0099315143509213,0.0099566763652552,0.0070622283487404,0.0081721744396596,0.007339548662774975
2014-10-16,0.0063618796651707,0.0104488570285465,0.0083179670780784,0.006694701445794,-0.0007048063001644,0.0017690490566837358
2014-10-17,0.0080337112041402,0.008211337634848,0.0113047008832232,0.0110827668421724,0.0137540757151664,0.0032025015509122845
2014-10-20,0.0094066663972807,0.0087483275773607,0.0141990910777813,0.0162855990879222,0.0160023207039903,0.009051778942470223
2014-10-21,-0.0010353611456667,0.0023925425698152,-0.0047662186404514,0.0006161016727741,0.0,0.001051137742352104
2014-10-22,0.0050529634105196,0.0098445363241024,0.009877437866218,0.012627426225469,0.0136964845202482,0.011424717887601021
2014-10-23,0.0077351374715288,0.0056132773123724,0.0082988290651848,0.0015206218794849,0.0054046122979034,-0.0005074796830799588
2014-10-24,0.0076753496475363,0.0067568439761802,0.0055849037865318,0.0027330089456507,0.0036955139392063,0.005408338247267608
2014-10-27,0.0158689132151934,0.0075865576288356,0.0102309376112139,0.0098424192684205,0.0092052900143542,0.008629593956696047
2014-10-28,0.0021247328891018,0.0020273765085812,0.0095485490185502,0.001949566858125,-0.0038143067404998,-0.0011642366848646502
2014-10-29,-0.0076070111933352,-0.0063584294453374,-0.0206364845692552,-0.0143670428949924,-0.0078241302755299,-0.0009021143317919922
2014-10-30,0.0074139659743814,0.0075625114871837,0.0084873017048441,0.0100211840233583,0.0041944480577738,0.005269670578650132
2014-10-31,0.003866729890922,0.0101036815585753,0.0092862408136273,0.0072156389975093,0.0220552594067831,0.009203282039574434
2014-11-03,0.0004970084826594,-0.0028576686740212,-0.006613303966925,0.0023885024555621,-0.0052313353185381,-0.0034789570124997837
2014-11-04,0.0031049008441645,-0.0080254955960025,-0.0014469388828232,0.0020844036093181,0.0131469616380863,0.002367198224790368
2014-11-05,0.0097808539623134,-0.0054895662849399,0.0026083906239346,0.0041604687872163,0.0016222726879859,-0.0003707443300546842
2014-11-06,-0.0045366699446609,-0.006972815610539,-0.0052037355240548,-0.0056230116276846,0.0040486083293647,-0.0021212426974771548
2014-11-07,0.0193375310379591,0.0019915949369393,0.0124963549741008,0.0070445846533964,0.0058064274885614,0.011431802821372239
2014-11-10,-0.0024168937654184,-0.0072245688477681,-0.0132666383958269,-0.0109490396576521,-0.008980011738695,-0.0024654536158218443
2014-11-11,0.0053297500089335,-0.0012128571781473,0.0047805698324863,-0.0003075688955441,0.000808763935421,-0.00124119086815222
2014-11-12,-0.013855645832928,-0.0088037492738924,-0.0089205524431071,-0.0092277846507159,-0.0082577392437437,-0.009492087771145186
2014-11-13,-0.0070861185368239,-0.00765705912647,-0.0111010491981459,-0.0049673375528173,-0.0008324160466809,-0.0036923179315101473
2014-11-14,0.0061524950092155,0.0089504780185061,0.0021236728926441,0.0087362931714778,0.0056665277981289,0.0021382811517334233
2014-11-17,-0.0095388883135634,-0.0091770683710458,-0.0093855505212346,-0.0133003795810665,-0.010109437170013,-0.0076630348799189285
2014-11-18,-0.0004938787139875,-0.0006174167896376,0.0012226455271551,-0.0021943718820959,-0.0056921435528246,-0.0023570311186353887
2014-11-19,-0.0050648983656222,-0.0074140448305716,0.0009157020669243,-0.0018848474614419,-0.0031992162937106,-0.005712599360555348
2014-11-20,-0.0024831908628235,-0.0009337366299221,-0.0079289322410165,0.0053509619668401,-0.0067566947816871,-0.00970828221351916
2014-11-21,-0.0031119375033141,0.0052956885769921,-0.0086075226607665,-0.0037571661245557,-0.0059525464754757,-0.002193453700619963
2014-11-24,0.0041203473348772,0.0040286002919498,0.0077517428699176,0.0015714468853689,0.0013689710473323,0.010839996729479662
2014-11-25,-0.0031086005017008,-0.0077161420826249,0.003076758974162,0.0072166535671491,0.0003414882236076,-0.00500915172685612
2014-11-26,0.0104773741305013,0.0096425733144589,0.0144173899409467,0.0087227993366096,0.0189582141719462,0.01151390764291782
2014-11-27,0.0060487433968303,0.0144791634348921,0.0048382852539967,0.0021617304334367,-0.0077103747778421,0.0008731766362148896
2014-11-28,-0.0095704126146528,-0.01002146483158,-0.0204636230938557,-0.0163328489149123,-0.0130066451842227,-0.016237225277709433
2014-12-01,-0.0113972080467001,-0.0138035491336582,-0.0095235201643412,-0.0081452881088684,-0.0080440334003277,-0.019653025257752144
2014-12-02,0.0117793455801757,0.0074650136876182,0.0151982471121911,0.0018950828835109,0.0070740930801718,0.014154571757508227
2014-12-03,0.0081743521289894,0.0012349500290658,0.0033608685646211,0.0015765155813491,0.0256981285194917,0.007686463205605953
2014-12-04,0.0083539686030591,0.011717496528552,0.0170525452747418,0.0141642506117245,0.0085183493540259,0.008870215559679817
2014-12-05,-0.0053607582887473,-0.0124960569020079,-0.0116768711627012,-0.0037245156051526,0.000331429499893,-0.00623205771861346
2014-12-08,0.0091866775187179,0.0175925757772603,0.0103000048214159,0.0093458725834996,0.0109270850210771,0.007005079161985561
2014-12-09,-0.0044908887253548,-0.0112225315504282,-0.0086955070698027,-0.0160494560085487,-0.0065509723240854,-0.01675889642790107
2014-12-10,0.0040234710912621,-0.0092021732563221,-0.0163340293618606,-0.0122334888541397,-0.0159908786776011,-0.004479975409008019
2014-12-11,-0.0019428896270826,-0.0065016397439747,-0.0086099532371771,-0.0088916564266999,-0.0155806296973559,-0.005330230464951402
2014-12-12,-0.0054752313704156,-0.0043626742580826,-0.0058934244827957,-0.0067285413857681,-0.0078284721894863,-0.0021793528467454193
2014-12-15,-0.005750008527286,-0.01471046560524,-0.0071762354967844,-0.0077417191655314,-0.0120067788507726,-0.00641683659474046
2014-12-16,-0.0039372585287722,0.0006353244339187,-0.0078568307863893,-0.0006503340631107,-0.0206595366740565,-0.006504624286044702
2014-12-17,0.0008644945450257,-0.0047620575728809,-0.007602085338452,-0.0087834522531644,-0.0111681746985071,0.0018470042149640875
2014-12-18,0.0096274312164854,0.0121212821214338,0.0079798250075096,0.0167377841249158,0.0032264461392517,0.009476656248196713
2014-12-19,0.023349525933459,0.0293096746354493,0.0284987556677391,0.022595372845324,0.0332382075355985,0.024579130746833266
2014-12-22,0.0195915407547966,0.0162282487245892,0.0160099800318604,0.012941937814958,0.0091665780303491,0.019497209206946087
2014-12-23,-0.0045695040944733,-0.0039170429666702,-0.0075756745742495,-0.0068557142393452,-0.0013710033010938,-0.01119984652187389
2014-12-24,-0.0004708771991949,0.0096793769146403,0.0045799072870476,0.0040789186896899,0.0013728855316899,0.0025299610206512835
2014-12-29,0.0133067532694808,0.008687701182402,0.0133741165975422,0.0071877906568589,0.0056554931779726,0.01637894910943749
2014-12-30,-0.0054620066605317,-0.0041579512906821,-0.0041993604316012,-0.0058953752467432,-0.0090319214605039,-0.010441429350333542
2014-12-31,0.0008179515979642,0.0020878247532096,-0.0012048617265022,0.0015606566810162,0.0024076124494138,-0.0010352188444160415
2015-01-02,0.0010509007033585,-0.0011907013710409,0.0033172865444817,0.0043628711824876,0.0042887948313821,0.004604232058047719
2015-01-05,0.002449275354647,0.0014899543561692,-0.0033063185384821,-0.0018619048745086,-0.0020499344394092,0.0026482232134787953
2015-01-06,-0.0075625999036956,-0.0080334693286663,-0.0087453306730618,-0.0121233213995016,-0.022937416294806,-0.015691943568141742
2015-01-07,-0.0022272573242719,0.0023998615268698,-0.0054760408117092,-0.0018878133432123,0.0059566208190995,-0.0020857310789123007
2015-01-08,0.0032897210273601,0.0089764959500469,0.0036707591552385,0.0059900498400429,0.0080110564160278,0.005200139882540755
2015-01-09,0.0076119689376752,0.0151245932750179,0.0179823331312345,0.0150424537234226,0.0010368130836619,0.015631485745171814
2015-01-12,-0.0045327088964397,-0.0090565267652376,-0.0017963110990927,-0.0049397318207201,-0.0127719407758504,-0.007843830733039403
2015-01-13,-0.004086339797334,-0.003242843654638,0.0017995436393054,-0.0021721285170409,-0.0036711323328116,-0.0033214785204634945
2015-01-14,-0.0189918515569214,-0.00295765110382,-0.0080839305825414,-0.0152361929266255,-0.0187754037596628,-0.00945329739763523
2015-01-15,-0.0020314134924845,-0.0056363412990729,-0.0102626959134954,-0.0053680870866816,-0.0012516485712964,-0.004136237912476748
2015-01-16,0.0007182690422626,-0.0044747464381617,-0.0009148643237721,-0.0076188351873865,-0.0100268296839428,-0.006026556810271755
2015-01-19,-0.0056240188206435,-0.0014987763948821,-0.003968150490652,0.0006396998913555,0.0535355773519476,0.0018682507411269533
2015-01-20,0.0048136991382641,0.0072030008749193,0.0079681361459531,0.0073525419182254,0.0266095286395564,-0.00027695842142771987
2015-01-21,0.0140117671697221,0.0154948734421058,0.0148982111304682,0.0038086704033899,-0.0008358959620194,0.01614913790381478
2015-01-22,0.0066139412735497,0.0073355464666693,0.014379735716314,0.0044263216575144,-0.0041840995639248,0.00492419606970973
2015-01-23,0.0117329645195514,0.0128171167365342,0.0135854636146499,0.0135344770469068,0.0257140630559591,0.015107252107895208
2015-01-27,0.0162357180835084,0.0109285859259851,0.0069929427123407,0.0114908897459768,0.0042602959234179,0.008252896608774485
2015-01-28,0.0007987425520679,0.0014224493104886,0.0034721392441379,0.0021491197378491,0.0042419241630007,0.0010019322683854082
2015-01-29,0.0120866895148732,0.0085228943958961,-0.0011531365785104,0.0094974692725173,0.0032498074500237,0.0030077494509566094
2015-01-30,0.0064218179639967,0.0036618411607733,-0.0051966401936538,0.0015174451673276,0.006477375180008,0.003382072829362537
2015-02-02,0.0039180732196284,0.0005612721972199,0.0113173808159161,0.0112122124926026,0.0043443206405884,0.006624471291150513
2015-02-03,0.0080284661590204,0.0162691384903388,0.0117648937498957,0.0221757853674748,0.0232298528954526,0.014581341702180062
2015-02-04,0.0043143827413787,0.007452628554355,0.0275100662214773,0.0149516327034806,0.0137781272266099,0.012260833993339881
2015-02-05,0.0273156908248648,0.0128767468122537,0.0057963825563569,0.0103982165440572,0.0105017664541617,0.0058218164933716565
2015-02-06,-0.0031093153006439,0.0064915501601003,0.0142695599096329,-0.0022867848817178,0.0178819215051064,0.001582241287253039
2015-02-09,-0.0005378619079127,-0.000268314382553,0.0024352232719571,0.002292026252701,0.0096094644113982,-0.0008744787690398992
2015-02-10,-0.0036586338407127,-0.0045699703710343,-0.006477770287711,-0.0022867848817178,0.0038666512535356,-0.0024506441453490124
2015-02-11,-0.0078840545934225,0.0008097723531292,0.0005433979793645,0.005444355267917,-0.0013332104068144,-0.0048037042900110904
2015-02-12,-0.0074027812344669,-0.0094438729171085,-0.0038014312776621,-0.0031352595483775,-0.0234386271050983,-0.004394228727359728
2015-02-13,0.0216056888888889,0.020975197819564,0.0228947543083388,0.0217267907830982,0.0349383612414757,0.023312118650973046
2015-02-16,0.0034353241224447,0.0005335679341571,0.003197554765504,0.0036374492464585,0.0051372015925807,0.0019047793763915521
2015-02-17,-0.0162859435796417,0.0015999507552719,0.0005311800925527,-0.0245327235185034,0.0353387242111782,-0.002907057718263495
2015-02-18,0.0078889859677553,0.0053248173745805,0.0087603830709188,0.0040009612928204,0.0111425270203162,0.010174476814730937
2015-02-19,0.0047404343856614,-0.0013241284960023,-0.001315812302817,-0.0037006094264556,-0.0019528048612978,-0.0018662236722253311
2015-02-20,-0.0102040752375763,-0.0060991070386385,-0.008432350096224,-0.0054285926410129,-0.0048917349658046,-0.0037097817957768564
2015-02-23,0.0022171097356753,0.0050693985505914,0.0023919580172888,0.0066071471205535,0.0036517675931333,0.004495852159236202
2015-02-24,0.0069680878508078,-0.0023893456989626,0.0066276166009267,0.0071349884970992,0.0001397642415452,0.004519484371439342
2015-02-25,-0.0018673693055848,0.0053218834151831,-0.0023701657659712,0.0005665454937369,0.0106339151277532,0.0053043874619713716
2015-02-26,-0.0049518815208167,-0.0042348489189844,-0.0052802034712892,-0.0042479700345955,-0.0058147009330179,-0.0060077947767825934
2015-02-27,0.0165890707092415,0.0074426538771423,0.0084929642666342,0.0051195171605189,0.0146217310919072,0.0036812016849512297
2015-03-02,0.0068538980077725,0.0110818533295766,0.0076315434517488,0.0101865743183062,0.0292341913997302,0.005594366892232472
2015-03-03,-0.0068072418663066,-0.0007827093673735,-0.0007836376096803,-0.0011204847423159,-0.0196026249759989,-0.003795014559754284
2015-03-04,-0.0085945069530111,-0.0052233976218597,-0.0091480028853809,-0.0039256886366004,0.0,-0.004635665930502575
2015-03-05,-0.0001096876173266,0.000262412507709,-0.0021100551744785,-0.0005632856483542,0.01332971403595,0.0006064877421831927
2015-03-06,-0.0003290292994879,-0.0034118536173827,-0.0039654571121398,-0.0030985392527641,0.0116782234680363,-0.0006404033867227765
2015-03-09,-0.0062577947223719,-0.008954592278174,-0.0084923057587549,-0.0064989662506822,-0.022157457577836,-0.013140054907621712
2015-03-10,0.0017676698980932,0.0034547682658079,0.0082976757001234,0.0039816173021061,0.0074626686513694,0.0005675188237168616
2015-03-11,-0.0017645507548403,-0.005296613873003,-0.0045130101554725,-0.0022661574238143,-0.0022895882077332,-0.0032788510690374695
2015-03-12,0.0143615817434448,0.0117143973823088,0.0157334398052653,0.0119252248042285,0.0340170202462359,0.009859708199634998
2015-03-13,-0.0054454476843939,-0.0068416647137629,-0.0076136054740831,-0.0056118539952614,-0.0157961202050649,-0.0060318107920275255
2015-03-16,0.0051468152738312,0.0052992195636678,0.0047617444532037,0.0031040921544256,0.0007957610771269,-0.002552924509050758
2015-03-17,0.0176492978094724,0.0126515632623891,0.0147449379956265,0.0101263990372708,0.0043738123715437,0.007669183226412191
2015-03-18,-0.000214699933742,-0.0010411250787347,0.0036325790170552,0.0002783314142884,-0.0002639154195361,0.0006876926310910303
2015-03-19,0.0237713672309503,0.0224072725335808,0.0266287898365609,0.0197663373927361,0.0122754677158638,0.01856560904996818
2015-03-20,0.0074259602798647,0.0038231379144089,0.0005035352351034,0.0043679479452682,0.0157778204373546,0.004162231231682911
2015-03-23,-0.0087206567108949,-0.0053316633583159,-0.0042788322220271,0.0002717725042185,0.0050065315013854,-0.003212325438018082
2015-03-24,-0.0040847830614143,-0.0058703703168879,0.0002526774626845,0.002445485216338,0.0026822692719672,0.0021915121757440925
2015-03-25,0.0080974870052032,0.0089857166111901,0.0080870402667025,0.0081324528095103,-0.0021655522449679,0.0008278744432823615
2015-03-26,-0.0210720245250274,-0.0165392393402959,-0.02356469781903,-0.0212423264464612,-0.0132773033448114,-0.01575245235835354
2015-03-27,0.0053280248765601,0.0046572319083475,0.0064184142090411,0.0109890701539918,0.0,0.007042948379462954
2015-03-30,-0.0131440514931064,-0.0131343046395183,-0.0017859803930079,-0.0119565163793369,-0.0112561126776395,-0.012462764799066717
2015-03-31,0.0032223619238027,0.0060021170162316,0.0063890725028832,0.0077009208406062,0.0032713147411951,0.007795845355077047
2015-04-01,-0.0008566496931297,-0.0031127449853293,-0.0050785390880806,-0.0051859060552256,0.0121302476739779,-0.005181639061574872
2015-04-02,0.0115730200985078,0.0067655031575519,0.0068909924393412,0.0060357631412015,0.0118551406149325,0.006454732887709591
2015-04-07,-0.0020124111573888,0.0165417537437078,0.0053233595443005,0.0062719162509354,0.0064953915152909,0.004651517403676975
2015-04-08,-0.002229211229334,0.0030511081473265,0.0025213867868643,-0.0029806851484356,0.0022775603562759,0.005907283011099107
2015-04-09,-0.0015958222890245,-0.0017744231045395,-0.0060360732626988,-0.0046208231007615,0.0061860135951805,-0.004783702459902006
2015-04-10,0.0029835935490811,0.0035550587776678,0.0091092724322818,0.0049153083754687,0.0085320934892569,0.006104559630587314
2015-04-13,-0.000318777598484,0.0012651592921062,-0.0027582161189252,-0.0016305864647715,0.0103258511603081,-0.0013564143290646369
2015-04-14,-0.0031879157174085,-0.0035381796261705,-0.0052804357471374,-0.0114316607424242,0.0022166472348481,-0.002301833637026296
2015-04-15,-0.0144989107328705,-0.0101443781245008,-0.0161778985532243,-0.0104624972358642,0.0052827749737109,-0.00641284015711141
2015-04-16,0.0061659251706083,0.0071739741149365,0.008992506320629,0.0022260047113262,0.0051335430327947,0.006698664944823074
2015-04-17,-0.0099987158126046,-0.0150088427849552,-0.009421900145478,-0.0116600644756447,-0.0125243843134723,-0.01170298159131844
2015-04-20,-0.0081450726390858,-0.0100722478584612,-0.0028277950024033,0.0011236319307201,-0.0115750230849103,-0.0076136859820848946
2015-04-21,0.0049269395207593,0.0065224825050789,0.0,0.00336680690701,0.0144514087712208,0.006724736849258894
2015-04-22,-0.0071910169544032,-0.0121828988324603,-0.0128896902764281,-0.0075503278226169,-0.0011053666212545,-0.005934550408961181
2015-04-23,-0.0043897969156496,-0.0070844886209836,-0.0028728441749804,-0.0064807564737772,0.0094665071501167,0.0012598094589124642
2015-04-24,0.0152117359870236,0.0060780533005113,0.0062860488300511,0.0130459583662358,0.0157106207038602,0.015145005849299453
2015-04-27,0.0067314874791548,0.0099817690961558,0.0111919498559902,-0.0039195007277244,0.0065947830341401,0.008326458089391142
2015-04-28,-0.0015095671401442,-0.0018205718041406,-0.0118403272941932,-0.0047777645855442,-0.0092912359324205,-0.005708204938793648
2015-04-29,-0.0217110180873509,-0.0239709317221153,-0.0257881566309936,-0.0186387941753678,-0.048334802436873,-0.018485286465200645
2015-04-30,-0.0187703861415861,-0.0184195356728413,-0.0251335832029679,-0.0218706929080586,-0.0149081927920917,-0.008323790786507024
2015-05-01,0.0005630993732208,0.0010876388911684,0.0074052721610089,0.0047071005733938,0.0089776696401304,0.004216879489616243
2015-05-04,-0.010233933363415,-0.0141264030417113,-0.0307646578849721,-0.0266466930004209,-0.0073724664053839,0.0022596092317503924
2015-05-05,0.0,-0.0033069060779222,-0.008989277328097,0.0264740033966646,0.0090920845845445,-0.00017472490545122898
2015-05-06,-0.0571526355022085,-0.0268176975322024,-0.0365643904757723,-0.0266706447721949,-0.0243658133160602,-0.022999681980089948
2015-05-07,0.0015663718323513,0.0,-0.0026478005058039,-0.0060222603321684,-0.0049426483125818,-0.008163725767576402
2015-05-08,-0.0056548614726175,0.0,0.0044247514638946,0.0062208039065883,0.0350328643702215,-0.0003075236164296058
2015-05-11,-0.0056874047756936,0.0,-0.0102789730354451,-0.013291899174744,-0.0050518881299931,-0.0016540749882110184
2015-05-12,0.0086404196993752,-0.004717118106792,0.0106823425169646,0.0153507968127268,0.0250064337595374,0.00879963386448046
2015-05-13,0.0132723375322889,0.0321366362304,0.004225797125521,0.0215981451750197,0.0158512318128658,0.009135309575418304
2015-05-14,-0.0042866864691231,-0.0044881185388176,-0.0072136806238453,-0.0027179935442849,-0.0048759230538777,-0.0032510424323626275
2015-05-15,0.0135134971032149,0.0016258653093654,0.0006055427885762,0.003028235413002,0.0112701630488523,0.008629912500487835
2015-05-18,-0.0206488977466978,-0.0150639823301941,-0.0251135135947161,-0.025362237251459,-0.0129111926467723,-0.012852081074042898
2015-05-19,-0.0018073166196053,-0.009705952701098,0.0018621908168803,-0.0086741824810772,-0.0076719220964053,-0.0076464797743796
2015-05-20,-0.0043450763716764,-0.0032668484275637,-0.0006193984838569,-0.0034372482926425,0.0022815003349021,-0.0009252092145625168
2015-05-21,0.0129711698949819,-0.0053635273041587,0.0120891229742712,0.0103479761925611,0.0084722552836413,0.009263268830443705
2015-05-22,-0.0053855375603022,-0.0044936721527661,-0.0027566042234841,-0.0052762277171393,-0.0013796760769603,0.0004366144565115526
2015-05-25,0.0107089721862401,0.0090279127858157,0.0122852521697951,0.0084242100669447,0.0130590990068635,0.010015093987147727
2015-05-26,0.007618817790131,0.0140172487343572,0.0209344932504029,0.0114480958701199,-0.0006199033316797,0.009072253959358845
2015-05-27,-0.0060253336049717,-0.0129410932523422,-0.0133730095870159,-0.0052005853564439,-0.005952947020728,-0.00830800658151054
2015-05-28,-0.0074884574918182,-0.003575505532839,-0.0024095604779744,0.0061501355664526,0.0106051457589182,-0.0020237135497571668
2015-05-29,0.0190421118189361,0.0263157212706914,0.0132848008627997,0.0143644697104896,0.009259242245899,0.011247568668371066
2015-06-01,-0.0071691722980657,-0.0084499398304268,-0.0131106287703988,-0.0141610536837802,0.0018347862213707,-0.00722514239665939
2015-06-02,-0.01751877580497,-0.0199823529380553,-0.0235507404793282,-0.0128358749417188,-0.0111111838011664,-0.01728830117923763
2015-06-03,-0.0172290737877001,-0.010494882818836,-0.0142238893663377,-0.0117647663921222,-0.0122237403010529,-0.009299585406964184
2015-06-04,-0.0126269866457692,-0.0206057186603306,-0.0150567302780778,-0.0131579049361494,-0.0084999957954705,-0.014198648028102223
2015-06-05,-0.003103935504964,-0.0145422468723918,-0.0066877652744381,-0.0104765433556133,-0.002395436631672,-0.0010614851631326472
2015-06-09,-0.0058540263099587,-0.0078493419765929,0.0051301257592715,-0.0003205813692668,-0.0054338213227136,-0.004747675956019215
2015-06-10,0.0011275440705065,0.0072781240086556,0.0003185014594317,-0.0022466042018814,-0.0091488151693184,0.001343498286895839
2015-06-11,0.0187710769368107,0.0213639379867087,0.0194518681595115,0.0231584172396535,0.0193640029612363,0.014240625281146002
2015-06-12,0.0001228617973947,-0.0076898776639655,-0.0093838704111125,-0.003143314728054,0.0010064240983373,-0.0020509150236258655
2015-06-15,0.005772469975634,0.0083693829774038,0.001578920609677,0.0044149404160835,-0.0045243550225945,-0.0011697214240647957
2015-06-16,0.0059838556025348,0.0079926449904654,0.0182847798648071,0.0100469040486814,0.0013886309486275,-0.0005369872031256717
2015-06-17,0.0228208028466605,0.0176883273008481,0.0185758920422582,0.0214487742694258,0.0184065693025801,0.010777023057523483
2015-06-18,-0.0125799891868945,-0.0071919425138057,-0.0127660163122891,-0.0149117778702619,-0.0146077319401485,-0.012606296873645562
2015-06-19,0.0152643159171115,0.0159972759091375,0.0098523234252438,0.01204835196034,0.0217337926760596,0.013050363624698136
2015-06-22,0.0065114795961491,0.0032680331068855,0.0097562021661012,0.0048836951606607,0.0006146562240256,0.0023537965046716014
2015-06-23,0.0204655247936809,0.018655608386314,0.0175119769642535,0.015492110871911,0.0141314083740877,0.01321104494868397
2015-06-24,0.0049561106381914,0.0034885114893503,-0.0008902044666962,0.0062820537898344,0.0063009346409226,0.0004517706161422108
2015-06-25,0.0011471705540535,-0.0020277512360137,-0.0106921764447709,-0.0059453729262826,-0.0002409282209525,-0.00950525950436898
2015-06-26,-0.0073321700761579,-0.0104502381243388,-0.0090062730280495,-0.0101674677815262,-0.0063834476769381,-0.013566722731852332
2015-06-29,-0.02261961290298,-0.0261073851736797,-0.0299908063831818,-0.0311179303351338,-0.0242422637379621,-0.022251003782221113
2015-06-30,0.0051954266995877,0.0033133133590419,0.0040600195910347,0.0040536864640665,0.0111798819660995,0.006735492963639844
2015-07-01,0.0104547150589719,0.0048036269497455,0.0071538679489513,0.0093168257543698,0.0141279367713904,0.01038799430314552
2015-07-02,0.0166237512727058,0.0170299905379351,0.0194563848526825,0.0126152996493931,0.0078739538517447,0.01525704816041018
2015-07-03,-0.0090335264637823,-0.0096946522937517,-0.0075734011389554,-0.0136736299680085,-0.007932578698077,-0.010987161720759198
2015-07-06,-0.0041541919703345,-0.0071191921027079,-0.0082419392421808,-0.0077015786896927,-0.0101770386389916,-0.011412007522421552
2015-07-07,0.0161065110192979,0.0221091881289388,0.0390892068152961,0.0254576472584182,0.0129744399437925,0.019438155593867856
2015-07-08,-0.0218952369455101,-0.0257235147560391,-0.0177725492390845,-0.0230092959858724,-0.0376996781210197,-0.020047326194761017
2015-07-09,-0.0019818109666225,-0.0060003343510853,-0.0084438432281019,-0.0018591259446376,0.0006282229692191,0.0002644916472591685
2015-07-10,0.0022195903444519,-0.0018112283075244,0.0066911477800006,0.001241469765004,0.0114191734238171,0.0038501279098963614
2015-07-13,-0.0071105282972275,-0.0057455813719858,-0.0042297299831045,-0.0108524875165759,-0.0062036351415482,-0.0034355462363088174
2015-07-14,0.0125614650703753,0.0179443555514358,0.019720940372198,0.0094043334860223,0.0225966626051326,0.019044269173451367
2015-07-15,0.0100872425880813,0.0092618186800796,0.011603645731657,0.0068323462047004,0.0046393133894679,0.010546614780726715
2015-07-16,0.0096417872849248,0.0159858950311693,0.0185292414591777,0.0067857639711137,0.0099648776766771,0.005922717120460552
2015-07-17,0.0002272813036163,0.000582598456456,-0.00173239651171,-0.0061271994918907,0.0048130812201008,8.83543254097674e-05
2015-07-20,0.0043192390590902,0.0029121374287424,0.0008677014588356,0.0126387405061532,0.0196380247913381,0.002959806493390005
2015-07-21,-0.0029425025083492,0.0095818449077782,0.0086703889014556,0.0060881361024072,0.0051673948147208,0.0034861042671252562
2015-07-22,-0.0166855454612515,-0.0140925143014234,-0.0157594214458733,-0.0154310642625903,-0.0132025342666941,-0.016147151998387677
2015-07-23,-0.003809401010922,-0.0052508739166635,-0.0026197772707521,-0.0119852973284875,0.0041442019306336,-0.004324991288003344
2015-07-24,-0.0056777813837222,-0.0055720344592053,-0.0005837018957931,-0.0031104016113268,-0.0390285054363925,-0.004325494843119615
2015-07-27,0.003262994083669,0.0,0.0035045589072113,0.0018718873792793,-0.0024539348495418,0.00427244963128337
2015-07-28,0.0030200896745546,-0.0014743729069788,-0.0043658263009626,0.0034259136540304,0.006642157264773,-0.0009305030181571139
2015-07-29,0.00289545720074,0.0091554625200551,0.0055539799441124,0.0009308408811712,-0.0024436670121246,0.007068031817405673
2015-07-30,0.005542392187841,0.0114133412805479,0.0098838539663659,0.0068219738074697,0.0044092735775376,0.008066276430180874
2015-07-31,0.0055120620359514,0.0060764230834695,0.0034544175873385,0.0064673504938199,0.0018293378837965,0.005228038770295651
2015-08-03,-0.0021699063411105,-0.0051767720434992,-0.0002870254979921,0.0,0.0021913129709885,-0.003477611716748985
2015-08-04,0.0075540563618481,-0.000867441674491,-0.0022953792248242,0.0030598497526161,0.0051012811882855,0.0032672629390217978
2015-08-05,-0.0074974204253863,-0.0063657516854253,-0.0080530541086977,-0.006101139096396,-0.0071296616977288,-0.004198857215397367
2015-08-06,-0.0322765877280016,-0.0218403471892875,-0.0304436962014283,0.0,-0.0141189765720143,-0.011257493943678032
2015-08-07,-0.0384386183187053,-0.0229233658491957,-0.0325958533414979,-0.074892638930372,-0.0113580430204179,-0.024121319528252583
2015-08-10,0.01033216865238,0.0152347063735958,0.0102009995086655,0.0152623046254725,-0.0079920727535545,0.00627914080789127
2015-08-11,-0.0002438488245458,-0.0258104105189826,-0.0192775683290776,-0.0173201247485156,-0.0041542811000595,-0.006172884811416868
2015-08-12,0.0,-0.0197167661708921,-0.0143525922955186,-0.0189561610197535,-0.0059408245889213,-0.01621241170265708
2015-08-13,0.0,0.005028334029002,0.0066476486454598,0.0088137972549848,0.0011444839439531,0.0017526150037605603
2015-08-14,0.0,-0.0068789723185727,-0.0147800727174634,-0.0157931912662714,0.0025401213574889,-0.005815037834381309
2015-08-17,-0.0049884502927479,0.0157429391564849,0.0194701619144128,0.0078524888912434,0.0006337984985393,0.0021511004656460386
2015-08-18,-0.0270715327732392,-0.0154989402826256,-0.0087664784372805,-0.0186313906621292,-0.0016463197694049,-0.008972232772874289
2015-08-19,0.0176829323299327,0.0258182610362596,0.0331650891528623,0.0300312367712858,0.0064682383975076,0.014556374010775697
2015-08-20,-0.0270855855364686,-0.0165745837982551,-0.0155916106471734,-0.0237935917245077,-0.0243196953967359,-0.01702677818373144
2015-08-21,-0.0073542075323341,-0.0274654894980483,-0.0257764473626868,-0.0271197826194711,-0.0355159132592016,-0.013941375239266862
2015-08-24,-0.0412751333865206,-0.0465342102161585,-0.0612048653067612,-0.0504589430170051,-0.0582483430085334,-0.04090815933648961
2015-08-25,0.0360150459198445,0.046448921646798,0.0492358906437302,0.0401342361395435,0.0585806784526428,0.03005416844925879
2015-08-26,0.0139850206347564,0.0096494435456968,0.0122976163298134,0.0028576663919159,0.0098052590048198,0.007929424412020047
2015-08-27,0.0039407489181126,0.0054158778242017,0.0115091321095461,0.0178127008480195,0.0140996496982916,0.011887220602735837
2015-08-28,-0.0009157273746491,0.0006336625869154,-0.0018961089229577,-0.0013998888625573,0.0089190399952023,0.006043147772973656
2015-08-31,-0.0167629025518089,-0.0129827717017496,-0.0151996530734703,-0.0210305570751397,-0.0128705236650104,-0.010503259322266478
2015-09-01,-0.0237079919251923,-0.0247034524497467,-0.0289391324014115,-0.0307913895224356,-0.0194916403074523,-0.02079690551347546
2015-09-02,0.0045019998743534,0.0098684601272729,0.0072849332637823,0.0129297608108829,-0.005507116951109,0.0014257435770055338
2015-09-03,-0.022545454484808,-0.0250812414213799,-0.0075607122690343,-0.0167761562015605,-0.0152617649958195,-0.014250214853920085
2015-09-04,0.0025012730736875,-0.0043434199200087,-0.0082810471601695,-0.0037091114239202,-0.0012345105425765,0.0027968295375624397
2015-09-07,0.0023562350278063,-0.0063761733871287,-0.0046759252381693,-0.0055844789214591,0.0065915675810017,-0.001125622068807286
2015-09-08,0.0255806316485827,0.019925870160337,0.0241611010034101,0.0306996367334047,0.0167802277155342,0.017029622541342437
2015-09-09,0.0343805430207742,0.0354303049036222,0.0422670967085976,0.0366874833208803,0.0377030312068633,0.023925881294776463
2015-09-10,-0.0207247421381775,-0.0348576649677724,-0.0330082662113732,-0.0311840732160244,-0.0183605981950691,-0.024070353527024357
2015-09-11,0.0,0.000331498138262,-0.0084527663527642,-0.0047018804773429,-0.0015806243077859,-0.00468115394615054
2015-09-14,-0.0077198191577075,0.0115932073356124,0.0160657070892795,0.0094474787714136,0.0233510589795373,0.005071314611579281
2015-09-15,-0.0151578406394091,-0.0232480443304797,-0.0254921888950636,-0.0230378507150175,-0.0073483577613445,-0.01529828385819254
2015-09-16,0.0262872967088989,0.0227956408695866,0.0288083039265618,0.027265815753581,0.0159742946614909,0.016190831714705922
2015-09-17,0.0031848589596799,0.0137661740028107,0.0090119482387249,0.0107604675226244,-0.0029400533218552,0.009418810280667822
2015-09-18,0.0031752351961391,0.0042028172815904,0.0127588649206276,0.0078069481656797,0.0091023896911786,0.004643321299949266
2015-09-21,-0.0291440575759058,-0.0189953616964134,-0.0283463561363513,-0.0239435497822566,-0.0163891288863804,-0.020149523103846323
2015-09-22,0.0024452128946508,0.0013126610160774,0.0084277715457876,0.0039682817985668,0.0071041458742149,0.007420700178862649
2015-09-23,-0.0298107621114227,-0.0232708454996142,-0.036644035904368,-0.0301834720985381,-0.0124409545614021,-0.020536819357229952
2015-09-24,0.0125701354129059,0.0134226459701767,0.0130130801507672,0.0129677581241167,0.0072727106849739,0.014712339147069153
2015-09-25,-0.0146207366135795,-0.0135759640394461,-0.01350493927337,-0.012435804764517,-0.0020626292597377,-0.005814134809675964
2015-09-28,0.0176370831075121,0.0171196710206997,0.0096830402204424,0.0148147285086843,0.0198966861418519,0.014234802061885654
2015-09-29,-0.0350754658133037,-0.0363035105941129,-0.0376983891711437,-0.0372259733685629,-0.0499114619784248,-0.03813116478740053
2015-09-30,0.0366356344278862,0.0267122170842757,0.0206183624859759,0.0265350262775632,0.022133553981728,0.02099102366712624
2015-10-01,0.0213147232915829,0.0186790618793009,0.0232323584110554,0.0162480718708017,0.0076962079500586,0.018024490313708563
2015-10-02,-0.011848565735181,-0.0144072995265812,-0.0210594471794425,-0.0214389071901818,-0.0124274389170623,-0.011697998995744419
2015-10-05,0.0132167826258864,0.0166110991840124,0.0117645858972619,0.0170814066054012,0.0114041633104966,0.019500654188238542
2015-10-06,0.0080688550666143,0.0104577392486504,0.0086381106877704,0.0032857997995987,-0.0019439315964457,0.00327482999419626
2015-10-07,0.0005336398274364,0.0087324438124332,0.005270034620624,0.0087336508535951,0.0107775008171215,0.005929898024501723
2015-10-08,0.0049332286761887,0.0035266025780553,0.0006552302626003,0.0075757005811167,0.0,0.00240984566733049
2015-10-09,0.0021228663803916,0.0127794465593282,0.0104780613368105,0.0189761168514914,0.0398252674212122,0.013311747022473064
2015-10-12,-0.0116509095721533,-0.0094636447768144,-0.0077772530375809,-0.0038651007133182,-0.0021002834408078,-0.008868436067081875
2015-10-13,-0.0056261987873126,-0.0054139219077761,-0.0058782654950522,0.0056439427966588,-0.0075520948308605,-0.005735409943391945
2015-10-14,0.0044456792864282,0.008965709266717,0.0,0.0049103543560953,-0.0058633019150422,-0.001068893127053383
2015-10-15,0.0112663908145476,0.0003173340001663,0.0,-0.0031414785589738,0.0164386641983831,0.006310004727822616
2015-10-16,0.0152517744715183,0.0079314061112498,0.0,0.0038516298851132,0.0177779215066444,0.007296975109810866
2015-10-19,-0.0015675866961105,0.0059804581157083,0.0365755930665254,0.0066273566383354,0.000848946641075,0.00029198122168216933
2015-10-20,-0.0091588804266828,-0.0062575448260402,-0.0156351485429806,-0.0159393359226497,-0.0071508325874553,-0.006477740779570085
2015-10-21,0.001056671070206,-0.0012596852731091,-0.0032413924933346,0.0056338203465224,0.0058594235428364,0.0024317107073210664
2015-10-22,0.0076504098023082,0.0034674506701122,0.0091057473020648,0.0014008120836301,-0.0042476619869075,0.0029605734464943634
2015-10-23,0.0125672838291104,0.0191647040711524,0.0170804953119603,0.0104893240242931,0.0145035993439088,0.01666480745851273
2015-10-26,0.0019392171706527,-0.0006165845092019,0.0088717164557752,0.0,-0.007087834854299,-0.0006672291311122791
2015-10-27,0.0030967422173635,0.0,-0.0021984253079624,0.001383964927732,0.0079852925403927,-0.0003442794200720911
2015-10-28,-0.0012863521644747,-0.0215915444952115,0.005036366874044,-0.0065650381033829,0.003481020957514,-0.0020442554518822487
2015-10-29,-0.0060537292791247,-0.0397225629626678,-0.0003134972077513,-0.0201739402838384,0.0049043638370001,-0.012665815480533249
2015-10-30,-0.0057016928287977,-0.0101774108591848,-0.0169172069206872,-0.0340788433880552,0.0201166200591773,-0.005205591145393873
2015-11-02,-0.0212433721488697,-0.0175786176553796,-0.0245378272314159,-0.0231535316226828,-0.0439906911548674,-0.014064301970884707
2015-11-03,0.0181091959144532,0.0162051809349135,0.0225415214411,0.0158015715864405,0.0124493535860858,0.014221692742088843
2015-11-04,0.0015696731471057,-0.0063122644785428,-0.0009585466065797,-0.0048149438618743,-0.0004817916419447,0.0005873125712114735
2015-11-05,-0.0095326839344738,-0.0112163291749095,-0.0051164599997503,-0.0081874310610532,-0.0086841846766815,-0.0074943327970546925
2015-11-06,0.0097560525458162,0.0031511591155557,0.0173575599222359,0.0105060012834907,0.0029202316657241,0.006274194963941104
2015-11-09,-0.0131867798870041,-0.019895319311884,-0.0113742769215854,-0.0234887839716102,-0.0065573119303887,-0.017920270444921504
2015-11-10,-0.0108495887475058,-0.0039175017802595,-0.0124639924000981,0.0070977909500864,-0.0012451221447594,-0.003957681514692224
2015-11-11,0.0165863490723623,0.0143012661000754,0.0060079283375282,0.0270163192453836,0.0148378784625295,0.006951357337849906
2015-11-12,0.0184209184800798,0.00669724593592,0.0155938663171055,0.0156312854686837,0.0027029130336082,0.0006434054479138585
2015-11-13,-0.0211883112551024,-0.0108543588165024,-0.0029400671689931,-0.0123876499938038,-0.0226688323816304,-0.014522271704185075
2015-11-16,-0.0129356676405777,-0.0138052361279198,-0.0163827648170372,-0.015203372705795,-0.0072718018651555,-0.009391090183077822
2015-11-17,0.0306229547769389,0.0229718883042391,0.0193203362360991,0.0223850107927003,0.0190703334991468,0.022891960796019184
2015-11-18,0.0099909490409735,0.0101753564868136,0.0055557695594263,0.0098150830958638,0.0092950541025587,0.002905436111517723
2015-11-19,0.0167010972836492,0.0323028776022471,0.0263241950545947,0.0287850526120492,0.0126472351394664,0.021415818823456334
2015-11-20,0.008718791509396,0.0080755807902461,0.0088663904313468,0.0079946476920589,0.0064267029187736,0.0026431570425713424
2015-11-23,0.0071400218170112,0.0086778414506663,0.0009415025125318,0.0039650057141915,-0.0010842054511304,0.0038580823985121526
2015-11-24,-0.0094527414095598,-0.0132359612045473,-0.0056443262339346,-0.0028722186435593,-0.0121820513055215,-0.009450394584981203
2015-11-25,-0.0080361062364995,-0.0083837748328882,-0.0003152838313634,-0.0118835179931635,-0.008547220556667,-0.0061062335474139084
2015-11-26,0.0154431641181946,0.0040583909204692,0.0123028802211848,0.0043729495878819,0.0061577587141512,0.0032761727605650215
2015-11-27,-0.0012468906186616,0.0,0.0009347543724393,-0.007982240771201,-0.0024479290780091,-0.0015536233935988797
2015-11-30,-0.0086119183456765,-0.0101047912104019,0.0009341915449307,-0.0069496233038854,-0.0011043751248134,-0.006886335580666536
2015-12-01,0.0196396558238651,0.0176934784442677,0.0199065502989783,0.0235729361078866,0.0157231572406075,0.01928196066732446
2015-12-02,0.0095076054703071,0.0030089883733985,0.0094540063734192,0.0039579947329362,0.0018138067887714,-0.0014523469881466688
2015-12-03,-0.003179906451694,0.0013330579183907,-0.0057401367794081,-0.0032256535363192,0.00108651102691,-0.005796543534826726
2015-12-04,-0.0157054841461404,-0.0143140809206145,-0.0185352816366395,-0.0251710279917917,-0.0132642357055156,-0.014558839895597364
2015-12-07,0.0036148423687172,-0.0016887411758886,0.0068110861871681,0.0059020559594193,0.0067210206768533,0.0007937360270495741
2015-12-08,-0.0045958334963454,-0.0084571634314273,-0.0086100023340642,-0.0165017413345139,0.0003643816962755,-0.009133819104860552
2015-12-09,0.0018720121088551,-0.011941349065719,-0.0058933564386386,-0.0145415661509049,-0.0195365523346149,-0.005507086433473418
2015-12-10,-0.0173121659134185,-0.0183011788602075,-0.0199688703182711,-0.0090801829075427,-0.0008661270206921,-0.008411706253390827
2015-12-11,0.0006335253753333,0.005979713866705,0.0019102993369608,0.00114520388768,0.0032204208305799,-0.0016410045885374425
2015-12-14,-0.0191258592109239,-0.0230769727875314,-0.0257389733636707,-0.0205949002274656,-0.0351895304081392,-0.0200522466290578
2015-12-15,-0.0073605398315927,-0.0100215269433143,-0.0019569206710711,-0.013629507197499,-0.0071664587764822,-0.0038640428859982867
2015-12-16,0.0288796265019639,0.0260304160760294,0.0281044833208092,0.0268456113923112,0.018690384109919,0.024233830325177674
2015-12-17,0.0202303269363117,0.0197321246834307,0.0228862129572551,0.0199925614681428,0.0026568708343275,0.014629022195230768
2015-12-18,0.010906077357315,-0.0055289245652178,0.0031078222399971,-0.0018846622910277,-0.0118624268788063,0.0009115929144896118
2015-12-21,0.0042904973838127,0.0013901127811917,-0.0009294580815024,0.0117070085069381,-0.0012772986996409,0.0005098723277112693
2015-12-22,-0.0030515269139442,-0.001388183050191,-0.0077517631964063,-0.0041059914673806,0.0028134718479997,0.001495751331448636
2015-12-23,0.0046527978622494,0.0076444388975911,0.0018747664713145,0.0074963287798366,0.0219332093969606,0.0049031648539015205
2015-12-24,0.0154782319520527,0.0134480853904028,0.014972034175217,0.0137648530946079,0.0074867399322153,0.012810783174132423
2015-12-29,0.0141623672301101,0.0176934784442677,0.0147513830984136,0.0139447149907327,0.0164726916627477,0.013545178523062917
2015-12-30,0.0126625673257705,0.0140421400613666,0.0193817528055,0.0119438587011333,0.0109664802927431,0.009985634096187468
2015-12-31,-0.0004672574641725,-0.0042865644569048,-0.0029707791182913,-0.001073133777387,-0.0024108807873101,-0.004527012071139924
2016-01-04,-0.0125102924380461,-0.0115893232962199,-0.016686368613868,-0.0143215435994699,-0.0130481028760472,-0.004793118989856238
2016-01-05,-0.0159839515668231,-0.0147404816559714,-0.0093943455833687,-0.0167091120288258,-0.0205654358610377,-0.01631353105269795
2016-01-06,-0.0120322958347994,-0.0146206489149455,-0.0146832931262125,-0.0132985397866981,-0.0102485830246639,-0.011823855360287072
2016-01-07,-0.0207039226005483,-0.0331262545077444,-0.0288728350811435,-0.031823591940709,-0.0184368180819968,-0.022016620868195336
2016-01-08,-0.012311699799072,-0.0107066676971591,-0.0089516372749445,-0.0123742278094319,-0.0106780745173822,-0.003891964215442023
2016-01-11,-0.0098212563505,-0.0108225410477967,-0.0141933206252202,-0.0152702182463589,-0.0338101925003085,-0.01174192392934692
2016-01-12,0.0095369546158261,-0.0025525449332737,0.008507700097134,-0.0039759471158575,0.000942291426782,-0.001440456575431126
2016-01-13,0.0202797871264264,0.0120654227634757,0.0217391936702138,0.0159677497597769,0.0212451404994773,0.012650978492535936
2016-01-14,-0.0195060980860403,-0.0205922045421388,-0.0104796903541888,-0.0157167880216203,-0.0223830968637515,-0.01565075491941259
2016-01-15,-0.0067994562043076,-0.0036891355187297,-0.0022463684722009,-0.0055890628081879,-0.0098318073000361,-0.0033595314461023484
2016-01-18,-0.0062119299879955,-0.0118472159604119,-0.0102925230463851,-0.0200721609265017,-0.0144179634017272,-0.00696916686554061
2016-01-19,0.0102054874938208,0.0127389021876362,0.0133246631659391,0.0073738865089945,0.0200112066302,0.00913139066588986
2016-01-20,-0.0199524017942949,-0.0107288622139705,-0.035920535059559,-0.0443267974590081,-0.021106844182145,-0.012551963812097444
2016-01-21,-0.01030782088396,0.0029918722640145,-0.0056554625914345,-0.0165959476271518,0.0120248973389418,0.004642752828219576
2016-01-22,-0.003254618436656,0.0037285057989118,0.001338370143326,0.0103850906391702,0.003277819870276,0.010680486644831566
2016-01-25,0.0318704487858081,0.0312034704577643,0.0327429137783028,0.0342612364996168,0.0262729371058112,0.018431780176048962
2016-01-27,-0.0177214662553794,-0.0309796512376521,-0.0187640425781496,-0.019461609148451,-0.0209579329053446,-0.012008726936672098
2016-01-28,0.0029638605084238,0.0074350288154765,0.0049454212650705,0.0152027745547584,-0.0048772702092798,0.0060215404266099615
2016-01-29,0.0107927213563412,0.0206639895943678,0.0121390888836696,0.0058238080073143,-0.0254594662388345,0.00590009201009023
2016-02-01,-0.0057201160210076,0.0061461772763027,-0.0064828588424836,0.0169558797097413,0.0064263469377534,0.007604735803705465
2016-02-02,-0.0025570739839465,0.0028745658406896,-0.0114193830190044,-0.0077264834426111,-0.0206828800898775,-0.009966476535312241
2016-02-03,-0.0293513370795668,-0.0211657472714891,-0.0287125938567787,-0.0299181388211813,-0.032459180990966,-0.023344217415481983
2016-02-04,0.0215238862145328,0.0193477167815221,0.0356776142762356,0.0266157866969813,-0.0498096100486759,0.021243975206115984
2016-02-05,-0.0098241246831023,-0.0152588614888107,-0.0042650705623418,-0.0086419642252209,-0.0172679216318218,-0.0008399295330131507
2016-02-08,-0.0028720598378529,-0.0117156267467366,-0.002965144698361,-0.0149438195331307,-0.0087855795088257,-0.00015738529968478687
2016-02-09,-0.0459546085799514,-0.0478012270638064,-0.0515535919575387,-0.0396122618787265,-0.0398860796359636,-0.028703892057638125
2016-02-10,0.0182518616533207,-0.0192771833264135,-0.0059229957336058,-0.0162352344837235,-0.0120344818460248,-0.01167117531128914
2016-02-11,0.001347474366832,0.0073710021235293,0.0091131665961199,0.0129348573630068,0.0101786249168973,0.010257996795250302
2016-02-12,-0.013054912708457,-0.0186993181564982,-0.0253561791443304,-0.0233377644055939,-0.0363395188120669,-0.011559926013567923
2016-02-15,0.0132275978436484,0.0252694417473091,0.0203136938516605,0.0297565620185664,0.0227972768868596,0.01639218512478391
2016-02-16,0.0038717093424862,0.0092930280843028,0.0118757639153941,0.0188265649796206,0.0598290564843053,0.016525954540688836
2016-02-17,-0.0037188938692374,0.0216173429050017,0.0069036751978643,-0.0055866613288075,-0.0086969132249058,-0.005594256678731591
2016-02-18,0.0269597340778444,0.0250779592714476,0.0277679885333799,0.026361227702129,0.0403572644798804,0.022876889381462595
2016-02-19,-0.0114430853197636,-0.0206421916570613,-0.0066709875117093,-0.0147365846702921,-0.0202393534749433,-0.007819890972148524
2016-02-22,0.0110308166022359,0.0015615056515683,0.010745618314023,-0.0034187948280267,0.0226918010082239,0.010236972127559696
2016-02-23,-0.0129310112349601,-0.0077944378551575,-0.014950291999959,-0.0085764904182661,0.0024484642450433,-0.003617503116150167
2016-02-24,-0.0275653942083802,-0.0380988120846493,-0.0391230938777091,-0.0346017733494535,-0.0230500117940364,-0.02041401777725449
2016-02-25,-0.0036486001762366,0.00245002367999,0.0049140157953837,0.0103042787974603,0.0025001115103187,0.0012880008845790325
2016-02-26,-0.0039437735548571,-0.0057028871062998,-0.0024449931626708,0.0004436563602598,-0.0037406783300518,6.871210098191582e-05
2016-02-29,-0.0082015361105644,-0.0090125190915455,0.0066527255852713,-0.0070921809003984,0.0053191916859798,0.0014627087349163848
2016-03-01,0.0181068358528437,0.0202563213937245,0.0250435979701246,0.0299105535871582,0.013694385268427,0.010582856796639728
2016-03-02,0.0354294375968764,0.035251372777638,0.0413980997586165,0.044646797673711,0.0228736342231359,0.020910782512785442
2016-03-03,0.0131184535640012,0.0320937160001524,0.0175950642507092,0.0290456965598164,-0.0178598808126356,0.012044350742651533
2016-03-04,0.0110799845610041,0.0098596756612605,0.0153698401679944,0.0088709286140467,0.0136004453254212,0.0019112529255993493
2016-03-07,0.0151836416752726,0.0225313240235103,0.0129296736953703,0.0183852299640439,0.0156789533892882,0.010371002840437349
2016-03-08,-0.018728017308518,-0.013955135007391,-0.0096514174395173,-0.0196231371454397,-0.0210776311988177,-0.00657974735135769
2016-03-09,0.0113982317259455,0.0260702842808591,0.0226346080437853,0.020015912134343,0.0016680324988391,0.009963841326108058
2016-03-10,-0.0022279386070089,0.0043556737435117,-0.000307438354629,0.0003924386628137,-0.0063576430723756,-0.0002602441463971372
2016-03-11,0.0030211205288162,0.0090349770644644,0.0067651112295046,-0.0027459261429579,0.0199573231799272,0.0031850914190569846
2016-03-14,0.0064157843978416,0.0139687966715966,0.0042759209324798,0.0129815099069348,0.0283792640047768,0.0036903893014104128
2016-03-15,-0.0183448409280244,-0.0183680409090968,-0.0176396976357673,-0.0139803199836067,-0.0143792007909167,-0.014224022088048405
2016-03-16,0.0078196554050966,0.0104354138011197,0.0058821007837626,0.0078770639139893,0.0109047210749391,0.0015538849452023662
2016-03-17,0.0176222484639734,0.0039172693515268,0.0061557253181567,0.0105509625965951,0.0189504235481954,0.009748862389675983
2016-03-18,0.0100800962758671,0.0060304966019597,-0.0003058321096491,0.0073476899991484,-0.0230326770071017,0.0029474081666354124
2016-03-21,-0.0130500826253671,-0.0059943477084727,-0.0048958267714936,-0.0069099820047099,-0.0105432705792097,-0.003188754880954936
2016-03-22,-0.0029816461342453,-0.0148989898085646,-0.0027675919132322,-0.0166216492470258,-0.0028120941561248,0.00012896313015287042
2016-03-23,-0.0027304835774298,-0.019805540818659,-0.0030836591253295,-0.003930958340256,0.0011874789845416,-0.004328708912694212
2016-03-24,-0.0245108894258304,-0.0352680203531987,-0.0457779466665296,-0.0520917322640812,-0.0244590489368763,-0.011278260299178111
2016-03-29,-0.0227212293971366,-0.0243719129324586,-0.029821495090418,-0.0341381601942347,-0.025983927666783,-0.015674109173350437
2016-03-30,0.0025982878598902,0.0007809169943417,-0.0013365813028162,-0.0038792739617675,0.0074882698374532,0.0011699802425420014
2016-03-31,0.0219616899966332,0.0234008302940464,0.0153897014372592,0.0151451358767096,0.0233815923271338,0.01452178569933582
2016-04-01,-0.0257609800888931,-0.0213415273349778,-0.0230641936377444,-0.0277066386843749,-0.0285971680719603,-0.0164084140390518
2016-04-04,-0.0009590423495839,0.0054518119727597,0.0020239172300386,0.0,0.0074767883118227,-0.0008134571148954439
2016-04-05,-0.0229017518484595,-0.010069829333585,-0.0195223712323919,-0.0149058726491698,-0.0148424211212072,-0.014127849201375331
2016-04-06,-0.0014033629713482,-0.0023471970445588,-0.0154480101911478,0.003560142184207,-0.0010981987781015,0.004396508958087297
2016-04-07,-0.0022487378568197,0.0007843937251403,0.0062764129338586,0.0031042340764211,-0.0028281711749778,0.003757466908262286
2016-04-08,-0.0032399514655506,-0.0152823377536734,-0.0117813476855745,-0.0150310054232083,-0.0178037389065796,-0.005330857618375484
2016-04-11,-0.0008478822832974,-0.0079583568403915,-0.0035061865285179,-0.001346257013078,-0.0096244365565084,-0.0012227481055722134
2016-04-12,0.0214993210509373,0.0252703968227028,0.024982378760439,0.0265167780906265,0.0181404499895894,0.00894536088710196
2016-04-13,0.0209084681671041,0.0207355046595416,0.0278064639379631,0.0218914587492966,0.0262487403452005,0.01587921526239744
2016-04-14,0.0132914248882147,0.0245305290336392,0.0263861152862248,0.0184233991386462,0.0155015988908349,0.012654996119083162
2016-04-15,0.0038816004666495,0.0011226064913669,0.0055320498870985,0.0033655782773178,0.0004580381371108,0.00759262098087099
2016-04-18,-0.0109331384153682,-0.007847924736674,-0.014886671508612,-0.0062896048050107,-0.0224292287648438,-0.003945202218332833
2016-04-19,0.0070097943604057,0.0244823010001944,0.0036134712547035,0.0151900909770157,0.0285624680299099,0.010075433732389616
2016-04-20,-0.0020078636057621,-0.0014706147046996,0.0068742102559722,-0.0066500251931385,0.0050076280644026,0.005230439487308169
2016-04-21,0.0124749704551565,0.0132547776015194,0.012678629371674,0.0167362175776031,0.0131359713046339,0.010897533923215796
2016-04-22,-0.0058295118383603,0.0043603603537512,0.0054575674662464,0.0020576873468289,-0.0007451625768132,-0.006893522331437585
2016-04-26,0.0077292993894353,-0.0050647279388696,0.0083013620005112,-0.004106573962007,-0.0062639463027132,-0.0030022660441976212
2016-04-27,-0.024596747456928,-0.0218183853745111,-0.0202658550287125,-0.0152579825969445,-0.0112561950076163,-0.006309335692804563
2016-04-28,0.0012199737337394,0.0040892927313549,-0.0087266619983956,0.0058625437538952,-0.0088039576250278,0.007376691255637446
2016-04-29,0.0005417117216413,0.0066641307146046,0.0123898603298853,0.0104083693819532,-0.02756504274438,0.005126575053273852
2016-05-02,-0.0209770928402388,-0.020595929349391,-0.0354264281785136,-0.0222498264766198,-0.0162204212913289,-0.0017608397711935675
2016-05-03,0.0370472444750338,0.0375519329395561,0.0233719993432421,0.0556259770033213,0.0302544877948129,0.021146531789465017
2016-05-04,-0.0054650319846409,-0.0119438128768347,-0.0114193830190044,-0.0059882378419157,-0.0138283963631739,-0.015447442966781133
2016-05-05,0.0032166806655851,0.0197802071840662,0.0062707982369789,0.0176706743193386,0.0288323847626676,0.0015698011024896097
2016-05-06,-0.006680130458361,0.0125718849463767,0.0101673832861957,-0.0078924054430048,-0.0030627229277698,0.0024606245822966777
2016-05-09,0.0192333429602666,0.0092231756413916,0.0100648324757675,0.0016431851678098,0.0291859267137923,0.007098305497281521
2016-05-10,0.0292953453171271,0.0165201530705172,0.0061074198485862,0.0131253376512991,0.0431343293595622,0.004151554024641291
2016-05-11,-0.0001279542882921,-0.0013830344592803,0.000319307630731,-0.0109310823732297,0.0110173186569395,0.005522750148658995
2016-05-12,0.0032053968983283,0.0107341481084313,-0.0059266212892601,-0.0053214562114096,0.0062269703468946,-0.00018955986969371175
2016-05-13,-0.0108639858426288,-0.0085646146626562,-0.0132496316850103,-0.0078189653351845,0.0084388871605509,-0.005656341929615283
2016-05-16,0.0078820226437101,0.0027643895101092,0.0083920648860362,0.0082955381984319,0.0052998218303026,0.005621458941393875
2016-05-17,0.0089742693886758,0.0035674739320941,0.005326467960246,0.0082271526582569,0.0192306695507744,0.00933219059425583
2016-05-18,-0.013722804378637,-0.0216850649043055,-0.0069539158834899,0.0077517015692178,-0.0235145215412841,-0.007342477617054866
2016-05-19,0.0018036714484568,-0.0087207029658468,0.0050017886159827,0.0085020939912081,0.0108147898476385,-0.00607588318619412
2016-05-20,0.0046295630924284,0.0003664599987942,0.0046448885068608,0.0072262616529663,-0.0064194489176014,0.005252990255223189
2016-05-23,-0.0020481017802236,-0.0054967917914449,-0.0125495228954045,-0.0055801536020361,0.0004308093243763,-0.00596731689640928
2016-05-24,-0.0051309160922122,-0.0062637547657441,-0.0040133674791099,-0.0068135597928347,0.0121985511861633,-0.004394214976623179
2016-05-25,0.010701413293602,0.0189100715978374,0.0221627376340325,0.020177439743197,0.0272225032489661,0.014529026120984723
2016-05-26,0.0025512331748138,-0.004366816358714,0.0101837898392329,0.0102849968052143,0.0097998573614483,0.0029207845112093622
2016-05-27,0.0039447895242816,-0.0021928063597561,0.0074798557633695,0.012137993878476,0.003143817946128,0.003307994359552646
2016-05-30,-0.0091254950999205,-0.0018316719000149,-0.0032281743983481,-0.0061896947448809,0.0132168505463177,0.0003892477846141329
2016-05-31,-0.0095932801173428,-0.0036698872574568,-0.0058288443051824,-0.0081744520272981,0.0068586545537807,-0.005393550093075294
2016-06-01,-0.0120109652851644,-0.0143643874517518,-0.0107491303088924,-0.0109890344736297,-0.0156270539895485,-0.010208489017481281
2016-06-02,-0.0120260504533205,-0.0156952020580478,-0.0148172924193008,-0.0174603551893729,-0.0086838420520414,-0.008318817632110509
2016-06-03,0.0022491411726703,0.0053151359097045,0.001336715344433,0.0133281608856057,0.0210785690092061,0.007603281585360833
2016-06-06,0.0112212583951352,0.0052868505004655,0.0100137019081407,-0.0051812752492793,-0.0147452674445407,0.007808867405455722
2016-06-07,0.0096603967191475,-0.0011268818958183,0.0082615037722826,-0.0040067815412239,0.004081739832678,0.0019780409024736656
2016-06-08,-0.0045254270908521,-0.0045129794452444,0.0029499238160664,-0.0052290802440795,-0.0020326117144993,-5.196146537722601e-05
2016-06-09,-0.0089619783683877,-0.0022666579901504,-0.008823636829995,-0.0093006810517431,0.0071963283454206,-0.0014919711367041844
2016-06-10,-0.0106162081515572,-0.0128739649592075,-0.012528515529555,-0.0085712295971773,-0.009841227576343,-0.00920179272027144
2016-06-14,-0.0260960180323166,-0.0230149210619666,-0.0240406406837194,-0.0263482794798698,-0.0211027210329797,-0.020580156286521434
2016-06-15,-0.0179544462644868,-0.0192381578478936,-0.0232635678619803,-0.0181819437708569,-0.0027817406172275,-0.010802083026084763
2016-06-16,-0.005540087328596,-0.0080062382487209,-0.005254067883798,-0.006890555902702,-0.0034866982606964,-0.000199133861535139
2016-06-17,0.0032031510956245,0.010492033379611,0.0095073874586995,0.0073719994968124,0.0177748023749444,0.0032576863252671284
2016-06-20,0.0301264707419732,0.028354648760116,0.0279035042380655,0.0271203243033828,0.0294278516156589,0.018225798337530463
2016-06-21,0.0118599108289734,-0.0031068200603984,0.0071261729098546,0.0163452601836811,0.0142937568770724,0.0033488440842872613
2016-06-22,-0.0001332490537048,-0.0019479169139465,-0.0003370438175409,0.0061854610839968,0.0025019509911035,-0.0006474703180031627
2016-06-23,-0.0006660952274957,-0.0015611339364499,-0.0006740978080097,0.0016394831749586,0.0060432833843513,0.0018473614779217495
2016-06-24,-0.0326579515490444,-0.0379201690614948,-0.0441821039803703,-0.0409167509496178,-0.0702534739261085,-0.03171996922202702
2016-06-27,0.0031694115794616,-0.0040635683902833,0.0014114666092686,-0.0072524885793524,-0.0589888072377337,0.004703287578707416
2016-06-28,0.0041210254884604,0.0048958332642712,0.0049330566430521,0.0008594421993208,0.0135823598286803,-0.006609724582622545
2016-06-29,0.0049246077833917,0.0044662903445655,0.009817569176783,0.0133103400879535,0.010896687723048,0.009911682119561727
2016-06-30,0.0123877001627907,0.0278901162982019,0.020833501077589,0.0220340905245333,0.0036414406251668,0.01770220358179664
2016-07-01,-0.0072609288003718,-0.0062918935581559,-0.0040817305748896,-0.007047954371299,-0.0072566211056969,0.002528831730484793
2016-07-04,-0.0060951375052594,-0.0079142311150717,-0.0102461484546465,-0.0083510233963556,0.0020465509696385,0.0067117778690324315
2016-07-05,-0.0111746694461628,-0.0155567449064987,-0.0151826986028449,-0.0147367550750153,-0.0122557913222816,-0.01018128605056956
2016-07-06,-0.0081313529154596,-0.0056725055135276,-0.0119129407176428,-0.0188034612342344,-0.0140321871289496,-0.005808168426848059
2016-07-07,0.0073643864991728,-0.0024449238230948,0.0049644296582072,0.0043555185161283,-0.0086892024890402,0.005843336447664216
2016-07-08,-0.0012414232777744,-0.0020426735019536,-0.0024699529215653,0.0026016632956242,0.0155658260894855,0.0005009966679421218
2016-07-11,0.0233393751180754,0.0229226159003457,0.0325433169614008,0.0346023742040688,0.0263393168314753,0.020373966623224993
2016-07-12,0.0053982749038405,0.0048021860253071,0.0065087936736347,0.0117056416672995,0.0050746265237215,0.0030189186505049648
2016-07-13,0.005234762946003,0.0091596292400666,0.0047654815666455,0.0123965507989247,0.0289960988849107,0.006597547407807713
2016-07-14,0.009614041807815,0.0130228039348974,0.009484995210425,0.0102041558562615,-0.0011215560767753,0.004281769739868713
2016-07-15,0.0043643405491389,0.0093494441147379,0.0104027191265836,0.0040404464672345,0.0103858838282111,0.0033192766173335553
2016-07-18,0.0021070539876906,0.0011577611358151,0.0063099199587546,0.0044268513398153,0.0077789167149817,0.005322263477581579
2016-07-19,-0.0010511547584879,0.0003857664338973,-0.0092408301472769,0.0012016774695555,0.0024809882944334,-0.001321805235196094
2016-07-20,0.0097343365646691,0.0061655619870395,0.0119920815227232,0.0096039283353226,0.007012367412887,0.006873723687032873
2016-07-21,0.0035175033924259,0.0049789502431096,0.0072416753438704,0.0075305531812699,0.0110595350666418,0.00431325352445433
2016-07-22,0.0014277809570035,-0.006859886185254,-0.0026143368468668,-0.0043271974299974,-0.0033760459786688,-0.002577731122635818
2016-07-25,0.0053149938001808,0.0053722443271826,0.0062253646808141,0.0051362392313178,0.0001351200067536,0.006434106353127467
2016-07-26,0.0058026828883162,0.0072518640575371,0.0052100501036944,0.0086479799694394,-0.0008125219674148,0.0007066966864399671
2016-07-27,-0.0007692581164393,-0.0007578841534539,0.0016196302018256,0.0011690889787319,0.0006779710820081,0.0004006685285893319
2016-07-28,-0.0017961896395934,0.000379229488747,-0.0035576538879308,0.0031137374548373,0.0135500055669137,0.0030440158741908974
2016-07-29,-0.0057840366671837,0.0060652484523797,0.0090881788550254,0.002716423344554,-0.0054814752557649,0.0010442889113244647
2016-08-01,0.0081447763825592,0.0060286217636669,0.0003215509696097,-0.0023218909745748,0.0025542780288014,0.0045006387407220405
2016-08-02,-0.0050010001387165,-0.0041198443062561,-0.0086817779490876,-0.0019394122492765,0.0001340095404804,-0.008385628524475441
2016-08-03,-0.0201060068385148,-0.028205968749301,-0.024975547096819,-0.0194325142259438,-0.0147472454175029,-0.013504453522357629
2016-08-04,-0.004866489685779,0.0023219206299585,0.00166338008476,-0.0011891448640969,0.0070758458739719,0.001846662372285257
2016-08-05,0.0064765454001152,-0.0011585218678922,0.0026569885537703,0.0019841149014747,0.0174300547623944,0.003944448029536085
2016-08-08,0.0137884346573056,0.0143025592797161,0.0082808731172199,0.0178218045656224,0.0289510052416761,0.0073549734989162285
2016-08-09,0.0156735635476197,0.0221037818272435,0.0180683418835718,0.0287937399424931,0.0073566456690792,0.002655412600225615
2016-08-10,-0.0128811115673223,0.000372684701593,-0.0058085686338332,0.0117246384101719,0.0012814564367356,-0.00152311262663829
2016-08-11,-0.0187337190960579,-0.0104361899684682,-0.0256410202803119,-0.0100934956242725,-0.0121561256145256,-0.006051140928812537
2016-08-12,0.000790100118692,0.015066276339007,-0.0133242370118863,0.0030211548137137,0.0044039576480285,0.004890593186514414
2016-08-15,0.0038152913101701,0.0092762736251994,0.0047262147690894,0.0018825187990945,0.0077378535902439,0.0016368957263581674
2016-08-16,-0.0039319869646017,-0.0058820992098892,-0.0016797155489756,-0.001127289731692,-0.0037111708655249,-0.001357185039921216
2016-08-17,0.0035239770251858,0.0151626011007841,0.0151461277907851,0.0071482625832577,0.0077069686097446,0.0032752030859830583
2016-08-18,-0.0124256211713552,-0.0065573227028236,-0.0056366346224386,-0.0018678125937118,0.0011471642627436,-0.004905823034669687
2016-08-19,0.0045128493538586,0.0011000213806973,0.0010003577231965,-0.001496947468445,0.0071301790836679,0.003490701821411646
2016-08-22,-0.0044925750394945,-0.0003664296183703,-0.0016654893946819,-0.0022489730629766,0.0037927675366895,-0.0020870969322994704
2016-08-23,0.0099834771125,0.0109928690333025,0.0146815955363839,0.0112699017812036,0.010075499792993,0.007072993493959956
2016-08-24,0.0082599919694852,0.0108736932225919,0.0111802707857029,0.0055718467883114,0.0043642633664273,0.00300437013256305
2016-08-25,-0.0061779224203544,-0.007529558016168,-0.0126830242099517,-0.008127126630442,0.0036001346564979,-0.003281756493017318
2016-08-26,-0.0099999215981434,-0.0079480815667863,-0.0085635774950987,-0.0067037108644967,-0.0134835247632051,-0.004763583954469852
2016-08-29,-0.0084628857915494,-0.0098324635276336,-0.0089702076627576,-0.0071242635723232,-0.0072727115761117,-0.007229945219617506
2016-08-30,0.0035792016063398,0.0018387238493886,-0.0060342310811756,0.0022660218977328,0.0170521850094569,0.001821621447196664
2016-08-31,-0.0149522454989385,0.0036712351942724,-0.0064082489626717,0.0135644592999073,0.0022350652226934,-0.007719713005577167
2016-09-01,-0.0041774777668034,0.0032918535065753,0.0013578062049774,0.0059479062711114,0.0073112945308124,-0.0025706387918115192
2016-09-02,-0.0083903291185619,-0.0105725444177908,-0.0111863842765697,-0.0081301288944291,-0.0083653135437508,-0.007733556463568769
2016-09-05,0.019743331050875,0.0176863325438625,0.017140981417161,0.0152757253986861,0.0189802802201599,0.010745042144219008
2016-09-06,-0.0076062040308065,0.0028965329620649,-0.0026964997824108,-0.0003670186759884,0.0008523474628854,-0.0021574781139218624
2016-09-07,0.0111481310500447,0.0036100917840229,0.0162216548796012,0.0051396028067458,0.0088798334210056,0.0024285662232417238
2016-09-08,-0.0068908427375692,-0.0046765065577126,-0.001330154700237,-0.0109570160303213,-0.0186882095903478,-0.0064150180132909185
2016-09-09,-0.0165139383001392,-0.0133715551152778,-0.0163169828173025,-0.0118168649173934,-0.012655071673521,-0.008587929457937404
2016-09-12,-0.0091717711229034,-0.0256411446889848,-0.0172644895064821,-0.0213001103211882,-0.0368343744610133,-0.022277061742669524
2016-09-13,-0.0102535091546739,-0.0131580796157071,-0.0113678232191158,-0.012982110055183,0.0045219974542072,-0.0018959973232023364
2016-09-14,0.009496651270497,0.0057143847622183,0.0146342766251748,0.0061892479092564,0.0068165529739792,0.003906538267546944
2016-09-15,0.0190990902785199,0.014393974087572,0.0061812465174635,0.0023068419541731,0.0051100448983503,0.002508429778040444
2016-09-16,0.0103495680262148,0.0104556749261981,0.0098975205085392,0.011123969138119,0.0344433539738544,0.010847310271049349
2016-09-19,-0.0004151326075219,0.0007390588868452,-0.0006757027395566,0.0117602834717336,-0.0019659272557686,-0.0003217274325191255
2016-09-20,0.0056776027910039,0.0014768461416876,0.0057488816354698,0.0044992613526999,-0.0012312203636429,0.0016925110931738097
2016-09-21,0.0037180016615883,0.0132745311527344,0.0067251126970777,0.0167973966474315,0.0110934607074633,0.006906078174961028
2016-09-22,-0.0001370639672441,0.0014555266074449,0.0,-0.0003670928517753,-0.0168231696947248,0.006707493509324758
2016-09-23,0.0071350699006629,0.0174418783168821,0.0126920338815677,0.0132207410908662,0.0182268329326984,0.010575949337184642
2016-09-26,0.0,0.0014286115562465,0.0009893635452145,0.0003624359860894,-0.0052360730682097,2.279251119907677e-05
2016-09-27,-0.0095369803019179,-0.002139976211411,-0.0128501810430938,-0.0054348092525677,0.0119963156704692,-0.004650929932742187
2016-09-28,0.0031639821724642,0.0010724569974711,-0.001334930921786,0.0065571809429916,-0.0010885375750936,0.00123221281426944
2016-09-29,0.0078155186301125,0.004641097294219,0.0,0.0068769730067268,0.0084765557676018,0.010969734370146922
2016-09-30,-0.0149658774961974,-0.009594690033476,-0.0137033236827466,-0.0068300032586811,-0.0160900810890809,-0.006442672569307861
2016-10-03,0.0151932579331937,0.0075348440182103,0.0176211357586841,0.0112199094731855,0.0041492704271814,0.007835401114038465
2016-10-04,-0.0027208964134133,0.0017805609137249,-0.0009989179639963,0.0057265692520722,0.0046186165659356,0.0010108394427812417
2016-10-05,0.0039562617157673,-0.0024882852910301,0.0066668277011521,-0.0017794072862564,-0.004960386409841,-0.005667137143792966
2016-10-06,0.0077455826109675,0.0028508814347667,0.0062912217556487,0.0071301992286119,0.0139818684436405,0.005543075084582627
2016-10-07,0.0029665056872434,0.0010661280011918,0.005923038126756,0.0003540852690131,0.0037172570452628,-0.002852626698895855
2016-10-10,0.0032268360688652,0.0042598549598011,0.0065424142803502,0.0007074527543478,0.0026277353563484,0.001470830938218759
2016-10-11,-0.0001338084713278,-0.0003533768222715,-0.0035748920200274,-0.0028286273566157,-0.0057191622832889,0.0007982830346116021
2016-10-12,0.0050929451803296,-0.0042435148921802,0.0055445018703843,0.0010636710519156,0.0026365323692219,-0.0009464810614024932
2016-10-13,-0.0061343361514707,-0.007812258355504,-0.014596108449605,-0.0155863486003779,-0.0206763520799275,-0.007128423302980358
2016-10-14,0.0006710180605056,-0.0064423237311876,-0.0046083003048311,-0.0093557564942952,0.0001218348004132,-0.0002779050319882126
2016-10-17,-0.0028156858791426,-0.0068446881899391,-0.0003305893212619,0.0025427012211582,-0.0048807176703673,-0.008329540601181407
2016-10-18,0.0029580506478994,0.0047155209506015,0.0046311660675062,0.0083333662157707,0.0046596826211864,0.004105233588831636
2016-10-19,0.0020110457788065,0.0032490708727344,-0.0006586665179161,0.0014374788030575,0.0075672842265646,0.004548260830295581
2016-10-20,-0.0020070095906412,-0.0014395238589764,-0.0062603418897564,0.0057407143826446,-0.0004844216995489,0.0012476629430093755
2016-10-21,0.0041559538583413,-0.0003603704894398,0.0089522580763661,0.0078487799146209,-0.0036360863202871,-0.002173254719603279
2016-10-24,-0.003070815433024,-0.0039651529555058,0.0046008344793966,0.0028316307606759,0.0053522556336524,-0.004020346588588186
2016-10-25,0.0074998356679363,0.0061526688069912,0.0107949466884735,0.0067068763946933,0.0019358201633925,0.006349894914881693
2016-10-26,-0.0138242205656333,-0.0122303237348548,-0.0097087631624838,-0.0091162844088185,-0.021253561529262,-0.015255181018625219
2016-10-27,-0.0161747937505783,0.0047340548607828,-0.0065358947428135,-0.0056618408532594,-0.0080197315796627,-0.011886591000143998
2016-10-28,-0.0032882073872589,0.011598496160535,-0.0052632844696133,-0.0170818284240789,0.0169153393543928,-0.0021934428004166673
2016-10-31,0.0087975075576105,0.0032246247117668,0.007605897483442,0.0083271524266841,-0.0239725776831507,0.006487702869574008
2016-11-01,-0.0085844981470653,-0.0039284496361033,0.0,-0.0107718691072592,-0.0061401144645083,-0.005126517202083347
2016-11-02,-0.0081086376115722,-0.0139834315930069,-0.0144405698221073,-0.0134302606146533,-0.0190393527536553,-0.01162023855382821
2016-11-03,-0.0077594703272992,0.0010908213352835,-0.0053279199715918,0.0062547801620256,-0.0033418547449789,-0.0006486304129390552
2016-11-04,-0.0086579630631709,-0.0248679454838913,-0.0053563509316116,-0.014990815245528,-0.0056745327105864,-0.006646553561312829
2016-11-07,0.0216929676242867,0.015069501630369,0.0265900350080554,0.0033407487804937,0.0295719856319907,0.013507351754690422
2016-11-08,-0.0063421554721588,0.0,-0.0081966035974581,0.0,-0.0011616638695022,0.0017999751935515729
2016-11-09,-0.0163729411562031,-0.0182721366910967,-0.0195042842094212,-0.0207178247831517,-0.0425118958132246,-0.019217544733415415
2016-11-10,0.0334320477004408,0.0348973083506012,0.0438302715782443,0.0423120806994532,0.0834009544162044,0.033490005620233854
2016-11-11,0.03439798030498,0.0415887882283252,0.0306846628595398,0.025733792323223,0.0210510845213331,0.007911294048801532
2016-11-14,0.0052783712262007,0.0107911767712394,-0.0022601350550045,0.014182003663107,-0.0019519981033738,-0.0007705227042970053
2016-11-15,0.0032819648287363,0.0010678311977081,0.0019417481620915,-0.0046612289877896,0.0056228359141332,-0.0035988729860640944
2016-11-16,0.006018532610911,0.0095980017426611,0.0006460623363828,0.0079250858622208,0.0003647654517304,0.00031031045446372474
2016-11-17,-0.0031212722862998,-0.0017602937912244,-0.0048420868254069,-0.0010719878893907,0.0066827864370917,0.002039367423368299
2016-11-18,0.0027395698752676,0.0042327738262064,0.003243629287807,0.0010731382806312,0.0103804148695416,0.003910623650987377
2016-11-21,0.0001302107217093,-0.0007025621950226,0.0051731083258259,-0.0046461213591609,-0.0029866318809727,-0.0015073807548902085
2016-11-22,0.0067645663430464,0.0017574200835297,0.0003217307182257,0.0007183015473191,0.0050322525631507,0.011585223627055052
2016-11-23,0.0133092847505782,0.0108773729666764,0.0112539381748015,0.0107640278079348,0.0059609620781209,0.013120562833327298
2016-11-24,0.0001271765482007,0.0020824864294182,0.0050873757227638,0.0056798835266984,0.0061629314894151,0.0001829565705164793
2016-11-25,-0.0033146767337639,0.0048494710511484,-0.0025308126664637,-0.0017648752803356,-0.0138988335370995,0.0041396168728269345
2016-11-28,-0.0112576096297687,-0.0134437588480598,-0.0114177013927575,-0.01308357546742,-0.0043001886719458,-0.00786950977465406
2016-11-29,0.0060811268805818,0.0048917223112303,0.0009624141040152,0.0064494379233843,-0.0028789752013907,-0.001258380390415259
2016-11-30,0.011445446260264,0.0059110178239101,0.0022434737585803,0.0113918897289186,0.009383933310276,-0.003119979748141599
2016-12-01,0.011188830687931,0.0155546756732345,0.0121521955331127,0.0095035578515765,0.012872562361373,0.010986065520902422
2016-12-02,-0.0116938574256749,-0.0105514630566556,-0.0097944200881017,-0.0076707528298067,-0.0088258630806982,-0.010222208299556113
2016-12-05,-0.0117049673571102,-0.0103197373639828,-0.0118061855032597,-0.0105411078755308,-0.0189953850684281,-0.007922995928789978
2016-12-06,0.0042483836842708,-0.0024332177401534,0.0012917077369438,0.0078125133455133,-0.0020575316925875,0.00523839471573595
2016-12-07,0.0165362509253697,0.0108015722016718,0.0151565246176343,0.0147992410541306,0.0036382476318324,0.009101858377521976
2016-12-08,0.0054225391269739,0.0106858210286711,0.0206480525121006,0.0253471617911076,0.0140162283361722,0.011989849388100104
2016-12-09,0.0117897575226286,0.0126195323312068,0.0046685838590045,0.0132067525578165,0.0157292612121477,0.0030641342049093634
2016-12-12,0.0030990063114295,0.0003367409491239,0.0006194496939451,-0.0033420669453062,0.0124355646369809,0.00040182462763671545
2016-12-13,-0.0066735032332209,-0.0030301757995667,-0.0117648709681945,-0.0013412665074611,-0.0055619851042123,-0.0031966878929411413
2016-12-14,0.0099530346455745,0.0087806120969751,0.0134712661462523,0.00369365215187,0.0168959045018111,0.007163326767771538
2016-12-15,-0.0066518433413887,0.0013393715013128,-0.0027820239049983,0.00334542066511,-0.0002291813718401,-0.008229495153173283
2016-12-16,0.0052080369302396,0.0020056890883366,-0.0021698544296463,-0.0060020212404547,0.0033236075697316,-0.0010197977701382754
2016-12-19,0.0045647354379485,0.0036703809903351,0.0043492429778888,0.0040256879794362,0.0041124789450732,0.005268986377487739
2016-12-20,0.0103155922588029,0.010638292331907,0.00494880402533,0.0063480294332729,-0.0073946663301107,0.005254400858169639
2016-12-21,-0.0021881864307476,0.0052632582462572,-0.0003075786928106,0.005976115766441,-0.0057305951697617,0.0040057773973605215
2016-12-22,0.0073093849005105,0.0078534495724384,0.006157508533195,0.0138616795525146,0.0107204006363599,0.005428568969266134
2016-12-23,-0.0022977515235961,-0.0048702983112393,-0.0012240225204074,0.000325179657846,-0.0085538309990463,-0.002834466592656515
2016-12-28,0.0098181559900645,0.0006525921165356,0.0070464915214176,-0.0032539745899661,0.0057515634324531,0.010141444946401679
2016-12-29,0.0022804426312268,0.0107597259797338,0.0033465339680189,0.0081618602122823,0.0066340981645425,0.004524179583655696
2016-12-30,-0.0130537020681772,-0.0106451866879681,-0.0115221081302759,-0.0148962375937382,-0.0101125381704114,-0.0058389791820020465
2017-01-03,0.0067953749716549,0.0127162255331572,0.0107362167605258,0.0170939188812377,0.0088387698243215,0.01189437248114844
2017-01-04,0.0077136452546908,0.0048289237918535,0.006980386576544,0.0090496189852322,0.0021615188353405,0.0005627795385207968
2017-01-05,0.0028703363626201,0.0089719573628233,0.005123397148443,0.0035233887643126,-0.0027249476388925,0.0029532048330154215
2017-01-06,0.0033393373412946,0.0009524774163458,0.0035985774399918,0.0015959824478779,-0.0004552003013014,0.00038790049268278004
2017-01-09,0.0134316449472202,0.0171321558556707,0.0149385343694812,0.0124283568024641,0.0113892679769784,0.009010954987114461
2017-01-10,-0.0051605922861264,-0.0121648956204305,-0.0079480538696519,-0.0154232433366545,-0.011936649263602,-0.008048733909662098
2017-01-11,0.002121990768386,-0.0082097688186082,-0.0071218483302865,-0.0025575300734822,-0.0112834243902897,0.0018711554016124232
2017-01-12,0.0003530186266469,0.0035022112009912,-0.0008966399636486,0.0012818383315196,-0.004495666217642,-0.0008016974044546821
2017-01-13,-0.0137597292350134,-0.0133247781730095,-0.0158539515896027,-0.018245814516438,-0.0054424812938623,-0.007931066324160185
2017-01-16,0.0027425758226187,0.0009644217725797,0.0048630650753831,0.0039127009703121,0.0034930831924833,0.0047759415380488335
2017-01-17,-0.008800300429069,-0.0106005317375837,-0.0087717606302311,-0.012666508768849,-0.0138068068307326,-0.00851173940586858
2017-01-18,-0.0082781431600125,-0.0071429414294671,-0.0103753782312409,-0.0095393939764754,-0.0022354647645688,-0.0036261571066223963
2017-01-19,0.0001207934692073,-0.0052323797927621,-0.003083501383243,-0.0073065544912486,0.0027120014377062,0.0023795350022013384
2017-01-20,-0.0131847587019042,-0.0085466062464795,-0.0148468954992616,-0.0163936448916592,-0.0024696047278676,-0.006576388643354747
2017-01-23,-0.001348452078569,-0.0033156602695348,-0.0021978845937368,-0.0044218264003913,-0.0114343312137314,-0.007741781447604068
2017-01-24,0.0036822904319342,-0.0006656090854701,-0.0040908048314989,-0.0040998482880832,-0.0015502207887226,0.00697346838886137
2017-01-25,0.0056257762581457,0.0073235519096388,0.0037916687777028,0.0109779733143287,0.0050161565119248,0.0037900347817181324
2017-01-27,0.0091206415987192,0.0138798190235276,0.0182561572506367,0.0101796239069358,0.0192511179110517,0.0074897188250435676
2017-01-30,-0.00952035694172,-0.0045631668702831,-0.0105098895577478,-0.0073895732881759,-0.0149234838622418,-0.009183948828327959
2017-01-31,-0.0064486873174779,-0.0068762811082316,-0.0093721711669222,-0.00879875830242,0.0013019394464508,-0.007171716461047195
2017-02-01,0.0044087094551552,0.0042860858762567,0.0088299594048197,0.0051212001305975,0.0004728287851287,0.005738163336437063
2017-02-02,-0.0001220896974474,-0.001969782609031,0.000625358481864,-0.0016984416427564,-0.0085068307478767,-0.0013676702119906903
2017-02-03,-0.0040237924289626,-0.0003288763425982,-0.0037490247086821,-0.0095269967400607,-0.0048853403164729,-0.004225048493827321
2017-02-06,0.0028159874214257,0.0075681908345381,0.0050172816717437,-0.0027481809798246,0.0051488241704249,-0.0010680625070156324
2017-02-07,-0.0048836295422614,-0.006204982895649,-0.00249606834856,-0.0079228212048366,-0.0141765727924956,0.0011998684400627013
2017-02-08,0.0103054684808572,0.0065723801472172,0.0093838986003935,0.013541617602633,0.011601256732364,0.005255345115538157
2017-02-09,-0.0051001745523326,0.0019590546129435,0.0009296078502025,-0.0013706541797536,-0.0014338307192737,0.002343713776482126
2017-02-10,0.0118394247916955,0.0058649580370007,0.0133125848893458,0.0116640210118059,0.0179448631595289,0.00988489791945879
2017-02-13,0.0030157135394766,0.001619954642082,0.0024443054768714,0.0064427448707395,0.0055235836292806,0.007589690596984555
2017-02-14,-0.0062539444310129,-0.0016173346333351,-0.003657518123726,-0.0026951871287959,0.0031554945352787,-0.0009199262313356327
2017-02-15,0.0229942753563965,0.0242954628380214,0.0177423733306076,0.0128378196833134,0.0207390360109664,0.009387737644229066
2017-02-16,0.0065066207268127,0.0066414179297473,0.0114218637227063,0.0076717648460737,0.0066201515315176,0.0012463319577762366
2017-02-17,0.0036435423460958,-0.0037700996185902,0.0068349918886723,0.0185366983550183,-0.0128132595078389,-0.0017792870101603908
2017-02-20,0.0060895477281366,-0.0003153886231062,0.0070838283156062,0.0035751258454093,0.0033308609438791,-0.0010855316687672367
2017-02-21,0.0003493468773401,0.0082019993763378,0.0002931597046123,-0.0084197976781065,-0.0053804836816649,-0.0002069754333163809
2017-02-22,-0.0028587428241984,0.0075093327477491,0.0038090433778514,0.006205191506529,0.000805703835367,0.0049469420816681264
2017-02-23,-0.0027477142044129,-0.0034160922582325,-0.0026271078037529,0.0116844526427695,0.0002299614710008,-0.0027897973945593124
2017-02-24,-0.0055102304337429,-0.0059210328474581,-0.0023411139941021,-0.0067371843748513,-0.0075888839001466,-0.007633380008104429
2017-02-27,-0.0093954354612411,0.0025080813334945,-0.0082136770036482,-0.0025839648748168,0.0047502521369657,-0.0022674674279747897
2017-02-28,0.0009729807806146,0.0003125298813837,-0.0032532147082875,0.0006477166870386,-0.0008070634887615,-0.0017756042570807873
2017-03-01,0.0059520018902325,0.003126085310259,0.0062313158380473,0.004530666818052,-0.0001155695369126,0.00013022008836371946
2017-03-02,0.0126800181581123,0.0105951573363824,0.010321457479653,0.0099870835124995,0.0150047959272097,0.01371418296895599
2017-03-03,-0.0078703503774805,-0.0092508208905547,-0.0096323636616449,-0.0057416460783441,-0.0025016002211339,-0.00796913946245903
2017-03-06,0.0036058109856156,0.0021787639602817,0.0070733893161052,0.0019248657280379,-0.0045600504814963,0.0031982118882016852
2017-03-07,0.0004789116976013,0.0068322818188539,0.0081944478494719,0.0051235589444944,-0.0016032248443518,0.00300075140796352
2017-03-08,-0.0037106709213504,0.0086367114161478,0.0040637408555168,0.006689862521803,0.0024089200934933,-2.1625977990602507e-06
2017-03-09,0.0036045792374166,0.0051988990904801,0.0130096811713593,0.0009493871606929,-0.0013733258494177,-0.0013972214162523144
2017-03-10,0.0116124895682794,0.0088224430552228,0.0025685384415903,0.0101170222689057,0.0192503515829072,0.005993917832812556
2017-03-13,-0.00236669000023,-0.0006031005205959,0.0,-0.0018780742286479,0.0052840735241035,-0.0031340089302213103
2017-03-14,0.002253645585357,-0.0069401723074002,-0.0071166783969989,0.0,-0.0046967825998144,0.0003453389144230101
2017-03-15,0.0039055980887687,-0.0048617407082414,-0.002293638822055,0.0050174202853252,0.0022470171599178,0.0029031555310976564
2017-03-16,-0.0033007461490348,-0.0244276548716588,-0.015229548946591,-0.0162246569157961,-0.0106503592811191,0.002083797839501411
2017-03-17,0.0027202679267486,0.0053208415792698,0.0110882960999281,0.0015856551807187,0.0073657141883438,0.0024465974788661082
2017-03-20,-0.004010699388019,0.0037360611004644,-0.0025974485230592,-0.005382895617644,-0.0037120649546309,-0.0035457649563355176
2017-03-21,-0.0001184762464522,-0.0006203105595554,-0.0069446278489145,0.0050935833244851,0.0003386951777606,-0.0007375888049931945
2017-03-22,-0.0202557966924227,-0.0158287584221282,-0.0241838132656632,-0.0256572056573662,-0.0243793504190694,-0.015525725360274856
2017-03-23,0.0029016012116203,0.0015767455036128,-0.0014930921736376,0.0003249654131296,0.0047434266100387,0.004186966974603523
2017-03-24,0.0051837352696439,0.0103905520526437,0.0137560163058363,0.0191745474969167,0.0135865179020544,0.008003789110805126
2017-03-27,0.0002400044371251,0.0037394558086145,0.002949884059008,0.0028698568395069,-0.0076110729519794,-0.001148330835175293
2017-03-28,0.0223020097026596,0.0195590029679686,0.0205882709868123,0.0155804827780789,0.0084705964544318,0.013022711958460498
2017-03-29,0.0103216243074457,0.0121804049742084,0.0126799077497323,0.0112712713757958,0.0130533104639625,0.008981512490260357
2017-03-30,0.0044111450923691,0.0075211307645381,0.0034149131990266,-0.0009288120885563,0.0089638199615103,0.003945419493647462
2017-03-31,-0.0070501813343583,-0.0044791971985324,-0.0056718565897924,-0.0139447362275344,0.0016657653354306,-0.005312398604944479
2017-04-03,0.0055871092427528,0.003299567685306,0.0042782466945137,0.0047138126542669,-0.0066518585674877,0.0013501522517747055
2017-04-04,-0.0053244903002538,-0.0092676215755379,-0.0096563796495163,-0.0043790307671675,-0.009486702822705,-0.002746725857651122
2017-04-05,0.0006981188845345,-0.0069401723074002,-0.006309179936589,-0.0047126345758167,0.0024788926388121,0.0033542182440766677
2017-04-06,-0.0139550756721306,-0.0094196880744024,-0.0124097110817762,-0.0101011563195088,-0.0109026309045959,-0.003300900405719953
2017-04-07,-0.000236013288397,-0.0036809551799977,0.0005843318676164,0.0015947625930765,-0.0007953868439373,0.0010559260802252002
2017-04-10,0.0084939379204707,0.0061574624988229,0.0061332252687458,0.009232445214039,0.0087566583748701,0.008607826127950746
2017-04-11,0.0071349876850728,0.0100980399676331,0.0121915855058729,0.0034700377049574,0.0073284083147244,0.0027719045053162805
2017-04-12,0.0067367611217017,0.0063618529149325,0.001720498004077,0.0100599765626452,-0.0080583393338,0.0007901326640773476
2017-04-13,-0.0049613217498327,-0.0039133081336862,-0.0051529868764073,-0.0071586022350549,-0.0082365428098488,-0.007416429110443601
2017-04-18,-0.0085796147774649,-0.0072530830005617,-0.0074820764873864,-0.0075234689949693,-0.0085323603287137,-0.009016439250763009
2017-04-19,-0.0104080298715631,-0.0118721565710034,-0.0110177505333101,-0.0157929629316375,-0.0058521406326468,-0.0056076967371224695
2017-04-20,0.006026846783794,0.0089341697631246,0.0017590156770037,0.0121953127251319,0.0026547826936675,0.0030902926147571286
2017-04-21,0.005991007796279,0.0097709854140295,0.0052678724001395,0.008560433455319,0.0099001136789627,0.005626036080307761
2017-04-24,0.0068894169367843,0.0090716952988172,0.0075692042703274,0.005344378301171,0.0156158841102389,0.0030138566332780226
2017-04-26,0.0102051848593394,0.0068921492161664,0.0054894582550186,0.0131330837065366,0.0255891414535449,0.006855323795598833
2017-04-27,0.0063137663071743,0.0083335858803672,0.0097702399710268,0.0080245973893779,0.0098491267754989,0.0016134038567283682
2017-04-28,-0.0029661041878523,0.003541886974965,-0.0022763122886972,0.0030620781480441,0.0078020600991484,0.00043625968147797956
2017-05-01,0.0006867014461386,0.0026469475646544,0.0068451412175356,0.0057996494523733,0.0117207300106196,0.00547917060850045
2017-05-02,-0.0072033436194425,-0.0023467738385174,-0.0090650412191422,-0.0212443371776338,-0.0147731946849095,-0.001033843878454066
2017-05-03,-0.0170447365755288,-0.0270506456280025,-0.0188681976665944,-0.0279069711940997,-0.0125133028267058,-0.00975114931962684
2017-05-04,-0.0084358167560145,-0.0054397649077735,-0.011946135418862,-0.0165867275082635,0.0041509056570667,-0.00263085370658267
2017-05-05,-0.0027177770908481,-0.011850510826934,-0.0014745070941987,-0.0058386955174011,0.0323107250662231,-0.0067751734651161355
2017-05-08,0.0106633616720905,0.0178351779370147,0.0064973747677681,0.0033500430918622,-0.0059013009448699,0.007411662907641503
2017-05-09,-0.0384527044000838,-0.0205439106259051,-0.0352111855744379,-0.0263772684038918,-0.019823942119877,-0.0052786558621222834
2017-05-10,-0.003535592271475,-0.0067859185111859,-0.006995150994528,0.0078876999906389,-0.0056243567389215,0.006101668403942329
2017-05-11,0.0041601573917198,0.0031055030338884,-0.0009189799370566,-0.0030623134073791,0.0180553102493319,0.0004931364515947667
2017-05-12,-0.0048740139118046,0.0009288830239839,-0.0015328184714016,-0.002730512507263,-0.0103632657192693,-0.007048691854971922
2017-05-15,0.0069793543625333,0.0095886781437872,0.007982969153953,0.0065025091994002,-0.0085285680865999,0.0002570476554315526
2017-05-16,0.0044991144007358,-0.0047394452217023,0.0030459316708151,0.0044201686615641,0.0099953205787415,0.004418773815486388
2017-05-17,-0.0198522059512094,-0.0212698300329052,-0.0233828606815869,-0.0128639263659425,-0.0125651631559651,-0.011022916113453407
2017-05-18,-0.0019764132296007,-0.0090818977057911,-0.0019221427225963,-0.0037720522821997,-0.0121620313998127,-0.0061623626755418215
2017-05-19,-0.0071768537996478,-0.0055646560605785,-0.0099485409215656,-0.018933285340269,0.0006840445810045,-0.0019001321792109227
2017-05-22,0.0129624561912606,0.000658322909637,0.0077798017288603,-0.0038596249369468,0.0099110753707505,0.007696903097549113
2017-05-23,-0.0040604120356565,-0.0082238724155486,-0.0102927312660746,-0.0028177058815828,-0.0053015742493588,-0.001908458855751749
2017-05-24,0.0007412984086345,-0.0049749368824595,-0.007149942787243,-0.0010596392085703,0.0075978824814897,0.0016079780283482226
2017-05-25,0.0032100535358761,-0.0046668342350768,0.0016366169933825,0.0127299318891713,-0.000562827480815,0.0036014444290117797
2017-05-26,-0.0137830757131806,-0.0043536693476138,-0.0058822736091206,-0.0146649948506379,0.0002252216900093,-0.006557191236043591
2017-05-29,-0.0155978484555751,-0.0154724735611686,-0.0131491874514582,-0.0187808453881644,-0.0120469779409403,-0.007752858478724534
2017-05-30,0.0069716345816062,0.0157156332816155,0.0103263308143619,0.0075837820284996,0.0078636428949059,0.001954034589404019
2017-05-31,0.0026437853458611,0.0131182221897028,0.0056049803015802,0.0039426270523321,0.0136814645122107,0.0012280186107684887
2017-06-01,-0.0003766877393122,-0.0066400566790315,-0.0068851199568291,-0.0021419770637853,-0.0025655218360053,0.002416195353768913
2017-06-02,0.009545308075352,0.0110291765779111,0.0072630466106264,0.0118068328353337,0.0061509206792098,0.008711317831013421
2017-06-05,-0.0133120287851126,-0.0158676530552802,-0.0180270856828114,-0.0166194707095164,-0.0196736516652784,-0.005744242786915432
2017-06-06,-0.0146260376884974,-0.0167954094289261,-0.0136847085209651,-0.0161812559416417,-0.0229021379466225,-0.0151857230114687
2017-06-07,0.0044785830513656,0.0027333612059921,0.0054145696778757,0.006578935352397,0.0066139272705956,8.401476627550863e-05
2017-06-08,0.0070064874696802,0.0098805191299198,0.0070682995574051,0.0112562394638611,0.0038039437352201,0.0016632800492217825
2017-06-09,0.0017711948865699,-0.0080972087349034,0.0016711792970116,-0.0050269588132761,-0.0065455103420302,0.00021247821328462813
2017-06-13,0.0244978213566875,0.0244899262494546,0.0280279177581794,0.0245397611328297,0.0276267643172478,0.01676573267950543
2017-06-14,0.0144212922440181,0.0063079025449885,0.0165532711650018,0.0081015232201384,0.0157479028386737,0.010605211855765129
2017-06-15,-0.0072903480909147,-0.0207850182361561,-0.0265007717406227,-0.0216630643949984,-0.0050942282603166,-0.01211063516592592
2017-06-16,0.0019584070198543,0.0050539217718461,0.0013119099167131,0.0042857067963957,0.0056771755382962,0.0018816650853805683
2017-06-19,0.0113609567412973,0.0147501410076242,0.0114641221143398,0.0092459980601029,0.0074155169654082,0.005393104924435788
2017-06-20,-0.0066435617212555,-0.0109019531800448,-0.018458463494709,-0.01338961559481,-0.0078006234068221,-0.00825490725693967
2017-06-21,-0.0175095192789949,-0.0293922072471519,-0.0178158601962151,-0.017857260375706,-0.0119585609539553,-0.01589840139101406
2017-06-22,0.0133662799652887,0.0137648392584426,0.0141081059482979,0.0123635783804214,0.0108707589541543,0.00711806352667077
2017-06-23,-0.0076943101599377,-0.0050915603252237,-0.0003312868463642,-0.0057470800157686,-0.0088694522629071,0.0017390536564094727
2017-06-26,0.0036924205841146,-0.0051180315977502,-0.0033134636116241,0.0028903191796529,-0.0003355353299826,0.0007499252143421398
2017-06-27,0.0064991207721887,-0.000342464219157,0.00033249835491,0.0097261513865691,-0.00962300347133,-0.0010432488105274196
2017-06-28,0.0076754235302736,0.0041163980974687,0.0086407727533137,0.0114162460608948,-0.0057620610704018,0.007263405370605103
2017-06-29,0.0158382777702441,0.0222071326050736,0.0204281025134449,0.0236332477417073,0.0215911172163951,0.012847910655912953
2017-06-30,-0.014401468315171,-0.0110295827417725,-0.0148529393321346,-0.0103375730864501,-0.0155730275592754,-0.016582199783945928
2017-07-03,-0.004467736055289,-0.002365595372304,-0.0039333486962153,-0.0024374483589145,-0.0022595498339506,-0.00646824451707495
2017-07-04,0.0189228652921655,0.0277776748609077,0.0329058773803945,0.0223386038650565,0.0164208766671261,0.01747430859292498
2017-07-05,-0.0042854938549601,-0.0056030731136201,-0.0086015416247081,-0.0047798156274572,-0.0064621755985231,-0.003555693385047909
2017-07-06,-0.0075325358374118,-0.003314627045548,-0.0093189432231992,-0.0054888057462693,0.0043735091568737,-0.0007337241781077974
2017-07-07,-0.0106011868003874,-0.0089790336316443,-0.0077844557145768,-0.0127631251918336,-0.0168598515966221,-0.00958461671956412
2017-07-10,0.0082793080438625,0.0087248701209594,0.0091535468903027,0.004192974380766,-0.0029531842271783,0.0036588099458896295
2017-07-11,0.0015701168882285,0.0009981482308742,0.0068025947056657,0.00382739346572,0.0105934471671402,0.0007843733330272773
2017-07-12,-0.0098865749119226,-0.0122965029576347,-0.0112615416278695,-0.0152510932571783,-0.013300181946985,-0.009616803669193597
2017-07-13,0.0053578673762364,0.0050471197744603,0.0185487639226324,0.0059837786840677,0.0012567620889154,0.011092367737751463
2017-07-14,0.0067830935376744,0.0093737820114845,0.0031948990196686,0.0097970058979175,0.0039928165493541,0.00494187528337986
2017-07-17,-0.0021656369288756,-0.0069651736280279,-0.0035031482430866,-0.0038115869820144,0.0007954724340399,-0.0016737191038732613
2017-07-18,-0.0185675132885485,-0.0180360418446886,-0.0166185896736534,-0.0156524180071735,-0.0139661565936987,-0.011828202169249513
2017-07-19,0.029606836797533,0.0306122269721622,0.0380238261079322,0.0392229419452296,0.003339514772882,0.007865414223740208
2017-07-20,0.0089486116678649,0.0161717494619142,0.0244207774978619,0.028561767829587,-0.0118214449473315,0.0051162889774241105
2017-07-21,-0.0069772085093754,-0.0107178336716461,-0.0091687356177718,-0.0046281249083686,-0.0069686558108499,-0.006701806732723581
2017-07-24,-0.0047635265241725,-0.0101773561754493,-0.0077113628318451,-0.007306702038786,-0.0097075438381933,-0.006075566812050459
2017-07-25,0.008495868234901,0.0029851032024059,0.0034194883671179,0.0040148183504458,0.0116924898076009,0.006792235136562574
2017-07-26,0.0062885338033655,0.0079365501962158,0.0077449007965715,0.0089969328898058,0.007821715192585,0.008735952142097325
2017-07-27,0.0028298209548685,0.0009841948709832,-0.0024593695637228,0.0006606383716094,0.0120466060261856,0.001451523691346157
2017-07-28,-0.0151676249148892,-0.0176988859281208,-0.0169492555636121,-0.0198020465341031,-0.026553626283741,-0.014207755140988598
2017-07-31,-0.000358136550504,-0.0006673289608402,-0.0025077504547158,-0.0023568105114676,0.0091707426360039,0.003116581411378494
2017-08-01,0.0096742341572544,0.0043402812119188,0.0078567678080412,0.0043874544774191,0.0115347790518565,0.009051653398405746
2017-08-02,-0.0036670455877835,-0.00764606949022,-0.0096663390935859,-0.0040322504474389,-0.0086384567377784,-0.004879838444338813
2017-08-03,-0.0030868890848818,0.0006700117381821,-0.0015744557336117,-0.0020242876585363,0.000929150981233,-0.0015808234857854764
2017-08-04,-0.0387043110664216,0.0020087910800321,-0.0053610551966771,-0.0030427489438594,0.002089656362179,-0.0025352902890385387
2017-08-07,0.0099105672322685,0.0083526078273699,0.0126822546760758,0.0105120372607168,0.0075292215562861,0.0092604433784782
2017-08-08,-0.0106719721791517,0.0,-0.0012523524360308,-0.0036910416413382,-0.0044838718451344,-0.0051621151538923105
2017-08-09,0.0057038646565934,0.0089462059912501,0.0072101987242176,0.0074097473854599,0.0031181863489935,0.003813923410701525
2017-08-10,-0.0007398843575212,0.0009853642086103,-0.0031124606373744,-0.0026748250780722,-0.0002303749104199,-0.00043582251043727815
2017-08-11,-0.0067859781763747,-0.0101705784940759,-0.0131127509378803,-0.0191080908608812,-0.0055272585494966,-0.011115382020153497
2017-08-14,0.0100621934855245,0.017898643667422,0.0117053404805973,0.0058099507481494,0.0114633663398173,0.0065460074917480515
2017-08-15,-0.0007380645297994,0.0058611402621535,0.006566482983402,0.0129118998350103,0.0046938405440466,0.004785773324697651
2017-08-16,0.0112727083761294,0.0139204081074653,0.017086061613402,0.0204631228154064,0.0099135189809822,0.007770904209404517
2017-08-17,-0.0036319479818085,-0.0009577018415073,-0.0006109682707086,-0.0019725880790916,0.0006768405039481,-0.0009397390563676833
2017-08-18,-0.0057826917162057,-0.0134228148820767,-0.0155867114402802,-0.0115282894392356,-0.0146573871432009,-0.0055199717954549365
2017-08-21,-0.0085977288666,-0.0045352116640423,0.0003104165233913,0.0,0.0010296968230341,-0.003680079991380647
2017-08-22,0.0031885746207578,0.0032540258856899,0.007759229200424,-0.0036654209577776,0.0054866982196934,0.00522867349511702
2017-08-23,-0.0057208418217165,-0.0012973294918321,0.0012318170081213,0.0,0.0007959556467529,-0.0017453642755601573
2017-08-24,-0.0084391504252,0.0003246303456947,-0.0018454989222146,-0.0033445451866661,-0.0045440159496458,0.001995598373645935
2017-08-25,0.002192488955359,-0.0038959768172758,-0.0104776927175608,-0.0050333910462525,0.0039944605921125,-0.00021829418886676333
2017-08-28,-0.0133815922348148,-0.0068449477674523,-0.0177514915919433,-0.0053964552838198,0.0001132051260495,-0.005674047923018732
2017-08-29,-0.0123890159778784,-0.0127995306539639,-0.0126822546760758,-0.0125464098867396,-0.021138618764894,-0.007037878360496741
2017-08-30,-0.004753963915105,-0.0006647877809943,0.0006420679948937,-0.0020606500147954,0.0003482742166218,0.001443550158918283
2017-08-31,0.0057054105245484,0.0046573176009434,0.0035302279480777,0.0116999822882239,0.007427986353792,0.00801991234846744
2017-09-01,-0.0042216173281306,0.0043046544491203,0.0022385265084605,0.0064624848367864,0.0001152978603939,0.002355966019090605
2017-09-04,-0.0141758324739343,-0.0023077786836334,-0.0035095648641114,-0.0064209892908572,-0.0047226686372084,-0.0036503782043422195
2017-09-05,0.0024188152342063,0.0029741508012828,0.0019210413246877,-0.0017007657270103,-0.0052085899084713,0.0011406425048765545
2017-09-06,-0.0119319259900757,-0.0065899368924853,-0.0108660307799431,-0.005110457715046,-0.0226875313269075,-0.0023018432202861483
2017-09-07,0.0037993564399643,0.0006634458373158,0.002261572802457,-0.0023974872322974,-0.0097621316821928,0.0018107998086001054
2017-09-08,-0.0100029753080695,-0.0049720412678919,-0.0067698001859799,-0.0096121382354394,-0.005770656313444,-0.0027706380095320338
2017-09-11,0.0139271149854687,0.0166559492949911,0.0168777929680901,0.0218372133430693,0.029625238992895,0.007441064467541114
2017-09-12,0.0223536991570032,0.0078636364450821,0.0102137888231481,0.014246920920409,0.0229010008224106,0.0061668539979620185
2017-09-13,0.0082983091330146,-0.0016255248288102,0.0022116497413335,0.0046820916782879,0.0037882285511217,-0.00019305921275913906
2017-09-14,0.0026126240451478,0.0074895095818552,0.0031525956753715,0.0049934900293946,0.0115526848791491,-0.0005782314124788135
2017-09-15,-0.0061237430042733,-0.0025857282881009,-0.0119420238663101,-0.0102682997681026,-0.0105157078941447,-0.007607110132738404
2017-09-18,0.0053748478058961,0.0110172190502817,0.0073154001551392,0.0100401428019685,0.0076564212250969,0.004490831648397142
2017-09-19,-0.0053461132607665,-0.0003203644481541,-0.0028419592415845,0.0013252407341288,0.0037420128392924,-0.0011489296775739621
2017-09-20,0.0001311766079692,-0.0016028226042114,-0.0056997336351257,-0.0062871306979898,-0.0009035971747383,-0.0006723237077395083
2017-09-21,-0.0028837744341233,-0.004496083780683,-0.0038215723385615,-0.0089908375577554,-0.0056543413431218,-0.009239587531903126
2017-09-22,0.0072301418142441,0.009032191675099,0.011509183385411,0.0060481657783655,0.0080748115778099,0.004724177479445979
2017-09-25,-0.0105716151350201,0.0,0.0069530532956489,0.002004004671247,0.0056404631733562,0.00030728883779085336
2017-09-26,-0.0093656866607212,0.0015986966445924,0.0009412892834457,-0.0046666935956383,-0.0001122711935243,-0.0022150054778555806
2017-09-27,-0.0033286698908191,-0.0009574929935933,0.0018817597193803,-0.0016743561395671,-0.0023559226289124,-0.0011717150660247588
2017-09-28,0.0036072259292954,0.00543092905946,0.0056338212768285,-0.0020126390800658,0.0228294207055965,0.0011391387896324545
2017-09-29,0.0017304558917385,0.0009534267999238,-0.0065361106727386,-0.0050422698213797,-0.0003298757640194,0.0019795784467082633
2017-10-02,0.0144849591851714,0.0073015820046118,0.0106516655258954,0.0101353297651411,0.0070393977434173,0.00839894695196608
2017-10-03,-0.0154570812127063,-0.0069332591344738,-0.003719883471807,-0.0010032904374881,0.0098296389558119,-0.004855193007391456
2017-10-04,0.0031932472148659,-0.0120599579910322,-0.0087116326935241,-0.0210914090013962,-0.0056243108665479,-0.008661633410633307
2017-10-05,-0.001061222379186,-0.0044971392221784,-0.0043943342061746,-0.0051301096817428,-0.001740238198879,-2.1845520298491294e-05
2017-10-06,0.0130114084520636,0.011293931219005,0.0132407105092551,0.0134068072134125,0.0135107064010082,0.010423047742278868
2017-10-09,0.0053734384549672,0.0118058632733974,0.0068451712189732,0.0074626375486783,-0.0047302056978103,0.0050050019892764475
2017-10-10,-0.0046930149943594,-0.002523036818862,0.0015451695307344,0.0023564950362071,-0.0012960405005157,-0.00019996483863427006
2017-10-11,0.0,0.0044265306373358,0.0070966455319325,0.0043672433250512,0.0052994759553433,0.005931360246270501
2017-10-12,0.0007859052906227,0.009127992814119,0.0058209579214458,0.0046820916782879,0.0021515456161798,0.0038763964468790935
2017-10-13,0.0032719617976351,0.0034308995694531,0.0051783467925676,0.0006658125330163,-0.00386455926034,0.0033977213225788727
2017-10-16,0.007043753480912,0.0024871489591249,0.0045454231978236,0.0033266398101472,-0.0019400062226614,0.005613000116970079
2017-10-17,0.0136012019447857,0.0049612031539401,0.0081447770786284,0.0059683671879084,0.0031315640970726,0.007328852234338434
2017-10-18,0.0015334340562127,-0.0009257739459876,-0.0047878404053198,0.0003295115076824,0.0003228365467526,0.00014657253948868743
2017-10-19,0.0047213586775922,0.0,0.0057129072948545,0.0082371322657357,0.0085010323297827,0.0009595400530229004
2017-10-20,0.002920984178288,0.0024706428203158,0.001793455601587,-0.0003267117973272,0.0014938448418533,0.0018418896266820806
2017-10-23,-0.0035457392412343,0.0033889954472394,-0.0029839225686946,-0.0016346033585434,-0.0006391829746326,-0.002205313070677284
2017-10-24,-0.0003810575021019,-0.000921039474293,-0.0005987159214655,-0.0022919869938019,-0.003198300555535,0.0006196834755021197
2017-10-25,-0.0003815528107247,0.0033801958467023,-0.0014975047343432,0.0009845220424797,0.0037432848423979,0.0013535705399352338
2017-10-26,0.0045784904029455,0.0061253434269801,0.0026995147062571,-0.0121311443178958,0.0039425982818634,0.0018118605664219078
2017-10-27,-0.009495066112833,-0.0070011488391287,-0.0104695365813365,-0.0096247177920087,0.0391636875774246,-0.002204409126154605
2017-10-30,-0.0015334895047436,0.0061309758923224,0.0060456017023011,0.0063670881213662,0.009498231149442,0.002697182504606488
2017-10-31,-0.0062725936488482,-0.0048748558357334,-0.0087136541664216,-0.0036630840461514,-0.0049576185104019,-0.0016543403266655599
2017-11-01,0.0005155107955068,0.0067360184570979,0.0063655401179876,0.0053478631981687,0.0,0.004865237094037633
2017-11-02,-0.0033474983807745,-0.0282846010526927,-0.0060240248079156,-0.008311379356925,0.0105745315949046,-0.0009267859547106294
2017-11-03,0.0049086730704221,-0.0053209166882917,0.0081816146312017,0.0023467490866222,-0.0022133066194803,0.004748938615034337
2017-11-06,-0.0050133260162008,-0.0069224462700695,-0.0216410097289416,-0.0050166610974735,0.0023192400423137,-0.0010227519872272328
2017-11-07,0.010336013649298,0.0044358653576244,0.0027650327212629,0.0090756657517863,0.005957789374964,0.0105920036601157
2017-11-08,0.0264705296197445,-0.0015772275068018,0.0030636424918679,0.0026650237070173,-0.0070456716241266,0.00035232052254419166
2017-11-09,0.0083467491359481,-0.0026093154182674,0.013133686104485,0.0079731981342121,0.0052445380287364,0.007186992771987644
2017-11-10,-0.0011120744478222,-0.0045783202566348,0.0021103936498456,-0.0003299232683917,0.0019437735360434,-0.003245795121325945
2017-11-13,0.008286805111116,0.0042707471129288,0.0046439700553349,-0.0006769520681071,0.0038801120254314,0.0022055732966714814
2017-11-14,-0.00858652736587,-0.0143931511925426,-0.0104777104674242,-0.0105047080245751,-0.005390776217941,-0.008739885521150792
2017-11-15,-0.0029694125095811,-0.0063059763088774,-0.0084084435958599,-0.0023975655904402,0.0062378764413757,-0.005781995410408469
2017-11-16,0.0029782561807409,0.0010021594348668,-0.00251254792233,0.0054925898004039,-0.0041665386570997,0.0015631749881150903
2017-11-17,0.0012371927519325,0.0036701528896487,0.0028337014954222,0.0058042507405589,0.0097967954626851,0.002354814377452774
2017-11-20,-0.0038307149170647,-0.0016622310175301,-0.0009419906860034,-0.0061101391915637,-0.005356137812984,-0.0018934765746448923
2017-11-21,-0.0003721178712562,0.0,0.0025142200960059,0.0017078682304625,0.0105666399043784,0.0030021127984283247
2017-11-22,0.0058325407992187,-0.0026637625970099,-0.0040752226499853,-0.003068610472465,0.0004023903205039,0.003838787134901045
2017-11-23,-0.0020977416900919,-0.0070118878601064,-0.0050363535552865,-0.0058139667901093,0.001708577380147,1.5124347342521105e-05
2017-11-24,-0.0038326100790243,-0.0060522058418956,-0.0031634676896825,-0.006536048897562,-0.003310993120569,-0.0005763969644212441
2017-11-27,-0.0008687973789672,0.0027062148456409,0.0003173226242798,-0.0006925038589425,0.0086573130423786,0.00104013061323327
2017-11-28,-0.0016149424902061,-0.0087720317315915,-0.008565928471546,-0.0079695765697527,-0.0069861687013587,-0.0007469535649186065
2017-11-29,0.0075898379437218,0.0068073392565479,0.0073598978836695,0.0048900687770472,0.0027136228978805,0.004535835775312025
2017-11-30,-0.0191404716988123,0.0003379860389975,-0.0003175313854952,-0.0107750078583728,-0.0154354994574755,-0.006857703571236717
2017-12-01,-0.0032733254859863,0.0010138144527591,0.0028598145552398,0.0056215736623921,-0.0003054118598198,0.0033273401447093676
2017-12-04,-0.0031577567177192,-0.0050637396476915,-0.0123572838958513,-0.0101324756970286,-0.0076373095519364,-0.0006960748932923755
2017-12-05,-0.0022807283928459,-0.0037328211631325,-0.0109081665945982,-0.0098835953098084,-0.0129298597375084,-0.002210841998738222
2017-12-06,-0.0017778383290334,0.0034059879951402,0.0045409815479047,0.0067736155624367,-0.0020791515226122,-0.00437303937436484
2017-12-07,0.0047071911321381,0.0074678784224238,0.0132386975790497,0.00849869887329,0.0083340425756819,0.005425816194154054
2017-12-08,0.0082310160063843,0.0053907452394923,0.006054859354216,0.0010533983039284,0.0192170355441776,0.0027846628355610026
2017-12-11,0.0047724933516328,-0.0010053205155708,-0.0028508495621358,-0.0003510121436762,-0.0076026827134639,0.0006530005222997737
2017-12-12,0.0045002217241172,0.0053673354420269,-0.0009529688247873,0.0112281171215264,0.0044943659351786,0.0025242824909361694
2017-12-13,-0.0006223086657834,-0.0006672737433822,-0.0003179280280697,-0.005204644845874,-0.0034574625943265,0.0014344905927721197
2017-12-14,0.0016187631982651,-0.0043408141478267,0.0034986956678726,-0.005929663271237,-0.0061222529275954,-0.0017044933591394695
2017-12-15,-0.0062155288542867,-0.0043593441856694,-0.0057051267073835,-0.0098245357965518,-0.0053391310492798,-0.002376914618275827
2017-12-18,0.000875299571037,0.0053889299934735,0.0035064085199032,0.021261537655868,0.0187862945888366,0.006996642289179622
2017-12-19,0.0036245742014922,0.0,0.0006353437722166,0.0069395616314862,0.0093211519990028,0.005441121516493119
2017-12-20,0.0033624020508122,-0.0046902859387454,-0.0019047274928241,0.0013784310279953,0.0047179187353696,0.0006310364599948493
2017-12-21,-0.0094328525431921,-0.0087510689823879,-0.0082696954620122,-0.0058498752800943,0.0006994892568357,-0.0025119606137288253
2017-12-22,0.007267314589878,0.0040747351232293,0.0032071890057934,-0.0006922641247087,-0.0022966854769082,0.0015432303628084565
2017-12-27,-0.0028610997909765,-0.0003380007830948,0.0035165917048027,-0.0024245502379787,-0.0032019932352933,2.6674972910756267e-05
2017-12-28,0.004116688537197,0.0030442303491524,0.005097135076052,0.0003470553038489,-0.001706480519921,0.004923637885470011
2017-12-29,-0.0018635690652187,-0.0026979022470009,-0.0063389673687014,-0.0024297053111542,0.0019105279219311,-0.003780233085521889
2018-01-02,-0.0014934742414079,0.0,-0.0031898912192072,-0.0055671235311668,-0.0058214476764238,-0.0006346637275198574
2018-01-03,-0.0009972531089761,-0.003043699042351,-0.0006400198375011,0.0003499396675923,-0.0022210396484777,0.001501970197400615
2018-01-04,-0.0021213556143359,0.004748853743032,-0.0041625571717838,-0.0024486144088545,0.0098146075585856,0.0011028794744538661
2018-01-05,0.0148807130005366,0.0077651691856193,0.0118970471798354,0.0080646932571919,0.0154308610512912,0.007449365964844024
2018-01-08,0.0056677741206434,-0.0010050824001925,0.0015887233994709,0.0027825405627635,0.0063155024093439,0.0013107466304631554
2018-01-09,0.0069835596729503,-0.006706994630417,0.0009517594359265,0.003815640518904,0.0003923442708657,0.000886440634674468
2018-01-10,-0.0070567379284184,-0.0040511506959104,0.0015847885718023,-0.0048375811547846,-0.000882300226927,-0.0063770798755306
2018-01-11,-0.0037985959372373,0.001017007084032,-0.005379774031575,-0.0024306541374807,-0.0077502657704582,-0.0047658850349595605
2018-01-12,-0.005166384093346,0.0,-0.0041360697233634,-0.0073096239960407,0.0032627660751758,0.00040049263406194413
2018-01-15,0.0035858588678394,-0.0020316486711861,-0.0070287834291373,0.0045582538919271,-0.0047304542099929,0.0011580037688450062
2018-01-16,-0.0072685527204645,-0.0040719688080036,-0.0083654832737296,-0.0069806327507896,-0.0002971686631553,-0.004680501823525973
2018-01-17,-0.0058330191900324,-0.0057922917315951,-0.0061648756218619,-0.0031636342492934,0.0103012138633038,-0.00540860228793183
2018-01-18,-0.0026212210775292,0.0017134990115788,0.0104474057268102,0.0059943731850604,0.0014706177948444,-0.00020021529818392558
2018-01-19,-0.0008762204400526,-0.0023950367854168,-0.0006463188028468,0.0010514458099324,-0.0010770741921636,-0.0014563573410624198
2018-01-22,-0.0122761196681087,-0.0054870800389424,-0.0116391650993974,-0.0091036334041155,-0.004214016733871,-0.002313314964299984
2018-01-23,0.005072831597412,0.0065519976585293,0.0104679105673943,0.0151945682891676,0.0109244461364386,0.007518368770435213
2018-01-24,-0.0075709112791653,0.0013704103679328,0.003884681396179,0.0024365766125051,0.0163548556208066,0.002931336789997463
2018-01-25,0.0,-0.0058161726955739,-0.0025798928106454,-0.0052085747472337,0.0053638928471877,-0.0007655463685202202
2018-01-29,0.0068661646145846,0.0068823004683806,0.005819677882364,-0.0006980632750789,0.0020959795383124,0.0041959793784502875
2018-01-30,-0.0012631450113282,-0.0064933745591923,-0.0041788973739008,-0.0052390787030128,-0.0161626008465636,-0.008659720100902546
2018-01-31,-0.0027813335026712,0.0020638986504877,-0.0006455027059336,0.0035111497288349,-0.0033821623033558,0.002489438468140426
2018-02-01,0.0144539774167773,0.0058360390668279,0.014857866247965,0.011196579805236,0.0056236769743067,0.00867593784577414
2018-02-02,0.0097488594956294,0.0088739241829676,0.0089115166048192,0.0072665216539948,0.0123423592618225,0.005143153608349049
2018-02-05,-0.0122539632033468,-0.0125171272804098,-0.012302895777874,-0.0127104630516186,-0.0155253016835374,-0.015544972564657256
2018-02-06,-0.0300751921208755,-0.0298048123061076,-0.0312996541116713,-0.0299234609125863,-0.0530188339924928,-0.03200857816970404
2018-02-07,-0.0078812175225285,-0.0028248120801609,-0.0009892960423683,-0.0039455478405446,0.0393339330181869,0.00746761469923074
2018-02-08,-0.0036462563373281,0.023371082304499,0.0033004324865706,0.0079222442062518,0.0132704862321455,0.0023638425172967104
2018-02-09,-0.0033984675082364,0.0003461423307933,-0.0016447392350665,-0.0035726174004339,-0.0247379607251613,-0.008911700491622487
2018-02-12,-0.0048525560076281,-0.0079556683920966,-0.0069192463453391,-0.0068124743849414,0.0071618735974936,-0.0029593418000238847
2018-02-13,0.005535413671148,0.0038354381928618,0.0023225179068184,0.0007220039853479,0.0113580492314373,0.006775788758573764
2018-02-14,-0.0043068343785735,0.0038205793615113,-0.0013241057820554,-0.0028860419846763,-0.00292944059708,-0.00026152110057386935
2018-02-15,-0.0016221212747677,0.0145329879038582,0.0092807363368403,0.0155571686258944,0.0127323584989555,0.011642532022016594
2018-02-16,0.0021661004195268,-0.0034105341811775,-0.0075534546139085,-0.0078376825159015,-0.0033847794587246,-0.0008145153752053824
2018-02-19,0.0051338943526075,0.0082134146194068,0.0039708082755096,0.0071814816412163,0.0049489508120739,0.006452627572179015
2018-02-20,-0.001881671506112,-0.0054311025702656,-0.0075803555297343,-0.0024954284626496,-0.0020278511353633,0.00017882954546988294
2018-02-21,0.000942537220363,0.0027303300372565,0.0019924608477919,0.0050034510868885,-0.0038702198033432,0.0010583065277276482
2018-02-22,0.0043052408085806,0.0047652176177819,0.0016571801022278,0.0021336605140769,-0.0022338345718744,0.0018726988592598914
2018-02-23,0.0108503637273351,0.0088074912826852,0.0089346113372357,0.0092262846059858,-0.0073016494369152,0.008369845792389752
2018-02-26,0.0151074189192521,0.0134319075822932,0.0190225411794011,0.0140647839275864,0.0051976095940402,0.008064479880751652
2018-02-27,0.0020888988238023,0.007620984964767,0.0025748159069738,0.0086685684130505,0.0106340550610166,0.0030275446617746837
2018-02-28,-0.0048203430521017,-0.0075633448275528,-0.0121990364623144,-0.0013748003445365,0.0005792182431934,-0.006058216237619818
2018-03-01,-0.0043198554769099,-0.0019880872741742,-0.0025998239441006,-0.0086059015245786,-0.006946393481552,-0.005773124426137088
2018-03-02,-0.0043385270864465,-0.0013280969002634,0.0006516021226354,-0.0079862841885635,-0.0029146611010325,-0.0073927618843245835
2018-03-05,-0.0092435481186955,-0.0053189631412086,-0.0123737226804406,-0.0063004804228078,-0.0046767841215407,-0.0055950981206721595
2018-03-06,0.0087966005194366,0.0060158929979801,0.0013186725155944,0.0066927098786047,0.0139010975957427,0.011815242807645232
2018-03-07,-0.0072664847719243,-0.0132891096336633,-0.0161342125074734,-0.0125963384756058,-0.0137105065067059,-0.0097886703526755
2018-03-08,0.0137077046620897,0.0127946494291621,0.004015793573171,0.0046066036354357,0.0183061651489184,0.008824567001510575
2018-03-09,0.0091899420849124,0.0069815855251564,0.0030001426158738,0.0028221227133737,0.0138436722843975,0.0034538605182761195
2018-03-12,0.0063743025446909,0.003631476501505,0.005649745749682,0.0059796126717817,0.0109992557856639,0.005630941737768236
2018-03-13,-0.004007055967699,-0.0016447336575104,-0.0019828770396987,-0.0038463251890601,-0.0001874877669383,-0.0035297725366187915
2018-03-14,-0.0064893522396091,-0.0121911189338833,-0.0086090506435649,-0.0052649302259059,-0.0086303721981709,-0.0062777453925833004
2018-03-15,-0.0100588037948661,-0.0103402265559225,-0.0086842039433758,-0.0102329042879183,0.0015139361309988,-0.00237654738805404
2018-03-16,-0.0058062416903565,-0.0053926619722948,-0.0053908039810601,-0.000713103454855,-0.0088812137536903,0.004838798844075898
2018-03-19,-0.0059729706971745,-0.0057606881948978,0.0,-0.0007135038495794,0.0046709102835413,0.0017455428638306625
2018-03-20,0.0040059553713771,-0.0020451060846119,0.0037262528170389,0.0014281351637925,-0.0034159533637403,-0.003800716439292806
2018-03-21,0.007846716161411,0.0095630849902454,0.0057374568638359,0.0089124922976588,0.00742640202146,0.00238582624415562
2018-03-22,-0.0120083458045801,-0.0033831419173274,-0.006711419357143,-0.0042401797160556,0.0083170633111717,-0.0021521494494711746
2018-03-23,-0.0275146331191249,-0.0166328702535419,-0.0253377760825319,-0.0170332653194016,-0.0254006183526452,-0.019609379110375857
2018-03-26,-0.0108499937579797,-0.0065583753003521,-0.006239361008976,-0.0064983651994298,-0.010482895465403,-0.00513055879392077
2018-03-27,0.0056928429225837,-0.0048645617849966,0.0010463710855188,-0.0039971616009065,0.0117598617742729,0.007337468765069355
2018-03-28,-0.0078697063541961,-0.0083800579099418,-0.0041810066100895,-0.0113095222907219,-0.0123916824327284,-0.007316151871052723
2018-03-29,0.0062623766957228,0.0031692989924736,0.0013995202735446,-0.0088560963450284,0.000875418950134,-0.00516780156683172
2018-04-03,-0.0006915551878468,-0.0021059153743497,0.0003494683588958,-0.0115413261917325,-0.0079688597414608,-0.0012920772905280486
2018-04-04,0.0074729999222249,0.0028136747907472,0.0038420880690419,-0.0003766958902809,-0.0113637632906433,0.0016389899313034029
2018-04-05,0.0137362432970107,0.0126272498243806,0.0111343447829248,0.0101733614485606,-0.0009906966967241,0.004895673962224567
2018-04-06,-0.0042005678120156,-0.00069290207103,-0.0003440755387356,0.0014916038728391,0.005256791777882,-1.1473186221966358e-05
2018-04-09,0.0008164685404215,-0.0024261757255931,0.0017212743439074,0.0007453140404096,0.0024665430333215,0.0034517562396012558
2018-04-10,0.011012640599971,0.0128563710778129,0.0151200313791897,0.0122813366867291,0.0146653444200526,0.008315140142322486
2018-04-11,-0.0096822730559947,-0.0106350498676981,-0.0138794671287598,-0.0113971710707027,0.0067905247613875,-0.004829298988341946
2018-04-12,-0.007468842743368,-0.0045074776983431,-0.00617908474357,-0.0026030782341541,-0.0041430641117704,-0.0022564687250848925
2018-04-13,0.0009576984597658,-0.0066179728310373,-0.0020725010742925,-0.0041013730994414,0.0082236474241468,0.0023290713237185123
2018-04-16,-0.0073811421925022,0.0038568530163891,0.0020768052554154,0.0003744393513558,0.0031667465513649,0.002108027032266646
2018-04-17,0.0019277936207797,-0.0041913387839001,-0.0048361753493986,-0.0014973105993703,-0.0021048001350434,3.563685434504471e-05
2018-04-18,-0.0048102109579502,-0.0024550060931265,-0.0034709204863114,-0.0014988720563222,0.0041221171050662,0.0034193191702813763
2018-04-19,-0.0001381941022814,-0.003868011581475,-0.0041796527650967,0.0026275057700342,-0.0028640198715844,0.003340359497904233
2018-04-20,-0.0046960639087182,0.0014121152276882,0.0,0.0003744393513558,0.0033509537148765,-0.0020785829767897557
2018-04-23,0.0084652032970466,0.0137466598641557,0.0094437932021029,0.0093562281383776,0.0068701685861316,0.0029370552360286073
2018-04-24,0.0108710419001787,0.0111266883542824,0.0110879467977988,0.0066740313950297,0.0034117448443902,0.0060381158801572354
2018-04-26,-0.0164716009661463,-0.0209767993975401,-0.0359835082323936,-0.0213629484741887,-0.0043445301846299,-0.0017282134869284205
2018-04-27,-0.0098270529529254,0.0042148939484798,0.0060432958388962,0.0022583598971681,0.0254221395069711,0.007253488947299935
2018-04-30,0.0039140179862675,0.0125922271910581,0.0120140917887574,0.0078858211656536,0.0054579229585478,0.004902999651557494
2018-05-01,0.0187969947268389,0.0172710203909849,0.0143159346081465,0.0234723646271759,-0.008924548200221,0.005432573106642469
2018-05-02,0.0039633642027403,0.0044142131046294,0.0034421426790063,0.0018200676796849,-0.0069623453423116,0.005810372560502097
2018-05-03,0.0061259051781183,-0.0064232271726846,0.0075474045649797,0.0069041781747352,0.0072917153573113,0.007957096030183575
2018-05-04,-0.0155597007588554,-0.0098671630606901,-0.0091929865565359,-0.0057739477930474,0.0024128476028599,-0.005802065365591469
2018-05-07,-0.0006870571753622,-0.0065292773244274,0.0082472714199601,0.0025404965099491,0.0192574804276695,0.003559360547709778
2018-05-08,0.0108649876942388,0.0017294001797201,0.0126107083839133,0.0104997689654484,0.0173495090926885,0.0012182998112197918
2018-05-09,-0.0284352004832918,-0.0082872571645239,0.0013464890350516,0.0014333610759229,0.0077678277811779,0.0026636895125928817
2018-05-10,-0.0060215051179487,-0.0048748270738332,0.0033612500880875,0.0046511030798503,0.0099228435407727,0.0017558765314227287
2018-05-11,-0.0063399397163271,-0.0062981615868059,-0.0087102899307479,0.0024929789197574,-0.0051757227667749,-0.000418559484770209
2018-05-14,0.0038281889865796,0.0031692989924736,0.0145321384252152,0.0102373734182172,0.0140650786504084,0.005163855088607727
2018-05-15,0.0016948278287154,0.0007273496591184,-0.0003331706441694,0.0039815545684478,0.0091278340676292,-0.004475049078349169
2018-05-16,-0.0018330577546276,0.0,0.0066644546142957,0.0010812236230746,0.0188879342881322,0.0014990901330977913
2018-05-17,0.0052268618489008,0.0029067678896448,-0.0058080671286299,0.0079222181061702,-0.0105309311654712,-0.00012984417405526028
2018-05-18,-0.0092751483403522,-0.006521709370884,-0.0085909942755175,0.006430877670301,0.0075643683478381,-0.0011071340607383684
2018-05-21,-0.0058155070807415,-0.0058350494380082,-0.0065859990382625,0.0049698450063218,0.0068965076596358,-0.00047128824886222276
2018-05-22,0.0022827638703575,-0.0062363300537272,-0.0080251127305698,-0.0158954663456302,-0.007976318961805,-0.006909061812414352
2018-05-23,-0.0062633030016816,-0.0047988548687741,0.0010553313375625,-0.0003589616390369,0.0175667839586124,-0.0015499612550461395
2018-05-24,-0.0031515048347245,-0.0037090647540537,0.0,-0.0032316026831329,-0.0016318758408861,0.0007919474883928412
2018-05-25,0.0040237708873365,0.0011168619394712,-0.0059731703225867,0.0039626957016021,0.0055059034110978,-0.000704974123744484
2018-05-28,-0.0037211324989651,-0.0029749758679381,-0.0007071030939547,-0.0050235531061404,-0.0098392245093238,-0.004741637206685856
2018-05-29,0.0106304670464381,0.0082058070055479,0.0049522135244421,-0.0003604314267224,0.0031969740781327,0.0016636802372775872
2018-05-30,-0.0106608896296519,-0.0085091758667059,-0.0197112398293026,-0.0183983294166824,-0.0245476295231028,-0.004793180032621969
2018-05-31,-0.0043104308435273,0.0,0.0,0.0,0.009536516073578,0.004630226435589968
2018-06-01,-0.0086580274174221,-0.0055969186154545,-0.0039496895939734,-0.0150681321659458,-0.0130324191840994,-0.0035597435319663084
2018-06-04,0.0144106757680693,0.0041275367386053,0.0028838732760043,-0.0018654663831316,0.0023041244250612,0.005869183341959516
2018-06-05,0.010044220579487,-0.0029894284002704,-0.0014376875412049,-0.0033646010919933,-0.0070735439694714,-0.005090343667277675
2018-06-06,-0.0164794272281034,-0.011244501927819,-0.0089993068596218,-0.0052513330298397,0.0076582690686184,0.005179165604621394
2018-06-07,0.0004333158039506,0.000758014993599,0.0058117428670103,0.0079186383609406,0.0029160953786508,0.005342131869482847
2018-06-08,0.0015881880680403,-0.0007574408420839,-0.0028891840126383,-0.0026188455637127,-0.0037007575190978,-0.0019991390675812015
2018-06-12,-0.0074959846114587,-0.0015163530508407,-0.0036218668751027,-0.0037508571773057,0.0011496739144312,0.0015309146999422651
2018-06-13,-0.0097312914541223,-0.0075930636436631,-0.0029081921417331,-0.0082833544142647,0.0053004945607655,-0.005059183251443278
2018-06-14,-0.0107070554689009,-0.0072684003628928,-0.0047392313536042,-0.0053150191408436,-0.0030755782419387,-0.0011393008254575454
2018-06-15,0.0226835738836861,0.0080925207321376,0.0219778621310542,0.0183206015626338,0.0329659764579428,0.01286322766477177
2018-06-18,0.0104376585053067,0.0137614031323145,0.0089608083671075,0.0138682229798707,-0.0067412328885353,0.0016572492410402706
2018-06-19,0.0025825174967752,0.0,-0.0053287352448958,-0.0025879739107764,0.0180411936731768,-0.0003282227512586555
2018-06-20,0.0290500447357642,0.0192308227904645,0.0289286740434313,0.0274279257950731,0.0271729601064529,0.011546128419847257
2018-06-21,0.0137671686909388,0.0103588002192349,0.0090245418909817,0.0046896427649889,0.0082978344572046,0.009660887528215367
2018-06-22,0.0131686327370019,0.0120835685935605,0.0106640556628898,0.0287252275265545,-0.0057035906978346,-0.0011085743818797233
2018-06-25,-0.0230164687233946,-0.0112157365031136,-0.0061265620034718,-0.0104711863718145,0.0045889966208743,-0.0023637542284207225
2018-06-26,0.0090074939085378,0.0043909323707229,-0.0034247463262296,0.0035274697446703,-0.0132147850762797,-0.0020605567690368254
2018-06-27,-0.0027467835182677,-0.0058289818292945,-0.00103103319599,0.0010545522856995,0.0102504909956953,-0.00028289442316564717
2018-06-28,0.0085388958571102,0.0076952648471695,0.0055039621549903,0.006320337051447,0.0367402488643595,0.005129309796639836
2018-06-29,-0.0049159110458099,-0.0032728152109362,0.0023949796909552,-0.0146547265724823,-0.0240728613957932,-0.003328385462591621
2018-07-02,-0.0023331445466352,0.0,-0.0040957863693368,-0.0145184456425047,-0.0046096046103445,-0.0027187000766956126
2018-07-03,0.0174691358388956,0.0120394844097149,0.0071967612762999,0.0089831836543001,0.0001623736081273,0.00524695321389812
2018-07-04,-0.0051371464405722,-0.0129777935805155,-0.004763493852241,0.0007121932342588,-0.016571805832362,-0.004318560391225246
2018-07-05,0.0118220857420392,0.0051134517272477,0.0095726843336798,0.0117437188867202,0.0114817472898809,0.005196577924583279
2018-07-06,0.0162503883681279,0.015988100822182,0.0084659938090703,0.0196975779361521,0.0041651512825817,0.009133787183755127
2018-07-09,0.0056826545096158,0.0021460485507671,0.0006715323985599,0.0037944624878358,0.0054489580668897,0.002192134551642244
2018-07-10,-0.0219447820055815,-0.0057101017022839,-0.0104027257423119,-0.01030935999001,-0.0089785507875562,-0.004405017666673006
2018-07-11,-0.0051053969795591,-0.0075378226904736,-0.0067819433640013,-0.0079860313950981,-0.0043258041210049,-0.006790852792130209
2018-07-12,0.015664981964099,0.0180832478522887,0.0160465779538145,0.0220511324522918,0.004836571352385,0.008479667885736841
2018-07-13,-0.0047865646774472,-0.0039075970019252,-0.0053762532495208,-0.0065070827875605,0.0035077602114725,1.3643328577117586e-05
2018-07-16,-0.0081498092457594,-0.0071328141669093,-0.004392179224308,-0.0024128177121921,-0.003983392765105,-0.004287083080464771
2018-07-17,0.0033675968002593,0.0021550945639576,0.0016966850272244,-0.0003456677650924,-0.0097125246042658,-0.0060686744703356554
2018-07-18,0.0071148022355809,0.0017924573833176,0.005081336711407,0.0031108601617195,0.0228300333662176,0.006684879429576407
2018-07-19,0.0049320033879822,0.006081966849881,0.0010111294530714,0.0065474457957146,0.0008060144404371,0.002816556896920508
2018-07-20,0.0067649739021597,0.0064013112161247,0.0067340860839886,0.005135066302738,0.0083734256295064,0.0036965701523501426
2018-07-23,-0.0086958407884722,-0.0053003620471913,-0.0090302585801309,-0.0081741313777887,-0.0099009242015151,-0.009274086603179743
2018-07-24,-0.0009300471808821,0.0017762355009136,-0.0026998247297814,0.0034338900578909,0.0131451039982188,0.0061660969477630445
2018-07-25,-0.0054540699423901,-0.0024824816959411,-0.009813878649146,-0.0034221388094564,-0.0055718503784895,-0.002903981455683602
2018-07-26,0.0009360898129755,0.0,-0.0037593595878268,-0.0037777254714167,-0.0258544638796017,-0.0005039458979544387
2018-07-27,0.0070826901495053,0.0095984525329284,0.0109775162222873,0.0162014822962097,0.0190632036659834,0.008924638866562251
2018-07-30,-0.0061039566914957,-0.003168799305243,-0.0033929822850458,-0.0054273714258855,-0.0083050902888105,-0.003465727244941208
2018-07-31,-0.0014686683839435,0.0007062377207407,0.0030640804271504,-0.0006822747125575,-0.001382260255042,0.0002880797605180341
2018-08-01,-0.014440549179113,-0.0123545490653766,-0.0084861105737066,-0.0078495498409659,-0.0048037211458082,-0.0007138877062933258
2018-08-02,-0.0004069067195628,-0.0060756509462839,-0.0006845388790993,-0.0055041207731624,-0.0067903554979682,-0.0055540075111220055
2018-08-03,-0.0115364583409148,-0.006112790125394,-0.0095923601714017,-0.009339341889568,0.0018120828016587,-0.0009751234064269143
2018-08-06,0.0100232927223826,0.0032560323703885,0.0083016837077083,0.0097765729075438,0.0069067418506398,0.006127311675111269
2018-08-07,-0.009107912967325,0.0025243530250489,0.0024011601621853,0.005878168071066,0.0031848894394783,-0.0030357528731371763
2018-08-08,0.0263407301421148,-0.0025179967124309,0.0010267991448098,-0.009281655329756,-0.0083844327971926,0.0023332977064680627
2018-08-09,0.0074856519091219,0.0100974121001957,0.0082050882349524,0.012144443303139,0.0064850200176473,0.0050653237333360135
2018-08-10,0.0002652490641041,0.0028559179795044,0.0027128354715613,0.004799672493174,-0.0026098436680512,-0.003033051366690742
2018-08-13,-0.0059687264087495,-0.0053396852519548,-0.0054107019690905,-0.0047767456783348,0.0015537611585145,-0.004176716958685267
2018-08-14,0.0122765470786427,0.0150320729434376,0.0221011208995949,0.0161126147048702,0.0123283083745302,0.008018376749771905
2018-08-15,0.0059822886760732,0.0095204075775805,0.0076513543905643,0.0172063344732322,0.0121783360826903,0.007523836264734962
2018-08-16,0.0017571848277215,0.0059378114418913,-0.0036316185857306,-0.0029850790144919,-0.0060556744925314,-0.00010057963268628178
2018-08-17,0.0022932544354292,0.0017362457124041,0.0049703088746038,0.0073185975269658,-0.0014428117659122,0.0017340125359588399
2018-08-20,-0.0091532895706066,-0.0027729615911189,-0.0062645311228241,-0.0075955028597169,8.014054464400289e-05,0.0017755027887738084
2018-08-21,-0.0089663318624889,-0.0118179312829043,-0.0212339797515241,-0.0179700732771723,0.0013646465713899,-0.00916218437282601
2018-08-22,-0.0146675640330371,-0.0105523514741916,-0.0138986257195853,-0.0098273348480136,-0.0035272897190476,-0.002453162372517137
2018-08-23,-0.0157204132748676,-0.0167081443291364,-0.0254381163885086,-0.0171116040292382,-0.0028156933646952,-0.002829587853117266
2018-08-24,0.0019787532781412,-0.0018073939234469,-0.0243387935718648,-0.0076601673458274,0.01105272464002,0.000502872821366962
2018-08-27,0.0042319166607258,0.0025354269897961,0.0036154236177723,0.0007018015255526,0.0010374558888599,0.0037028742861824337
2018-08-28,0.0075852763883395,0.0108377554146441,0.0126081921345553,0.0091165035388669,-0.0070943864063155,0.006164373957062486
2018-08-29,0.020911865815437,0.0178699736986787,0.0273921020748386,0.0225851027015995,0.0125239595337585,0.00823291885357924
2018-08-30,-0.0147480813010346,-0.0063200962522701,-0.0079636834509032,-0.0013591480784755,0.0185538974774994,1.2133499208921705e-05
2018-08-31,-0.0126127563482826,0.0024734085989697,-0.0038395011919166,0.0037428195525306,0.0073173248487077,-0.004824773663069659
2018-09-03,-0.0004208936359378,0.0010575169669841,0.0,-0.0098305662217462,-0.0003863435793201,-0.0012536335386712505
2018-09-04,-0.0067407114703003,-0.0063379987240382,-0.0080590541509899,-0.0140363198981442,-0.0075762981619034,-0.0025128866178510956
2018-09-05,-0.0087657698697068,-0.0067327709436467,-0.0130693435396972,-0.0072915403605977,-0.0063099656184317,-0.009563947093651937
2018-09-06,0.0004278998408835,-0.0028539813546641,-0.0035790886253632,-0.0020987764164492,-0.0238319926519258,-0.009301717400155063
2018-09-07,0.005275075287797,-0.0028624547935827,-0.0014369625179878,-0.0045564986257806,-0.0147767229713844,-0.002390916412179256
2018-09-10,0.0034039268523684,-0.0064585277447494,-0.0039566911776944,-0.0049298036900137,-0.0003260546770905,-0.00016791085816691975
2018-09-11,0.0158303201794178,0.0028892302051259,0.0072228052704625,0.0113235592528753,0.0181834563337526,0.006704741294710326
2018-09-12,0.0008348422951074,-0.0061219009564317,-0.0057369312877354,-0.0073478751263348,0.0131335401448833,-0.00031493081820532787
2018-09-13,-0.0104266793692008,-0.0108695842366535,-0.0057700335738767,-0.0109268323162476,-0.0211049937643131,-0.0068526502471483175
2018-09-14,0.0044956772923705,0.0018316438165582,0.0068916671416061,0.0032074168896509,0.0047641550359802,0.005973976942789561
2018-09-17,0.0034964127265,0.0076781743723144,0.0050430916087371,0.0088809596251608,0.0053846668523316,0.0032583591679016255
2018-09-18,0.0023692940763082,0.0021770925254529,-0.0003581865805981,-0.0003522402940427,-0.0070345209215058,-0.0037798673304069164
2018-09-19,0.0023634769114411,0.007241073162383,0.0111149330459163,0.009510613078693,0.0141684664449102,0.0046351438661838
2018-09-20,-0.0029129595651873,-0.0025161865717471,-0.0039005680350364,-0.0083741883755305,0.0050007411344463,-0.003219032490404228
2018-09-21,0.000835015625078,-0.0032433307846264,0.0024918717444264,0.0014075539072875,0.0097939500951333,0.004117159097307921
2018-09-24,-0.0051431600697723,0.002169324607969,0.0017756145485952,0.004216311215589,-0.0075870292434923,-0.0011890742388970255
2018-09-25,-0.0107586686263809,-0.0043290526864013,-0.0116978590332488,-0.0125962392185557,0.006068724612833,-0.00016106350214784015
2018-09-26,-0.0087571754965933,-0.0054345862627864,-0.0025108460392206,-0.0092133140155669,-0.0059537574832082,0.0010460618570931057
2018-09-27,-0.0014248112747377,-0.004371736371971,-0.0071916394289545,-0.0060803110792942,0.0067773084698772,-0.0017641780198053292
2018-09-28,0.0189783195644444,0.0175631058152023,0.0115900153895454,0.0140339190341094,-0.0133853912576011,0.004262292508731225
2018-10-01,-0.0138635562898945,-0.0075512739499589,-0.0153958072137869,-0.0159687969194475,-0.0116629762002214,-0.005676702870190065
2018-10-02,-0.0120706522180522,-0.0072463208725889,-0.0094545436412459,-0.0086547224614088,-0.0155736016003975,-0.00746009052775376
2018-10-03,0.0005750114120408,-0.0072992133143823,-0.0033035688066082,-0.0018189651920456,-0.0020386105020481,0.003246054442680668
2018-10-04,0.004453366663933,0.0018381686743267,0.0088396280844811,0.006195320837536,0.0107045293402718,0.004980406884513844
2018-10-05,0.0011441917304539,-0.0014679410575954,0.0036509578718699,0.0039842244656891,0.0127736218479328,0.0014877072124346302
2018-10-08,-0.009285682240947,-0.0124954767386915,-0.0130957614304197,-0.0263347299269466,-0.0123732118855022,-0.013770689481829579
2018-10-09,-0.0086518573742425,-0.0096758699851489,-0.0058975365030182,-0.0059280808073731,-0.0093760190856224,-0.009710479550548823
2018-10-10,0.0032001322554953,0.0026304942393351,0.0003707496335139,0.0018632698431191,0.0028559999263482,0.0014461709632638264
2018-10-11,-0.0285632202017819,-0.025487395733744,-0.0255745733750268,-0.03236594041855,-0.060369491521779,-0.027376630366017674
2018-10-12,0.0004477620395415,-0.0034617410580977,0.0060860798988429,-0.0038445924563886,0.0003461776112072,0.0020344338522932937
2018-10-15,-0.0208863132160453,-0.0158237660306592,-0.0158789119015907,-0.0185257676015602,-0.006058871358793,-0.00993020554620494
2018-10-16,0.0021332807724048,0.0054902201067807,0.0057625115172854,0.0047189205385038,-0.0033091386705355,0.005616025216272247
2018-10-17,0.0171813031083092,0.0007800029405224,0.0164248294568338,0.0101761139302933,0.0254256361538307,0.01179121840386621
2018-10-18,0.0047829818083016,0.0031176907500094,0.003006337658679,0.0027118511363024,-0.0092024574417525,0.0005589488494832651
2018-10-19,0.0104137943250095,-0.0027191835430129,0.0059947604049312,0.0061825683035781,0.0050741620743823,-0.000491541438690013
2018-10-22,-0.0085396773561141,-0.0074016978432234,-0.0070763635667188,-0.0096004650810284,-0.0163429931488071,-0.005818100331933196
2018-10-23,-0.0108404293768054,-0.0121667419049028,-0.0123780731398277,-0.0193876276873482,-0.0092206431274123,-0.010474462357862868
2018-10-24,0.0037530932655618,-0.0003972840219589,0.0064563772458272,0.006326803377862,-0.0014925740780472,-0.0023103855949883068
2018-10-25,-0.0237808491715115,-0.0250396312822921,-0.0249056201835784,-0.025540015279339,-0.031653956711071,-0.028299703077935168
2018-10-26,0.0082731818046399,0.0069302698487865,0.0046441059269648,0.0044351846546184,0.0094436618723781,0.00021372574842115633
2018-10-29,0.0126121159489538,0.0105261644573744,0.0123265575362423,0.0116418621713487,0.0147519555386697,0.011119753815892919
2018-10-30,0.0228091929597946,0.0060097400058751,0.0213090559954916,0.0182541393662349,0.0221611458213937,0.013433180051247495
2018-10-31,0.01569833469317,0.0039824460574904,0.0003725453254608,0.0105222278306587,0.0163906924408148,0.004341846426795026
2018-11-01,-0.0041889682267168,0.0055533763394526,-0.0067040633814731,-0.0030852082846011,0.0057168436382724,0.0017991051390122692
2018-11-02,-0.0085582832149333,-0.0055227066708967,-0.0063741768763652,-0.0123789107184879,0.038601677517136,0.0014399875115833627
2018-11-05,-0.0054131471752113,0.0071398782160638,0.0056604172268148,0.011358670796896,-0.0057181167639063,-0.00531055838305905
2018-11-06,0.0142690562820253,0.0106342842297073,0.0101312958395629,0.0127809634484057,-0.001807152244079,0.009803063471922613
2018-11-07,0.005801139113851,0.0081840904443626,0.0096582438971895,0.0114724803390644,-0.0056790871895793,0.0037252593185965743
2018-11-08,0.0183130643713602,0.0020095379479279,0.0183958336902694,0.0226841522905985,0.018872453946588,0.007030077018326253
2018-11-09,0.0046728314852644,-0.001203414272925,0.0007226860885716,0.0029574660289515,0.0044682980504937,-0.0010087659408212213
2018-11-12,0.011557430712795,-0.0008030599447655,0.0014441221074241,-1.0889819102022359e-07,0.0044448858572092,0.0052361319757050495
2018-11-13,-0.0121222952708683,-0.0152734767016037,-0.020895774170951,-0.012153366130568,-0.0213061603352043,-0.016004733757838285
2018-11-14,-0.0238362659486669,-0.0232652822721026,-0.0301064598652587,-0.0234523554270426,-0.0056938635071857,-0.017389720388225616
2018-11-15,-0.0050571823400531,-0.002089429309849,-0.0043224287156066,-0.0003939700235094,0.0005053558637262,0.0005665668053420614
2018-11-16,0.0005808647462517,-0.0046065751011091,-0.0027622606358471,-0.0011813595222253,0.0015990368787337,-0.0009280516211901402
2018-11-19,-0.0058052753827044,-0.0079931855113728,-0.0059359779001227,-0.0078865150463147,-0.0232771905909844,-0.006376857932578028
2018-11-20,0.0102187431925013,0.0131468403125896,0.012738789117322,0.005564547174546,-0.0111847662366668,-0.0038417953940794725
2018-11-21,0.0124277956097327,0.0050230952824783,0.005896420757163,0.0047429265794964,-0.0187939333297584,-0.005115399975551993
2018-11-22,0.0081359736403685,0.0091630383836931,0.0035168120679958,0.0129818726851318,0.0126804633424051,0.008664915968002118
2018-11-23,0.0094861208505767,0.0103173433548409,0.0140188096157047,0.0229124824190614,0.0028897603525475,0.0044142581809902826
2018-11-26,0.0008413703968004,0.0053108426635237,-0.0034562498946685,0.0026578492604536,-0.0093424419860621,-0.0078083582088546155
2018-11-27,0.0119115066944119,0.0113773190318644,0.0127167980497548,0.0208251386878717,0.0134847603825849,0.009999444088097942
2018-11-28,-0.0016621108144918,0.0008034923377346,0.0,0.0,0.0004350160468629,-0.0005477149983352803
2018-11-29,0.0047165293452422,0.0,0.0053273359318852,0.0070477262316717,0.0153856479515424,0.005871037584341154
2018-11-30,-0.0165676812812242,-0.0108389863504998,-0.0170325864084684,-0.0128913955344637,-0.0204605150812433,-0.01584789874784287
2018-12-03,0.0044925220861471,-0.0012173561118672,0.0107815356596807,-0.0029851905575882,0.0278799418916535,0.018352163721021553
2018-12-04,-0.0104820547641,-0.0093458452314263,-0.0137141903018184,-0.0134730421653617,-0.0107134710012006,-0.009942409402939334
2018-12-05,-0.0112995528588306,-0.0082035635773656,-0.011587439314715,-0.0072080354595402,-0.0252684150992378,-0.00784022702640863
2018-12-06,-0.0047142945849564,-0.0099255894339165,0.0031261510451692,-0.0191055523203739,-0.0119918548816104,-0.0018382981328747272
2018-12-07,0.0100472856462892,0.0025063591931582,0.0023374140323761,0.0015581879313151,0.011334223103038,0.004224337486279817
2018-12-10,-0.0298420994689856,-0.0254167779899829,-0.0338127701350798,-0.04161818613113,-0.0302684082809829,-0.022703893310330958
2018-12-11,0.0023434620865365,0.0042753352333784,0.0080450948092585,0.0052760924240129,-0.0010919287080446,0.004252556177751332
2018-12-12,0.0241124310708695,0.0170285382240715,0.0163608089969415,0.0173596605370107,0.0309738616099681,0.013913072040051544
2018-12-13,0.0014268442585245,0.008790159431212,-0.0011780466121108,0.0115080714200865,0.0073338845536967,0.0014971762345736828
2018-12-14,-0.0195212924531824,-0.0170124428173307,-0.0220126314985477,-0.0270695044842872,-0.0071928717031868,-0.010533005596696676
2018-12-17,0.0065398353733527,-0.0059094649351487,-0.0092442788197852,-0.0157259259841623,0.0007069094975806,0.010049461859034325
2018-12-18,-0.0095293274925225,-0.0178345950074735,-0.0137930200492806,-0.0294960829369128,-0.023221050281056,-0.012159901607397217
2018-12-19,0.0116618546462108,0.008214590208355,0.0008226883037703,0.0105531145736985,-0.0065078399431982,-0.0015875213852374337
2018-12-20,-0.0069165140397645,-0.0098628341439989,-0.0106866103472326,-0.0162909098487253,-0.023837841281416,-0.013398975538065239
2018-12-21,-0.0063841754888579,-0.010827207913866,-0.0099708121568387,-0.0106156077235898,-0.0230217172240027,-0.006934813488477576
2018-12-24,0.0024826584421091,0.0030646938015563,0.001258889335068,0.0025750843742999,0.0059147791529907,0.004787591397989788
2018-12-27,0.0244717733967874,0.018769342518782,0.0138307188128639,0.0145548084973401,0.0056905367330919,0.01882507251647847
2018-12-28,0.0224656603368518,0.0265638132250172,0.0297643877980409,0.0270041809194345,0.0240473231833033,0.012435429634768846
2018-12-31,0.0066748774064822,0.0045909659386862,0.0052187822088058,0.0049303480694034,0.0005526384946745,-0.0014068120933792283
2019-01-02,-0.0196157662753905,-0.0182801681798173,-0.0223640499751217,-0.0245300916477487,-0.0165670557668123,-0.01569397540001416
2019-01-03,0.0122585746945356,0.0126958540157733,0.0228756419754743,0.0201174146755966,0.0278896052390125,0.013611555260225172
2019-01-04,0.0006957993376661,0.0020893151396228,-0.0003993521302564,-0.0036975548993486,-0.0038239750970067,-0.002494067860702942
2019-01-07,0.0094590106644942,0.0100082589441607,0.007590832116769,0.0140206314776354,0.0106021967797009,0.011359789419277178
2019-01-08,-0.0013781018575967,0.0090835922637293,0.011895275783321,0.0109798876964717,0.0189926367544734,0.0069062746223556015
2019-01-09,-0.0019318616116419,0.005319421864864,0.0094045046663453,0.0132745373582732,0.0116269977696716,0.009759876976340731
2019-01-10,0.0016592816186848,0.0012208240401037,0.0034939252480645,0.0055578061582637,-0.0002634275766082,0.002938676433848819
2019-01-11,-0.010904139179484,-0.002032632966037,-0.0092842312852317,-0.0035530388511463,-0.0064940700028927,-0.003569482772669441
2019-01-14,0.0036282028743381,0.0048878322567993,0.005075704472776,0.0051506689962443,0.0006184039812899,-0.00020984981748073395
2019-01-15,0.0101503066635328,0.0020267552513348,0.0007771980722741,0.0067006627426515,0.0150070222935776,0.007134892122883318
2019-01-16,-0.0013765841990033,0.0032365145686812,0.0093168839874098,0.0082222941726444,0.0088710848086548,0.0035419249354724514
2019-01-17,0.0030323732884269,0.0004032040843913,0.0026923535439609,0.0073785658363627,0.0101723570212728,0.002578421068159198
2019-01-18,0.0063213459206763,0.0032244427317011,0.0030685924208604,0.0050115669826618,0.0087045350067354,0.0050493816870604835
2019-01-21,-0.0024580135501725,0.0008034923377346,0.0019118975567418,0.0046031712861889,-0.0043991729304755,0.0018347504382825175
2019-01-22,-0.011909530613831,-0.0128462141693765,-0.0171755067779506,-0.0145094247762468,-0.0116416967915032,-0.005363555545396581
2019-01-23,-0.0006930980344022,-0.0032532911782822,-0.0058252200321283,-0.0038744511629297,-0.0001720144141723,-0.002571403433090369
2019-01-24,0.0052687332939569,0.0028559348569072,0.0046875032007787,0.0081680385454689,0.0138447755912241,0.0037595005808597204
2019-01-25,0.0004134498995307,0.006509451620605,0.006220700957787,0.010416711606338,-0.00076358344892,0.0068045179165798775
2019-01-29,-0.0164047261746896,-0.0194020581032514,-0.0227972346278986,-0.0232913874143412,-0.0115438131006856,-0.00532367317326965
2019-01-30,-0.0015417959846408,-0.0004119538233323,-0.0039540431701189,-0.0039093999339558,0.0026620316065968,0.002136053178834141
2019-01-31,-0.0186690083543044,-0.0160823967792619,-0.0254073201649299,-0.0176608385741828,-0.0023983217650416,-0.003747238419085974
2019-02-01,-0.0021456938866577,-0.0029337366663036,0.0012220812887548,-0.0039951891855419,-0.0006006145580085,-0.0003109163110369684
2019-02-04,0.0077409142583122,0.0100881872293316,0.0117983967718042,0.011632706789012,0.0024910795378734,0.004838909695994653
2019-02-05,0.0469414636924312,0.0391177078522608,0.0735826448019074,0.0650277718879484,0.0152528151652893,0.019472201331209638
2019-02-06,-0.0135868179234579,-0.0140168315332371,-0.0123594800585139,-0.0167535713546093,0.0175556091738551,0.003384794334272634
2019-02-07,0.0201101810987673,0.0125913772602608,0.0193398287179511,0.0170390360610723,0.0209853304015126,0.011005204810755398
2019-02-08,0.0093167167701673,-0.0072201568657792,-0.00334814002489,0.001116705491424,-0.0123485472464428,-0.0034479405646584693
2019-02-11,-0.0124415642047758,-0.0161616286499109,-0.0153041864954199,-0.0130157242411785,0.003372531227362,-0.001747279488529041
2019-02-12,-0.0066375457026787,-0.0057496258098104,-0.0068234082158162,-0.0030145424692022,0.0214787491410104,0.0031928472098368132
2019-02-13,-0.0016823859761273,0.0074347705582995,0.0068702869884986,0.0064249604582808,0.0135636218494583,-9.648335567158384e-06
2019-02-14,-0.0087068576669218,-0.0065596023307596,-0.0072021609412402,-0.0033795893176638,-0.0066513122927792,-0.0006575166874318583
2019-02-15,0.0031166133546667,-0.0004131402504031,0.0019087664038563,0.0101731490187422,-0.0098048286290836,0.0011084000357068913
2019-02-18,0.0022599882093783,0.0,0.0015245667833145,-0.0026110406142265,0.004669080732415,0.004049726179064628
2019-02-19,0.0098627481721136,0.016515519749306,0.0129374107345126,0.0228122147387468,0.0108974882800996,0.0029413922863090747
2019-02-20,-0.0001393691341473,-0.0032493268252842,-0.0075128776190712,-0.0029249498748509,-0.0012681995904517,-0.0011666693356719993
2019-02-21,0.0200948900859445,0.0069273147420365,0.0132475555988758,0.0183349849774858,0.0156348819920211,0.007124193824472602
2019-02-22,0.0102598287641615,-0.0008093454186737,0.0,0.0064819128426496,-0.0025786561546184,0.005374644917123472
2019-02-25,-0.0012186650867962,0.0012148908280225,0.001120632263837,0.0025044414776462,0.0074425556640262,0.0033098179623405333
2019-02-26,-0.0082698813130442,-0.0048541087234147,-0.0100748126285677,-0.0117772744273478,-0.0104204817527966,-0.008014773176503676
2019-02-27,0.0068352789249843,0.0085365697902675,0.0064080096270997,0.0054171994295657,0.0024360990075849,0.004322547890314832
2019-02-28,0.0040733387760798,0.0128978810474544,0.0097377126490403,0.0057471436020672,0.0084667478161866,0.0036842803314438566
2019-03-01,0.0054091081280653,0.0003980181068341,0.0018545580152635,0.001071546956828,0.0045860671238473,0.004344468357734499
2019-03-04,-0.0040349202872475,0.0019888640566154,-0.0003703271867261,-0.0060652929662423,0.0051847856684734,0.0044449217027604515
2019-03-05,0.000134889694038,0.0031760179678257,0.0003704643797577,-0.0050248587659003,-0.0103925171784802,-0.002569471361023812
2019-03-06,0.009316650149745,0.0075186075861368,0.0088855021709202,0.0021645344047807,0.0084790882206224,0.007719813860849634
2019-03-07,-0.0009364007313398,0.008248111008416,0.0033029828943773,-0.0010799296574919,0.001928437100698,0.005657341481361877
2019-03-08,-0.0200855916674866,-0.0112969474199113,-0.013167628825348,-0.0227028338426086,-0.0107013009064256,-0.009507217664663448
2019-03-11,-0.0017763485715194,-0.0003940974302285,0.0014825466247205,0.0,-0.022646103227309,-0.0037711239085977954
2019-03-12,0.0087610887029077,-0.0047300644416492,-0.0062915978689143,-0.0121681128223456,0.0011945818792427,-0.0008053353582818668
2019-03-13,-0.0134348303558492,-0.0043564177742104,-0.0074488290056754,0.0003733148787921,-0.0013521911382785,-0.0018295862315633737
2019-03-14,-0.0020632835837508,-0.002784474884356,-0.0018762343988045,-0.0067165182719617,0.0092378475488279,0.0030389672383606126
2019-03-15,-0.0033080513553118,0.005584390689173,-0.0045112817842666,-0.010142471549798,0.0079697700930547,-0.0006906499857196602
2019-03-18,-0.0077444053864624,-0.0035701451206607,0.0015106447137287,0.0022769646477978,0.0081416502165783,0.0025017793490298423
2019-03-19,-0.0058533902697439,-0.0063693027493979,-0.0037705510068785,-0.0041652231605298,0.0024847965601901,-0.0008968524544987755
2019-03-20,-0.0075708072587632,0.0044070333458809,-0.0030281500109534,0.0019013508530894,-0.0026335331604054,-0.0030713862719369267
2019-03-21,0.0048030281911062,-0.0043876966205624,-0.000379642247696,0.0037947234486335,-0.0149893676143085,0.0003322861518322284
2019-03-22,0.0042177919290433,0.0052083817916908,0.0068363654050724,0.0026464705397084,0.0011041474914232,0.004611037106051263
2019-03-25,-0.0091001193679973,-0.0087685064214541,-0.0147115167976636,-0.0226242362543074,-0.0066945944408722,-0.011014039719831059
2019-03-26,-0.0009889228493696,0.0020105660728895,-0.0057425978394645,-0.0030865395922099,-0.0049160099790124,0.0007147017766950814
2019-03-27,0.001838613822791,0.0048153693626866,-0.0007702083781921,0.0038699533233208,0.0086057240329604,0.0010143654531504787
2019-03-28,0.0009880136855495,0.0027954858920213,0.0,0.0030840497228268,0.0183281917757065,0.006564335407459598
2019-03-29,-0.0038074337070894,0.006372164895285,-0.0011561499038226,0.0003844724693908,0.0040341518931801,0.0007533942710060693
2019-04-01,0.0101923436140018,0.0031657465809105,0.0100310668963186,0.0092201579135033,0.0092722174838555,0.005861483193799533
2019-04-02,0.0002802326086572,0.0023666285862091,0.0045835487121184,0.0076129965147211,0.0067371628608297,0.004122452806734511
2019-04-03,0.0001400770501713,-0.0023610408793708,0.001140658912341,-0.0011333756656672,0.0098858194987967,0.0068587182813935055
2019-04-04,-0.0022412022750936,-0.0071006401827862,-0.0037978643067005,-0.006807427755735,-0.0079066476884858,-0.008275054947760485
2019-04-05,-0.0047730751529287,-0.0143027311381356,-0.006862322749197,-0.0118053458227447,-0.007969585175965,-0.008261703623205552
2019-04-08,-0.0031034949686725,-0.0044337877021443,-0.0065261889355801,-0.0057803231893894,0.0009945718873947,0.006495118064574035
2019-04-09,-0.0059432014408645,-0.0044534231141309,-0.0015453474696188,-0.0058137073108658,-0.0033631746915434,7.46149775605609e-05
2019-04-10,0.0071176642058725,0.0016264789303259,0.0023217157111663,0.0011694961161929,0.0015339371333973,0.00027783995228647385
2019-04-11,-0.0069258223028977,-0.0077139782606067,-0.0127413500191501,-0.0066198871284066,-0.0003830499187166,-0.003996519804745358
2019-04-12,0.0194990559818015,0.0102291414887965,0.0136880444065639,0.0199918938111742,0.0111844007111174,0.008494042577108285
2019-04-15,0.0078179940318134,0.0056701175807174,0.0054012208464997,0.0088393405365996,0.002802914074161,2.217087151423769e-05
2019-04-16,0.0069259651040929,0.007249346877683,0.013430669829358,0.0060954756134552,0.0069503847507463,0.004160742543729112
2019-04-17,0.0082541999987058,0.0091963744098169,0.015145857416118,0.0117377541190544,0.0035261433999953,-0.0033397537459002313
2019-04-18,0.0016373251901589,0.0011888504596497,0.0007458706101344,0.0022456501058869,-0.004410748468156,0.0005651922306020296
2019-04-23,0.0107615236466716,0.0035614513890158,0.0122996986027588,0.0112023428258667,0.0099871650168403,0.009521407775654689
2019-04-24,0.012938162251898,0.0118296621727898,0.015463876667024,0.0099703953428782,0.0094423036591977,0.009925958260773804
2019-04-26,0.0038582691365116,0.0003894776718988,0.0058014760533873,0.0018283557640645,0.0016203658914932,0.000665449996802181
2019-04-29,-0.0045061784750999,-0.0089598204459816,-0.0057680130637224,-0.0025548172809624,-0.0106625708777776,-0.004095429314789567
2019-04-30,-0.007855267537309,-0.0035375458839246,-0.00253801442428,-0.0047565736513013,0.0011894308809694,-0.005350742986282131
2019-05-01,0.0131508855971633,0.0169622572370831,0.0229006523063488,0.027573304823486,0.0046027996910456,0.00805196013408671
2019-05-02,-0.0084768566640539,-0.0031028023992405,-0.0259415347135247,-0.0243290798965353,0.0065027950791725,-0.005869900882717882
2019-05-03,0.0016029863499904,-0.0011676773638557,0.0010943657884419,0.0051336780319057,-0.0542582623087587,-0.00041176497892436714
2019-05-06,-0.0005333387294504,0.0097393239733307,-0.0120261716919805,0.0051076672019081,-0.0247651000414164,-0.008218919122558233
2019-05-07,-0.0044034891555754,-0.0030865694019077,-0.0018445001935926,-0.0018148746661375,-0.0058112615784924,0.0019024463109440504
2019-05-08,0.001742370131774,-0.0007741636162343,0.0029563274628379,0.003272880788836,-0.0068862300831504,-0.00420197646959497
2019-05-09,0.0057529346110776,0.003485694652852,-0.0029476133525339,0.0021747333727624,0.0027415877757865,0.0041764114501008365
2019-05-10,0.0030600738476114,0.001158002857363,0.0059127569242769,-0.005425139125741,0.0020905447623942,0.00248580675049781
2019-05-13,-0.0251991444893062,-0.0196607506768882,-0.003673687706125,-0.0101123570903747,-0.0071883167312237,-4.1354950593652795e-05
2019-05-14,-0.0126529295031115,-0.0146341578711631,-0.0081122189095131,-0.0124857382889654,-0.0221373903453274,-0.007805580983635818
2019-05-15,-0.0004135492217309,0.0016502995965401,-0.0003716363676659,0.0072797859678288,0.0137022534284116,0.0070980679250087775
2019-05-16,0.0108908003563825,-0.0032950523381145,-0.0038535425945633,0.0140735629730155,0.0019310405484311,0.008876196496297784
2019-05-17,-0.0068186379552569,-0.0115702089426205,-0.017021261687756,-0.0303823811656992,0.0049437938497134,0.00592059793146027
2019-05-20,0.0627487567155415,0.0790131914052012,0.0920895987528369,0.0777561110410502,0.01709327603546,0.017414632663336205
2019-05-21,0.0202843445197553,0.0151106330663652,0.0270273072008986,0.0204594017521042,0.009509778958155,0.0037533745752673653
2019-05-22,0.0003799057037154,-0.0019084516192033,0.0108771943597547,-0.0017585529084618,-0.0125872262886994,0.0016262859152662568
2019-05-23,-0.0107596297722973,-0.0141491818616131,-0.0225616163603453,-0.0155040774777167,0.0009869118307439,-0.0028768636256744085
2019-05-24,0.0003842155427837,0.0011635827111498,-0.0014205218587554,-0.003579086441698,-0.00772333334821,-0.005507009059411594
2019-05-27,-0.0069074661404648,0.0007750591713491,-0.0071124288906299,-0.000718168472404,0.0002485839150223,-0.0006370140081677356
2019-05-28,0.0051520301960261,0.0120015041017469,-0.0017908683269118,0.0064701628307968,0.0146520461241024,0.005105797538010659
2019-05-29,-0.0019219060413732,0.0099463438352234,-0.0046645922402639,0.0014284272635036,-0.0110140082889563,-0.006828264461919642
2019-05-30,0.003979972805413,0.0037880881102145,-0.0043258011652421,-0.0010697675065096,-0.0065170478860543,-0.0073274803963738755
2019-05-31,0.0039641307414219,-0.000377389238403,-0.0065168443105295,-0.0046412530448967,-0.0009964984821764,0.0007395151325997329
2019-06-03,-0.0076423098785786,-0.0060401083547948,-0.0131197667217376,-0.012194840660466,-0.035824105600688,-0.011895049632905774
2019-06-04,0.0065460061086104,0.0037978575369796,0.0062777486740535,0.0079881285960934,-0.0142241205220837,0.0018821282471974676
2019-06-05,0.0123691017721085,0.0079455656058144,0.0135779919820351,0.0090057827629059,0.0219502322060471,0.004228695910179381
2019-06-06,0.0041569824998259,0.0041292678501152,0.0076032100492253,0.0053551620050555,0.0033371427205401,0.003844202436694699
2019-06-07,0.0035121525515491,0.0056071432982178,0.0053896924823106,0.007457351116932,0.0167165854431752,0.009545393801636104
2019-06-11,0.0118750347308731,0.0118962948683976,0.0114367148075269,0.0098695669495552,0.0162737088781663,0.015891331262323005
2019-06-12,-0.0133414561718776,-0.0077150585059493,-0.0091871528381715,-0.0136123351912924,-0.0012380602606996,-0.0003897534060179897
2019-06-13,0.0068860525379459,-0.0003701656107047,0.0032098056856402,0.0060152821640475,0.0095867995442766,-0.00014203283741531791
2019-06-14,-0.008082646337009,-0.0100000323023754,-0.0088873995386951,-0.007386529322173,-0.0005730586674866,0.0017701103441851718
2019-06-17,0.0052652764946967,-0.0026186973906064,0.0035866846125098,0.0021262826849128,0.0105659928843413,-0.0035220163813711736
2019-06-18,0.015712654207074,0.0022503494981125,0.0035741518707537,0.0,-0.0006483695985023,0.0059846803740046806
2019-06-19,0.0104357953256311,0.0041169049879417,0.0089030352959813,0.0137905283991899,0.0168691759726544,0.011892122445433362
2019-06-20,0.0071688215471827,0.0048452250689641,0.0024708555628849,0.007324792677829,0.0155528718576365,0.0059088232551665065
2019-06-21,-0.0078416130830224,-0.0040798636895366,-0.0059858724294409,-0.0117729674706624,-0.0104451857431046,-0.005445202517541992
2019-06-24,0.0055932719860105,0.003351736005535,0.0035423107664149,0.0049053408411545,0.0049204365827975,0.0022033977891968703
2019-06-25,-0.0038695768820254,-0.0033405393993523,-0.001764950556563,-0.0080193737711333,-0.0024481339117069,-0.0011114500445529307
2019-06-26,-0.0023061468230439,-0.0055867516509396,-0.0084864964651764,-0.0105447798677028,-0.0010292851317946,-0.002634907953230181
2019-06-27,0.0098553462114943,0.0018727129323798,0.0035664085428137,0.0081705564471434,-0.0038041225510937,0.005891848184457427
2019-06-28,-0.0026508055029119,-0.0011216855417371,0.0078179508078866,-0.0059901426418285,-0.0024659745897198,-0.007131408864287092
2019-07-01,-0.0055567859572505,0.0029940587666377,0.0003525791389427,0.0024814106372925,0.0148336616560227,0.004425410136802643
2019-07-02,-0.0154275571530321,-0.0115670239081874,-0.0155092348527732,-0.0144978182789693,-0.0010216817126443,0.0007744728754612851
2019-07-03,-0.0012338328152479,0.0049075132103677,-0.0010739265026483,-0.0028706796715446,0.0016519442259554,0.004926721196350847
2019-07-04,0.0076589262496282,0.0101426830141257,0.0125444899398627,0.0133142278586313,0.0122516409733266,0.0048707391594895455
2019-07-05,0.0084592559736076,0.0029750315155392,0.003539991723519,-0.0003551025427795,0.0069826556081675,0.00495126241214261
2019-07-08,-0.0119136138494855,-0.0081570936287159,-0.0116401537764544,-0.0095914711886986,-0.0097849686493423,-0.011706611469974537
2019-07-09,-0.0038140399179946,-0.0026167393264256,-0.0046397157309063,-0.0068147080987764,-0.0060692129073002,-0.0009471482258750497
2019-07-10,0.0033347591220704,0.0067464826263587,-0.0007170415408485,-0.0057784796172265,0.0021136632171721,0.003615344110248886
2019-07-11,0.0,0.0096798237133837,0.0039467494653213,-0.0076283093936395,-0.0077336256238673,0.00393882416521496
2019-07-12,0.0034463157217152,0.0018435158420837,0.0014298511412629,-0.0018300024618775,0.0038575455780152,-0.002917119407318425
2019-07-15,-0.0056427357214646,-0.00515257938299,-0.00749476453975,-0.009901090163234,-0.0047053833178817,-0.00650465554218016
2019-07-16,-0.0025907733056511,-0.00702921332846,-0.0053938560841501,-0.0003701526627122,-0.0032307067328619,-0.0018063117036799525
2019-07-17,0.0058134796035287,0.0037256923095707,0.0007231965634777,0.0074101266091743,0.0135177267570905,0.004861368762395291
2019-07-18,0.0007378541703129,-0.0007422548851869,-0.0036127922715653,-0.0025747026733926,-0.0117773103515376,-0.0036175945373632112
2019-07-19,0.0087242359387484,0.021916711058977,0.0108774824427599,0.0095872366992322,0.0046565318725111,0.007705086419026008
2019-07-22,-0.0029236100145503,0.0018173809328236,-0.0014345974146672,-0.0003652186945201,0.0010210558963139,-0.0013594912088342737
2019-07-23,-0.0036650119511124,0.0108855591736438,0.0028735082326576,0.0021920110549533,0.0114583572020559,0.004990039338912622
2019-07-24,0.0098098952931044,0.0168699214949865,0.0168337997490186,0.0080207754627394,0.0033364424792576,0.007739671500787804
2019-07-25,0.0078932168253265,0.0098834828765623,0.0165551142705662,0.0112113217303895,0.009047976147513,0.00610250327118278
2019-07-26,-0.0049399076413367,-0.0041943106509475,-0.01004857234518,-0.0064376671782722,-0.0137953567450008,-0.003613967360369008
2019-07-29,0.0079913446083346,0.0031590755098269,0.0049003850049451,0.002519819843654,0.0080046066685128,0.004770731714077492
2019-07-30,0.0018017494794257,0.0024491875651366,0.0101010719516287,0.0053860278149822,-0.0053194786936304,0.0028254268554588347
2019-07-31,-0.0131894299724578,-0.0048864996506086,-0.012069032344698,-0.003214483319853,-0.0017828678384745,-0.004751345256260975
2019-08-01,-0.0046170831523568,0.0045597120466802,0.0052356181571591,0.003583132912756,-0.0066773977414732,-0.0034691309261785097
2019-08-02,-0.0004883410880374,-0.0045390154432833,0.0006943849065803,-0.0078544893920962,-0.0150082608784661,-0.002998315285194897
2019-08-05,-0.0081830611092117,-0.011925500569929,-0.0093685232517141,-0.0172722627315317,-0.0134514370284474,-0.018950783241731606
2019-08-06,-0.0173622556664715,-0.0234293053723451,-0.0287216002704834,-0.0216038456037828,-0.0381691242352227,-0.024428256520726443
2019-08-07,-0.013784443045073,0.0065430325004431,0.0108187386997631,0.0078593483476561,0.0093669798809294,0.006385664671870295
2019-08-08,0.0033036407524602,0.0014445872646675,0.0010700950760611,-0.0044560642055315,0.0140027424240756,0.007938762409731792
2019-08-09,0.0058260659364701,-0.0028849115760162,0.0053457052339309,0.0070866863687513,0.0032684968251504,0.00249674868188543
2019-08-12,0.0065474435091399,0.0036167402367464,0.0070898333858939,0.005926051334091,-0.0033392216936039,0.000885820483719657
2019-08-13,-0.0060049228789871,-0.0032432216210964,-0.0024638975258644,-0.0055227580970248,-0.0128298003570695,-0.0032969680145981117
2019-08-14,-0.0067399969817869,-0.0003616578817722,0.0063513722317483,0.0007404433693265,0.0097680039834204,0.007182509141818283
2019-08-15,-0.0298836510900176,-0.030741527333401,-0.0319073157861556,-0.0295965416887971,-0.0326283356550867,-0.028457730465341835
2019-08-16,0.0104924069506904,0.0085821986191325,0.0076058663958757,0.0060995878631033,0.0045763420763709,-0.00027905952547579993
2019-08-19,0.0155748950443355,0.007029311105805,0.0075485496082492,0.012504874950723,0.0310443154839763,0.009947455968488228
2019-08-20,0.0110105778451818,0.0044084938950164,0.0,-0.0014972717585229,0.0094911844500418,0.012053912783470011
2019-08-21,-0.0014260964055176,-0.0069496074913578,-0.0181948471990515,-0.0116188303266994,0.0044578456377195,-0.009009021917329996
2019-08-22,0.0010385205102541,0.0088398186965441,0.008357422981442,0.0079635564414974,0.0046800720615571,0.0031918569765843063
2019-08-23,0.0038911281513871,-0.0018254396112677,0.0021622652038861,0.002257370388156,0.0022487372131068,0.0034428557716117414
2019-08-26,-0.008268707718854,-0.0102415624441434,-0.0068320644611583,-0.0138889759721311,-0.021876791202894,-0.012237454386573088
2019-08-27,0.0050807760354105,0.0088693177667253,0.0,0.0041873669193774,0.0118793526196263,0.0050694237538337905
2019-08-28,-0.0045366751009432,-0.0131869199973126,-0.0028963966796266,-0.0053072010500641,0.0,0.005398600921068031
2019-08-29,0.0079428982425777,0.0055678926789299,0.003631061061365,0.0030488975781324,-0.0079344236133551,0.0011156533810428026
2019-08-30,0.0211859934093856,0.0099669083540232,0.020984307038343,0.0159572645233352,0.010691207364426,0.015576443098534343
2019-09-02,-0.0013917069200893,-0.0010965806235979,0.0003540450138361,-0.0011217757017032,-0.0027455114819276,-0.0031105059720526462
2019-09-03,-0.0020267715231571,0.0,0.0038967022438849,-0.0011234523997628,0.0,-0.00027117458205405676
2019-09-04,-0.0011424756023273,-0.0003657347361354,-0.0031759210838452,-0.0037478010962926,-0.0045344914470409,-0.0027809324772495314
2019-09-05,0.0071162993695685,0.0069545013149794,0.0084956029899045,0.0112865377334234,0.0188709614426432,0.011442420265279862
2019-09-06,0.0036594720595033,0.0087242354765399,0.0049140520047519,0.0070685427322614,0.0145299343860376,0.005184807320569584
2019-09-09,0.0033944931473022,0.0100899593275836,0.0076842408264055,0.0048022141028942,0.0050361646834016,0.0002039469048886744
2019-09-10,0.0010024005438016,0.016054122660795,0.0093588744459649,0.0011031115565316,-0.001565957976824,-0.004441662842274985
2019-09-11,0.0088873653627856,0.0108849779583279,0.0168269444051887,0.0084465065151724,0.0076851451587398,0.0038833268883180505
2019-09-12,0.0093050589480223,0.0062521297596456,0.0016884739478904,0.0047342137117623,0.0,0.002752205260339924
2019-09-13,0.0097111060634713,0.0065584963317488,0.0010114664899079,0.0094237121767539,0.0061477570786732,0.0021696175291010533
2019-09-16,-0.0054782313581144,-0.0010287998706455,-0.0050522222959868,-0.0089767796647611,0.001082912098733,0.0006902200421494697
2019-09-17,0.0067326919791617,0.0058358396329922,0.0030467261152011,0.0054348149513188,-0.0047902660427033,0.0033156480193341498
2019-09-18,-0.0060798863328453,-0.0051194208302831,-0.0030374717706334,-0.0021618940639804,-0.0005432478040596,-0.0020303120491985682
2019-09-19,0.0053830281723181,0.005831835828771,0.0010156655409045,0.0050558177846593,0.0235356264462114,0.0055161937122236715
2019-09-20,0.0,0.0160300608034305,0.0030435447225332,0.0028744057252441,-0.0054640766058726,0.001976363905616285
2019-09-23,-0.001582014226297,-0.0020140856466366,0.004720206887689,0.0007166664804765,0.0024417632181743,0.002837422147694557
2019-09-24,0.0006093666877509,0.0063909280486988,0.0040266795901777,0.0125314357382291,0.005785292633085,-9.311022873703667e-05
2019-09-25,-0.0063337454909235,0.0,-0.0010024990812724,0.0042432470797344,-0.0015136187513122,-0.005726261292732682
2019-09-26,-0.0049033201257512,-0.0016710825776083,-0.0010035942075274,0.0,0.0006062770778885,-0.004755217744167983
2019-09-27,0.0044346785889359,-0.0013391569036215,0.0013393806914203,0.0098589446615182,0.0006059832079388,0.00580290529470906
2019-09-30,-0.0087072252276233,-0.0043582954600225,-0.0086956211883386,-0.0055785302056575,-0.0076463177807144,-0.004134759815089373
2019-10-01,0.0055672588487103,0.0,0.0020243879117971,-0.0010519580602859,0.0069424366653245,0.0081486171685623
2019-10-02,-0.0206693975989503,-0.0228954485764305,-0.016498428074134,-0.0154440211031383,-0.0162133695572213,-0.015261603562240156
2019-10-03,-0.0283917835034668,-0.0351482185505056,-0.0243064889646276,-0.0267379259865768,-0.027570389750712,-0.02210550806635181
2019-10-04,0.0032324483439059,-0.0053571083036358,-0.0028072440110661,-0.0047620616068967,0.0013463379469567,0.003709986586442948
2019-10-07,0.0045108212878108,0.0025135752231537,0.0066855167880202,0.004784847344732,-0.0049826391286268,0.007132256018995253
2019-10-08,0.0084680308618223,0.0060886588470141,0.0024465804943509,0.0043956707344248,0.0061204564864554,0.004563547164136095
2019-10-09,-0.0053433049035542,-0.0010680829491734,-0.0087167803757139,-0.0120349379612699,-0.0092431936441365,-0.007082845453476483
2019-10-10,-0.0010235509038508,-0.0014254449170182,0.0035173910501637,0.0033221546651671,0.0097281472672603,0.0001340266562550596
2019-10-11,0.008578821331918,0.006424130311712,0.0077112679310833,0.0114053949858663,0.0217957602690046,0.009123380130854342
2019-10-14,0.0038085072600273,0.0056737528830808,0.0052173147699925,0.0065477319501916,0.0142978000530016,0.00541950179409767
2019-10-15,0.0030352833131892,0.0031734629793871,0.0013840567027303,0.0057825573320815,0.0070863759142156,0.0014180552928233503
2019-10-16,0.0141220188443418,0.0151142606108427,0.0103664922044222,0.011857636341211,0.0158886270323965,0.012708377955937378
2019-10-17,-0.0039788151446269,-0.0006924857290928,-0.0054720332370223,-0.0074572522576494,-0.0046176644756256,-0.00769804492257653
2019-10-18,-0.0058669573603853,-0.0034651027213666,-0.0082532117042916,-0.0067979388353832,0.001271922057487,-0.005235938400037887
2019-10-21,0.0018833588887263,0.0034771514081737,0.0017337394734113,-0.0018011966660863,-0.0050812977927837,0.00044110568254818183
2019-10-22,-0.0016289709050619,0.0051972877727608,0.0031151823651247,0.0043306322053924,-0.0018778526603654,0.0029574299962671358
2019-10-23,0.0035149459637391,-0.0048257698478575,-0.0024153441587393,0.0021559793490928,-0.0066219664527229,0.00013636858129184581
2019-10-24,0.0043782162075267,0.0048491708302371,-0.0003459635679632,-0.0003586400306156,0.0140897892674474,0.003080339808123833
2019-10-25,0.0051063144802778,0.0058602538316676,0.0051902356767365,0.0053801325616893,0.0082916939592958,0.00682835962333006
2019-10-28,-0.0027261396154416,-0.0010281852457951,-0.0020653194762696,0.0,0.0030373381460091,0.00022051072435091967
2019-10-29,-0.000248269829584,-0.0013721433324934,-0.0089686687839463,-0.0035675941954711,0.0043578688240362,0.0007256360759289038
2019-10-30,-0.0095699471180273,-0.006183401508181,-0.0062651554097309,-0.0103828763524806,-0.0149287024079354,-0.00829240267228426
2019-10-31,-0.0129252459400254,-0.0110613526861329,-0.0119090313015109,-0.03256179118909,-0.0002238348728649,-0.0039028777628077327
2019-11-01,-0.0053395412088501,-0.0069904869590597,-0.0116979229416842,-0.0205683170772157,0.0034349070518773,0.0008584464364989053
2019-11-04,-0.0152095061029258,-0.0253432100400886,0.0,-0.0091638354878353,0.0016370451648772,0.002664823878873346
2019-11-05,0.0084358331524432,0.0061395197365363,-0.0254663970204397,0.0034683143788289,0.0124071996724197,0.001533937800538565
2019-11-06,0.0038613340034003,-0.0021537059005165,0.0029445644277872,-0.0015361571013295,-0.0060175973686519,-0.005421825849915796
2019-11-07,0.0133332812906157,0.0223020760625256,0.0073394075729831,0.0042308510998243,0.0085639955410821,0.009981201793231476
2019-11-08,0.0016446140195516,0.0017593750726525,-0.0010929967089775,0.0053618688376999,0.0082717997988144,-0.00033376112594651897
2019-11-11,0.0111154803955926,0.0140499095400379,0.0131292433479031,0.0051079110368272,0.0073944319331065,0.008933163854315307
2019-11-12,0.0097438568516809,0.0072739393365708,-0.0066716493256391,-0.0093822616378503,0.0035230314414318,-0.0012968198465483916
2019-11-13,-0.0196709691152942,-0.0099723947361868,-0.0134328218462627,-0.0055248212741088,-0.0027062973554145,-0.008087259234044741
2019-11-14,0.0066885188523746,-0.00572253564777,0.0049169533381079,0.0047618695704003,0.0039604494292866,0.0068340121902508155
2019-11-15,0.0115332636742824,-0.0057553792104837,0.0022580046860023,0.0035546894195783,0.0078164608063433,0.008769243530010185
2019-11-18,-0.0043378260991806,-0.0119393698794872,-0.0067593356146811,-0.0043290779008836,-0.0094954957007318,-0.0039033268738468685
2019-11-19,0.0041076555991921,-0.0018307322224002,0.0037807743560276,0.0047430475840968,0.008488884592527,0.007004402829968948
2019-11-20,-0.0132639044068282,-0.0311811298235132,-0.033144953047183,-0.0204565000881273,-0.0201725573495684,-0.013471375735509161
2019-11-21,-0.0033918112637351,-0.0030292439786865,-0.0198675696903771,-0.0036143231864403,-0.0045176450606936,-0.0073650087727481495
2019-11-22,0.0034033548008831,-0.0018990666683433,-0.0155006838400908,0.0020154102843799,0.0034222264827941,0.00552472328916731
2019-11-25,0.0036432576045553,-0.0076103292639428,-0.0133226473935423,-0.0012068573731482,0.0031137791186859,0.0032237928315472786
2019-11-26,0.0106396252666682,0.0026842385183207,0.017184941157742,0.0044302008036669,0.0073910114589923,0.008337204153585853
2019-11-27,0.0117663658686777,0.0011471260012936,-0.0020114487123762,0.0048116200065819,0.0077769964997611,0.009419710105750934
2019-11-28,-0.0011018378270242,0.0,-0.0044335848037134,-0.0075819619162502,0.0050232939840006,0.0020858079215617664
2019-11-29,-0.0095587113161105,-0.0110771266413504,-0.0072873894365583,-0.0012063722413704,0.0,-0.002587521465584941
2019-12-02,0.0075474506749331,0.0003861492669656,0.0032627329244314,0.006038712038427,0.0007966853804022,0.0023765399129196396
2019-12-03,-0.0256662122424853,-0.0181464695895257,-0.0126017366033464,-0.0108042423783568,-0.0245366162517003,-0.02185468713224059
2019-12-04,-0.0192841971889931,-0.0208416645151106,-0.0102922932033546,-0.0214401886354891,-0.0168435936071403,-0.015759479853696745
2019-12-05,0.0104101487274994,0.0204819716756958,0.0120633732508081,0.0210830485064315,0.0080000350768392,0.011611359717049519
2019-12-06,0.004706305747669,0.0,-0.0024662122541668,-0.0044534086906978,0.0115303381518014,0.0036115161257301853
2019-12-09,0.003418065823457,-0.0003936457077516,0.0032962350121232,-0.0004065566256327,0.0046631339040175,0.0034306341056222767
2019-12-10,-0.000378663477765,-0.01456688791726,-0.0057495924981628,-0.0065093085967894,-0.0025784730236022,-0.003435389026316016
2019-12-11,0.0136307893172233,0.0027965334511381,0.0070220065327302,0.0045044706498176,0.0008862649405956,0.006818651412780374
2019-12-12,-0.0073459779391982,-0.0119520559747139,-0.0123050308145695,-0.0126377121336538,-0.0101844979960722,-0.006487296822751176
2019-12-13,0.0042647649245213,0.0141127588306817,0.0166111079479225,0.0202313993886049,0.0163288090370319,0.004597975165670398
2019-12-16,0.0174872323453996,0.0147117911403895,0.0151144012729875,0.0137595077903915,0.0171667006699105,0.01632631058136913
2019-12-17,0.0054012883834804,-0.0019592421313496,-0.0084507558356269,0.001197703632783,-0.003966738416173,-0.00032472790878468327
2019-12-18,0.0,-0.0066745002086031,-0.005681713194324,-0.001993605396348,-0.002462154596992,0.0006041685061741742
2019-12-19,-0.0020757728747969,-0.0110672636895872,-0.0044898934897549,-0.0055936771628538,0.0163328334003705,-0.00267198319766071
2019-12-20,-0.0058731123662324,-0.0051956237595301,-0.0057400573570874,-0.0036157756865761,0.0017140500817165,-0.002457537300045387
2019-12-23,-0.0050461633746989,-0.0016071694296886,-0.0004124092294326,-0.0028224512315274,-0.0089125041796676,-0.004574292309050598
2019-12-24,-0.0016081163650836,0.0004025166119443,-0.0012376314229677,0.0,0.0015825492987024,0.001328809413742027
2019-12-27,0.0044604415905924,0.0028157598716016,0.0049568739147154,0.0020217116816931,0.0072550077805277,0.004046993729833526
2019-12-30,0.0003700881997104,-0.0016044877885856,0.0028768400500536,0.0008070966120785,-0.0082723012755538,-0.0005066979945790306
2019-12-31,-0.0147964771434286,-0.0104462403630418,-0.0069673271298814,-0.0068547887259103,-0.0087724722823444,-0.017749114964456303
2020-01-02,-0.0002504407449822,-0.002436046992697,-0.0016506785761223,-0.003248157193231,-0.0023214636835089,0.0009737037861674569
2020-01-03,0.0053826589748882,0.0061049895231111,0.007027812028459,0.0073321422395136,0.0061077014390886,0.006413243390350543
2020-01-06,-0.0067235307065817,-0.0068769002562368,-0.0008210938282352,-0.0040437507837625,-0.0053480518327401,0.0003289914049795506
2020-01-07,0.0179264945578405,0.0142566834509409,0.0115036972677682,0.0129923000231659,0.0136597892665224,0.013470239699832742
2020-01-08,-0.0036944128921712,-0.0032128421324331,-0.0032494807040674,-0.0036070797160939,-0.0072393809214852,-0.0012910196419610998
2020-01-09,0.0072928856883416,0.0004027963060628,-0.0028523277864141,0.0012064230955761,0.0045485905365636,0.008302871292367842
2020-01-10,0.0123941329704955,0.0040275817298174,0.0073558849246595,0.0092409180799737,0.0087688950521389,0.007971166897497994
2020-01-13,-0.0002422504843819,0.0,-0.0024340919800061,-0.0043789484270436,-0.0060563005435329,-0.0036595240501553494
2020-01-14,0.0083654417808427,0.0052145853129035,-0.000813519081772,0.0075969046458155,0.0116846068269895,0.008471221555333752
2020-01-15,0.005891753045391,0.0043893498221161,0.0048842463104668,0.0019840052164215,0.0026923188270733,0.004695134944875834
2020-01-16,0.0095622334041438,0.0075488514479529,0.0085053099382219,0.0067328381146172,0.0138506640273423,0.006710700306344908
2020-01-17,-0.0048542041086664,0.0039430032693388,0.0032130445849283,0.0,0.004670095160383,0.0031737895791792425
2020-01-20,-0.0014276329826452,0.0058916788416534,0.0036029040705432,0.0027537167478217,0.0058276131788446,0.0021779096873422166
2020-01-21,-0.0053618041835693,0.0035142420310922,0.0019942900587421,0.0007847214905791,-0.006690601980096,-0.0018601349989099125
2020-01-22,0.0116195159115417,0.0003890040587255,0.0007962518903517,0.0082321098201494,0.0128463041785953,0.009393998505776269
2020-01-23,0.0008290547101681,-0.0007778054206578,-0.0023865464348589,0.0011661887737777,-0.0058959481410951,-0.006275827785914734
2020-01-24,0.0049692781114372,0.0042817094026659,0.0051832721783133,0.0058253047944829,0.0059309165173104,0.0003639555880461387
2020-01-28,-0.0108312728462586,-0.0073642210856105,-0.008329976154625,-0.0169884997125371,-0.0195392205885251,-0.013551502319047448
2020-01-29,0.0070220721582641,0.0074188551753238,0.0076000806282381,0.0129617314705534,0.0111182524544564,0.005299629015415919
2020-01-30,0.0098095909551931,0.0031009655274507,0.0047637209993964,0.0015507677598123,0.007745475653073,-0.0032843096861286947
2020-01-31,-0.0021062664530514,-0.0007728944057441,-0.0075069938571801,-0.003097151174728,-0.0065195040363984,0.001254598769308446
2020-02-03,-0.0083275451164152,-0.0139210736187337,-0.0123408744868309,-0.0178640514147925,-0.0201697348915304,-0.013391213613576536
2020-02-04,-0.0028387288618426,0.0039214565243146,-0.0004028920223313,0.0150256979338558,0.0083889858589867,0.003682032523532275
2020-02-05,-0.012216973087923,0.0003907241661844,-0.0028225282797846,0.0058433539537399,0.0113955663756286,0.0039299648868433845
2020-02-06,0.0114074395709247,0.0132761256744424,0.0173877186566657,0.0112317302887821,0.014170170417683,0.010485304583556232
2020-02-07,0.0067672898776314,-0.0011561648442406,-0.0059617777498113,-0.0030639373641887,0.0016355957354161,-0.0037763201741516372
2020-02-10,-0.0056604888014369,-0.0054010210070625,-0.0015995078182876,-0.0030733539281229,-0.0042186972334761,-0.0014310132577624035
2020-02-11,0.0047440434191028,0.0046544580855343,0.005206417812569,0.0069362602315015,-0.0055353240793529,0.006099863456315857
2020-02-12,0.0408402302454835,0.0088805815432635,0.0059759254191975,0.0080367837329862,0.0187591419960795,0.0046787831868244645
2020-02-13,0.0062370590297025,0.0137771273262745,0.0063367069818829,0.0034168312832343,0.0070821838197001,0.0024474666123797117
2020-02-14,0.0254706493327099,0.0324649867923503,0.0114128653730034,0.0068104947241158,-0.0048890947061172,0.003809027427464473
2020-02-17,-0.0168151252585977,-0.0025593139375669,-0.0031128258187482,-0.0011272859389084,0.0009422017946385,-0.0007004471478671004
2020-02-18,0.0089427223354974,0.0,0.0050740232666763,0.0026334377339318,0.0028241367763379,-0.0013251160690095354
2020-02-19,-0.004871855776095,0.0010995153608015,-0.0050484075294124,0.0041275492211887,0.0109962067094009,0.006356735160705007
2020-02-20,0.00022742759274,0.0032955811580914,0.0027322906470641,0.0100897126707308,0.0065660726217029,0.00262462154665144
2020-02-21,0.0108142374031574,0.0003650561541987,0.0046708042161194,0.0077691878399819,-0.0028333349439788,-0.0032782905102353155
2020-02-24,-0.0091217748890829,-0.0109447852025388,-0.0120107569009934,-0.0150514813234983,-0.0373331541066047,-0.021313631545200495
2020-02-25,-0.0135242536148715,-0.0114351442631419,-0.0164703858192062,-0.0089452454925201,-0.0064520768282131,-0.01565373288109595
2020-02-26,-0.0167052921205069,-0.0208955601256508,-0.0167466148133157,-0.0195561827252181,-0.0239032075831464,-0.02232452768194082
2020-02-27,-0.0107790450476522,-0.013338280284359,-0.0133817632511336,-0.0207132079636349,-0.0132352318652894,-0.007125017378424969
2020-02-28,-0.0313871353772178,-0.030513822408812,-0.0283602181834962,-0.0274189372442167,-0.0329220684827227,-0.03236453710478571
2020-03-02,-0.0160183288052668,-0.0250995322930688,-0.0190356496446854,-0.0197341553416062,-0.0061558409322451,-0.006589364409199772
2020-03-03,-0.0169009176408601,-0.0138947352079852,-0.010780501816904,-0.0139687827849896,0.014626846852904,0.007280550821413323
2020-03-04,-0.0252810582891672,-0.0368834493679604,-0.0309503479110452,-0.0329166472673504,-0.0222125709514338,-0.016628218779886517
2020-03-05,-0.0046687276943322,0.0021515674988175,0.0008997683433986,0.0012924204089859,0.0345269610399732,0.01425158549974248
2020-03-06,-0.0367426084227707,-0.055388640493905,-0.0404493402262861,-0.0473321299165215,-0.0407183096767643,-0.02794896366790267
2020-03-09,-0.0646558258225294,-0.0845455094861596,-0.085714202629106,-0.0844626807456188,-0.0790571151735727,-0.07317140490495089
2020-03-10,0.0610269697233354,0.0476665236529281,0.0522540809803047,0.0424273933371495,0.0415637911694688,0.031234317894961006
2020-03-11,-0.0663760007633466,-0.0625591807102755,-0.0525803959341976,-0.0553714862163015,-0.0446465280002601,-0.03540279208885633
2020-03-12,-0.0786861355313088,-0.0834176689728717,-0.0883864848070297,-0.0851703215090745,-0.0754341564646702,-0.0735401373838468
2020-03-13,0.0514973754748608,0.0154439706215154,0.0214203829722732,0.0295726921473737,0.0420467586280111,0.04434834518111308
2020-03-16,-0.100060223541276,-0.1243888423883452,-0.118101406743965,-0.1249998833528427,-0.1200205883206659,-0.09697147948974272
2020-03-17,0.1326188496933467,0.0676176668239558,0.0794743170456011,0.1185413887644653,0.0194146169681264,0.05825534865961135
2020-03-18,-0.0545535304769709,-0.0697267851492785,-0.0782608258798356,-0.0967394122485562,-0.1286247521032599,-0.06423284297937992
2020-03-19,-0.0469117270420051,-0.08994376605808,-0.0861635053846803,-0.0974728535421712,-0.1290498310638536,-0.034264634860991294
2020-03-20,-0.0170631613726913,0.0748110385496243,0.0853407188229482,0.0679998520928724,0.0726355686720856,0.007043433234416252
2020-03-23,-0.0943081592014681,-0.1136652460334336,-0.1058972023104204,-0.1198501512984644,-0.1533036896240261,-0.056179322365240036
2020-03-24,0.0504978574757204,0.0374638695621498,0.0290777594768976,0.0531914801979331,0.1094144695621448,0.041897179150783614
2020-03-25,0.0947366993407974,0.0965277784585747,0.0923502608954549,0.1158249720031867,0.057822082416004,0.05546967029232297
2020-03-26,-0.0096155081791994,0.0221659478256854,0.0107255627080886,0.0078454457769587,0.0074538435032038,0.023062514484156083
2020-03-27,-0.066990212584477,-0.0631970091735081,-0.070536798573108,-0.0736526378506111,-0.0603641957709696,-0.05299125313718278
2020-03-30,0.1090877991230905,0.078703737890905,0.085292192782312,0.0846800086013213,0.0704914225639354,0.07004653722262666
2020-03-31,-0.0333071812860965,0.022685562148019,0.0210395429398355,0.0107269766493229,0.0011675577727046,-0.020164990120114967
2020-04-01,0.029925570936742,0.0161870799734158,0.0121212330253861,0.0053065649266057,0.0418657761518659,0.0358115150917917
2020-04-02,-0.0381656592099053,-0.0560473349986019,-0.0431138768991289,-0.0527856976753942,-0.0143273733219978,-0.019775581684703947
2020-04-03,-0.0184519505512127,-0.0237499333252321,-0.0294117289963774,-0.0222911047158743,-0.0426979758983605,-0.016922376847730347
2020-04-06,0.0392614223310883,0.0544174214097792,0.0541585200844785,0.0474984908734916,0.0913401894370631,0.04328108916467599
2020-04-07,-0.0096046562179188,-0.0206436128180854,-0.0152904296392306,-0.0133012332011992,0.0048913701737187,-0.006530046591479155
2020-04-08,-0.0332957006809501,-0.0483569600650259,-0.0527950038606546,-0.0490195778473687,0.0047593931052669,-0.00863313696321355
2020-04-09,0.0326032233764921,0.0475568601182068,0.0465572629228381,0.0657217724071457,0.0711593590695272,0.0346724309082076
2020-04-14,0.0160297902913324,0.0286070426028917,0.0194236515177892,0.0145101691939251,0.0232160086375887,0.01869481209365209
2020-04-15,-0.0108365590007311,0.0060458537961576,0.0012292902591763,0.0041716020302922,-0.008348810550813,-0.003906527605552768
2020-04-16,-0.0130498496179121,-0.021634476522115,-0.0227134316521504,-0.016023620804902,-0.0194136062119917,-0.00921693554396208
2020-04-17,-0.0032646846339412,0.0067567365164433,-0.0031405874145599,-0.0012062635847092,0.0142425184906271,0.013156360595693029
2020-04-20,-0.0193252868186865,-0.0237951610531443,-0.0220542689741238,-0.0247584314694454,-0.0023902319188914,-0.024499066899905775
2020-04-21,-0.0208750178819898,-0.0224999368344304,-0.0225515453177758,-0.0216719143261104,-0.0176700061134981,-0.0246050104079919
2020-04-22,0.0105747407337217,0.0166239931768368,0.0112062546505857,0.0139239471648473,-0.0050812718946497,1.1344212374808649e-05
2020-04-23,-0.0070886500234532,-0.0113208034503925,-0.0039111984426033,-0.0006242151505356,-0.0096015677236031,-0.0007921660899509186
2020-04-24,0.0008499038603901,0.0025446854770383,0.0032722146347972,0.0006246050384637,-0.02011155459884,0.004889683022084368
2020-04-27,0.0,0.0,-0.0437052219267837,-0.0230959605698199,0.0419956423049272,0.01503376748883034
2020-04-28,-0.0045857303312968,-0.0279186998808165,0.0177354726658087,0.0031947779793575,-0.0127273467148815,-0.0015676882582974505
2020-04-29,0.0419724311218396,0.0633159034897106,0.0516085714186638,0.0611464745870347,0.0241458224564197,0.015119058685355125
2020-04-30,0.0265270755295621,0.0411294041867751,0.0376034107397544,0.0144057371189707,0.025574385653774,0.02390464431351713
2020-05-01,-0.06141341425127,-0.0312126048124631,-0.0577395697449012,-0.0680470769285807,-0.0559129119200055,-0.049482079667738876
2020-05-04,0.017675127321109,0.0198264643471768,0.0280314359644755,0.0253967174082343,0.0031986558786345,0.01409793280662397
2020-05-05,0.0161990780270597,0.0321993722571865,0.027267017977584,0.0185757116929217,0.0309575470224203,0.01639542668663152
2020-05-06,-0.0082169798434598,-0.0235430846960711,-0.014814983370839,-0.0151977022922932,-0.0078810009521086,-0.004154003306158116
2020-05-07,-0.0180613007249059,-0.0223026358033534,-0.022556367822307,-0.0216048649953137,0.0010053522702448,-0.0037891055941736695
2020-05-08,0.0057374590467988,-0.0086314207529653,-0.0057691832535902,-0.0075709224809739,0.0566551374876838,0.0050100698822495016
2020-05-11,0.0090603419904473,-0.0062188783643745,0.0077369910080078,0.0050858715362092,0.0603667625398116,0.013010975957490789
2020-05-12,-0.0071498176217654,-0.0287857931025016,-0.0255918548831631,-0.0196077828842068,-0.040613183131649,-0.010651888293078171
2020-05-13,0.0190921851559819,0.0077320370602322,0.0052527658976,0.003870851691851,-0.0057938399054673,0.0034962117770913625
2020-05-14,-0.0320459136403948,-0.0255755702301474,-0.0235141023194247,-0.0263495068752983,-0.0303600458337809,-0.017177617549720026
2020-05-15,0.0118844298080782,0.0144355804673386,0.0207358850873209,0.0191417709625507,0.0186117466455262,0.014293343632748368
2020-05-18,-0.0117448489748304,-0.0187581900273904,-0.022935862633003,-0.0200776602019172,-0.0104567557156776,0.010700068844646804
2020-05-19,0.0127332419520591,0.0210944565649253,0.021462180326488,0.0204890320247768,0.035322798074864,0.018126538690309335
2020-05-20,0.0070411962829155,0.0071013807227495,0.0059093404029251,0.0045337328744972,-0.0108685536055646,0.0024912637936438387
2020-05-21,-0.016980279640211,-0.0051281495960545,-0.0097910983567665,-0.0077369736957165,-0.0066883260626035,-0.00403328217279153
2020-05-22,-0.0059271620407272,-0.0115979337479549,-0.010547168525935,-0.0103963723841145,-0.0128895509997167,-0.00962156742452236
2020-05-25,0.0049404085104991,0.0267272803776137,0.0213191941857842,0.0236376494360512,0.0345935256178995,0.0215770586528794
2020-05-26,0.0393287227267458,0.0565078741005169,0.0632744749394662,0.0596536128465075,0.0239241191026085,0.029286652078774456
2020-05-27,0.0487685242567605,0.0781251183765567,0.0803683067641276,0.0859565126928585,0.0206051975436507,-0.0007584032210720126
2020-05-28,0.022239522192252,0.0473802632058828,0.0442926945067703,0.0445930535203302,0.0158630656309357,0.01322413451828175
2020-05-29,-0.030123223999346,-0.0521555420282742,-0.063621443831943,-0.0453578324299582,-0.0243100743930185,-0.016307269243212352
2020-06-01,0.0023528584126513,0.0078607746826611,0.0081302321375067,0.0089439323928448,0.0047283195338891,0.011025805305010516
2020-06-02,0.0020345126994545,-0.0038996973074698,-0.0092166956139744,-0.0016620373108312,0.0255227163841866,0.0027396840370788045
2020-06-03,0.032484759949996,0.0458614758568611,0.0436049211407802,0.049944203219655,0.0246227470193085,0.018252453410850134
2020-06-04,0.0234459161866202,0.0117644092558524,0.0128133263955649,0.015327798027678,0.0121447635105442,0.008452965093437292
2020-06-05,0.0158142996787007,0.0295983282489258,0.0335533187055865,0.0291515495744032,0.0041696993720359,0.0011689116879320949
2020-06-09,0.0504871677287219,0.050821220323052,0.058009561172893,0.0622154246519668,0.0542373978513168,0.024377396801200657
2020-06-10,-0.0083102244371117,-0.015143969947072,-0.0090543154828711,-0.011428551231708,-0.0032153273821058,0.0005658825961705194
2020-06-11,-0.0441339047863921,-0.0540674327111769,-0.0609137439115309,-0.0621387878809154,-0.044758103144011,-0.030542154096184215
2020-06-12,-0.0163647027788536,-0.0251702225469993,-0.0329730096316265,-0.0282486572748918,-0.0240609136734913,-0.018928635389485304
2020-06-15,-0.0151515237971062,-0.0263583606177396,-0.0285075030342475,-0.0269553350962657,-0.0204151156102665,-0.021885744316527345
2020-06-16,0.0420812848963352,0.041436244556601,0.0408513790602884,0.0445408206312414,0.0626986347740583,0.038895026815597644
2020-06-17,0.0072369848979689,0.0058354989206115,0.0033167702174228,-0.0036402591382806,0.0054844732087524,0.008325153925755835
2020-06-18,-0.0083343809757882,-0.009493471414065,-0.0033058056197984,-0.0041751237510003,-0.0100825807693396,-0.009230146739755307
2020-06-19,-0.0047820533007461,-0.0058572490631455,0.0044223841234329,-0.0172955385430839,0.0146101211604567,0.0010294030627306938
2020-06-22,0.0110659460611335,0.0053562976082519,0.0049533213371026,0.0117332446610387,-0.0075702036390401,0.00033063227641783044
2020-06-23,-0.0059045248108768,-0.0058605701728021,-0.0065719938948791,0.0005270730514428,0.0079595852130658,0.0016590447870139524
2020-06-24,0.0030422436143211,-0.0058949162520588,-0.0044099097653755,-0.0079030685102775,0.0001644703028309,0.0019043517187844472
2020-06-25,-0.0229635738442692,-0.0345013844184253,-0.0354374077855842,-0.0308017561360591,-0.0361873707732751,-0.024819960554470666
2020-06-26,0.023946623262081,0.0273591288460772,0.0327209117441538,0.030136685046725,0.017066458134223,0.01485186538008798
2020-06-29,-0.0099608947988708,-0.015760887364035,-0.0111171641280782,-0.0127659366755962,-0.0231564010506959,-0.013792602758983086
2020-06-30,0.0122484021722784,0.0060738744182227,0.0089939194961974,0.0043105316198721,0.0186379757720789,0.014247763447021278
2020-07-01,0.0066262704346145,0.0186608549785181,0.0183842940103524,0.0128755128655579,0.0180436793885585,0.006191436161081532
2020-07-02,0.0174586396594631,0.018318870804747,0.0180523423821701,0.0201270405021121,0.0101046038226062,0.016567056652736056
2020-07-03,0.0066104409214002,-0.0084654516988667,-0.0037611407679302,-0.003634448857587,0.0004918330613592,0.004046017574323768
2020-07-06,-0.0020959776765395,-0.0021343814010672,-0.0048546070140331,-0.0036477765834417,0.0147517276081055,-0.007129873625814631
2020-07-07,-0.0025203081220722,-0.0192513969591334,-0.0157181373088556,-0.0162132701073911,-0.0082376041872125,-0.00023953536486531757
2020-07-08,-0.0095451160678996,-0.0196293569162951,-0.0176212062451501,-0.0212651974980617,-0.0095279599541047,-0.015403924665386426
2020-07-09,-0.0019841615496889,0.0044494107487846,0.003923912024502,0.0043453583086183,0.0003289323052853,0.005937831475573363
2020-07-10,0.0029819889449644,-0.0110741482655383,-0.01395874290645,-0.0102760402160627,-0.0153694128457914,-0.006084858974094831
2020-07-13,0.0210961689384945,0.0173571948234336,0.0175537305550077,0.0185794694226526,0.0196159417911776,0.00984921447059528
2020-07-14,-0.0054078090856438,-0.0038524801095231,-0.0077908346001474,-0.0118027042913718,-0.0053213607123736,-0.006095397857532769
2020-07-15,0.0139412581031195,0.0044198419407464,0.0084129852118419,0.0130294402944615,0.0190123521658913,0.01883221999552953
2020-07-16,-0.0012375552088597,-0.0060506269162612,-0.0094551751608336,-0.0091104010273111,0.0075115444888009,-0.006948777262970163
2020-07-17,-0.0005506326193706,0.001660279749952,0.0044920562365089,-0.0010818036854017,0.0035273700805176,0.0037869886907488937
2020-07-20,-0.0084022697768821,-0.0160221882222473,-0.0117384006140867,-0.0119109742028017,-0.0063908096413934,-0.005313628033082329
2020-07-21,0.0338935310048553,0.0252668414936894,0.0248866881450859,0.0257534522505957,0.027817995694245,0.025781844787042596
2020-07-22,-0.0040306205360883,-0.0082146744317783,-0.0060704165752973,-0.0058762401665271,-0.0081351187866757,-0.013195137230283649
2020-07-23,-0.0052610507035041,0.0066261017746733,0.004441812068,-0.0005374865700872,-0.0014984652137259,0.0031987772232699996
2020-07-24,-0.0119337983461632,-0.0137137017451569,-0.0182420216939994,-0.016666545742126,-0.0064766994524884,-0.011567616936388192
2020-07-27,-0.0050782694197327,-0.0016685202664529,-0.0022522417543555,-0.003280309363469,0.006439369782365,0.0033490146766086415
2020-07-28,-0.0038625370798459,-0.002785467977372,-0.0146728001694035,-0.0087768974452587,-0.0160346861061631,-0.003908378230558784
2020-07-29,0.0110788967597235,0.0156424309523002,0.0137459381646878,0.021029473630596,0.0032914195403059,-0.002352718451131164
2020-07-30,0.0028764012311386,-0.003300260003044,-0.0016949984865956,-0.0048780851743762,0.0081612213460533,0.007461136038732219
2020-07-31,-0.0275883153657453,-0.0253862832099757,-0.0328240240980592,-0.0217865495438323,-0.019920586294743,-0.020376420868463807
2020-08-03,-0.0178369435931923,-0.040770160698804,-0.035108162044471,-0.0412025915246836,-0.0121468212644112,-0.00028473336950907147
2020-08-04,0.0224510061613598,0.0118062484818464,0.0181927966759778,0.016840677623934,0.02664154596519,0.018808644249401096
2020-08-05,0.0027971939682633,-0.0134187789206856,-0.009529590942952,-0.0028554131578368,-0.0063877477940209,-0.00600541920888098
2020-08-06,0.0001394293935779,0.0076878065130865,0.0078172201443433,0.0103093564393017,0.0038573031043775,0.007302081321868492
2020-08-07,-0.0026496596341419,-0.0046949329348138,0.0,0.0022676331986823,-0.0019213156786105,-0.006170059821178353
2020-08-10,0.0343963665171738,0.0294810023459031,0.0334130418089411,0.0277147990237982,0.0139557526017348,0.017545967050895284
2020-08-11,0.0097319896175323,0.0240551254868732,0.0265587271777216,0.0176114651810335,-0.001661130060101,0.004656307752236355
2020-08-12,-0.0048190954221518,0.022371336418949,0.0230597838272119,0.0194697658422713,0.0057047370618779,-0.0010754378113693175
2020-08-13,-0.025692964868198,-0.0147701000558057,-0.013193999578048,-0.0164453612416023,-0.0092175767894175,-0.006581055561489801
2020-08-14,-0.0092501370794579,0.0116600449792692,0.0050139573232117,0.0075510383678611,0.0033396210039657,0.005787884350879624
2020-08-17,-0.0139354296498745,-0.0257957778725852,-0.0249446431814518,-0.0224838482295273,0.0040418038335636,-0.008033515361701604
2020-08-18,-0.0039569035382363,-0.0078872037042887,-0.0233089355699329,-0.0104052543981267,0.007340861129589,0.007800676483130875
2020-08-19,0.0221582165457208,0.0158999556441461,0.0128057177842348,0.0337575090726496,0.0036044411033178,0.00827319504679136
2020-08-20,-0.0109798043184051,-0.0106204321233508,-0.0080460508348002,-0.0117772159924218,0.0110867086664816,-0.00768575840690966
2020-08-21,-0.0089668785447801,-0.0028250953652195,-0.0017381335515155,-0.0043335162663304,-0.0159843345830055,-0.0013162051252099127
2020-08-24,-0.0097656936650867,-0.0062319610010137,-0.0069644895411419,0.0044122906531669,0.0023541185836088,0.0038842041671180993
2020-08-25,0.0217548323546707,0.0421890738068375,0.0432497739115684,0.032399870261043,0.0096298261441196,0.005887599328010307
2020-08-26,-0.0113555169967135,-0.0153172608471489,-0.0128853263058782,-0.013829568788501,0.0029465882429284,-0.006483593970145973
2020-08-27,-0.008327254656561,-0.0111112021589832,-0.0124858625716066,-0.0113272234402199,-0.0033245508045947,0.0018874347916211232
2020-08-28,0.0002893593695982,0.007303417140271,0.0091955822431593,0.0038192660917566,-0.0051974876098926,-0.008523456413828012
2020-08-31,-0.0117238540647103,0.0,-0.0011389834563446,-0.0065218960892353,-0.0042108242863545,-0.0010966721815538483
2020-09-01,-0.0218217088560018,-0.0295594162448755,-0.0279362875514039,-0.0278993458155241,-0.0161316451554117,-0.0171698412828587
2020-09-02,0.0122772318780546,0.0126437246300643,0.0158358736331483,0.0157570007163703,0.016396141898435,0.018691076934093775
2020-09-03,0.0084306040570771,0.0153235646508986,0.0161662791681531,0.01772849242805,0.0195770328791822,0.00961035112109565
2020-09-04,-0.0212670238521263,-0.03018459372834,-0.0306818553449991,-0.0304844733063305,-0.0307220982903537,-0.030598901192108396
2020-09-07,0.0095907273268605,0.014985831165623,0.0187573140150458,0.0179674692777069,0.004437625354553,0.0036797007789424185
2020-09-08,0.0166245442201349,0.0164677907491843,0.0161103956723596,0.0126860515035482,0.0108866855856701,0.010793048785368908
2020-09-09,-0.024820980442312,-0.0256983649414602,-0.0334087696949291,-0.0299563609487298,-0.0167004772441542,-0.021373904284050282
2020-09-10,-0.001048074535227,-0.0068805880471811,-0.0041006096244188,-0.005614796778095,0.0110316954247338,0.0055742880789626525
2020-09-11,-0.0137888620768183,-0.0098154817820412,-0.0111766634414219,-0.010163956876976,-0.0101263233263441,-0.008282616747218752
2020-09-14,0.0056228840876337,0.0145773070518546,0.0095180994702182,0.0085568731164971,-0.0467883792539276,0.006902653724786489
2020-09-15,-0.0172283596839853,-0.0137931014496028,-0.014731944958503,-0.0186650269082164,-0.0125623111973637,-0.0007650108577509362
2020-09-16,0.0103027793913539,-0.0005827994739303,0.0023924109376949,-0.0028820608438306,0.0078355736986055,0.010409332945748861
2020-09-17,-0.010654197444186,0.0087463548278945,0.0029833376229535,0.0011561872290788,8.35757198762721e-05,-0.012186541619435887
2020-09-18,-0.0096922862647422,-0.0005778645943018,-0.0101131153408988,-0.01443403605404,0.0244921340927657,-0.003153779944610302
2020-09-21,-0.0135157858499996,-0.0144591968156343,-0.0144229330457487,-0.0128882486350913,-0.0115861215226019,-0.007130468505434195
2020-09-22,-0.0067715177049093,-0.0234743687438502,-0.0213416187473923,-0.0231454665133422,-0.009410711981337,-0.0065841834553292955
2020-09-23,0.0190264224753764,0.0288463024542622,0.0211838246238751,0.0236938722398409,0.0185835962676639,0.02418034400856839
2020-09-24,-0.0010890954967232,0.0040887594974963,-0.0012199744356996,0.0011869064875056,-0.0040907038821289,-0.008099665368649256
2020-09-25,0.0300620273111336,0.0686445212429387,0.0739154770838894,0.0628333625289392,-0.0004929930545729,0.015232397719813662
2020-09-28,-0.0096778191602131,-0.0081654857130935,-0.0113765111262462,-0.012827560114618,8.20906322125392e-05,-0.0021031111556499837
2020-09-29,-0.0071766169909599,-0.0076837471494974,-0.0126583540820494,-0.0067795993218144,0.0060815164610903,7.562050785780983e-06
2020-09-30,-0.0216855521748179,-0.0182522766013956,-0.0186480082816721,-0.020477855239575,-0.0232804088775692,-0.022868376090609654
2020-10-01,0.006759881583346,0.004507135884181,0.0047505719312246,0.0098720871077606,0.0070252536327386,0.009799549808561014
2020-10-02,-0.0049968676694019,-0.0190691671106325,-0.0206855034291224,-0.0178263174312174,-0.010879385933202,-0.013850756883686977
2020-10-05,0.0356246224221603,0.0400229845737096,0.0434520532418851,0.0421544995766469,0.0298066961024678,0.025913945135625394
2020-10-06,0.0024245693521116,0.0027487161546,0.0069403206040008,0.0050560972603788,0.0061149300962768,0.003448385571958479
2020-10-07,0.0214663561214796,0.0197368380129108,0.0258474485608204,0.0234771159543385,0.0285251621033173,0.012463988551828065
2020-10-08,0.00799181590065,0.0086021939735843,0.014557347187831,0.0125614844394033,0.0197761891110483,0.010894908327769848
2020-10-09,-0.0058729282685907,-0.0037315215628779,0.0049669186174003,0.0037755018152694,0.0026269963197607,9.367367807988636e-05
2020-10-12,0.0132920126037689,0.0160513632832872,0.0186711528858904,0.0198817347505975,-0.0012329817607712,0.004882965333512734
2020-10-13,0.0112227225971679,0.0189574774843195,0.022102445798166,0.027397316958406,0.0104929579906123,0.010401475738085475
2020-10-14,-0.0102334253403686,-0.0129200026998382,-0.0137131871039078,-0.0102564991755673,0.0016032781434565,-0.002656951773615912
2020-10-15,0.0088831790792969,0.0068063921290275,0.0042781938208831,0.0031089182881782,0.0105964378169292,0.005038336307528368
2020-10-16,-0.0005774429685366,-0.0005199988461952,-0.0063898155255519,-0.0025827013466394,0.0133513276339614,-0.005395556246079569
2020-10-19,0.0111208148038277,0.0093651768981501,0.0064309078403133,0.0103572801144344,0.0126542825561948,0.008514214303658507
2020-10-20,-0.0124267529613641,-0.0108246756441028,-0.0143768094381602,-0.0097384283924619,-0.009114802752063,-0.007192506581102265
2020-10-21,0.0076656357019544,0.0161543529557679,0.0097242515048097,0.0144926437814802,0.0098665406339009,0.0011683592934772502
2020-10-22,-0.0048802116280719,-0.0046155124222145,-0.0048153005587009,-0.005102017253487,-0.0003674040855636,-0.002915163706488144
2020-10-23,0.0082215863783223,0.0061825089100482,0.0096773388229214,0.0143590032752038,0.0007347342973502,-0.0010862865183838277
2020-10-26,-0.0027183390887202,-0.0102406736134581,-0.0042599688484784,-0.0050556554151195,0.0019828966485837,-0.0018516580636883662
2020-10-27,-0.0137713132925719,-0.0124159300028925,-0.007486562513596,-0.0091463262030948,-0.0093808251986929,-0.016993833902860356
2020-10-28,-0.0043636239918257,-0.0110006525200806,-0.0134698875886751,-0.0174360349455227,-0.026781068217801,0.0011104022452586015
2020-10-29,-0.0045288425867673,-0.0148304835763936,-0.0196610860580999,-0.0240082982247469,-0.0282022116521427,-0.016078442210353372
2020-10-30,0.012914476579847,0.0,-0.0022285455740704,0.0058823830901719,-0.0085262014001502,-0.00549634085679318
2020-11-02,-0.0021731056277378,0.0118279319917122,-0.006142098201641,0.0239233352674457,0.0048915407156844,0.0040011266929815825
2020-11-03,0.0137941446764719,0.004250751608283,-0.0056176256310451,0.0109036405967644,0.0271649672776452,0.019334557875497538
2020-11-04,-0.0201949098030997,-0.0105817645972762,-0.0197740810725927,-0.0087315184227451,0.0155925926455919,-0.0006657433008376845
2020-11-05,0.0184185290633551,0.0326200836769874,0.0201729832794363,0.0088084293862062,-0.0031609149244895,0.012781819142826834
2020-11-06,0.0017223596714881,0.013464676433986,0.0039546554472551,0.0066768665423884,0.0226500820774475,0.00827025034897333
2020-11-09,0.0074506805168357,0.0097085846364959,-0.0005627253931379,-0.0015583422417037,0.0073088136519279,0.018124842156411303
2020-11-10,0.0297256203298235,0.0759109836724374,0.0518017060084929,0.050468079288295,0.0200821436522538,0.006625907013667831
2020-11-11,0.0276242747053401,0.0263406194823763,0.0195970915745218,0.0316990231411475,0.0205488877213118,0.01786063123793169
2020-11-12,-0.0178760670412336,-0.0102230390916387,-0.01868637166442,-0.0110419617266472,-0.0071808711325513,-0.004325690063665788
2020-11-13,0.0009576736623477,-0.0046948844613625,-0.0021762080788765,-0.0009708331807514,0.0010635273382351,-0.002025680267276009
2020-11-16,0.0184577982201943,0.0183962425155337,0.0141766190131691,0.0267249686048245,0.0043627786911797,0.012657199821244802
2020-11-17,0.0120820610924783,0.0115793828567638,0.0225805286843947,0.0279226086296353,-0.0053406730671469,0.0021411339422088282
2020-11-18,0.0286510121742278,0.0206045545052273,0.0226078201004529,0.0133515790206137,-0.0035796766283775,0.005060955795835209
2020-11-19,0.0170213768838438,0.0183938095218438,0.0231362506533205,0.0199909070680734,-0.0084063001787575,0.0024693283319670023
2020-11-20,0.0143275599491101,0.0013215448842169,0.0005025282694526,-0.0048998340399457,-0.0097094807386387,-0.0012056954258886643
2020-11-23,-0.0050000639212717,0.0004400065027316,0.0010044239502149,-0.0026858286285197,0.0221700676612603,0.003516244138677349
2020-11-24,0.0195980038193348,0.02594546668947,0.0260914351907253,0.0309695644239351,-0.0006442775142435,0.012570108238264543
2020-11-25,0.0149088967521415,0.0308615526096502,0.0215156934428244,0.0300393754119392,0.0102428336523039,0.005918448254398356
2020-11-26,-0.0155398365240652,-0.0237006114909342,-0.0134034154849949,-0.017328842303678,-0.0196396099463252,-0.007003619587130139
2020-11-27,-0.0046863287170735,-0.0068142748695668,-0.0087334657156126,-0.0068821059509623,-0.0056412166875735,-0.005322814094070205
2020-11-30,-0.020319460688332,-0.0184392454671503,-0.0146843713744974,-0.0194886825423662,0.0085825229310534,-0.012574155985270785
2020-12-01,0.0149235587837814,0.0065528770574019,0.0074515446761576,0.0106007242623258,0.0109612602785007,0.010886969997489837
2020-12-02,-0.0018693009244077,-0.0017358058772619,0.0009861613767194,0.0065558119418516,-0.0131963749500277,0.00025309572047449436
2020-12-03,-0.0067415424811874,-0.0013043073062183,-0.0049261997394507,-0.0008683394008094,0.0018791860309725,0.0038642856344770493
2020-12-04,0.0077929618385066,0.0069655710711691,0.0034653922341916,0.0126032276481005,0.023232580531358,0.0028437587293796973
2020-12-07,0.0069840209502911,0.0051879062525903,0.0,0.0017168906850459,-0.0061346536872282,0.006177052867142985
2020-12-08,0.0132525892466741,0.0025805653949475,-0.0064133686626475,0.0025707539903709,0.000567524533366,0.0019043709058614855
2020-12-09,0.0167462204063792,0.0055771181127577,-0.003475715809691,-0.0042737153432481,-0.0089341645906598,0.006091882663355586
2020-12-10,-0.0010822324773344,0.0042662564101259,-0.0039861102484767,-0.005579249447529,-0.0044359780739636,-0.006740125183475998
2020-12-11,-0.0084243683376321,-0.008920920398136,-0.0020008723790846,-0.0099265784615106,-0.0076895974726155,-0.006060615017599247
2020-12-14,0.0185701090724519,0.0094298033843733,0.0040100228255186,0.0104619762984972,-0.0020275550621495,0.002659821448485422
2020-12-15,-0.0101285997474338,-0.0072188122886008,-0.0049926037146915,-0.0090596892222253,-0.0019595495155457,-0.004339847351049753
2020-12-16,0.0093899063152531,0.009837519371864,0.0080281584519232,0.0134960106640318,0.0064712887332702,0.007220509898581806
2020-12-17,0.010375350332398,0.0101655024860813,0.0059732444639397,0.0128864497236282,0.0228290325908004,0.011595207050931311
2020-12-18,-0.0184137247108194,-0.020125888589922,-0.0153390413646711,-0.0144191163432878,-0.0255684420813895,-0.01201845066997309
2020-12-21,-0.0019237993705233,-0.0029953773871193,-0.0010049287016443,0.0030124006405092,-0.0022471221473987,-0.0008362373649739574
2020-12-22,-0.0069879278062069,-0.0158798343265211,-0.0160964412119416,-0.0171603044050154,-0.0029058536553824,-0.010498130454244081
2020-12-23,0.0092210666127416,0.0021805180950902,0.0,0.0082934600877018,0.0118761519435739,0.006601098296503016
2020-12-24,-0.0003607821082129,0.0008704393641161,-0.0005114583912504,-0.0030304306308484,0.0088566468109925,0.0032571445253644082
2020-12-29,0.0103428883417691,0.0047824961613536,0.0056267091224113,0.0056450008719726,0.0029260998979239,0.0053291761143303695
2020-12-30,-0.0049995817994616,-0.0034616336057038,0.0,-0.0038861576309352,-0.0002133739971126,-0.0013654998097816229
2020-12-31,-0.0177053579652133,-0.0186712229164043,-0.0147508338233736,-0.0160380119312054,-0.0143071599416415,-0.014266776646445933
2021-01-04,0.0199732340072962,0.0146016458608773,0.0134227778048108,0.01497797823672,0.0109763014670416,0.014748652966889875
2021-01-05,-0.0062090352589347,-0.0104666386804411,-0.0056036484787033,-0.0030383222178617,-0.0063571167887681,-0.00035737752508546716
2021-01-06,-0.0039647403667367,-0.0123401479590316,-0.0076844054321134,-0.0082715685392849,-0.0236502562847547,-0.011175663659453217
2021-01-07,0.020265296554951,0.0281121311731531,0.0320080765846617,0.0377522653505673,0.0193638765324193,0.01587680082449805
2021-01-08,0.0124142182534621,0.0134552746945448,0.0145073905652617,0.0084605468147269,0.0180569921365909,0.006840965422177492
2021-01-11,-0.0054886910139342,-0.0059957789613876,0.0004929238860038,0.0004193083200509,-0.0066690052606525,-0.008983283341431614
2021-01-12,0.0084545602138603,0.0107711699569468,0.0098572566574786,0.0083856116161666,-0.008713782272584,-0.0026994781392746248
2021-01-13,0.0010482080890437,0.0008525237745804,0.0053683917452238,0.0045737491500597,-0.0131852689879845,0.001125835700752198
2021-01-14,0.0041873404715147,0.0127768580477134,0.0208738841532989,0.0182121337599816,0.009783851162423,0.004317242350385442
2021-01-15,-0.0110044283170969,0.0151387196607601,0.0152163486110128,0.0024389751329978,-0.0070136578052558,1.2150718581516173e-05
2021-01-18,-0.0083155409100034,-0.0202984198273554,-0.0074941408458558,-0.0154097191855452,-0.0049517246174916,-0.007802268818697611
2021-01-19,0.005196488953127,0.0156449330425885,0.0193487530927618,0.0164745300472222,0.0159532475187711,0.011943868099346
2021-01-20,-0.0086944098686408,-0.0045795131901696,-0.0009260726006528,-0.008914098253944,-0.0028091643468994,0.004120521086003581
2021-01-21,0.0112597338663458,0.0163111813602185,0.0111214037953362,0.0114474231512147,0.0072954048981195,0.007874140886928505
2021-01-22,-0.0026956577235027,-0.0074072800612924,-0.0018330048840101,-0.0040420259085363,-0.0168516545526166,-0.0034214966386862944
2021-01-25,0.0021153232336768,0.0004143402340552,0.0004592679441837,0.0016232022843685,-0.0001461358726848,0.003580393777387947
2021-01-27,0.015597494334711,0.0037298878570684,-0.0059664582424393,-0.0052674939323911,-0.0105046536638357,-0.00646872597302206
2021-01-28,-0.0168591230837146,-0.0123864845182803,-0.0092333137348815,-0.0134417930229719,-0.0165143428995954,-0.01930097602473202
2021-01-29,-0.0191448532127817,-0.0158862465118401,-0.0153776294761893,-0.0210570931525312,-0.0149925732479578,-0.006366869034136302
2021-02-01,0.01401025248845,0.0114699057055014,0.003786265074674,0.0147617757846663,0.00555564061675,0.008415854348654994
2021-02-02,0.022555460176433,0.0180595653806774,0.0099010589763632,0.0120534289348153,0.0163473538512535,0.014954019361189896
2021-02-03,0.0115488279744109,0.019389487951084,0.0154059292584032,0.0184803318485453,0.0061063133827659,0.009168564270907398
2021-02-04,-0.0060509969041184,-0.0004047489876998,-0.0018389041806005,-0.0008065759238878,-0.0030344547615708,-0.008661017472472832
2021-02-05,0.0181483119932446,0.0214575635298936,0.0202672038162934,0.0205812287746778,-0.0013364542273203,0.011090767037830185
2021-02-08,-0.0002255278751812,0.0091160785398269,0.0135440950584675,0.0043493886538101,-0.0020071228670442,0.00586888476508407
2021-02-09,-0.0135409227741676,-0.0168892680193992,-0.0124723209683232,-0.0185039099748907,0.0662199234209686,-0.008640477478123132
2021-02-10,-0.0148706056795299,-0.0019975741400829,0.0027061001714907,-0.0036100359818398,0.0295514331745887,0.0052394093814056575
2021-02-11,0.010798803099485,0.0028021217643301,0.0026992547095339,0.0020128770657594,-0.0078714319156274,-0.0009908196512082856
2021-02-12,-0.0020680212550375,-0.0047903705382436,-0.0067294572825035,-0.0028122829003222,-0.0132002681004247,-0.006141137518886786
2021-02-15,-0.0032231402436099,0.0144405851721622,0.0117435879876299,0.0161159909723651,0.0076242579780194,0.009309323112653756
2021-02-16,0.0096367095245568,0.010676119842663,0.0049105263887132,0.0099127407178087,0.0110744503047315,0.008744819853970576
2021-02-17,-0.0189730154168681,0.0015648642303947,0.0457574043861468,0.0137417225511771,-0.0089802522879691,-0.004633907468544085
2021-02-18,-0.007831070415593,-0.0027342579824713,0.0352591577217344,0.0282726599928624,-0.0007552205271308,0.00038780508947411363
2021-02-19,-0.013274470220859,-0.0164512096924613,-0.011489478573465,0.0022598413797383,-0.0226710643453822,-0.013352653713749496
2021-02-22,-0.0073929644242205,-0.0215055988968775,-0.0153592334449514,-0.0041337337752815,0.0343736572662842,-0.0017783248195999413
2021-02-23,0.0169718445247284,0.0113961319219517,0.0185501154596199,0.011698041419726,0.0082909105938797,0.009323093376555569
2021-02-24,-0.0061231077151447,0.0020120434414059,-0.0045532268555094,-0.0067138751403945,-0.0099075884130087,-0.008288592090683222
2021-02-25,0.0111137553786706,0.0100401161240453,0.0128898991395909,0.0052571554253784,-0.0107556911219476,0.008538534229052486
2021-02-26,-0.0255677522587347,-0.0202781974944351,-0.0221674488442885,-0.0224130895005695,-0.0195429882772439,-0.02317774188347188
2021-03-01,0.031265513667773,0.0202921159651559,0.0155330090192078,0.0160487874185113,0.0201432284735958,0.01904855665777183
2021-03-02,0.004518019302816,0.0047732208236543,-0.001239905262404,0.011282604390199,0.0102509635972118,-0.003945997251636912
2021-03-03,0.0107705321219344,0.0174190275011267,0.0153144134658931,0.024916276410368,0.0061289940082693,0.008576371148655282
2021-03-04,0.0114753039059511,0.0237354124004802,0.0126375662928539,0.0301161044869224,-0.0088667038086795,-0.004721971533850899
2021-03-05,0.0008102422550009,0.0030405113881186,0.0012076647796219,0.0158506087174206,-0.0152292578527424,-0.00733612944964801
2021-03-08,0.0100636926220112,0.0015159300331577,-0.0052272426678514,-0.004160894697985,0.0294729561251867,0.00442249010791862
2021-03-09,0.0065280029532939,0.0083239601400546,0.0072757922913848,0.0132312354318295,0.0242505909385919,0.004808163911291352
2021-03-10,-0.0133122618499564,-0.0153849125348926,-0.0128408801126533,-0.0202748055222043,-0.0111146192172346,-0.00827787320338802
2021-03-11,-0.0031136568448835,-0.0045730293049717,-0.0028457201477564,-0.0101719693728421,-0.0113730374918815,4.941771006539142e-05
2021-03-12,0.0004627591381205,-0.0007657047296711,-0.0032613107758386,0.0007087338357445,0.0063911020660951,0.00788754881904774
2021-03-15,-0.0010403229789152,0.0015324876910318,0.0053169312854703,0.0056657625113019,0.0009359280350542,0.0009521240113012919
2021-03-16,0.0090274606443385,0.0042082969030616,0.0061026096201073,0.0056336583581046,0.008815204646065,0.008028057470194083
2021-03-17,-0.0008029139735638,-0.0003811931212072,-0.0024262786157063,-0.0066524971583925,0.0019859657926322,-0.004651692158099019
2021-03-18,-0.0156122507625906,-0.0087650991892294,-0.0093230463933187,-0.0081072987809142,0.0005286147170504,-0.0072399485913395845
2021-03-19,-0.0121284337759951,-0.0030756764007155,0.0032733205482964,0.0031984158916322,-0.0174326816176003,-0.0055868771827127794
2021-03-22,0.0043679246837564,0.0073273516678076,0.0057094918499343,0.0049592865563061,0.0141800069522117,0.006605967729779616
2021-03-23,-0.0036437769934978,-0.0068912473656584,-0.0093266217859271,-0.013042020016308,0.0007289973086199,-0.0010122198022297635
2021-03-24,0.0188746851191137,-0.0038551858893449,-0.0098241886450819,0.0,0.0032445172569641,0.004946836172046609
2021-03-25,0.0019683592897314,0.0050308681745669,-0.0028936381081464,-0.00357151228448,0.0083163687284708,0.0018197312089005546
2021-03-26,-0.0062398362596769,0.0077013709189011,0.0091210297010655,0.009677506423555,0.0041238582422515,0.00495847152757789
2021-03-29,-0.005000013525833,-0.0015285786337642,0.0,-0.0063898332962664,-0.0126465899801913,-0.003615836801168948
2021-03-30,-0.0019866526262627,-0.0084194346268565,0.000821718365489,0.0039301140340288,-0.0059423457124602,-0.008866773149854623
2021-03-31,0.0081965989470091,0.003473454875462,0.0020526092470072,0.0028469485308555,0.015077095516023,0.007844892397732783
2021-04-01,0.0012775174226571,0.0038463859590129,0.0053255394948679,0.002129126621051,-0.0046457696209786,0.005600001044581582
2021-04-06,-0.0020877275170712,0.0049807517259421,0.0065199641896456,0.0038951364959787,0.0003943889141548,0.008371921264778592
2021-04-07,0.0058117001786626,0.0041937627011179,0.0056680906672039,0.0031746315762581,-0.003219908112113,0.006135900717157972
2021-04-08,0.0068187144049804,0.0110098436434538,0.0128824404086764,0.0105484946936196,0.0126574441206652,0.010223348181404468
2021-04-09,0.0001146131070608,0.0033794487570106,0.0019872423771398,0.0,0.0077468077281939,-0.0005135893408548808
2021-04-12,-0.0047055410848911,0.0041169497383701,0.0035700226675954,0.0045234641224851,-0.00568458784582,-0.0030243065009153414
2021-04-13,0.005419818936605,-0.0014908839757499,0.0003952692773208,0.0010389387843974,0.0021438022634998,0.0004253992599627665
2021-04-14,0.0069960327459885,-0.0026130817824425,0.0007902262025014,-0.0003458931856872,0.0068721667000655,0.006618461695653055
2021-04-15,0.001252781928398,0.0044912517377309,0.0067113177258173,0.001038491148569,0.0163544234248662,0.005058213771077291
2021-04-16,0.0009100414933191,-0.004471170585071,-0.0070587453620089,-0.0034578953212041,-0.0101362046628091,0.0007298037795042678
2021-04-19,0.0096603862821944,-0.0014969288064941,0.0015798281941863,0.0038167471439494,0.0065920114760904,0.0003090303901642777
2021-04-20,-0.0123819992579683,-0.0067466045386772,-0.0047319085076749,-0.0093328653900539,-0.0081385400403272,-0.006775361900569599
2021-04-21,0.0049009636048114,-0.0109434643196597,-0.0103010280466707,-0.0083740543538951,-0.0010254271949663,-0.0028736674103300164
2021-04-22,0.0110016472179832,0.0068676804323242,0.0052043255080895,0.0056296942103275,0.0035932146438577,0.008283861730803865
2021-04-23,0.0028044678145455,0.0026526891032729,0.0003980574311062,0.004198930976601,0.013107596271618,0.0007451662210748999
2021-04-26,-0.003803613729737,0.0075583751903876,-0.0015923050841555,-0.0003484857678411,-0.0013255380880677,-0.002145435030084575
2021-04-27,0.0031444214264575,-0.0018754419978497,-0.0035886284935213,0.0090625126170762,0.0038551036913798,-0.0016645693864196787
2021-04-28,0.0098510138843834,0.0112739822330396,0.0124049424722663,0.0051812423221828,0.0127795959765983,0.004384153821254788
2021-04-29,-0.0023278359708115,-0.0052023966933975,-0.0043476603950138,-0.0054983208785236,-0.0022379455850856,0.002493112128301611
2021-04-30,-0.0106666903791543,-0.0041092592186631,-0.0083366988555002,-0.006910831676958,-0.0001869041419714,-0.007972489490775225
2021-05-03,0.0074122196170796,0.0213804305224618,0.0500400638251155,0.0125261171165882,-0.001869275279467,0.000424125885509552
2021-05-04,0.0083611918695125,0.0007345830255067,-0.0091499193264622,-0.0092782536202153,0.0005617517765559,0.0055567083065555245
2021-05-05,0.0250968875707051,0.0044036240812361,-0.0011543261536653,-0.0322582283550836,0.0051785652309721,0.004010939358861876
2021-05-06,0.0023726109168002,-0.0295946180568962,0.0023112223293966,-0.0089605499627745,-0.0130967215554337,-0.004808766900930905
2021-05-07,0.0105444418823137,0.0082833137861457,0.0026903224456602,0.0036166269516064,-0.0034590611869333,0.002709582428277013
2021-05-10,0.0130963518232758,0.0115757839409849,0.0126485289731259,0.0121996792910559,-0.0015146499049935,0.014000345811208348
2021-05-11,-0.0059905123163356,-0.0103358414118427,-0.0128691512239612,-0.0113221581034071,-0.0143478883569734,-0.01057238087735557
2021-05-12,0.0104674699857323,-0.0100708341023956,-0.0118865826216402,-0.0055411260302515,-0.0107736812303103,-0.007332139139176741
2021-05-13,0.0042899833203018,0.0007709208071879,-9.871795969562669e-08,0.0085438614015596,0.0038895375191079,-0.006716986445340134
2021-05-14,0.0062511949744561,0.0100152801483808,0.0087338749132763,0.009944730426936,0.0224719841074745,0.004514094997740914
2021-05-17,0.0125284927893742,-0.0064835930224949,-0.0031484562905076,-0.0040115621035473,-0.0283889407017644,0.0019087287707628686
2021-05-18,-0.0003066080603091,0.0122840497217444,0.0051322533525606,0.0142803171852479,0.0235077026174375,0.006039353131254588
2021-05-19,-0.0249591920579577,-0.0132724158655895,-0.0109977616722534,-0.0140792608742299,-0.0269902654236774,-0.01900918627542536
2021-05-20,0.0323120804006284,0.016141149521099,0.0135029691837136,0.0201389710705282,0.002600482784282,0.012726627265380763
2021-05-21,-0.0035568106161482,0.0011347892463342,0.0050939452238896,0.0050251899907525,0.0061185873055564,0.0015230871321594286
2021-05-24,0.0072411348392773,0.0068001913870856,0.012865622030677,0.0057141894831895,-0.0139476063876693,0.0022457909949511468
2021-05-25,0.0088092020496823,0.0086303991635989,0.008468101642872,0.0102983888916896,0.0251390759725522,0.0098917539051262
2021-05-26,-0.0005019495143774,-0.0022323368124176,0.0026716891778317,0.0017573892592124,-0.0020273635324764,-0.0031849790133962053
2021-05-27,-0.006125569836206,-0.0041014870654537,-0.0068519279300429,0.0014036417595004,-0.0055038880742689,0.0003309712924117747
2021-05-28,0.0160655054242306,0.0142269687005049,0.0141817486902859,0.0112122334954525,0.0046120667154636,0.012012473663625789
2021-05-31,-0.0083532640304936,-0.0051677208009643,-0.0015117587027858,-0.0051974455239705,-0.0035418403927891,-0.0024657847307323344
2021-06-01,-0.0026071470431678,-0.0081633127904525,-0.008326979309428,-0.0139325036709805,-0.0102017374450492,-0.0026611518439778603
2021-06-02,0.0087470141719818,0.0056116597263098,0.0007632855294368,0.0014129721176143,0.0107062682744887,0.010538126016883531
2021-06-03,0.0087711536396031,0.0089285334851878,0.0106788904060128,0.0148147342327606,0.0029605954914448,0.0058695737548717375
2021-06-04,0.0129433091664579,0.0143804816041785,0.0139623327057452,0.0149461898715212,0.0102332683199459,0.004849024885871467
2021-06-07,-0.0057550203252918,-0.0316249197582595,-0.0089319625700476,-0.0130136654485557,-0.0033113605264988,-0.0018103206189660215
2021-06-08,-0.0044146966416133,0.0048800461127405,0.0037550833648487,-0.002081952020385,-0.0004560916317295,0.0014688541797529542
2021-06-09,-0.0039415654643927,-0.007844875078669,-0.0067339196549536,-0.0010431034818916,-0.0131014340021037,-0.0030698621583094
2021-06-10,0.0076176052918066,0.0022593245177886,0.0015065405025243,-0.0013922273384016,0.0072648353665805,0.004442434185755184
2021-06-11,-0.0048109525439344,-0.0060106448298073,-0.0112823842143695,-0.0153362959151391,-0.0062289374157183,0.001367610249217055
2021-06-15,0.0206195041333847,0.0079364175410048,0.0098896892356508,0.0145132265895071,0.0153075384439895,0.009181387744061409
2021-06-16,0.0132431643265651,0.0071241982246916,0.0,0.0090719800775549,0.0070836459026293,0.0009084335587705716
2021-06-17,0.010398726914788,0.0055845908797198,0.0146892616209439,0.0107191595016997,-0.0061304662728901,-0.0036741908238477894
2021-06-18,-0.0209611438466524,-0.0051832960068471,-0.0022272348107689,-0.0085529030428573,0.001558244193587,0.001333677141661882
2021-06-21,-0.0542963927899775,-0.0167472653667878,-0.027157725567659,-0.0310558946120351,-0.0217814778488339,-0.018121759820237116
2021-06-22,0.0221292530660603,0.0117335582857922,0.0175909428016922,0.0213674565871706,0.0176277560057609,0.014772907837528715
2021-06-23,-0.010276366520273,-0.0134681833796237,-0.0199173752358211,-0.0142957199045274,-0.0010420200248448,-0.005942007459980636
2021-06-24,-0.0055442521887094,-0.0106180985930616,-0.0095859235715796,-0.0081358603385148,-0.0061929743149108,-0.003161284679311094
2021-06-25,0.0061835041718443,0.0034495716960361,0.0023229464538168,0.0085593763271336,0.0162676012488134,0.004504765278754208
2021-06-28,0.0061454096742905,-0.0022917468149862,-0.0027039674325216,-0.003182424293497,-0.0001936511023351,-0.00010342393640683234
2021-06-29,0.0061077811057126,-0.0003827110982496,0.0015494236082538,0.0017735073356659,0.0038735378589758,0.0004961479057266072
2021-06-30,-0.0060707025831766,0.0042127370298719,-0.001933687100598,-0.0031869324038187,0.0059805949897138,0.0016141569475054407
2021-07-01,-0.0117154712688575,-0.0068647518379881,-0.0061991320136097,-0.0042628285515348,-0.0108674098720988,-0.006440917042083272
2021-07-02,0.008004286502091,0.0072963691943772,-0.0003897292574117,0.0103461508034294,0.0140891132394778,0.005915425507836192
2021-07-05,-0.0031159233288121,-0.003050053417863,-0.0042902450267595,-0.0081214946365356,0.0003189104529059,0.0008754240033395089
2021-07-06,-0.0056464219030015,-0.001912010880208,-0.0031335602244835,-0.0024921123939514,-0.0073907669415298,-0.007269452016204325
2021-07-07,0.0110526593406261,0.0080459784029491,0.0058940286441075,0.0042826971249594,0.0042363013654744,0.00903077589048884
2021-07-08,-0.002206376307134,-0.0038008588305881,-0.0027345011262051,-0.0071072689752632,0.0045379104846752,0.001989198878732168
2021-07-09,-0.0090462139328811,-0.0049598295258548,-0.0062670230457084,-0.0032212422641287,-0.0189603534200176,-0.009280352344012033
2021-07-12,0.0058828648606097,0.0053679432923914,0.0059124178024936,0.0043088390917984,0.0090795978905735,0.008272745169918272
2021-07-13,-0.0078651951087865,0.0007628737965734,-0.0074452067395163,-0.0053628269069018,-0.0030850411434086,-0.00019212783257793742
2021-07-14,0.0039637734055952,0.0007621070165715,-0.0023686039373586,-0.0061107629612527,-0.0005800451140999,0.00308762339941393
2021-07-15,-0.0047580220849625,-0.0091391527988232,-0.0110803517639466,-0.0057866130439664,-0.0084507190668932,-0.0025530312030620506
2021-07-16,-0.0012206077973694,-0.0023060252850144,-0.0032012719510922,-0.0021827720667482,0.0115802172999968,0.0016637899194498207
2021-07-19,-0.0051939465748707,-0.0119413783815436,-0.0088319454637949,-0.0102076543515942,-0.0114476510136838,-0.008456799396784453
2021-07-20,-0.0007167007567132,-0.0070174899994134,-0.0068853235033438,0.006261375240061,-0.0032526630544071,-0.004632405662232553
2021-07-21,0.0082982599128036,0.0106005293537301,0.0097879029093743,0.0120792049833799,0.0127929572157157,0.007789312050887176
2021-07-22,0.014834493466433,0.0116551754092757,0.0068660583813313,0.0126582045109659,0.0148222142552603,0.010629468252740804
2021-07-23,-0.0076091560312088,0.0,-0.0088247601197568,-0.0110714526292027,0.0014607108208668,0.0010755094793448716
2021-07-26,0.0002019442982985,-0.0038404546683172,-0.0036422026953426,-0.0007223968331621,0.0074824603220822,-1.1566297240750423e-05
2021-07-27,0.0158360509585349,0.0015421229877514,0.0069049997919328,0.008673739200314,-0.0069234387962526,0.005016969265965621
2021-07-28,-0.0140005178190172,-0.0026945364981858,-0.0092780471011382,-0.006090876023696,-0.0069718220180322,-0.007007607126941484
2021-07-29,0.0015103840425774,-0.0054030704636368,-0.0016287108327495,0.0003602716895088,0.0028722067256716,0.005163723008802634
2021-07-30,0.002011057823714,0.0062087115869511,0.0,-0.0014412107088449,-0.0014638714380581,-0.0033391714252227755
2021-08-02,0.0201706976902722,0.0239104809559356,0.0207993824208805,0.0180438484087515,0.0057363588535055,0.013368159604507213
2021-08-03,-0.002065651013726,-0.0079096054507108,-0.0091889864098535,-0.0070897238397701,-0.0110266783343546,-0.0022651520144624238
2021-08-04,0.007688430433959,-0.0007593981986114,0.0016129491561045,0.0021421586764387,-0.0028835007767297,0.003839777552182122
2021-08-05,0.011542691180943,0.0083588974688022,0.0020127895124317,0.0057001215753529,0.0093824692923583,0.001061826480208472
2021-08-06,0.0032878417437296,0.0056516499356213,0.0092407726150307,0.0095641827720474,0.0045201710770987,0.0036372062546565775
2021-08-09,0.011469914816522,0.0086175566530544,0.0095540155979363,0.0136843221756259,0.0061479400708133,-2.3392124770538203e-07
2021-08-10,0.015437260921048,0.0018572306002193,0.0086751302897276,-0.0003461953492837,0.0022047835021277,0.0032032013533751513
2021-08-11,0.0151088708321707,0.0092695692608819,0.0074277436193361,0.0121191801013122,0.0054681183669889,0.002874923737398394
2021-08-12,-0.0211703991563636,0.0018369402769848,-0.0003881073936194,0.0041052365025711,0.0197535573501701,0.0014024759559774225
2021-08-13,-0.0174725840890246,0.0157682923840316,0.0155280063719887,0.0061329826059053,0.0082758161827749,0.005781058124721294
2021-08-16,-0.0143227336844593,0.0007220259051905,-0.0141436100664023,-0.0270911552713478,-0.0074782598140504,-0.00609098187029411
2021-08-17,-0.0153173174325068,-0.0097403607980723,-0.0131835846634246,-0.0107901389175492,-0.0031239555962032,-0.00740167745497311
2021-08-18,0.0077778397326866,0.0065573276985999,0.0141452974499987,0.0017593341704453,0.0055917356028172,-0.00117288706296792
2021-08-19,-0.0055126051526825,-0.0043430435258761,0.0003874096208809,-0.0038637017587869,0.0081270750371129,-0.004757615441019825
2021-08-20,0.0005038486162509,-0.0036351518280627,-0.0023236538660084,-0.0017630562733733,-0.0085462835773573,-0.00039580337787514797
2021-08-23,0.0090661784703858,-0.0007296651396516,0.0007765161589015,0.0003533780783504,0.0034234357993159,0.004166705913380975
2021-08-24,-0.0025954566301237,0.0003652320718836,0.0050424741343626,0.002471602714029,0.005300651310079,0.0017844519467222764
2021-08-25,0.0041034999247939,0.0102191275364538,0.0092629054104702,0.0028178912527583,-0.0035755992002449,0.004525691348013838
2021-08-26,0.0066786698577352,-0.005419150451274,-0.005353595685324,-0.0007024261185775,-0.0003042520549433,-0.004896560523060978
2021-08-27,0.0054461011800834,0.0039954438679732,-0.000768956822066,-0.0045693374993683,0.0075444565708684,-0.0003399086473555579
2021-08-30,-0.0110299945257986,-0.0036177910942174,-0.0073105679121111,-0.0112995138425322,0.0023551481930528,0.0025441495628701905
2021-08-31,-0.0029876930524733,0.0068990525860039,0.0007750230718999,-0.0053571721165975,0.0045182623262365,0.00410042914483677
2021-09-01,0.0087896272774445,0.0219978349508973,0.0112316839021744,0.0046678708829059,0.0003598699896185,-0.0004167808392513406
2021-09-02,0.0036633481435548,0.0052929464657545,-0.0030636666073958,-0.0025018189291241,0.0074939414841657,-0.0009378568835285428
2021-09-03,0.0046364816061446,0.0073709224815736,-0.0003842307203255,-0.0014331311838768,0.0067240706327129,0.0050927400665936595
2021-09-06,0.0031421561582891,0.0055749459395717,-0.0011530396619842,0.008611402341369,0.0054379947051217,0.002710364184103975
2021-09-07,-0.0001958645167715,-0.0065835032861091,0.0015391928226753,-0.0010672235693741,0.0058789315274563,0.0006367705881353825
2021-09-08,0.0076365500295596,0.0062782919451529,0.0023048111284373,-0.0021368182747748,0.0469316051663823,-0.002189498931592593
2021-09-09,-0.0230275196173551,-0.0155979707945788,-0.0187810570069277,-0.0182011671466254,-0.0211578650327759,-0.018785371866740674
2021-09-10,0.0053703872083479,0.0017606167164878,0.0019529375561211,0.0029080306470314,-0.0063303325137736,0.005060645735327718
2021-09-13,0.0020774883196001,-0.0094902621231072,-0.0003897292574117,0.0010871531350529,0.0047635675784467,0.002573880781016946
2021-09-14,0.0027640315787929,0.0017741890551914,0.0031201164833141,0.0032587480863055,0.0185650766792691,0.001667872503431811
2021-09-15,-0.0016735908584141,-0.0031881598916726,0.0027217431222108,-0.0036091008172332,-0.0016822904801719,-0.002701775602857559
2021-09-16,0.0141997942113576,0.0021322954227593,0.008142583926284,0.009417079023519,0.0103925749667681,0.005868357608976638
2021-09-17,0.0002915152645854,-0.0109931024532741,-0.0046153244341813,-0.0060998004839016,0.0017235976973621,-0.007543519024527767
2021-09-20,-0.0201203981438212,-0.0197200588744318,-0.0224111870200928,-0.0202164052604042,-0.0359659439777123,-0.02100983525547817
2021-09-21,-0.0046621472831248,-0.0087783093520414,-0.0043480970219889,0.0003683303169754,-0.0101331659136892,0.003572208696157153
2021-09-22,-0.0069763273722481,-0.00701124550794,-0.0111152484908984,-0.0022101069914465,0.0037805898193061,0.0031881252047636366
2021-09-23,0.011641958007122,0.0059458711044826,0.0064232058388751,0.0107051548812804,0.026075027491458,0.01010302355573045
2021-09-24,0.0089284760608363,0.0103435247945615,0.0071798020456046,0.001095677705053,0.0085837516937703,-0.003672875136517928
2021-09-27,0.0284168479034683,0.0084095116621736,0.0083167232929606,0.0131339280898792,0.0122057876323438,0.00566103475574864
2021-09-28,-0.0056410123986768,-0.0032632094330107,-0.0058915185086173,-0.0054016338538122,0.0016042863430745,-0.014709978426055592
2021-09-29,-0.013269055201298,-0.0090944021648894,-0.0055315678415095,-0.0047065576387664,-0.0171203961920861,-0.010779310529404729
2021-09-30,0.0166632123910068,0.0216594113222632,0.0329759669846134,0.0240086383700586,0.0226441110105426,0.018820475173486173
2021-10-01,-0.0407360599093554,-0.0201221160316262,-0.0226923306097218,-0.0252221279554812,-0.0291207828462966,-0.01999595739497384
2021-10-04,0.0507595761737351,0.0194351692375565,0.0212515906447041,0.0215016159117216,0.0080361336865049,0.012941653805498499
2021-10-05,0.0032330583732671,-0.0007194288002849,-0.0053952389617859,-0.0071350694674932,0.0016843906408612,-0.004122425738057212
2021-10-06,-0.0197157691212647,-0.0082792563997307,-0.0061991320136097,-0.0107800663151983,-0.0039792809237848,-0.005768352822400069
2021-10-07,-9.65185647813227e-05,0.0159708805527469,0.0140352945407944,0.0101709471265734,0.0165999543869193,0.00696876929462098
2021-10-08,0.0100568111581995,0.0139335883663804,-0.0019225354637475,0.005393680970507,0.0089671235943,0.00874084160455646
2021-10-11,0.0022980579501605,0.0007047258595853,0.003852094292494,0.0046495978127518,-0.0041693397991026,-0.0027726329373594094
2021-10-12,0.001910265292254,0.002112688712387,-0.0165003296840661,-0.0071201007624602,0.0087591547415675,-0.0025953032108601004
2021-10-13,-0.0159214949358965,0.0028109795583985,-0.0128754665240298,-0.0039441426493257,0.0048606516387612,-0.0011242230003825071
2021-10-14,-0.0126913249972067,0.0014014648914608,-0.0011857552889659,-0.0071991892207312,-0.0061413932012718,0.005388408199559214
2021-10-15,0.0036306368051541,0.0024494075687313,0.0047486518949635,0.0105147745349438,0.0365834691682456,0.006918945521461772
2021-10-18,0.016230010778198,0.0048865907650108,0.0074832291868465,0.0132758319206733,0.0045893625907631,0.002593407594964292
2021-10-19,-0.0004810562590905,-0.0048628281140569,-0.0039093182811519,-0.0031869324038187,0.0092949156322541,-0.000842528929181463
2021-10-20,0.0109731858590271,0.0062827595550143,0.00784932206053,0.0085257476474309,0.0197710235513182,0.005264029387864744
2021-10-21,-0.000761702157603,0.0024279141334446,0.0058411425364275,-0.0052835797660198,0.0093878466848336,0.00022907920126158388
2021-10-22,-0.0006669974412928,-0.0013840072109323,-0.0034842752727649,-0.0010623108012729,0.0061664424796556,1.4299519852656317e-05
2021-10-25,0.0055300648886118,-0.0041581128845747,-0.0011654859648497,0.0038994926747291,0.0070833942338439,0.0034416811212820697
2021-10-26,-0.0034136841703633,0.0055671872190801,0.0031117180480904,0.0031778392043422,0.0004989575851648,0.00032565372239834467
2021-10-27,0.0095148502035511,0.0138409130932279,0.0062039377484957,-0.0007039992937578,-0.0062823185622274,0.0007104132879514058
2021-10-28,0.0071630234092083,0.0051195255509268,0.010789807136162,0.0073971553187146,-0.0074254754640125,-0.0023939007572012505
2021-10-29,-0.0204005012456001,-0.0251275631890451,-0.0213496390911949,-0.0160840555593579,0.0,-0.014351904540061966
2021-11-01,0.015380162003699,-0.0090559635265831,-0.0736267225786252,0.0003553317469759,0.0042461288628226,0.006422888433152307
2021-11-02,-0.0049863711121315,-0.0087873556801426,-0.0273337826412718,-0.0110123674543726,-0.0152514339673388,-0.0062866266423881045
2021-11-03,0.0117246334375111,0.0134750850676745,0.0008645948928911,0.0226292324067542,0.0186053959414842,0.009339556619348821
2021-11-04,0.0140187995753717,0.0041988507692292,0.0021597274528364,0.0087811322220925,0.0133481039417049,0.004769460405931181
2021-11-05,0.0111520418387629,0.0080139424459151,-0.0022124173626046,0.0027856018428209,0.0023771310074396,0.004954964230657222
2021-11-08,0.0038282671508544,0.0062219518182455,0.0128603874992441,0.0096153488746677,0.0060088957911994,0.0007969185969483039
2021-11-09,-0.0119857408557028,-0.0075575013573661,-0.0140105359281087,-0.0155202802389942,-0.0044797980369676,-0.002385478478286629
2021-11-10,0.0009189674324616,0.0436135415309233,0.0084370729952674,0.007524137377145,-0.0001500552679695,-0.0013742361678201753
2021-11-11,-0.0159765589001616,-0.0162519690421949,-0.0013210631438316,-0.0017780154081706,-0.0072511927870967,-0.005651405062747306
2021-11-12,0.0088645968587894,0.0070802435523806,0.0004410080917347,0.0067688294588921,0.0138021121783087,0.00827691653680529
2021-11-15,-0.0010174924823111,0.0068492610093509,0.0061701105258387,0.0074309504542917,0.0094407425471871,0.004687646314243787
2021-11-16,-0.0030553330547873,-0.0057823120455633,-0.0035041412530214,-0.0017563315792711,-0.0032488102091965,-0.0066067176584877485
2021-11-17,-0.0807020704327774,-0.0109477170004794,-0.0167033344272258,-0.0204081900332839,0.0055803287200659,-0.0068057464679727175
2021-11-18,-0.0154561364553281,-0.0069179676328167,-0.009834571204942,-0.0129308394106341,0.0105091137052353,0.001375411251606673
2021-11-19,0.003591194565808,-0.0048763197837616,-0.0004515603877535,-0.0065502538820237,0.0108374505980446,0.002403839666581309
2021-11-22,-0.0205498946198717,-0.011900592933974,-0.0207768946969929,-0.0197803278151301,-0.0100480493003348,-0.005860049429352476
2021-11-23,0.0106471058118822,0.0085014935181289,0.0059962066297385,0.0190582164238954,0.0018940336028345,0.007883397215060484
2021-11-24,0.0037183136181162,-0.0007025134341716,-0.0004583778068282,0.0088011120724269,-0.0147844189174457,-0.0014903049570249571
2021-11-25,-0.0145092565590413,-0.0045693804658337,-0.0077982186072502,-0.0087243282814651,-0.0072324071891147,0.001067362595346566
2021-11-26,-0.0100239286963719,-0.0236581798852238,-0.0254275194687443,-0.0073339259185815,-0.0322131639331619,-0.01727288441263386
2021-11-29,-0.0108638547831574,-0.0162748019108127,-0.0075903194812951,-0.0166235682886516,-0.0065037079488795,-0.005430176798279396
2021-11-30,-0.0063979817251949,0.0036763980104403,-0.0191203537250964,0.0030052757563623,0.0140715504945314,0.002230803502992762
2021-12-01,0.0075122944567183,0.0029303975109329,0.0048734736086581,-0.0022471102764968,-0.0053369574427747,-0.0026040492213741384
2021-12-02,0.0215170622265781,0.008035199130574,-0.007759646899178,0.0018767004624491,0.0146660284589286,-0.0013697800983187847
2021-12-03,0.0074035001789649,0.0130434093934173,0.0117303764501655,0.0127389246699907,0.0057412890250783,0.0022125502423551158
2021-12-06,0.006520814397245,0.0028613098344267,0.000966148750396,0.0003699613452909,0.0017023145470198,0.0005457312248617896
2021-12-07,0.0040107749698516,0.010698958938913,0.0111002202133296,0.0155325381248279,0.0016999586803787,0.009499813768960141
2021-12-08,0.0032776525237858,0.0102327511585158,0.0057279495679583,0.007283270902582,0.0130253156288149,0.012517087042625885
2021-12-09,0.0021441798391017,0.002095679255929,-0.00237307208731,-0.001807584722167,-0.005271344060857,-0.0028345278069817903
2021-12-10,-0.0026489746122116,-0.0020912965690912,-0.0080874763047361,-0.0050707444319425,0.0001981121525842,-0.00418898655872324
2021-12-13,0.0013279119581697,-0.0048897799516033,-0.0014389134478166,-0.0036401743969031,0.0031689892651396,0.00350032813001655
2021-12-14,-0.0049985689520773,-0.0010530302076313,0.0052834247296389,0.0040190207985961,0.0076011870518826,-0.0001189251279529735
2021-12-15,-0.0062537820957213,0.0045677741136149,0.002866711403213,0.0040027520616046,-0.0016654649565542,-0.006953255575512962
2021-12-16,-0.0014442758321153,0.0055962683898549,-0.0014292007266488,-0.0057991449226879,0.0183020890251692,-0.004288171148867148
2021-12-17,0.0240727399972888,0.0027826035503546,0.003339690190196,0.0072912366092754,-0.0104080014930451,0.0011394134316262683
2021-12-20,0.0008071184756581,-0.0104058698840606,-0.0009512185457437,-0.0137532435410245,-0.0139748407701346,-0.0016174172015696042
2021-12-21,0.0039314373803416,0.0066596757379406,0.0019041331507332,0.0025688218639496,0.0028148795560849,0.008673075368772265
2021-12-22,0.0019077682071249,-0.0062672532913254,0.0009499694640342,-0.0032940355879188,-0.0003447769597285,0.0013214794357043758
2021-12-23,0.003307433078409,0.0059564675874508,0.0052206206294591,0.0062429653017401,0.0058622595266457,0.0030959905119118947
2021-12-24,0.0051942062589318,0.0062696840529758,0.000944596374621,0.002189793136925,0.0002936891300995,0.004429977744680347
2021-12-29,0.0126203776828548,0.0124610755868843,0.0122639366448209,0.0152949684443481,0.0144921831405306,0.01206281354229799
2021-12-30,0.0036310829728247,0.0023931474527139,0.0018638659912861,-0.0021520031019224,0.0007238243018479,0.0015726642444233718
2021-12-31,-0.0124179980140196,-0.0163710452604388,-0.0069767195559741,-0.011143033935591,-0.0094523043338029,-0.009147791613615341
2022-01-04,0.0149505184661618,0.0194173541531765,0.0145198395751291,0.0178116207062641,0.0289193808444669,0.019492620101879243
2022-01-05,0.0067309160093014,0.0071429749001867,0.0083102874126774,0.0021428689344178,0.0207720169424934,-0.003129286196082437
2022-01-06,-0.0312984505719289,-0.0216143561518618,-0.016483480527403,-0.0135424834841604,-0.0298056678985779,-0.027429787650231408
2022-01-07,0.0268081170118728,0.0155333308455947,0.012569719942864,0.0260117054829385,0.0115145664325864,0.012914918467770597
2022-01-10,0.0065269846326534,-0.0010198234852556,0.0036783635442063,-0.001056431262665,-0.0176184485131954,-0.0008422613383142208
2022-01-11,-0.0150986678497954,-0.0051036762038714,-0.0073295436135142,-0.0130419300938809,-0.0142321880685869,-0.007646871388830578
2022-01-12,-0.0017689028175839,0.0,0.0,0.0010713457135254,0.0164375691511047,0.006600623776960912
2022-01-13,0.0053160223150239,0.0112859786580972,0.0027689293264605,0.0132003050923164,0.0018713211907404,0.004766006876911089
2022-01-14,-0.0124365056127381,-0.0064256087800504,-0.0128852837745553,-0.0003521145863467,-0.0098667658129026,-0.010769771683477258
2022-01-17,0.0030740237439088,0.0023827203284441,0.0009323673423431,0.0116236992162339,0.00430533908649,0.003170972866213706
2022-01-18,-0.0036576444109756,-0.0013582718805932,-0.0027947221835162,0.0010444875011075,-0.0036125802836347,-0.0011499553688650854
2022-01-19,-0.0144854891179134,-0.0115607716261474,-0.0079402694955458,-0.0066087327830953,-0.0370781767577268,-0.010295822887577022
2022-01-20,-0.0072485248273687,-0.0127278432113577,-0.0061203081230256,0.0007003710861686,-0.0055223929704308,0.0013487025693492694
2022-01-21,-0.012574852349441,-0.0132405369595335,-0.0061583412148136,-0.0164450710436946,-0.0376091373499656,-0.02268619933960203
2022-01-24,0.0007190151825307,-0.0052965060107943,-0.0085796379225838,-0.0120952302902178,-0.0034621713168029,-0.005054103872351501
2022-01-25,-0.0204229449845279,-0.029108945496551,-0.0283653570678229,-0.0360100109292629,-0.0229496991320533,-0.02492050209812957
2022-01-27,-0.0174960350777206,-0.0036563215818617,-0.0024739938780919,0.0112064491992807,-0.0313543601047641,-0.017717668644678497
2022-01-28,0.0201533651453553,0.0146787829359082,0.0233134955800327,0.0147764031423012,0.0394883004157102,0.021914994210241456
2022-01-31,-0.0201734383713154,-0.0188063461063705,-0.0159961932137753,-0.0342191591611475,-0.0175494769743292,-0.0023626033986899886
2022-02-01,0.0020269231143599,0.0187981977985058,0.0049261107257092,0.0,0.027230108114929,0.00493454254176795
2022-02-02,0.0086236138747162,0.0083212473928411,0.009803926225286,0.0135697138487236,0.02019938316001,0.011671184279103741
2022-02-03,-0.0137218418036655,0.0014353602799486,0.0228155388326767,0.0066938823491793,-0.0154341028703214,-0.0013650168809852259
2022-02-04,0.0070633001921134,0.0,0.0213574188480856,0.0007388293373999,0.015201028297072,0.00596203651843541
2022-02-07,-0.0010627202768968,-0.0121820963032837,0.0018587818804505,-0.0191952889269528,0.0087346794227511,-0.0012954073983423298
2022-02-08,0.0031914554916252,0.0058035710438484,0.0134509130491058,0.0146782895045123,0.0389135137424956,0.01066565882023851
2022-02-09,0.0557793726702515,0.0238008251740986,0.0242560841152528,0.017062222978077,-0.0194474551912485,0.011371014515763944
2022-02-10,0.0122539776396755,0.0450862953686828,0.0107240175802147,0.0105761895754907,-0.0215532209293023,0.0027791272888584295
2022-02-11,-0.0221273922798983,0.0057297724266873,0.0070733460471508,0.0039697977891817,-0.0005687923463494,-0.009759287589084287
2022-02-14,0.0151192506230519,0.0197721084633006,0.0482879377349152,0.0136591337316822,0.0048633806475713,0.004006479449306655
2022-02-15,-0.0054977272783239,-0.0003287102565096,-0.0339194957850553,-0.0141843877882026,-0.0017506225782923,-0.005040482876685015
2022-02-16,0.0084919243033381,0.007232129035503,0.0095360607431675,0.0107914267156463,0.0160409123524039,0.01229601016608628
2022-02-17,0.002434778243664,0.0068536659920914,0.0085873804417659,0.0042703976111881,-0.0068023067830996,0.001631721509422368
2022-02-18,-0.0107277721341548,-0.0087519618730256,0.0017027911667708,-0.0024805240380024,-0.0232049530453526,-0.010195805679243386
2022-02-21,0.0034784034447308,0.0055592659456735,0.0135996875286972,0.0007104835251778,-0.0020928076228569,0.0019239542881364091
2022-02-22,-0.0208992377273555,-0.0156097254927168,-0.0121592994579425,-0.0099395309180106,-0.0179854142676975,-0.009430198526604427
2022-02-23,0.0067680980706417,-0.0046251694427679,0.0055178344622928,-0.0093224775291536,-0.004165082682083,0.006495946698739319
2022-02-24,-0.0204779919365896,-0.0248921172832827,-0.0236386357168807,-0.0343830189103498,-0.0487937258420165,-0.024104366507398
2022-02-25,-0.0087636027734608,-0.0159973177413844,-0.0129701216129559,-0.0217390676632789,0.0147692163584212,0.00122460113761802
2022-02-28,-0.0044737720281116,0.0010378143111209,-0.0008761148925419,-0.0034481048039525,0.0042216508960688,0.008265524924050416
2022-03-01,0.0145517968313158,0.0148583293898743,0.0065759332799932,0.0065359833072928,0.0125568364442634,0.006987724291103392
2022-03-02,-0.0012657243012542,-0.0125977531834754,-0.0165503527189209,-0.0217723681806208,-0.0189019906526962,0.0033670894163497778
2022-03-03,-0.0020062010021255,0.0037928804614673,-0.0048716072409613,0.0,0.0078511184967313,0.005549891352223391
2022-03-04,0.0009523358785548,-0.0075574242302804,-0.0115711071718914,-0.0121047123995476,-0.0041435907947861,-0.005545785197275999
2022-03-07,0.0004227945182635,-0.0155764267240726,-0.0198107326122066,-0.0118577727346665,-0.0274064133272178,-0.009436857173203195
2022-03-08,0.0100379312395884,0.0017582196518097,-0.0045936459849299,-0.0071998412714822,0.0022246334334214,-0.008132126527131356
2022-03-09,0.0190398885674865,0.0171989096254567,0.0133826367450895,0.0108781824986678,0.0162211020471849,0.01052985441855947
2022-03-10,0.0239194079363582,0.0348514426461563,0.0314208519788343,0.0271025815755692,0.0394285772165994,0.012570667498595922
2022-03-11,-0.003609415612048,-0.001667110585134,0.0008828635280146,0.0031042088404473,-0.0175657698469271,-0.009396227096084009
2022-03-14,0.0263634918024935,0.0146960713476562,0.0247023271116528,0.0282399065870331,0.025613076503651,0.012180442982012263
2022-03-15,0.0174508870841236,0.0085583438769347,0.0111924392117863,0.0041383792957434,-0.0044385739684287,-0.007243609456312083
2022-03-16,0.009443144676871,0.0035901004480607,0.0085142652072491,0.0179842711300826,0.0175646199537438,0.010971707419214605
2022-03-17,0.0132684569173668,0.012682892304592,-0.0004223083949489,0.0132498904478279,0.0114019749358262,0.01056167373545347
2022-03-18,0.0013187683613817,0.0022479750828254,-0.0008444621441072,0.0018163009421368,0.0167016040022018,0.00604375174221472
2022-03-21,-0.005550895209512,-0.009932760730592,-0.0046491327400141,0.0,0.0010778743538246,-0.002166759026585585
2022-03-22,0.0035006215280208,0.0106795236365928,0.0029724981688041,0.0032632521638102,0.0131787711266975,0.008690070653065263
2022-03-23,0.0130101067464085,0.0156900981190308,0.0076204886896686,0.0075893988215027,0.0125011906305825,0.005046077855065834
2022-03-24,-0.0009305809160753,0.002206870909025,0.003781580687292,-0.0057389126336477,-0.0172955479444697,0.0012704572837893835
2022-03-25,-0.0133209129172799,-0.0040893001814641,-0.0058601849942193,-0.0039681863748566,0.0065110136989694,0.0026087329584694174
2022-03-28,0.0020770197478936,0.0078962426807602,0.0117895603911406,0.0065193228242541,0.0112195499383951,0.0008894005357567014
2022-03-29,0.0021669635308458,0.0059542632112097,0.0108198224162823,0.0028788387422857,0.0136939017977413,0.006994415041187363
2022-03-30,0.0065807946504201,0.0084113010060162,0.0090569988470445,0.0003587215389058,0.0210026023056055,0.006795412235074627
2022-03-31,-0.0121414908515409,-0.000617946580907,-0.0110158142495273,-0.0100430971088838,-0.0184459106290312,-0.0018961348412935841
2022-04-01,-0.0117236709999062,-0.0006181817861333,-0.0119636668924836,-0.0152172961751556,0.0134303396763606,-0.0007700255187366167
2022-04-04,-0.0077489964524785,-0.0080420691247115,-0.0016700861694471,-0.002207609060185,0.0004367934268716,0.0026599991839169057
2022-04-05,0.0061705034224734,0.0034300921744203,0.0058552827073017,-0.0029497773624128,0.0047067076688029,0.00187983348912657
2022-04-06,0.0129359748011066,0.0118084607071651,0.0079001252694723,0.0118343847844044,-0.0092726330891452,-0.005017136584307802
2022-04-07,-0.004446103806132,-0.0027641316412586,-0.005362943831945,-0.0007311797953859,-0.0150628485756179,-0.006295481788407664
2022-04-08,0.0013301717656584,0.0,-0.0004148512111868,0.0058522641437745,0.0078694031444643,0.004723744811124586
2022-04-11,0.0142343541785505,0.0150907604965022,0.0058091212068307,0.0072727680202075,-0.0084954950091,0.0009706499687232029
2022-04-12,-0.00159063392876,-0.0006067409590947,-0.0041253644708193,-0.0101082697598456,0.0060422762456828,-0.004152952263522303
2022-04-13,-0.0014993386580059,0.0039466072708862,0.0062138309241519,0.0025528952222668,-0.000935294955093,0.0033586582917690677
2022-04-14,-0.0004692626645185,-0.0066526683093399,-0.0074104893723346,-0.002546394543802,0.0036463004719233,0.005938661692044711
2022-04-19,0.0047887600153351,0.0121768277410554,0.012028173310348,0.0120349868453573,0.0091811410029072,0.005552768737127511
2022-04-20,0.0021492620529095,0.0006013060238216,-0.0016394839030958,0.005765797779043,0.0054487422123024,0.0005635927631355564
2022-04-21,0.0103506362449972,0.0099187649919272,0.006157613914167,0.0032246684644414,0.0207093229686068,0.003112529263648467
2022-04-22,-0.027503443421619,-0.0136903635982433,-0.012239859499174,-0.0078570973391824,-0.0158803388346614,-0.015740157452051373
2022-04-26,-0.0058840883593255,-0.0120699116261135,-0.0128045677482823,-0.005759570665801,-0.016474105779811,-0.020780669759289383
2022-04-27,-0.0167063383263488,-0.0164935350689454,-0.0188282830985639,-0.0257060612492439,-0.0169458794417509,-0.0077632280615835825
2022-04-28,0.0022330241991455,-0.000310641385918,0.005969830718612,0.0066890002737214,0.0127043971743066,0.013182301112485195
2022-04-29,0.0062965240561378,0.0136687777408319,0.0118697308565149,0.0077519806519721,0.0182513223633007,0.010619606308647223
2022-05-02,-0.0087600453090022,-0.0095004326983811,0.0004188193273093,0.0,-0.0183591672685775,-0.011838986303908783
2022-05-03,-0.0068952381350334,-0.0064975582789523,0.0008374908627679,-0.0014653004972026,0.0012303901881824,-0.004192727273570451
2022-05-04,0.0070408497791927,0.0102770881800535,0.0071131209208257,0.0044021699345713,0.0063905010647167,-0.0015075321895956506
2022-05-05,0.0070887637449847,-0.0058569104226243,-0.002492841007466,-0.0171659079448142,-0.0101107556311704,0.008210092561157012
2022-05-06,-0.0126314812346725,-0.0195348383525812,-0.0074970105988043,-0.0055741668947679,-0.0777658565040513,-0.021591254428361517
2022-05-09,0.0025392696991015,0.0018974356816492,0.0323122751432902,-0.0003840023238873,-0.0262172467646639,-0.010841685228403342
2022-05-10,-0.0093513662421258,0.003156728719774,0.0020326444150431,-0.009220246433747,-0.0108789985662122,-0.009759926339637515
2022-05-11,-0.0018682023602668,-0.0167471464015953,-0.0162271865073959,-0.0151219218545675,0.011665391643614,0.00306592788692428
2022-05-12,0.0063047542180783,0.0094986824641205,-0.0189689893674404,-0.009448936593577,-0.0379419685390076,-0.01750281398334097
2022-05-13,0.0012726542638086,0.0103829634799905,0.0088271237994692,0.009141445194148,0.0450886344669085,0.019324026388165993
2022-05-16,0.0102660115083024,0.0057804179192508,0.0158332690726148,0.0074833040030102,0.0002783108156805,0.0031359917513855695
2022-05-17,0.0173230819144811,0.00510852871927,0.0032813598392356,0.0011728178153351,0.0046198863740236,0.0027493643269949075
2022-05-18,-0.0030441191342999,-0.0063532606723893,-0.0008177312093645,0.0089808182903132,0.0055959087118735,0.009860590904650968
2022-05-19,-0.0095419724906199,-0.013427101670653,-0.0159460721982421,-0.0216716942154754,-0.0212671635772413,-0.0153883410536364
2022-05-20,0.0077070327548245,0.0068048083711862,0.0051170843779053,0.008702408969984,0.0209974137360799,0.01149207184910761
2022-05-23,-0.0009560217975712,-0.0093335211135013,-0.0067881777881284,-0.0074509279923177,-0.0082152346545155,0.00045449817844533946
2022-05-24,0.0056459777008712,0.0100714045401788,0.0055531150373298,0.002370658108908,-0.005948435113382,-0.0027452130851199907
2022-05-25,0.0102769097707196,0.0183338941958235,0.0140187848928194,0.0102483017993149,-0.0030198138015598,0.0037040774602732363
2022-05-26,-0.0069699113669482,-0.0028427383728986,0.0012567619850527,-0.0039016400248332,-0.0025804739181093,-0.006720061349504092
2022-05-27,0.0113818598637995,0.0034841588933514,0.007949831358978,0.0058754783908108,0.0291884373924222,0.010853441771462746
2022-05-30,-0.0006564580670073,0.0053662932011881,0.0053963644863348,0.0035046576058659,0.0279783518239398,0.014479110638250026
2022-05-31,-0.0206456206371412,-0.0185243087366324,-0.0144507974351865,-0.0283276501114717,-0.0113758567535192,-0.01032130461513825
2022-06-01,0.0225181783574819,0.0092768642542833,0.0096355380348363,0.0107827988225568,0.0129045735674115,0.0031640143063973447
2022-06-02,-0.0119012998524434,-0.0079239385482732,-0.0070540445501684,-0.0134336018907174,-0.0270199661715472,-0.008017335819481608
2022-06-03,-0.0022762240134279,-0.0006388537122152,0.0029253226461702,0.0020025776480645,0.0040919960281706,0.008753684105524684
2022-06-06,-0.0049430276274277,-0.0054347668789799,-0.0033333759793409,-0.0079935281649505,-0.0061944823326458,-0.004338099470490908
2022-06-07,-0.0259838167375471,-0.0324655614020871,-0.0213210847235773,-0.0149074414541549,-0.0295788391160564,-0.015338463609525399
2022-06-08,-0.0440369582492613,-0.0395348505408325,-0.0610849716699218,-0.0229037448689062,0.0098597010116299,0.003574099982779133
2022-06-09,-0.0258540577520191,-0.0228293779493147,-0.0368517391798656,-0.0226038048650034,-0.0031241820727294,-0.014233576990019037
2022-06-10,-0.0123223341196657,-0.006725590911216,-0.0151157012419281,-0.0119914654263183,-0.0353705862826105,-0.012502536820132248
2022-06-14,-0.0275112764060022,-0.0434783400008057,-0.0374101842466215,-0.0463805177297225,-0.0522743695407096,-0.035480953585033004
2022-06-15,-0.0063594647053296,-0.0190015215055363,-0.0184353175729118,-0.0181817542283744,0.0045913947879103,-0.012712471150825522
2022-06-16,-0.0016553603952528,0.0011394281276879,-0.0187819213111914,-0.004166536984845,0.0034735374628396,-0.0015049505357507265
2022-06-17,-0.0354814687551955,-0.0166920641496033,-0.0072423861561633,-0.016271680115194,-0.0301816097441617,-0.017644817161426518
2022-06-20,0.003323459072392,0.005401351076625,0.0,0.0108695068334123,0.0112710441913446,-0.006398576743630424
2022-06-21,0.0242148889792148,0.0379891862096781,0.0270972998703646,0.0261806385486853,0.0154800027624024,0.014081685162455226
2022-06-22,-0.0011153985680553,-0.0022181133018487,-0.0091323880808067,-0.0054669834872266,-0.0101219504881103,-0.0023226329395078515
2022-06-23,0.0020098192223501,0.0051872179642136,0.0046083088639059,0.010994182157116,0.0077615671835167,0.00305762905744289
2022-06-24,0.0045681788128548,-0.0040545350624103,-0.0071354569702059,-0.0072500053689945,0.0105744198347965,0.007697469185704353
2022-06-27,0.0397070547866962,0.0336787466835697,0.0225870715594642,0.0301234759211854,0.0056251204457176,0.0193434452734218
2022-06-28,-0.0021333670949115,-0.0050125554915492,-0.0085341430937765,-0.0066459257383049,0.0058340973914479,0.00860266965624601
2022-06-29,-0.0057730766145837,0.0100755320333489,0.0096203028177561,0.0093664159658142,0.0050832212317699,-0.007973655256662382
2022-06-30,-0.0281721812035805,-0.0242253286775097,-0.0220663643929488,-0.0265133312538395,-0.0212400279804871,-0.0197058155586316
2022-07-01,0.003540780917689,0.0043812437172439,-0.004102557083538,-0.0013619198558408,-0.0016413152344866,-0.00428588206340641
2022-07-04,0.0082691069481113,0.0083606618796145,0.0128732663445907,0.0127273049038492,0.0177178743085155,0.011109430839277623
2022-07-05,-0.0024057612807306,-0.0032444522510873,0.0,-0.0035905646980012,0.0091535041917396,0.0025353985819438485
2022-07-06,0.0084401754750025,0.0180832002509243,0.0091512613649287,0.0090089216689817,0.0058097496752287,-0.005242793569681159
2022-07-07,0.011739135052228,0.0,0.0075565192082849,0.0178570792395542,0.0058353043678649,0.008108573817541043
2022-07-08,-0.0052643398730626,-0.0014208483561451,-0.0024998700936742,-0.0043859230452509,0.0002344623653423,0.004529298040955476
2022-07-11,-0.0004319728447658,-0.0120953863005445,-0.0005012743782255,-0.004845747211514,-0.0166382952757441,-0.011358599234577826
2022-07-12,0.0116692757337584,0.0129635377356636,0.0080241755799823,0.0048693428158861,-0.0010725762654045,0.0006794656204247573
2022-07-13,0.0106802292880821,0.0113756939916034,0.0029849658871112,-0.0118942230068539,0.0222460712033505,0.0023116647497847254
2022-07-14,-0.01489987528576,-0.0052722010947965,-0.0109126926012216,-0.02229157455417,-0.0023336470754605,0.00438889967942524
2022-07-15,0.0005362687178407,0.0053001445225508,-0.0020059846689941,-0.0132240093571419,-0.0176024048221342,-0.006773297340802342
2022-07-18,0.0103998822128983,0.0193324103411676,0.012562752936007,0.0,0.0317875697155671,0.012348369130602554
2022-07-19,0.007534079991234,0.0144826677540195,0.0074441329584247,0.0,-0.0328850755155735,-0.005613883241256334
2022-07-20,0.0112689608139089,0.0078177138179722,0.0113301813743542,0.0,0.0390143278892998,0.016483953734765633
2022-07-21,0.016663268609683,0.0003374375711133,0.015099802876979,0.0214848975120067,0.0041915025766285,0.005188633158049072
2022-07-22,0.0018439923011805,0.0074172091304693,0.0110364827963109,0.0300957704580906,-0.0037736182538803,-0.0004092394402142041
2022-07-25,-0.0074643124020045,-0.0003346070984716,-0.0009492571177468,0.0013280555206858,-0.0002296315411723,-0.00023075893134294478
2022-07-26,-0.0035027702561504,-0.0050217190495189,0.0038005240461604,0.0008841253782272,0.0082090453663767,0.002553648247953344
2022-07-27,0.0224336267727505,0.013795323852296,0.013251303953482,0.0039752616944848,-0.01081837182089,0.0023449045806795965
2022-07-28,0.0100102444446115,0.0066380014837232,0.0009341824965443,-0.0013198757026451,0.0297012435900105,0.009747806104576595
2022-07-29,0.008809607328525,0.0089019565552987,0.0037330220240583,0.0088105186796016,0.0125217685684895,0.00804163986140538
2022-08-01,0.0030764331521808,-0.0006535438500613,0.0069733570456316,-0.0069868361557533,-0.0067907766842953,0.006885791774622341
2022-08-02,0.0088047709839045,0.0124265164807588,0.0156973689634123,0.0030782150635986,-0.0057810178328759,0.0007260891822034043
2022-08-03,-0.0147101031339633,-0.0058138745860125,-0.0113637949644883,-0.0043840154350325,-0.0138095062737675,-0.003158743050626134
2022-08-04,0.013237782786698,0.0038984817023177,0.0045978963701052,0.0030824927847337,-0.0027780518865092,-0.00014528100708743885
2022-08-05,-0.0038310890290357,0.0003235617971104,0.0050341053339788,0.0074625977557754,0.0058555630445094,0.005830657120022176
2022-08-08,0.0117344042603255,-0.0064703443800919,0.0050092127223011,-0.0017428250114621,-0.0017520414176277,0.0007215749958271456
2022-08-09,-0.0128654649906443,-0.0293063974957524,-0.0077027693154633,-0.009166434016943,0.00849275881454,0.0013116224997047343
2022-08-10,-0.0027644504155747,0.0137536746615058,0.013698563653606,0.0334801612196824,-0.0108353653197311,-0.005285746081849174
2022-08-11,-0.0014853240382247,0.0102582683932339,0.012612722456589,0.0187552339753813,0.0191270070632196,0.0118847188567055
2022-08-12,-0.0050568673145175,0.0081887500927628,0.0080070362061812,0.0050210508712156,-0.0054020642799283,-0.005334464498427338
2022-08-15,0.0011959143983644,0.0009745450080738,-0.0101498493251448,0.0004162971962464,0.0127667425623552,0.004714298225437563
2022-08-16,0.0099541978411989,0.0074650160486655,-0.0040125474110831,-0.0083229784891467,0.010394151556355,0.005893000910465407
2022-08-17,0.0026167755642514,0.0090207382525342,0.0080572141712578,0.0016787677210672,0.0054720199908695,0.004858237524177245
2022-08-18,0.0137522887363814,0.0031927470676822,-0.0079928143541752,-0.0121493863645775,-0.0088162662133298,-0.001853513994581557
2022-08-19,-0.0102979865669139,-0.015913520430403,-0.0071620268892392,-0.020356151770203,0.0008235729332659,0.0002366440877668019
2022-08-22,-0.0099050553284024,-0.0122895740312543,-0.0171327437020898,-0.0112553215155555,-0.0201339526952805,-0.0090553680226384
2022-08-23,-0.0196039766439803,-0.0196465040028482,-0.0201833683506166,-0.0170754313867272,-0.033816656475605,-0.012049933966567838
2022-08-24,0.001855356561693,0.0023380985388046,0.0009361480878793,0.0160356225580182,0.0044620143042977,0.005696632158920911
2022-08-25,0.0063785867188954,0.0096635812267131,0.0098223501412464,0.0021922180728464,0.0170761999266593,0.00729351383041732
2022-08-26,0.0050091273283392,0.0102309514205631,0.0041685547179695,0.0043744257398674,0.0124786750198555,0.008179005440786646
2022-08-29,-0.0206488329559131,-0.0251552237563158,-0.018911371073858,-0.0226482137817342,-0.0248740034590931,-0.01933729389667871
2022-08-30,0.0028043335058043,0.0050266119095423,0.0004701656884318,0.0057932337185511,0.0063773020961677,0.004834025420954902
2022-08-31,0.0095286905833127,0.0200068146645016,0.0155075103473307,0.0115197309433725,0.0119312889788811,-0.0005822441894798303
2022-09-01,-0.0145686254360865,-0.0094800522398876,-0.0175845415696919,-0.008322352772298,-0.0158525678589624,-0.013666912432112821
2022-09-02,0.0093701936139891,0.0079207093986743,0.0080077655645054,0.0048587120529355,0.0157638870360479,-0.0020161704098895505
2022-09-05,-0.0045384291515571,-0.0065489613512542,-0.0023365473644197,-0.0052748611842561,0.0121331005331177,0.004715329760939468
2022-09-06,-0.0041446300994721,-0.0032958752095356,-0.0037471207374717,-0.0017674696115447,-0.0065235404394774,-0.0028693322585875425
2022-09-07,-0.0209137027648773,-0.0307540645139101,-0.0206862908835383,-0.0137229925758457,-0.0306432215887135,-0.013772619271916642
2022-09-08,0.0117961521619764,0.0105766027739317,0.0163225082432356,0.0278276514013537,0.0327699711746283,0.019440224898201075
2022-09-09,0.0033609213532601,0.0077651632559703,0.003778869525576,0.0052403104543459,-0.0030834147634469,0.006700268676727017
2022-09-12,0.0078509832129973,0.0046899067734533,0.0103530473049064,0.013466446335564,0.0181635225691636,0.010251691020182196
2022-09-13,0.0172414814882351,0.0096701049089888,0.0055891009176773,0.0064295534872338,0.0065723228098821,0.0065141667652501845
2022-09-14,-0.0355320767975276,-0.0307133600651572,-0.0185270071015526,-0.0225724057867003,-0.0326474326114659,-0.025815251588380717
2022-09-15,0.0063517278718268,0.0160137632786621,0.0165172559311934,0.0344224665531684,0.0013612918883183,0.0026364918303973806
2022-09-16,-0.0087310577675239,0.0046946244382186,-0.0004642722034288,-0.0080032411130623,-0.0219212893043091,-0.015127561082186158
2022-09-19,0.0045632332553355,-0.0086781035830938,0.0009288660001913,0.00042460548008,0.0019111261250677,-0.002814220359266928
2022-09-20,0.0197547581587314,0.0175082228190515,0.0157771641745076,0.0118845184468681,-0.0008670366767682,0.01287392756461836
2022-09-21,-0.011188011315961,-0.013236004544072,-0.0073092606771465,-0.0100669725992093,-0.011512837842026,-0.015399691715354158
2022-09-23,-0.0189629367762317,-0.0157613645183171,-0.0142659458477095,-0.009322138742726,-0.0309609508910646,-0.018729172778632397
2022-09-26,-0.0003203253012646,0.0,-0.0112045163864894,-0.0145422757672895,-0.0123815322989576,-0.01601900583593474
2022-09-27,-0.0019227552039298,-0.0034071264607999,-0.0056656285535635,0.0047741511717698,-0.0092343594520416,0.0041347584218871525
2022-09-28,-0.0095259391771019,-0.0088889887091869,-0.0061728768903593,-0.0043195248305056,-0.024504622919529,-0.005254365026946428
2022-09-29,0.0062676129285867,0.0096585507721718,0.0090780381308297,0.0138828405372322,0.0093012772752409,0.014474422061526715
2022-09-30,-0.0259881061967591,-0.0157157137151485,-0.0227274506448903,-0.0243903615828243,-0.0424423196099011,-0.012322060276585889
2022-10-03,-0.0009922223011543,-0.0027768386373371,-0.0019379523390746,-0.001315613223812,-0.008707644484595,-0.0026770797870201424
2022-10-04,0.0461316533150684,0.0396797521220404,0.0402913662177082,0.0496265429009432,0.0453734959130225,0.037587189384698405
2022-10-05,0.0263741856809498,0.0214261411651954,0.0335977492974268,0.0251046520708875,0.0241344236652267,0.017373511383053986
2022-10-06,-0.0042143512066409,-0.0078661927792813,-0.0094807874630528,-0.0044897490754154,0.0069710264006388,0.0002827555812208171
2022-10-07,-0.0047480268428743,-0.0042946911843875,-0.0027349544402127,-0.004099917551141,-0.0114562033479053,-0.008031012860522657
2022-10-10,-0.0151419709425724,-0.0165893422104345,-0.0137110872039136,-0.0160562059557587,-0.0116510136252322,-0.014050161321948695
2022-10-11,-0.0101095856828107,-0.0050606868114116,0.0009268234167167,0.0020921379899612,-0.0057687929885485,-0.0033983510858888177
2022-10-12,0.0243615881972587,0.0132247748076796,0.0375001694905616,0.0334029189914755,-0.001387425922256,0.00039210235297693075
2022-10-13,0.0191090240887112,0.0237617653395056,0.0294511178496865,0.0210102247324104,-0.0071997909258629,-0.0007415008482424268
2022-10-14,0.0078466572315225,0.0160183097618926,0.018638791697914,0.0035613423465652,0.0236005764419036,0.017553156339111142
2022-10-17,-0.0081900403932405,-0.0096523545058784,-0.0029787492368946,0.0019715969329703,-0.0416381727275754,-0.013965102740795987
2022-10-18,0.0172290387083979,0.0146196834712202,0.0234742673798902,0.0094451567583693,0.0525906778536522,0.017222242596291792
2022-10-19,0.0070155577629711,0.0137689654139472,-0.0137615582531623,0.0070175386087152,0.0001231390769309,0.0030738981447964164
2022-10-20,0.0028861271861631,0.007264596612118,0.0114165755766137,0.0,-0.0286437294818268,-0.010194430001788546
2022-10-21,-0.0147862492820908,-0.0153653936990421,-0.0079432828042304,-0.0108400797063045,0.0,-0.008019544319932015
2022-10-24,0.0120871514896225,0.0073248244718335,0.005899856223664,0.0015656608527321,0.0239078411334403,0.015446103736020955
2022-10-25,0.012937862737028,0.0101170700861694,0.0012567619850527,0.004298602445603,0.0219248725526424,0.0028400131639674253
2022-10-26,0.002161442067643,0.0037558662250747,0.0046025079379228,0.0054473620658639,0.0060605699324454,0.001802229629486396
2022-10-27,0.0041176852801314,-0.0053009613303578,-0.0099958653877273,-0.032894813194506,0.0032531662981027,0.005107952671740579
2022-10-28,0.0078110262189412,0.0031348430024285,0.009255557870786,0.0088036215984512,-0.0002403540407638,-0.00867965538805271
2022-10-31,0.0141445217702489,0.0131250646079184,0.0050020001108601,0.0138833891617102,0.0180181225577076,0.011456208881327257
2022-11-01,0.013087533551543,0.0086366144076277,0.00870995759885,0.0156493556167012,0.014749277514823,0.016539473638000013
2022-11-02,-0.0007543247233425,0.0012232881349001,0.007401338551729,0.0007704667890184,-0.0181395195424513,0.0014046988492930623
2022-11-03,-0.0138719774722949,-0.0180208873374769,-0.0240815936973988,-0.0115473656507265,-0.0143890758176329,-0.0184318826100337
2022-11-04,-0.0138755908514729,-0.0009331615461195,0.0096194186246953,-0.0070094337604352,0.0235507643994967,0.005042161228201669
2022-11-07,0.0002911600222468,-0.0121418527794929,-0.0393538714515605,-0.0173666809232951,0.0049591212449113,0.007623701089270796
2022-11-08,0.0135817527653641,0.0069334725509928,0.0202674026038707,0.0028771443102821,0.009155820261516,0.0036294013342832443
2022-11-09,0.0027755482558491,-0.0090765919455582,0.002535933376319,0.0061475398097881,0.0100739454022655,0.005860857665430208
2022-11-10,-0.0069676321814118,-0.0208465525445776,-0.0046375339029982,-0.0109979043206521,-0.0096820183008704,-0.005040471846113004
2022-11-11,0.0170127002737423,0.0112903776553636,0.0199070652814925,0.0148269376693925,0.0560105055266411,0.02784820352581785
2022-11-14,-0.0067102423553737,-0.0028708484008259,-0.0095516045497023,-0.0150161744864859,-0.0088120780968243,-0.001621432069855877
2022-11-15,0.0131305344289296,0.0003279298182661,0.0046122557875281,-0.0016482016634054,0.0107471676218529,0.000510430500985759
2022-11-16,-0.0178437919440819,-0.0059035483796253,-0.0050083618922471,-0.0028889224739303,-0.0093526396123887,-0.002715646090502455
2022-11-17,0.0101357748794146,0.0095678598170572,-9.907435816192135e-08,0.0062086079545424,0.0105649484416125,0.00294507347206574
2022-11-18,0.0017038801684885,0.0019608246336795,0.0181034629661993,0.0078156928856143,-0.0028360139711852,0.0023644096134867176
2022-11-21,0.0071820341802377,0.0055445882534546,0.0148178978244193,0.0106121668152145,-0.0098148033214449,-0.0017381601153835247
2022-11-22,0.0086319677005413,0.0045410272002779,-0.0012514833256218,-0.003634875765055,-0.0087859003456112,0.005946193902507391
2022-11-23,0.0053024680994504,0.0106554369799118,0.0058479897121315,0.0024322167590669,0.0154545260250582,0.007028127263614792
2022-11-24,-0.0005553516296934,-0.0022363112441946,-0.0087209366146372,-0.0032350872453407,-0.0040845976192956,0.0014373435757082387
2022-11-25,0.0110176278469562,0.0083253301594596,0.0050272895698764,0.0068966833756185,-0.0002248098568119,0.002448561016055617
2022-11-28,-0.0065935703705656,0.0031755567520797,-0.0095875033821565,-0.0040291018112894,0.0028098339339468,-0.00417959201544682
2022-11-29,-0.003595131602063,0.0031656478131902,0.0029460982240407,0.0076862527508285,-0.0025215520763161,0.0033575013585496194
2022-11-30,-0.0021278453261672,-0.0047334157424213,-0.0025177679976574,-0.0068247908423239,0.0039886719274444,0.004335778756373143
2022-12-01,0.0051919909460209,0.0044387317306526,0.0063105496318542,0.0084884846015043,0.0189692841015911,0.009663335376686177
2022-12-02,-0.0135583474327438,-0.0094696781608326,-0.0066890734435492,-0.0120242314602467,-0.0102141652609034,-0.007200475447676324
2022-12-05,-9.348686300292286e-05,-0.0038239542767156,-0.0016834570596557,-0.0032453979978553,0.0012760173172274,0.003465103778548917
2022-12-06,-0.0046755189519034,-0.00735766357399,0.0012647703509611,-0.0077329877445752,-0.0206681982179749,-0.004687475113038464
2022-12-07,-0.0083615165216383,-0.0122463672444015,-0.0075790363652833,-0.0143559317888052,-0.017539981925113,-0.008486861526193712
2022-12-08,-0.0018948698212623,-0.0172918592396754,-0.0118794858792323,-0.0183105182141106,-0.0142822220985603,-0.0074346519039684145
2022-12-09,-0.0035121309335743,0.0023239971910038,0.0064405097890636,0.0021195418021457,-0.0182288437564833,0.005244425808258013
2022-12-12,0.0039054742446993,0.0,-0.003412878920854,-0.0042301176930132,0.0205905655890314,-0.004484914035897236
2022-12-13,0.0099630870602143,0.019874089183592,0.0128424197567693,0.0237894093299795,0.0079299682129188,0.0031250273690539565
2022-12-14,0.004509612523496,-0.0025982751922242,-0.0038039332568839,-0.0037345160783021,0.0078097830361838,0.006668043684393998
2022-12-15,-0.001122321278957,0.0026050438129381,-0.0029698470900296,-0.0045815398541674,-0.0144652776780439,-0.006415609723142479
2022-12-16,-0.0076780863560532,-0.0126663802156175,-0.0085106083306778,-0.0117154410425237,-0.0104258487886106,-0.007787401481653022
2022-12-19,-0.0033024026781017,-0.0046054073162801,-0.0021460137749738,0.0042336996694642,-0.0066509731500308,-0.0020713465083503912
2022-12-20,-0.0028400690824471,0.00066115165902,0.001290436749519,0.0029511349986637,-0.0158203013176513,-0.015310643363228404
2022-12-21,-0.0056963994365191,-0.0006607148263164,0.0115978769445765,0.0134509687225736,0.0100541215156269,0.012929766605697113
2022-12-22,0.0084980410090598,0.0085923535892029,0.0,-0.0041475594742462,0.0052451459593327,0.005258469915041752
2022-12-23,-0.0075742899009717,-0.0045872995248876,-0.0021231347905106,0.0024989776380455,-0.0043283851458612,-0.0062657950708677745
2022-12-28,-0.01640916900213,-0.0052666074261183,-0.0004254717307778,-0.0157873414800983,0.0003573858754279,-0.0029942650278459437
2022-12-29,-0.0098931923478569,-0.0099270310043333,-0.0093657322657371,-0.0037989526674728,-0.0117870552145726,-0.007913677129259389
2022-12-30,0.0050939266903149,0.0046790636789004,0.0034379104774235,0.0025422931630418,0.0057830638014257,0.002653284780210985
2023-01-03,-0.0151072220654611,-0.0212907628010978,-0.0265524471814124,-0.0274725215218584,-0.01371579706044,-0.013141516109538398
2023-01-04,0.0206827780394986,0.0095173257319465,0.0312361809126531,0.0269447398619218,0.0315780726963252,0.016272079900519376
2023-01-05,0.0017452656074501,0.008080745727397,0.0012798786253012,-0.0004232105086333,0.0126569497832813,0.0006246743927158516
2023-01-06,-0.0013549694575373,-0.006011921330648,-0.0029825008466447,0.0021168498347321,0.0025578284898761,0.00650731993073328
2023-01-09,0.001356807890789,0.0080645296228516,-0.0012819681664053,0.0021123782471887,0.0095094555279926,0.0058698705892730185
2023-01-10,0.0,-0.0023334440904443,0.0017115505268854,0.0,-0.003331337946509,-0.002817405221205993
2023-01-11,0.0020325391480227,0.0043435451059872,-0.0046988691275057,0.0122260465309038,0.0037458010265576,0.009022862692454447
2023-01-12,0.0159373508236866,0.0246173856629632,0.0085836605032645,0.0099957165095811,0.0162485699419734,0.011821511018513142
2023-01-13,0.0125500192206673,0.0162337087318309,0.0110638299537184,0.009896983114668,0.0071752715366111,0.006552184543835438
2023-01-16,0.0079811135050027,0.0111821347331786,0.0071549343517527,0.0163332895465633,0.0097042930276229,0.008198166709886934
2023-01-17,0.0008384102962313,0.0006319007317991,0.0,0.0008035727822992,-0.0039999524534134,-0.00025508800480245064
2023-01-18,0.0019545974218071,0.0,-0.0045967624891423,-0.0048173783975263,0.001784767818973,0.00095629275645992
2023-01-19,0.0101253564301599,0.0012631463092063,0.0054575985755707,0.0036303824502761,0.0132518104341843,0.005674386586025371
2023-01-20,-0.0007355836661032,-0.0034689489489403,0.0020877712307927,-0.0052251357803126,-0.0064842544415867,0.0022657932120881963
2023-01-23,-0.0004601590036782,-0.0028481239327503,-0.004583450733699,0.0068688179908649,0.0073007503742519,0.0006858514369951774
2023-01-24,-0.005156056503409,-0.0053950918721499,-0.0100460667217003,-0.0120385205736581,0.0126838783382285,0.004442680579044067
2023-01-25,0.0072187143548865,0.0044670578676537,0.0008457407545094,-0.0008123853473158,0.0037957220263959,-0.0029502312555084176
2023-01-27,0.0093723881231462,0.0098476413244594,0.0109843679885628,0.0154472083626489,0.0125855808405914,0.0034190789584316317
2023-01-30,-0.0008191697385865,0.0012580932347479,-0.0075219313222147,0.0020016940495739,-0.0026138103292496,-0.0016252679608317333
2023-01-31,0.0027332043095611,-0.0012565124249666,-0.0012631727275472,0.0023969551271014,0.001978899795207,-0.0006672447540337911
2023-02-01,0.0008178459179568,-0.0018874246496846,-0.0050590814038447,0.0075728111531379,-0.001814730085725,0.0033438662338578506
2023-02-02,-0.0038130172708659,-0.0072487499603205,-0.0042372732787063,-0.0047468711646603,0.018021124498607,0.0013312605011475132
2023-02-03,0.0129408901697904,0.0126984111016374,0.0178724535516914,0.0234498972148713,0.000315330634004,0.006184930635942498
2023-02-06,-0.0035988035368227,-0.0006270194806019,-0.0029264876488386,-0.0066019767391999,-0.0076668512386757,-0.0025309143890223096
2023-02-07,-0.0040631183906557,-0.0047049931188347,-0.0050315056988974,0.0031274974993134,0.0071968544875424,-0.00462127912341781
2023-02-08,0.0001812950034207,0.0104002159994378,0.0071639798876601,0.0050662136493995,0.0257448701320071,0.003466388647976215
2023-02-09,-0.0009971804904648,-0.0034310078873363,0.0,0.0050405861802942,-0.0058393956724837,-0.00520581541535825
2023-02-10,-0.0023590785495576,-0.008450842119439,-0.0025103936142926,-0.0081016897910278,-0.0133957928629677,-0.0075659569877837285
2023-02-13,-0.0059117222411881,-0.0094696781608326,-0.0058725197813931,-0.000388881152139,-0.0056921319814107,-0.00213996635846192
2023-02-14,-0.0004577054908115,0.0073296003345662,0.0067510694204095,0.0019454341214986,0.0066175454400043,0.001956552004499512
2023-02-15,-0.0572081289528721,-0.0411263067702798,-0.0431684428859342,-0.0376697513525015,-0.0039653834252806,-0.010584010857128678
2023-02-16,-0.0145630228115899,0.0065985935376751,-0.0030662104116041,0.0056496027943244,0.016814989649373,0.008167262149386456
2023-02-17,-0.0052216281748594,-0.0216323987076718,0.0008787112826993,-0.0100321939564352,-0.0263250786804704,-0.008560223000851908
2023-02-20,0.0124789813794647,0.0150754988169128,0.0100966611648698,0.0028373973675441,0.0091533567268375,0.0012249372863131214
2023-02-21,-0.0069453997213425,-0.0066007707609826,-0.0073881451840801,-0.0048502936050923,-0.0017826563325371,-0.0018225845562481746
2023-02-22,-0.0022127197577024,-0.0013288057735035,0.0013133998993237,0.0125914051787532,-0.0005252843386963,-0.0013050747094538462
2023-02-23,0.0070565420292263,-0.0099800191796597,-0.0091822425186612,-0.0068192226222636,-0.0076199004953469,-0.0037170710601688306
2023-02-24,0.0132132141435121,0.0030240655104418,0.0004412438206846,0.001211782059115,0.000370790210773,0.0031754862813071494
2023-02-27,0.0016793299394555,0.004690113061502,0.0026467008251676,0.0016135346340964,-0.0024350005827413,-0.01020008389928162
2023-02-28,-0.0069038686422513,0.0003335897395646,-0.0087990139295894,-0.0072494435466656,0.0056778347261245,0.004920312162398854
2023-03-01,-0.0162877228769111,-0.0206667638432055,-0.0204170890322072,-0.0113588929924938,-0.0032714216572264,-0.00030155339647464086
2023-03-02,-0.0199899079267559,-0.0187202058256561,-0.0194835160749398,-0.0270824913617057,-0.0213871040345381,0.001273773190184846
2023-03-03,0.0070052123739503,0.011099594639748,0.004158907550422,0.0059048571406956,0.0032999384983458,0.004107986201765668
2023-03-06,0.0086957768269513,0.0113207933942973,0.0165671538066827,0.0146748513332053,0.0243705231992856,0.006633979907809451
2023-03-07,0.0030424857289754,0.0078018421914165,0.0126752885460514,0.0123966918282751,0.0158428378281298,0.005161698742028431
2023-03-08,-0.0049544242170322,-0.0087511883763212,-0.0116226057755763,-0.006938812223065,-0.0111917567418481,-0.005637004574677751
2023-03-09,0.0031501291945197,0.0149404737475322,0.0122114992371515,0.0065762614626196,-0.0003142827874207,0.005001200310478682
2023-03-10,-0.0325163138018211,-0.029775713809294,-0.0263626902689695,-0.0261329018196305,-0.0320787704966442,-0.02271559433414838
2023-03-13,-0.0040833020255576,-0.0158621075595316,-0.0137678386226488,-0.0192874190834991,-0.0137008752802294,-0.004983399882454997
2023-03-14,0.0016820066589786,-0.0154170898699352,-0.0037226697162503,-0.014963557408075,-0.0307473446086607,-0.014052243828988842
2023-03-15,0.0012595445916228,0.0074734236385114,0.0112095245906778,0.0108506913726491,0.0088937587297925,0.008640662290336998
2023-03-16,-0.0010480898515147,-0.0173083938826502,-0.0212468711119482,-0.0244740563400398,-0.0166759351118414,-0.014540651605060906
2023-03-17,0.0120670774060276,0.0165348272288692,0.0023594865144693,0.0039611435948903,0.0037685099020803,0.004252365170513972
2023-03-20,-0.0038362767873568,-0.0148514708846052,-0.0056495677224697,-0.0140288716832462,-0.0455658898354163,-0.013741983852458395
2023-03-21,0.0045795478001877,0.0053841333638915,0.014204384371292,0.0115608157804814,0.0330790944648025,0.008311562060438815
2023-03-22,0.0064236266049046,0.0014278752109793,0.0004670019952746,0.0043955006505651,0.0044424693941871,0.00869688446648631
2023-03-23,-0.0011324158369717,-0.0149731684803821,-0.004666552973871,-0.0039387096609762,-0.0178058541477947,-0.006696350301569898
2023-03-24,-0.0122643515425793,-0.0162866118632345,-0.0060944871809516,-0.0105447926213985,-0.0081870542507376,-0.0019194782329577942
2023-03-27,-0.0080342553307333,0.0084621258742889,0.0014148939653526,-0.0035524590509866,-0.0153302261112463,0.0009699586859905907
2023-03-28,0.0104133821830891,0.0091206847660592,0.0141311140454092,0.0089127581154244,0.0202994050397062,0.010475277852854736
2023-03-29,0.0029149540759598,-0.0224149837357984,-0.0074315065129505,0.000883227343994,-0.0036975459466641,0.002309201141226902
2023-03-30,0.0146355618740114,0.0232987515901132,0.0149741870351993,0.0092675538160631,0.011840321840459,0.010296591034722358
2023-03-31,0.0058313073645825,0.0018070621109602,-0.001383248105624,0.0026235439977606,0.0226466249552357,0.007820917824962192
2023-04-03,0.0096623257256842,0.0068543026295784,0.0106186366071299,0.0126470618413792,0.0074576021453094,0.006305573425280153
2023-04-04,-0.0029213234442138,0.0057326948263907,-0.0041114103476286,0.0021533158043689,0.0140702210384262,0.0018006924057478724
2023-04-05,0.0008080757548438,-0.0010687383235258,-0.0009173014761911,0.0012891733563764,-0.0071883498024485,0.00017523252072493278
2023-04-06,-0.0005044659950173,-0.0057061167062268,-0.0004590718453769,-0.0047208496109615,-0.0068474007284267,-0.0025089755768438193
2023-04-11,0.0075748899716885,0.0132711772654339,0.0174551705781187,0.015955088324407,0.0110767206712827,0.012610499947149245
2023-04-12,-0.0053126781366374,-0.0049557469655031,-0.0013544176408852,0.0021221417505261,0.0038565089716129,0.004648753885751811
2023-04-13,-0.0101784186129357,0.0007113977923878,-0.0013561506643799,0.0067770057567104,-0.0043428131356767,-0.002690917711942631
2023-04-14,0.0090612414516961,0.0117312076467044,0.0072429031088983,0.0088345842003554,0.0067105785233696,0.005115053115207768
2023-04-17,0.0063566375057313,0.0073788101219331,0.0004495812499825,0.0095911876828529,0.0034994617576691,0.0028052456622620348
2023-04-18,-0.003408842425203,0.0031392739801288,0.0008984486607477,-0.0004129754341197,-0.0022694400319096,-0.0028906117884319737
2023-04-19,-0.0003019209558656,-0.0052155659984226,-0.0022442601864487,-0.002479357617568,0.0002774325294714,0.0007696643601811104
2023-04-20,0.0155983084551807,0.0171267415583844,0.0152946548272445,0.0132560429249912,0.0074325170803855,-0.0004546780099229375
2023-04-21,-0.0110978878806921,-0.0113401676959693,-0.0124058248727333,-0.0053148557011964,0.00798321088021,-0.004321129450403416
2023-04-24,0.0031061684232396,0.0006952353289375,-0.0017945821623297,-0.0045211857396281,-0.0089032668496636,-0.0011446466857230053
2023-04-26,-0.0021975543952891,0.0017366842350345,0.002696557759259,-0.0004129010961932,-0.0011022348236595,-0.0007772055584709392
2023-04-27,-0.0079086876024505,-0.003814159944202,-0.0022409337021139,-0.003717356225951,-0.0029791560936327,-0.0032190809087190297
2023-04-28,0.0026236732970261,0.0038287634604285,0.0094338658249892,0.0095357107950795,0.0104586803638262,0.0022494129721024603
2023-05-01,0.0108693771296981,0.0121358707070491,0.0040053875715757,0.0069814601035438,0.0064074306427075,0.003476330850091358
2023-05-02,-0.0033850000393713,-0.0034257720568195,-0.0004434034515983,-0.0040783024958892,-0.0138760515603034,-0.009156616982936683
2023-05-03,-0.0180819310798514,-0.0185631499333613,-0.017294799511999,-0.015970493235728,-0.0116985551834458,-0.009631916893639847
2023-05-04,-0.0257401315501768,-0.0640980858289058,-0.0410650843629329,-0.0237203823606592,-0.0075934654846944,-0.0005968689719881848
2023-05-05,0.0038638294571751,-0.0052394313033231,0.0047059742303372,0.014492829893939,-0.0021943722177177,0.0037402431576880613
2023-05-08,0.0102986447805486,0.0195635857411144,0.0182668709608935,0.001260366803248,-0.0217083733367372,0.007822964270566057
2023-05-09,0.0022651209436499,0.0095940979134192,0.0013801726473972,0.0071339028620853,0.0226513393561738,-0.0017053475065166301
2023-05-10,0.0052394241808708,-0.0101770735852577,-0.0032155067350374,0.0045832547942183,0.0002816317917169,0.00013899233916814246
2023-05-11,0.0051097640324131,0.0041888577337076,0.0061903416180515,0.0082954088051891,0.0113816819378433,0.0006199990025324009
2023-05-12,0.0062024457525278,0.0015166930282559,-0.00189277542988,0.0078156928856143,-0.0023397330897089,0.0006524324754788591
2023-05-15,-0.0046482431486017,0.0018933483828336,0.0018963648226224,-0.0067538799177968,0.0014891281600253,0.003340738790627018
2023-05-16,-0.0092388351202459,0.0,0.0,0.0004249339648405,-0.0028023830261484,-0.004463956015073101
2023-05-17,-0.0046109611630643,-0.0102041628863793,-0.0099383342607722,0.0016992052641489,-0.0126756857747453,-0.004898930767486043
2023-05-18,0.008853215685747,0.0080183083114213,0.001911987947522,0.0025445798195466,0.0084233147580676,0.005249960388812314
2023-05-19,0.0183672923369102,0.0151514433530755,0.0128817673373446,0.0139593816733119,0.0168212237932088,0.005905774449132206
2023-05-22,-0.0090181389554694,-0.0085819409814563,-0.0080076603302767,-0.0075094416571837,0.0003398361867597,-0.0022350030725863945
2023-05-23,0.0054601409105072,0.003763563121707,0.0094967061545074,0.0075662600455588,0.0209549391784606,-0.0003945604457114005
2023-05-24,0.0049275192674924,-0.0022495723417811,-0.0014110056768759,-0.0004171337769354,-0.0156985963557466,-0.00634862182080409
2023-05-25,-0.0221154361487709,-0.0214205232513496,-0.0160152158852735,-0.0254590691882129,-0.0222047917544154,-0.010345271265301603
2023-05-26,0.004502690767465,0.0072963281183231,0.0014362101939617,0.0051389983636587,0.002881810293426,0.002370305135199313
2023-05-29,0.0143642893137436,0.0129623335497139,0.0114721403408935,0.0115040850543537,0.0131034445422566,0.008751372658833745
2023-05-30,-0.003916803792788,-0.0018818641639685,-0.002362930231116,-0.013900581608775,-0.0066937560790628,-0.0011210539501739225
2023-05-31,-0.0241984142028841,-0.0207390382378189,-0.0203694577413726,-0.0209310969548599,-0.0249001173835091,-0.01636329500856104
2023-06-01,0.000206700048384,0.0026954956952776,-0.0038684625913267,-0.0082898015481281,-0.0014640986960743,0.0027553643771662806
2023-06-02,0.0011363044979897,-0.0096006624076092,-0.0029125332982039,0.0017597576968837,0.0029912945809498,0.004828128430039991
2023-06-05,0.0060880968396912,0.0100813654347104,0.0111975942916409,0.0153712760611419,0.0162572698918099,0.009955142647198656
2023-06-06,-0.0096410457349449,-0.0111323866159616,-0.0207028995968486,-0.0164360828256597,-0.0144435250967089,-0.012005107983076857
2023-06-07,-0.0090098463649412,-0.0178571717644536,-0.0152409350529367,-0.0004397954673728,0.0056636462386734,-0.0016337722040464797
2023-06-08,0.0020900064737734,-0.0055336700779209,0.0079879983462078,-0.0021997466694122,-0.0091734455164859,-0.002575250089724368
2023-06-09,-0.000938469634662,0.0015898961255069,0.0029717885012916,0.0074957066089418,0.0084380142358471,0.0032639899103075187
2023-06-13,0.0075155273817999,0.0007936861841641,0.0024691160030858,0.0035010317969317,0.0206856080217197,0.002315546258981893
2023-06-14,0.0088065906077641,0.0114987571557207,0.0128077135779514,-0.0004360530509271,0.0136057900401809,0.003205667804131229
2023-06-15,0.0063674619085469,0.0054880306162385,0.0019456831561439,0.0091622881004056,0.0233079530143198,0.0019878893440326006
2023-06-16,0.013878882797309,0.0077972766261988,0.0150485746155117,0.00648511512506,0.0120745381571782,0.0105809672691346
2023-06-19,0.0116759708473237,0.0081238563980197,0.0114777336010531,0.0146047444980039,-0.0020063236504545,0.006019265404210161
2023-06-20,0.0110436000636005,0.0168841078315034,0.013238791073455,0.0076207160114376,0.0063576605673769,0.008653063219482338
2023-06-21,0.0005903119804739,0.0011320845039088,-0.0097995173003362,-0.0050419270961984,-0.025539923160065,-0.005834344527207214
2023-06-22,-0.0157354940197903,-0.0143234664608842,-0.008482308423984,-0.0160475810535679,-0.0265971447820184,-0.016325045280573325
2023-06-23,-0.0156874464265573,-0.0141489734207682,-0.0137834332171913,-0.0206005925823097,-0.0164515139052536,-0.013377617196469682
2023-06-26,-0.0058877224214816,-0.0081460837969253,-0.0033734457750939,-0.0021912680927674,-0.0007522723453704,-0.002879158222893752
2023-06-27,0.0051056775710451,0.0070394705783896,0.0159574485249234,0.0153712760611419,0.0078192142710233,0.005588352124107354
2023-06-28,0.0112770587837649,0.0194175766844524,0.0185626104580136,0.0134082115821361,0.0055747861045851,0.011003942403928324
2023-06-29,0.0053245062533497,0.0038095265168982,0.0009345511706526,0.0119504711287796,0.0074299107649296,0.0012938636789461277
2023-06-30,0.0019985282502585,0.0007591304300023,-0.0037348182468072,0.0,0.0076585376653397,0.0011840124471431679
2023-07-03,0.006681938951442,0.0007583048993271,0.0042174609198739,0.008435204932131,0.0004504095829278,0.005944510563201444
2023-07-04,0.0132752591666995,0.0125047540071092,0.0116657954600658,0.0117107513194496,0.0047271714574186,0.004543162049272187
2023-07-05,-0.0048885316939272,-0.0074850352275364,-0.0073799537846158,-0.0082679180903263,-0.0048728223515193,-0.0035285934332550672
2023-07-06,-0.013263842668766,-0.0211161703438771,-0.017193356341326,-0.0191746905089407,-0.0175608383515182,-0.012370943130203482
2023-07-07,-0.0169271957928662,-0.0115561644234014,-0.0141843889582436,-0.0106246893047309,-0.0126036329223833,-0.016915375348961148
2023-07-10,-0.0021271793792989,-0.0007795434923515,-0.0004796551433146,-0.0008591879899452,-0.0062082854893892,-0.005421993545076331
2023-07-11,0.0111653642822475,0.0210610130980564,0.0158350415550163,0.0232158939268634,0.0207262058213333,0.014965864125543238
2023-07-12,-0.0047178945515359,0.0091672922053325,0.0018893038775227,0.0092436276511194,0.0086369093051881,0.0037726207588031357
2023-07-13,0.0148259668230452,0.0049203600311253,0.0117869046441712,0.0141549013922528,0.0261995782960595,0.015588309091315367
2023-07-14,0.007056148449696,0.0139360552111946,0.0,0.0032841064118163,0.0096152210495064,0.00775116256274444
2023-07-17,0.0053292009176446,0.0074294257143441,-0.0013978556815069,0.0040916724107309,0.0017515434187393,-0.0006254710973860877
2023-07-18,0.0068715063668205,0.0202802096388858,0.0079328239508049,0.0167074402139677,-0.007540231879593,-0.0019698153783054284
2023-07-19,0.0202788848494925,0.011203453752449,0.021296166426413,0.0204407429977204,0.0124422800632175,0.005484495822679847
2023-07-20,0.0057333526871157,-0.0014295779321172,0.0027199746061761,-0.0043205590079311,0.0086459628101853,0.00018116024076197945
2023-07-21,-0.0066507529736076,-0.0014317031037698,-0.006329224030497,-0.0074948924107528,-0.0143402550434654,-0.0015237897070805584
2023-07-24,-0.0011478659355078,-0.0075267853764456,-0.0009099918665429,-0.001589796795536,0.0041567730928158,-0.0010221664442258138
2023-07-25,-0.002202385151673,-0.0028890999371771,-0.010473526487693,-0.002388671747328,-0.0090963248937987,0.004552137822859681
2023-07-26,0.007677511357369,0.0155740855915325,0.0165670728761215,0.0159616789554597,0.0060465603547843,0.008492943434496913
2023-07-27,0.0145713409907479,0.0153351747753596,0.0117700783215148,0.0125687782901906,-0.0436565087991124,0.007283219620690673
2023-07-28,-0.0096684809795725,-0.0031613247745473,-0.0031319458979214,-0.0007757814300695,0.0095984683199128,-0.00701050968825101
2023-07-31,0.0019904325277433,0.0014094289365158,0.0026929164705693,-0.0003882355873002,-0.0096203006878224,0.0009153637639425227
2023-08-01,0.0013242648354012,0.0056298581959339,0.0040286755752694,0.0050484979988041,0.0142277317500627,0.005436286085155562
2023-08-02,-0.0225790507173032,-0.0164449951408761,-0.0200625523616699,-0.0204791642967757,-0.0136338156839201,-0.012899406562149607
2023-08-03,-0.0096655527954357,-0.0064033104955981,-0.0036396638656821,-0.0035502776664378,-0.0061686470933378,-0.005816019182204313
2023-08-04,-0.0057583202025744,0.0007160292000352,0.0036529594100496,0.0075219528506937,0.008275946208428,0.0018677695295656882
2023-08-07,-0.000196287764614,0.0003576799098536,-0.0068242305979298,-0.0058940257793596,0.0036480502136162,-0.0022033291462973947
2023-08-08,0.0035346330652148,0.0025035706141691,-0.005497161496454,-0.002371588515593,-0.0038619647107791,0.0002659661894217624
2023-08-09,0.0258290928970941,0.0217624691114035,0.0165821296564301,0.0075278238464411,-0.0025085105899387,0.00366710019910621
2023-08-10,-0.0036241262417912,-0.0013966337027905,0.0031718828724471,-0.0011797323418586,0.0001143143265174,0.003095520249264405
2023-08-11,-0.0006700737871134,-0.0013986637565823,0.0004516072899363,-0.0019686020433591,0.0004570127764582,-0.002345524396322296
2023-08-14,-0.0067050661835845,-0.0080531581906807,-0.0108351887403614,-0.0086784367724744,0.0022280005484722,-0.008450343627771528
2023-08-15,-0.0018321583457004,0.0130602838288751,0.0027383928711024,-0.0019896633948096,0.0019947698411815,0.003849316897907684
2023-08-16,-0.0130551152210904,-0.010452893193483,-0.0086480479575042,-0.0103668223604497,-0.0148464053769743,-0.01314015710104599
2023-08-17,-0.0014029503696209,-0.0207746855207269,-0.0192837763793986,-0.0092666017728958,-0.019862720391891,-0.006534753624748757
2023-08-18,-0.0060211398874308,-0.0046745888130441,-0.0042134079680686,-0.0040668045259997,-0.0055962413996212,0.0004812483059506434
2023-08-21,-0.0060575288476766,-0.0039739676140549,-0.0305595417297537,-0.0102082054881808,0.0078198757900145,-0.004400801762396767
2023-08-22,0.0022347411321079,0.0130577763696186,0.0126090601284725,0.0024752965166039,0.0055255327231733,0.0010302064696965374
2023-08-23,0.0079050034497423,0.0039383963429073,0.0124522645260352,0.0061727759935716,-0.0055536784453908,0.0039221906572091125
2023-08-24,0.0116642368284216,0.0124821372061381,0.0137180225752397,0.0044989437823186,0.0175180629654303,0.004821360322365242
2023-08-25,-0.0103369635272922,-0.0176119243062042,-0.0051329915214088,-0.0089575878803385,-0.0075105131440539,-0.009294206628784774
2023-08-28,0.0121523152473881,0.0132664059861919,0.002814278094996,0.009860322128534,0.0040165703600412,0.006623770214343239
2023-08-29,0.0024805391827287,0.0053078984977896,0.007951167695104,0.0089503903098147,0.0122332271246523,0.0072925718045242505
2023-08-30,0.0080174094123499,0.0154875000762877,0.0078887550017578,0.0096774287303469,0.0143193820610918,0.013172572090504042
2023-08-31,0.0033386512079998,0.0038127288146989,0.0105893571225872,0.0115813983026984,0.0024845712844085,0.0027023760530620056
2023-09-01,-0.0081228506373447,-0.0020718400574034,-0.0072892760288617,-0.0063165974727741,-0.0043374367972344,-0.0033666115975875543
2023-09-04,0.0065119755889779,0.0017302191666637,0.001835750972005,0.000794493137004,0.0050351384334752,0.0065266640256624875
2023-09-05,0.0020586279254755,0.0020725555152318,-0.0137426490023309,0.000397110047501,-0.00410915114408,-0.00016050245160914578
2023-09-06,-0.0069456715549821,-0.0120648515560475,-0.0157917509719908,-0.0055556355041891,-0.0379266690848206,-0.007536931358397725
2023-09-07,-0.0060093365880358,-0.0024422694880347,-0.0033036070631751,-0.0075818042450626,0.0059925297207712,-0.008641437624100079
2023-09-08,-0.000891998668743,0.0020985757136979,0.0023675106634875,0.0024125930874381,-0.0007008270230411,-0.0018996001422498798
2023-09-11,0.0122010879638017,0.0139615380696687,0.0179497002394175,0.0140393770436406,0.0133247570748233,0.005490461255914347
2023-09-12,0.0006860898875682,0.0020654966190043,0.0004641779900156,-0.0003956071214984,-0.0069208680679146,0.002121472042187822
2023-09-13,-0.0040152778753214,-0.0044659050358277,-0.0032467066855498,0.0023743147226944,-0.0004645155088589,-0.006939805668597532
2023-09-14,0.0042279812015229,0.0113871792409476,0.0060494008873914,0.01065915263707,-0.0018593164764036,0.004775180532466061
2023-09-15,0.0100853580104758,0.0126237541096616,0.0069378612172601,0.0039064452210759,0.0083241511323213,0.01292698997672126
2023-09-18,-0.0051377119420137,-0.0033693482776496,0.0009187698905455,0.0019454468550408,-0.0051379409295566,-0.006581156042416714
2023-09-19,-0.004871978026024,-0.0067614041330729,-0.004589224306147,-0.0093204856754097,0.0034235918411649,-0.004667292739544915
2023-09-20,-0.0028394566568873,0.0003404201533212,-0.0073767553905818,0.001176209435741,0.0021396184971209,-0.0046120031615281
2023-09-21,-0.0172819107936146,-0.0217761151630996,-0.0250812471898225,-0.0191856463073099,-0.0196778932746642,-0.013677209696829506
2023-09-22,-0.0001998646927776,0.0045217500436853,0.0071463088443188,-0.0007983890148002,-0.0022368227966997,0.0005099359581424157
2023-09-25,-0.001798973973875,-0.0006925516687394,-0.0009461503455205,-0.0019976123681704,-0.0107375972504891,0.0012012099472511473
2023-09-26,0.0020024810317929,0.0006930316289506,-0.0033144517362848,0.0044034896810369,-0.0008944301558992,-0.00541761954194564
2023-09-27,0.00449628433748,0.0055401853618757,0.0066510533890191,0.0043842737476036,-0.006924283509056,-0.001114819492540553
2023-09-28,-0.005769296629955,-0.0055096608196538,-0.0028317531739128,0.0111110028576817,-0.0081142674571911,-0.0007139675360970932
2023-09-29,0.0002000406298399,0.0065790508629917,0.0009465982572569,0.0070644161100474,0.0164221497037886,0.003399646156959646
2023-10-02,-0.0012004237224424,-0.0037841758904161,-0.0009457030563919,-0.0066251116247869,0.0007155514143497,-0.002189142054617399
2023-10-03,-0.0016021802636554,-0.0058699356136556,-0.0037860772155523,-0.0031384300744949,-0.0058982011864349,-0.012750766338004094
2023-10-04,-0.0160498722120593,-0.0166726637077877,-0.0147267664083394,-0.019283802722638,-0.0207358937764797,-0.007657279988638743
2023-10-05,0.0090733025353899,0.0070647246368384,0.0130183037251705,0.0068218445816528,0.0109546929514237,0.005126220130241332
2023-10-06,0.0107091932693361,0.0150824457147888,0.0204665140904007,0.0091670607060676,0.0046006591223188,0.004141183853979324
2023-10-09,-9.988836845276072e-05,0.0006909641441104,-0.000932911309931,0.0043443589697513,-0.0060259416845268,0.0022991235315712455
2023-10-10,0.0066979743049699,0.0065608015864149,0.002801139646583,0.0055052994951483,0.0132768879824656,0.010129175980196914
2023-10-11,-0.0005958190431274,0.0048028837480773,-0.0018621410832313,0.0031286989617602,0.0167524853674778,0.006785802424790877
2023-10-12,0.0095387880816217,0.0092180118473834,0.0088618274520773,0.0081871206373294,0.0044132695432137,0.00036138645898109445
2023-10-13,-0.0062006413550262,-0.0081189972507522,-0.0069347577040865,-0.0058004916228914,-0.0042768026962837,-0.005597385186775328
2023-10-16,-0.0029711289433369,-0.0064802453944746,-0.007914462049167,-0.0062232366349963,-0.0134738044767259,-0.0034715575305102053
2023-10-17,0.0052646224776706,0.0082389200159247,0.0079776004652929,0.0082191643148747,0.0055467806019484,0.004204586739327887
2023-10-18,0.0021739314428701,0.006128826948575,-0.0013967611461809,0.0023291512024592,0.0,0.003049168606926722
2023-10-19,-0.0161703816731701,-0.0145516983319342,-0.0139859037587142,-0.0073586372563114,-0.026690470458452,-0.013564466382116058
2023-10-20,-0.0103227168190902,-0.0161400386616273,-0.0137115374300477,-0.0140459668290762,-0.0152955251137995,-0.011584887895553675
2023-10-23,-0.0094176890372602,-0.0031414628899757,-0.0009588503691179,-0.0019786401702283,0.003713077550949,-0.008133153716651464
2023-10-24,0.0025556853719612,0.0,0.0019193278189926,-0.0015861039467452,0.0057338809660167,0.001867500147728629
2023-10-25,-0.0073417411748104,-0.0084032754561421,-0.0038313021132565,-0.0131055414510549,0.0020845037655952,-0.00036726632171313334
2023-10-26,-0.0035951994654686,-0.0042372444604469,-0.0110577319479585,-0.0024144439165024,-0.0126025393810703,-0.006062644416216734
2023-10-27,0.0082474842614843,0.0070921251688296,0.0048614099148496,0.0024202875650902,-0.0048328190214487,0.002134370876357927
2023-10-30,-0.0161555152517711,-0.0183099028020577,-0.0101597216415555,-0.0120724915099716,-0.002677027642651,-0.007900063080396036
2023-10-31,0.0035335670542981,0.0060975576155311,0.0068427398356394,0.0065172876530184,0.0049315936175324,0.0011627190785676866
2023-11-01,0.0032104860281199,0.0039215480690293,0.006796126988309,0.0064750876442625,-0.0059633949742383,0.008498588901112214
2023-11-02,0.0161040427282064,0.0145597247689903,0.020732953387025,0.0201046404966402,0.0023122087269795,0.008982642174235167
2023-11-03,0.0152391675792291,0.0171507389374481,0.0155879915883367,0.0090656200025354,0.0177692072283752,0.011373068363259353
2023-11-06,0.0049035314451466,0.0096353661394572,0.019534914325697,0.0054688297381861,-0.0096790046006932,0.002769974183941315
2023-11-07,-0.0040828521714,-0.0102249559120822,-0.0269160055260405,-0.0104894563322169,-0.0146605611084068,-0.0028681010895639236
2023-11-08,0.0067993162227815,0.0044765191150866,0.015002098195552,0.0035335504673978,0.0113631191574117,0.0026473812542224806
2023-11-09,0.0141026736960001,-0.0078847514396702,0.0124227246341073,0.0097808666054552,0.0146492910705409,0.003997697424789282
2023-11-10,-0.0077368010640959,-0.0165861729967631,-0.0155735343381202,-0.0131731304269511,-0.0043435102453452,-0.005474378991048634
2023-11-13,-9.870933606326292e-05,0.0154602926039884,-0.0028763465800734,-0.0302315954206755,-0.0104246100215414,-0.0035216184692571373
2023-11-14,0.0095745903883421,-0.0032072429375648,0.0100961499692224,0.0024290154079609,0.0100296446248371,0.009607928807205735
2023-11-15,-0.0012709307433057,0.0,0.0066634910412768,0.0100969797667405,0.0499626439114229,0.014156309812196621
2023-11-16,0.0013704553469626,-0.0078655505054905,0.0,0.0049855962856732,-0.0002974312771245,-0.005288707851097918
2023-11-17,0.0017596729265925,-0.0007209213479263,-0.0023641234004903,-0.004960773807587,-0.0038675599615628,-0.0012193442587538073
2023-11-20,0.0068312884813135,0.0072124933248605,0.0056871582920119,0.0074780785358556,0.0047785018941131,0.001281773138657849
2023-11-21,0.005137132920659,0.0007161227257037,0.0032990778492179,0.001649589560341,0.0030912497434703,0.002875150819699801
2023-11-22,0.0009643577926934,0.0014311442795629,-0.0028183527559918,0.0020583903144988,-0.0093636073453071,-0.0006737351648700152
2023-11-23,-0.0080925098656587,0.0,0.0037681205514961,-0.0012325506664803,-0.0072983091885535,-0.006202632189838075
2023-11-24,0.0070901885225285,-0.0007145114496559,0.0009386703737184,0.0037021259937379,0.0032540589675955,0.0016466325246633495
2023-11-27,-0.0104157277464675,0.0017875939471549,-0.0107830738868103,-0.0110655901193476,-0.0058865845606126,-0.007543699123502723
2023-11-28,0.0071144548792621,0.01213414600294,0.0071090752586651,0.0095317940433898,0.0004835238715525,0.003946413674416505
2023-11-29,-9.669858044869528e-05,-0.0091677650892912,-0.0047058949726169,-0.0073891432730078,0.0,0.0030051041045837668
2023-11-30,0.0128712568747961,0.0106760953216515,0.0104019599489924,0.0078577179804899,0.0209565745815361,0.007512029199116199
2023-12-01,-0.0044907222496712,0.0010564070649536,-0.0046794694729597,0.0024619777570711,-0.0074535447555983,-0.0019972540416871576
2023-12-04,0.0089258887202454,0.0077382101691827,0.0056417031689499,0.0008187620835509,0.0073903107599475,0.00733043905874653
2023-12-05,-0.0039003049307523,0.0041886067575553,0.001402538362204,-0.0024539221304195,-0.0072769287358213,-0.008841445650949686
2023-12-06,0.0155667938871608,0.0191170501478423,0.0172736121858669,0.0127100679566138,0.0180574284620966,0.01654028534035068
2023-12-07,-0.0006582679592809,-0.0044339052242038,0.0055070686531706,-0.0040486210158098,-0.0139907070441164,-0.00069813924992157
2023-12-08,0.0015998166761488,0.0003426784886606,0.0004563843757543,0.000406507898,0.0054024744687641,0.003007614635847977
2023-12-11,0.0046974283981804,0.0034246622828479,0.0009124504705484,0.0,-0.0014171055809164,0.0005729787248829332
2023-12-12,0.0043949786211028,0.0075085137071704,0.0,0.0077205116130512,0.0040802295338395,0.005034893209040714
2023-12-13,0.0068893979637802,0.0081300349365409,0.0091157945848028,0.0076611871557787,0.0151354417995628,0.0031099950964097456
2023-12-14,0.0126676750202656,0.0063844679604068,0.0067751342133155,0.0100040094457058,0.0353889480824922,0.016592630017978838
2023-12-15,0.0050219947082661,0.00767939816503,0.008972560106168,0.0118860076979485,0.005210928634854,0.008787797128717356
2023-12-18,-0.0006360370975102,0.0003313669263469,-0.0004447101720256,-0.0003916312127529,-0.0003342913521725,-0.0021946065783812196
2023-12-19,0.0054546055545032,0.0052996910266438,0.0075623842172534,0.0039169973570245,0.0112076754291614,0.008444734424820854
2023-12-20,0.0033453444620581,0.0065898659930687,0.0101544664518857,0.0070229166723054,0.0092086549797942,0.006517823495025166
2023-12-21,-0.003694768224539,-0.0022913359474191,-0.0013112017096468,0.0007749847976321,-0.0090153426655291,-0.004479085702156271
2023-12-22,-0.000542606620226,-0.0029527391840039,-0.0004376097024,-0.001161451103026,-0.0044661054448581,-0.0003422551653983197
2023-12-27,0.0062443517452632,0.0039487150180264,0.001751299304781,0.0007751170699852,0.0117413996143758,0.007954443741219785
2023-12-28,0.0098930594970916,0.0072106627121333,0.0056817487601807,0.0061968894568584,0.0093605911814937,0.008339350517761135
2023-12-29,-0.0043638633763921,-0.0009761698609063,-0.004780515257921,-0.0023096572879116,-0.0041217711699971,-0.0030809896267345316
2024-01-02,0.0161897383921063,0.0052117197370171,0.0078603397564389,0.0027006430325482,0.0052279774156425,0.004870241748437643
2024-01-03,-0.0130271452570156,-0.0087492089990838,-0.0090987829529939,-0.0096190089091955,-0.0174440774032945,-0.013711408671367109
2024-01-04,-0.0057075392569782,-0.004249753865374,-0.0100568790003915,-0.0077699126223814,-0.0075536074612745,-0.003868229242337984
2024-01-05,0.0134541182166494,0.0032829987300915,0.0097173785085478,0.0031322857919864,-0.0008333104898879,-0.0006706711619227645
2024-01-08,-0.0089388281555697,-0.0016360930936482,0.0008748364855353,0.0015612102997064,-0.0082291179400111,-0.005010495464454423
2024-01-09,0.0092873144035037,0.0127826209883801,0.0096153538891214,0.0089633674375757,0.0063910898837,0.009283667548627195
2024-01-10,-0.0086710577220775,-0.0058252097766533,-0.0060606038038517,-0.0023174352990351,0.004178110728743,-0.006922945749408216
2024-01-11,0.013923662318773,0.0081379976656419,0.0121950237237591,0.0089042906046503,0.0149228423411837,0.005030026165772528
2024-01-12,0.0002640430505489,-0.0019373477588079,-0.0021513302114214,-0.0061396527049677,-0.0015850832390434,-0.0010313609984190508
2024-01-15,0.0008800836023994,0.0003235410405224,0.0034498276477121,0.0003861877369575,0.001040179670529,-0.00026923195638506314
2024-01-16,-0.0064186878829211,-0.0061449469214203,-0.0085948719275645,-0.0065612347748369,0.0008203221106737,-0.01086829066314976
2024-01-17,-0.0059292635029564,0.0003253668386284,-0.0073688879965376,0.0007770081061162,-0.0055736905735847,-0.0029279817610179393
2024-01-18,0.0013353658983297,0.0048797470118204,-0.0021833651073633,0.0011646072499009,-0.0073086469626992,-0.006304035682808129
2024-01-19,0.0071123541878925,0.012625580084618,0.015317280680134,0.0131832763643042,0.0145587406750267,0.01017638257553699
2024-01-22,0.0134180984135716,0.0111891021760919,0.0107757519997602,0.0141601044795214,0.0039282896297598,0.007455592938958366
2024-01-23,0.0074912594171061,0.0094846799387915,0.0081023955877543,0.0045283444866326,0.0155435094532128,0.0051327038661188595
2024-01-24,-0.0083001220031754,-0.0018790998527073,-0.0033840676653433,-0.0011270641907844,0.000642156725052,0.0005652201748269636
2024-01-25,0.0013949683767389,-0.0025102279317985,0.0059423642239824,0.0030086783216263,-0.0020322946226812,0.004810775597631212
2024-01-29,0.0092285174634425,0.011009733697491,0.0097047666938085,0.0067491387091753,0.0054663370040597,0.0030549949445346503
2024-01-30,0.0011215285821726,-0.0003110928056406,-0.0045969047837284,-0.002234577242885,0.0020784890852847,0.0028698789160015448
2024-01-31,0.0127531719577975,0.0146280342313882,0.0151134085674033,0.0153041998085303,0.0129781432796176,0.01059504825359614
2024-02-01,-0.0291841236092647,-0.0214724888842985,-0.0169561797716836,-0.0102941347588576,-0.0120241953187317,-0.01204654538459815
2024-02-02,0.0149867832078849,0.0109719038938012,0.0117794584164951,0.0126300533278937,0.0167411421410921,0.014678581698546855
2024-02-05,-0.0028493379219353,0.0027906818160194,0.0054055185019306,-0.0018342860232906,-0.0054361349348914,-0.009552094072546424
2024-02-06,-0.0096121445220463,-0.0043289578332347,-0.0012407958595552,0.0080854190942629,-0.0101960125677085,-0.005805903373454213
2024-02-07,0.0015740328486661,-0.002173922682632,0.0049689932116663,-0.0003646467758989,0.0072743647920743,0.00453554540965917
2024-02-08,0.0115231544369531,0.0102707163940418,0.0057684360648466,0.0083880377843554,0.0085397229920862,0.0030737007565246888
2024-02-09,0.003193264156331,-0.0027726932485461,-0.0016385713349389,0.0010850011662255,-0.0022473839370898,0.0007318586668241256
2024-02-12,-0.0043874357214263,0.0086500897582508,0.0053342736168582,0.0130058242585129,-0.014406356255638,-0.003913420179115112
2024-02-13,0.0023330130304941,0.0085758421224249,0.0020408657652406,0.0060625922564605,-0.0100456651545863,-0.0014891057039191358
2024-02-14,-0.0166379492195615,-0.0127544483156712,-0.0175151553161507,-0.0141793504400818,-0.0017718702988451,-0.007344993830701307
2024-02-15,0.0007890125983622,0.010458283639591,0.0103648243056322,0.0147429604920432,0.0331864024433958,0.00787482191815636
2024-02-16,0.0185704297640603,0.006697286937767,0.0082067444871289,0.007087162364225,0.0031755135837248,0.006915919262771464
2024-02-19,0.0073098289724902,0.0030237639168855,0.0272689153112568,0.0028150219732658,-0.0035807351243281,0.0008857267615718367
2024-02-20,-0.0015366563221607,0.0096472601263433,0.0261489734671231,-0.0217545134311616,-0.0051558926705091,-8.849429439239387e-05
2024-02-21,-0.0015678859955311,0.0035833935327242,-0.0003860765358127,0.0078910361170061,-0.0004711939774544,-0.004863377944194891
2024-02-22,-0.0014833302972981,-0.0038680217560768,-0.0007725343562248,-0.0028470018842177,0.004870952876254,0.0006043608107806353
2024-02-23,0.0033203762651363,0.0113501008011003,0.0027059191326428,0.009636065255173,0.0063588134058236,0.004338760123444807
2024-02-26,0.0094921472925246,0.001181286136767,0.0038550604061429,0.0028278041740052,0.0059561460257828,0.0017070816595414762
2024-02-27,0.010352057416302,0.0053097670004917,0.0080644302183381,0.0049347602399274,0.007465313342061,0.0014269554842731846
2024-02-28,-0.0099044338646941,-0.005868615055619,-0.0019047261719583,-0.0010523483221243,-0.0101185546802778,0.0012699183529689684
2024-02-29,0.0038807889643821,-0.0011807146997157,0.0057253294612915,-0.0010532285752627,0.0057305593388012,0.005335497340897444
2024-03-01,0.0081607511270076,0.0059103632584056,0.0022769804143452,0.0105447619001175,-0.0024126373034217,0.006460025571446426
2024-03-04,0.006475880311578,0.0029376615522918,0.0098446351029726,0.0020869761918227,-0.0078213114890975,-0.0011339499340810022
2024-03-05,-0.0099898798322546,-0.0111307410790034,-0.0007497793154118,-0.0027769902139422,-0.0026450015036029,-0.000877474121082189
2024-03-06,0.0117152401529072,0.0100710542986437,0.0108817731792023,0.0100941506020286,0.0053559497733879,0.001717653484127224
2024-03-07,0.0079453215176998,0.0064517225663685,0.00222719335881,0.0096484596766965,0.0078617651615382,0.007894109161717289
2024-03-08,0.0184486130291887,0.0230185993153568,0.0259259144217041,0.0174061602126434,0.0201170626806135,0.01078132392170117
2024-03-11,-0.0273362960939895,-0.0307605356285118,-0.0317690835014518,-0.0191210629047321,-0.0086527501650102,-0.017770619038096847
2024-03-12,-0.0033015109747295,-0.0044077881255919,0.0070843893595848,0.0020519287663331,0.0036536764426009,0.0011158476191250877
2024-03-13,-0.0016137275355824,0.0168240523132341,0.0181414214660058,0.0170648600521368,0.0092527192101143,0.0023887851731780874
2024-03-14,-0.0113142809058494,-0.027576144687897,-0.0374545746573955,-0.0375838115724531,-0.0114222255107319,-0.001967315446375073
2024-03-15,-0.005850999280035,0.0092537633767018,-0.0105780900328215,0.0003486027168639,0.0019256161233198,-0.005563082656503404
2024-03-18,0.0079625843433945,0.0065068082390284,0.0053456322149201,0.0059254655156206,0.0038944975806678,0.0007661782144412488
2024-03-19,-0.0058389418884609,-0.0026445852067793,-0.0030384164527762,-0.0020790967140145,-0.005844235799598,0.0036098298537887707
2024-03-20,-0.0011227458847303,-0.0008839705049327,-0.0026666657928513,-0.003819405397569,-0.0029902308775429,-0.0009617816575703264
2024-03-21,0.0203198810903746,0.0256560029857495,0.0187165713906467,0.0111537418814902,0.0141312064422816,0.011273375879967684
2024-03-22,-0.0044067714677825,-0.0005748969820512,-0.0074990026056425,0.0010341359002081,-0.0025563087969904,-0.0014668534193039706
2024-03-25,0.0111508025661797,-0.0057537481144021,-0.001133369690635,0.0037878397668085,-0.0076382421484426,0.00533913654400342
2024-03-26,-0.0015993942439155,-0.0028934609976551,-0.0075643169455794,-0.003087507719327,0.0051143634312031,-0.003953717697439796
2024-03-27,0.0118043940964267,0.0066743462472562,-0.0091463499583767,0.0068823030616882,-0.0029724386459567,0.005136938914936273
2024-03-28,0.0028332433705635,-0.0014413089097314,0.003846164343692,0.0047847343695244,0.0090955891094897,0.009879070367214027
2024-04-02,-0.0022435598858013,0.0051963367453087,0.0003831180868811,-0.0003401392646503,-0.0068601965080655,-0.00111143463101826
2024-04-03,-0.0188224022381423,-0.0112003953008693,-0.0107237746975348,-0.0153113274230408,-0.0153785158111789,-0.013353841976261438
2024-04-04,0.0045836216026207,-0.0011619152011721,0.0077428718832555,0.0076018569732678,0.0075277687265138,0.0044833612675811985
2024-04-05,-0.0026192213767914,-0.0017446213858669,-0.0003841483695008,-0.0006858032410057,-0.0089963446905863,-0.005637220637523033
2024-04-08,0.0012707317045919,0.003495402891257,0.0026901546175683,0.0027453187379553,-0.0104625463683444,0.0020334398175936297
2024-04-09,0.0081224452589998,0.0052250579104913,0.0114986904289839,0.0065024573675698,-0.0077744820923795,0.004523868176143697
2024-04-10,-0.0078892378321182,0.0,0.0,-0.0010199971179443,-0.0010446275113267,0.0030937452537258547
2024-04-11,-0.0118432005984637,-0.0095293166526345,-0.0109889841256284,-0.0142955730326282,-0.0070592586730768,-0.004443523247429693
2024-04-12,-0.0048797964388656,-0.0043731527561082,-0.0030651094770233,-0.0003452322948495,-0.0006319972683208,-0.0032626814763250245
2024-04-15,-0.0137646970473901,-0.0064422129937639,0.0053805571680376,0.0017271320121166,-0.0081151499901057,-0.004527622234894113
2024-04-16,-0.0212840139949168,-0.0167992594541408,-0.0233181613087807,-0.0220689491233612,-0.0120064422108545,-0.018062702618866222
2024-04-17,-0.0023172128559946,-0.0062949917169311,0.0011741799256723,0.0003526126241129,-0.0095713401478819,-0.0008634835313422462
2024-04-18,0.0070574010295969,0.0090497219804299,0.0058639301547189,0.0066972019013127,0.0115640254530815,0.0048014823954221075
2024-04-19,-0.0077176582764877,-0.0116591904254166,-0.0089388475184136,-0.0108542920910562,-0.0160477477860164,-0.009791332789364615
2024-04-22,0.0091185468569596,0.0102843591264791,0.0090194711961326,-0.0007080479661636,0.0178913662419035,0.010820372791494393
2024-04-23,0.0150602018123708,0.0131735563427817,0.0093276420456041,0.0085016743488284,0.0120571671992311,0.004490356463425993
2024-04-24,0.0036655932638207,0.004728252823523,0.0084712865895888,0.0024587515137337,-0.0068834511625566,-6.601662702099276e-05
2024-04-26,-0.0174782340994152,-0.0144118911263682,-0.0190911448151103,-0.0192713024061061,-0.0061312626774601,-0.013938986217202243
2024-04-29,0.0075226969624038,0.0032826262332583,0.0027247107940182,0.0028581906361417,0.0064373351761333,0.008113244451553259
2024-04-30,0.0061491315925603,0.0053539892731329,0.0077639964137659,0.0032063002483133,-0.0007462025966085,0.0034958286916848547
2024-05-01,-0.0054130508954307,-0.0002958773311373,-0.0065484628830698,-0.0028410127538802,-0.0086413934759245,-0.012281736910444874
2024-05-02,0.0094803474952813,0.0145012710787488,0.009305857071721,0.0053419310669711,0.0115685388485522,0.0022985058884477105
2024-05-03,0.0020001727438203,0.0035007504094568,0.0149826951486109,0.0088557571982255,-0.0221809298326671,0.005535106363881548
2024-05-06,0.0118023205905917,0.0075580754991089,0.0264951519441669,0.0101827572697472,0.014578726600801,0.007000352639083385
2024-05-07,0.0206708239929236,0.0094618003519855,0.0283923188054151,0.0006950997240171,0.0246099413996594,0.01558523518406707
2024-05-08,0.0062184485929093,-0.0052724412364628,0.0,0.0114622705938285,-0.0020931454036838,0.0014510865743091461
2024-05-09,-0.0221313267519976,-0.0129563047924399,-0.0248239505578097,-0.0113323758355307,0.0016255512131115,-0.009485916234420744
2024-05-10,0.0038431957546878,0.008651478065516,0.0129179279637854,0.0104203076012097,0.0118318702959401,0.00353902213881252
2024-05-13,0.0134422558197775,0.0068028018338179,0.0007501321512728,-0.0017694194040416,0.0034316441350077,0.001814366968543757
2024-05-14,0.001762978028825,-0.0014689066959286,-0.0029984354971333,-0.0070896259723617,-0.0009996930654564,-0.0030015677323973478
2024-05-15,0.0050280476905029,-0.0070608428696504,-0.0090225941548292,-0.0117814687837091,-0.0100064217359266,0.0034862549170662227
2024-05-16,0.0194279729544524,0.0239998728375845,0.014036330077213,0.0209537191293669,0.0285136952444455,0.01645509696852332
2024-05-17,-0.0099786630935027,-0.0008680711192595,0.001496491318762,-0.0046000883815519,-0.0128270715225716,-0.00849059263505636
2024-05-20,0.0060310365476319,0.0057921888821912,0.0074710426841431,0.0017774469073643,0.0169757090982305,0.006306691456304803
2024-05-21,0.0001641552270781,-0.0005759012249469,0.0037077814800123,0.0046131473616188,-0.0046367624195171,-0.0014746857022807092
2024-05-22,-0.0023811122388397,0.0023048724074152,0.0,0.0109502223936146,0.0128882752401582,-0.0004508832635328197
2024-05-23,-0.0063374470576255,-0.0112100782165337,-0.0073881692429343,-0.0083857774012927,-0.0099648285048578,-0.004491992591092897
2024-05-24,-0.0154062074085746,-0.012790884423077,-0.0115370305486652,-0.0095136779852228,-0.0078971429835019,-0.010779834960189083
2024-05-27,0.010347354111301,0.0079506726679798,0.0071536349306613,0.011383843886932,0.0071795554143174,0.007856619691571698
2024-05-28,0.0017485237650913,0.0014606317376537,-0.0041121571231593,0.0049244382181858,-0.0083681601515033,-0.0027603634231629925
2024-05-29,-0.0163743147622197,-0.0183779668933223,-0.0236486995824306,-0.0245013136602607,-0.012970769444573,-0.013007812837156019
2024-05-30,-0.002957617077712,-0.0011888313989411,-0.0030756732265614,0.002152955504201,-0.0058582234891449,-0.004876020032030914
2024-05-31,0.0131366926810054,0.008925889081087,0.0019282062970469,0.0114572083635282,0.0136965259840897,0.009639906734906223
2024-06-03,0.0146394983115512,0.0162194293322046,0.0250192421512089,0.0116813026176534,0.0062320145772591,0.007726526133892131
2024-06-04,0.0096462838948399,0.0029018867573873,0.0041306875489923,0.0003499363350192,0.0019256509544809,-0.0030885871017115596
2024-06-05,0.0082476065725609,0.0069445087883475,0.0007480436231148,0.0066457279204914,0.0038440684915526,0.004128960580893404
2024-06-06,0.0111767006775358,0.0057472490289152,0.0078474204709027,0.0097288820950662,0.0101939328654006,0.006791568193793784
2024-06-07,0.0056068652755238,0.0065712679285527,0.0,0.0041294401427933,0.005378576417905,0.004891227171557766
2024-06-11,-0.0049382267002887,-0.0102185696044697,-0.0103818344401842,-0.0092529222289893,-0.0123810083679126,-0.013313978556896311
2024-06-12,-0.0066438545203435,-0.0037280606946576,0.0007492889941376,-0.0044966618319302,-0.0066032315524546,-0.005099334353796614
2024-06-13,0.0111201614690725,0.0077719199350034,0.0063646553023108,-0.0003475045020456,-0.0058682623022991,0.004489951654678581
2024-06-14,-0.0013548859057969,0.0002856773945556,-0.0033481995105131,-0.0006951774071223,-0.0036044891997143,-0.003286790415267693
2024-06-17,0.0014364501545482,0.0068531118424053,0.0067188952227221,0.0017390426614467,-0.0006292389722168,-0.003105716344372067
2024-06-18,0.0198422926693664,0.0209871746878236,0.0092694922801555,0.015277827034541,0.0264400797344908,0.01013301954043011
2024-06-19,-0.0081263183956329,0.004722036687188,-0.0036737278877176,-0.0037619098275284,0.0108862332393881,-0.0010749400982416057
2024-06-20,0.0063808604317301,0.0005530310181416,0.004793617247722,0.0020597583682429,-0.0065220642813829,-3.671247601277905e-05
2024-06-21,-0.0005478747415483,0.000552610432168,-0.0003670217445491,-0.0085646492787951,0.0128753192093107,0.00341558935166697
2024-06-24,-0.0068922476062451,-0.0069041024023727,-0.0033039501180538,-0.0100207510065504,0.0012058968109449,-0.007989665548907343
2024-06-25,0.014432270184028,0.0203002719894362,0.0117862685104659,0.0059337212946015,0.023385276998997,0.013589971547272484
2024-06-26,-0.0134494273182633,-0.010902046162544,-0.0058244095516557,-0.0128382142115716,-0.0009806885366151,-0.0070985419439547615
2024-06-27,-0.0055161588032233,-0.0071645974619487,-0.0080556720563168,-0.005623898537542,0.0003926127001165,-0.001594939771197068
2024-06-28,0.0093502749929115,0.005550990615152,0.0051678844183449,-0.0017674685001947,0.0043178409982862,0.001014878058174018
2024-07-01,-0.0092636572501823,-0.0044162318616999,-0.0007344298577453,0.0074363176096159,-0.0074747602076027,-0.00212558643993066
2024-07-02,-0.0042789593306505,-0.0105351048333782,-0.0036750776459861,-0.0066785044271684,0.000196817184952,-0.004202796107458551
2024-07-03,-0.0022282761280774,-0.006724459811827,0.0003687635758,-0.0038923652796128,0.002017857644843,0.0028261587210423045
2024-07-04,0.0197799540595209,0.0090268021461237,0.0084808911765015,0.0127886448707692,0.0068266719205278,0.011881379055999064
2024-07-05,-0.0059440740899524,-0.0123008740498573,-0.005484436352043,0.0049104721726613,-0.0024389245712111,-0.0012130486193225876
2024-07-08,-0.0049567377429227,0.0,-0.002573568931412,0.0020942675462625,-0.0005379387257717,-0.007547386052019878
2024-07-09,0.0175536579571442,0.0144353458098465,0.0202727989502433,0.0202020572488204,-0.0076813644241202,0.008571719560521718
2024-07-10,-0.0011656978779354,-0.0005581229987055,-0.0057803711568756,0.0139980213083235,0.0010354223912869,-0.0016476933783557968
2024-07-11,0.0107359874125203,0.0106086334232788,0.0039971004971439,-0.0121212942020938,-0.0007387767557796,0.009317594447254107
2024-07-12,0.0133928469461068,0.0207181422347231,0.009772018863924,0.0088616631646374,0.0025630342204223,0.00882658159564964
2024-07-15,0.0078233013383761,0.0081191128862709,0.0075268480354206,0.0077701908066247,0.004621421599547,0.007330286746761949
2024-07-16,-0.00188415871661,0.0034899209275016,0.0024902552974372,-0.0016760803962274,0.0016638411835752,-0.0022441443904689384
2024-07-17,0.0080036521972932,0.0104334624652457,0.0106457265780945,0.0063800248556418,0.0245750025093363,0.007322203817001549
2024-07-18,-0.006292127477558,-0.0021180842133635,0.0,0.0030030764370332,4.7667466799072855e-05,-0.0026525447413520142
2024-07-19,-0.0077641416874771,-0.0119394988010076,-0.0091291249687904,-0.0116434224639392,0.0016212356489848,-0.008079016257088512
2024-07-22,0.0003796784424805,-0.0085929151666829,-0.0053154292573597,-0.0074048666202519,-0.0045701517286048,-0.004999190262375497
2024-07-23,0.0110875608824603,0.0119176095259776,0.0089063159119939,0.0074601077229128,-0.0059779112117943,0.004966522111045091
2024-07-24,-0.0027039441217074,0.0061563899135252,0.0074152950260582,-0.0074048666202519,0.0042336798263431,-0.0009298606819759803
2024-07-25,-0.0013555134695577,-0.0093110053002656,-0.0066596754978254,-0.0057647033535099,-0.0341109471284244,-0.012872357629438058
2024-07-26,0.0040723087974898,0.0045649163874781,0.0088214636474615,-0.0054570234711266,0.0151778235790605,0.007639813466558287
2024-07-29,0.0132190759995025,0.0130981512605414,0.0139909651040006,-0.0116598117206937,0.0121169180869158,0.0086317557959521
2024-07-30,0.0077835809837478,0.0005276773287699,0.0031044330502851,-0.010409424097313,-0.0004825655566487,-0.004563731980943397
2024-07-31,0.0113277523718298,0.0174051550870097,0.024759247031499,0.0185834277887104,0.0132817407708867,0.017496774587447694
2024-08-01,-0.0088733095902776,-0.0137377885336043,-0.0030201210115451,0.0065404219753828,0.0071973296630691,0.002759725679478686
2024-08-02,-0.0279591668844303,-0.0407356917406053,-0.0245707904091054,-0.0181258339823213,-0.0218163007270462,-0.021126071054815343
2024-08-05,-0.0571494339451685,-0.0463015436696284,-0.0448585148928781,-0.0445836759514024,-0.0529269921842614,-0.03697218352564058
2024-08-06,0.02241974794317,0.0068945743352095,0.005057730785938,-0.0047394347365533,0.0129239900607007,0.004063794286639721
2024-08-07,-0.0027411124454522,-0.0088444682059267,-0.0071889911924272,0.0021979073132951,0.0077663467038979,0.0024981332641687004
2024-08-08,0.0138998852238323,0.016407532839187,0.0083273622911925,0.0105993565753972,-0.0006003721934041,-0.002318282067993671
2024-08-09,0.0034080188295275,0.0090625937051791,0.0071811714548863,0.0112115250038158,0.009964462259586,0.012465092796838828
2024-08-12,0.0075644998208563,0.0101039091823522,0.0060606784514511,0.0092990416172409,0.0130391469679942,0.004624338990661503
2024-08-13,0.0152455339410124,0.0058349426599051,0.0106307110298273,0.0163004790189205,-0.0006362313880875,0.001685462300080376
2024-08-14,0.0127528932475382,-0.0113259009059204,0.0115708495176642,0.0017432871768419,0.0078354520110748,0.003069172405167242
2024-08-15,0.0051410875562722,0.0041910731501397,0.0155979234026051,0.0160112696820309,0.0128765243359125,0.0025054128494563788
2024-08-16,0.0239437596525613,0.0150248466308067,0.0122867060486917,0.0137032801238841,0.0062365635763981,0.01357146903774109
2024-08-19,0.0081082148786746,0.0117874170121383,0.0249494095216604,0.0050693089770403,-0.0002383692479686,0.001202751051602391
2024-08-20,0.0025136744386704,-0.0008128023925729,-0.0026315901162339,0.0063886768456846,0.0020505726404795,0.0022906658217576314
2024-08-21,-0.007804596005754,-0.0018980065068064,-0.0013192325101827,0.0006682343471187,-4.764941644541665e-05,0.0034697991385332916
2024-08-22,0.0031610107569346,0.0024449184424646,-0.0075958993895378,0.0,-0.0024747212434232,0.0023425283690823306
2024-08-23,0.0024916053662535,0.0008131353993847,-0.0006654391119057,-0.0217028674105549,0.0078243541656051,-0.0002337826909190044
2024-08-26,0.014692931403438,0.0222040396041744,0.0213120422882675,0.0126280391877253,0.0099886749334072,0.007937903469734664
2024-08-27,-0.0099417433783335,-0.0103310906340037,-0.0058689011409467,-0.0016851897712347,-0.0051090858668706,-0.0015120486763436913
2024-08-28,0.0082953875675333,0.0091006196351293,0.0111511243845094,0.0101282776766158,0.00424021536398,0.0006077140203668563
2024-08-29,0.001659729414448,0.0063660514320831,0.0081089939944278,0.0040106756145348,0.0068961432482979,-0.0029643462513082586
2024-08-30,0.0050431427012016,0.0060622754748311,0.0051479600793891,0.0119839630552134,0.0047524421894318,0.005900298586841712
2024-09-02,0.0162725133277228,0.0125753272693456,0.0115237703993631,0.0085526713208272,0.0064455306978805,0.0023799093346905664
2024-09-03,0.0113564363265263,0.00698567905666,0.0066455400064313,0.0094586637997471,0.0127626704804764,0.00041574594313509294
2024-09-04,-0.0239922093185547,-0.0249228666724722,-0.0213769180914118,-0.0158320848435081,-0.0122377982476066,-0.01783967618508031
2024-09-05,0.0100757354880809,0.0144927202720013,0.0144555119038491,0.0259356029941619,0.0130803260484728,0.005142082924043612
2024-09-06,0.0149981781896599,0.0142856818806107,0.0164660886663929,0.0172801532838782,0.0236861716164775,0.003926095278389052
2024-09-09,-0.0036244256746157,-0.0030728254520341,-0.0071650342284319,-0.0084932446814044,-0.0064396029128945,-0.002629407276340312
2024-09-10,0.0057362266737144,0.0005136093114548,0.0138061123892614,-0.0038072214873131,0.0162702652044886,0.0030611005400908997
2024-09-11,-0.0189190178376865,-0.0146341947781598,-0.0145466647069562,-0.01783435389434,-0.014690342533887,-0.002743425463039184
2024-09-12,0.0135414067222403,0.0099010233564071,0.0144472158590358,0.0149156784930648,0.0124096338936698,0.013454754904359767
2024-09-13,-0.0091636609251795,-0.012383800944195,-0.0061919446798736,-0.0047923595684635,0.0015430750553682,0.0031650648466829967
2024-09-16,0.0094602093645397,0.0130616302186878,0.0214952971723909,0.0016052583026515,0.0055030324938891,0.0027648478835193835
2024-09-17,0.0003494262265104,0.0020630273183293,0.0073193360791183,0.0003203481197233,-0.0013133603096191,0.002433970294503096
2024-09-18,0.0019576200999082,0.0144106038620692,0.003935840569412,-0.0019224178550985,0.0059622516887507,0.00017304157692277222
2024-09-19,0.0048843188241485,0.0020293222078595,0.0063329031571386,0.0112359968357267,0.0095441235284114,0.006225869149748764
2024-09-20,0.0033325696288284,0.0043038395546637,0.0059934016269433,0.0123809425117755,-0.0020721046752271,0.0021530186184490763
2024-09-23,-0.0146019857741536,0.0007562525015352,0.0011915761480203,-0.0059579572408595,-0.0004758769554459,-0.006884410458085299
2024-09-24,-0.0304095906549514,-0.0302267168750044,-0.0235049081478765,-0.0186119910282335,0.0093914387049196,-0.0012590249294669453
2024-09-25,-0.0229608536150884,-0.0264935485219438,-0.0082267179348854,-0.0106075547934132,-0.0219096284359686,-0.001917403141021068
2024-09-26,-0.0040033214376764,0.0034686157459242,-0.0064516483756056,-0.0009746370631521,0.0178853309981341,0.009512060832991054
2024-09-27,-0.0014141997708116,-0.0178144339928282,-0.0166975794111341,-0.0100812576721821,0.0055555516729273,0.00111169128512012
2024-09-30,0.0091682069704923,0.0110991277407268,-0.0025156686131109,0.0013140078998212,-0.0047966940786307,0.007012455594130884
2024-10-01,-0.0151415043910619,-0.0058902582819578,-0.0167087144339362,-0.010826805656009,-0.0172999562057364,-0.007355335448677058
2024-10-02,0.0063747651582048,-0.0040399320458117,-0.0025648688231927,-0.0013266468969993,-0.0095906585685042,-0.0013078276660333232
2024-10-03,0.0031297894359954,0.0005409175445987,-0.01285772281124,-0.0009963943477877,0.0017245301025001,0.0009115960892320807
2024-10-04,-0.0138918064778995,-0.0154054553457145,-0.0185606484896942,-0.0146275659150618,-0.0072390238116113,-0.00672591484798446
2024-10-07,0.0152930268503277,0.0189404299795754,0.0212343300118846,0.0118083387853216,0.0169844950652342,0.0067973014892288575
2024-10-08,0.001484036189195,0.0040410205599104,0.0042234124899778,0.0040013142731425,0.0037161615674299,-0.0034499921169536263
2024-10-09,0.0048898944540449,0.0050978388497342,0.0035587255697384,0.003985437507064,0.0023521097560741,0.0012755242325632743
2024-10-10,0.0041288462657591,-0.0045381073123942,-0.0038684548252035,0.0029771081387943,0.0082131366323299,0.004348100388788634
2024-10-11,-0.0040385181222415,-0.0002680988468404,-0.0012944701791004,0.0023086322829697,0.0009482381040777,-0.0010298319421208069
2024-10-14,0.0086995113011643,0.0093883185984442,0.0061567198776748,0.0154657074765287,0.0071481284605905,0.00466255475774191
2024-10-15,0.0180529377071465,0.0146160748199803,0.016425183261425,0.0093972267044091,0.0033776008744395,0.008029396070831307
2024-10-16,0.0036613576070838,0.0070716732887812,0.0057033968562874,0.008025683051132,-0.0016191875102946,-0.004041714582123435
2024-10-17,0.0157368176747667,0.0174251425894067,0.0255198677960779,0.0133758324893864,0.0071276405203488,0.008590667584859935
2024-10-18,0.0059859941419351,0.0015338761909227,-0.0043010776061445,-0.0072280847822252,0.0002542454240637,-0.008698700364311529
2024-10-21,0.0112005329722759,0.0061255773609547,0.0030854324414668,-0.0025324789694514,0.0134304679381207,0.007383386119304669
2024-10-22,-0.0222914783404012,-0.0213089381431237,-0.0178405010252392,-0.0082514532826228,-0.0278845989459507,-0.016624141627768374
2024-10-23,0.0038944550072996,0.0010366454210228,0.0031316846307352,0.0035200786474822,-0.0015911691785505,0.0012599921489337973
2024-10-24,0.0116376986065593,0.0072501877963391,0.0024977341463336,0.0111606880536145,0.0049103589848547,-0.0011877778899312963
2024-10-25,0.0041136515616795,0.0012853344018262,0.0009342194170651,0.0,-0.0003428503460675,0.00065936050273252
2024-10-28,-0.0080546467671803,-0.007188760975993,0.0006223611405267,-0.0081993440790387,-0.0031300607600847,0.0012508362931966666
2024-10-29,0.0091699636995825,0.0062064729839581,0.0024875726518036,0.003497626397815,0.0018494241001123,0.003371655360509429
2024-10-30,-0.0086011547866461,-0.0115651430129416,-0.0071340491738436,-0.0107731343930949,-0.0066546516234312,-0.0083503175669708
2024-10-31,-0.0012593010375159,0.0088402229929922,0.0034364325956286,-0.0022421473240339,0.0006050806716948,-0.002485377479740314
2024-11-01,-0.0046235616657116,-0.0152061015618644,-0.0006226838457696,-0.0025681834207726,-0.0358947668725373,-0.00504869270279118
2024-11-04,0.0159054816465438,0.0130856686177842,0.0093458180217964,0.0061152675159261,-0.0041217387017893,0.005651376521966789
2024-11-05,-0.0034636970762991,-0.0018082788273131,-0.014814813387509,-0.0051184269500781,-0.0183101884028683,-0.0040128025627717
2024-11-06,0.011192115197107,0.0157866351998021,0.0106516253145965,0.0054663413880355,0.0350578690474128,0.008347802845664498
2024-11-07,0.0123745349601342,0.0020382176672797,0.0003175059027584,0.014070902857229,0.0162046962853454,0.004342033302418891
2024-11-08,0.013988904881186,0.0081362871449137,0.0199936209437341,0.013245068738078,-0.0043132576835801,0.008367488617678998
2024-11-11,0.0031474906438921,0.0085750099141703,-0.0043558727212941,0.0003112067803228,0.0127914616884938,-0.003093978139935283
2024-11-12,0.003071140135239,-0.0086867947367382,0.00312494046916,0.0133789732781572,0.0104011615164385,-0.00021407845260457137
2024-11-13,-0.0041930917003896,-0.0128865738751942,-0.0028037610353937,-0.0148077664669901,-0.0140570975824648,-0.006527448115715484
2024-11-14,0.0215212148665193,0.0104438869827618,0.0134332631247515,0.0115124998556115,0.0079842319793672,0.003734315691836798
2024-11-15,0.0149830603705891,0.0134368056168343,0.0191122587838461,0.0259248142429686,-0.0011316197257789,0.007441310507963372
2024-11-18,-0.0136015130929253,-0.00152992824842,0.0054447517350555,0.0003081277614576,0.0016557687116125,0.0018126417411712392
2024-11-19,0.0169258389912212,0.0097037689621581,0.0045125492553328,-0.0036968367517584,0.0050458395795114,0.008898359543141332
2024-11-20,0.0049482472313204,-0.0055639257495395,-0.0107817584244201,-0.0049473842659458,-0.0049339201053095,-0.005657392502089409
2024-11-21,-0.0008951572675153,0.0048320375507462,0.0154405119252003,0.0021752463622117,-0.0023488075510185,-0.0003994221025273026
2024-11-22,0.0178571132494202,0.0141735962928992,0.008646543863368,0.0003100386269181,0.0095915819077212,0.008572467449686094
2024-11-25,0.0069798223697412,-0.0114798240167984,-0.0124151759980351,-0.0133291193363361,-0.0041888169768535,0.002833961820424058
2024-11-26,-0.0354689693152402,-0.0118657210425212,-0.0137681820504027,-0.016651061199694,0.0079791647027189,-0.006891592502755173
2024-11-27,0.0201346910897342,0.0012774422868337,0.0054628046969156,0.0028754322918114,-0.0033557248483697,0.005706790433021913
2024-11-28,0.0064097940247045,0.0086757120153411,0.0081497175643694,0.0035043189575556,0.0040576862933141,0.004502330129344756
2024-11-29,0.0,-0.0108777812637621,-0.0011975941528934,-0.0104762447695166,-0.0064059022448628,-0.000854558883504497
2024-12-02,-0.0024594367523305,0.0051151004297924,-0.002697863417893,0.0064165434547756,-0.0008652961273815,0.0013774475920620421
2024-12-03,-0.0025919023011269,0.0076335522091266,0.0102193567710637,0.010838263643002,0.0117794695868993,0.005650650358555387
2024-12-04,-0.0053871143115323,-0.0136363005641322,-0.0154715704218025,-0.0163984982508307,-0.0026537934633699,-0.003838989870408538
2024-12-05,0.0067547351548726,-0.0030722864196666,0.0045331897208154,-0.0003206411507022,0.0030041509500475,0.0014688923730128423
2024-12-06,-0.0058866094443383,-0.0035952930886145,-0.0144406099845699,-0.0009622319832773,-0.0123657151078945,-0.006374772758599878
2024-12-09,0.0147716072666155,-0.0018040280273173,0.0033578015248085,-0.0359549624615805,0.0015163269967228,0.00025408508823243636
2024-12-10,-0.0109802679437716,-0.0281435489566342,-0.0191663218719296,-0.018315112190356,-0.0186875564482559,-0.003536111406231446
2024-12-11,-0.0006977311258749,-0.0013284579593069,-0.0037221143167344,-0.0132292505035169,-0.0076703290346119,-0.004691111632203815
2024-12-12,0.0,0.000798135064463,-0.0049814024562864,0.0010312939656249,0.0020434760887355,-0.0027941743133347297
2024-12-13,0.0043803870244665,-0.0013291642548403,0.0065707034251873,0.0003433635134262,0.0028816180986896,-0.0040800524672692795
2024-12-16,0.0027179602741231,0.0018633065973014,0.0074604277466869,0.0020597557432351,-0.0045088631236864,-0.0056020527388689345
2024-12-17,0.0156959041050801,0.0146120643231018,0.0070965908777427,0.0078794067587832,0.0099021920064079,0.007834297522923306
2024-12-18,-0.008688690945765,-0.005236877697121,0.0064338133443964,-0.0020394521968336,-0.0016268940692539,-0.0005563672889548066
2024-12-19,-0.0234145151809626,-0.020794972633147,-0.0243531526311066,-0.0255448313733847,-0.0134324602881827,-0.01698670911770228
2024-12-20,-0.036733215355154,-0.0223119235780044,-0.0118564650604572,-0.0234185299251634,-0.0228115625393229,-0.01239667407859446
2024-12-23,0.0294157451607335,0.02117129074626,0.019576938811231,0.0236220969841869,0.0217908398044237,0.016687380596010826
2024-12-24,0.0028444658626938,0.0067312743041678,0.0043356377821535,0.004895136709629,-0.0024142634850232,0.0023772087363984618
2024-12-27,0.0070270647149606,0.0050816762902206,0.0070922772368546,0.0027835846981032,0.0081566331252216,0.004979638064240843
2024-12-30,-0.0072339339223864,-0.0047897593184662,-0.0033680822027326,-0.0017349022628286,-0.0044453842703104,-0.002042873475256668
2024-12-31,-0.0118003684352567,-0.0080214613760529,-0.0070660679538616,-0.0079944342131251,-0.0102702315086008,-0.009213234468141596
2025-01-02,0.0020882554699435,0.0037737136603015,0.0027846761081931,0.0017518511037299,-0.0022106549631708,0.005159604806036278
2025-01-03,0.009506822449524,0.0083242515731547,0.0070965908777427,0.009443897494723,0.0087267767566157,0.006005559225287893
2025-01-06,0.0063860433600939,0.0074567620101433,0.0018381879166304,-0.0006930559857821,0.0061858647474744,0.0008427681045029001
2025-01-07,0.0069862160200007,-0.0002643571655747,0.0051987776515571,0.0062413316814455,0.0095781094817515,0.003348235468612737
2025-01-08,0.0168035453597927,0.0182442839036236,0.0139946171838774,0.0172295995910134,0.0151795268238068,0.007730774636001803
2025-01-09,-0.0060094561722904,-0.0038950212914513,-0.0051005714190955,-0.0050813583946939,0.0175607085761706,-0.0023925780176937694
2025-01-10,-0.0172553851449642,-0.0106882550368684,-0.0168878514620587,-0.0027238756247963,-0.0123879459802414,-0.004213689796908282
2025-01-13,-0.0210830651226668,-0.0192357647575658,-0.0223925503147209,-0.0133151362420561,-0.0243079579792857,-0.01231645469276843
2025-01-14,-0.0052369605130994,-0.0010747588381362,-0.0021965469244359,0.004152225496572,-0.0013298694190414,0.004770979097825645
2025-01-15,-0.004540659019383,0.0059172051077727,0.0018869356829058,0.0058580723473171,-0.0047940903341954,-0.0021541244861407183
2025-01-16,0.0296158899285829,0.0280748971551705,0.025109823548868,0.0270640431881767,0.031846626929791,0.01384196097022361
2025-01-17,-0.0118780917587369,-0.0174253742284632,-0.0153093288131079,-0.0176784258145213,-0.0010806661114117,-0.0019906651192079794
2025-01-20,0.0075374550403277,0.0079407806046118,0.0040423636270929,0.0040746795783088,0.018823918839935,0.004453018379222851
2025-01-21,0.0073520091133965,0.0207458261919379,0.0139362527773045,0.0196144433584202,0.0080274631557866,0.006588964112483664
2025-01-22,0.0099230672832948,0.0100333453545828,0.0073304793674604,0.0023217739499261,0.0058147076858472,0.003260633590713047
2025-01-23,0.0006340797437898,-0.0025470754870732,-0.0006065767709008,-0.000661798267182,0.0005445187054808,-0.006058765838667379
2025-01-24,0.0050679875504542,0.0061287782439338,0.0018204032383053,-0.0006623044907179,0.0022190730795523,0.0035988763023822035
2025-01-28,0.0039709794279774,0.0106598481875304,0.0115082913284896,0.0112657542667593,-0.0145799024726861,-0.001164654085008321
2025-01-29,-0.001192853693318,-0.008287305241785,0.0044909324449211,0.0032765997707382,0.0073766241468629,0.005707451663747198
2025-01-30,0.0095543281113468,0.0103824128434315,0.0068554550410491,0.0016328488272334,0.0143085801046001,0.005526811029583412
2025-01-31,-0.0003112934920003,0.0060149073566755,-0.0014801978497641,-0.0016301869783377,-0.0009127893752994,0.004544942309277822
2025-02-03,-0.0151345024121161,-0.0229196085815797,-0.0168988600997065,-0.013716546773391,-0.0158222130191421,-0.01792503261076228
2025-02-04,-0.0027192329056054,-0.0025498804140331,-0.0015077508689406,-0.0023179298044222,0.0043461322225819,-0.000642313789446014
2025-02-05,0.0055168458610617,0.0069018609169158,0.0051342166304455,0.0013276864654652,-0.0362994909877779,0.005121636469623159
2025-02-06,0.0256667873540086,0.0251334253197954,0.0216347317750578,0.0258534492545883,0.0092422245909113,0.012337418980848502
2025-02-07,0.0001843651943997,0.0079246104625259,0.0011764601822166,0.0019385663772819,-0.0066090395544434,-0.0010888034754139575
2025-02-10,0.0009836637957976,-0.0039312523864032,-0.0002938142080599,-0.0032247588628089,-0.0090446662804168,-0.003366170169441296
2025-02-11,-0.0041146403778854,-0.0027132399361931,0.006758697787643,0.0032351915755148,0.016016526848561,0.00014402039141292455
2025-02-12,0.0235569710314893,0.0168191479251433,0.011383630826169,0.0070944562618833,0.0172324864075492,0.006061412157193136
2025-02-13,0.0044583406330267,0.003162249362357,0.0,0.0003202304976142,0.0030569485143361,0.0007260504129422696
2025-02-14,-0.0076775636898959,-0.0060620637842691,0.0017316157450364,0.0016005742201257,-0.0034285266482586,0.0018765517846306423
2025-02-17,-0.0028409060326461,-0.0114662403169939,-0.0406223345184145,-0.0041546854237929,0.0070930404417033,-0.001980241184549869
2025-02-18,-0.0143662057533523,-0.0249260306364502,-0.0297296659054753,-0.0176508591122326,-0.0086035596419463,-0.006360695417413353
2025-02-19,-0.0087933556444859,-0.0812452424762231,-0.0034045042042174,-0.0156811942396757,-0.0029778926296116,-0.005796387541235126
2025-02-20,-0.0201962931337585,-0.0327823118771126,-0.0304348588836219,-0.0305343365862287,-0.0101122107241073,-0.01137176264631623
2025-02-21,-0.0256855621228003,-0.0008543954763643,-0.0060858050082144,-0.0143785906692081,-0.0150431344443576,-0.003030927670640171
2025-02-24,0.0296580013770484,0.0233751095884116,0.0080566970606728,0.0263980220480846,0.014528893394988,0.0017568452611880225
2025-02-25,-0.0125455158838158,-0.0142062316264275,-0.0009590870509865,-0.0071066104777378,-0.009489665026845,-0.006140193576652853
2025-02-26,0.0128994818472667,0.0039558249536819,0.0083200240951288,0.0139740229617002,0.006227388478472,-0.00039179456778637434
2025-02-27,0.0001918940401572,-0.0022514173172059,0.0034910049631793,0.0047059133553719,-0.0012118155382483,0.0034616696343752196
2025-02-28,0.0028792886040385,-0.0042313492771985,0.0060087534768522,-0.0033455243852852,-0.0181558389266971,-0.011534964097018041
2025-03-03,0.0024882055734949,0.0005664927331423,-0.0003144116943266,-0.0010070607927009,0.0018535466612441,0.009113596607355667
2025-03-04,0.0040093936281155,-0.0076443015473792,0.0022013823640973,-0.0047043316165882,-0.0119818404537186,-0.005372277879599041
2025-03-05,-0.0086840915264625,-0.0142654235318695,-0.010354648826335,-0.0087778605683187,-0.0127067443346101,-0.005837492565343827
2025-03-06,-0.0179039024003776,0.0011578156443654,-0.008877537655365,0.0006811833871498,-0.0042449585683291,-0.0024948858154106857
2025-03-07,-0.0331401236269062,-0.0095403440671029,-0.0220730495729188,-0.0241660729724524,-0.0517913314873095,-0.01800181837116266
2025-03-10,-0.0024243498134214,-0.0055457607384922,-0.005560942206176,0.0017439077047476,-0.0037785328414992,0.0022878097216143534
2025-03-13,-0.0055249227993897,-0.0050928868223525,-0.014632462894966,-0.0024639011180163,-0.0119040779112128,-0.026338309693073714
2025-03-14,-0.011388987448441,0.0027100144787808,-0.0006749512902836,-0.0017642867177736,0.0077774319908974,0.005321249144710327
2025-03-18,-0.003179974340341,-0.0195548243888715,0.0097022062989935,0.0066224724994172,-0.023260452356582,0.00919687917763512
2025-03-20,0.0221334403368282,0.013476242514272,0.0162683020421865,0.0153204148765717,0.0380678527256781,0.007622595811012545
2025-03-21,-0.002261130482087,0.0027199038980412,0.0042469238081581,0.004801058293558,-0.0079290603867465,0.0015582752044280834
2025-03-25,0.0067736308380927,-0.0047183699846875,-0.0060761387196018,-0.0318320729683133,0.0262195093997177,0.0015593789832559768
2025-03-27,-0.0012647481323176,0.0035314127921075,0.0066793786439944,0.0013585948745231,-0.0114282597952668,0.003391912194546043
2025-03-28,0.0025993158731725,0.0020527964248542,0.0075829355284517,0.0054274240926754,0.0008855017089315,0.00168813549415181
2025-03-31,0.0033237757753159,-0.0043897954958631,-0.0100344685757394,-0.0185559635127605,-0.0335201781611311,-0.017362252770460884
2025-04-01,0.0152388242715486,0.010582021660084,0.0,0.0134066099043443,0.002135939756382,0.010421416418032736
2025-04-02,0.0103766026434219,0.0063991186072744,0.0104528529032619,0.0061058347001909,-0.0004567258374935,0.0012264667691650466
2025-04-03,0.0100116929246976,-0.0121387893184582,-0.005015566352473,-0.0138232585791304,-0.0289383724822784,-0.00942988674592038
2025-04-04,-0.0151563173275445,-0.014043235512495,-0.0236295521705056,-0.036581168011985,-0.0902912051319473,-0.02441280837105053
2025-04-07,-0.0622728252027504,-0.0448071740949738,-0.0561470761954818,-0.047906349849199,-0.0083908737388563,-0.04233172408427255
2025-04-08,0.028045178505603,0.0093196847020509,0.0143588816615796,0.0089451593242244,0.0374985576083104,0.022714605323667536
2025-04-09,0.0045803823821817,-0.0073868540331509,-0.0168519938085716,-0.0206870152730541,-0.0449137223871712,-0.017979760067465378
2025-04-10,0.0361404649598249,0.0486821535581434,0.049365838516802,0.0347037881698586,0.0548049582399896,0.04536982885236762
2025-04-11,0.0009707284306881,-0.0171495558637336,-0.0186213827860712,-0.0171345453827189,-0.0076521493753076,-0.008183916232542221
2025-04-14,0.0168735717705368,0.009326028333253,0.0156458191480999,0.0170623829269138,-0.0017323364479948,0.013357614286643393
2025-04-15,0.0047681694338534,0.0065574882253589,0.0081940785755878,0.007293854363918,0.0083963499612458,0.0017417233456029635
2025-04-16,0.0080993060104674,0.010364099117903,0.0149543860112695,0.0108617446780023,-0.0023313635319671,-0.0003633696043419121
2025-04-17,0.0121138871350832,-0.0038099650783024,-0.00224214896398,0.0042981168495617,0.0005008537096558,0.007763178078145527
2025-04-22,0.0418605438701138,-0.0047072645355855,0.0009630896730812,-0.0064194733686784,0.0056167279729111,-0.00031137415336179863
2025-04-23,-0.0251785484663321,0.0316287426352852,0.0166774055199769,0.0193825531239375,0.0528118949862475,0.013280745439143038
2025-04-24,0.0058008155596283,0.006017105125508,0.0107255529806382,0.0154929663977616,0.0122911972861208,0.006024059548411342
2025-04-28,-0.011352585008198,0.0168043476093504,0.0081147526688047,0.0162969014296987,0.0010378304041769,0.0036178027085560505
2025-04-29,0.0007982833476447,0.0070027873877998,0.0111456017532203,0.0081882844696092,0.0078270094528685,0.009194926035770656
2025-04-30,0.0222112542821337,0.0050070439861069,0.0055113110882916,0.0104906974764014,-0.0050403712406491,0.006940598111448981
2025-05-01,0.0039015741428469,-0.0035982322473033,-0.0006089770719698,-0.0040187312147117,-0.0027913274952475,0.0023862818448010525
2025-05-02,0.014409601564111,0.0136111799223959,0.0191955192789159,0.0208472815055482,0.026229907112236,0.011349837490188586
2025-05-05,-0.0160910605219322,-0.0175391552083445,-0.0298952855854848,-0.0098814006147535,-0.0181847311500839,-0.009743113101614687
2025-05-06,-0.0011381246605663,-0.0153416499125547,-0.0197227256440643,-0.0073186655978748,0.0077687856462436,-0.0007775061723014343
2025-05-07,-0.0046779575906162,0.0161472913391529,-0.0006286956309551,0.0046916506555216,0.0093934827461403,0.0033174242846905067
2025-05-08,-0.0027116170059611,0.0139391982163925,-0.0170802526489326,-0.0193462689983795,-0.0092555155016313,0.0026918164778251263
2025-05-09,0.0092441796638274,0.0043991725629688,0.023278702916422,-0.0142856684133915,0.0378783982377941,0.0048279263050716725
2025-05-12,0.0008380961338705,0.0002803388534609,-0.0041653466721361,0.0079365040022088,0.0211499517898896,0.0013386410685847228
2025-05-13,-0.0062207662902944,-0.0022414139376469,0.0180179950211871,0.0045806556458605,0.037040637512143,0.005305888889572952
2025-05-14,0.0081859104468431,0.0137600314025057,-0.0120100852896655,0.0007015620894339,-0.0160241311295594,0.0012832998985634614
2025-05-15,0.0133730920332815,0.0135734831312683,0.008317368572595,0.0164738577887639,0.0124143447245526,0.002159961912306496
2025-05-16,-0.0004712672762726,0.0114784697068683,0.0028553014810996,-0.0034483341875327,-0.0150595819535446,0.005567721464061481
2025-05-19,0.010019951251188,-0.0045933152712989,-0.0075924794402637,-0.0173010557289721,-0.016252812687416,-0.00526768414895562
2025-05-20,0.0062441933846677,0.0100433415056615,0.0041440382544117,0.0126761172528735,0.020149060215661,0.005814078045332405
2025-05-21,0.014788618538128,0.0115561334465135,0.0022222350951326,0.0031294131627537,0.0104281951444615,0.005253260727279274
2025-05-22,-0.0129156662037938,-0.0071733158059782,-0.0079189292036572,0.0,-0.0224484609952558,-0.004387032407054958
2025-05-23,0.0064843703056607,0.008830684330163,0.0006385914006108,0.007625612636682,0.0036489983660752,0.0014648649117181556
2025-05-26,0.0002301680934302,-0.0079574318522309,-0.0028717640917028,-0.0141039060452956,0.0044597615374117,3.426880847423597e-05
2025-05-27,0.0083965392374301,0.0093581726662952,0.0169600713696722,0.0139566919820892,0.013464576527304,0.005566133332338907
2025-05-28,-0.0088400267318882,-0.0108608929501188,-0.0097546453738486,-0.0061940764889401,-4.761600533642607e-05,-0.0012629134969331934
2025-05-29,0.0037402512163327,0.0042849510551397,0.0076263191835543,0.0013850788461362,0.0172389395688121,0.0015397909171743773
2025-05-30,0.0086562588727752,0.0133332598297912,0.0268054639222461,0.0041493512730153,0.0028088251750706,0.002961238624625384
2025-06-02,0.0026711807043402,-0.0068420303774054,-0.0116707333832354,-0.0020661369823207,-0.0097568190552754,-0.0024462538390115363
2025-06-03,0.012583623080667,0.0119236015595034,0.0136730001960605,0.0131125349641796,0.009145776542484,0.006265788054665489
2025-06-04,0.0137707870760244,0.0107357614010601,0.0147149152382015,0.0095367695667687,0.014855655695243,0.008877213840190468
2025-06-05,0.001325205243267,-0.0023315689157926,0.0048338221943919,-0.0003373741767548,-0.0041889379245776,-0.0003412005050924538
2025-06-06,-0.0079409725355878,0.0018177493603606,-0.0024053141968878,-0.0043874790659839,-0.0018027589797282,-0.0027162050734830245
2025-06-10,0.0116732266902015,0.0152928924791371,0.0096444547314378,0.0111864547234126,0.0111141447142453,0.008391880479813985
2025-06-11,-0.003296761814727,-0.0025530008518462,0.0038806109416367,0.0036876119980042,-0.0058624028387055,0.00057089356729767
2025-06-12,-0.0047959798549129,-0.0020475061726887,-0.0083260653605625,-0.0050100381245605,-0.0158020166582149,-0.0031244631455151772
2025-06-13,-0.006536304953508,-0.0030777645100764,0.0002999792916753,-0.0053709404025212,-0.0037447742108205,-0.0020467587423056433
2025-06-16,0.0003345562411476,0.0018008116386003,-0.0050959782605205,-0.00101246410951,0.0007987085116427,0.00010929625189559644
2025-06-17,-0.0015049995781623,-0.0035952511851873,-0.0054232666217516,-0.0047297558104919,-0.0040844679324021,-0.0008316067834999163
2025-06-18,0.0058055354197288,-0.0023195503937128,0.0003028887572091,-0.0142566304482534,0.001838526221584,-0.0011821895743332478
2025-06-19,0.0148185523979968,0.0105915449215836,0.0172623146824728,0.0030991711420038,0.0017879526667503,-0.0008765204640738267
2025-06-20,-0.0017500877794501,-0.0053681135902307,-0.0113128635115585,-0.0254033293107073,-0.0188820084714416,-0.002136111064523827
2025-06-23,0.0099709979614159,-0.0007709976552312,0.0063233135914302,-0.0063403257443928,0.0026329978270192,-0.0035785039933263763
2025-06-24,0.0205045183403382,0.0223765929945409,0.0260323750067359,0.0138249922831648,0.0242086749023695,0.009516766288874878
2025-06-25,0.0173815191730035,0.0075470482850068,0.0072907727643021,0.0174824638522843,0.0110489052661206,0.00042686146805137604
2025-06-26,-0.0036049254022193,-0.00399490930727,0.0008684729725398,0.0219931704739999,-0.0041499768554235,-0.0009862148484408584
2025-06-27,-0.0280531072880612,-0.0157934769847514,-0.0193809403980513,-0.018157348534722,0.01958604214329,-0.002970302683433901
2025-06-30,-0.0032909244392378,0.0025472496842393,-0.0011799813196929,-0.0013698997762722,0.0387374689752479,0.0033006383847138387
2025-07-01,-0.0117455758990475,0.0086381391184617,0.0002953438301256,0.0250341970323457,-0.0098805654857507,-0.00013555822132760298
2025-07-02,0.0059699589517772,-0.0093199161949578,-0.0044286151808283,0.0010037906154283,0.0112598148599851,0.006650957390221368
2025-07-03,-0.0216693322660503,-0.0106789016235274,-0.0071174452580679,0.0053475372745159,-0.0075103309336688,-0.00018627091772527304
2025-07-04,-0.0094050302094776,0.0061681855879021,0.0044803211366797,0.0079787392712959,0.0079190981145691,0.000831062491525314
2025-07-07,-0.0010675228616824,-0.0028097962882458,-0.0044603373927821,-0.0062664784669089,-0.0021824510371316,-0.0015890432361798101
2025-07-08,0.0082673496440213,0.0064037554306157,-0.0002985774915225,0.0026550999957513,0.0014872878939131,0.0001619614627472732
2025-07-09,-0.0021196241033678,0.0002544798573373,0.0068717037037036,-0.0049651955802327,-0.0249410896592033,-0.006066006388509182
2025-07-10,0.0082168886616806,0.0111959847124334,0.0050444471648452,0.007651387329693,0.0038077710159627,0.005924210560499521
2025-07-11,-0.0052668604287298,-0.0032713771456376,-0.0017714226485608,0.001320537504845,-0.014592983873705,-0.0010514665985797977
2025-07-14,-0.0039016033834126,0.0012624210924088,-0.0073941625279677,-0.0082426721357473,0.0021285334086036,-0.0011340514084133835
2025-07-15,0.0058191787753638,-0.0012608293947868,0.0068533938016508,0.0069814217207475,0.0140545472737394,0.0070350160519228044
2025-07-16,-0.0121827410265765,-0.0338297337403565,-0.0145014732626225,-0.0056124160543655,-0.0077097898724005,-0.007946852087089229
2025-07-17,0.0181898551690273,0.0112358430040255,0.0120120653135578,0.0109561884203046,0.0085781191024236,0.009023994480213515
2025-07-18,0.0091814408204313,0.0126614670138032,0.0181010372574592,0.0121509844852596,0.012512844375464,0.013676461378307136
2025-07-21,-0.0251562646165138,-0.023985597523329,-0.0361411968681238,-0.0249837221471443,-0.0142053566339623,-0.0101637988765505
2025-07-22,-0.0306403104605202,-0.0269280518599087,-0.0127002862356488,-0.0076539334899801,0.0022752573091422,0.00103831695199319
2025-07-23,0.005103919338887,-0.0005373724314591,0.0140888149847684,0.0251508635230333,0.0028042687295228,0.006912631302657957
2025-07-24,0.0009808477635087,0.0123655699664568,0.0054364296315936,-0.0042524378056105,-0.0508234214583819,-0.003175679587161695
2025-07-25,-0.003458872833982,-0.0039831527796456,-0.0078102406268353,-0.0072274283046172,0.001449663089196,-0.004885738076279789
2025-07-28,0.0117429268815767,0.0066649595778176,0.0054496573832816,0.0029782239354929,0.0097128599783828,0.0035597290652915614
2025-07-29,-0.0034877405986425,0.0116526011494357,-0.0006023085048648,0.0003299165426271,-0.0039772837338313,0.0007944812226055031
2025-07-30,0.0154915619247484,0.0070681572004118,0.0159687330321232,0.0125330226980717,0.0083113326823069,0.005944936886420171
2025-07-31,0.0051981139888184,0.0114373330257886,0.0029655825842223,0.0006513858690639,0.0010130857085302,-0.0015440359523219982
2025-08-01,-0.0160194166479771,-0.0120792016690167,-0.0109402935654432,0.004882895346379,-0.0165608896569469,-0.009241317753212686
2025-08-04,-0.0007426962802709,-0.0065036069556037,-0.0074738003407547,-0.0155491713712113,-0.0029937616645148,0.0001936224626470917
2025-08-05,0.0137769736696786,0.0159727892742738,0.0138554761376052,0.0144785089942649,0.0091489232488732,0.012313021827638826
2025-08-06,0.0098117368821657,0.0048969993801006,0.0074271127208309,0.0012974724478709,0.0053001346283243,0.008353250092199227
2025-08-07,-0.0053049782986266,-0.0043601578923272,0.0023592666667369,0.0029153848543772,-0.0080932269364659,-0.0013901630684927113
2025-08-08,-0.0085330546288312,-0.0085007385289903,-0.0097087186020285,-0.0025839844872053,-0.001305546480083,-0.0027467467318317285
2025-08-11,0.0112678735419053,0.0085736206362661,0.0193108230528282,0.0116580221383866,-0.003361277076505,0.004279179046496884
2025-08-12,0.0011197214186748,0.0095310845280045,0.0093266970792982,0.0220871362045811,0.0032320939545968,0.0040729842865590005
2025-08-13,-0.0541387239165651,-0.0262821664459097,-0.0210801328671054,-0.0018790673705915,-0.0049959329188584,-0.006025028036846569
2025-08-14,-0.0112936280025857,0.0188679343567117,0.0631268943298877,0.0197677269713592,0.0165180453441899,0.0057719277954007
2025-08-15,0.0057411556563236,0.0079731911977916,0.021365108359876,0.0178462351719024,0.0036469243905079,0.007303192284070725
2025-08-18,0.0120116818481321,0.0265373971278839,0.0070633237796411,-0.0154172374421656,-0.0008739414433157,0.002316399066214725
2025-08-19,0.0050532437372257,0.0077057336105053,0.006474351922755,0.0061406016690104,0.007135674596072,-0.006577475836549884
2025-08-20,0.0234490813320729,0.0367537564998663,0.0246581506137186,0.0195300359024521,0.0033367684502088,0.004073416627260906
2025-08-21,0.0081206358969756,0.0085653627490809,0.0130787654083743,0.0152648990042014,0.0182687741137543,0.011637568966395229
2025-08-22,-0.0055236482604769,0.0018872385516235,0.0064548573769653,-0.0014739640250255,0.001208063441261,-0.005599710912269518
2025-08-25,-0.0146955808819168,-0.0178949473133991,-0.0177013799999635,-0.0138766207572315,0.0060773609736388,0.0006578852408576363
2025-08-26,-0.0071638611003699,0.0035962973892316,0.0002611737236235,-0.0074849773006571,-0.0023984943174247,-0.003984203903936279
2025-08-27,0.0044357758743751,0.0021499892443554,0.0052220070221957,0.0069381804918198,0.003784474400251,0.0033341609758867907
2025-08-28,0.0207265792718838,0.0235995228579093,0.0132466898472918,0.009286843799237,-0.0039919706580763,0.002854074866382783
2025-08-29,-0.0175944069721276,-0.0034931902233262,-0.0102538263600527,-0.000593752741046,0.0027165810322082,-0.0006627247914169354
2025-09-01,-0.0079272528643811,-0.0058425471405801,-0.0093239173603714,-0.0029698168115509,-0.0070172731910188,-0.004601223595458337
2025-09-02,0.0089376630737507,0.0098729954020411,0.0083659873957946,-0.0026810817129414,-0.0048305293114913,-0.0017766126904460444
2025-09-03,-0.034670911376553,-0.0230446014244805,-0.0365569235943235,-0.0215053609745069,-0.0255280172505311,-0.017567732244655576
2025-09-04,0.0209662216500676,0.0200143525296523,0.0199139256570117,0.01343107125006,0.0202010320322174,0.011924944894596168
2025-09-05,0.000833369367386,0.0084091142941942,0.007123939635748,0.002710901298256,0.0026673126838947,0.005255037969288834
2025-09-08,0.0005947681722717,-0.0076441669610497,-0.0055015792436093,-0.0102132819384882,-0.0028856411255867,-0.002354616786085284
2025-09-09,-0.0128388887736198,-0.0014005377389333,-0.0081665602509668,-0.0021243821031473,-0.010490588028045,-0.004680812405629675
2025-09-10,0.0148121168718995,0.0147265497475133,0.0169986200961496,0.0149025755471596,0.0089567277389499,0.0033501063365311
2025-09-11,-0.0045686595737535,-0.0089841433990174,-0.0088794922061762,-0.0158825233087699,-0.0039856470205786,-0.0027908654489039453
2025-09-12,0.0131132898644854,0.0120873608672213,0.0139656976592863,0.010657672014406,0.0190077061674402,0.006891792932312235
2025-09-15,-0.0062953155174207,0.0057419066599815,0.0064968970082606,-0.0060257734888314,-0.00044622077008,-0.0011932098565379246
2025-09-16,-0.0033747378759632,0.0068508596870653,0.0077458903057305,-0.0063656605015718,0.0097325881095935,0.0028895750532194064
2025-09-17,-0.0010693743534175,-0.015196275875016,-0.0099922482960124,0.0033556277432704,-0.0112747501116257,-0.006636900806963331
2025-09-18,-0.0227177664377474,-0.0013817380215188,0.001035129309548,-0.000911989248433,-0.0008943876803362,-0.008145503780282226
2025-09-19,0.0111969875234141,0.009916967255148,-0.0033609222538031,0.0057820336075924,-0.0038492886561928,0.00324258965795976
2025-09-22,-0.0036107269571076,-0.0031970557490624,0.0002595151347641,-0.0009076344400331,-0.0031451600464201,0.0042871281270495665
2025-09-23,0.0078516233503835,0.0100801422127403,0.0072612465530836,0.0075711155694011,0.0025240950215805,0.003976625163081282
2025-09-24,-0.0140228389744784,-0.0224541609984163,-0.032440667050071,-0.0180343306031036,-0.0179390922429366,-0.009136394700872685
2025-09-25,-0.00480157222294,0.002784362703228,0.0087812493567647,0.003367048371681,-0.0117199029066719,0.0009703177344582148
2025-09-26,0.0069622700105844,0.0097176585341087,0.006858268758793,0.0015253461667767,0.0065779774639622,0.0016834074318383685
2025-09-29,0.0215306914084274,0.0148946565169221,0.0204349716617431,0.0170574813647419,0.0133922553822813,0.008611178081575632
2025-09-30,-0.0090838191268525,-0.0031609633636131,0.0005134963376975,-0.0053907719987282,-0.0039509159055188,-0.0015738949585127893
2025-10-01,0.0009586051226162,-0.0031710767829923,-0.0059019735541584,0.0021078105530663,0.0016414010422631,-0.00034220495856951416
2025-10-02,0.0165210668568174,0.0093160351792569,0.0116158873711207,0.0195312811277301,0.0059629249282875,0.011347090695777329
2025-10-03,0.0032976592313855,0.0040522531859459,0.0030620088421819,0.0079575531346851,0.0177827376552051,0.0046302426111994865
2025-10-06,-0.0024650922413872,0.0015694517847064,0.0015262803271898,-0.0052631535987057,-0.0054238433902848,-0.0006307735764718991
2025-10-07,-0.0036479822488486,-0.0024624040175953,0.0,0.0049970043528611,-0.0007152363359486,-0.002731626231946338
2025-10-08,0.0004724427873454,-0.0038151382530374,-0.0025399910809625,0.0052646932542852,-0.006217803302994,-0.0010257219504496984
2025-10-09,-0.0124542374756442,-0.0139670943557366,-0.0043290511189864,0.0125110300836284,0.0023405766149879,0.002477562676931555
2025-10-10,0.0061561271434231,0.0057117342191146,0.0028132939654794,0.0017240982175608,-0.0075444009486401,-0.0012763445709190746
2025-10-13,-0.0187121005496003,-0.0184007912811681,-0.0094363874440627,0.0329889698909069,-0.0401357464805933,-0.008431888967986079
2025-10-14,-0.0047823885652158,-0.0104142726100913,-0.0115859816985181,-0.0027769428799184,0.0120680424695325,0.001871730703174812
2025-10-15,0.0144769390171783,0.0187090834678198,0.0197969825336119,0.0052909394813052,0.0145791827683285,0.01029572663705225
2025-10-16,0.0079146777207605,0.0025252423845718,-0.0025543653759775,0.0191136334462405,0.0513267566261197,0.00861716626757425
2025-10-17,0.0013087078130913,-0.0084726513948526,-0.0081945972280647,-0.0048926300965258,-0.0097817221593449,-0.008061996585837616
2025-10-20,0.0260217741963357,0.0103926266631213,0.0139426435192298,0.0043703993216681,0.0003970089538469,0.004072870001729623
2025-10-21,0.0049798584097739,-0.0031999789182135,-0.0017824910408258,0.0065270188385635,0.0059951147780048,0.00696786044769504
2025-10-22,0.0033993664940528,0.0018344425406888,0.0010204429617011,0.0029722632582185,0.002892026302866,-0.007113519104970267
2025-10-23,-0.0142980052929625,-0.0070954827752758,-0.0091743212010189,-0.0035021283718379,-0.0125834473003727,0.00030235483444340794
2025-10-24,-0.0075149050517426,-0.0029966940962679,-0.0002573124379037,-0.0094620684956081,-0.004380792992515,-0.001527659260440184
2025-10-27,0.0076305047787907,0.0067051248865706,0.0061745366163503,0.0057314726844861,0.0,0.004068692876836311
2025-10-28,0.0136890052336839,0.0248048358934129,0.0099718083290945,0.0067841586087107,0.0064443825916846,-0.0047635974822699545
2025-10-29,-0.0208022034132774,-0.0264456193103139,-0.0306329530881408,-0.0040430878601159,-0.0102009020135819,-0.009532364915336045
2025-10-30,0.0007628515384972,0.0048343597562066,0.0010446948944939,-0.0024356141245545,-0.0117783734335435,-0.004554990186572683
2025-10-31,0.0065092163030446,-0.0006873652217241,0.010696637148579,-0.0056973719600584,-0.0132730723436153,-0.00041019974216016664
2025-11-03,0.0227218594056779,0.0089408916830566,0.0278780887323506,0.0084583596566689,0.0015098584259156,0.0014597116954901956
2025-11-04,-0.00814619674557,-0.0049988437384825,0.0150678218846078,-0.0035171816107412,-0.0076751012182884,-0.009116923589537529
2025-11-05,0.0128654445797795,0.0168987751231928,-0.00519542895681,0.0002714573970516,-0.0035910555212244,-0.0013334559711946081
2025-11-06,0.0125887007790643,-0.0330113698300296,0.0068457899324181,0.0043431139004108,0.003788803145942,0.004114712286717115
2025-11-07,-0.0148961455060079,0.008824783957456,-0.0183832275718921,-0.0054054968746911,-0.0574452953033054,-0.006775067750677488
2025-11-10,-0.005627942095178,-0.0039133201418933,0.0138532529596384,0.0320653511434079,0.0058601665399593,0.007551736884919391
2025-11-12,-0.0307220411497922,-0.0007026374186462,-0.0047440231690817,0.0180817129434407,-0.0126771673146836,-0.0031075436383990462
2025-11-13,0.0114282077805056,-0.0110147215524499,-0.0105369288872971,-0.0284060744046824,0.0013182358288303,-0.004320266968230957
2025-11-14,-0.0180411683015229,-0.0170616227548643,-0.0159736084947657,-0.025717232469658,-0.022038079544815,-0.013575392372210504
2025-11-17,-0.0095995070696303,-0.0002410071222537,0.0056686547343838,0.0052791698724152,-0.0093032903102016,0.0005969744214311401
2025-11-18,-0.0164965736643245,-0.0209790650127994,-0.0297208116261032,-0.0091210754921201,-0.0166887732937787,-0.019367357966325827
2025-11-19,-0.0125309281154143,-0.0068965775438749,-0.0139951530265227,-0.0203626406811699,-0.0143769486573122,-0.002511502246694497
2025-11-20,0.011235921192767,0.0138889412480696,0.0109801447722319,0.0091116654076091,0.0242759142633364,0.012411071686832198
2025-11-21,0.0003920710591025,-0.0078278041352886,-0.0164238310666927,-0.0152370036609157,-0.0021592482504854,-0.015866686540855657
2025-11-24,0.0124135598694663,0.0027119799115731,0.0228925289443089,0.0011461098243608,-0.0031428810057215,0.012902209135331688
2025-11-25,-0.0117450682544852,-0.0009834201420583,0.001053234816966,-0.0008586262449215,-0.0081144653876065,0.0015330762942897813
2025-11-26,0.0024814970959872,-0.0061531457496003,-0.0042083020480601,0.0063019662635581,0.0283466339277376,0.00820255609995657
2025-11-27,0.0046899405435578,0.0029717379411471,0.0007923527171993,-0.0014232298530099,-0.0043070976434133,0.0015071070864174363
2025-11-28,-0.0112163633472114,-0.0098765391704461,-0.0079176646668155,-0.0125428517582265,0.0027480385940712,-0.0005460416281499736
2025-12-01,-0.005704584782935,-0.0062344721357147,-0.008779001939837,-0.0127020605682595,-0.0041615494423357,-0.005613091832432859
2025-12-02,0.0039569111455692,0.0077792644946994,-0.0037572943053406,0.0005848411679796,-0.0114667241689697,0.0016932233953734777
2025-12-03,-0.0012480833080115,0.006474086138245,0.007543139253642,0.0149035353712763,0.0102593860458326,0.0018191172439521175
2025-12-04,0.0076947561944917,0.0022266219400943,0.0069518300999895,0.0169881215188678,0.0051030745304969,0.002717692409301753
2025-12-05,0.0064613720538115,0.008639826268316,0.0114179895841683,0.0002832031681627,-0.005940400954399,0.0018727627092489652
2025-12-08,0.007846476493301,-0.0063631744371127,0.003938045449735,-0.0073592092793641,0.0046990038685967,-0.001174943628118319
2025-12-09,-0.005726463775579,0.0100984434078319,-0.0054917594101857,0.0025662189656936,-0.0091505598862964,-0.004463902112083029
2025-12-10,-0.0045945722913529,-0.0012191312368926,-0.0070996048170051,0.0025597613420205,-0.006567136736827,-0.0007664252083360301
2025-12-11,-0.0070210883095772,0.0102539445805709,0.0132414710103121,0.0039716106014722,0.0140474569682007,0.001497787701094655
2025-12-12,0.0210814564160741,0.0181246775274266,0.0141140544713336,0.011867808207697,0.0265851665740386,0.012282762349015819
2025-12-15,-0.0056424140155688,0.0016614837808748,0.0023195699765352,0.0120078342620471,-0.0062509378563662,-0.007155360826018642
2025-12-16,0.0003223267714131,0.0009479500257445,-0.0105425203481895,-0.0035872084733503,0.0016972875026433,-0.004179274630088048
2025-12-17,-0.0081866310231434,-0.0052084183941097,-0.0007796872413701,-0.0002770073522052,-0.005631581554005,-0.0016002643475928613
2025-12-18,0.0074093468694613,-0.0054735052276649,-0.0052014986209483,-0.0016619640927971,-0.0096230995479587,0.00035389154599752004
2025-12-19,0.0177418906517972,0.0083751003392065,0.0133332655189075,-0.0002775453769906,0.0150809536217517,0.0038569160714947426
2025-12-22,0.0032330037300898,-0.0002372324545097,-0.000257984831295,0.0066612052063033,0.0062817130830046,0.009111014026046194
2025-12-23,0.0219258987246868,0.0092570364439439,0.013161224091438,0.0110282942013302,0.0163991100936065,0.01101250996004266
2025-12-24,-0.0021022629441617,-0.0021166523674388,-0.0030564901135067,-0.010089985578893,-0.0005849097817535,-0.0037524426485633366
2025-12-29,-0.0055765026364092,-0.0063634262635823,-0.0051099006898063,0.0027549296350073,-0.0054138091323863,-0.004219865901393116
2025-12-30,0.0049846557019328,0.0042694525220312,0.002311330595814,0.0008241868111025,-0.0004903648261004,0.00019871081465860918
2025-12-31,-0.0044639096864763,-0.0007085196146802,-0.0110172042882121,-0.0024705242597962,-0.0030419820336341,-0.0003175424667444249
2026-01-02,0.0034252494488979,0.0021271580286259,0.0090674008618742,0.0022013887285416,0.002608295378792,0.001542365073911256
2026-01-05,-0.0033515865311563,0.0033018990630571,0.0025673634473015,0.0074135012049538,-0.0018651242046815,0.0001001086155290043
2026-01-06,-0.0294556269869138,-0.0237424153526418,-0.0220230242837043,-0.0196238196163736,0.0133759201977341,-0.0052556730762669535
2026-01-07,-0.0168111568306813,-0.0202263246189727,-0.0175438846726381,-0.0150124937748126,0.0036880405643775,0.0014764465813368322
2026-01-08,0.0007179061767637,0.0100761071950834,0.0130596600896184,0.0070561142672587,0.0089929110726538,0.0028974025186407903
2026-01-09,-0.0007826085351499,-0.0019463575329347,-0.0028939306992092,-0.0064462016763209,-0.0125065828231876,-0.00033438267474705796
2026-01-12,0.0056129847286177,0.0146269568279306,0.0047494070042537,0.0124118304370084,-0.0031541893236911,0.004765435963832498
2026-01-13,0.0048026010644892,0.0185007435320205,0.0110293614281227,0.0164391587686549,0.0004381599940801,0.005610652952676043
2026-01-14,-0.0125306135631414,-0.0113234019763109,-0.0057142984191111,-0.0027412290672771,0.0079310227072519,0.0013688416404096237
2026-01-15,0.0040554378247796,0.0107373008586864,0.005485919544319,0.0258383607011809,-0.0035721941968802,0.0046570872095959
2026-01-16,0.0052117468048626,0.0073181269981823,0.0181865270151433,0.0053590588235294,0.0264036939113516,0.004759934774140051
2026-01-19,-0.0067402040709846,-0.0105459672423673,-0.0056136894477966,-0.003997921309758,-0.0049560850394801,-0.0032959788629249864
2026-01-20,-0.0181391771795668,-0.0085267699015583,-0.0097510942462005,-0.0115065714314656,-0.0182154637729494,-0.006608739392750751
2026-01-21,-0.0216639030281042,-0.0162446455367933,-0.0124384284382523,-0.0208446115701291,-0.0054113775242118,-0.0037419705052702534
2026-01-22,0.0230267974695996,0.030354539798252,0.0209918193059805,0.0063589824376459,0.0243866490332138,0.007495986550202893
2026-01-23,-0.0075028329419311,-0.0018855310773219,-0.0043690348504826,-0.0052198140642273,-0.0021814077056523,0.0012864325863843895
2026-01-27,0.0039470817755862,0.0125148386337974,0.0056788975769648,0.010494299200751,0.0227175670086201,0.009201649603490791
2026-01-28,0.001932305396876,-0.0002332293042167,-0.0023101439106204,-0.0051926029806349,-0.010920634260925,-0.0008633254312649941
2026-01-29,-0.0113060604976824,0.0044320268899937,-0.009518826493877,0.0010987727904485,-0.0032888435092064,-0.0007133281622813126
2026-01-30,0.004708617223277,0.0071992514277394,0.0083116700419394,0.0071351481956174,0.000188545674604,-0.006538791694407409
2026-02-02,0.014193876439182,-0.0094535554335185,0.002575961084255,0.0013623450838919,-0.001932302030699,-0.010209583457913896
2026-02-03,0.0105624924808311,0.0018622691941101,0.0102775701723132,0.000816337453747,0.0239410915000855,0.008937168569569609
2026-02-04,0.0259994718281104,0.0206783402596788,0.0144963948261553,0.007884754634271,-0.0138811802250558,0.00799061344152352
2026-02-05,0.0141347362148629,0.0027315907956506,0.0005013533125552,0.013757728503503,-0.0065005416331369,-0.00432426557758947
2026-02-06,-0.0023229550127988,-0.0156639704171994,-0.0120270349448508,-0.0151677411850719,-0.0217002259864624,-0.020292982739506193
2026-02-09,0.0061669825936236,0.0145295300176491,0.0147095551866114,0.0167523843549366,0.0244430755713809,0.023301212610941313
2026-02-10,-0.0071924610003929,-0.0002273442304402,-0.0182453876713346,-0.0244486271008755,0.007467949935761,-0.004982342456867683
2026-02-11,0.0681618518959128,0.0343338606449341,0.0252036729730247,0.0133478981948076,0.0270396303468594,0.016642864968073212
2026-02-12,0.0541401486523454,0.0230819529878896,0.0181276833551113,0.0846772886372528,-0.0097594432253391,0.00336049580702924
2026-02-13,-0.0142106711902565,-0.0113881258394311,-0.0117073858632605,0.0133829828310156,-0.0090763146253595,-0.013925453807379196
2026-02-16,0.0118047427969445,-0.0102150462489416,0.0022212045915521,-0.0308144100150029,0.0038857875263333,0.0021849851204087667
2026-02-17,-0.0014022610632788,-0.0043917841901417,0.003201210734461,-0.0068130132077837,0.0062209705629927,0.002652129356221833
2026-02-18,0.0068306404275204,0.0396999835557263,0.0014726790811667,-0.0033028566884434,0.0056787071945934,0.006828792117433258
2026-02-19,0.0074061656436443,0.0241833282789314,0.0267156634385621,0.0214121729635365,0.0154826584609115,0.008791272590070509
2026-02-20,0.0083057420060619,0.0008284919871677,0.0155168773755309,0.0157225016684308,-0.0161883289734148,-0.00028788213145081176
2026-02-23,-0.006344993326923,-0.0093129200835954,-0.0117536861576375,-0.02285014120362,-0.0239755488469251,-0.005728991864416
2026-02-24,-0.0001680008378314,0.0104449711252796,0.0145100861846123,-0.0070404463555062,-0.0356792852540872,0.00020124158838608075
2026-02-25,0.0010083482542797,0.0150919463664258,0.0070339132725782,0.0048113760521673,0.0030509238005969,0.012252884926005958
2026-02-26,-0.0078911476487208,-0.0012219438702774,-0.0053550636482828,0.0075604863992584,0.0117323659166748,0.0053396569717760745
2026-02-27,-0.0149490257548322,-0.000407786456276,-0.004213451166427,0.0015007703967719,0.0187544625430915,0.0026126719076648985
2026-03-02,-0.0064710882971,-0.0285598772722737,-0.017395422586482,-0.0177322440217532,-0.0637998797274403,0.0009762673722677473
2026-03-03,0.0028243251679309,0.0004200282774298,0.0,0.0017798024375632,-0.0169618358305362,-0.013188713920219142
2026-03-04,-0.0118978936036302,-0.0201510926990023,-0.0160286381661388,-0.0370559674404106,-0.0251438441712642,-0.018857837319700588
2026-03-05,0.0043627501861587,0.0139246389947835,0.0058350490419589,-0.0044806478762955,0.0382707948456779,0.008099480618786181
2026-03-06,-0.0011004183656724,-0.0107754405759835,-0.0089436009717255,-0.0034418965294192,0.0072413179493815,-0.009935358764274316
2026-03-09,-0.0175103939681202,-0.0158051751424543,-0.0219513366312578,-0.0228480623244723,-0.0242137560329738,-0.02841387607650414
2026-03-10,0.0138685160219023,0.0164929713424495,0.0184539961923972,0.014138059977063,0.0157585442925345,0.011674372910412067
2026-03-11,0.0050639617686194,0.0104612253439499,0.0046522555226955,0.0182306334113708,0.0130963324888124,0.006059033323563501
2026-03-12,-0.0061967626477885,-0.0196493376589358,-0.0119424430686586,-0.0252764906780091,-0.0267488947878145,-0.012910685630009522
2026-03-13,0.0125873577019679,0.0153017156115213,0.0111001592235953,0.0048623017277398,-0.0021456493766193,-0.001314123196496264
2026-03-16,0.0101864735547099,-0.0010612729600173,-0.0017078365511571,0.0067203797664501,-0.006962559825804,-0.003829479768786115
2026-03-17,0.0033612224157044,0.0084997005683775,0.0139296721661572,0.0021361406697297,0.0087642211966634,0.003641937844260701
2026-03-18,0.0055076504934772,-0.0048461987030979,0.0009640387295994,-0.0106580404870559,0.0087392603235438,0.003069302550680275
2026-03-19,0.0015246528328436,-0.012915492120916,-0.0096314772912092,-0.0029626384446959,-0.0065356957737893,-0.016434504678932482
2026-03-20,-0.0096977461423135,-0.022522481851999,-0.0104546914808397,-0.0113452652754464,-0.0056095582146268,-0.008159341112502161
2026-03-23,-0.0079139435605776,-0.0182137010164518,-0.0085995492346778,-0.0090163013192345,-0.0027181166367785,-0.007403681510481652
2026-03-24,-0.0179627745466675,-0.0444792588526652,-0.015613360889764,0.0049627377707266,0.0030340568449289,0.001606274537266028
2026-03-25,0.0061361030472868,-0.0011696015195247,0.0166163510442558,0.0120713136993313,0.0510124962744265,0.021495691971893827
2026-03-26,0.0058662549389392,-0.0032787007943874,0.0019810780070663,-0.0065058095255121,0.0040975914351635,-0.003848345959851729
2026-03-27,0.0025984898618398,-0.0133928354754232,0.0069205446655693,-0.0043655371742594,-0.0214730129964901,-0.001107935250739489
2026-03-30,-0.028278478297781,-0.0176232961507909,-0.040500775830643,-0.0161688501288258,-0.0094826801364253,-0.006422834164243607
2026-03-31,-0.0060455259732669,0.0046060847939111,0.0097211595397903,0.0019498504889954,0.0121296801377159,0.002478489000606432
2026-04-01,0.0250446801809487,0.0115829879795827,0.0149480900911309,0.0111202733331958,0.0326846401776066,0.02244413077213081
2026-04-02,0.0052356772355364,-0.0028625664099323,-0.0052422585049025,0.0071488808821384,-0.0140986838622284,-0.010642231607580932
2026-04-07,0.0239582802987874,0.0258373377054463,0.0238394566670279,0.0171989266226437,0.0321027727377363,0.01739931221184654
2026-04-08,0.0184808543890724,0.0384794721855421,0.0281862722893178,0.028985581629487,0.0561289500649546,0.02555069947540578
2026-04-09,0.0128738451174461,0.0217830428883851,0.016686610958682,0.0106937653293948,-0.0009371058872142,0.0023906923570302663
2026-04-10,0.0046567883011507,-0.0030768490153697,0.002813547063533,0.0023226116786849,0.0049577615526619,-0.001403393092916816
2026-04-13,-0.0009815993071182,-0.0090388156889101,-0.004208616296514,0.0,-0.0055999380568055,-0.003857413886421912
2026-04-14,0.0017467800729862,-0.0057842756766486,-0.0260624111448498,-0.0097837915508185,0.0369178105435499,0.005015748548180765
2026-04-15,-0.001798183570801,-0.0038039662308824,-0.0190453865911158,-0.0062402317211796,0.0134914002713779,0.0008773540633735255
2026-04-16,-0.027730799257307,-0.0249326021079705,-0.0164658910651038,-0.0128205481671955,0.0207118753755839,-0.0026362529049618333
2026-04-17,0.00067367510635,-0.0198111264519391,-0.0072463972424531,0.0050358136091093,-0.0004999759975293,-0.0009026630091739651
2026-04-20,0.0107725898789541,-0.0359576297493438,0.0072992908032012,0.0002636823017303,-0.0008754604015505,0.0007733142152874795
2026-04-21,-0.0031639147997898,0.0046318158211631,0.0057471258780301,-0.0171367864345391,0.0066759141871048,-0.0004349725326567855
2026-04-22,-0.0252813177891757,-0.0240232171501697,-0.0211180019751031,-0.0233369077089787,-0.0382973684456097,-0.011825677333616724
2026-04-23,-0.0094834921568365,-0.0014918283274312,-0.0071066325706834,-0.0074155370840631,-0.0061629677216439,-0.005670670629237429
2026-04-24,0.0064021905160449,-0.0019920115735816,-0.0028119169501839,0.0024902407077898,0.0072853290009786,-0.0007834484689289711
2026-04-27,-0.0080807247255486,0.002993981405984,-0.0007689945391415,-0.0080044519088172,-0.0011193517773361,-0.002295490952488821
2026-04-28,0.0088398080299039,-0.0007463337734937,-0.0092355352453078,0.0025042073419827,-0.0006896295113513,-0.006351133850028501
2026-04-29,-0.0139167684668058,-0.0124471194624244,-0.0103572048885717,0.0041632532539395,0.0054775151195367,-0.0027197545740118567
2026-04-30,0.0085957473651958,0.0052937421703318,0.0073259398312539,0.0129905965202359,0.0083643626533489,-0.002436355127400369
2026-05-01,-0.0035703072381659,-0.0012536752435786,-0.0012987363419696,-0.0283765240672121,0.0132295641200301,0.007387043372900193
2026-05-04,-0.0047965064797358,-0.0158173301653988,0.0013004252515036,0.0190958322825731,-0.0013014846703488,-0.0036991633657492695
2026-05-05,0.0037744454607904,-0.0063775111997186,-0.0225973655591613,-0.0093690609236847,-0.003741333015844,-0.0019149428673639335
2026-05-06,0.0296193833745868,0.0277277740432022,0.0348125328675199,0.0311544363464444,0.0150638575001194,0.013039018026565374
2026-05-07,0.0070231775582629,0.0084227121136899,0.0102722917704161,0.0075532379359437,0.0054456235435176,0.010584305513036574
2026-05-08,-0.0185235782020062,-0.0291064986088568,-0.0292974093092066,-0.0149933329411431,-0.0109149437613081,-0.014093101921453188
2026-05-11,-0.0108010537492936,-0.0036496190672806,-0.0085470007094479,-0.0016684527286224,0.0004597864679987,-0.003929628967669352
2026-05-12,-0.0140220908655599,-0.0209315286814921,-0.0137391793159544,-0.0211699750397674,-0.0214757319143159,-0.003571779884985027
2026-05-13,-0.1043306264129757,-0.0149651947086006,-0.028407563457764,-0.0162208225590387,0.0111016863525812,-0.0046285465600872655
2026-05-14,0.0178954996602791,-0.0119371251796095,0.0042170797628859,0.0078102534031581,0.0326435202479526,0.0011959681732385263
2026-05-15,0.019051178802476,0.0027458070797936,0.003359432468754,0.0106199463336478,-0.0064204258846944,-0.001142138194101694
2026-05-18,0.0084065957331862,-0.005476472081942,-0.0036272619297365,-0.00426008847151,-0.0092561845513267,-0.013974716577019985
2026-05-19,0.0133134595302453,0.0198238223224911,0.0190422941083596,0.0131203384613409,0.0187275105416588,0.011700027654428125
2026-05-20,-0.0014735238683145,-0.0064795267962908,-0.0241824974683995,-0.0211148645927472,-0.0202921382535719,-0.012565973646704864
2026-05-21,0.0091613887172423,0.023369582287531,0.021684046582924,0.015818211959147,0.0173662847520557,0.014783860751342637
2026-05-22,0.0093827239858401,0.0050451042878065,0.0074421297367226,0.0050962714250011,4.161083614784289e-05,0.004092471588045488
2026-05-25,-0.0064585925720986,0.011360642602662,0.006019185370599,0.0076056466975682,-0.0108242750947529,0.004173483077012596
2026-05-26,-0.0018225635326096,-0.0075756820814457,-0.0043513691982651,-0.0030752197076835,-0.015867020941146,-0.003909449198040149
2026-05-27,0.0031040341583528,-0.0063174958637296,-0.0060093203232812,-0.0025238405208356,0.0101783554897805,0.006952415200515594
2026-05-28,-0.0206298087428632,-0.0172185834669911,-0.0129156699254252,-0.0191172423674417,-0.0006350668939066,-0.014300784244777986
2026-05-29,0.0223653901650615,0.0061995516548076,0.0022272225816495,0.0088851068705662,0.010548189099875,0.016147184450749474
2026-06-01,-0.0104229322185951,0.0010714465274095,0.0041667090521917,-0.0042614068928327,-0.000670734269807,-0.00025723032887825514
2026-06-02,-0.0018371675674504,-0.0093657608810491,-0.0154910470166957,-0.0299571828792029,-0.0026007597582738,-0.0005764695093515293
2026-06-03,0.0107975064868999,0.0059427665581508,0.0073053756790808,0.0194117602180032,0.005173048346879,0.007031929766517342
2026-06-04,-0.0062514797363003,-0.0061762445372441,-0.0170152530437242,-0.0051933152327818,-0.0106275869712669,-0.011335898798457977
2026-06-05,-0.0172845788952209,-0.0113482352875695,-0.0122020512115506,-0.0104408531070476,-0.0001691979353205,-0.007023468191636684
2026-06-09,-0.0026103030981582,-0.0172178481959005,-0.0028728033574594,0.0043962933931609,0.0068521915647332,-0.002423400783388985
2026-06-10,-0.0014954640555395,0.0102892868743647,0.0201671213311149,0.008462238449187,-0.0023945222714929,0.005708710730512712
2026-06-11,-0.0238392190210999,-0.0178915907822302,-0.0256989508989963,-0.021122671100369,-0.0068640454559881,-0.0023126497258473266
2026-06-12,0.0197544854647147,0.0229820540305676,0.0144927536231884,0.0100501424619645,0.0279851009413165,0.019856102915097873
2026-06-15,0.0142937395033799,0.0263013447800728,0.0091428484235491,0.0099502537549707,0.0198399501326365,0.012490129800644345
2026-06-16,0.000556342185833,0.0114789192654845,0.0121744141815152,0.0086932212793131,0.0073205159093781,0.00040987868345143674
2026-06-17,0.0113046911400993,-0.0058063136512804,-0.0053146469009506,0.0068945088854168,0.0115233082201904,0.005454462052274511
2026-06-18,-0.0090404716164506,-0.0087602344676902,-0.0112486364013288,0.0025677647516959,0.0033739774073249,-0.006156101564365524
2026-06-19,0.0010478802661937,0.0107124136112566,-0.0042662550207589,-0.0031303532231695,-0.0117097534194645,-0.009249921264614991
2026-06-22,0.0062192651898,0.003444548162067,0.0031419770244291,0.0062803662109502,-0.0076055123671803,-0.0013967832362780097
2026-06-23,0.0048957208329116,0.0121468949602379,0.0102505871668669,0.0139007568359375,0.0068167249672801,-0.003306951519175705
2026-06-24,0.0035319849256367,0.0109574262687623,0.0084554464749475,-0.0027980493598748,0.0020431653603174,0.0024373843526188654
2026-06-25,-0.012682785361729,-0.0335483674080141,-0.0201229019164322,-0.0218854880093916,-0.0005197090459021,-0.006782831797025435
2026-06-26,-0.004179412616287,0.0016020709578494,0.002281745956187,0.0051635198515267,-0.0025201202806874,0.0017929537886396396
2026-06-29,0.0098135772745469,0.0101306607603095,0.0028458250015741,0.0045662055716786,0.0026066485999896,0.007976010021479185
2026-06-30,0.0061731743651469,-0.0007917334330986,-0.0008513789036642,0.0042612985207537,0.0011199503437819,-0.0050650509613477945
2026-07-01,-0.0236302178138982,-0.0229793691986073,-0.0144844741492228,-0.0248938413409606,-0.0124255890917548,-0.006341944930089993
2026-07-02,0.0025508940727334,0.0383887024739428,0.0219019684387125,0.0092834256887703,0.012460562838088,0.00018199520759010213
2026-07-03,0.024078431259265,0.0041655779236586,0.0064861688712518,0.013509554286792,0.0055542212904926,0.013745116372257726
2026-07-06,-0.0021815286459506,0.0020741983844356,-0.0112075574831291,-0.0073737474166135,-0.0036558640622252,-0.0015201739415076077
2026-07-07,0.0123891797231097,0.0147477276150316,0.023802780696962,0.0125713893345424,0.010409606568126,-0.0030630824626335373
2026-07-08,0.0088781321799387,0.0094339347365817,0.0033213099456745,0.0121331919254565,-0.0051314560296431,-0.002138510984170061
2026-07-09,-0.0004161877570496,-0.0078302948243546,-0.0013792892982219,-0.0030666466023723,0.0006348344166464,-0.0025667514715635997
2026-07-10,0.0044613671686903,0.0084012688724577,0.0093922692105568,0.0081096456694382,0.0090801291539741,0.00496469711061831
2026-07-13,0.00675118442759,0.0111082711418588,0.0098522332055712,0.01137308893451,-0.0018861683208263,0.0002803662349366576
2026-07-14,-0.0041175945500583,-0.0084893922363241,-0.0070461280617596,-0.0095995195532012,-0.0038187521817258,3.6368275623699375e-05
2026-07-15,0.0041346192356896,-0.0110802980824301,-0.0016374879801636,-0.0044309012657907,0.0202339966480593,0.0036983188778463294
2026-07-16,0.0184117528833567,0.0124776638160863,0.0013668462153575,0.0072322201951449,-0.0055391720463906,-4.447063914536642e-05
2026-07-17,-0.0077976310186633,0.0022635854222141,-0.0019109935239709,-0.0041424389664224,0.0065438110228208,-0.004968382929955162
2026-07-20,-0.0033764281057921,-0.0040150527864138,0.0027351879202648,0.0019412005590233,-0.0081653799746066,-0.0006225561034624016
2026-07-21,-0.0041471008586493,-0.0098261376453155,-0.0120021448047017,-0.0119014750197518,-0.0060475531283317,0.0002311202848728211
2026-07-22,0.007038484914178,-0.0007633277322963,0.0033130570911239,0.0008403019231308,0.0007065463229882,0.0033742494047002136
2026-07-23,0.0035529821724595,0.0137509780807905,0.0082553449587474,0.0064371549169612,-0.0046286930125242,0.0018160071355666219
2026-07-24,0.0100405380397023,0.0145691533873331,0.0136462884369277,0.014182484683396,0.0050837173837745,-0.007544976548318538
2026-07-27,0.0117222198991269,0.0136172133045759,0.01453960485734,0.0115162641866568,0.0113315537395193,0.013868073795112457
2026-07-28,0.0153915177053611,0.0065950285007467,0.0090233585412469,0.0089455634728823,-0.0056604175417216,0.006052276236110599
