Date,CBA,NAB,WBC,ANZ,MQG
2001-08-30,,,,,
2001-08-31,,,,,
2001-09-03,,,,,
2001-09-04,,,,,
2001-09-05,,,,,
2001-09-06,,,,,
2001-09-07,,,,,
2001-09-10,,,,,
2001-09-11,,,,,
2001-09-12,,,,,
2001-09-13,,,,,
2001-09-14,,,,,
2001-09-17,,,,,
2001-09-18,,,,,
2001-09-19,,,,,
2001-09-20,,,,,
2001-09-21,,,,,
2001-09-24,,,,,
2001-09-25,,,,,
2001-09-26,,,,,
2001-09-27,,,,,
2001-09-28,,,,,
2001-10-01,,,,,
2001-10-02,,,,,
2001-10-03,,,,,
2001-10-04,,,,,
2001-10-05,,,,,
2001-10-08,,,,,
2001-10-09,,,,,
2001-10-10,,,,,
2001-10-11,,,,,
2001-10-12,,,,,
2001-10-15,,,,,
2001-10-16,,,,,
2001-10-17,,,,,
2001-10-18,,,,,
2001-10-19,,,,,
2001-10-22,,,,,
2001-10-23,,,,,
2001-10-24,,,,,
2001-10-25,,,,,
2001-10-26,,,,,
2001-10-29,,,,,
2001-10-30,,,,,
2001-10-31,,,,,
2001-11-01,,,,,
2001-11-02,,,,,
2001-11-05,,,,,
2001-11-06,,,,,
2001-11-07,,,,,
2001-11-08,,,,,
2001-11-09,,,,,
2001-11-12,,,,,
2001-11-13,,,,,
2001-11-14,,,,,
2001-11-15,,,,,
2001-11-16,,,,,
2001-11-19,,,,,
2001-11-20,,,,,
2001-11-21,,,,,
2001-11-22,,,,,
2001-11-23,,,,,
2001-11-26,,,,,
2001-11-27,,,,,
2001-11-28,,,,,
2001-11-29,,,,,
2001-11-30,,,,,
2001-12-03,,,,,
2001-12-04,,,,,
2001-12-05,,,,,
2001-12-06,,,,,
2001-12-07,,,,,
2001-12-10,,,,,
2001-12-11,,,,,
2001-12-12,,,,,
2001-12-13,,,,,
2001-12-14,,,,,
2001-12-17,,,,,
2001-12-18,,,,,
2001-12-19,,,,,
2001-12-20,,,,,
2001-12-21,,,,,
2001-12-24,,,,,
2001-12-27,,,,,
2001-12-28,,,,,
2001-12-31,,,,,
2002-01-02,,,,,
2002-01-03,,,,,
2002-01-04,,,,,
2002-01-07,,,,,
2002-01-08,,,,,
2002-01-09,,,,,
2002-01-10,,,,,
2002-01-11,,,,,
2002-01-14,,,,,
2002-01-15,,,,,
2002-01-16,,,,,
2002-01-17,,,,,
2002-01-18,,,,,
2002-01-21,,,,,
2002-01-22,,,,,
2002-01-23,,,,,
2002-01-24,,,,,
2002-01-25,,,,,
2002-01-29,,,,,
2002-01-30,,,,,
2002-01-31,,,,,
2002-02-01,,,,,
2002-02-04,,,,,
2002-02-05,,,,,
2002-02-06,,,,,
2002-02-07,,,,,
2002-02-08,,,,,
2002-02-11,,,,,
2002-02-12,,,,,
2002-02-13,,,,,
2002-02-14,,,,,
2002-02-15,,,,,
2002-02-18,,,,,
2002-02-19,,,,,
2002-02-20,,,,,
2002-02-21,,,,,
2002-02-22,,,,,
2002-02-25,,,,,
2002-02-26,,,,,
2002-02-27,,,,,
2002-02-28,,,,,
2002-03-01,,,,,
2002-03-04,,,,,
2002-03-05,,,,,
2002-03-06,,,,,
2002-03-07,,,,,
2002-03-08,,,,,
2002-03-11,,,,,
2002-03-12,,,,,
2002-03-13,,,,,
2002-03-14,,,,,
2002-03-15,,,,,
2002-03-18,,,,,
2002-03-19,,,,,
2002-03-20,,,,,
2002-03-21,,,,,
2002-03-22,,,,,
2002-03-25,,,,,
2002-03-26,,,,,
2002-03-27,,,,,
2002-03-28,,,,,
2002-04-02,,,,,
2002-04-03,,,,,
2002-04-04,,,,,
2002-04-05,,,,,
2002-04-08,,,,,
2002-04-09,,,,,
2002-04-10,,,,,
2002-04-11,,,,,
2002-04-12,,,,,
2002-04-15,,,,,
2002-04-16,,,,,
2002-04-17,,,,,
2002-04-18,,,,,
2002-04-19,,,,,
2002-04-22,,,,,
2002-04-23,,,,,
2002-04-24,,,,,
2002-04-26,,,,,
2002-04-29,,,,,
2002-04-30,,,,,
2002-05-01,,,,,
2002-05-02,,,,,
2002-05-03,,,,,
2002-05-06,,,,,
2002-05-07,,,,,
2002-05-08,,,,,
2002-05-09,,,,,
2002-05-10,,,,,
2002-05-13,,,,,
2002-05-14,,,,,
2002-05-15,,,,,
2002-05-16,,,,,
2002-05-17,,,,,
2002-05-20,,,,,
2002-05-21,,,,,
2002-05-22,,,,,
2002-05-23,,,,,
2002-05-24,,,,,
2002-05-27,,,,,
2002-05-28,,,,,
2002-05-29,,,,,
2002-05-30,,,,,
2002-05-31,,,,,
2002-06-03,,,,,
2002-06-04,,,,,
2002-06-05,,,,,
2002-06-06,,,,,
2002-06-07,,,,,
2002-06-11,,,,,
2002-06-12,,,,,
2002-06-13,,,,,
2002-06-14,,,,,
2002-06-17,,,,,
2002-06-18,,,,,
2002-06-19,,,,,
2002-06-20,,,,,
2002-06-21,,,,,
2002-06-24,,,,,
2002-06-25,,,,,
2002-06-26,,,,,
2002-06-27,,,,,
2002-06-28,,,,,
2002-07-01,,,,,
2002-07-02,,,,,
2002-07-03,,,,,
2002-07-04,,,,,
2002-07-05,,,,,
2002-07-08,,,,,
2002-07-09,,,,,
2002-07-10,,,,,
2002-07-11,,,,,
2002-07-12,,,,,
2002-07-15,,,,,
2002-07-16,,,,,
2002-07-17,,,,,
2002-07-18,,,,,
2002-07-19,,,,,
2002-07-22,,,,,
2002-07-23,,,,,
2002-07-24,,,,,
2002-07-25,,,,,
2002-07-26,,,,,
2002-07-29,,,,,
2002-07-30,,,,,
2002-07-31,,,,,
2002-08-01,,,,,
2002-08-02,,,,,
2002-08-05,,,,,
2002-08-06,,,,,
2002-08-07,,,,,
2002-08-08,,,,,
2002-08-09,,,,,
2002-08-12,,,,,
2002-08-13,,,,,
2002-08-14,,,,,
2002-08-15,,,,,
2002-08-16,,,,,
2002-08-19,,,,,
2002-08-20,,,,,
2002-08-21,,,,,
2002-08-22,,,,,
2002-08-23,,,,,
2002-08-26,,,,,
2002-08-27,,,,,
2002-08-28,1.0309526402034668,1.1785528213793433,0.8273905494328428,0.9533438249770904,1.048863074609503
2002-08-29,1.0246910942571292,1.1752677668377027,0.8246020443666312,0.9548671476965456,1.0524094977112164
2002-08-30,1.0174712473437413,1.1708888536256439,0.822493540604896,0.9630244870203072,1.0508850425491234
2002-09-02,1.0211102781477532,1.1713882735274732,0.824575400908979,0.9634517236427375,1.0420919670669793
2002-09-03,1.021100949105706,1.166645687720642,0.8240425782143679,0.9608075511655506,1.0392494833815296
2002-09-04,1.0133490299450276,1.1598060027272086,0.8222006057494383,0.9530040382711076,1.0396668409586696
2002-09-05,1.0156338730039518,1.1583786012161605,0.8169352339470087,0.940785011932333,1.0422709264040402
2002-09-06,1.0047834496853667,1.1555394903762721,0.807237300515911,0.9353493110680938,1.041311657779717
2002-09-09,0.9976590716417673,1.14745354713717,0.8114781987375261,0.9379161165830616,1.0393194722492443
2002-09-10,0.9984206079527145,1.1472404370033076,0.8110596371819861,0.9375042382466539,1.039176215343412
2002-09-11,1.0124339748358315,1.1230794397075208,0.8325840865272299,0.9273042442616021,1.1597001521658779
2002-09-12,1.0161393060140245,1.1238021379863534,0.8372630711264493,0.9330261788612773,1.1839409329781472
2002-09-13,1.0055642268357512,1.1129885887409552,0.8316803445849623,0.9313321136341236,1.1725455551684851
2002-09-16,1.0370232782799331,1.0333754838491425,0.8763836154240988,0.9454790004755262,1.0262528062106953
2002-09-17,1.0347036941294623,1.0266620789563996,0.8900766652002466,0.9317442570142794,0.9779326103321544
2002-09-18,1.043610158120081,1.0453870285076843,0.9051033805883124,0.934623146674017,0.9496270478510503
2002-09-19,1.0152508717346853,1.009049540336211,0.8839322343034932,0.8980823897456368,0.9508414201828838
2002-09-20,1.016133499455377,1.073894713604957,0.8557879549133,0.9034834946536243,0.9655461517353464
2002-09-23,1.0014619220815608,1.069928700306105,0.8551084658807944,0.9020036471445849,0.9734940033082946
2002-09-24,1.0025745330153057,1.0649702351247503,0.8226709997637446,0.87710170114863,0.9636954553836061
2002-09-25,0.9852493740357966,1.080340188589423,0.8109221604252568,0.8416103053209637,0.941334455671444
2002-09-26,0.9885545977415329,1.0867631397222894,0.8124173801560892,0.8381550387964629,0.9420204451135267
2002-09-27,0.9927443307398455,1.1087863409626553,0.7872571188789236,0.8346683446540563,0.9376587354496493
2002-09-30,0.9721959587195687,1.0687163137302773,0.8276056771226551,0.8279391063530352,0.9170834095526952
2002-10-01,0.951088527988553,1.048292931817382,0.8273995990388207,0.8260474279713953,0.8909401521429854
2002-10-02,0.9511090360720234,1.0544755043539809,0.8267417820040424,0.820555538928311,0.8825442912176934
2002-10-03,0.9517721975529126,1.0572502515653093,0.8267294697915192,0.8181770684609138,0.881185376597017
2002-10-04,0.9598659263712778,1.0521741523318466,0.8219621853968818,0.8021291982721774,0.8858779714468585
2002-10-07,0.9624353661901456,1.0728960726631476,0.8616046402509484,0.8200340926511853,0.9380032307496278
2002-10-08,0.9670420716725104,1.072436070747595,0.8575559392791172,0.8292070372650981,0.9396088128374901
2002-10-09,0.9798560730228547,1.072280125256643,0.8653424465308115,0.8466467644831698,0.9176923752454619
2002-10-10,0.9877535814843423,1.0807123270556287,0.8879231972046443,0.8477087167882551,0.9122925133067604
2002-10-11,0.9872953481216455,1.0786642685038248,0.8979796727150299,0.8491093443784933,0.9378679961043341
2002-10-14,0.9963015113827045,1.0834080899386904,0.9091240074384294,0.8710917450216611,0.9527063033857639
2002-10-15,1.0134510056632013,1.098298101586452,0.9319990761614306,0.8913018791072164,0.9552182607651007
2002-10-16,1.0016870484529168,1.0775916597549486,0.923922391287112,0.902629755196227,0.9537715631738042
2002-10-17,0.9936956544946167,1.0915873511873995,0.9217110847138392,0.8929606809633547,0.9617650440744284
2002-10-18,0.990066544269353,1.085157110359077,0.9287044278549594,0.8913692535125447,0.969206673541674
2002-10-21,0.9839465885144448,1.082436631030618,0.9274774123307107,0.8927780388073628,0.9617188593368635
2002-10-22,0.987200248935686,1.078423322787584,0.9085828181277419,0.8847573104164396,0.9770545456873715
2002-10-23,0.978606220522657,1.08881904447996,0.9157105212367441,0.8834244355959836,0.9697315022576509
2002-10-24,0.9761384940559721,1.0884793036518776,0.9148288221894542,0.8770584455078646,0.963397920879501
2002-10-25,0.9847305504352646,1.0921221245178647,0.9202246353829714,0.875577782524561,0.9572044055942579
2002-10-28,0.9896595612894268,1.0952169663427904,0.9322378255026756,0.8913690079637521,0.9652672693763503
2002-10-29,0.994422531825979,1.0931570702707123,0.9364558061362457,0.8903685549495161,0.9463454129255044
2002-10-30,0.993874370788858,1.0927769111853887,0.9364935111289339,0.8881794745308589,0.9465677632624571
2002-10-31,1.0043777778929213,1.0995445396778363,0.9661038962922739,0.8950063303916971,0.9588329934294154
2002-11-01,1.039665278362925,1.1003248003062958,0.9568049833995752,0.9141493442215839,0.9636031746043958
2002-11-04,1.0259152196831527,1.0938512597144536,0.9741761406601728,0.9285740383523285,0.9880753414771436
2002-11-05,1.0157088523001532,1.0667959142025858,0.9830993865073102,0.9394876655385078,0.9800747812574214
2002-11-06,0.9955230048987183,1.0532831865211,0.9712945115193093,0.9371818997589632,1.0137297636903397
2002-11-07,1.0000492734745914,1.0895896305693855,0.970010853366302,0.9252360967026422,0.9991486134626815
2002-11-08,1.006395256549753,1.0677171873422033,0.967594604860459,0.9243706054026962,1.0239831168781872
2002-11-11,1.0214042165297772,1.0541029404398705,0.958270895683087,0.9244688014621325,1.050747470759469
2002-11-12,1.0263178906619739,1.0584473672874022,0.9628887215298789,0.9289359479581378,1.0440561970717421
2002-11-13,1.0451728175356558,1.0667113533319357,0.9494543350427822,0.9346886183823364,1.067499103148003
2002-11-14,1.0504631038676917,1.065021127924448,0.9487141797885685,0.9346787795695174,1.059608031423237
2002-11-15,1.0439049614470233,1.0650628603402874,0.9504371427439114,0.9371610444878624,1.041854922520828
2002-11-18,1.0486323420889616,1.0684683089299327,0.9602894168483175,0.9502580294683182,1.0354000188080796
2002-11-19,1.0515966488755877,1.0677883054244048,0.9596463451469501,0.96041769931219,1.031227739708155
2002-11-20,1.0538475268937784,1.0651602879029347,0.9616267344362809,0.9609061340430002,1.0256021886176738
2002-11-21,1.0544520076847792,1.0691118066315861,0.9617683723044107,0.9584081981249439,1.0320696772444862
2002-11-22,1.0603177201108083,1.0709345521691098,0.9620834891533185,0.9596997690761145,1.0462185173038134
2002-11-25,1.057547215400344,1.0674397118999448,0.9595556820937206,0.9578072605713962,1.0446840274633427
2002-11-26,1.065275403742154,1.0661461979360793,0.9510836837058875,0.9490165100604596,1.03638157033034
2002-11-27,1.066620819544948,1.0673279999165777,0.9494344645252492,0.9498577449029304,1.0360476776237622
2002-11-28,1.0522030287313382,1.0631605684188783,0.95587351424871,0.9453679827873813,1.0718307333954313
2002-11-29,1.0525840055387747,1.0556310528902573,0.957240908420099,0.9529991635121321,1.090179780974207
2002-12-02,1.0459603506086022,1.0567316700482678,0.9554214124003473,0.9538453974995384,1.0870617685267383
2002-12-03,1.045413893622896,1.0553099268580743,0.9595586800022083,0.9575906453417254,1.0907748936175583
2002-12-04,1.0160694008237108,1.048482726572969,0.9618424570464269,0.9661954629762507,1.0924021989595687
2002-12-05,1.0185608987644241,1.054109763122405,0.9650946020620935,0.9730111053741581,1.0925424642927242
2002-12-06,1.0226306740946498,1.0667249685317448,0.9682923995298682,0.9838024003843993,1.0930655288948434
2002-12-09,1.0239392809256016,1.068936488610112,0.9695603895737266,0.9905797545195851,1.0907167100578556
2002-12-10,1.020587630578222,1.0776715885781947,0.9792678163178418,0.9951542140074178,1.082331977949414
2002-12-11,1.0213950845332571,1.0987694069019396,0.9706289758417985,0.9910209393408802,1.0733891157216773
2002-12-12,1.025060182112502,1.0972412063773365,0.9870833422201529,1.0023008435403589,1.0718348495695191
2002-12-13,1.0270230473128539,1.101688813641989,0.9809253248852534,1.009874551698579,1.0782288313385058
2002-12-16,1.0302071771960941,1.1066140645276954,0.9906615784555265,1.0087553298638972,1.0700957044946098
2002-12-17,1.0251412666891604,1.1126310004767186,0.985093279788181,1.017693857751736,1.0815074044887276
2002-12-18,1.024992650573612,1.1133096676868754,0.9849269162061549,1.0171986203205945,1.0810942638244716
2002-12-19,1.0245513017590908,1.1107960196233375,0.9835652718487713,1.0199025732682967,1.0738356245843155
2002-12-20,1.0140296694346969,1.115559496796166,0.9818466879635326,1.0197451988288888,1.072275995570063
2002-12-23,1.0080572058359258,1.115100411599707,0.9837258852176974,1.0171626914234886,1.0593366996152838
2002-12-24,1.0116333685519285,1.119793721696719,0.98692875539316,1.04746568548221,1.061244026008815
2002-12-27,1.0108263367308987,1.1205437092528385,0.9885506382006077,1.0518635582908387,1.0602622310625198
2002-12-30,1.0115014097376982,1.123366770345924,0.9942774957923393,1.062418269079629,1.061820473511338
2002-12-31,1.0088744383924446,1.1251128712575373,0.9928560190934321,1.087205444464615,1.069040728371833
2003-01-02,1.0140053887731157,1.1282754542952993,0.9951550362679868,1.0647988128703478,1.0763825055053247
2003-01-03,1.0145354343717923,1.1263720823873775,0.9930108856235779,1.0629567456757931,1.0828977971983595
2003-01-06,1.0167185801927865,1.133547932536543,0.9962105418999712,1.073542589840807,1.096151379911323
2003-01-07,1.0190917047423178,1.1323100162842263,0.9916963469393958,1.0658514340236647,1.0893303177840339
2003-01-08,1.017649372803206,1.1309510974455315,0.9893602112136072,1.0645736705191577,1.0895752275278854
2003-01-09,1.0185523971175543,1.131851262855088,0.9895228178258018,1.0627909584447752,1.0907169963113492
2003-01-10,1.0142776560097317,1.130983249077093,0.9887717124356622,1.0630983104047913,1.0891926104438296
2003-01-13,1.0171833142983344,1.1309233659964792,0.9905952961477401,1.0601523359837075,1.0918888759212098
2003-01-14,1.0170057755841022,1.1316361852952153,0.9897940646323669,1.0595251756300916,1.0930550809788793
2003-01-15,1.0100205835182259,1.1244640376864088,0.9874059058485762,1.0529179299274916,1.0894569429788032
2003-01-16,1.0140551311005832,1.1329367172519655,0.9892470350014486,1.0573472411834082,1.095348317955692
2003-01-17,1.0140748017579715,1.1326438369325624,0.9878379818230587,1.0572746746664898,1.096487685656583
2003-01-20,1.0124890461888876,1.1338564047313404,0.9902524213784861,1.0581851009914354,1.0949921513652108
2003-01-21,1.0091729736301702,1.1340057952929428,0.986234294781853,1.0584060903386021,1.099430619621451
2003-01-22,1.0131561797374882,1.131765297948074,0.9855636044898145,1.0532838963029045,1.1009269527217602
2003-01-23,1.0146295875391886,1.1289925986145009,0.984359701033264,1.051936915780788,1.1039207499522716
2003-01-24,1.0125398195031083,1.1266419517856117,0.9856804678605855,1.0533714156927028,1.1026887272685952
2003-01-28,1.0158039975035709,1.1123058150257725,0.978352293297009,1.1331690651310342,1.100415046390073
2003-01-29,1.0193562284516373,1.1159179464276754,0.9798288238952018,1.1317208394937617,1.1010087192390456
2003-01-30,1.0297044902710415,1.1135981810738207,0.9816605775376765,1.1216701412362395,1.098281777241524
2003-01-31,1.0327858604036164,1.1151041692355212,0.9754561960413123,1.116347875457204,1.0934793794994628
2003-02-03,1.0168174506028052,1.1174194919025613,0.9712620158726188,1.1135530103510312,1.0951501405007757
2003-02-04,1.0115779781094005,1.1130472462357939,0.9731235858272608,1.1155984118137092,1.093662545876173
2003-02-05,1.0016544254751127,1.1086508016408705,0.9912503568699974,1.1246425581802504,1.035082644366207
2003-02-06,0.9979285313928079,1.1197423533353155,1.0077028872692768,1.1391673547962309,1.043569793029524
2003-02-07,0.9997593894363507,1.09892306891346,1.029061842761169,1.1404276510679683,1.0163146511283538
2003-02-10,1.0086592396033534,1.1002067875266976,1.0308130365723849,1.140242578466157,1.0302530515717112
2003-02-11,1.0113596485732008,1.1007334251867533,1.0302929395057052,1.140654703025743,1.0319131462559084
2003-02-12,1.0134345560637403,1.1005209146602777,1.028746108790322,1.1378794447906788,1.0332156337624943
2003-02-13,1.0115936379144521,1.1002843191495302,1.0225947396515023,1.1357297410453608,0.998345191347766
2003-02-14,1.0111724956543025,1.1078780511473438,1.0261097093426725,1.1369253519714704,0.9888733334812392
2003-02-17,1.006207700772153,1.1106492629641718,1.0252469852703483,1.144849830834882,0.9884141259683549
2003-02-18,1.006688403653283,1.1101704212433214,1.0240782656198368,1.1442099304961784,0.9863634681155454
2003-02-19,0.9990278647679193,1.1010406966029678,1.0165670720945272,1.1371905430775828,1.0029498167283954
2003-02-20,0.9948393124261301,1.1062301812938897,1.009282643495115,1.1337685317846085,0.9930918601795188
2003-02-21,0.9992277908200888,1.107710845775585,1.0151484737626582,1.1379049920953497,0.9946012498651763
2003-02-24,1.007385244655024,1.1084490344075961,1.0417873605534775,1.143036746812895,0.9804410020968469
2003-02-25,1.008235812864662,1.1066064952216337,1.0377065416919578,1.1466683976178735,0.9691750827714747
2003-02-26,1.0077085500770606,1.1147963316430487,1.0443834972145367,1.1392579379750911,0.9735736651387915
2003-02-27,1.0121489289846848,1.1185134956969767,1.0427539947930418,1.1386884736765186,0.9741665804320836
2003-02-28,1.0129449889930544,1.1185597944053982,1.0453415038546745,1.1406820306783267,0.973508327767161
2003-03-03,1.0212011548903823,1.1286782184283983,1.0467774484516421,1.1478314599060084,0.971985336963796
2003-03-04,1.0262150901127234,1.134538886649834,1.05270600311924,1.152107960064098,0.9696390158660975
2003-03-05,1.029887965193634,1.1381653953113833,1.0497369139055623,1.1707562973250567,0.9738660188422597
2003-03-06,1.0248911499288813,1.1331537356090955,1.049178718475586,1.1714031659756514,0.9838588382178954
2003-03-07,1.0268957113472539,1.1264736959691943,1.0430263669240087,1.171310083830517,0.995728018956437
2003-03-10,1.0252715217959103,1.1249498902874053,1.0422587081443817,1.1697954107007398,0.9960545984911291
2003-03-11,1.0240297633335762,1.1266854134528048,1.0361018384359633,1.1696820575257554,0.9991662577671868
2003-03-12,1.0282677927754227,1.128397883691413,1.0366882178431447,1.16921110013488,1.0010721654300947
2003-03-13,1.0299656947219076,1.1264935457160343,1.0391431505148385,1.170066568492261,1.0084882669992687
2003-03-14,1.0280007670351494,1.1342249570613079,1.0304812020424523,1.1775413584325392,1.0218124378416023
2003-03-17,1.0173660342753845,1.1337722567084987,1.0282161915441566,1.178939230915687,1.0182355086151453
2003-03-18,1.0397674101157497,1.1450330439086713,1.030445271265194,1.187984780163309,1.048363579940304
2003-03-19,1.043351853716741,1.1437865919639836,1.027647137387142,1.1849772554432296,1.0512768390198453
2003-03-20,1.042361492235237,1.1391221223200925,1.0210479647749995,1.1822852936603332,1.0626548098560893
2003-03-21,1.042043325358734,1.1388827899720542,1.021023704186436,1.181143844878014,1.0628794818002143
2003-03-24,1.0415198788209135,1.1391246629180989,1.018677639220353,1.1807945561499285,1.0609092423493316
2003-03-25,1.0427649440570728,1.1454418140637184,1.0109464720191326,1.1745487745740106,1.058717712590151
2003-03-26,1.0411153079009943,1.1595735249589496,1.016108090717426,1.185143299588213,1.0595011833580261
2003-03-27,1.0411054112586728,1.161033422571095,1.0175830399301842,1.185655760705434,1.0606363911259253
2003-03-28,1.0364746521459405,1.1539432189781171,1.0071752605949158,1.1622989581486678,1.0604297818195518
2003-03-31,1.0348232283872616,1.1533475383199274,1.0081810160211881,1.160867324053806,1.0656362079391632
2003-04-01,1.034763466697799,1.1524670622047866,1.007544960826485,1.1603769563945783,1.0669662803511724
2003-04-02,1.0336116128407327,1.148055729111888,1.0074039762354918,1.1578453235232338,1.0685012651495305
2003-04-03,1.028463553258215,1.1426617549169733,1.0024637413997632,1.156895559715606,1.0648772372404733
2003-04-04,1.0311599918314382,1.1416111886098073,1.0015612034359869,1.1567537886567905,1.0827745502597774
2003-04-07,1.029322707575437,1.139883461068319,1.010772620745351,1.154587403898123,1.0818636393174863
2003-04-08,1.027546229286065,1.138912224120047,1.0115979567717777,1.155363235806303,1.08519712517782
2003-04-09,1.0320239089855587,1.1415959367158695,1.021687747981558,1.1661298229008035,1.0896064071742129
2003-04-10,1.0288743787298718,1.1377709507868876,1.0174637328621092,1.162528572032917,1.0895724352420577
2003-04-11,1.0272528496995765,1.1371249083905346,1.0154966165417,1.1610431280534625,1.0890719143450085
2003-04-14,1.028003727343309,1.1382004582543779,1.0183898197076284,1.164890768441856,1.0885505315194943
2003-04-15,1.0290362745138593,1.1358489276575103,1.0292956943753826,1.1734345114000118,1.087927154476332
2003-04-16,1.0302158295311763,1.1344366782305022,1.026821293153315,1.1758019419463066,1.0890746306723542
2003-04-17,1.0323010528951169,1.1323576228908365,1.019724972154469,1.1700823544857666,1.0891138633195139
2003-04-22,1.0370176714928376,1.135934896679695,1.0262252078224499,1.142983949056169,1.0889345162391784
2003-04-23,1.0476315025897311,1.1425551600293333,1.0325789957435323,1.1523678678308806,1.0872502128990207
2003-04-24,1.045682782223062,1.1411550236752426,1.0308405715920683,1.154794121186849,1.0883111442527424
2003-04-28,1.0533573265075458,1.1381068206447638,1.0284207633813547,1.166721526562721,1.109537335986574
2003-04-29,1.0494231744095617,1.12907397864211,1.0291050648144346,1.168001839317111,1.1022165419354923
2003-04-30,1.048554696174689,1.13016622210254,1.028991570480297,1.1686476305175986,1.1019092037952052
2003-05-01,1.0481465510676573,1.129307190285138,1.0294556299291597,1.1680819696520215,1.1012167557073675
2003-05-02,1.049905082785795,1.1340333804837657,1.0332842797443509,1.1718186723762423,1.1060506836427402
2003-05-05,1.0531518029644753,1.1343602950971647,1.0307393853772364,1.17377304393255,1.107150011432901
2003-05-06,1.057243121267901,1.137215297831616,1.0369707816568579,1.1801971353619771,1.1016636531782646
2003-05-07,1.0587382855590737,1.1410401709188738,1.0366765903017565,1.1821566173261095,1.1120273568187633
2003-05-08,1.060421711501889,1.1435271259809086,1.0478643132552998,1.1820045627398494,1.1122313973084559
2003-05-09,1.0603507676454926,1.1441526943086842,1.0472726477178171,1.1821902344517103,1.1099047552882244
2003-05-12,1.0614987295287655,1.147982970083709,1.045642678490175,1.1930962936997056,1.1062712133968298
2003-05-13,1.06296974206889,1.1461927814012782,1.0450302916210894,1.1909462397906982,1.1107046406207453
2003-05-14,1.0890462233826521,1.1542631821857468,1.0665193121573164,1.2132350612638632,1.1252929143163564
2003-05-15,1.0942742707197277,1.1523120826748774,1.0718309946178761,1.2094819944139692,1.1017925883443405
2003-05-16,1.0962512175246697,1.1534345208023729,1.0750470870018383,1.2105369153975258,1.092586390275428
2003-05-19,1.100809141275265,1.157202092932035,1.0749173826831537,1.2071744345345854,1.0916306314307003
2003-05-20,1.0963906374392587,1.158577813727883,1.07858764170305,1.2148079648019545,1.0959639037759312
2003-05-21,1.0980718537844771,1.1580246561006695,1.0767340344527956,1.2120640155369675,1.1004542966364794
2003-05-22,1.1024877345804847,1.1573424669338783,1.080820153369516,1.2133521711880368,1.1002389215702166
2003-05-23,1.1038737276867827,1.1571217425050782,1.0834213932027645,1.2090919080323634,1.1052758477169
2003-05-26,1.103911557294447,1.1574171660784827,1.0837340354654408,1.2086378533059414,1.1052383767021656
2003-05-27,1.1024723041712148,1.1556868017184065,1.081419063946215,1.2064420058844372,1.1042753862976824
2003-05-28,1.103096150762051,1.1545702030419978,1.0848403819535744,1.2033275895540745,1.0993035705773313
2003-05-29,1.103793367692715,1.154714839850819,1.0841285335934037,1.203977851327357,1.1000294664861798
2003-05-30,1.1033336208351021,1.155538197162981,1.0854366186213806,1.2073794462808467,1.1027504359107168
2003-06-02,1.1075590634426098,1.156456904253606,1.0958100308618586,1.20741999583635,1.096923877549894
2003-06-03,1.1120999343409657,1.1634625983798221,1.1011958349950264,1.2113516776474804,1.0971738198644578
2003-06-04,1.1130951019143167,1.163943805929762,1.102461976716478,1.210462457307346,1.1006571639731506
2003-06-05,1.113739117357242,1.1642404323621758,1.0987450710025652,1.2103036293959901,1.1028418757968554
2003-06-06,1.1151639740348478,1.1606848425107772,1.0962269228470514,1.208905743216645,1.1070384133545084
2003-06-10,1.1216356876646278,1.1631998476848695,1.1011704880286595,1.1992752544893348,1.1074428349177081
2003-06-11,1.1237096760020675,1.1648987339679835,1.099723264483489,1.2015641186015524,1.1033544458381497
2003-06-12,1.1198378277867342,1.1612408171333302,1.0968327598079135,1.1976435642788505,1.1186679263534198
2003-06-13,1.1203257596864877,1.1650803111997101,1.0940467067087238,1.195716754831922,1.1116028940749045
2003-06-16,1.1209218836977761,1.1649323233958075,1.0940513433604755,1.1944821050777774,1.1129687951552527
2003-06-17,1.1209038603126504,1.1682034204414102,1.0973122455807043,1.1933873102857975,1.1130273812970495
2003-06-18,1.1203461812985163,1.1656885686424496,1.104181824652353,1.1910701656409717,1.1150697319138563
2003-06-19,1.1218969755527035,1.1641310282169404,1.1061940676642976,1.191087411627671,1.1135608522053568
2003-06-20,1.122136383754806,1.1636711369259165,1.1028962398200721,1.1925371438959464,1.118610899323455
2003-06-23,1.124558825451653,1.1650189588376796,1.1045606502541279,1.1935114179819708,1.1193149971833714
2003-06-24,1.123058076824085,1.1627510488061028,1.1047247576708679,1.1947681957353453,1.1182013733624936
2003-06-25,1.1205902555857572,1.1693298273181658,1.1147580390294585,1.2075248824735967,1.109457667439789
2003-06-26,1.1297044016633822,1.1719417371296101,1.1196396781007378,1.2101176848901167,1.1302337330561933
2003-06-27,1.1263586258419955,1.1685839994621905,1.1190522039048607,1.2139199512001129,1.131225465129464
2003-06-30,1.133356529709602,1.1711345692240982,1.122099418064813,1.2149093699221576,1.1387436078300002
2003-07-01,1.1355542863524006,1.1709959920702109,1.1246404126100573,1.2138214989881624,1.1427272360622736
2003-07-02,1.1343301670047985,1.161458999933711,1.127619114619755,1.2191075963563318,1.1337675161113254
2003-07-03,1.1415356372725751,1.1703034265928067,1.1306291767965728,1.2205962301618933,1.136145022395525
2003-07-04,1.1425044146748042,1.173565226667608,1.1329192233146608,1.2210185965623879,1.1355252823153643
2003-07-07,1.1428919142359526,1.1703400230918808,1.129717307518004,1.223262371950388,1.134949305567353
2003-07-08,1.1419903396930766,1.1648226386759322,1.1299801879779876,1.217884570847502,1.1335616241313107
2003-07-09,1.1467059201786167,1.1663493727524301,1.1339176097618047,1.226712356527056,1.1372389909681133
2003-07-10,1.1517459465920021,1.1632163864018776,1.1425381380235526,1.2301590914290759,1.1247268335065965
2003-07-11,1.1524100211806234,1.1638660520227577,1.1425683943349707,1.2295057363009216,1.1243735095054126
2003-07-14,1.145343091130054,1.1655267984677056,1.145900098292455,1.2290956986929196,1.1193752405183992
2003-07-15,1.1554587091392485,1.1704722077696668,1.1473625109873498,1.2306611633643199,1.0950315887013182
2003-07-16,1.154018368216291,1.183674654521298,1.153919791099022,1.2343521860385815,1.0806574072028872
2003-07-17,1.156916236482793,1.1840493470827653,1.1524616668897882,1.2384676102008483,1.0811079697280905
2003-07-18,1.1476133979479295,1.175898596977496,1.1536379832545327,1.237367787955942,1.0581178527522148
2003-07-21,1.1464994087960663,1.171039118887522,1.1561567851228027,1.2434240637092668,1.0589180134952854
2003-07-22,1.1457140614087373,1.16838959252339,1.1578621551698822,1.2412993508565853,1.0582265847575678
2003-07-23,1.139348011509305,1.1495259087032224,1.1507525690146834,1.2272187282978035,1.0408249639187517
2003-07-24,1.138754991929662,1.1465031069671545,1.156714649741968,1.2364313843510286,1.0244067205574248
2003-07-25,1.1334592023361574,1.1335418205592551,1.1394744255642095,1.216813100558524,1.0304766914924053
2003-07-28,1.117839268354446,1.1384250280708557,1.153319785673218,1.2102765640807525,1.055621083728035
2003-07-29,1.1162577512968161,1.1125381437912687,1.1562013363697952,1.2072567361277553,1.0622916077066766
2003-07-30,1.1157402884843803,1.1109573629110387,1.1549904736653267,1.207543609927307,1.0619097242917892
2003-07-31,1.1179366820757455,1.113291348563909,1.159165107158486,1.2083734978235168,1.0913853951731924
2003-08-01,1.113679384268993,1.117739308902562,1.1580821472930092,1.1971917428977694,1.0869850951344755
2003-08-04,1.1173524322547121,1.1217805921093964,1.1630465534510803,1.2042443424613274,1.096742817744319
2003-08-05,1.118370792602787,1.127665777566271,1.1663373843468867,1.2199532810398754,1.0799010047572148
2003-08-06,1.0930848200793821,1.1251717519884488,1.1753692400474571,1.223991356660882,1.1316885138934916
2003-08-07,1.0987544351687015,1.1318075302903243,1.168933515867854,1.2160101463641255,1.1631992070382744
2003-08-08,1.106441248496379,1.137916633290666,1.1794579985872704,1.2208744126945967,1.157492538063629
2003-08-11,1.1065776029223697,1.137365495052763,1.1805766757272227,1.2201269683931404,1.1575011471084538
2003-08-12,1.1046342136227942,1.1359001716773438,1.1800896677501747,1.218342835559661,1.1588233686581064
2003-08-13,1.1033310828087133,1.1354497872286198,1.182441041432192,1.209977941477463,1.1508562214069895
2003-08-14,1.1031536810288005,1.1366451429381532,1.1925235953742088,1.2135413284989547,1.1240685683555112
2003-08-15,1.1039405652114,1.1386595544380727,1.193094244129754,1.2137920689128598,1.123161707827322
2003-08-18,1.1079415996466042,1.137861415533292,1.1956145661867075,1.2157113766470342,1.1256891577697699
2003-08-19,1.1152687163954933,1.1416982875707715,1.2030724730705264,1.2173314874675465,1.1107167093566508
2003-08-20,1.1193915707324043,1.1413916731687395,1.2041275913994098,1.2204339048523827,1.1093943028974735
2003-08-21,1.1214596144780367,1.14379861210547,1.2036755792387603,1.2168970679497988,1.106032754243969
2003-08-22,1.1216171480865513,1.1426130002682422,1.2005601898065812,1.2139055729046795,1.1103795179989437
2003-08-25,1.1220122533517425,1.143661995809853,1.2013291827863923,1.2151614466937448,1.1102098035788897
2003-08-26,1.1187919000319202,1.1458141062875256,1.1939065154370583,1.2114057103412537,1.1144345834825433
2003-08-27,1.1167326650686527,1.1496181439883286,1.1932205918719283,1.2185186429255341,1.1134062236826576
2003-08-28,1.1145154250818,1.1388200360532839,1.1863359914090954,1.2160940608617825,1.1015452965991321
2003-08-29,1.113859483442907,1.1368803685627995,1.18471223204952,1.2167499921637022,1.1017648284562787
2003-09-01,1.1041489561495925,1.133931870175189,1.1804859840577047,1.216248506599634,1.1157507711851329
2003-09-02,1.1044202110400563,1.1337186899009506,1.1856307895861253,1.2184288808115555,1.111982042468711
2003-09-03,1.1191164761274408,1.1447887006349098,1.1957079049815942,1.236569632167583,1.108513584009762
2003-09-04,1.114858928052264,1.1409147337441148,1.1992090729546496,1.2405314389441044,1.1035541212381272
2003-09-05,1.1187058535611891,1.1466695243701435,1.199572895287553,1.245889605410847,1.0947231467383898
2003-09-08,1.1259300022268965,1.1523967404396247,1.1964243667094965,1.2434786609102018,1.1074290635998931
2003-09-09,1.1252346766469232,1.1522972429835723,1.1966204144964356,1.2437063290736696,1.1070085945740127
2003-09-10,1.1276132075318677,1.157105245988185,1.2021493728387591,1.2541057833683873,1.1047165839289244
2003-09-11,1.1177289299028113,1.1537975798975328,1.2001756197034932,1.2512521134969403,1.1054261293649696
2003-09-12,1.1164951472402018,1.1566185630222152,1.2026714307341837,1.2539886376217013,1.1043376797248736
2003-09-15,1.116111289216314,1.1566456806955892,1.2027726743019653,1.2541445186257352,1.1038019576378777
2003-09-16,1.1140819449821953,1.1633051452509462,1.210767108301839,1.2598558521896153,1.0982481320970867
2003-09-17,1.1113441407898255,1.1615150145856223,1.2061813999565205,1.2663167353316158,1.1183740648041347
2003-09-18,1.1206122143341033,1.1741150495435508,1.2084737727961923,1.2712754278709255,1.1361145245010258
2003-09-19,1.124256776473363,1.17547290436426,1.213371417952167,1.27327717507132,1.129484457658587
2003-09-22,1.1305535749464002,1.181881204980994,1.2133849404985038,1.268591611678677,1.1106800898741978
2003-09-23,1.1283598102703154,1.1828800944284323,1.209922728549365,1.2668665640683343,1.0974384093233736
2003-09-24,1.1368102916249734,1.175525039474147,1.2154797242101318,1.2843191534398808,1.0957109303409756
2003-09-25,1.129039237951653,1.165999092620315,1.2150941112024256,1.2844210993644773,1.0957374127469186
2003-09-26,1.1400225997212818,1.1712564699677535,1.2286746963218227,1.2949973775531296,1.0892158479696867
2003-09-29,1.1415784083367553,1.1725358239707806,1.2157137978856873,1.2929809037528077,1.0910253300641266
2003-09-30,1.1422706723813487,1.1706572022520143,1.2114752403254494,1.2853194259844607,1.1051331086328422
2003-10-01,1.1391618142971744,1.1677450278402823,1.2089107758501183,1.286027707214818,1.114186886690334
2003-10-02,1.1359997515645355,1.1686168199834177,1.2090733608503195,1.2840021168304325,1.1117999874181976
2003-10-03,1.134521021120615,1.1673348813936195,1.2050573310118902,1.283574760608272,1.1070060287331078
2003-10-06,1.1246854473612806,1.1690766853690762,1.1807236175443019,1.2748621131164892,1.0651376426484434
2003-10-07,1.1256593201859755,1.1704673195269908,1.1813956921445492,1.2760046032697319,1.0635480758308415
2003-10-08,1.1216581327319246,1.1692545902524858,1.185294012556527,1.2795551914955645,1.0792317878848208
2003-10-09,1.1139474654923909,1.1568094211003603,1.1785205574580808,1.275279241824892,1.0819600364151665
2003-10-10,1.110178438862704,1.1575258740400065,1.1867671130029285,1.2797524518614076,1.071397455107855
2003-10-13,1.1048331166508831,1.148387021010774,1.1868730387082531,1.2673367265009177,1.0521209985141542
2003-10-14,1.0912305115549055,1.1323221801725205,1.1689212435269474,1.2479465539984027,1.0603122655798836
2003-10-15,1.090933239334833,1.130977055212705,1.167984618758758,1.2479927215284272,1.0601543918674292
2003-10-16,1.0852518145342498,1.1268069692010079,1.1663188088905923,1.249096945372716,1.0573734605413239
2003-10-17,1.0830317849287248,1.1265308212865235,1.1690513377233736,1.2535554106786493,1.0571891397696043
2003-10-20,1.0899972179212998,1.1301934404863563,1.1725237799050043,1.2515460150675133,1.0656240768880467
2003-10-21,1.0867028722849015,1.1255133633131869,1.1672617891504546,1.2514337132377793,1.0646885462048714
2003-10-22,1.0850528257671135,1.1185644568739281,1.1735619955760803,1.2520827170992284,1.0616743895339236
2003-10-23,1.077375177933938,1.1154563356596057,1.1750690316986494,1.2484671483171097,1.0747189395729764
2003-10-24,1.0737302323381612,1.1127974371062956,1.1733574034607264,1.2495435363992282,1.0806979687344795
2003-10-27,1.0752277139103064,1.1095059425492462,1.1653497671788053,1.2398963692412321,1.083011286082313
2003-10-28,1.0722212470355705,1.1122446388081566,1.1620205673796868,1.24441191077835,1.1005805701675508
2003-10-29,1.0760451915000577,1.111618617895416,1.162264863764532,1.25476912418546,1.1060391349600789
2003-10-30,1.066119352131299,1.1021576711390773,1.1350947061205754,1.2542162095768798,1.096972160138508
2003-10-31,1.0279529056288612,1.0983659834094963,1.1518284034825723,1.2401569960316468,1.0896103712830234
2003-11-03,1.044838647589076,1.1013284490135307,1.1460652094231782,1.2364223138233619,1.0702061722293705
2003-11-04,1.0440602108977146,1.1004325726868984,1.1416044601774558,1.23499076908493,1.0710976652878146
2003-11-05,1.0502492448277745,1.1051740024609962,1.1413950014110505,1.2359152248654355,1.0472611736893522
2003-11-06,1.0368948686597437,1.0596900046535354,1.134645373660831,1.2528317566252514,1.058658970324098
2003-11-07,1.0334627344121792,1.0761597776440113,1.138578260523624,1.2481398536653185,1.0287226164391545
2003-11-10,1.0173536914186736,1.0871444477751935,1.140651011620349,1.2535322480059863,0.9987656970979946
2003-11-11,1.010223089185989,1.0942651553097906,1.1140954662269054,1.2291490654186923,1.008583851207659
2003-11-12,1.0093647487074824,1.0985018140881362,1.1112177698255372,1.2239871037449805,1.00438942717444
2003-11-13,1.0103834954001725,1.1043408850100962,1.1145714526915507,1.2228605054075519,1.022190412816294
2003-11-14,1.0141063277013882,1.1065982002188237,1.106751785407366,1.2303555412858052,1.0531242330617419
2003-11-17,1.0109514995536668,1.1044921381177228,1.1083739956259921,1.2230917964954808,1.0504363886677766
2003-11-18,1.0096786518125955,1.102956844637846,1.10588659352036,1.2227864536140294,1.0518882297342298
2003-11-19,1.0085678130820903,1.1093776740284726,1.111085290522059,1.225706951163206,1.0592397296231437
2003-11-20,1.00757753555454,1.1053866664130296,1.11043199632616,1.230174526860155,1.054528901186294
2003-11-21,1.0012018176890525,1.1028880787734465,1.1122233395005963,1.2302811232472013,1.0535136482317828
2003-11-24,1.0007959006799834,1.099594015892103,1.113994290058682,1.2283027898587784,1.0579264303494162
2003-11-25,0.9887025161980643,1.1007758063806552,1.1199666085409894,1.2411616409954953,1.082991197067126
2003-11-26,0.9858594248313253,1.0986170488786777,1.1220022675364543,1.2409042519645197,1.0815524047870875
2003-11-27,1.0003865251750752,1.1036768388702238,1.1211955316237927,1.2506809899235773,1.0429891279227859
2003-11-28,1.0037402024872086,1.1153244222352219,1.1242683104824085,1.252329264981343,1.0304423333758737
2003-12-01,1.011519503541899,1.1112219294833694,1.1256260129516975,1.2554127126851795,1.0368807721090203
2003-12-02,1.0086774139113743,1.114252772887748,1.1133174124917269,1.2519622718368535,1.0301309350929377
2003-12-03,1.0514078494359205,1.1288873309311385,1.1133192020381353,1.2553295079954465,1.0191665156140688
2003-12-04,1.0519499816855633,1.133393652889002,1.115684128662353,1.2545517050332764,1.0181588231140724
2003-12-05,1.04982319440015,1.1301397951371215,1.121135245776156,1.2482990537498697,1.017663449381785
2003-12-08,1.0474439338208918,1.1301666153543968,1.1208442285708824,1.2462956218155548,1.0168938757302044
2003-12-09,1.0509086902000206,1.118900747735106,1.1073578374758526,1.2428658732302102,1.0288582701854083
2003-12-10,1.0550760729027626,1.1090767530010865,1.1134566556976084,1.2351094104771878,1.0378163100515467
2003-12-11,1.051368957717652,1.1024943161236054,1.0903296792068593,1.223752655691419,1.0468268342884164
2003-12-12,1.0565226489001176,1.0945279826456946,1.0932171307527836,1.2183624024382804,1.0505678620113104
2003-12-15,1.046491781719306,1.078994554922734,1.0710755813223174,1.2121862865454092,1.0595239312904874
2003-12-16,1.0479034621396768,1.0699972326416918,1.0634847593067742,1.190164379551457,1.0601907849793635
2003-12-17,1.0495200254891277,1.06935896456824,1.0609433777867114,1.19085665177208,1.0596392336661087
2003-12-18,1.049630018894439,1.0722254370310185,1.0632213786288345,1.1904033173408437,1.0615961067721196
2003-12-19,1.0494919465084478,1.064924917535006,1.0587229908631237,1.1893931376498525,1.0631639631002396
2003-12-22,1.050458605306254,1.0620374066982914,1.0602261769382366,1.1985293349594888,1.0760243567783885
2003-12-23,1.0509482393198721,1.0626022650195843,1.0608970440264962,1.1981198634394576,1.0763332393296032
2003-12-24,1.0527862592171613,1.062286837098745,1.0625497907743726,1.1886917331841405,1.0762300750554077
2003-12-29,1.053081838371001,1.0571610696818419,1.0568514171736179,1.1754960153358245,1.0748765821408357
2003-12-30,1.0563921996839485,1.0575208998213546,1.0598669947076602,1.17447960776342,1.0728975866611297
2003-12-31,1.0528239983272476,1.0586621687122122,1.0565337498709917,1.2068333138676182,1.0717167129379008
2004-01-02,1.0546039192792507,1.06159962266396,1.0649672308107834,1.2124495335741206,1.068308673317368
2004-01-05,1.054083554354406,1.0612410339530034,1.0659542515403475,1.203144449339626,1.06201736926427
2004-01-06,1.0514758502428505,1.0560120213078303,1.0681744679385845,1.2018912754134912,1.0500704346114023
2004-01-07,1.0452411784524314,1.0489727453409254,1.0614020953390073,1.1969324196337225,1.0510036557202254
2004-01-08,1.0393858566824647,1.0454004588082788,1.058540887088039,1.2003689142071665,1.051590130025208
2004-01-09,1.0397130991750096,1.0454639078216112,1.0588815772518354,1.2001887533111477,1.0510254894171012
2004-01-12,1.0393781139141638,1.0461860618719852,1.0581148288413713,1.200979374414425,1.0491234631958188
2004-01-13,1.0367431993339065,1.0487570412652434,1.060004884586188,1.198599372756725,1.0522864635910065
2004-01-14,1.036464385974041,1.0527463772674626,1.0568837591502374,1.197879803654416,1.0491981357673281
2004-01-15,1.0370064959023801,1.0519131584547103,1.0557723756965849,1.197762227087532,1.0473973901565494
2004-01-16,1.0388070638398978,1.056459966952315,1.0591011117206743,1.1974958208363422,1.035474728502625
2004-01-19,1.0361473468486924,1.0534356501210334,1.0549814695251734,1.1964088738739938,1.0295472388409637
2004-01-20,1.035226141146865,1.0525956736010678,1.0549195849727393,1.1966740875276607,1.0310651031056828
2004-01-21,1.0286975622124883,1.057102547059852,1.0547100187561327,1.2049819926703311,1.0279038229612256
2004-01-22,1.0289268983618451,1.061225404583515,1.058784020256265,1.2094009645874577,1.037290867390649
2004-01-23,1.0285662334423797,1.0611440911858228,1.059433235809003,1.2088935722543759,1.0371141081634792
2004-01-27,1.0171898884624588,1.0722333006877676,1.0680544669970988,1.1129666229580137,1.032535659235431
2004-01-28,1.0145398561832708,1.0197033078239541,1.0739844283356352,1.1128516189985682,1.0274679474542396
2004-01-29,1.0100837399187488,1.0164811816534907,1.0634986267529667,1.1122827271017988,1.0224217799389175
2004-01-30,1.0102636293393616,1.0178515681884002,1.0670602527400217,1.1156220422645984,1.0278362302688513
2004-02-02,1.0273852621711397,1.018665114926027,1.066709311598204,1.1191033682462737,1.025489144316486
2004-02-03,1.026411337617328,1.0185555100104442,1.0667015338000372,1.1176677000164998,1.0318068453551672
2004-02-04,1.0272380225682056,1.0231215239858462,1.0526509607539378,1.1143942599616836,1.0356492447294152
2004-02-05,1.0326678339183197,1.00789442436203,1.0303168165972294,1.093107566322395,1.0065383610007665
2004-02-06,1.0253468227797073,1.0142777456492333,1.0146166041628917,1.093063930035682,1.0232061823773635
2004-02-09,1.0250641212575653,1.0163344082180477,1.0156227031785465,1.1042975003950553,1.0083816397695393
2004-02-10,1.0202390182523684,1.0189729065445594,1.0149187336107885,1.1055792613669604,1.0080398948165041
2004-02-11,1.027906688815331,1.0193750942723947,1.0182712851036568,1.1099759854223883,1.0056635581808384
2004-02-12,1.026119892181063,1.0100106360704577,1.0303400215939353,1.109320695214411,1.0526044080960002
2004-02-13,1.023930148400137,0.9971365723090584,1.0235428090858516,1.108743605101045,1.0729627020176553
2004-02-16,1.0333574179178282,0.9922166493393721,1.027637999940063,1.0974036842249837,1.0766249680864544
2004-02-17,1.033315615537642,0.9929107497373583,1.0258742174462236,1.0952822265316542,1.0753885303722597
2004-02-18,1.0435862072982607,0.9946182348327951,1.0300354389681456,1.1038590073935381,1.0722131666728831
2004-02-19,1.0510479333578868,0.9835627916445365,1.0432426536423556,1.1090936538478948,1.0891602579811501
2004-02-20,1.0520251334329336,0.984006190419846,1.0466367101947311,1.1086086527988175,1.0877175082481887
2004-02-23,1.0431900612364455,0.9813560979488155,1.0064904746975494,1.0996949924851631,1.1124319017929838
2004-02-24,1.049534198180228,0.9703011237624368,1.0202162847284455,1.0842753305026869,1.1470079888330051
2004-02-25,1.0537790751036784,0.9591889169428124,1.0140532416699903,1.0991483631929801,1.1444285578564148
2004-02-26,1.0397346916727617,0.9454610473310688,1.0186764581703132,1.1006553143650752,1.1436079513183464
2004-02-27,1.0412409047502338,0.9455025705648349,1.0159026970641656,1.0959396201323386,1.14224968608748
2004-03-01,1.034220402776724,0.9338709777033783,1.0201731474279851,1.0869997536217884,1.1510845285832667
2004-03-02,1.0331779189818358,0.9312203278107107,1.0172955924943854,1.0884954953876729,1.1556955276957894
2004-03-03,1.0425765683324875,0.9243797756411876,1.0358800972653668,1.0631526348520035,1.1545993034618127
2004-03-04,1.0427449916011753,0.925417457049037,1.036266031930307,1.0638654169677475,1.15362660412422
2004-03-05,1.0352065160966133,0.9336223877810295,1.047321232104615,1.0668481737459448,1.1266257565896942
2004-03-08,1.0324435973357633,0.934751020402678,1.0517108924205454,1.074677151583138,1.1258118062797238
2004-03-09,1.0319222393179712,0.936118985585955,1.06712785831172,1.0776353690301037,1.1246851082448794
2004-03-10,1.0237781566882451,0.9341963733320133,1.063576561105357,1.0752199429328875,1.1120100558000316
2004-03-11,1.0165273932735768,0.9389283070769481,1.0566157524464932,1.0670462082669203,1.094469528442182
2004-03-12,1.0161850949894524,0.9103086047714286,1.0698735320566546,1.0455921898669711,1.0818164050779626
2004-03-15,1.0110941263487538,0.9108004682238113,1.0719378712344032,1.0440992946718768,1.0832387527997251
2004-03-16,0.9495536135244881,0.8302116376479048,1.0692590715540908,0.9909477059377109,1.0165810352906754
2004-03-17,0.9537375587221635,0.8278277050580665,1.0781404824221101,0.9963668571948148,1.0036271102966465
2004-03-18,0.9571217820280995,0.8241451036108031,1.1022451471121715,1.0036838618349062,1.0000852266404423
2004-03-19,0.9557974331181752,0.8240840225621356,1.1020766481956656,1.002123201188232,1.0018295553734653
2004-03-22,0.9587407630333589,0.8320112543853829,1.1275122091914045,1.0024868222644892,1.0114904133333285
2004-03-23,0.9610236842904046,0.8325548789319135,1.1285610516445754,1.0077833000774215,1.007388724693766
2004-03-24,0.9571909820977115,0.7919033253906584,1.0977648267961708,0.9746169193159014,1.0180790854922628
2004-03-25,0.9644540175086452,0.7861164648082012,1.1058342886512267,0.984110923989184,1.016166068763091
2004-03-26,0.9616898709034677,0.7922591660294253,1.095298642731852,0.988785135294433,1.019107893016274
2004-03-29,0.9681881163566152,0.7973147094819502,1.1027174983294288,1.0058034168135905,0.988241256891952
2004-03-30,0.9728449045438874,0.8021051601578799,1.1094078280987858,1.0101305767069382,0.9793964021809862
2004-03-31,0.9716574453438515,0.8024061274167736,1.1063423025858532,1.0105014109075234,0.9782910109388443
2004-04-01,0.9796592098693637,0.8099138146774876,1.1344416002075866,1.0129705718380162,0.9894715007811333
2004-04-02,0.9843466202408973,0.8120127194089158,1.1363779180494573,1.020150914005388,0.9429538793754839
2004-04-05,0.9777247328333363,0.7977425103122054,1.1056545764966603,1.0154708400221168,0.9465971548525934
2004-04-06,0.9766435836490117,0.7983435533168637,1.1045419002463466,1.0160217934470823,0.9455189080218674
2004-04-07,0.9618446617425687,0.7881723853731483,1.082280856764479,0.9819146153995146,0.9251037679712455
2004-04-08,0.9683730845553176,0.7927985837824768,1.0944084439618724,0.9854958661286409,0.9302248132732263
2004-04-13,0.9667522440748041,0.7976084817799246,1.0952878811724125,0.9912330963908588,0.933116270359899
2004-04-14,0.963406466389078,0.7942812042029826,1.0844311138775227,0.984282183050832,0.9481908026781475
2004-04-15,0.9597857727867107,0.7915305987839855,1.055692877669997,0.9596161907708578,0.97233606913755
2004-04-16,0.9592523126030653,0.8020717631537673,1.0592150292638403,0.9524472923044425,0.9710377442256968
2004-04-19,0.9493124173235294,0.8031612317337077,1.0747770963704983,0.9739334866665904,0.9730384430840323
2004-04-20,0.9481761946946617,0.7878254559030088,1.0731316717177126,1.0532224360064553,0.9737117867588764
2004-04-21,0.9316886222951113,0.7738309045735265,1.068874450432473,1.0522869113049536,0.9739502458348852
2004-04-22,0.9399976942076204,0.7726099161824598,1.0666677027825144,1.050654878929839,0.9697647315796262
2004-04-23,0.9093448929713,0.7801531019834209,1.068649346417144,0.9736203098374759,0.8888619612183948
2004-04-26,0.9184484207356234,0.792740637314496,1.0676204771689133,0.9620364950505992,0.9099169057142389
2004-04-27,0.9176935717266542,0.7909406416684535,1.062361812030674,0.9563570056065168,0.9180805712025083
2004-04-28,0.9197012755020781,0.7911130872079518,1.0647009275718529,0.9612384388503684,0.921259014231491
2004-04-29,0.8801628788337083,0.7453946743735168,1.0350892084772545,0.9066814975026246,0.8933575304993417
2004-04-30,0.8799331908229393,0.7446247198569518,1.0358850010706526,0.9076114438472289,0.8948762598318272
2004-05-03,0.8667318127567126,0.7374586905709866,1.0357880014818894,0.8955299372288043,0.9098404940352287
2004-05-04,0.865361027461636,0.7341709802422138,1.0390255585175832,0.8893274719990935,0.9053578382669446
2004-05-05,0.8532631553142798,0.715495170322723,1.0041532493702985,0.8782627133810479,0.906023045210041
2004-05-06,0.8568819396302142,0.7152341571108953,1.0207547161499504,0.8774730611477999,0.9069583058956586
2004-05-07,0.8563355661658485,0.6972260738463094,1.0313985102372902,0.8702900114447724,0.896438437034016
2004-05-10,0.8431267901209183,0.7031195133241144,1.0259449114565893,0.8647217740487951,0.871294315434936
2004-05-11,0.8425076011599605,0.7131671948567812,1.0296944359898643,0.8696930077503198,0.8692567190025737
2004-05-12,0.8457003438399242,0.7136867646692052,1.0257280023816047,0.8897761373524392,0.8852139216292397
2004-05-13,0.8444821310273718,0.7203311384295247,1.0235462693068154,0.895795828446575,0.8919255403355517
2004-05-14,0.8472908240126685,0.7230316687725924,1.0335102766166202,0.8951246950998532,0.8911419701640588
2004-05-17,0.8513302056130712,0.71689009163389,1.033487369948525,0.8938501580882118,0.8803167003581532
2004-05-18,0.8508753500145086,0.719483378593748,1.0523716583099223,0.9027287413862927,0.8282653611252064
2004-05-19,0.8532560401168685,0.7302661444947596,1.0524363848359337,0.8949455336936483,0.8110958764840678
2004-05-20,0.8325126614072003,0.718344429329659,1.0534270649608182,0.9011239317508061,0.8057013933201806
2004-05-21,0.8387270786956389,0.7183261134977864,1.0616256694692319,0.9032734768929405,0.8105447999623647
2004-05-24,0.8403929949413741,0.7232448692078194,1.0707949431658612,0.9134710945351693,0.8165478407238417
2004-05-25,0.8384026063174617,0.7198462700877704,1.0603460961354627,0.9196313102429897,0.8316179635816184
2004-05-26,0.833621766424366,0.7203257355599912,1.0526402752653086,0.9021729183103964,0.8176249953323181
2004-05-27,0.8386209946859053,0.7258123476596217,1.0483847875802839,0.9068178016294806,0.8163677157094557
2004-05-28,0.8196559854926386,0.7206643708742045,1.013697012410906,0.9059115674592533,0.8313491776259252
2004-05-31,0.8113250984700979,0.7239817078969115,1.008730567970723,0.9099291551730738,0.8312690345726881
2004-06-01,0.8085461415668946,0.7219987624164286,1.0059588103190242,0.9091130967756726,0.8300289525220419
2004-06-02,0.8081026563282584,0.7201008720688796,1.0135408804809858,0.9232917651731318,0.8216203192180201
2004-06-03,0.7977298948706506,0.7211518699325177,1.016079460381259,0.9246163660874254,0.8093796268254185
2004-06-04,0.7968298874123292,0.7184863466899619,1.0154909212767873,0.9363518361988622,0.8052932123448223
2004-06-07,0.796111077855618,0.7176132449796422,1.0153541846335783,0.922226040106031,0.8452714195551824
2004-06-08,0.8035269806555068,0.721573012833522,1.0215905225344917,0.9249024007136615,0.834695947777036
2004-06-09,0.8060627181793372,0.7242104384912981,1.0242714064408682,0.9221063693225783,0.842809944023154
2004-06-10,0.8057521810162976,0.724141642856816,1.0241002517532032,0.9224104702748603,0.843144822980103
2004-06-11,0.8119627875958525,0.7135005332270158,1.0112676387155444,0.9200052915343728,0.8372347321746911
2004-06-15,0.8271150278206255,0.7218417144378659,1.0146493290969525,0.9314464188491058,0.8403864567211795
2004-06-16,0.8164195704302085,0.7226890945380107,1.0035516624067127,0.9245297531281195,0.8366277803558568
2004-06-17,0.8112957708002426,0.7192541855879423,1.0092952400958675,0.9135367767792856,0.847150773401758
2004-06-18,0.8140016386882474,0.7220930034864085,1.0167981572481002,0.9218743109798182,0.8423755289544834
2004-06-21,0.8176153417093533,0.7472990829479733,1.0344860166647867,0.9176545878742186,0.8519059454864993
2004-06-22,0.8145332591060138,0.7390071544880763,1.024492541129699,0.914408046654087,0.8609093973583908
2004-06-23,0.7885626768328725,0.7180467318983751,1.0208321862149947,0.9186028323467063,0.8559611929361679
2004-06-24,0.7853005419865947,0.7183469319247402,1.0130466409499892,0.9070594185884924,0.8525924725429318
2004-06-25,0.7825979856388909,0.7201044654567619,1.0107339902535983,0.9163357310902053,0.8643389341005366
2004-06-28,0.7823948091903064,0.7141415969546389,1.0026216571717328,0.9211798084836857,0.8739737072895013
2004-06-29,0.7852897045079047,0.7150923645213997,1.0051291443936352,0.920572697548797,0.8802341783856572
2004-06-30,0.781183519344048,0.7083889548646689,1.0039441027033102,0.9157513994235025,0.876310675131952
2004-07-01,0.7707335815513127,0.6961199933920564,0.9976646971488845,0.9136661480347276,0.8847481191609293
2004-07-02,0.7710786611605785,0.6958859922736315,0.9984982986583765,0.9139332060426691,0.8835118940424393
2004-07-05,0.77202795882273,0.6981224727569868,1.001927822239299,0.9163619477057483,0.8800063562917833
2004-07-06,0.7611724308628158,0.6981984531556719,0.9897505112404149,0.9089737235984873,0.8695498598327215
2004-07-07,0.7568582198270494,0.7039037643251506,0.9937943147397825,0.9161155363982266,0.8714315007682337
2004-07-08,0.7577132220361362,0.7042462574013383,0.9958769855432255,0.9163860861920945,0.8715274486663965
2004-07-09,0.76464743537031,0.6950863784865268,0.9889436803293302,0.9137822248287811,0.8844864468874083
2004-07-12,0.7591979138894704,0.693570234161188,0.9892174110850931,0.917080143150027,0.8787726574764091
2004-07-13,0.7589576859832343,0.6941214385581028,0.99377876416295,0.9190252569150635,0.884731460287502
2004-07-14,0.7460884659963345,0.8275856601312289,0.9925557834991313,0.9082415011247619,0.9073427663365891
2004-07-15,0.7441305933303692,0.8245974460849164,0.9909371578870295,0.9042626597144504,0.9085016074295468
2004-07-16,0.7424574229408927,0.8234687448412519,0.9873845098080696,0.9031347893717013,0.9112583164664124
2004-07-19,0.7416691780815022,0.8301250709929799,0.9792571161925269,0.904108485799501,0.9124503661214732
2004-07-20,0.7658573290113864,0.8490147947692798,0.9829035965622748,0.906936009835172,0.9054350581929435
2004-07-21,0.759790350254502,0.8591398854990452,0.9733753671327006,0.9108160708640693,0.8976084857513562
2004-07-22,0.7722987611666674,0.8873250645217885,0.9747450175929993,0.9038164866190449,0.9003383929167759
2004-07-23,0.768349726688406,0.8933915576539276,0.9809364224460176,0.8901265714275666,0.9127931825715394
2004-07-26,0.7621080957042574,0.9065235415711657,0.9738741078010875,0.8852491951984115,0.9165687939284877
2004-07-27,0.7585004031116348,0.906739706235317,0.9772486468113079,0.8803758230589507,0.9182705171303335
2004-07-28,0.7437354266397534,0.9041746844526083,0.9623810157147599,0.879951711719975,0.8709056252521166
2004-07-29,0.7461868085926374,0.9133133712910856,0.9563430494661714,0.886495391947016,0.8749367904141487
2004-07-30,0.7369980866526537,0.9126745866965856,0.9499012739227222,0.8851992933670635,0.8745188068852137
2004-08-02,0.7386693942125965,0.9111919665765531,0.9446079836845677,0.8844317360680432,0.8739510724208988
2004-08-03,0.7402244862288361,0.9143085217552098,0.9489840489174903,0.8869692643328082,0.8764564942201852
2004-08-04,0.739951178865516,0.9203310148617608,0.948298114200048,0.8864553828094694,0.883701622901522
2004-08-05,0.7426580915130876,0.9228021965589517,0.9489573119618445,0.8857311752825408,0.8976286403797589
2004-08-06,0.7417069567735836,0.9176993424137182,0.949884957018955,0.8875557537569193,0.8956138191416629
2004-08-09,0.7481882810763835,0.9207556587231291,0.9432373067491151,0.8817201106846263,0.9006925832726365
2004-08-10,0.7535949974987896,0.9249649827907341,0.9362663481249421,0.8982663339368682,0.8985930240518016
2004-08-11,0.7518052320429608,0.9337317984840066,0.9222089004142379,0.8939592043245448,0.9185813219917616
2004-08-12,0.7504101816800745,0.9430307082091052,0.9175840008626389,0.880149988674805,0.9016199610706214
2004-08-13,0.7521471428437438,0.9385448486207175,0.9236398408893896,0.8957795164317712,0.8974039968281202
2004-08-16,0.7547908546902394,0.94090849608001,0.9283623736761731,0.8967801241938764,0.8944390870517643
2004-08-17,0.7440459059284467,0.9424788893528946,0.9327602467392323,0.892634499062963,0.8905410863650466
2004-08-18,0.7494185701658517,0.9392652082359715,0.9313782178400924,0.8912345335744989,0.8885950342739914
2004-08-19,0.753348834299391,0.9400267965894671,0.9344507627592672,0.8984495635492599,0.8887333194538816
2004-08-20,0.7561212203541557,0.940157420695193,0.9287874819405746,0.8972635621322219,0.884538206581759
2004-08-23,0.7590189416403563,0.9321413899656836,0.9374374249579431,0.8953466863274566,0.8826115003946668
2004-08-24,0.7640416162531223,0.9280979809869984,0.928241772361156,0.8909576378376453,0.8878910215818026
2004-08-25,0.7744662813363979,0.9650807070481772,0.9475564505448224,0.9085089797531231,0.9011579790191371
2004-08-26,0.7781694628488599,0.962234346584515,0.9497678993340045,0.9119618520262222,0.9017095923747701
2004-08-27,0.7969814604943584,0.9606473293942648,0.9542888751937243,0.9232016922000071,0.8998650356369812
2004-08-30,0.7911444140919762,0.9578283625063417,0.9449402931501852,0.9209062530777778,0.9053009462199811
2004-08-31,0.7886803559466903,0.9542781601077673,0.9453852342733887,0.9209161240263439,0.9043119630688348
2004-09-01,0.7951276984528366,0.9643140278953505,0.9521280410754009,0.9293874604669928,0.9245699686107204
2004-09-02,0.8002330883424369,0.9677838778125325,0.9648684454299518,0.9362202407163895,0.9335845107897085
2004-09-03,0.7966944540084088,0.9570173382042975,0.9536313393451292,0.9334283667042806,0.925840928263103
2004-09-06,0.7966521844988732,0.9579250681908354,0.9558620143392408,0.9358518311897193,0.9258212405170075
2004-09-07,0.7927863528783592,0.9595391680413019,0.957626262540624,0.9419301336677973,0.9389488052184221
2004-09-08,0.8130028436390283,0.9689819924594263,0.9656705492242873,0.9482313207573152,0.9316785466737487
2004-09-09,0.8148670999226718,0.9684004653106838,0.9678527533036098,0.9494223557570124,0.9305495573409707
2004-09-10,0.8147766356077829,0.9658410759897447,0.967302078039003,0.9477670143152945,0.9319341002472674
2004-09-13,0.8154590824522918,0.9673578395236344,0.9659490586222254,0.9531693164771838,0.9387567405951586
2004-09-14,0.8205253334859718,0.9693764161687994,0.9642744377377981,0.9473535485122201,0.9525864169587368
2004-09-15,0.8207648347684303,0.9681689733648587,0.9638593771495217,0.9470344167564679,0.9521715455864996
2004-09-16,0.8074643516788148,0.9651796645464978,0.9638284622772977,0.9473152469707565,0.9653106687247067
2004-09-17,0.8174946864573209,0.9713744182856616,0.9736155880292517,0.9522704774439229,0.9749079142722548
2004-09-20,0.820926527085945,0.9682232161301285,0.9859297158985342,0.9598719985352379,0.9897226955801119
2004-09-21,0.820013888473088,0.9751302916874452,0.9817039635257364,0.9491426455320189,0.9956360223226559
2004-09-22,0.8297335599606595,0.9955251747475018,0.9708962464040808,0.9322476191607887,1.009278507107238
2004-09-23,0.8297314892361203,0.9999474617985015,0.9661375455752518,0.9316343282515082,1.015147845742414
2004-09-24,0.8288134339039429,1.0016035267430516,0.9556419124592386,0.9243615954878,1.0134220054038252
2004-09-27,0.8318917173727225,1.0007878357650848,0.9559962317576056,0.9246780358320534,1.009588165914661
2004-09-28,0.8374024154157621,1.0095124899839196,0.964811283652654,0.9189795997512242,1.0144955532589832
2004-09-29,0.8253000508111855,0.9882815747056581,0.9601397575085611,0.9166669827057026,1.017752654481676
2004-09-30,0.8301427620376426,0.9888429053460354,0.9657450029199475,0.9190638031959744,1.0183760811712446
2004-10-01,0.8309503625425292,0.9905587548674613,0.9693858203301671,0.9193766779476346,1.0157318777084177
2004-10-04,0.8347837946086601,0.9804240233938485,0.9436776286273186,0.9051748351365364,1.0074639077777092
2004-10-05,0.8223972529723309,0.9717899462510929,0.9409022119262342,0.8904996208429687,1.0053432427998223
2004-10-06,0.8206090569271132,0.9738388350227911,0.9411978084683783,0.8919717175492387,1.002327698483529
2004-10-07,0.8243021840424064,0.9802067014831725,0.9475398935187387,0.8959376355421228,1.007536257837932
2004-10-08,0.8287505952998104,0.9857451218565336,0.9497693966851876,0.8965977668531143,1.0178053068597597
2004-10-11,0.8257440307876014,0.9873916511118743,0.9443098992699965,0.8940639867623998,1.0116980589196274
2004-10-12,0.8289580568821102,0.9880689498007804,0.9450294040918636,0.897445496364978,1.0146587920477426
2004-10-13,0.8396405983386148,0.9920988752669276,0.9496489355921517,0.9009212691494395,1.0244847750774306
2004-10-14,0.8308083489647055,0.9835358350673029,0.9280496558273932,0.8869569266395183,0.9874034711993623
2004-10-15,0.8313346970119837,0.988782987381276,0.9225847697942804,0.8851080806877514,0.9913360308053214
2004-10-18,0.8368113749634581,0.9809097821538664,0.9385452263154321,0.8928983131384597,0.9912563546795702
2004-10-19,0.8378299390299351,0.9845022270625675,0.9385195417206654,0.8954623797707538,0.9927838203376232
2004-10-20,0.8397919287326154,0.9965798674875265,0.931667007204804,0.9093870337571609,0.9698162905602685
2004-10-21,0.8374391416971291,0.99674458959734,0.9271003845226232,0.9113554087725413,0.9587997341535159
2004-10-22,0.8322220157868319,0.9963877226065223,0.9324379747935734,0.914095757617444,0.9499690366408187
2004-10-25,0.847542910449678,0.9837049471839979,0.925911784987466,0.9033863238011561,0.9518445337154999
2004-10-26,0.8498558248737846,0.9897107003898842,0.922050881233194,0.885733934345903,0.9294897500668526
2004-10-27,0.8574556295828508,0.9900847776445724,0.9267719272789561,0.8848554942973863,0.9232777446805611
2004-10-28,0.8564507906768009,0.9894276515909121,0.9410256872131798,0.8890795807634649,0.9332741325027574
2004-10-29,0.8670028459942998,0.9826580159122001,0.941624442084555,0.8796992462824939,0.9310644098251494
2004-11-01,0.8639154282738244,0.9846432180905846,0.9487407656574921,0.8877398017282645,0.9369849184302665
2004-11-02,0.8591910429524455,0.9908182131489852,0.9414804051935468,0.8607290853856867,0.9570718432710621
2004-11-03,0.8522668278739054,0.9769194226579094,0.9572217352619014,0.8739785135232945,0.9760337866163703
2004-11-04,0.8521579691441491,0.9719608570725926,0.9525085801246528,0.8787289113294047,0.9882664803787774
2004-11-05,0.8490524304095999,0.9663563028870253,0.9502538686450389,0.8672677582699901,0.9894317273921236
2004-11-08,0.8439112581343651,0.9322886812187792,1.015294885339777,0.9108663598997739,0.9767599373681826
2004-11-09,0.8426198165121217,0.925335169831123,1.0119622688132284,0.9053978548268323,0.9728933685125476
2004-11-10,0.838075617603644,0.9221324246183268,1.0051126386740428,0.9102797359449813,0.9638410679460914
2004-11-11,0.8354857906748436,0.9208519754187601,0.9991840466540202,0.8990223977813512,0.9509851926958771
2004-11-12,0.8422572273684856,0.9236191589666238,0.9921854152290337,0.9131062909817086,0.9610653909029246
2004-11-15,0.8408458752995949,0.921195250950369,0.9904205862577482,0.9119564211204308,0.9596366666343389
2004-11-16,0.8393438811079024,0.9138436510556063,0.9857018202810567,0.9039499916163581,0.962889628274175
2004-11-17,0.8382881790631372,0.914924834673861,0.9856130621074322,0.8998858964379916,0.9644840888812609
2004-11-18,0.8417636931956652,0.9166714576985173,0.98898643760833,0.8980262089171639,0.9424395301216337
2004-11-19,0.8431646253576736,0.9158830808603906,0.9901733304657834,0.904152269192971,0.9468323289271448
2004-11-22,0.851525989623463,0.9122667676263285,0.9915687021347191,0.9004346083819326,0.9091709897198218
2004-11-23,0.8428571463273975,0.90350703313055,0.9872350558891002,0.8930083811243191,0.9261691085241515
2004-11-24,0.8402040153558923,0.898886577899633,0.979204275245119,0.8853318686669452,0.927823360474168
2004-11-25,0.8290390894183398,0.8945997862624978,0.9814716528904773,0.88229239991862,0.9379010061790554
2004-11-26,0.8182553325868955,0.8949508620163046,0.982726179862468,0.8773474153929504,0.9464752370104117
2004-11-29,0.8183028307961693,0.8973709949930192,0.9981710278255149,0.8849598178896766,0.9531731686468309
2004-11-30,0.8015264861065543,0.8839600396878369,0.9827399832929329,0.864060036939245,0.9499842676226607
2004-12-01,0.7967062644039089,0.8705050023979322,0.9849976684623714,0.8721799702453654,0.9475756740010847
2004-12-02,0.7808876809969315,0.8712462153223957,0.9716910167020101,0.8798372557391541,0.9811565735548252
2004-12-03,0.7808996882689385,0.8679335906907794,0.9699389939175087,0.8821175976246444,0.9868191873167064
2004-12-06,0.7827176439424973,0.8696765526595324,0.9761359375634238,0.8865800936123805,0.9753237695587691
2004-12-07,0.7803061954277661,0.8704202785581053,0.9668490439584456,0.8916151403724009,0.9698986641637833
2004-12-08,0.7707894072869558,0.8588384604944115,0.9577581234510852,0.881493211592516,0.9625307575084384
2004-12-09,0.7691271107869027,0.8623102475344411,0.9559341919388906,0.8756032157898432,0.9589273676913885
2004-12-10,0.773426928594718,0.8730376329264747,0.9735798321199953,0.8920427320618614,0.9605779680351794
2004-12-13,0.7915584343584089,0.8782380165780658,0.9709920033828449,0.8903438278423285,0.970823768628159
2004-12-14,0.7834332093548338,0.8918904694721379,0.9736922515415436,0.8861342928540553,0.957826703966027
2004-12-15,0.7887997475186793,0.8875447061911538,0.9721333606078453,0.8896434222269924,0.950667163830719
2004-12-16,0.7883134687396576,0.8738911308812372,0.9699242722921838,0.9006748219651948,0.9446771484564235
2004-12-17,0.7925712876487944,0.8764382655235089,0.9726533290579803,0.8887818688335408,0.9499564532591344
2004-12-20,0.7925598004085765,0.8754105460927678,0.9715589065282736,0.889125104990392,0.9508577196544343
2004-12-21,0.783142884195539,0.8724326663227209,0.9669585736736629,0.8863128443492199,0.9540782618558963
2004-12-22,0.7766636209493346,0.873702307735342,0.9681898635291095,0.8895579271599877,0.9511634272583609
2004-12-23,0.7765960841716952,0.8738008877305915,0.9663201414751282,0.8904207310283652,0.9466430094268802
2004-12-24,0.7778375935167751,0.8761706340527595,0.9645765562097207,0.8862703956293743,0.9428375460006737
2004-12-29,0.7781090363230103,0.8738868985828498,0.9652342039716723,0.8854173338112403,0.9436946400994349
2004-12-30,0.7727941861964044,0.8596799007681065,0.9633192663712883,0.8836543814181647,0.929829434940802
2004-12-31,0.771967156578161,0.8659978169588257,0.9526138430914612,0.8806227729818479,0.955400626080343
2005-01-04,0.7864393997045591,0.8825384952095525,0.9699748047254164,0.8912897317199491,0.955773591475073
2005-01-05,0.7905567077701311,0.8868257615086053,0.9892294661428591,0.8966444627909032,0.9486124365819278
2005-01-06,0.7880058092638861,0.8840221941280032,0.9930086397626433,0.8981692326025124,0.9421691036172906
2005-01-07,0.7872349083736948,0.8820711732473306,1.006220786969237,0.9035005771141448,0.9412911390113089
2005-01-10,0.7962469314440016,0.8742615272567542,1.0041843368943488,0.9098699031444177,0.9407046836661686
2005-01-11,0.7944769401750741,0.8656343360156004,1.009878746818812,0.9095609323415833,0.9449223984890655
2005-01-12,0.7946179249256636,0.8634748432920496,1.0159924909659945,0.9102234656326402,0.9515227207700951
2005-01-13,0.7905173454086035,0.8543120790368859,1.0160371351762594,0.9113093547754465,0.9761600384381379
2005-01-14,0.7957579855261852,0.8578898998939815,1.0262490018546608,0.9159934988035381,0.9915884469335379
2005-01-17,0.7971813266571482,0.8565007740853615,1.0255544926217195,0.9174563549637083,0.9907260386962463
2005-01-18,0.8052999447346635,0.8416031343580093,1.0273406397240603,0.9215118821199468,0.9778045933909709
2005-01-19,0.7993853080294256,0.8327953645012819,1.0213002446431516,0.9117242865343465,0.9585927505270543
2005-01-20,0.7871697848902055,0.8289753250027121,1.0154513335943995,0.913568711862987,0.9701421468617093
2005-01-21,0.781858184163733,0.8317056400303244,1.0101750290601936,0.8953591277210418,0.9744538547929854
2005-01-24,0.7751881218982923,0.9352452838359769,0.9842261209510109,0.8840481505791796,0.9837512391481891
2005-01-25,0.7796208730289423,0.9379171352836402,1.0052198417393325,0.9032971445727697,0.9950654539156369
2005-01-27,0.8012103767381777,0.9221606065120521,1.0204919002319475,0.9309009057637585,0.9798434725659854
2005-01-28,0.7957350158029627,0.9156823507921382,1.0255666573808468,0.9328341607677567,0.9848382504607369
2005-01-31,0.8006271835218866,0.9197240048524212,1.0291050219686075,0.9369628790855338,0.9727939086628727
2005-02-01,0.8018730426877525,0.9234549614357058,1.02025948670248,0.9307687434234604,0.9860736774432073
2005-02-02,0.8059082185774349,0.9174658106213004,1.0154744961034543,0.9351205033827283,0.9968449160525571
2005-02-03,0.8044676266515607,0.9211990170340365,1.0157909644471803,0.9382579875088559,0.9943951926893864
2005-02-04,0.8009405830685199,0.9209407840331395,1.0164991677025939,0.9414324481695803,0.9999760272440877
2005-02-07,0.8098266071550485,0.9058886029357144,1.0198824078874622,0.9334707704833817,0.9937300802065371
2005-02-08,0.799472064702979,0.9055390225417992,1.0136195532830474,0.9306910043829327,0.9967415319300671
2005-02-09,0.7584039685337747,0.9061822855589049,0.9999527063277341,0.923407644125006,1.0137457305631354
2005-02-10,0.7556231140963323,0.9034637272349897,1.0005173952503388,0.918224000119079,1.0172121209596474
2005-02-11,0.7571721135516136,0.904550299798839,1.0004852507262574,0.9202746638252651,1.0185391303701612
2005-02-14,0.7673203356329549,0.9092608020243198,1.0083267570027847,0.9455975157525027,1.0245589751052622
2005-02-15,0.7606392381712693,0.9051598916219878,1.0148851438026394,0.9498134501389622,1.0259039169691837
2005-02-16,0.7595242245857889,0.9052954635972635,1.0128947329985096,0.9512081856316096,1.0330602733735303
2005-02-17,0.7522238326883213,0.9031348088959953,1.0035138327347013,0.9489206366327915,1.0316037396489106
2005-02-18,0.747888585939409,0.901143909582629,1.0021684101908916,0.9473906061806538,1.01960454737721
2005-02-21,0.7451913133698387,0.907352872666152,1.0079613415247977,0.9497256770993499,1.0132081395288648
2005-02-22,0.7435279717154952,0.9056992579584209,1.0052673478262197,0.9439830593836901,1.0174632847504832
2005-02-23,0.7433878013456622,0.9089184708029269,1.0421748564230835,0.9487851748263441,1.0891358547788539
2005-02-24,0.742906652998999,0.9294523914261932,1.0543771651679548,0.9599934393130657,1.060899064971835
2005-02-25,0.7548290397019286,0.9375116455855542,1.045444004493007,0.9731819776385362,1.0411191589677578
2005-02-28,0.7526203933940341,0.9075255777401248,1.0390060593524066,0.9487784514535328,1.0131118861929282
2005-03-01,0.7457406728031544,0.9149586427847937,1.038664455520128,0.9449248695865655,1.0018824349264241
2005-03-02,0.7454424933122246,0.9178330702926338,1.0373657003418995,0.9463014047239884,1.001030609918862
2005-03-03,0.745711108805001,0.9184370938766789,1.0362476757745707,0.9445245400806815,1.01318196241104
2005-03-04,0.7510429529929064,0.9117336778108204,1.033167831531123,0.938432066102344,1.0175957197773888
2005-03-07,0.7509800011679818,0.9051974039990044,1.0240452661454764,0.9323668017849915,1.0152409934166233
2005-03-08,0.7529036933395806,0.9077284812434876,1.0329214904566075,0.939242337206041,1.0163382934310479
2005-03-09,0.7560694037676549,0.9084334424826702,1.0361445373375566,0.9412587388454134,1.0170083554390426
2005-03-10,0.7682876741780996,0.8940738493741287,1.0294657706211505,0.9475665549085239,1.016112807474906
2005-03-11,0.776950077185971,0.8942832188114997,1.0349856924113057,0.9586139691070948,1.016625537313813
2005-03-14,0.7791652635001493,0.8944710358198539,1.0350772003581017,0.9557137215125494,0.9986406928915899
2005-03-15,0.7674826891691158,0.8991147978216114,1.0199897068320931,0.9473834721302502,1.0024339151629766
2005-03-16,0.7669353704722595,0.9062310143829623,1.0164169859205467,0.9419551129432074,1.016661822158956
2005-03-17,0.7588533677102111,0.9083303555734534,1.0142378856419239,0.9445505697135121,1.0159959889598242
2005-03-18,0.7474508975092206,0.8974831038263831,0.9804191148971119,0.9376229639454362,1.002259389505944
2005-03-21,0.746803570349228,0.8999039903230529,0.9773142507727994,0.9277150624138589,0.9987420337442694
2005-03-22,0.7431549249620947,0.8817914577172141,0.9809930866082367,0.9288377282104457,0.9969511082667897
2005-03-23,0.7661645277298234,0.8901395784286807,0.9769281607809789,0.9206969001276629,1.060669462139074
2005-03-24,0.7654164219551606,0.8785417653348939,0.9877919086181963,0.9091308577957125,1.063462486442603
2005-03-29,0.7736799164997655,0.8724077207530677,0.9719474960347722,0.9073614931778076,1.0688383467519458
2005-03-30,0.7696971859165334,0.8725673846453784,0.971173486255757,0.9073854777848114,1.0663720457482926
2005-03-31,0.7694006836637985,0.867132208655682,0.966886479342049,0.9017467953889977,1.074006024749201
2005-04-01,0.7676949818093896,0.8719472936569833,0.9376667221641366,0.8983713983772011,1.0718377507769057
2005-04-04,0.7547056847190489,0.8650335518541936,0.935979299930722,0.897860983104469,1.0990000817485546
2005-04-05,0.7657778010505832,0.8631883441862669,0.9497360614702578,0.9002303297932633,1.101007225549573
2005-04-06,0.7651840397968995,0.856687413715411,0.9511222340704846,0.8951540356605036,1.1003978378184325
2005-04-07,0.7671307625347492,0.8573019667341308,0.953241319785307,0.8952104556402741,1.1001499919986426
2005-04-08,0.7773510968654633,0.8607025194873937,0.9471668510172913,0.8893383337816599,1.082822171243545
2005-04-11,0.763939641098896,0.8454106898587953,0.9484423948713352,0.8818778929577364,1.0888348714355414
2005-04-12,0.7612966616051592,0.845535934606827,0.9504810874005941,0.8834720972247925,1.0821837579216884
2005-04-13,0.7639644420257048,0.8476834210398799,0.9484699097704407,0.8766803212999013,1.0566824749374635
2005-04-14,0.7713025003113738,0.8252717512492,0.9435080976027436,0.8802725304409845,1.0844648859676123
2005-04-15,0.7467884576507687,0.7953107138625186,0.9295391259632753,0.8529936035013468,1.1078174323761691
2005-04-18,0.7192139730465599,0.8061901578027709,0.9261139658002888,0.8352820466010491,1.072765725705874
2005-04-19,0.7062644133332528,0.8139252157824772,0.916894546167478,0.8082130664968548,1.0943381807558916
2005-04-20,0.7034157913984088,0.8146416677827928,0.9190175269372488,0.8099979395634841,1.0949372132699455
2005-04-21,0.7027264189211708,0.8144652838306401,0.9229248416435639,0.8148127391318587,1.1100240311058314
2005-04-22,0.710761520102248,0.8105054888871822,0.9195639283481445,0.8097068393406478,1.1216015551946679
2005-04-26,0.7082343883741264,0.8109722052856335,0.915592567178274,0.8071533546857155,1.119146067123061
2005-04-27,0.7049943188735524,0.8074052174236896,0.9065420734603211,0.7916770758490902,1.1258507990170026
2005-04-28,0.7172983984101219,0.8195483585156559,0.9055046572168808,0.8079756242974039,1.1362510490461368
2005-04-29,0.7289623322707109,0.8267477894044536,0.895799648027088,0.81357379643557,1.1077190520612534
2005-05-02,0.7341188578652771,0.8343245059007379,0.8976233728667193,0.8254724869515844,1.0971364853657275
2005-05-03,0.7281744121708557,0.8242810926440858,0.8868622609988828,0.8232082569230889,1.0890388260270178
2005-05-04,0.7283081229668971,0.8297815445967115,0.9046916350738402,0.8361811151477194,1.0809546972421311
2005-05-05,0.7245525806657047,0.8274051796844798,0.8902615320947318,0.8353525794461939,1.0784485755495072
2005-05-06,0.7275588576449495,0.8286900530316115,0.8932497238811911,0.841077116310257,1.0992490611470471
2005-05-09,0.7342406027469036,0.8319470644108539,0.8855794424749287,0.8405951289396378,1.1230989205883746
2005-05-10,0.7324760381887189,0.8238566130980751,0.8844739705871646,0.8418891916857504,1.1293045571716551
2005-05-11,0.7209000493175576,0.8422435806159005,0.8876602289182072,0.8377217016328709,1.127900660551806
2005-05-12,0.7220655462934565,0.846604902526997,0.8991204783877466,0.8431616358758485,1.1396859309082081
2005-05-13,0.718244041997632,0.8396449538045153,0.8867557504291741,0.8338006297985265,1.1220287105765103
2005-05-16,0.7330886308644744,0.8337766990148586,0.9016806533605215,0.8307091299378773,1.0988821234688328
2005-05-17,0.734960596546702,0.8293397404398508,0.8854304893020615,0.8255269571108638,1.116840474943502
2005-05-18,0.7242926146864582,0.8190886764633902,0.8805106675156316,0.8390914628985818,1.151613392357434
2005-05-19,0.7357551889973237,0.8194033552453605,0.872730358863498,0.8134947467794507,1.1050281489739042
2005-05-20,0.7269859156272616,0.8210455582857554,0.8669223943598316,0.8126777620901519,1.1001441095105207
2005-05-23,0.7526053045472898,0.8251771871291372,0.8681185369076901,0.8018487554253413,1.0849591670836356
2005-05-24,0.7340033252881673,0.8232731311372415,0.8655913233633689,0.8034753083790676,1.0883866112732434
2005-05-25,0.7346709095765785,0.8249818428212125,0.8684237875888974,0.818441496492026,1.0993657714748755
2005-05-26,0.7326164830713402,0.8229145613586609,0.8704936321257403,0.8143351920442706,1.102093576437837
2005-05-27,0.7274696131312921,0.8151896193742824,0.8651516080134308,0.8090300175946396,1.101583250748158
2005-05-30,0.7319546419078081,0.8159776608688283,0.8651282904097692,0.8111563573696907,1.1063804641275359
2005-05-31,0.7430904539558705,0.8258666614573128,0.8784011663350786,0.831748477034747,1.1187987065675389
2005-06-01,0.7603980972121185,0.8294821224378939,0.8861620074582506,0.8429720562884655,1.1323962828380245
2005-06-02,0.7614588496375833,0.7939869251647663,0.8726054590684683,0.8326474100969657,1.147839015701424
2005-06-03,0.7585569563849688,0.7889699656091526,0.8736103013323421,0.832064468210975,1.1554388027836444
2005-06-06,0.7534620770110991,0.7851770387463941,0.8754368392316234,0.837469317032013,1.1355223535809367
2005-06-07,0.7519297920875029,0.7864484217784641,0.8758642493989514,0.8383475537130866,1.136493847516084
2005-06-08,0.7522207998550915,0.7863368111305992,0.8765035740555192,0.8415517001827519,1.125999980441303
2005-06-09,0.7511941088246783,0.7884948938107735,0.8785916582554448,0.8426712296825871,1.1230863390598924
2005-06-10,0.7493775095382705,0.7888264528950505,0.8777401433444165,0.8414963359629026,1.1322526794664076
2005-06-14,0.7477043444458054,0.7851363993393224,0.8761518627788496,0.8387654775618054,1.1272218653865178
2005-06-15,0.7452350998976021,0.7839161631321473,0.884872994905518,0.8488955059220756,1.1258939050598193
2005-06-16,0.7467302191332396,0.7893243873388519,0.8826388125572591,0.8454055261128385,1.118875497125354
2005-06-17,0.7364532529458124,0.7837476169511987,0.8852353176763706,0.829624431373333,1.1287241044258884
2005-06-20,0.7362689119491959,0.7789686483728542,0.8750102332000775,0.8335440667562664,1.1467302665983556
2005-06-21,0.7374511189370896,0.7854305879505715,0.8829483923616711,0.8343436296697951,1.137939811932226
2005-06-22,0.7289741846326326,0.7851646588404918,0.888521979414399,0.8338253306044481,1.1238212433668178
2005-06-23,0.7328153023635704,0.7892368719214323,0.8907257748191508,0.8352544086588278,1.12087013227134
2005-06-24,0.7367407461208404,0.7877537424036951,0.8951511398488975,0.8333230290178254,1.1211725734063542
2005-06-27,0.7351497505951092,0.7890663433739197,0.8969055936724574,0.8314411686754883,1.1179081456660496
2005-06-28,0.728674844023114,0.800355804708195,0.9130053330115627,0.8349295215775919,1.1240023520291593
2005-06-29,0.7325005148020505,0.8030569556846224,0.9159595876350738,0.8393515701073327,1.1201625141064115
2005-06-30,0.73611956555527,0.8025110306495652,0.9203042979914565,0.8385262422071905,1.1164535423034985
2005-07-01,0.7368000812557565,0.804696280903836,0.9195016801434013,0.8369125330046493,1.1153585342019814
2005-07-04,0.737156675376977,0.8040742300768425,0.9171963474405457,0.8356871516379321,1.1159142376744444
2005-07-05,0.7376695993761749,0.8007316139400267,0.9141067058216054,0.8324964628285692,1.120801537351545
2005-07-06,0.7378042416040675,0.8081505883214644,0.9152695490590357,0.8337090203552806,1.1119016587954866
2005-07-07,0.7351349212191955,0.8046897315560047,0.9231842520957844,0.8418262351396035,1.1261566806359637
2005-07-08,0.7377136841301115,0.8055305105228238,0.9230393938359642,0.84199556302762,1.12688725217658
2005-07-11,0.7431733707083278,0.8050007414127694,0.9149231008284456,0.8236114167593518,1.1179730617122743
2005-07-12,0.7422873036949007,0.8035963862294097,0.9137766042822713,0.8242826242739631,1.1158867361877833
2005-07-13,0.7558846438978088,0.7020129269877319,0.917934535600279,0.8297558159918241,1.102346678305647
2005-07-14,0.7585304861262676,0.7058626837770152,0.9188876870051855,0.8314625031923933,1.1060524563380985
2005-07-15,0.758440032645602,0.7039804975889903,0.919906114889502,0.8329651401623365,1.103012069295355
2005-07-18,0.757753950924165,0.7034582489221871,0.9199628190495028,0.8325172339454389,1.1038695278619235
2005-07-19,0.7418236580437222,0.6850158084441433,0.9079406353702436,0.8246697804868252,1.1036175689190082
2005-07-20,0.74081363692063,0.6767072671130164,0.9171861744037267,0.8166907826272719,1.1098166505362324
2005-07-21,0.7302242944500734,0.6579919849255961,0.8988728017070011,0.8193665358458193,1.093628845952939
2005-07-22,0.7288522866448076,0.6553324994876364,0.9017091934676543,0.8137060614860752,1.0778354599514763
2005-07-25,0.731044951816815,0.6555556207581567,0.901705907998207,0.8153656316373588,1.0758610847849515
2005-07-26,0.7309729603225579,0.6555005181118332,0.901900342260147,0.8151659239331545,1.0779956382893265
2005-07-27,0.7325300858956897,0.6574539896577879,0.9018729054932215,0.8174820417210843,1.0767607882798924
2005-07-28,0.7340733890030029,0.6635342890367372,0.8977011486304677,0.8201868331259123,1.070591716712525
2005-07-29,0.7400371284114234,0.6581529145732877,0.8983140777037938,0.8193143420159902,1.0609111605505344
2005-08-01,0.7403154182715778,0.6593771845855745,0.9017895187045187,0.8220076629433939,1.0607432618451083
2005-08-02,0.7385144539762082,0.6572245861744755,0.9007004141982574,0.8210462766520579,1.0617079836568357
2005-08-03,0.7400512258208873,0.6556755956080483,0.9008700821050143,0.8161862950462402,1.0669768135021025
2005-08-04,0.7372906079434871,0.6511849118639529,0.9003966599881852,0.8163194024898777,1.0622980801814468
2005-08-05,0.7378182090072808,0.6546395264168461,0.896290670373192,0.8152953127317311,1.0625165176591742
2005-08-08,0.7429941204039437,0.6530721161721875,0.8990158234296897,0.819308114602551,1.0565864680422037
2005-08-09,0.740969156076852,0.6490811545288392,0.902394013829387,0.8167813400946408,1.0510316945506522
2005-08-10,0.7373304345601126,0.6451088998269949,0.9063117714004739,0.8170028750238038,1.0483756636770662
2005-08-11,0.727439458801561,0.6385720989814978,0.9124495406770651,0.8303160199565257,1.0618883066912777
2005-08-12,0.7257206589360359,0.641951714035453,0.9058018419672222,0.8274377935670639,1.0614565522869028
2005-08-15,0.7249213987094766,0.643241660194,0.9044384662311757,0.8280546729248581,1.0610571143706047
2005-08-16,0.7383442225454735,0.647990831198849,0.9033375057202543,0.832506574315632,1.052036027909219
2005-08-17,0.7292421089530742,0.6423331055989439,0.8960267001168177,0.8229909378365233,1.0530490844389147
2005-08-18,0.7323530557388558,0.6467280128918006,0.8972955225361264,0.8299671845482599,1.0612511229731716
2005-08-19,0.7271025675301165,0.6442653155008249,0.8966640100707378,0.8317698365654578,1.0635658664098557
2005-08-22,0.7196603650093157,0.6335686175647025,0.887502403614689,0.8156102584691357,1.060781226035631
2005-08-23,0.720892141054879,0.6358490841421396,0.8930184097739915,0.8201448628362927,1.0613316798447536
2005-08-24,0.7267698487495315,0.6250828583684566,0.8843638408960273,0.8144543495743259,1.0762411426720597
2005-08-25,0.7206605474285653,0.6217383616164704,0.8820053824700329,0.8020618662232004,1.0671546690739562
2005-08-26,0.7234507585749542,0.6298773163184148,0.8713285870595248,0.7898820003159395,1.0652633966618912
2005-08-29,0.7278183628628037,0.6529386206771787,0.8724515313251721,0.7954087902775874,1.0863444126548798
2005-08-30,0.7231598279317315,0.6523684160993156,0.8741600094599339,0.8005610320949603,1.090392027638312
2005-08-31,0.7198193053482581,0.646798334337006,0.8688550411692191,0.7930883181575761,1.083663863259121
2005-09-01,0.7180658413781039,0.6272491246494479,0.8750286250093944,0.7862391041719591,1.1179670697588007
2005-09-02,0.7174583469482185,0.6315856513390076,0.8768059861743935,0.7919480481810526,1.1082697400828498
2005-09-05,0.714550929245118,0.6295602197917203,0.8692968477700972,0.7857303618820938,1.1094478510345758
2005-09-06,0.7166192462687654,0.6285300140211403,0.8720432649782045,0.78449802649072,1.107919901449342
2005-09-07,0.7143379932724448,0.6286711198706618,0.8722163530721527,0.79211754413204,1.096167018097924
2005-09-08,0.7130046214939088,0.624596931160851,0.8693374007623312,0.7861945801225535,1.09868919352439
2005-09-09,0.7143816438051127,0.6252382251098451,0.8689772954170073,0.7863996769876807,1.1032838263317843
2005-09-12,0.7140937777466136,0.6247930458722875,0.8709512134986296,0.7840253860992749,1.1002800739484115
2005-09-13,0.715939477729978,0.6274583938732597,0.8691625990014072,0.7811818490302173,1.104879521687199
2005-09-14,0.7167862940548724,0.6269263488837483,0.874922763741971,0.7848536606918696,1.1038096343908845
2005-09-15,0.7178649162534094,0.6283964668952979,0.876385411909543,0.7845938868742944,1.104472808068305
2005-09-16,0.7178870080257167,0.6260474073684852,0.8740870367004113,0.7832051400188125,1.103642611271027
2005-09-19,0.7069663859767118,0.616320361021686,0.858608391701047,0.7709788308960666,1.1069669765213561
2005-09-20,0.7088311170955857,0.6270733608999489,0.8632984347801056,0.7714107664811801,1.1200498242325352
2005-09-21,0.7014059829375198,0.6166374440291877,0.8511825847051915,0.7640980570398874,1.110917763274132
2005-09-22,0.7022824774484736,0.6136680438080426,0.8549922652704629,0.7638383119676059,1.1086737753492961
2005-09-23,0.7004785837016885,0.614105649547337,0.8587100132554369,0.7705686190046338,1.1062693468567641
2005-09-26,0.6963059237909992,0.6279290378003435,0.858174503807849,0.792198338408504,1.1788639665894072
2005-09-27,0.6963477034190444,0.6287944946839249,0.8596662247311199,0.7933077835622585,1.1792462164447521
2005-09-28,0.7030038108342372,0.6332508749781427,0.8550430876968311,0.7908895519550274,1.174892387642724
2005-09-29,0.6994322370080001,0.6294277085053483,0.8500696984419475,0.7896426187695907,1.170919086709618
2005-09-30,0.7078590018060045,0.6434361219031302,0.8554670286237553,0.799582397452012,1.1978657428186694
2005-10-03,0.7048306311827705,0.6469577442152121,0.8693545014756423,0.8064229881176718,1.2079396708972063
2005-10-04,0.7038856598502224,0.6467413467770554,0.8691387159259977,0.8067045324255028,1.2081530256581412
2005-10-05,0.6890602509080607,0.6445456825514488,0.8731770152102963,0.835283475844997,1.2565215559468947
2005-10-06,0.6704897620111475,0.6460293086663786,0.83870935812417,0.8140903016199351,1.3074434920740257
2005-10-07,0.6721305659044784,0.6443560171736883,0.8427487787067817,0.819698724690153,1.308924124744406
2005-10-10,0.666899095926859,0.6398575012611053,0.844457326858733,0.82294262619696,1.317185071335618
2005-10-11,0.6716966157178669,0.6455922433429067,0.8390084798295014,0.8280430125423978,1.320518063287032
2005-10-12,0.676093212517505,0.6484354456491255,0.840171668053478,0.83750158494878,1.304389422517585
2005-10-13,0.6768849166810822,0.6531650246965488,0.8493116121528423,0.8444530757720419,1.3372246720554273
2005-10-14,0.6714569830655853,0.6508086454599196,0.8567902376116643,0.846954631020689,1.3514148381764517
2005-10-17,0.6708129092893795,0.656959205448952,0.8575754584126734,0.8498594575339031,1.3280133141665287
2005-10-18,0.6727203874940509,0.6552070953859638,0.8465775665875733,0.8453964317522994,1.358692421786119
2005-10-19,0.6856638537467411,0.6543166698369214,0.8380334189893643,0.8406587234013427,1.3883818781705999
2005-10-20,0.6857699101020457,0.6542085902748592,0.8376857169822597,0.8405749551111232,1.3887097571074725
2005-10-21,0.6823419119819747,0.6547944348616975,0.8338492674174789,0.8416166492790603,1.394985786479869
2005-10-24,0.6708721454142591,0.6573008250633837,0.8370768249534339,0.8432007359334811,1.3913170995846897
2005-10-25,0.6668796644524844,0.6556968342578329,0.8257942681729282,0.8242076949005936,1.406964152798541
2005-10-26,0.6570385340844261,0.6605035444924541,0.8283527059228443,0.8231655644919429,1.4009204743143138
2005-10-27,0.6540262277708786,0.6527302490887334,0.8199985971918367,0.8206518260356915,1.4004671022008128
2005-10-28,0.6462193148057511,0.6618781316264758,0.8089282118479818,0.8190064418881533,1.4181032308105468
2005-10-31,0.6428360377540674,0.6567515092773637,0.8145790704604692,0.818436362097144,1.4022630763015895
2005-11-01,0.6458230621929523,0.6571452189426965,0.8133361603123636,0.8194367898063389,1.4068182646655236
2005-11-02,0.645227561607773,0.6626244239957277,0.8021307296218467,0.8152031729550784,1.4010787676987468
2005-11-03,0.6507047902066176,0.6679744010707731,0.8300565812839779,0.8020969058065787,1.388248764135576
2005-11-04,0.6506209137297686,0.6678967242744195,0.8305664923515544,0.801733997189113,1.3904723373759937
2005-11-07,0.6507517606577329,0.6698441370358625,0.8245566643323736,0.8023060186702315,1.394431654940273
2005-11-08,0.6609338317579314,0.6692405440149585,0.8301484536735781,0.80836375164542,1.3950677593982457
2005-11-09,0.6565084463712515,0.6745437242892833,0.8304969083244269,0.794824790561973,1.3994193062030018
2005-11-10,0.6559693146120934,0.6658568734604521,0.8350296736609384,0.787372065368404,1.394933123989755
2005-11-11,0.6622868437941395,0.6681796397220974,0.8435124256192422,0.7898901449091066,1.4025479510260408
2005-11-14,0.661446891556579,0.6702353858108321,0.8360227814336223,0.7908474479737561,1.3943031372270411
2005-11-15,0.659235484947835,0.6699652583247755,0.8352590983655898,0.7930854740151226,1.3994074296153274
2005-11-16,0.6614025394771077,0.671497381827753,0.8386566986093864,0.7976957136568159,1.4035690055660155
2005-11-17,0.6586729266087892,0.6726155742613149,0.8428866803631653,0.7991074993880797,1.4029949930106291
2005-11-18,0.6582152905798089,0.663265709784387,0.8331747879745738,0.7898621684278871,1.4061515328566574
2005-11-21,0.6555097277078438,0.6536951924281669,0.8410020852357153,0.7902797585851721,1.413832016250909
2005-11-22,0.6603080586603429,0.6588297994265757,0.8396850366841013,0.7965728864100788,1.42371049667252
2005-11-23,0.6605134594646745,0.6646876113414348,0.8413914421002872,0.7958074230795011,1.4195110890732978
2005-11-24,0.6674295335984116,0.6685107484481008,0.8415887928621143,0.798192712580675,1.4001416390945163
2005-11-25,0.6677100402475213,0.6694780060521767,0.844687017347379,0.8005258778063956,1.399783727810683
2005-11-28,0.67053424507462,0.667520140694081,0.8440973857602186,0.7971977420906718,1.396035613316021
2005-11-29,0.6713855595130608,0.6656095424903494,0.8341849293393359,0.7970487287092123,1.398750372171315
2005-11-30,0.6699149542066217,0.6620625046825509,0.8260991913279846,0.7879567349724729,1.404634057831676
2005-12-01,0.6893448791496439,0.6751066089687074,0.8442222821712908,0.7936419392340086,1.388041656203543
2005-12-02,0.6867534533830164,0.6774982032052967,0.8417090113047989,0.797729300786919,1.3817250569055564
2005-12-05,0.6882453497671082,0.6786696548721181,0.8410435421728442,0.7965136323865966,1.3827942774026254
2005-12-06,0.6873255546928624,0.6762180335474871,0.8438091769305657,0.7932774110196882,1.386171097292154
2005-12-07,0.6872152099144678,0.6821028585578447,0.8545868096135181,0.7955675780427963,1.3877238519897055
2005-12-08,0.6930096575403131,0.6861011995765433,0.8681838531931654,0.803980902187993,1.372752874818409
2005-12-09,0.6944613430433337,0.6878314495178852,0.8670606061246259,0.8030911578065103,1.371273115809363
2005-12-12,0.6981574836380812,0.6899072400438334,0.8787024965047646,0.8076238666264646,1.3521538226795402
2005-12-13,0.6983505718989839,0.6897220640516518,0.8802232299573681,0.8101414689826237,1.3639446044110106
2005-12-14,0.6960060622414637,0.6940436704190364,0.8825290949034416,0.8072034331937525,1.368426599939258
2005-12-15,0.6966459648685335,0.7011320617603114,0.8822669266893566,0.8020814690558078,1.3752977896685248
2005-12-16,0.6977923013268664,0.7019958234219822,0.8825651752174096,0.8042595729248744,1.3711599117669246
2005-12-19,0.6973235717885863,0.7026203099949416,0.8847308139407905,0.8065998074387408,1.370818895319451
2005-12-20,0.7015421024806483,0.7036081085201157,0.8823099606670789,0.8109904217543696,1.366247510793666
2005-12-21,0.7075460486195442,0.7039421561159713,0.8756628725854949,0.8105607326207765,1.3600101995785012
2005-12-22,0.7084787987460374,0.7052481570053069,0.8766604010638033,0.8109105517649072,1.3603696119566344
2005-12-23,0.7101381969823035,0.7076153376482344,0.8809305549768129,0.8128492857101959,1.360481715674713
2005-12-28,0.7121166066106972,0.7108395219001938,0.882462465901256,0.8118064863388742,1.357858094722573
2005-12-29,0.7119039712686788,0.7100890260083214,0.8826136860849529,0.8096363616670542,1.3581123081217517
2005-12-30,0.7126657479258595,0.7106757810376912,0.8869087195142213,0.8105313521868042,1.3575097367254938
2006-01-03,0.7123847104972539,0.7103926087817592,0.8860003131798843,0.809596319249197,1.3550611221463509
2006-01-04,0.7092312427481031,0.7082338074823519,0.8788663503841033,0.8050810710423628,1.3388625421355886
2006-01-05,0.7091446632503017,0.7077210860210615,0.8758525120242887,0.8026169005778494,1.3398829034212154
2006-01-06,0.7088486951888064,0.7092071526373865,0.8670497231003593,0.7966079608904204,1.3390334098254761
2006-01-09,0.7067799674360462,0.7044486402232312,0.8639903385065099,0.7952912267945202,1.3233716850201962
2006-01-10,0.705204418417809,0.7039782459709143,0.862637030343314,0.7937714280152383,1.32148734418381
2006-01-11,0.7084848664774809,0.7042376909935553,0.8633307351515818,0.7931685992211257,1.3175075945628667
2006-01-12,0.7072626217050981,0.703764803654505,0.8623011379388911,0.7919083973853124,1.3153072072674974
2006-01-13,0.706182165488284,0.7036231409167619,0.8610405212553597,0.7901380135465871,1.3138243406067955
2006-01-16,0.7063143465266009,0.7055687210801436,0.861771436173237,0.791431391612972,1.313837714208615
2006-01-17,0.7007671359368379,0.7088182518351718,0.8626967906647542,0.7911402376167755,1.3250249413712152
2006-01-18,0.7021394033319579,0.7089462961048026,0.8643822381126725,0.7930150438437359,1.3066916223923943
2006-01-19,0.7013232873562402,0.716770441253926,0.8631391052780406,0.789820218416538,1.2990833544800395
2006-01-20,0.7008898921150392,0.7190538368856666,0.8608625417815995,0.7904065638900621,1.2984876332407331
2006-01-23,0.7067391849337015,0.7166366781265868,0.8609787630369256,0.7921102055865725,1.306340831698441
2006-01-24,0.706380357810875,0.7161332161747107,0.8606637187386772,0.7914653467167585,1.3013775985090492
2006-01-25,0.6974142267876231,0.7243914911162529,0.8563401089806072,0.7822985092328717,1.3035645613164806
2006-01-27,0.694202677122005,0.724318676611727,0.8502584972401043,0.7772200715208861,1.2898090658895234
2006-01-30,0.6967274382142744,0.7205234859411823,0.8469247592046013,0.7748557859113527,1.2874615032655847
2006-01-31,0.6943594810262678,0.7147077471350628,0.8464983208701539,0.7732611694139235,1.282382798364796
2006-02-01,0.6893043924917781,0.7219198792764012,0.8520645347250922,0.774414870517353,1.2486376227196743
2006-02-02,0.694190762823413,0.7159299535655373,0.8562421688375029,0.774372927070656,1.2435855878339073
2006-02-03,0.6940011891103106,0.7138511981612623,0.8519591871458182,0.7733282539966826,1.2543725892013113
2006-02-06,0.690654254482875,0.7258886927596454,0.8531353922088001,0.7774635619030429,1.2704828101150871
2006-02-07,0.6896335842347139,0.7254931266742429,0.8537524869858911,0.7771422990609212,1.2695933097149588
2006-02-08,0.6932597594155956,0.7121650223598672,0.8475933321245193,0.7771491264063058,1.2648441415349425
2006-02-09,0.6870172429772676,0.7062679331601563,0.849519542127317,0.7769914787639922,1.2654921732542106
2006-02-10,0.6856475961952754,0.7046268592270067,0.8484231398893926,0.7776291336421174,1.262113262003514
2006-02-13,0.6816281033044711,0.7035587431676975,0.8363884451793719,0.766446073943924,1.2568115951718601
2006-02-14,0.6881972679533463,0.7141921613843836,0.8296356734347211,0.771061475185594,1.231825882032255
2006-02-15,0.6842481537058894,0.7115358890504908,0.8373626591122694,0.772756889445215,1.2330858422919984
2006-02-16,0.6862167946131269,0.711209747689721,0.8410133492298765,0.7731166846938575,1.245772325891566
2006-02-17,0.6868792048262199,0.7099735222382932,0.8428819017192178,0.7737383955085381,1.2492731145368277
2006-02-20,0.7091638955492761,0.7092665122845931,0.8375681818052301,0.7721799624478853,1.237595280843298
2006-02-21,0.7076461468161668,0.7040676581817851,0.8375307245555281,0.7772178553950793,1.2617314144927818
2006-02-22,0.704777032155314,0.7002422323508121,0.8204296714687858,0.7738978027596334,1.2394921472157394
2006-02-23,0.7016332606085799,0.6893538133993933,0.8149647385412275,0.7700965182383832,1.2516401474472512
2006-02-24,0.6915197925609732,0.6832532358286266,0.8150224710886262,0.7636958465750178,1.2633589070226483
2006-02-27,0.693499137197301,0.7022246051400746,0.8176857360456624,0.7686776183377548,1.2679664882174844
2006-02-28,0.6951270932273211,0.6990869189325933,0.8174426749261473,0.7702481905219132,1.2712442580182362
2006-03-01,0.7168164735409077,0.7129775354898313,0.8267990317355982,0.7753216011699722,1.3021766763131026
2006-03-02,0.7215048687790108,0.7166108750122994,0.8176737485437823,0.7774423930997866,1.2824002299539736
2006-03-03,0.7201885726439747,0.7169297131527113,0.8151546825269425,0.776322804743967,1.2799569520971317
2006-03-06,0.7183114547515917,0.7205385731184525,0.817332530180838,0.7791920424971684,1.2785395942588718
2006-03-07,0.7195538147471542,0.720425207978216,0.8193735158511333,0.7772772748160502,1.2837064319597364
2006-03-08,0.7176633111303491,0.719568074006641,0.8167500465624737,0.7763594609612471,1.2858332617647508
2006-03-09,0.7115346584233149,0.7220231255627557,0.8216140294108716,0.7747312945808217,1.2943245833752048
2006-03-10,0.7086818767984835,0.7209345288803286,0.8201616038356713,0.7730389291959396,1.2914416536572857
2006-03-13,0.7095155920457739,0.715415564992214,0.8140609413417306,0.7776723977284337,1.2918610029048616
2006-03-14,0.7075501203873067,0.7181895540333443,0.8113587545253138,0.7814962573165135,1.2952355757160177
2006-03-15,0.705432247366596,0.7135347545760625,0.8098250630559026,0.7800133070340345,1.2952586239047357
2006-03-16,0.7096807784616128,0.7059857844385765,0.8093960660059305,0.7760176096795655,1.2925180271124583
2006-03-17,0.7132351636701939,0.7093769060754137,0.8147792624734181,0.781519911747828,1.2968612278561982
2006-03-20,0.7129818218260432,0.7048129785502849,0.8175696333744733,0.7856767805501454,1.2969127338283526
2006-03-21,0.7153763043900758,0.7081181214415203,0.8160370665590133,0.7851832137559616,1.3012541257242345
2006-03-22,0.7003725096158058,0.7059470009241079,0.8080596534401606,0.7798826606160234,1.2779206846644329
2006-03-23,0.6995934812817275,0.7097475781485365,0.80653510716749,0.7834708225135142,1.2757434756618042
2006-03-24,0.6930825367459689,0.7075148564864645,0.8070686167783411,0.7778655884523128,1.2837207266674016
2006-03-27,0.6934639624807735,0.7088259038399163,0.7999448866581741,0.7676194363718213,1.3085395128913768
2006-03-28,0.694484753676119,0.710167321763654,0.802394574382967,0.7696071401048911,1.304335334640939
2006-03-29,0.6957102102352618,0.708345220839915,0.8059100575804111,0.7690362431285828,1.30531303904315
2006-03-30,0.6972623448696126,0.707804921207839,0.8070999811876151,0.772049752254002,1.29999275151428
2006-03-31,0.695408983905475,0.7073458214692875,0.8063290916330347,0.7715100840495926,1.298051792768182
2006-04-03,0.6858320943848967,0.696285815102011,0.8099899271255805,0.774878236244821,1.2916118973385975
2006-04-04,0.6869986056116699,0.6983904491412264,0.8083003353298529,0.7795727984154134,1.2829014326972898
2006-04-05,0.6881932528032878,0.7013972525817216,0.8119384675644751,0.7864383969272366,1.3015672612717815
2006-04-06,0.6924395060795927,0.7000957336148511,0.8015639950549275,0.781522215799835,1.3030019576117253
2006-04-07,0.6914337368915,0.6981310950048883,0.7995380868093388,0.7793999143802703,1.3049703764473333
2006-04-10,0.6902938627017859,0.699271357955372,0.8007839832012684,0.7810052850377178,1.3013926856139286
2006-04-11,0.6864416708293152,0.6959108441080135,0.803032443903093,0.7807737387889516,1.2867099869702359
2006-04-12,0.6994861409785446,0.7125477764080241,0.8000950930317077,0.7767854729233158,1.27788649321888
2006-04-13,0.7104088915017782,0.7081803709947233,0.7907742325547554,0.7820426512256975,1.3011866273379311
2006-04-18,0.7282083310644925,0.7077174905954312,0.7875603715573591,0.7877405619018337,1.2796713140542062
2006-04-19,0.7274655448332815,0.7108082488979931,0.7864174468879741,0.7867688455672965,1.2819083748192803
2006-04-20,0.7293610158779911,0.7126893127530811,0.7879711265233739,0.7873274767753866,1.2784263148120338
2006-04-21,0.7247850486462788,0.7150952004724083,0.7831254915456018,0.785020084730632,1.269036676877836
2006-04-24,0.7240242588215217,0.7112747943036459,0.7832376256994984,0.7863439881935635,1.270818297304348
2006-04-26,0.7275025536370529,0.7224550922055073,0.7936131070671365,0.7947913127707062,1.2628382845197317
2006-04-27,0.7291702190509428,0.7231100446909567,0.7949457111250448,0.7966052618902576,1.25531126098414
2006-04-28,0.7156792247024528,0.7189422938545393,0.7940889252215694,0.7926119574519969,1.2602966232742816
2006-05-01,0.7145535547713119,0.713042526839078,0.7961894272332264,0.7910328253045296,1.2417906714972937
2006-05-02,0.7231237537245775,0.7213273888128293,0.799825871101051,0.7926819824265506,1.2481094617912154
2006-05-03,0.7243637865326016,0.7204189225725538,0.7847950508557909,0.788771381049,1.2519668518965554
2006-05-04,0.7320011133685601,0.7308122751799029,0.8067452722452196,0.7992775749525579,1.2329004516626692
2006-05-05,0.726328899653797,0.7224099964890999,0.7935303697053434,0.7948926226343926,1.222859349191957
2006-05-08,0.723043502512412,0.7348559303469778,0.7934891080306329,0.7962308467492354,1.2110376787954782
2006-05-09,0.7243707294296787,0.7400326159697772,0.7935726218707678,0.7951626416864175,1.2084386439655581
2006-05-10,0.72518366280143,0.7326457779574982,0.7910578689114687,0.7954159596269,1.2095032721391887
2006-05-11,0.7231985148330212,0.7290748620545735,0.7850600963059203,0.7910442895726336,1.2046338127442366
2006-05-12,0.7230846952838799,0.7336934454224138,0.789297641201019,0.7882343526510293,1.2114199263784815
2006-05-15,0.710008464857481,0.7204902658701212,0.7856389302007345,0.7679422356276022,1.2112461759820448
2006-05-16,0.7052844332819813,0.7219141710509756,0.7809542797495492,0.764927225704168,1.2243476621041505
2006-05-17,0.7069523774286515,0.7222842210770279,0.7804493760795429,0.7614428647638932,1.2167908884795788
2006-05-18,0.6981041571800063,0.7329806464889692,0.7779728844682562,0.7838246102055919,1.2271634046968956
2006-05-19,0.7011275247014275,0.7336492631107677,0.7787830817563143,0.7852053495145289,1.2271958326290417
2006-05-22,0.6793086849596602,0.7238416340569865,0.7728029438112909,0.782545378635367,1.2543615400420831
2006-05-23,0.6904913427421467,0.7235358042177874,0.7724519434867713,0.779474801589957,1.256210831725512
2006-05-24,0.6867003336628663,0.7194358600093301,0.7695947973251531,0.7822658766287646,1.2603524235741714
2006-05-25,0.6836724469331091,0.7216479509368535,0.773939699974717,0.7812265397359247,1.245388424741316
2006-05-26,0.6845424040600971,0.7286731009758559,0.7880646557184718,0.7840756997325947,1.2535625951947174
2006-05-29,0.6799555430557735,0.7325687543231524,0.7839927051782485,0.7822209609413644,1.241938503002375
2006-05-30,0.6754351615654466,0.7269501347564818,0.7767995259180516,0.7713563629519702,1.2358517295260947
2006-05-31,0.6844012734052677,0.7529774995257479,0.7792315526939836,0.7625568888181793,1.2375640184227006
2006-06-01,0.6912171583699381,0.7776992900671559,0.7770594500513591,0.7620354893347043,1.2271466300680292
2006-06-02,0.6931379795589039,0.7917864110936484,0.7862046598431133,0.7625692706698083,1.2237303370809987
2006-06-05,0.6890439168377732,0.7902490640301003,0.7605798330506028,0.761215738312257,1.2308895893927734
2006-06-06,0.7036641992966693,0.8305721380847952,0.7534527611969309,0.7683764964121282,1.2284064396117509
2006-06-07,0.7024213729634321,0.8291577047800565,0.7511431388423444,0.7678202089919098,1.2295961743254158
2006-06-08,0.7137445885027284,0.8435084688569277,0.7467723657551145,0.7776829464695804,1.2558257399990198
2006-06-09,0.7262197131451903,0.8585909752950422,0.7584064735878369,0.7919425689309124,1.2601072953172217
2006-06-13,0.7294839127367102,0.8634136212168959,0.760383516324116,0.8014397478951216,1.2958916617547978
2006-06-14,0.7324219689030761,0.8642361046658174,0.7566441500999957,0.7978745266674765,1.3040860701148038
2006-06-15,0.7323778577062622,0.8638350627553298,0.7554372261548319,0.795842605618009,1.304406443009656
2006-06-16,0.7299650298600093,0.8626099878047662,0.7458794291028675,0.7867329990325472,1.3264949790309075
2006-06-19,0.7300150352590019,0.8611318945267611,0.7399412701213844,0.7841522403196771,1.3204050745381752
2006-06-20,0.7356128368001174,0.8696490722549756,0.7368138335266271,0.7787038441544979,1.313978384902023
2006-06-21,0.7458884938870267,0.8772275328118724,0.7358460351275815,0.7758619631453968,1.3179975972603795
2006-06-22,0.764880353204987,0.8857935519032266,0.7455933819014712,0.7967348244379632,1.34014161357013
2006-06-23,0.7561478305035022,0.8832515769095032,0.7402349367757667,0.7991596212960689,1.3397044052683564
2006-06-26,0.7541288731925103,0.8817483077565993,0.7384096898972744,0.7990541520999005,1.3429784412611385
2006-06-27,0.758311580819423,0.8756431562867512,0.7308912870130796,0.7979573613684955,1.3398301757172892
2006-06-28,0.7564523770890429,0.8681972929169998,0.7253023709433428,0.7989291202171586,1.3452747911929526
2006-06-29,0.7588891035461087,0.870222799434999,0.7298505440091319,0.8006329549753078,1.3547700140884256
2006-06-30,0.7582617532330822,0.8666570165485219,0.7369545039918861,0.8032550152609136,1.3252765850450048
2006-07-03,0.7589896575047562,0.8679954593960568,0.7372683147715877,0.8038245306105813,1.3264233156666962
2006-07-04,0.7596262653701693,0.8679646511312561,0.7387111974109797,0.8044891555719743,1.323567336897426
2006-07-05,0.7592265177616668,0.8649352083521229,0.7379851828736816,0.8029374182128608,1.3293547007175013
2006-07-06,0.7612166757856963,0.8673307890789632,0.7340327518130021,0.7981659465432686,1.3200413085238207
2006-07-07,0.7604374784407888,0.8678102611130465,0.732879251230569,0.7979618966935985,1.3201610845602085
2006-07-10,0.7593650838493889,0.8691065619645172,0.7354063432969002,0.8045683353664435,1.325300906644996
2006-07-11,0.7607723555861196,0.8737041067172303,0.7415898649745303,0.8044636124455998,1.3244881641710449
2006-07-12,0.7574300002317761,0.8732030818733935,0.7372865019801433,0.8013482467961353,1.3245954244489329
2006-07-13,0.756754623893051,0.8759658108782119,0.7420261575154319,0.8046961972034655,1.3210025176574929
2006-07-14,0.7643154715282187,0.8851797055222199,0.7249717453442595,0.8224654110214298,1.3265949741096659
2006-07-17,0.7646223616174183,0.8853465601735515,0.7258141310798764,0.8245542571430751,1.328678396107341
2006-07-18,0.7654731001018092,0.8874413679366939,0.7290067402881317,0.8262357832761327,1.322810490791991
2006-07-19,0.7686567681942843,0.8878838554487005,0.726923522935185,0.8289119483280976,1.3284501393145036
2006-07-20,0.7811003114816306,0.8970316612803186,0.7547540883590761,0.840384776692917,1.3069884035560109
2006-07-21,0.7796720658095799,0.8944581178010471,0.7467251411829029,0.836918164804102,1.314493230665331
2006-07-24,0.777288415144027,0.8938039100796686,0.7465005846886691,0.8361283469918297,1.3061049122229593
2006-07-25,0.7772698854938643,0.899708084623454,0.7492196523793767,0.8364822939556192,1.3029433949645066
2006-07-26,0.7768949171108669,0.8979065523387136,0.7527645507787076,0.8385972217146446,1.3158769989736165
2006-07-27,0.7828034272061752,0.902698933365931,0.7534540200444725,0.8335190122905891,1.3283318878599633
2006-07-28,0.7849919708336279,0.9008379704009277,0.761049733379054,0.8378704820186618,1.339231419789124
2006-07-31,0.7842826065993712,0.9006240696771881,0.7599962498316296,0.8372770911659605,1.3411899717070623
2006-08-01,0.7839298858549576,0.9007113711477784,0.7597574411810049,0.8363922992255157,1.340313196638951
2006-08-02,0.7776705019156125,0.8977208604012578,0.7568716723562195,0.8329580053770047,1.3372155589740042
2006-08-03,0.7823362371196267,0.8967790540076875,0.7591451280616391,0.8298629886584135,1.3227043785870212
2006-08-04,0.7796203076045172,0.8966421901498851,0.755109689221676,0.8282882012300412,1.323972802925903
2006-08-07,0.7754608706188105,0.8959014464943653,0.7551347748630794,0.8274910231988791,1.3239629821269472
2006-08-08,0.7781884126092705,0.898604645734556,0.7598208370956571,0.8327122248843005,1.3238721420151807
2006-08-09,0.7815748457996247,0.8983048682352147,0.7564639913616121,0.8269731977379764,1.3233852652363385
2006-08-10,0.7871917178268756,0.8962263457592967,0.7545526838721308,0.8244287705454915,1.3236738055609065
2006-08-11,0.7878767654392798,0.8970188742397934,0.7549283902406492,0.8239440026815372,1.3227153635717204
2006-08-14,0.7963086172145174,0.8977682912923528,0.7551462357195848,0.8239803156303396,1.3248782102456613
2006-08-15,0.7918997377649195,0.8957007947537631,0.751156842345685,0.8191995663847357,1.3267865961399603
2006-08-16,0.7950866825169431,0.8989849792546226,0.7548097103311954,0.8231003226526615,1.3257056284918267
2006-08-17,0.7551492335577085,0.8858403291212644,0.7472923375585837,0.8134989510486137,1.3144392313897904
2006-08-18,0.7565913922461522,0.8873725211899238,0.7486297790608353,0.8129689932010459,1.3140223582693125
2006-08-21,0.7579609593217419,0.8924580860678999,0.7494342438114404,0.8182892781812604,1.317807418681298
2006-08-22,0.7572613481261046,0.8907551897238103,0.7470454820238491,0.8158111445808809,1.3178452822994284
2006-08-23,0.7547984633112848,0.893596614690508,0.7492933134650048,0.8160913467426671,1.3173991460222678
2006-08-24,0.7674012775794586,0.9001832832145615,0.7494890698465393,0.8219722666391249,1.2880476070340765
2006-08-25,0.7637765296316354,0.8985493201509314,0.7550995605678529,0.8243332782395218,1.287959228968137
2006-08-28,0.762411928410353,0.8925870472596118,0.7537552771305065,0.8227506149543852,1.284377593754364
2006-08-29,0.7661806020190992,0.8951239579048295,0.7551143414866388,0.8243347699731407,1.2803917055797414
2006-08-30,0.7654824540307797,0.8946424675874634,0.7543105898998561,0.8239745923934167,1.279680717681629
2006-08-31,0.7658179439342834,0.9020355736592369,0.7512565006622165,0.8286034876958244,1.262210760041882
2006-09-01,0.7633979674878552,0.9031152011438693,0.7524189253279423,0.8257572853914479,1.2639462150320673
2006-09-04,0.7649068492962406,0.9039987260429402,0.7527863052811373,0.8267265581306412,1.259523086122139
2006-09-05,0.7639860028780999,0.9048605660087885,0.7527472160484389,0.8267054430653143,1.2592300832748233
2006-09-06,0.7654840753858274,0.9064492341137435,0.7520042023010802,0.8256995342822119,1.2632723332330473
2006-09-07,0.7655837311136671,0.9080329048187072,0.7527257602169817,0.8272794906021723,1.2647191622250784
2006-09-08,0.764827403144484,0.9076535526459371,0.7520358045554398,0.8261270722750036,1.2619196808311772
2006-09-11,0.7675330006500484,0.9039853351071366,0.7472899925970886,0.8231122574789845,1.2582462781801473
2006-09-12,0.7580336513051856,0.8938804292801028,0.7431478243696271,0.8186633814424333,1.252053900631169
2006-09-13,0.7553403365571473,0.8929225444776169,0.7386249610656185,0.8135817027509692,1.2527814230916863
2006-09-14,0.7537014734559769,0.8914979656393971,0.7377081155242149,0.8110326277390002,1.2477362520124942
2006-09-15,0.7542696594423268,0.8931455508200359,0.7455787890024377,0.8123641756275922,1.2451454769914516
2006-09-18,0.7608921211160656,0.9015076057185318,0.7471349779091505,0.81682230941303,1.2417832497978611
2006-09-19,0.7611977576082967,0.8973813899345222,0.7474547705498313,0.8182080977770405,1.2329683520173949
2006-09-20,0.7700500608514369,0.8994496707744997,0.7492745848402061,0.8243086728646875,1.2176767418089478
2006-09-21,0.7708030609801941,0.9003430335188031,0.7501510194005615,0.8252751489214009,1.2151165536530841
2006-09-22,0.771438074919532,0.9009314861723395,0.7511562890270388,0.8267125428145315,1.2137321787803805
2006-09-25,0.7732658239734882,0.8983526695210993,0.749983740691199,0.8187780417124529,1.182949890533704
2006-09-26,0.7730854118570517,0.8977016588723283,0.7494734787501001,0.8183846600599247,1.1823952852884654
2006-09-27,0.7659078643372889,0.8864231619591806,0.7535708218832717,0.8285345533210909,1.175645417231767
2006-09-28,0.7661261836566484,0.8883296300480917,0.7534885582232,0.8282336340575348,1.1735076356498544
2006-09-29,0.7673518076629466,0.8853681610721087,0.7523651566711329,0.8242495638789858,1.1678332309978323
2006-10-02,0.7671153524861187,0.8850311792526636,0.7526626356424977,0.8241951377350689,1.1676171868594458
2006-10-03,0.7673514212278848,0.8851414928951888,0.752754778623227,0.8242851851962969,1.1676580009980526
2006-10-04,0.7738913561617119,0.8872934108720746,0.74565801584553,0.8115879332764462,1.1482133336770768
2006-10-05,0.7895520200578463,0.8951328853737829,0.7596686197346816,0.8257057993037682,1.1197464576473561
2006-10-06,0.7887658308494063,0.8951956761884957,0.7579554244995577,0.8247420611559527,1.1199066406616762
2006-10-09,0.7886933793261726,0.8987989506582962,0.759417961624867,0.8239666941512683,1.1168329787980162
2006-10-10,0.7843448778166283,0.8966023941365675,0.7577832954101669,0.8173531454910979,1.1151910028729066
2006-10-11,0.7838547359170365,0.8960951055649868,0.7552669211486909,0.8151175639366521,1.118618782861585
2006-10-12,0.7864655175527997,0.8963284563704615,0.7566869839484235,0.8132148642572175,1.110242382997724
2006-10-13,0.7871775727715676,0.8986127698946308,0.7554567262697117,0.8112378208065609,1.103385800212565
2006-10-16,0.7862517296680279,0.8960882245387888,0.7506398629573792,0.8071551746922243,1.1112178897096268
2006-10-17,0.7890605120565265,0.8989415509378458,0.7576442035261636,0.8095931241899089,1.0900104966679138
2006-10-18,0.7863017779216881,0.9014880190033152,0.7627262315485523,0.8138773370727644,1.0722835587236679
2006-10-19,0.7881425190113378,0.9016253301293169,0.7570630985576801,0.8111185143299157,1.0701588051478843
2006-10-20,0.7911978997329286,0.8998635809066624,0.7593441207869555,0.8090715476187735,1.0737080130024674
2006-10-23,0.7909029622806566,0.9001652438601695,0.7586833971804393,0.8103713941959767,1.0759357759233488
2006-10-24,0.7904083266147515,0.898740197141688,0.7645634289537554,0.819718982298147,1.0696553153063235
2006-10-25,0.7922048145646291,0.8964675946442053,0.7613300036481566,0.8202409876409739,1.0718632376615604
2006-10-26,0.7963054175781574,0.9010334368869014,0.7640939083440165,0.821856634464935,1.0694644534460478
2006-10-27,0.8018462572169598,0.8982086232246559,0.7685057399820407,0.8195274526325483,1.0572871425716763
2006-10-30,0.8003907573433597,0.9005120902528336,0.7625737988015042,0.814634957041717,1.0571999533963483
2006-10-31,0.7978580932448195,0.9002417466950938,0.7639229118734804,0.811892873699394,1.053616384114884
2006-11-01,0.7978358814552505,0.9002481894897179,0.763184171190836,0.8131663506469287,1.0497035724857946
2006-11-02,0.7959332477640381,0.9008278185911989,0.7492039037733077,0.8209444015090878,1.0540959474091496
2006-11-03,0.7970501026419516,0.9070810503729231,0.7495538338998258,0.8209339034348535,1.0528897144061442
2006-11-06,0.796739946605025,0.9079391040102139,0.7513699777045176,0.8204153401300596,1.054813895034961
2006-11-07,0.7915288186909516,0.9135502584055244,0.7487631077026865,0.8216706662641571,1.0574877323726048
2006-11-08,0.7957393111679912,0.9079006725500084,0.7476445607373798,0.8254400302919509,1.0557134925474996
2006-11-09,0.7990119802841538,0.9139888725804514,0.7426945013591777,0.827650032667323,1.0574028529083974
2006-11-10,0.7947655947123398,0.9122806108461373,0.7389457636726773,0.8247941324046152,1.0520236200541386
2006-11-13,0.7915293342400357,0.9004015906883036,0.740671334345565,0.8300866673980918,1.0517505411330366
2006-11-14,0.7932173442833874,0.8968493635075612,0.7422687582648053,0.8313551780435003,1.0506501498767615
2006-11-15,0.7922298696057146,0.895848386916492,0.7414257539961594,0.8290727387574223,1.0465995107422528
2006-11-16,0.7921481569160965,0.8982066373756166,0.7268407522421471,0.8295633047058579,1.0440704303702184
2006-11-17,0.790426889684839,0.9062855860013925,0.7312195227646782,0.8308539707196834,1.0386876002445706
2006-11-20,0.7980227282209458,0.9235511225069657,0.7613625675542649,0.8382001615753456,1.0399214586631713
2006-11-21,0.7965575292185009,0.9204701723130644,0.7618867178590045,0.8331470605068448,1.0294638693330675
2006-11-22,0.7936378747753533,0.9127918863520827,0.7580311781992112,0.8287369908092319,1.0278154075374015
2006-11-23,0.7935573365333727,0.9135291399790082,0.7591172991360615,0.8289985355450256,1.0329419795988948
2006-11-24,0.7945971999254093,0.9145544268334239,0.7590859327621169,0.8288017752555491,1.033585248249146
2006-11-27,0.7951433547764186,0.9151082695705863,0.7591439830814912,0.8297374232798272,1.035208648189226
2006-11-28,0.7986151451513068,0.914137714688979,0.7686748337633101,0.831199521985289,1.038155324995719
2006-11-29,0.7981010530973215,0.9238228462976636,0.7744851969994555,0.8409860985936886,1.0440200034387923
2006-11-30,0.792183657822374,0.9174307924469977,0.7670114730336051,0.8362867580363591,1.0452931865694217
2006-12-01,0.793839052938245,0.9217189274201281,0.7756758677337404,0.8361714925631254,1.0500895890526776
2006-12-04,0.7940096050761077,0.9220448699950021,0.7760618320919521,0.8368587420414288,1.0505392611022508
2006-12-05,0.795230567193274,0.9227804022126674,0.7752248267589344,0.8369373236721588,1.0498689594553425
2006-12-06,0.7928797499784134,0.9248224712178662,0.7755581942099483,0.8400321181398833,1.0501255599824497
2006-12-07,0.7901465819558807,0.9233796429373883,0.7679398606111139,0.8341740047007318,1.0549625020795967
2006-12-08,0.789484410453873,0.9259885800620007,0.7692418009336233,0.8348232415015767,1.0557223326278529
2006-12-11,0.7908581663679491,0.9240499046669431,0.7645536562813586,0.8341154208328319,1.0685532797523554
2006-12-12,0.7920382332717884,0.9208318245360149,0.7638296070386124,0.8332897522787124,1.0656959715003376
2006-12-13,0.7918412079232992,0.9185361246762155,0.7611314354466786,0.834323260548666,1.0616596133913843
2006-12-14,0.7935324570155816,0.9200606260360394,0.7569391699275546,0.8332140972911667,1.062425761070207
2006-12-15,0.7932738392022626,0.9203435345785244,0.7567903163963821,0.8325326694342671,1.0642200529473158
2006-12-18,0.793645719836452,0.9210812852277048,0.7558467702075194,0.8313817444512244,1.063870479864159
2006-12-19,0.7943051469449499,0.9208362612642822,0.7551463814692093,0.8301351090485326,1.0655592536990293
2006-12-20,0.7974714253882019,0.9219002285263138,0.7557103282649387,0.8262832040246968,1.067734847615162
2006-12-21,0.7976974605099568,0.920149494423239,0.7550367887011756,0.8253066826889947,1.0667037806353679
2006-12-22,0.7965654624433393,0.9190379749764364,0.7545428939066794,0.8255481835157925,1.0678065574531885
2006-12-27,0.7973976201669745,0.9152541549515103,0.7522502161145834,0.8245568263037264,1.0731164458496483
2006-12-28,0.79765763229681,0.9152430133658206,0.7518288012092633,0.8246000220643785,1.0734794574510325
2006-12-29,0.7972687328932987,0.9147951971823277,0.7505253936169912,0.8237611654938503,1.0746127683610667
2007-01-02,0.797173957834723,0.9148745191154811,0.7508676416081179,0.8242953618410619,1.075140256080684
2007-01-03,0.8003063353277118,0.9170635321680383,0.7513565332909414,0.8252896203916618,1.0835935701330368
2007-01-04,0.8005769725854635,0.9165255972444329,0.7458260117148531,0.8121903592263804,1.0870307042739418
2007-01-05,0.8020910472930893,0.9163561618388554,0.748260638889169,0.8153366452137173,1.0869236263570345
2007-01-08,0.7966594990357463,0.9158992064647312,0.7519967499433375,0.8216370398009419,1.1029668966073831
2007-01-09,0.801415878188534,0.9172781975501948,0.7615472704091348,0.8171423045451112,1.099151215000836
2007-01-10,0.8023867931726936,0.9228308118744027,0.7608271716378466,0.8123795753622276,1.0923349064376149
2007-01-11,0.7992174398208023,0.9217653642505527,0.7628518176762159,0.814261134777674,1.091790579995428
2007-01-12,0.8017329078109146,0.9225765457765345,0.7617812414531222,0.8113406014600015,1.1023825479331548
2007-01-15,0.8020821153796212,0.9206972722259263,0.760482055061101,0.8105136934915032,1.1019402536938072
2007-01-16,0.8033795376504312,0.9219010710701335,0.7607351115047868,0.810552739173265,1.0983366937990287
2007-01-17,0.806384944173683,0.9257409273597098,0.7580929802798932,0.8118523876589889,1.1068648437926834
2007-01-18,0.8101541339533477,0.9238522410558524,0.7593015894904144,0.8147123794683795,1.1066776666782696
2007-01-19,0.8095966926911821,0.9224433146953777,0.7600548243398592,0.8142127752453855,1.1073005897691763
2007-01-22,0.8062743582181006,0.9229335567120168,0.7629080241845256,0.8150193492543772,1.1056175232651557
2007-01-23,0.8064187167628225,0.9230571239274314,0.7631175724508809,0.8153971003397874,1.107004278024498
2007-01-24,0.8056499670043272,0.9193592896968715,0.7599243957844228,0.8133917457309365,1.1106463144330478
2007-01-25,0.8089182314826011,0.9224066696823647,0.7610702552632834,0.815753962681821,1.1155828925208064
2007-01-29,0.8079639687563723,0.9247350663939256,0.7628711604358723,0.8168508420815143,1.116265957943759
2007-01-30,0.8104273776630119,0.9264855332734449,0.7623381838212944,0.8211942901537894,1.1158568460233942
2007-01-31,0.8127511567808906,0.9193057873119068,0.7555160841808646,0.8195804726885495,1.137514826830655
2007-02-01,0.8109304883923087,0.9247069275024726,0.7558128494671367,0.8229145002900073,1.144926486702157
2007-02-02,0.8109026969684126,0.9257378352209025,0.7570337940410156,0.8221007100752921,1.1397052878600764
2007-02-05,0.8103753707886006,0.9226593440612368,0.7564187372774936,0.8214283462967581,1.1305242542980283
2007-02-06,0.8126075223257538,0.9253988367076169,0.7594904058460927,0.824960775255088,1.1145225550425744
2007-02-07,0.8175487300600933,0.9330759414705324,0.7630239059597296,0.8263432471067989,1.1140042603701712
2007-02-08,0.8223114840656152,0.9376781076198758,0.7616096050892894,0.8274960450916059,1.1117292895674868
2007-02-09,0.8228923912740733,0.9377940630922689,0.7610683712380153,0.8265600872413901,1.1134328132247107
2007-02-12,0.8235969357288465,0.9387467687372043,0.7666529838699203,0.8294650804356973,1.1149613765380968
2007-02-13,0.8214549835624466,0.9333020005295903,0.7694004989857846,0.8273979870335968,1.1276679826922462
2007-02-14,0.8234326459939108,0.9350472044088529,0.7641737709452968,0.8247639523996856,1.122353722780421
2007-02-15,0.8244384943976847,0.9357546815882869,0.7637341253698525,0.8263304904601785,1.1175546212987688
2007-02-16,0.8248308915656906,0.9405223946992678,0.7647981471468017,0.828380129215394,1.1125257059787008
2007-02-19,0.8225133029104812,0.9425191931518694,0.7691854381659398,0.8346491050047424,1.1162856005680208
2007-02-20,0.8241746084097056,0.9469786419926508,0.7690988315523856,0.8328481785013463,1.1003675688386452
2007-02-21,0.8337039045697018,0.9459543755554901,0.7682447791455289,0.8298028996938721,1.1012263906029134
2007-02-22,0.8362803927710889,0.9526769245961915,0.777651442491491,0.8343789466911817,1.0999775727364371
2007-02-23,0.8391546477271532,0.9542309081284341,0.7788771373437473,0.8353103412967358,1.0979863658457905
2007-02-26,0.8384030773280085,0.9499081052278254,0.7776114011194907,0.8373016597383358,1.1031879537739784
2007-02-27,0.8418122154191592,0.9519597672450283,0.7773123253968166,0.8394570566442593,1.1055203837799916
2007-02-28,0.817117520806663,0.9188262059086406,0.77167735661195,0.8243418316258063,1.1386568944453144
2007-03-01,0.8163589281697637,0.9200216988587226,0.7785155095790884,0.8227617904367666,1.1437496922918655
2007-03-02,0.8144693992352577,0.9194740399117132,0.7772236860207269,0.8242869696147777,1.1382022413374493
2007-03-05,0.8083514551908704,0.906941340312489,0.7680332540811967,0.8221394413292984,1.1672804647303308
2007-03-06,0.8075250940551637,0.9072355559259596,0.7759964860104803,0.8286187876329449,1.1661851880323209
2007-03-07,0.8070225991491159,0.9013699121841268,0.7786048345795114,0.8268620716062942,1.1653163447220203
2007-03-08,0.8077579661871185,0.9010338521500943,0.7764001040435967,0.8262787755683858,1.1614976408993225
2007-03-09,0.8073267691691407,0.9008904094595221,0.7761554012516817,0.8261336730147627,1.1641452845268172
2007-03-12,0.8051299508550267,0.9057334607941268,0.777636365701757,0.8196265548968593,1.1663035921144207
2007-03-13,0.8073344563675456,0.9059700607872405,0.781527665164924,0.8202786214175328,1.1657185577132283
2007-03-14,0.7887157216799648,0.8860465621192829,0.7627743485702579,0.8018430857779055,1.1762228444635223
2007-03-15,0.7727189296953688,0.883284487256481,0.7449952824879683,0.7905377022193497,1.1838310319011711
2007-03-16,0.7741018897764087,0.8835631693460481,0.7432151115049198,0.7887901051176116,1.1841088023377442
2007-03-19,0.775233041683253,0.8849633655888971,0.7397595245238324,0.7865908528907799,1.1827821565291625
2007-03-20,0.774905951916683,0.8864999916357871,0.7408301866411618,0.7868656002324499,1.182685290216437
2007-03-21,0.7739712769703945,0.8840912788808434,0.7405871192244194,0.7870106412993256,1.183956984336788
2007-03-22,0.7720820016646212,0.8833734408697732,0.7443949487118531,0.7878921238021422,1.1879109742671967
2007-03-23,0.7718350055880249,0.883555901045487,0.7446816371940824,0.7875990966667723,1.1878378713037407
2007-03-26,0.7719727486596721,0.8835732040561567,0.7488806565356849,0.7917603450596883,1.172848295149576
2007-03-27,0.7720103014194324,0.8855467686957982,0.7502129760347552,0.7903751588824482,1.1729932509451995
2007-03-28,0.7726442652200352,0.8862343279657364,0.7500542916096754,0.7914098628761997,1.171391763996825
2007-03-29,0.7727026973368516,0.8859215809638392,0.75311324174767,0.7931343343957417,1.170352135762861
2007-03-30,0.7730192090684883,0.8865666064062456,0.7519726822264603,0.7907309890462323,1.171734811753855
2007-04-02,0.7805945632205986,0.8929043171246093,0.7538376980170773,0.7896473002134555,1.1802188977282466
2007-04-03,0.7811325662224587,0.893850348423842,0.7507175562314901,0.783854853237715,1.1844996340573433
2007-04-04,0.7792950116937717,0.8916865823815477,0.7450966960160046,0.7779364527203493,1.1810564500165617
2007-04-05,0.7792519215628959,0.8943388033487126,0.7502320656619408,0.7820426922345174,1.1770325583244503
2007-04-10,0.7759642788860042,0.8982250818997477,0.7530362564746236,0.7851082858877946,1.1864116604090416
2007-04-11,0.7764460760130144,0.8973964346587519,0.7529952682337793,0.7848278254662944,1.1884885126471456
2007-04-12,0.7751149311276359,0.9006137575112896,0.7511351535362947,0.7827131452301097,1.1904716373882707
2007-04-13,0.7736218308093538,0.8978359362329289,0.7550129758625084,0.7866472909940416,1.1904830908473605
2007-04-16,0.7731138295099763,0.9019045536130701,0.7561983417856603,0.7895027100969946,1.1922480541792495
2007-04-17,0.7673661375100175,0.902476646005591,0.7556014912509962,0.7898313739442192,1.1994798463746386
2007-04-18,0.7698452522145542,0.9056648320884348,0.759668591602174,0.7907692012005344,1.1983603320164495
2007-04-19,0.7716281416383598,0.9078221225058077,0.7619856574223295,0.7924698307002186,1.1964999083537813
2007-04-20,0.7732351999463873,0.9082062316912395,0.7658955166726972,0.7967269758108532,1.2002419169311134
2007-04-23,0.7739475426757414,0.9094775131435464,0.7667985973315979,0.7966121297047886,1.1990523625768161
2007-04-24,0.7723748582604861,0.9061633155734072,0.7643696834743584,0.7951044319296594,1.200911534377013
2007-04-26,0.7729910042424437,0.9074302488519429,0.7684604386226414,0.7962436301553827,1.2074600298792815
2007-04-27,0.7731386301311465,0.903545725141297,0.7725909908376323,0.799320200568708,1.2206874847669975
2007-04-30,0.775048190735642,0.9062214195907722,0.7729851097655448,0.798850839067543,1.230820522586623
2007-05-01,0.7727822618475865,0.90513500091938,0.7717975342816668,0.800583903203276,1.2285929677199234
2007-05-02,0.7761415426684841,0.9093907434285844,0.772299711352977,0.8013355260849497,1.2290028815807832
2007-05-03,0.7730053593165053,0.9067205305654257,0.7606748872931481,0.7963858951579417,1.2396103013439541
2007-05-04,0.7754047987483074,0.911186463810735,0.763100780118392,0.7932651798676897,1.2407711194058453
2007-05-07,0.7768887047312252,0.9057685338427344,0.7642933583619078,0.7917255980745874,1.2446254497043816
2007-05-08,0.7774527379583288,0.9058799766871974,0.7646322190672934,0.7911018104004626,1.2435746423874015
2007-05-09,0.7781139447005267,0.9064460036184551,0.7637529000177792,0.7905927750479487,1.239595134689126
2007-05-10,0.778192709381579,0.9049930392238205,0.7649246677153547,0.7911120020344881,1.24041308980316
2007-05-11,0.7783379278344719,0.9076209273896657,0.7598882439210038,0.797293442015764,1.2435133602275559
2007-05-14,0.7848747563383267,0.9190540218468659,0.7605211328690533,0.8160005760823428,1.2515452128953357
2007-05-15,0.7871156117610295,0.9235038725113042,0.7641551717350791,0.8179524952708255,1.2473551668193545
2007-05-16,0.7869801143511659,0.9235977423769055,0.763999494618675,0.8166495251722279,1.2464511141222137
2007-05-17,0.7939772127893677,0.9216665018684511,0.7701822693029876,0.8094598045559541,1.2706011090141094
2007-05-18,0.7894557024792366,0.9197078940443271,0.7647321308057142,0.8043805416515375,1.263564900932592
2007-05-21,0.7977543840563208,0.923170064854582,0.7548940202299715,0.8070005123304481,1.2553909704404367
2007-05-22,0.7983074173999087,0.9242082045304904,0.7577957644591515,0.8107063088549323,1.257614924856056
2007-05-23,0.8006012611119501,0.9262159409046744,0.7595907343791212,0.8085283876511171,1.2550373131395103
2007-05-24,0.8031839453250992,0.9261756799892511,0.7562818429968562,0.8131997115754804,1.2623254409285882
2007-05-25,0.8015396010847152,0.9266570879917099,0.7505315623303211,0.8136175079112633,1.263442756916926
2007-05-28,0.8049879156080003,0.9250385213345909,0.7522474997216061,0.814735379989731,1.2706025236838225
2007-05-29,0.806268472318934,0.9270659927909622,0.7538257619689015,0.8127570133062784,1.2724064857665212
2007-05-30,0.8026433325587402,0.9114936415297958,0.7521703968028493,0.8149846301301706,1.2701797906156773
2007-05-31,0.7978380752831711,0.9052179470826766,0.7537254920925275,0.8153970575403354,1.2644887460901304
2007-06-01,0.7960824773442007,0.9006756719120201,0.7476628445448436,0.8153050824115129,1.2651934832425864
2007-06-04,0.7974314219385283,0.8920277140460896,0.7631106941805725,0.8176312176204771,1.2592234694089102
2007-06-05,0.7898415192390419,0.8667344497104463,0.7686457354717923,0.8130177443361144,1.2624983417912576
2007-06-06,0.7902246950459432,0.8682359774017072,0.7694178780867811,0.8111969772807054,1.2601822922790842
2007-06-07,0.7835180524188579,0.8581056661182199,0.7729837462684715,0.8020646587369467,1.2436613747434102
2007-06-08,0.7753796476562458,0.8541630677522666,0.7626270538064974,0.7946123387345896,1.241782787905626
2007-06-12,0.7743305386503563,0.8505180032710323,0.761842293399132,0.7883173971608769,1.2109727752478137
2007-06-13,0.7696747278426576,0.8488948762550516,0.7627139102061515,0.7915696067044646,1.2080971207236804
2007-06-14,0.7675968950032497,0.8409091999509862,0.7584366865207695,0.7912521214314744,1.2173701886148718
2007-06-15,0.774177994540651,0.8445943697269123,0.7628795636931807,0.8015675006883631,1.1970208169546241
2007-06-18,0.7769791900010131,0.8456604134779355,0.767396299850478,0.8046564367375363,1.199443639405841
2007-06-19,0.7720466152355502,0.83862049696276,0.770792813768228,0.810766680847002,1.2055293898989643
2007-06-20,0.7664588690247098,0.8326313386162032,0.7697991866956672,0.8140982821417546,1.2092277245213372
2007-06-21,0.7527409024970946,0.8244010016406847,0.7627230136659111,0.7955470289737665,1.1891375405008409
2007-06-22,0.7577482225283608,0.826877935375395,0.7653597353972608,0.7929904234128518,1.1898778297009744
2007-06-25,0.7569055768726024,0.8241793638810322,0.7687766042784103,0.793279264440808,1.1958471886535282
2007-06-26,0.7553199618920453,0.8265691986931231,0.7693970941878492,0.7929657196011543,1.1987321137114209
2007-06-27,0.7542238434585078,0.8381026811675687,0.7767750722506636,0.7966130007949084,1.2050666276970456
2007-06-28,0.7560599448392288,0.8420486070617698,0.7713574813683957,0.79690785272915,1.193144332835977
2007-06-29,0.7561605198860735,0.8442155737644798,0.7656621274207804,0.7943861641748132,1.2181092275597027
2007-07-02,0.756983447935242,0.8446120311060327,0.7645387938215988,0.7955480535943107,1.2197086707184446
2007-07-03,0.7558332597690652,0.8441811088160105,0.7667523906794299,0.7987952332305739,1.2254396264744136
2007-07-04,0.7569197065269179,0.8445936315165481,0.7671273882312125,0.8000881099679769,1.2240499846640867
2007-07-05,0.7587674218196087,0.8421227213959394,0.7725598961324774,0.8037866704433858,1.2349956362875274
2007-07-06,0.7588076831805338,0.844335578863724,0.7732569316891758,0.8035799867380737,1.2362966760281247
2007-07-09,0.7617494932687975,0.8414174285962924,0.7734672952852046,0.8024265364729758,1.23591213269783
2007-07-10,0.7591133161717797,0.8330799022101126,0.7684542515805918,0.7994099851247506,1.2363756341218366
2007-07-11,0.7625089391890288,0.832632887440821,0.7715548129126252,0.7993415244910635,1.2386678538370908
2007-07-12,0.7583980329433864,0.8238728058679016,0.7623175055715222,0.7929780745042535,1.2423742017734434
2007-07-13,0.750066131907631,0.8132110077389243,0.7791478510650437,0.7744220340458863,1.23558493909005
2007-07-16,0.7490259170764626,0.8124743034545012,0.7770683602828599,0.7722202473537252,1.2288486737477626
2007-07-17,0.7483591266550526,0.8100925368730112,0.7749421926610552,0.770974980783584,1.2338991568074738
2007-07-18,0.7470690037384707,0.8076715626005032,0.7701079665808157,0.7667124196273106,1.2304099815850473
2007-07-19,0.7376519904843127,0.800479896243889,0.7506121666711173,0.7541734619961449,1.2552221796901617
2007-07-20,0.74110191242116,0.8013747528928535,0.7534806052377314,0.7567922734826099,1.240228544404236
2007-07-23,0.7446298184323025,0.8052130019559294,0.7529588226105401,0.7585448152369704,1.2507663679054277
2007-07-24,0.7442449186061463,0.7990889678291946,0.7501722314189739,0.7564455243042146,1.251953702085859
2007-07-25,0.7395487911504546,0.8045857602039258,0.7487647920896121,0.7521181344449607,1.2464465073582345
2007-07-26,0.735817032718623,0.7983601065806064,0.7534384276081729,0.7574282454602208,1.231664874834597
2007-07-27,0.7362004527710438,0.8190768334466397,0.7363050468539208,0.752407768483818,1.2659031616329475
2007-07-30,0.7359296356941419,0.8176106296739075,0.7364878992970011,0.7511592103200099,1.2609263973756373
2007-07-31,0.7335753493660854,0.8180588698244771,0.7403450692577,0.7529438000101435,1.2683971611604172
2007-08-01,0.7637883767887038,0.8305747511967974,0.7438000080600061,0.7624606670489771,1.3905220924747603
2007-08-02,0.764613418456514,0.8398432655186647,0.7450241845454871,0.7684043688001984,1.394424906477001
2007-08-03,0.7674266019418988,0.840005008722055,0.7489103879278405,0.770205336220087,1.3936417692674175
2007-08-06,0.7642300492221002,0.8420685854425102,0.7404972971886606,0.7657611536560217,1.4350794646789444
2007-08-07,0.7588070622214642,0.849559314780474,0.7345082346866048,0.7593027417299142,1.4615870238735404
2007-08-08,0.7607221631073746,0.8498684198905767,0.7364352173408202,0.7671240912415824,1.4911829403284547
2007-08-09,0.7627873144507812,0.8534903011331024,0.7408181654981285,0.7716141136813407,1.4749767386511448
2007-08-10,0.7592774417069825,0.8536688334168122,0.7446167772988511,0.7656794974857288,1.5035593653985266
2007-08-13,0.7599344871098983,0.8620611244227984,0.7464807046803537,0.7672996476441275,1.4868088211899715
2007-08-14,0.7639908543160508,0.8617294442885739,0.7520108547041686,0.7743740493367252,1.4927428684236985
2007-08-15,0.7564278908332064,0.8471251653293623,0.7584416532272571,0.7704164486044219,1.5032065015448641
2007-08-16,0.7883411930472067,0.8560366456279386,0.7670156949941189,0.7809040956612037,1.5290547536237298
2007-08-17,0.7863067933627702,0.8530042106586386,0.7581439313829297,0.7717711760146689,1.5211675693751394
2007-08-20,0.8397700362913253,0.8644736601460943,0.7758779533719903,0.7718842329499647,1.5584690387920777
2007-08-21,0.8445654655777189,0.8651209636510984,0.7773797219247329,0.7739660385707012,1.5592451791335535
2007-08-22,0.842848902531282,0.8640436699839383,0.7763802933371513,0.773606042668602,1.5621792036212203
2007-08-23,0.8240439851158091,0.8498565561302907,0.7724304294025568,0.7726804018454925,1.5821935014424067
2007-08-24,0.8215767328646897,0.8461647502786678,0.7661588954160585,0.7657378576873833,1.5912941518000514
2007-08-27,0.8172317697296395,0.839941537293362,0.7644212128461997,0.7602596145180495,1.587392842560133
2007-08-28,0.8168319353413392,0.839303603565062,0.7637302671425287,0.7581436656975633,1.5919597111695671
2007-08-29,0.8159634371993563,0.8434589128881622,0.7640174968217808,0.7589676348851512,1.6020142505264838
2007-08-30,0.8137962229098369,0.8418263446402197,0.763477523163641,0.753119012909596,1.6029732211283894
2007-08-31,0.8204768939846543,0.8456646966136223,0.7673743173505458,0.7524645374942143,1.6045638774434827
2007-09-03,0.8199403866271712,0.8449495990122909,0.7693836701250427,0.7534641352400138,1.6074982611314805
2007-09-04,0.8209447861434223,0.8448091694287044,0.7696431664814006,0.7525487085800351,1.6045601797570117
2007-09-05,0.8221033792173208,0.8452429774508121,0.773429293756349,0.7517218577402845,1.6026705032802404
2007-09-06,0.8225473484493676,0.8466392509478161,0.7748249373691933,0.7535724545001848,1.6022396489882262
2007-09-07,0.8216409950286747,0.8455436873297937,0.7745970772200902,0.7533316316163358,1.6030763576519005
2007-09-10,0.8181102419347352,0.8534283591207164,0.7755430833669834,0.7524495843473749,1.60959089033366
2007-09-11,0.8300770111717202,0.8631850011888683,0.781817672281583,0.7575015745811892,1.6158700301500966
2007-09-12,0.8314124859451704,0.8640453235915023,0.7827849360487374,0.7591150023528105,1.613754924551302
2007-09-13,0.8326311250361353,0.8644377603696355,0.7831339735525824,0.7601749704013281,1.6188194068094528
2007-09-14,0.8315525608840413,0.8637359073522624,0.7783265770682745,0.7619635798162917,1.6420584839268249
2007-09-17,0.8304981573170366,0.8635068675608818,0.7810252111189796,0.7632361117330774,1.6481665169703148
2007-09-18,0.8280469155520844,0.8746718406449295,0.7794734357192391,0.7690803483308658,1.6514908491066178
2007-09-19,0.8172376770006702,0.8794896280656171,0.7846647088739579,0.7742656685287739,1.6766341118009613
2007-09-20,0.8155745110525312,0.8768511375704432,0.7831379746850561,0.771703287761361,1.6779756580990293
2007-09-21,0.8150881081044896,0.8784255284185343,0.7820975069111508,0.7692875627230787,1.6782541703259155
2007-09-24,0.8138126687104633,0.8831699979737659,0.7784648646806128,0.7688702238448613,1.6716399657848033
2007-09-25,0.8136422815814479,0.8837535012022523,0.777126065957896,0.768224094518362,1.6752148196385677
2007-09-26,0.819392602897137,0.8908996580259734,0.7736657135521071,0.7590564244074124,1.688972109328986
2007-09-27,0.8196667443482287,0.8952339794055345,0.7764076559299938,0.7624993676239015,1.700071821675268
2007-09-28,0.816107590822923,0.8935388450491534,0.7772162460830747,0.7643984789915638,1.7002768380616369
2007-10-01,0.8159294394266116,0.8934639834092658,0.7771860706057393,0.7645719305473465,1.701683469594968
2007-10-02,0.8189760845335097,0.8952184224556304,0.7810061888353084,0.7695132208703961,1.7034084591244087
2007-10-03,0.8197924377086405,0.8988345650799805,0.7828079878122347,0.7701123754431415,1.7050707126939706
2007-10-04,0.8173756979143069,0.8950069168156666,0.7755091022892638,0.7590658111107286,1.7054897717663748
2007-10-05,0.8154004500112422,0.8948322778958285,0.7748191878538372,0.7588675889620358,1.7033718062471748
2007-10-08,0.8181530599487403,0.8929243366080735,0.775061744596964,0.7599909477063168,1.7047736318372475
2007-10-09,0.8201324084120913,0.8947075133102419,0.7788200584317068,0.7630927630361123,1.7064304892121944
2007-10-10,0.8216665329483456,0.8944839121997042,0.7780087781888079,0.7604920190750776,1.7058458988891025
2007-10-11,0.8232028282351185,0.894545594277719,0.7771202834998684,0.7617744798915992,1.7068392660752645
2007-10-12,0.8234741074565955,0.8935516877641408,0.7764497969010792,0.7625312142583197,1.708085066540269
2007-10-15,0.8243671330636809,0.8941542325078278,0.7773693108712283,0.7633833715674054,1.7105184329513439
2007-10-16,0.8225188208609933,0.8949496502370645,0.7813966978645789,0.7657324607909484,1.7150994744522428
2007-10-17,0.8223762790115865,0.8967982713290209,0.7820561195575949,0.7636355301687302,1.7163326092842515
2007-10-18,0.8222729688048875,0.8989094903950118,0.7861977571562988,0.7612642653176802,1.7138573152615986
2007-10-19,0.8252258597915463,0.9003858998417545,0.7874291629482861,0.7600210288846206,1.7133545977647542
2007-10-22,0.8212005817341267,0.8927101123363221,0.7864301531144259,0.7527023711104319,1.7195589333594004
2007-10-23,0.820419862633285,0.8971677888431557,0.7900003854457721,0.7553483351328131,1.7228906330003526
2007-10-24,0.8216773630132203,0.8974905741216078,0.7905362818627797,0.7542929828350763,1.7288520413801196
2007-10-25,0.8177787908059246,0.8939873410731861,0.788880055578811,0.7563285173373305,1.7298124106034307
2007-10-26,0.8180678341961364,0.8968734253857734,0.795859825013229,0.7530242576785637,1.730702486542739
2007-10-29,0.8250212893586486,0.8981550452752499,0.8029983312598429,0.7529312931176839,1.734771980902477
2007-10-30,0.8237714626056065,0.8993315982002625,0.8012142099668202,0.7559040459328472,1.735418153132309
2007-10-31,0.8248205140434356,0.8988430411324989,0.8013349194955975,0.7530983692239366,1.7387832196870467
2007-11-01,0.8223843615817409,0.8982411866460753,0.8036217782208416,0.754499181582164,1.7346670793509489
2007-11-02,0.8152268609699452,0.887574146956519,0.8062065537279637,0.7537924996132533,1.7338638970454578
2007-11-05,0.8186215226189705,0.8864494834097126,0.8040057775614726,0.7495490159199697,1.7481654612050233
2007-11-06,0.8190590569681792,0.8839195837592188,0.8052249446487652,0.7474593488572281,1.7474863764107598
2007-11-07,0.8172777698523631,0.8857744088643177,0.8126948944973668,0.7470232414640364,1.7529763740461861
2007-11-08,0.8109446184195254,0.8815385844631335,0.8278461485091947,0.7346697906581677,1.744500101312576
2007-11-09,0.8101227728849041,0.8848743786754469,0.8239770677628444,0.7312548568834412,1.746671927040944
2007-11-12,0.8075159954494191,0.8883802820649185,0.8314019097209758,0.7332281047011014,1.7284058927065975
2007-11-13,0.8103733212755265,0.893434685273944,0.8326758793326889,0.7416539571204088,1.71172268217465
2007-11-14,0.8122121233604024,0.8981350191357913,0.8326013057111201,0.7425918709694749,1.721786021908759
2007-11-15,0.8153114620612261,0.9005136931723627,0.8443777149577437,0.7467768562653145,1.718833341101649
2007-11-16,0.8167896424240114,0.9036028754108476,0.844700352128137,0.7511233558773858,1.719154078328773
2007-11-19,0.8113641002610426,0.8962318839740555,0.8215070929731331,0.7473498570980812,1.7189684592434704
2007-11-20,0.8177220597741265,0.8968425314664208,0.8217326907251062,0.733533620421698,1.719494622869842
2007-11-21,0.8244322308299956,0.903100764986889,0.8265906893167675,0.7390731645373465,1.731194226282961
2007-11-22,0.8223340619143056,0.9059430992956714,0.8235332176789157,0.7396503177356396,1.7304898246374794
2007-11-23,0.8222411092820211,0.9054213267133229,0.8234870693395262,0.7397657594856334,1.7298374238718603
2007-11-26,0.8225746063627422,0.8947879236831576,0.8210119485911609,0.7365136238539347,1.7117658011958294
2007-11-27,0.8214660438889055,0.8975510644796574,0.8138847984686217,0.735611992138523,1.708473322639426
2007-11-28,0.8200640002422055,0.8909256430764665,0.8076898856866236,0.7252233043581482,1.7130462891472185
2007-11-29,0.8213285843731126,0.8838009228866838,0.803566099041624,0.7235017292830119,1.7220308871988266
2007-11-30,0.8271779984026264,0.867047119986632,0.805733021221904,0.7261009583412449,1.7187986307125718
2007-12-03,0.8270997961223449,0.8664149881145443,0.8055920120463971,0.7259204460257951,1.71868619306738
2007-12-04,0.8270429289813103,0.8659937578794654,0.8054021415995837,0.7256328813765104,1.7194961528548145
2007-12-05,0.8286952673988848,0.864763471334833,0.8035706173610955,0.7236681632217685,1.7192920286798823
2007-12-06,0.8298989311648638,0.8614179029879303,0.7969350512265411,0.7254176254902491,1.716586737175468
2007-12-07,0.8297128708000694,0.8591105867607284,0.8001172999189847,0.7267243631071336,1.7144193220648962
2007-12-10,0.8280215299848825,0.8604073677758413,0.7984152002717365,0.7257893104541777,1.7134701782307455
2007-12-11,0.8273774566799411,0.8588649386760875,0.8023912437588195,0.725557078058212,1.720717710107158
2007-12-12,0.8259765498372174,0.8526716404263144,0.7995175276382612,0.7269102368567543,1.7199997101774946
2007-12-13,0.8247840870562911,0.8504189125691649,0.8032274587968711,0.7271255178584196,1.7239122834584235
2007-12-14,0.8159173300925057,0.8530614514431317,0.8053353808991608,0.7266423372938795,1.7147006823499344
2007-12-17,0.7964042702579056,0.8453634306565699,0.8007696906851159,0.7236864976257845,1.7011339710218867
2007-12-18,0.795131430424904,0.8473802209635574,0.7982074262153406,0.7211401999326109,1.7067817147899038
2007-12-19,0.7948599574445178,0.8472158995707756,0.8036957531276263,0.7242936235208152,1.704444541693738
2007-12-20,0.7964262930248026,0.8481196224453253,0.8068338838312198,0.7235644232188062,1.7059726919235796
2007-12-21,0.7914154563015373,0.8588466415790185,0.8046124033983085,0.7280596868449155,1.713910893323414
2007-12-24,0.788389568225021,0.8568659061634467,0.80799137668631,0.7236539705282141,1.7105782634353122
2007-12-27,0.7887652415610543,0.8573443788781119,0.8077529367194088,0.7246456436122014,1.7082379993017653
2007-12-28,0.788258495191474,0.8577856831349032,0.8076798213943023,0.7243182270686099,1.707525089699485
2007-12-31,0.7882634371593645,0.8579116560574875,0.8076386944179053,0.7243085731372455,1.7077994964967522
2008-01-02,0.7878513869017747,0.8573796873622895,0.8076876872119187,0.7245076448186415,1.708020656029346
2008-01-03,0.791439722966345,0.8599950259421411,0.8148107010347296,0.7329007864616314,1.7141147433494246
2008-01-04,0.7912133796649379,0.8607861991987107,0.8140549793788444,0.732127597492152,1.714614883393239
2008-01-07,0.7921596469295246,0.8687540351296025,0.8119304667350258,0.7357893824317107,1.699298940221
2008-01-08,0.787292052936712,0.8676330519151744,0.8055231344088727,0.7369570467389268,1.7074523712346144
2008-01-09,0.7878451996478163,0.86577371724317,0.8067280305193775,0.7423279509267531,1.7162117688007563
2008-01-10,0.7899418150261618,0.8664489916569819,0.8064179666544387,0.7413357978245686,1.7163939539513016
2008-01-11,0.7920148892270692,0.8589710827797313,0.8128365494647638,0.7440945473606808,1.7082346498797014
2008-01-14,0.7919109556586964,0.8598830553488569,0.814197171294549,0.7443786260470789,1.7091769499623093
2008-01-15,0.7932568441103882,0.8571425684604703,0.8127180182088105,0.7418764539934336,1.7105134158527437
2008-01-16,0.8096695242003331,0.8629467483511084,0.8089225598929148,0.7299782505985744,1.7177875890513372
2008-01-17,0.8111998583537298,0.8607734157528102,0.8074327744504003,0.7277239996485543,1.7171932966384666
2008-01-18,0.800039345852817,0.8513520149840282,0.795991062904682,0.7179309268793828,1.7068850294023827
2008-01-21,0.8217679683032254,0.8557958676095875,0.8003003565393575,0.722277031357824,1.6939092243740181
2008-01-22,0.7834890585138787,0.8650037953902521,0.7865141094577498,0.7601904171939932,1.6828816211910698
2008-01-23,0.7681104310278742,0.8062292735596261,0.7811414158372957,0.7636818596412445,1.6151472478761182
2008-01-24,0.7629447899327548,0.8196896003260866,0.7735475146083367,0.7702388839117797,1.644277151956624
2008-01-25,0.7865919140744103,0.8683877716092708,0.7729690614274783,0.7921710012185487,1.6396978635739727
2008-01-29,0.796822420345205,0.8728511091961713,0.770949596812342,0.802052537546009,1.6501690725496478
2008-01-30,0.8126044080429429,0.888046731620961,0.7774583437836879,0.8034239032518111,1.6369013968269368
2008-01-31,0.8131007101925983,0.8904655202080246,0.7755320408186382,0.8016540063712331,1.6333685315727031
2008-02-01,0.8186917031404971,0.8852715148620862,0.7835912829386843,0.8073141261496181,1.638290598920363
2008-02-04,0.8147430491178032,0.8818674328880495,0.7819979514722694,0.8064161513658896,1.6380022333890387
2008-02-05,0.805423643715907,0.8817595380757639,0.7815421413913234,0.8047397439109448,1.6471630065676186
2008-02-06,0.8056274912846066,0.880778612035491,0.7783621819167315,0.8128312664011358,1.6744833579049834
2008-02-07,0.8052389316808595,0.880612073747424,0.7798562615922604,0.8135883611766506,1.6736130786123395
2008-02-08,0.809469545511861,0.8830685572762922,0.7815741758368405,0.8173554870543723,1.672040011274967
2008-02-11,0.8146549554463149,0.894003590494862,0.786518086384493,0.8237183343602766,1.6738105926572497
2008-02-12,0.8152687532643396,0.8926556469872944,0.7826656663776007,0.8262848293544875,1.6654575596860306
2008-02-13,0.8303502996676388,0.9045118020374047,0.7913850819318413,0.839649957263456,1.672549573550199
2008-02-14,0.8288722124443605,0.9108450030870386,0.801940344171542,0.8429778081213691,1.6673318071484848
2008-02-15,0.8296246173495102,0.9130497245362081,0.8079062298827623,0.8452137596925655,1.6793310802256298
2008-02-18,0.8278358066020839,0.9172830903527205,0.8117379248516382,0.8511571623634939,1.6787765732011861
2008-02-19,0.8326279009263549,0.9227821608516296,0.8165365955887098,0.8506225097901109,1.6799582899966035
2008-02-20,0.8415662533953069,0.9272892071006538,0.8225109249395343,0.8548393567391532,1.6956751561533934
2008-02-21,0.8372465286457315,0.9198476543665615,0.823404536679356,0.8486318035615349,1.6979395557512509
2008-02-22,0.838553757530143,0.9227643088208217,0.8255564415314882,0.8471224654739218,1.6954234526404466
2008-02-25,0.8491854231982153,0.925038745472286,0.8358321169551591,0.8477032471675355,1.6924883850602475
2008-02-26,0.8518534735903462,0.9295762845293143,0.8383088525806054,0.8481482349263598,1.701400329660636
2008-02-27,0.8558508277891996,0.9496174686144158,0.8425096937676972,0.8594980705409067,1.6887845071129355
2008-02-28,0.8698252527488188,0.9592108476469567,0.8474419085771184,0.8672457611279938,1.6969724133035387
2008-02-29,0.8794512351649622,0.9664404191888797,0.8504655130987268,0.8719600357199733,1.709666466877131
2008-03-03,0.8981168130317516,0.9896247438490247,0.8556067949145721,0.8874606539652353,1.7062200650582333
2008-03-04,0.898456217991271,0.9886007686690326,0.8521838919283926,0.8829859957176277,1.7094049174802135
2008-03-05,0.899115083343258,0.9913067212500807,0.8517923381968627,0.8840274059359533,1.710038629147248
2008-03-06,0.9005881163609475,0.992071104852269,0.84645854693851,0.8805736092390455,1.6983391189862864
2008-03-07,0.9019057330334094,1.006616228481386,0.8582322130775208,0.8906006325136121,1.6843979983814397
2008-03-10,0.9033555605587686,1.0060774662376466,0.8562352891444746,0.8919478979460489,1.6734135938230215
2008-03-11,0.8970181592005202,0.999145933916208,0.8470583308116709,0.8824066467078263,1.6661182402697619
2008-03-12,0.9219561970730495,1.018193332712503,0.8750903243388753,0.9093511947515616,1.6847610251392147
2008-03-13,0.9457041943566501,1.0281322940634734,0.8869247568851422,0.9177441844495484,1.70660414371971
2008-03-14,0.9433504133891992,1.0281887067042097,0.8882211566999891,0.916145006558007,1.7074222665290544
2008-03-17,0.9609704817729247,1.0313057951612288,0.8940723434204483,0.9293660210498854,1.718750641049677
2008-03-18,0.9610525931065725,1.0311034995219817,0.8935459001999629,0.9292024223558918,1.718615807066706
2008-03-19,0.982459202056111,1.0580812082518698,0.9190579271097444,0.964225081547579,1.7740165371231182
2008-03-20,0.9770946703025973,1.0531774816678532,0.9002571417923778,0.9397633166797171,1.7634438920401256
2008-03-25,1.0084976753211528,1.0618883699917154,0.8965168902019385,0.9568306898347432,1.800518957508002
2008-03-26,1.0097591121481728,1.0573753816147715,0.8943926441636403,0.9532426909730572,1.791772321087221
2008-03-27,1.01030833421555,1.0565222548086,0.8941869813856808,0.954002082029601,1.7919853269957116
2008-03-28,1.0093797687754338,1.0579517170674282,0.896061847021109,0.9555315595087533,1.7946181465628859
2008-03-31,1.0092420951457295,1.0587421129102301,0.8944360235598683,0.9535252344370784,1.7954291971005447
2008-04-01,1.0097205981980613,1.057776754865828,0.8946658839708573,0.9545580845312475,1.7950380023216792
2008-04-02,1.0226073157353808,1.0689459930607474,0.9139432531825411,0.9681713294331066,1.8216284717645561
2008-04-03,1.025297822061332,1.0785836547633603,0.9197177387841516,0.972987611465328,1.8195396796693315
2008-04-04,1.0255373099611185,1.0781280721611262,0.9216918084544178,0.9737937441958355,1.8193152881986538
2008-04-07,1.025192688860816,1.0775122381065187,0.9207307943701373,0.9719737187987331,1.8200543411921288
2008-04-08,1.029313631518147,1.0739642982524158,0.9232043848292456,0.9722728601227978,1.8150952600883912
2008-04-09,1.032887094625753,1.0782184774239356,0.9245064438722391,0.9762065749340145,1.81629709079626
2008-04-10,1.0336154391939567,1.07429571693543,0.9278236287099212,0.9773339121247638,1.823216888700485
2008-04-11,1.033931691686475,1.0747329668804593,0.9280455584107401,0.9775290737769814,1.8222795105151008
2008-04-14,1.0358232134594074,1.0720826164267365,0.9240105701914305,0.9782784693503517,1.821640652084059
2008-04-15,1.0394536317585377,1.0690707680145892,0.9233496037889174,0.9760932225978308,1.8287728024118073
2008-04-16,1.0382830588513499,1.0653689676273335,0.9183852747682164,0.9768544065952139,1.832644648199267
2008-04-17,1.0386618220628634,1.0625254998766749,0.916469630283207,0.9757264997009454,1.8353342968040562
2008-04-18,1.0388378662794133,1.0633104166639744,0.9142226571876758,0.9797365237427398,1.828414669905728
2008-04-21,1.0511903470139317,1.080444700798784,0.9355505418658274,1.0043486377156194,1.8134948342773385
2008-04-22,1.0503900800493051,1.0796505028622556,0.9318744312886206,1.0058974789521855,1.8128247235358308
2008-04-23,1.047204145772767,1.0816838722828774,0.9342646966597139,1.0147287845695714,1.807418664823144
2008-04-24,1.0495057812245556,1.0856905452787822,0.9327439107774661,1.0165187147722996,1.806221317607956
2008-04-28,1.0511585360374884,1.0875337294425185,0.9333025977289352,1.0179742695781666,1.809575307152204
2008-04-29,1.051388481667857,1.0877487088411464,0.9340003728376218,1.0177373319296281,1.8099870013237345
2008-04-30,1.0509689301897274,1.0864642013207604,0.9358305661850599,1.0183304331991645,1.811363289596188
2008-05-01,1.0513478339159612,1.086382839756499,0.9361055892194347,1.0186168425302338,1.8119202809959916
2008-05-02,1.0513311917085884,1.0973278201727117,0.9497497712845941,1.0332543351461863,1.822957868283598
2008-05-05,1.0496629525464811,1.0965808378821547,0.9500395105249375,1.0353094854328995,1.8232441286857972
2008-05-06,1.0510426114385876,1.0966165564696486,0.950941896029558,1.0364872700965004,1.8253417314156641
2008-05-07,1.0537438029752912,1.1000663402537172,0.9545194761860503,1.0386068984790058,1.8302752113280203
2008-05-08,1.0602720908602532,1.1015570833414818,0.9595476297730824,1.0408548366947967,1.8262708692628968
2008-05-09,1.0600628307920312,1.1056944832159177,0.9615109133930633,1.0450793536009513,1.8266557123439857
2008-05-12,1.0658046799613665,1.1149268375620516,0.9582939194774591,1.0462822782328332,1.8277243280202822
2008-05-13,1.0663091099819388,1.1134800968069845,0.959515270743218,1.0475227812008978,1.8287200918872089
2008-05-14,1.0626657998131552,1.1076946385081856,0.9564394862814215,1.042552962737504,1.82804883383679
2008-05-15,1.0624728055705095,1.1074711834817543,0.9538251004476276,1.0420687910995767,1.8220486015466593
2008-05-16,1.063682200807708,1.1088647645818857,0.9558201919479737,1.0465073855211862,1.8264862099047297
2008-05-19,1.0615499382924634,1.1099629063781062,0.9609499996352019,1.0465031989429723,1.8249857020947424
2008-05-20,1.0620776213185656,1.1100611509008107,0.960056194603085,1.0483160678934251,1.8312930687344522
2008-05-21,1.0650049744152876,1.1079671705104115,0.9636032731891532,1.0501400053209435,1.8367548450549305
2008-05-22,1.0660113495194192,1.108458142073835,0.9640493827986044,1.0496931855790241,1.8387941151039073
2008-05-23,1.0667640666238634,1.108114001252414,0.9647293637216356,1.0516472291505035,1.8319610751699165
2008-05-26,1.0650124551074853,1.1094936085495806,0.9615788620509667,1.0482941083094544,1.8320153266299868
2008-05-27,1.064946560131087,1.1091206194586305,0.9610410463285998,1.0496564666983363,1.8323110072793796
2008-05-28,1.0581975307731302,1.1070067697746993,0.9609985080298251,1.046099407520824,1.8264073828363512
2008-05-29,1.0546072079191915,1.1082742948317248,0.9668203823166327,1.0452274598748992,1.8235653377395835
2008-05-30,1.0556621303282057,1.1060724174906975,0.9631736480503598,1.041673996605144,1.822283223240551
2008-06-02,1.0562921631127509,1.1091788612426248,0.9629364072823614,1.0400368606799826,1.8226703456398823
2008-06-03,1.0544738441341348,1.113656574552054,0.9693980295644375,1.0424726471529453,1.8310463077248968
2008-06-04,1.0546540915871063,1.1135345292433434,0.9698289570246664,1.0432166148660342,1.8332298441058168
2008-06-05,1.048873030165903,1.108796234683508,0.9661766888897654,1.0399096440749631,1.8219974213992491
2008-06-06,1.050748939303832,1.1024596960279849,0.9689218997186158,1.0375964747138764,1.826530311024563
2008-06-10,1.0538754086209325,1.1130858390098621,0.9807963703789225,1.0388717469177018,1.8379165914489821
2008-06-11,1.0574546682157138,1.11664723381893,0.9835440731898466,1.0396965332329435,1.8417564242269229
2008-06-12,1.0602915511417845,1.1253316856433435,0.9908601275743999,1.0472992533704053,1.8442043077910557
2008-06-13,1.0590595900050486,1.1272034716073946,0.9925407643468688,1.0464827569477204,1.83654099801887
2008-06-16,1.0580479547705748,1.1271050101758282,0.9928481183994101,1.0463240840150028,1.8369110991113924
2008-06-17,1.0543339365680633,1.127973214337161,0.9913273472346127,1.0477684815498407,1.8404255544673196
2008-06-18,1.0535051233746515,1.1266105311191088,0.9923847041704917,1.0465602370002747,1.8417507485752225
2008-06-19,1.0541692457504794,1.1320048916061343,0.9991407613535874,1.0529911763761197,1.8516999682360349
2008-06-20,1.0536357985266438,1.1347972644917654,1.000840896976929,1.0476500428960405,1.8556460400604535
2008-06-23,1.0541795485635506,1.135732090731051,1.0003275092154036,1.0478168293677712,1.8543385535901622
2008-06-24,1.052055497525964,1.1350202096284827,0.9983407835951034,1.04508346084606,1.8533856967107913
2008-06-25,1.0516235422995517,1.1275087610216723,0.9948038788465297,1.0375704723414054,1.8501368950225474
2008-06-26,1.059484257717376,1.1286740990117372,1.0021943490593506,1.039434277456792,1.8533692587746362
2008-06-27,1.058617869034694,1.1360205867347084,1.0062989072226591,1.0368334093750744,1.8526883975564064
2008-06-30,1.0586423583484121,1.1359717377529417,1.0084155952139382,1.0371189835305752,1.8510405068767293
2008-07-01,1.0611018975042124,1.1380820407242564,1.0140095024551046,1.0446467936970707,1.8476386969331262
2008-07-02,1.056321780171306,1.1356143037049145,1.0121485991647676,1.0391087042704015,1.8478432143370696
2008-07-03,1.0404761142177104,1.1239150018948347,0.9978307830731765,1.0247712063486338,1.8336367503057271
2008-07-04,1.0424588287491927,1.130154374725831,1.0021419100545508,1.0328732040030781,1.8344513516373158
2008-07-07,1.0427403172904242,1.1312980866204674,1.0022130873057407,1.033445486227946,1.8296445477905294
2008-07-08,1.0438800317675674,1.1349474726921067,1.0045786752973576,1.0380482590499804,1.834777656622039
2008-07-09,1.0442965156080704,1.1438032638887363,1.0027245184505023,1.0372369170355877,1.8436775192772479
2008-07-10,1.0476001130395534,1.1416079692375571,1.008650915132036,1.040122127577723,1.8398262242025534
2008-07-11,1.0457415037120046,1.139589465196339,1.0071064728194064,1.0355274997062718,1.8405083090458536
2008-07-14,1.0442111246803027,1.1437945671139538,1.0016469099742813,1.0346738808777423,1.8340933493422487
2008-07-15,1.0484689991209655,1.1496816025950434,1.005973372528229,1.0399782917326061,1.846025975154336
2008-07-16,1.0532342371438648,1.155882052941402,1.0132918587127724,1.0504674579721491,1.8432946315902785
2008-07-17,1.0565917013898518,1.158677357682882,1.018185970484028,1.0520616374739904,1.8464037313623591
2008-07-18,1.0526705713558884,1.158690272944928,1.0184444762772964,1.0522576519163094,1.8521715354046429
2008-07-21,1.0524092927122415,1.162901787155731,1.022554026913016,1.0496837691097953,1.8414867066242446
2008-07-22,1.0526940889385468,1.163073502955229,1.0229009808923224,1.050449426569419,1.842662450786371
2008-07-23,1.0600363334182241,1.1790849569504418,1.0397581888852694,1.06031965582141,1.8688121390883812
2008-07-24,1.0644811572242763,1.183317478960775,1.0433474696653036,1.06355328130684,1.8733050741457682
2008-07-25,1.0855172503508714,1.2354346992322025,1.047643217650726,1.0954957010219109,1.866073956442757
2008-07-28,1.0917464282888656,1.2383905204084447,1.0583132242139566,1.1105702412496137,1.866221476584042
2008-07-29,1.0993490189966975,1.2433925780803747,1.054874573176219,1.1105032612042907,1.8645009244694197
2008-07-30,1.1011162404768224,1.2492640259141556,1.0653793475592117,1.121442493773553,1.8478188680845498
2008-07-31,1.0964783430616012,1.2414158213162512,1.0679518482502495,1.1209183441037163,1.8506353804969558
2008-08-01,1.0941186873242519,1.2404680154643968,1.0706364029800601,1.1177207665044677,1.852580593085574
2008-08-04,1.0961240254133966,1.2417989077189566,1.0741423318135943,1.1197173772274172,1.8428086867568994
2008-08-05,1.0856964780825176,1.23040526678615,1.0638208186845868,1.1096005274361886,1.830318091830486
2008-08-06,1.102052426781803,1.239800185048662,1.0767282094452089,1.1234158803757057,1.8178296318578886
2008-08-07,1.1014301037116738,1.2391221980142713,1.076168170534185,1.1229630426921036,1.8232889093288405
2008-08-08,1.1100852113603819,1.2474876857738952,1.0825248209214196,1.1326749420718596,1.8224151693065915
2008-08-11,1.108235455171308,1.2451956594370805,1.0830489169985131,1.1329649903605399,1.8294915944193624
2008-08-12,1.1040317118586807,1.2486474525906708,1.0800749831513121,1.1242173657703627,1.8265389970993913
2008-08-13,1.1070318901035103,1.2617697104921537,1.088470198155643,1.1319423764332615,1.822572614036979
2008-08-14,1.1061188230875705,1.2609224542259339,1.0829344907912086,1.1287817850722757,1.8160676543798033
2008-08-15,1.1070557590975936,1.2621024841209934,1.0858881555369881,1.1320204379961416,1.8187198395728998
2008-08-18,1.098320583708938,1.2740230204105312,1.0936565138818861,1.1467506390069924,1.8145247805385516
2008-08-19,1.096911076989869,1.2743137946469698,1.0955222928997348,1.1500397430781353,1.813690868242735
2008-08-20,1.0952666883705415,1.2712899799524229,1.093957401330206,1.145239879839374,1.8094270493611055
2008-08-21,1.1034314745135163,1.2821991484187094,1.103721897704659,1.1513963730341545,1.8200484899930627
2008-08-22,1.10657293574289,1.2815437073090914,1.1067440689718602,1.1531094805287678,1.8093976152211835
2008-08-25,1.1133079496716585,1.286258083169603,1.117319269936676,1.1554779397942574,1.807059475296257
2008-08-26,1.1131048202328329,1.2861360816496603,1.1170605721155693,1.1556012100505062,1.8063991189237565
2008-08-27,1.1137181091035238,1.2857530616569874,1.1176830665084787,1.1564420130259385,1.8002750607080003
2008-08-28,1.10979292916597,1.2856144651467067,1.1192908166657698,1.1579126702346676,1.8001099665114515
2008-08-29,1.1129840777747482,1.2868113136836707,1.1197728159446205,1.1629542773341643,1.8073770160980371
2008-09-01,1.1131352697663646,1.2871605864866624,1.1195274932390493,1.1625891496364888,1.8079956026763297
2008-09-02,1.1130289389986148,1.2870183207984007,1.11954873342869,1.1632009881750858,1.8103722699431701
2008-09-03,1.1094111939602636,1.2810873669073715,1.115004686620478,1.1626313781608268,1.8103269379332105
2008-09-04,1.1075716576429369,1.2814985197058817,1.1128252030198222,1.155381125390135,1.8120983026570423
2008-09-05,1.1113478884181789,1.2884119270076637,1.1156163439534021,1.1613289376041482,1.8161454568188613
2008-09-08,1.1366486461273029,1.2965845306132207,1.1227781057399264,1.1891614955128458,1.870024475413641
2008-09-09,1.1365642959409787,1.2848999000636463,1.1217702012218795,1.1863175604053982,1.8808932980722461
2008-09-10,1.1343215989115358,1.2840486299164748,1.1175322940463084,1.179278236582386,1.8817132836645916
2008-09-11,1.1385168073044871,1.2912767722160885,1.1239753604862908,1.1859126856285016,1.8814791991644593
2008-09-12,1.1405273094942896,1.2856895872285337,1.1211064723289306,1.1866796720454214,1.877067371255602
2008-09-15,1.141767756807127,1.2919900152164263,1.120655057716937,1.1869078279691048,1.8952934433121398
2008-09-16,1.1412855370747508,1.2940769290985528,1.1170175445269652,1.188354339159519,1.9045214671554136
2008-09-17,1.1487458366061913,1.3018162085342047,1.1202426912821135,1.1909968233765522,1.909696800557602
2008-09-18,1.1484669998067136,1.311463208263858,1.1281451447638622,1.1942521344292947,1.9829877731536183
2008-09-19,1.1599046471510535,1.3950227856890327,1.1431839280226268,1.2629250479033136,2.192936971636799
2008-09-22,1.1555326402665849,1.3900345895904236,1.1437620216947835,1.2826591550444835,2.1639056464457864
2008-09-23,1.1518982865165803,1.3873096768428503,1.1409938684029997,1.2929421915923507,2.163009346345214
2008-09-24,1.148911878155164,1.3985551447152134,1.1377219451852079,1.2964658386634509,2.1795332623946244
2008-09-25,1.1480870537924306,1.3987571961005434,1.1394225078187126,1.294349972219794,2.175044724845527
2008-09-26,1.1484463302402974,1.3972210885523895,1.1384492872385932,1.2921465973331943,2.1761166653030273
2008-09-29,1.1456014217356283,1.3903410983436495,1.1422493650210321,1.2878530182110637,2.172028101677511
2008-09-30,1.132656053420782,1.3890234076077022,1.1571851369613808,1.253615877182244,2.1170707164581914
2008-10-01,1.135215972735206,1.389145246786568,1.178293131140835,1.2382729487343533,2.0809001907450444
2008-10-02,1.1339271177146921,1.3901220103643313,1.1795880631397218,1.2422601332073548,2.0824310843317506
2008-10-03,1.133845053776531,1.383910836102963,1.1798322717305545,1.2421379103036663,2.075667002631757
2008-10-06,1.127744563315556,1.374579368359049,1.1763043017208936,1.2394191232568645,2.0928576096826763
2008-10-07,1.1290094306326728,1.3720634234169709,1.1792357124085018,1.2347223362750601,2.0895666138870226
2008-10-08,1.0902634775363913,1.3697525754241655,1.1879162164106911,1.2365709815584527,2.0832152618780646
2008-10-09,1.0983277543764813,1.3712808345095324,1.186637524881656,1.2369823027321143,2.0846758653350186
2008-10-10,1.0736923635173543,1.381387424640555,1.147697413364394,1.2137587550178572,2.00174571466961
2008-10-13,1.0782877911684372,1.3811975072759999,1.165183457782706,1.2584317419484614,2.0027696500300722
2008-10-14,1.0851424803600123,1.3908789975326623,1.159207727900778,1.2618556043563345,2.024729011285452
2008-10-15,1.0859943301544204,1.3910045500196848,1.1586450621606594,1.261295682186061,2.0252406938535
2008-10-16,1.0557814259058633,1.3546849668249348,1.1258184853953848,1.237186365431439,1.987020585112055
2008-10-17,1.0565180928605717,1.358440750325707,1.127032999269006,1.2394521454041787,1.9867325275031078
2008-10-20,1.0567346042216401,1.3642992159413796,1.137682241484419,1.2420965757970317,1.950733277733421
2008-10-21,1.039017172703941,1.3733263114569758,1.1203453530330543,1.2488829647070798,1.9503567457995905
2008-10-22,1.037339785202814,1.3424604818264991,1.1237013701805691,1.23098208816561,1.9401930993652203
2008-10-23,1.022356479708472,1.3187802998536908,1.1136697559404154,1.2305210452242625,1.9156039940482201
2008-10-24,1.0193069316779815,1.3180941297657376,1.1148495950722324,1.2317844184786195,1.9303830359504044
2008-10-27,1.0195747286422034,1.3213637074315627,1.1161175878330618,1.235860503421509,1.934801150179192
2008-10-28,1.0202411176058581,1.3220640009727018,1.1158633712470478,1.2357697605933098,1.9344008314755796
2008-10-29,1.0217161584086527,1.3199777565843527,1.1107947985393805,1.2355849695114387,1.93594984148301
2008-10-30,1.003015612036312,1.318498742387119,1.090675163355721,1.2217329398479706,1.9101945780605458
2008-10-31,1.0050089479665099,1.3204551432518792,1.090549452138515,1.2222033653094617,1.911205000528478
2008-11-03,0.9975870804917062,1.310316856282709,1.0931031115045873,1.2261685740079122,1.922303200977348
2008-11-04,0.9977575448029793,1.3110309627115457,1.092903748265618,1.226471789422078,1.9223467463466384
2008-11-05,0.9819782989799525,1.3030973603407987,1.079429345479955,1.2194572685308802,1.9112660373059838
2008-11-06,0.9796483293627416,1.3030468506100321,1.0697308384743236,1.234076751288678,1.9187466406822198
2008-11-07,0.9746669135712412,1.3094372699182335,1.0669932283744543,1.2388612169619548,1.9198719306554206
2008-11-10,0.9659101311182449,1.3081911583097474,1.0554470762742238,1.2319723342547377,1.9188678824969367
2008-11-11,0.9747110377830293,1.322705094807997,1.0530919703498496,1.219204309273521,1.9358342089668747
2008-11-12,0.9747493940546321,1.3220063381249545,1.0535017596491685,1.2204468894941676,1.9319835333129618
2008-11-13,0.9759588410816512,1.2936700334602023,1.0807250389705985,1.2289405994996443,1.939433350285177
2008-11-14,0.9699055677515103,1.2934088136542297,1.0769546756178443,1.2231248056447659,1.9299472178636865
2008-11-17,0.9698882047720526,1.2962757613300682,1.0788685324899794,1.2252055856162427,1.9428717469008656
2008-11-18,0.9707453647340053,1.2793046077749348,1.082579240557385,1.2206991544704517,1.8696638686365774
2008-11-19,0.968597642621193,1.2772385531342592,1.0800420679423353,1.2172256506036783,1.8663026602306978
2008-11-20,0.9733371572291912,1.273200068854939,1.078633786328364,1.220478175547854,1.8103454161372199
2008-11-21,0.9809184776707798,1.2704452797722596,1.0841873744205368,1.2214556114435895,1.8035907848777193
2008-11-24,0.98021151316515,1.2748839629409578,1.0866913721714646,1.223091463558771,1.8134682845622232
2008-11-25,1.0172678312251373,1.2652679065525962,1.0965086348736683,1.2539973196904985,1.7975310832941942
2008-11-26,1.0209128523631703,1.2628195542585936,1.1057490413112119,1.2561795490315606,1.7928670672616827
2008-11-27,1.0194790560488556,1.2591848661002307,1.1066385076850005,1.2545163099280061,1.7892344040033743
2008-11-28,1.016895802692152,1.2635963371217365,1.1130271111724193,1.255444098882826,1.761502299298429
2008-12-01,1.018916765103868,1.2644700962408817,1.1177552873819045,1.2567328461337495,1.7561614239096388
2008-12-02,1.0227339353733744,1.258984264492177,1.1191431185991638,1.2491891348913928,1.77659650103918
2008-12-03,1.0226697903209505,1.2586682025669076,1.1199825540847959,1.2495820541531444,1.7781552117546853
2008-12-04,1.0229756234560166,1.261418040256779,1.1231886644320879,1.250541911680822,1.7798220424183377
2008-12-05,1.0241534184772638,1.259233849876504,1.1214654283934327,1.2480538550051812,1.7740198464429815
2008-12-08,1.0314510857245767,1.2613712579578746,1.1269632569596966,1.2373251193099764,1.7444261779720605
2008-12-09,1.0354859427331702,1.264331599403316,1.12556292169924,1.2401440875968468,1.7414850108259836
2008-12-10,1.0295356583846984,1.2625161138263985,1.1160632099612113,1.2391163590526126,1.7411918065864154
2008-12-11,1.029557971046797,1.2624216462798747,1.1140804455123536,1.2363228922626284,1.7409769380063451
2008-12-12,1.026941576704339,1.259225683237002,1.1151517847660088,1.22970525244165,1.7459518783760875
2008-12-15,1.0280760385665084,1.2571844728777148,1.1189788596254389,1.2353475153046567,1.749440976386035
2008-12-16,1.0247360733216364,1.2554447335929275,1.1184730892173116,1.2378398178922516,1.7512118911225594
2008-12-17,1.0242673522073693,1.2554602288039955,1.1154214694976954,1.2350759914480447,1.749985190367866
2008-12-18,1.020203422062566,1.2563393044744768,1.115397036281171,1.2369034680095385,1.7500374532699474
2008-12-19,1.0259540804412366,1.253481192624125,1.123770822689234,1.2378288441464491,1.7490829151527318
2008-12-22,1.0279726333856796,1.255301219591698,1.1251376503616866,1.2360901208445003,1.750357190959988
2008-12-23,1.0275598237818744,1.2545413411558717,1.1259345438525235,1.2360058390819193,1.7504917673073923
2008-12-24,1.0255140457411112,1.2518864853990126,1.123528899501896,1.2333720831687742,1.7467330152961693
2008-12-29,1.0284344347382577,1.2544668216012278,1.1237635531275607,1.235037781816846,1.7427175722149457
2008-12-30,1.0302220009295626,1.2536549156022616,1.1238988779733463,1.233571908554358,1.743610271452392
2008-12-31,1.0263773276497081,1.249292771986195,1.1196314709701802,1.2300306258604816,1.7371922937242608
2009-01-02,1.0262104409514814,1.2491672561194465,1.1197507326283187,1.2300880894977633,1.7375641138935871
2009-01-05,1.028577751179191,1.249262876094918,1.1211048452811587,1.2303049160200816,1.7384644897249497
2009-01-06,1.0312789424987643,1.2500212929081822,1.1222541612747259,1.230973744097214,1.7401398452042216
2009-01-07,1.0282181442567404,1.2492710047901447,1.1200103568913535,1.2290744039387083,1.7467635152074772
2009-01-08,1.0263701374057057,1.2445482000978836,1.1187577161948992,1.2256879657923685,1.7465994823513844
2009-01-09,1.025850180844946,1.2456310703212006,1.1161961452113807,1.2244719030912734,1.7413502392656997
2009-01-12,1.026078232527482,1.2456820267975053,1.1151239686996395,1.2235545135153887,1.7409454233745074
2009-01-13,1.0253420334372867,1.2462891465184691,1.1145042582306346,1.2242008903168604,1.740088923035664
2009-01-14,1.021782934078067,1.2469022660938534,1.1170020402116283,1.2311013805014777,1.736313449507039
2009-01-15,1.019941733715125,1.2467354089760156,1.1129665233427424,1.2303195750659253,1.7305659319437863
2009-01-16,1.0220828997516331,1.2474711937398582,1.1147808921778093,1.2308489977259018,1.7302239125134065
2009-01-19,1.0176369624099328,1.2481024447031834,1.1139557942423604,1.232376327070949,1.7311584756835394
2009-01-20,1.0404107564951486,1.2658576878659105,1.1321976904914002,1.2454709905158972,1.732682984297304
2009-01-21,1.0513214695857018,1.2963311519514928,1.1418160689910826,1.254914044034984,1.7602306019916185
2009-01-22,1.053876575341693,1.2975888937812097,1.1502773781350655,1.2533239415123605,1.7474377895556241
2009-01-23,1.056748116299829,1.294200939343716,1.163937532005529,1.2637226666060826,1.7414560660448624
2009-01-27,1.0534437877971066,1.289602689820859,1.1611103540326697,1.2594050055725123,1.7308524638266156
2009-01-28,1.055840960989595,1.2889593462205844,1.1654762943487145,1.2669708883182043,1.737090353396242
2009-01-29,1.0569269999892665,1.2900315568853926,1.1656392442644279,1.2667672478557652,1.7393068391909374
2009-01-30,1.0570619349713006,1.297406889839926,1.1663240965448922,1.2695906674557622,1.7365552143531946
2009-02-02,1.059941837400778,1.2993774894098065,1.1679380436017144,1.2691407651634106,1.7397660594209492
2009-02-03,1.0672104175404644,1.3011162422830271,1.1710197985906812,1.2708926188197271,1.7391802335136537
2009-02-04,1.0650233915039955,1.3017554250250984,1.1710915648948867,1.272815273779407,1.7362312050941133
2009-02-05,1.065121004015557,1.3022013270670578,1.1711748646822928,1.2734608477870297,1.7356890037316444
2009-02-06,1.0648516847840626,1.298709195890937,1.172995237506224,1.2699654525693747,1.7302769139695156
2009-02-09,1.0632714039676292,1.2965073217698415,1.1708284507691775,1.2689087407139372,1.7261967350050331
2009-02-10,1.0635545576882506,1.298008072474327,1.1737978965221483,1.2681520055752038,1.7295566086680256
2009-02-11,1.0581628120576363,1.2940046179945277,1.1710426047028488,1.264625213605067,1.7275732689744874
2009-02-12,1.0631842767935389,1.2916985931423541,1.1708632818742757,1.263003199985218,1.728655760980058
2009-02-13,1.0631876806384861,1.287474688882209,1.169043836014291,1.2722852948555263,1.7256475864393481
2009-02-16,1.0630116840628403,1.284550432463774,1.1667319495727118,1.2684948308410589,1.7250003545642643
2009-02-17,1.061786008512363,1.2849058805826388,1.1642132806601813,1.2725207799563647,1.7251805319143707
2009-02-18,1.0555393741793875,1.2805356393643843,1.163303825083748,1.2706491860762588,1.7213588524934726
2009-02-19,1.0592981873222707,1.2840847072764188,1.1642098422169957,1.274311721223904,1.7174227224484377
2009-02-20,1.0584438893293515,1.283927858656915,1.1661399374039838,1.2743145175972164,1.7217844825895463
2009-02-23,1.0527641499826634,1.2836102725706149,1.1612671736422768,1.2737897327977825,1.7250491173066251
2009-02-24,1.05132952551597,1.2817113001618163,1.1604375187252054,1.2732894107316557,1.7219517640267075
2009-02-25,1.0528001673398573,1.2785701234712938,1.1602238040311816,1.2721287339845453,1.7231093404154316
2009-02-26,1.0486827245271115,1.2754949652072312,1.1602318748732454,1.2726042538789424,1.7158921888619592
2009-02-27,1.0452584682237984,1.2734669475037166,1.1597499554756248,1.2712925262237074,1.7112526684966056
2009-03-02,1.0434576019418922,1.264289526609128,1.1622270358845332,1.263154718548109,1.7169743924491447
2009-03-03,1.0434942023838112,1.2646983524528048,1.1626418688276652,1.2638334821858328,1.7087671597784622
2009-03-04,1.0462187126655957,1.2630336679953436,1.1636901956286376,1.2666017067633983,1.702526293820304
2009-03-05,1.0452702038630497,1.2601697634499147,1.166610611688616,1.2695528213493439,1.7084916410603692
2009-03-06,1.0458936991547605,1.2546191925448442,1.1634204676266913,1.2689818165428752,1.716364771031365
2009-03-09,1.0450473876209023,1.2528897459627477,1.1652933477368568,1.2701555832027422,1.7211256297996018
2009-03-10,1.0507639058723515,1.2557089970884592,1.1712636122179718,1.2742220946880318,1.723288839360921
2009-03-11,1.0456554272598855,1.2484834998591725,1.1640968542949677,1.2693060905566071,1.7176464378819087
2009-03-12,1.0389333538536059,1.2460868455862844,1.1640751802350975,1.2700303866185587,1.7087593881409506
2009-03-13,1.046543578253817,1.2532603909817563,1.1576469920622183,1.2735736613509276,1.7262286551031025
2009-03-16,1.039225817560887,1.2536732638325232,1.1569038471692512,1.270225188182886,1.7217900916375788
2009-03-17,1.043394908865372,1.2509040147053991,1.1558933059518184,1.266010477177774,1.7326034228135268
2009-03-18,1.034839017267691,1.2416035248232038,1.1478820817335962,1.2544728941417325,1.706067729204015
2009-03-19,1.0412686440796193,1.245673651125072,1.1598070829431382,1.2666303930743494,1.717961986284029
2009-03-20,1.0260944500747573,1.2447357392543095,1.1656960328077686,1.2629032688937087,1.6994306916351207
2009-03-23,1.0270357895765978,1.248526857667035,1.1708148084539745,1.2700430747988973,1.6969094195860583
2009-03-24,1.0241677745297308,1.2477138937894077,1.1706849325216717,1.270465035910177,1.7002453140453582
2009-03-25,1.026278084920954,1.2486959637734263,1.1713580294896366,1.2729731521089296,1.693831758857024
2009-03-26,1.0234215915508529,1.2504708771812123,1.1699081478814013,1.2760915723819228,1.6970727987410028
2009-03-27,1.0232342120101636,1.2508955082386022,1.1676951987670514,1.2743179598913843,1.6982352209177105
2009-03-30,1.0151999827396205,1.2460903875984728,1.154912989412605,1.2734289043378348,1.681848801460796
2009-03-31,1.0139815683892335,1.2429465255267316,1.1541301552798982,1.2734030737846098,1.680237255454407
2009-04-01,1.0140072547505372,1.2439600912522475,1.1549539375995415,1.274350976005433,1.6812644632118972
2009-04-02,1.012297491151059,1.2514348334813306,1.1533659102448302,1.2736874337135224,1.6864257654444341
2009-04-03,1.0119201711034862,1.2592682572691976,1.1531726179646555,1.2803120846633236,1.690354463424676
2009-04-06,1.0110828474016074,1.2589004776117527,1.1530571817655495,1.277232188203966,1.6922808965893388
2009-04-07,1.0105940888697584,1.261655944510315,1.1523270313871998,1.276400666572091,1.6919464619244136
2009-04-08,1.0143743523723052,1.2651172773269508,1.1499487845525098,1.2791666313862473,1.696459150247057
2009-04-09,1.0141640406091315,1.2614400134076524,1.14949824284764,1.2787740096995086,1.6984371789723345
2009-04-14,1.0132065987891783,1.2633678612400907,1.1520881199137933,1.2835509239375233,1.7060354004882168
2009-04-15,1.013679933958113,1.2651335470027623,1.1546069819410185,1.2840154042288603,1.7042991001396208
2009-04-16,1.0141140867401641,1.2667925943746416,1.1534895482502956,1.2834075236915945,1.7026187000276427
2009-04-17,1.0136360549878092,1.2666017332034194,1.1545621340836008,1.2813978687680476,1.705197311328797
2009-04-20,1.0071961349531684,1.2599815085237487,1.1457770558314564,1.271502262458953,1.7125210573240013
2009-04-21,1.0061537667000071,1.262685654534345,1.1472242442707785,1.2733294770529293,1.7143843932865774
2009-04-22,1.0080769370598361,1.2627676312344542,1.1462114226705908,1.2699059530178631,1.7166759494641888
2009-04-23,1.0058491415195896,1.265532348647158,1.1470985948427588,1.2718702487897988,1.7230564634121104
2009-04-24,1.0063460636627768,1.263221101347744,1.1471977885582294,1.2706831543796175,1.7213739152411043
2009-04-27,1.0055840172797745,1.2621621874222198,1.1458364390680473,1.2701318143238483,1.7212631807082832
2009-04-28,1.0057147351519073,1.263493578138009,1.1459462853926383,1.2703978102082445,1.7213025507567703
2009-04-29,1.0061744151640257,1.2641663998812056,1.1468421538664573,1.2718965604656705,1.7210227298339706
2009-04-30,1.004786969718608,1.2538045883312199,1.1387876035648927,1.2665543649914526,1.717363462141112
2009-05-01,1.0062404986461886,1.2539881026598456,1.1390791521050994,1.2658209952937833,1.718152320212103
2009-05-04,1.0010256462055729,1.2490760550040558,1.1353199274383154,1.2611288459693573,1.7146594468474419
2009-05-05,0.9771794415377146,1.2263896750272334,1.1135278968847082,1.2355594263510448,1.6973739298250445
2009-05-06,0.9736712058693116,1.2255843140726665,1.1095343994234452,1.2340856612702797,1.700397582682941
2009-05-07,0.9704026698064898,1.2202989326189106,1.1084437836354346,1.232218412684473,1.698254497351076
2009-05-08,0.9672028055497738,1.2160325899721445,1.1099047031104805,1.2302255570720428,1.6985666026601935
2009-05-11,0.967031110143801,1.2162825710847058,1.1095408727919729,1.2302229431563076,1.6967314345965079
2009-05-12,0.968237674384473,1.221830274700123,1.1106529134094478,1.2337628362343707,1.700910454723045
2009-05-13,0.9682145221834316,1.2221378044278803,1.1107224620760445,1.2351179946204711,1.7022414794697724
2009-05-14,0.9693342715099922,1.2167767381417527,1.105370391866162,1.2274828273272516,1.695111079618808
2009-05-15,0.9696693319902142,1.2165048829944163,1.10500492576253,1.2251214799892851,1.6968824667442466
2009-05-18,0.9693701252897862,1.2158467767826198,1.1058480242112356,1.22353268316833,1.6947603719901132
2009-05-19,0.9666760889425707,1.2163501463491426,1.104916895439705,1.2205078416733384,1.687900998737358
2009-05-20,0.9666239938888059,1.216622202180214,1.1048000753678804,1.220479372191849,1.6880509148913154
2009-05-21,0.9668456836969135,1.2168944470075136,1.104524711369077,1.2194116766938334,1.690108163543886
2009-05-22,0.9663061274147309,1.2137919213243933,1.1047172298233552,1.2207543226299893,1.689813054730184
2009-05-25,0.9668160203210295,1.21471498093285,1.1064421671822067,1.2209453007781927,1.6925535114208026
2009-05-26,0.9698315319710428,1.2170466531945183,1.1073922161644085,1.2235613659246787,1.693049068696464
2009-05-27,0.9719090890498996,1.217599284265254,1.1045892581737393,1.2253350298049506,1.6964059789907382
2009-05-28,0.973954553600455,1.2171465151123741,1.1069583918713546,1.2267869864139795,1.6968104060839233
2009-05-29,0.9772344429653234,1.2175450418846678,1.1083846983573722,1.2299567876384745,1.6986843532623337
2009-06-01,0.9792652392776999,1.2147581983682434,1.101404229390942,1.227506400800741,1.710048476493534
2009-06-02,0.9774315323881213,1.213628160593041,1.09683087778247,1.2223507273878824,1.7089310479110835
2009-06-03,0.9796624714950345,1.2149290536398831,1.099126473533822,1.2249125774145355,1.710606657295351
2009-06-04,0.9762792832629914,1.2154519591556177,1.095536663795614,1.2180434663069524,1.7050860631292857
2009-06-05,0.9723063947172818,1.208090873323186,1.0895956861717035,1.214007563659742,1.6978614776030367
2009-06-09,0.9696961153931644,1.2068379594464453,1.0870862526630043,1.2122340863932137,1.6953915162999864
2009-06-10,0.9691565835986465,1.2023971203938288,1.0843598678665893,1.2088248910345667,1.6937992256078318
2009-06-11,0.9685383557666495,1.2006394547419479,1.0829578739644088,1.209309436695361,1.6985913714408818
2009-06-12,0.9687546195640733,1.2003083447919407,1.0830799550752808,1.2100359209140814,1.6979696280443186
2009-06-15,0.9698793156182876,1.199021348079829,1.0836214997197287,1.2090403682193365,1.6955619808823517
2009-06-16,0.9688579359236685,1.198760408313647,1.0808101857923564,1.2112377513256205,1.696000124953399
2009-06-17,0.967819010364756,1.1948173662295045,1.0771885152888825,1.2085025397076596,1.6930457200045832
2009-06-18,0.9674829509509313,1.192868439325247,1.0759174338430444,1.2113541083285,1.6896278999456125
2009-06-19,0.9676923119835175,1.192832802731108,1.0760860034290674,1.2115762697548225,1.6896779975572829
2009-06-22,0.9690538843085641,1.193860539292172,1.077008659939455,1.213052968763592,1.6904619520498667
2009-06-23,0.97315302130937,1.1977898774107762,1.0829178990295096,1.216219960854747,1.6938720479543978
2009-06-24,0.9678840868011432,1.195930454923475,1.0792790322890342,1.215367913692055,1.6929899037596046
2009-06-25,0.9681386479871528,1.1903312709652536,1.077079035642783,1.2150125366339053,1.6920019123076568
2009-06-26,0.9699519085704289,1.1928208514603487,1.0773913443572245,1.2154240364827942,1.6959301389492023
2009-06-29,0.9682776973835157,1.1914337303402989,1.0744050419497597,1.2112729253328836,1.6960936878690185
2009-06-30,0.9679284518094682,1.1895120583103498,1.0758803218629256,1.2132623504073656,1.6960680356667108
2009-07-01,0.9764743162192567,1.1979777029068126,1.0838777582184715,1.2190671696379378,1.7039417634112621
2009-07-02,0.9751835736308843,1.1949756508344058,1.0819342058617614,1.2154286023371326,1.703634693966616
2009-07-03,0.9737064537636462,1.1935050571580321,1.0821531785446263,1.2139248334331127,1.7066962376327481
2009-07-06,0.9724513748916007,1.1909473955734307,1.081013315095462,1.2117792340215547,1.7036185264440602
2009-07-07,0.9720582563928378,1.1867901162066892,1.082386282674911,1.2132965928652415,1.6983714179137894
2009-07-08,0.9709030156334557,1.1892229372073537,1.0801707372151064,1.2127240259209728,1.6994907593768587
2009-07-09,0.9722240060596029,1.1906758465073668,1.0813601132971462,1.2158407316752542,1.6991186795888218
2009-07-10,0.9729344075731955,1.1886221130707564,1.0834622986441524,1.216359666968066,1.7018229486837486
2009-07-13,0.9707673231105465,1.185626202304417,1.0807773559665288,1.2138384259824835,1.6936636639072922
2009-07-14,0.9711894795612683,1.1851179300081345,1.0779581463972019,1.2081898929673054,1.6905626791279358
2009-07-15,0.9689456709906854,1.1827303399224123,1.0751932720185953,1.2060564435252308,1.6892405154756862
2009-07-16,0.9701838604134585,1.1834803365649136,1.073889958980971,1.2041871593155966,1.6868044712511063
2009-07-17,0.9695429734387807,1.1813968292488668,1.0727519972208592,1.2079735809508592,1.6909301108403174
2009-07-20,0.9691978989779558,1.1798497833573434,1.0707553221332593,1.206571977073875,1.6888592688619877
2009-07-21,0.9659228822959883,1.170978598848591,1.0617097274985754,1.202574635727903,1.6735749984974007
2009-07-22,0.9625238848633275,1.1686221151307008,1.058282111195058,1.2012073137977177,1.673649213797571
2009-07-23,0.9513271044272489,1.1388610131637795,1.0595736875993447,1.1862483169006077,1.6734027808535763
2009-07-24,0.9485818640461278,1.136546833927877,1.0544366765984372,1.1776148950367962,1.6705733460782357
2009-07-27,0.9441999554708355,1.1324739213065007,1.0548713763428665,1.1764838611804136,1.6728703922151715
2009-07-28,0.9418666832126624,1.1328519469908365,1.0534405059170457,1.173586154536482,1.6688979948738814
2009-07-29,0.943723254641604,1.1361495563993986,1.0514390260411448,1.1734006855558463,1.6690009422903136
2009-07-30,0.9480924854725882,1.138991222787972,1.0514243268588315,1.1772688301777996,1.6657695033492879
2009-07-31,0.9501410354635564,1.1398852827739117,1.0516112095492676,1.1812946051568154,1.663976478908937
2009-08-03,0.9574494443508559,1.1455819294238043,1.0589975417088118,1.1884385122727223,1.666045226515603
2009-08-04,0.9487125432356182,1.1437057583560262,1.0525235335379823,1.1842912492271405,1.667680690697958
2009-08-05,0.9506710897868044,1.1445641891663396,1.0520005207421652,1.1850469099330243,1.6697911985684757
2009-08-06,0.9523404239703328,1.1440466014929476,1.055096712685961,1.184470802711319,1.6705306663246253
2009-08-07,0.9518844923193652,1.144221730272964,1.0549570001432453,1.184357530060257,1.6706953511896256
2009-08-10,0.9536409708559515,1.1425455840497571,1.0561993971767383,1.1892961886178453,1.671887377639477
2009-08-11,0.9547325262337807,1.141263146156756,1.0529601228024852,1.1891047706953597,1.6748430436926707
2009-08-12,0.9565678591500423,1.1423125466120512,1.0561507506333494,1.190295374186876,1.6761404890795493
2009-08-13,0.9621364992054441,1.1458084793228729,1.0593726176220533,1.1910092354186697,1.672873035849561
2009-08-14,0.9613255124938062,1.1473395188711815,1.0592598556883026,1.1923509642302415,1.6742425265846763
2009-08-17,0.9600879364235836,1.1476139768547062,1.0589011631082412,1.1911308788788944,1.6755656976454925
2009-08-18,0.9614985960397431,1.1496763669342809,1.0602200094615175,1.1941798510537556,1.676879474816264
2009-08-19,0.9613332770519476,1.1486151680631715,1.0581440678750218,1.1929514396079333,1.6743173042084407
2009-08-20,0.9605407120491235,1.1502366337269618,1.0577681011199174,1.1940078726453534,1.6785077014945937
2009-08-21,0.9610145475686045,1.1544851414417254,1.0542742177953386,1.1971556292312064,1.6797694180752685
2009-08-24,0.9581999497929302,1.1541397712115018,1.0566263615637064,1.1968021927775574,1.6756406101764059
2009-08-25,0.9585552000483296,1.1537197709680758,1.057027060803737,1.1967949255730173,1.6759417480860563
2009-08-26,0.9607439697882628,1.1534325364408358,1.0559724313027845,1.1968830806311919,1.6757254560341597
2009-08-27,0.9584246846164632,1.1530006455969972,1.0556862746955713,1.1959484723247256,1.6729613917831987
2009-08-28,0.9583719262764969,1.1533537630784032,1.0559209080836265,1.1954331225687682,1.673176866537633
2009-08-31,0.9583027904782984,1.1532649277446971,1.0559149494989197,1.195284091984113,1.6730411994731287
2009-09-01,0.9597032197078591,1.1572413095729481,1.0585749639128896,1.1970724843451237,1.6722964749557103
2009-09-02,0.9605991505930516,1.1583030511741104,1.0605327619123388,1.2036784897154467,1.671822377303442
2009-09-03,0.9584952318080205,1.154591827442592,1.059186707902283,1.2005505814220196,1.6688376212492533
2009-09-04,0.9433388430541297,1.147978804480836,1.0553806212230894,1.1878086523151976,1.637163312053395
2009-09-07,0.9419318538512306,1.1534331447398736,1.0548871817143903,1.1891500424148937,1.6286989536072214
2009-09-08,0.9435082799669198,1.1562208192473216,1.0573137109160569,1.1943062142161702,1.629217011894193
2009-09-09,0.9402864662532573,1.1511497673450413,1.0533974721003736,1.1901495851759318,1.6281761155632453
2009-09-10,0.9396183543902286,1.1538622413943556,1.0543181975000573,1.1891899082340838,1.6238444500117903
2009-09-11,0.9382247652227681,1.148935264812869,1.0544776094334185,1.1890067241530229,1.6101010215705125
2009-09-14,0.9399833631426135,1.147850243287772,1.057524747882959,1.1889137782985797,1.6035849184061293
2009-09-15,0.9392909944322856,1.144842517645843,1.0569604145554288,1.1879027682013024,1.5993978807250029
2009-09-16,0.9425335590600062,1.138877678879743,1.0536727591676298,1.1868047240064161,1.5516732270012568
2009-09-17,0.9329483292215087,1.0870076461953235,1.0431081234406403,1.1449519352693904,1.4244498140376902
2009-09-18,0.9324538520872145,1.0837246757771377,1.0422380338136332,1.1312809882649757,1.4299961459541821
2009-09-21,0.9342195277170199,1.0843042814986765,1.0444583753023169,1.1238089244495943,1.4260411391437036
2009-09-22,0.93570608564686,1.0772116461163277,1.0459691388564656,1.1212986670275458,1.4150108627853983
2009-09-23,0.937606390162446,1.0771364164220354,1.0439085193022972,1.1206261405606055,1.418634699414044
2009-09-24,0.9377913587847049,1.079374587727654,1.043143261374306,1.1218884847252324,1.418079507604104
2009-09-25,0.9393634203589125,1.0830154852075837,1.0406139117133328,1.1241130000668949,1.4172860487402028
2009-09-28,0.9442323801896794,1.0773468850742516,1.0274990886814133,1.1419513546368092,1.4405168547195566
2009-09-29,0.9397668628547489,1.0719763755927596,1.009799047409794,1.1502866778911103,1.4505669088854574
2009-09-30,0.9412852266221592,1.0728068868897775,1.011294039612167,1.149831429058094,1.4510549489433202
2009-10-01,0.9426318762875893,1.077732796504506,1.0117671355436744,1.150104389199663,1.4565740908060563
2009-10-02,0.9451428868136814,1.0808574113344926,1.0149739237429847,1.150014725771101,1.4409699212117442
2009-10-05,0.9435809835702179,1.0823073429091643,1.0116648467144558,1.1539319694070662,1.4449305754401998
2009-10-06,0.969050230368623,1.0762906450169831,1.0011703922269968,1.1501322293869214,1.4330476109574868
2009-10-07,0.9642644370235814,1.0761977189293082,0.999895787063463,1.148450876009334,1.4365385800330719
2009-10-08,0.9796909051069608,1.046092880605367,1.0243675039417062,1.1649321792528018,1.456155766416244
2009-10-09,0.9713918384605617,1.033706641705786,1.002906321392471,1.121572834592836,1.4349661216312999
2009-10-12,0.9630643204256635,1.0192887466353622,1.0049891873989316,1.1166040574709388,1.4059550441176667
2009-10-13,0.9629095365225931,1.0191544406642439,1.006555573128484,1.11785330001844,1.401501774330515
2009-10-14,0.9938496184706801,1.0409907392803754,1.0396801754025211,1.1403145675756283,1.4124082879113184
2009-10-15,0.9919959975153759,1.0342312462423058,1.0379837782424428,1.1375446566298522,1.4104470759043235
2009-10-16,0.9921539678808576,1.0238930135370798,1.0246737987467456,1.137052560877223,1.4378267043114663
2009-10-19,1.0134544254157334,1.0086887562805542,1.043764283246352,1.1307548598858157,1.429261895768129
2009-10-20,1.0145465971001084,1.0450937323203435,1.0376161156913735,1.1516438651916698,1.4318952499727096
2009-10-21,1.0355576388232755,1.0707144252742524,1.0501782719499066,1.1500878303904003,1.4522561541660495
2009-10-22,1.040241768188253,1.070317679233988,1.044901335812396,1.1525360072080102,1.4271238694055517
2009-10-23,1.0416972129516069,1.0660473113983582,1.0432686908198403,1.1493674865901407,1.4155277310077656
2009-10-26,1.04064452838576,1.0630018325048836,1.0439350953785358,1.1488965189516802,1.4165917367212981
2009-10-27,1.0388093466892168,1.060761483154561,1.0472857717251145,1.144579148569075,1.4135353938735933
2009-10-28,1.070967946324084,1.0605710232991872,1.0724323963285831,1.1614345959102184,1.4387449320201304
2009-10-29,1.0729824422343843,1.0618363991762347,1.071974891913166,1.1604247606325873,1.4388691990695086
2009-10-30,1.085517059947769,1.070355020772912,1.0677311334915267,1.1537837948133336,1.3994269325388353
2009-11-02,1.086324695941131,1.0739273806545468,1.0712795904288395,1.1528180564878885,1.4071845310438542
2009-11-03,1.110602624419949,1.0830814600275582,1.0877188062908527,1.1645152991233163,1.4145847202389756
2009-11-04,1.1210989481789873,1.081601921314217,1.1008882623518346,1.1484750678384914,1.392088612285621
2009-11-05,1.1303688204097393,1.0659027341747216,1.108242562251643,1.143041485857297,1.3839131055179426
2009-11-06,1.1430275090924165,1.0690428885942491,1.1236419077781952,1.1493414115267857,1.3943539850100195
2009-11-09,1.1358578563619541,1.0402292495477286,1.12588304716675,1.1612709304811955,1.3615021521608717
2009-11-10,1.1336569189546484,1.0404650708979317,1.1237400661225494,1.158176553151159,1.3619043325127205
2009-11-11,1.1380446606645591,1.0745095804772609,1.075663752987164,1.136954301711428,1.3118222179509098
2009-11-12,1.14782163205397,1.0738067313968949,1.0815844562710024,1.1446068739502475,1.3235724569979732
2009-11-13,1.1492949040515432,1.0671196642965715,1.080873601556015,1.1413014876749956,1.2954338138566668
2009-11-16,1.1461197912202468,1.0945766636786063,1.0692154538775231,1.1526916478973344,1.4288741599465227
2009-11-17,1.1534345305585385,1.0989124593667663,1.0789035908458167,1.1632921538779135,1.4372740325620896
2009-11-18,1.149404424469065,1.1005415534170033,1.0826377388121635,1.1544109680773418,1.5425861686832918
2009-11-19,1.13891057626127,1.1043467507437426,1.0739578966848922,1.152792441407608,1.5514449651483393
2009-11-20,1.137506156553041,1.1030459330611542,1.0752862966111274,1.1561259691756038,1.548886441730844
2009-11-23,1.0725569454268553,1.1093478976162017,1.0544225534204472,1.0896990233570034,1.5633627220798945
2009-11-24,1.0642277045179536,1.1152969489265072,1.0330028440226442,1.0839016059743571,1.5700928101006673
2009-11-25,1.065648092673112,1.1268477812469657,1.0353972563759406,1.0890846864631802,1.56960220218387
2009-11-26,1.0708431450811493,1.1244724197508156,1.0166546267355308,1.0816829123407208,1.6229353534313136
2009-11-27,1.0677554077702316,1.1254150745562963,1.009197207728388,1.0808879743547248,1.6395748554077367
2009-11-30,1.0660173429157045,1.149125469109847,1.010062557055179,1.1012094336406641,1.5910053401707607
2009-12-01,1.066739808339804,1.1488044685645231,1.009862248891806,1.1005475156799278,1.591028123611845
2009-12-02,1.0679743684858205,1.1502262127219842,1.0099222578958638,1.1005448755817044,1.588302905871232
2009-12-03,1.0647392680074632,1.1588916988895486,1.011843777583037,1.107614299450076,1.6115157498031987
2009-12-04,1.0461343995051913,1.1508634734117682,0.9961771489714,1.1244065404319996,1.667151727012319
2009-12-07,1.031201707581191,1.1426084952669606,0.9976757515217201,1.1148613406761456,1.6704931150117335
2009-12-08,1.0436404796041165,1.1478825705452982,1.0156833245090575,1.1165020136081383,1.6704623136898988
2009-12-09,1.042926321394654,1.146152877460035,1.0226163269644801,1.1273122525621688,1.6699082172732649
2009-12-10,1.0563474646869926,1.1527305348326926,1.0163120096540423,1.1464898798249603,1.6625400970026483
2009-12-11,1.0695431327230935,1.1679014144817172,1.0142286550361812,1.143157292749272,1.6611174914446434
2009-12-14,1.081239143440823,1.1721705494899337,1.0175105867466248,1.1347107249591752,1.651800340980487
2009-12-15,1.0811239734898896,1.171821527317422,1.0205167156035806,1.1382276313349673,1.6528960830730428
2009-12-16,1.084502396185412,1.1709465412455364,1.0206911961425318,1.136447763174824,1.6523206068323673
2009-12-17,1.0776085650271234,1.1708694180498933,1.0067579334335175,1.1338330885073389,1.649835270472439
2009-12-18,1.0712502795621848,1.1730330207747093,0.9998974965987825,1.147278995166727,1.6477615103844
2009-12-21,1.0733998938669627,1.1769329274008262,0.9985281727084041,1.149631088790335,1.6528659892536661
2009-12-22,1.0755752791293682,1.1801362498126624,1.0084529374041875,1.156691298748583,1.6581601682315963
2009-12-23,1.069882578550824,1.1735860207792628,1.0097373374577352,1.153452242294015,1.6657452015576957
2009-12-24,1.068123374062705,1.175459153439992,1.0127758087739986,1.1597431953891135,1.6621149260574224
2009-12-29,1.0759141545345738,1.1846954060282373,1.0176672965362765,1.1672604609216066,1.6706949994029106
2009-12-30,1.0768479859030138,1.182814368815714,1.017087162888644,1.1665189261418223,1.671943219038267
2009-12-31,1.0738629996737072,1.1825793889838268,1.0159617232772573,1.1661597136590103,1.6780334828307595
2010-01-04,1.0699961993247693,1.1803476431162947,1.0136839996244427,1.1650105343888422,1.6736065920294754
2010-01-05,1.0762508259245795,1.1814142796283291,1.0170699974380137,1.1665650869602187,1.6608024438438176
2010-01-06,1.0810657889762936,1.1959030358991343,1.0197369352174361,1.1766144399801892,1.6608072300080425
2010-01-07,1.083091247058876,1.1977027315183184,1.0246087957197265,1.1824234876182385,1.6735623987673416
2010-01-08,1.0822545259737144,1.197461668174482,1.0281598384784527,1.1854055611203826,1.6744846721150037
2010-01-11,1.0837963644798367,1.1970489280197858,1.0300415620174825,1.1835835189925388,1.675283482518627
2010-01-12,1.0829550555143115,1.1957680484277968,1.026942343607548,1.1783425263525145,1.6765832640832672
2010-01-13,1.0896035285766694,1.1946115825043673,1.0348513542566702,1.1770925277979332,1.6896391521168592
2010-01-14,1.090937556214877,1.1968853834858346,1.036374649300398,1.1795382644513348,1.696299050893219
2010-01-15,1.0926676937619286,1.1984529779912863,1.0391404236180222,1.1804244606462446,1.7002654024588089
2010-01-18,1.0870693402949378,1.1853371561819612,1.0356616534198906,1.1696990793011928,1.708330831038655
2010-01-19,1.0860452675467251,1.1738646995360396,1.0302923126497814,1.1583748302733359,1.6957516112828033
2010-01-20,1.0904679121278433,1.1702988438620852,1.025059354648485,1.1661798054201102,1.7036010855881891
2010-01-21,1.0704029800867056,1.1521634640169367,1.0023461148794075,1.1365144739071282,1.7284824237449494
2010-01-22,1.074994885539349,1.1618532390144163,1.011649763759991,1.1461577158968466,1.7491193152294657
2010-01-25,1.0602634208958046,1.1535242447481768,1.0017003218492877,1.1316264271165126,1.7442077727018381
2010-01-27,1.0558457841844968,1.1448126915117762,1.0060408549897257,1.132000942463075,1.7298980215845374
2010-01-28,1.0563196172073142,1.1451440916403213,1.0070726896404714,1.1324922506126285,1.7308564505101272
2010-01-29,1.0615266047764265,1.1374837156446107,1.0083140031094924,1.132728426339671,1.708642582872694
2010-02-01,1.0557704135385317,1.135242621994394,1.0063040342234406,1.1274435122961917,1.7064503947872933
2010-02-02,1.0650887598689618,1.133862801301009,1.012971109647067,1.1154492360653063,1.6749235608223745
2010-02-03,1.0617975079188469,1.127290628185964,1.0072950139739945,1.1048260858084484,1.6880332598691565
2010-02-04,1.059567292687244,1.1321379127964397,1.004203196299334,1.1115843673275922,1.700060391086726
2010-02-05,1.0505930452247663,1.127884867052445,1.006979573839833,1.1120203049346673,1.7190708762005669
2010-02-08,1.0493991922979116,1.1275843741510108,1.004578302300705,1.1127318400985031,1.7239046515821361
2010-02-09,1.0511095739563212,1.1290218396797869,1.006530501576316,1.110462623531875,1.7290541741054821
2010-02-10,1.0453486981440003,1.1334153659886148,1.0018176190878554,1.1165319173524246,1.7326283083778824
2010-02-11,1.0477150127764139,1.1391065848551627,1.0005181446810452,1.0978693431009698,1.7313138472577942
2010-02-12,1.0440230045153385,1.1438394493552706,1.003100672231798,1.1009238646421808,1.7355737705133065
2010-02-15,1.0405558941839528,1.135586739569215,1.0046900880501726,1.0897511882422306,1.734083313116538
2010-02-16,1.047522920001426,1.1503066963612818,1.0083455692847554,1.0971829839370222,1.7223799795223897
2010-02-17,1.0492016635961179,1.1547257838474754,1.006357349960911,1.1072932493792789,1.720697323801082
2010-02-18,1.0507864025457745,1.152009288536949,0.9972726300457111,1.1079416831437665,1.7072534854714085
2010-02-19,1.0545585240832966,1.155745166451895,0.9986937802181036,1.1121361468457842,1.7032418972379892
2010-02-22,1.0549399638526014,1.1455437050901345,1.0013160431617851,1.1166423035434885,1.6897920300378508
2010-02-23,1.0546178920978597,1.1447837142764787,1.0009915608714632,1.115918079862555,1.6878996512177853
2010-02-24,1.0514073774674961,1.148023483397406,1.0023284027894448,1.1098245472222426,1.6957448463707805
2010-02-25,1.0526910677695906,1.143170700046471,0.9999658587432947,1.1104303695152355,1.6968050380746267
2010-02-26,1.0417114208317482,1.1554883302128365,0.9955251301080679,1.1270971678236923,1.6725079036553387
2010-03-01,1.0405050437600203,1.1530251778031635,0.9944990633990493,1.1279076631569889,1.7029235743345732
2010-03-02,1.0312361535439123,1.1573599996091015,0.9908663078209963,1.1179857023418829,1.7259622969360844
2010-03-03,1.0313100611090196,1.1647735769162764,0.9913857751645423,1.1156378279527497,1.7254105973090803
2010-03-04,1.0302610247585515,1.1699791476941204,0.9925669728084912,1.1112020815825265,1.7161101457648
2010-03-05,1.0305903236683165,1.1707857610149761,0.9917992323416188,1.111035493351624,1.7167057770010459
2010-03-08,1.0214247871061373,1.167097694378514,0.9856971716236359,1.107988885119537,1.7204646817348277
2010-03-09,1.0172399595789916,1.1769096717591894,0.9828245122812344,1.1032079417231588,1.7151364505852094
2010-03-10,1.0173224464802495,1.1805562696391543,0.9805517903705561,1.10062760637817,1.7107235408870682
2010-03-11,1.0002680694038013,1.1610366551240052,0.9929220718775267,1.0910059720936274,1.664634441464948
2010-03-12,1.0005910489529786,1.1613748530978252,0.9931450320717823,1.0914266498482275,1.6648812859069615
2010-03-15,0.9878035508017394,1.163686124190343,0.9918660403930419,1.0982786631671573,1.6361072103468886
2010-03-16,0.9883894348117657,1.1648125207991697,0.9923634932038078,1.1006392626297872,1.6389351021847147
2010-03-17,0.9805280389646253,1.1607833367478555,0.9898601974042458,1.1054684919865716,1.6214263154288444
2010-03-18,0.9811142309849705,1.1584091417095195,0.9901212862044483,1.103940199870647,1.6153361075698054
2010-03-19,0.9768330955114978,1.1544821564041319,0.9784151497832597,1.0909932518984902,1.6344444395220388
2010-03-22,0.9827541115885711,1.1554540225934367,0.9792315710012067,1.0919327833362376,1.6253234609375165
2010-03-23,0.9804114943712546,1.1549243674516898,0.9769415060214975,1.0893343818942327,1.636751012808187
2010-03-24,0.9879651746191634,1.1500416308649184,0.9802110352339745,1.0825554746275932,1.6291295467027298
2010-03-25,0.9880753757975734,1.1501009029617724,0.9849997187014201,1.0862452660382012,1.6279446830300506
2010-03-26,0.9929874491020196,1.1540935140743882,0.996879001821293,1.0733124423419966,1.634162957289912
2010-03-29,0.9945320180375262,1.1483446044770313,0.9967707506181975,1.0732619066174287,1.654053010099668
2010-03-30,0.9936660677949786,1.1489984966372668,0.9976951599890564,1.073473000079897,1.650931117567497
2010-03-31,1.000068674777378,1.1290336156181424,1.0010401616485232,1.0735331772287102,1.6396711726047215
2010-04-01,0.998629487700326,1.1102877969727374,0.9965584190011983,1.0525038145723487,1.6292517598039213
2010-04-06,0.9962742811900492,1.1069651463152255,0.995888046919496,1.053795148886456,1.6255487454600932
2010-04-07,0.9958462340229249,1.1036447957864532,0.9931688036554541,1.0546362784738306,1.6138936600693508
2010-04-08,0.9808042110858406,1.0918026083885715,1.0007987444266357,1.0435770605212717,1.5969484804405771
2010-04-09,0.9785388164083529,1.1012458938943217,1.0066802938421942,1.0419630544237963,1.5900746007379034
2010-04-12,0.9751067702406406,1.0974938111702084,0.9991501289608021,1.030321761590779,1.5536015680331958
2010-04-13,0.974411483312019,1.0941583848103995,0.9986671720616094,1.026748535047631,1.547524658656697
2010-04-14,0.9756162149100759,1.0952826059250975,1.004732349284112,1.032464652333852,1.5493870863895476
2010-04-15,0.9757899714225756,1.095624625560798,1.004464534056294,1.0322298281082358,1.5493548399646897
2010-04-16,0.9729945965045828,1.094987059055848,1.0049472929507561,1.0360376761493986,1.5510217908846071
2010-04-19,0.9772832984055972,1.0818017125311599,1.0042886357445173,1.0286323816426193,1.5449607871139288
2010-04-20,0.9794954950272821,1.0823667443122607,1.0060815064838227,1.0286970244586207,1.5477475497683983
2010-04-21,0.9834258868741595,1.0662283147822755,1.0042240246421126,1.017469950247644,1.5266630266005492
2010-04-22,0.9774791348099345,1.0695357359980864,1.0055037921556207,1.016635274381868,1.5232450528408363
2010-04-23,0.9808237911053178,1.0708344520303648,1.0093140938961715,1.017219830153792,1.5237768023169564
2010-04-27,0.9803315359243916,1.0639700443796012,1.007434574976632,1.0155734180701923,1.5242679872854235
2010-04-28,0.9753768900994085,1.0548949462210633,0.9975679573406033,1.0057444722566913,1.5244901274646339
2010-04-29,0.9785964930788891,1.0705674353280794,1.0003575578277577,1.0054151015240702,1.5158458192281845
2010-04-30,0.9797196447178848,1.0711229660158967,0.9992499590393082,1.0058995042060959,1.5198630613003419
2010-05-03,0.9966859701901067,1.0908085318508822,1.009882358594232,1.0183375816675726,1.532378404890188
2010-05-04,1.0715804562503157,1.1504285343899476,1.0694984652501136,1.0827340133199144,1.5709673480487787
2010-05-05,1.0767129071625166,1.1618608941263642,1.0893522830389706,1.0893715091773293,1.5667971939033787
2010-05-06,1.0960746692609675,1.176426345835832,1.1056964319364972,1.1045600591339582,1.5664263653527812
2010-05-07,1.1084069432083152,1.193805174721532,1.1157929190347875,1.106446072000304,1.5633768234177734
2010-05-10,1.1260328726110636,1.1992072254353117,1.1191074327511086,1.112593102819061,1.581806351066715
2010-05-11,1.132271600253285,1.190745201271663,1.1215745008834122,1.1114658528446537,1.5656525181947085
2010-05-12,1.1315865294268483,1.191037707636493,1.1242523927313186,1.109687597196865,1.5582169115087967
2010-05-13,1.1309787655529184,1.2088077570632842,1.1450547198745593,1.1301141795223029,1.58800206796884
2010-05-14,1.1377144663761878,1.2134879089655257,1.1479252728051852,1.142855639318589,1.5812182509802293
2010-05-17,1.1360577518051354,1.2015097454971215,1.1509242270114248,1.1420449590176291,1.5535003321132863
2010-05-18,1.1409972987922354,1.2021775227783829,1.1491908100850614,1.1475495592047653,1.563153691325533
2010-05-19,1.1431906493185329,1.2110405206320736,1.1546365907082325,1.1485125558549674,1.5561457218330363
2010-05-20,1.145845711821171,1.2113921595380965,1.1647982668637742,1.1553923676982256,1.5526812138448516
2010-05-21,1.1494779362491332,1.2187716634953518,1.1681191473839754,1.153790451406602,1.5535168963242019
2010-05-24,1.1466726832669092,1.2192351412005222,1.171147933587962,1.1635839470188765,1.5316425777909342
2010-05-25,1.1493062728716459,1.213253926394233,1.1718309259910755,1.1529832870770242,1.5392112728249114
2010-05-26,1.1495351223114563,1.2084472146057348,1.1666223915103524,1.1569165167754458,1.5371447265415041
2010-05-27,1.131131894700792,1.212697900561589,1.1713650108587752,1.152298872310245,1.5307304750922397
2010-05-28,1.1269921494675215,1.215997418025718,1.1741617471026686,1.1446041420715882,1.52105252975665
2010-05-31,1.1255324338180261,1.2165799852407368,1.1887723786319166,1.1485409717374289,1.4708370105029998
2010-06-01,1.1325030454153386,1.2205492515289216,1.2025610166935476,1.1628674064359117,1.471020751628179
2010-06-02,1.136569099621032,1.2224766186498313,1.2028760004450914,1.161120472836835,1.4750917124833265
2010-06-03,1.151952469359096,1.2389196437442682,1.2162994058045933,1.1928820218092724,1.479803894995356
2010-06-04,1.1576183728653886,1.2428137681462823,1.2194650562230036,1.2040272573974067,1.4747997726257278
2010-06-07,1.1607457540285058,1.2392439246740972,1.2175180276325686,1.204560139965075,1.4798950958222392
2010-06-08,1.1607332725820496,1.247159831900934,1.2222311746702326,1.2057864890876981,1.4659205540713598
2010-06-09,1.1640240497461716,1.2490099005940083,1.223616663278833,1.2063615198642863,1.464030983411483
2010-06-10,1.16321807044438,1.2477312378506833,1.22176164766753,1.2050236342825242,1.4660993063290928
2010-06-11,1.168951701216562,1.2490664288824824,1.230506191957469,1.2065448704212556,1.4757358354814805
2010-06-15,1.1781445623127145,1.2537594280736795,1.2419172914671712,1.2017101604825562,1.468795497560642
2010-06-16,1.1811444310029426,1.2565855703334519,1.2424973968911437,1.1972176126352716,1.4558208757372355
2010-06-17,1.183057984020126,1.259689658873976,1.245455634642362,1.197400139629103,1.4632189646618106
2010-06-18,1.1819607239145444,1.2605795673761262,1.2460527509388006,1.1972002619055402,1.4625023114450713
2010-06-21,1.1808531400831779,1.2569072246413302,1.244853828594525,1.198825861204755,1.4565542476150322
2010-06-22,1.1788055081574969,1.259356684176963,1.2410513110058117,1.2029948044004075,1.448113579689346
2010-06-23,1.1839087897897207,1.2593504254035308,1.2485180779584573,1.2020065925670091,1.4544490307499305
2010-06-24,1.1847923917702388,1.2648479097862502,1.2491484664003991,1.2070260776650068,1.4568197217533703
2010-06-25,1.1790974219224757,1.2592712313535306,1.2445692306041762,1.2040960165329815,1.4477701467894664
2010-06-28,1.1795208837946236,1.2613314077408002,1.2443463249448485,1.2031974914914845,1.4498817206065169
2010-06-29,1.1900836784469235,1.269470216455422,1.2434374969276116,1.2082640910593252,1.4474980099352797
2010-06-30,1.1915677158881157,1.261863524000108,1.2376655328290054,1.2146949507261484,1.4428388835435715
2010-07-01,1.195073051401456,1.2578173593001183,1.238308591618716,1.2182541101116589,1.4409090553563688
2010-07-02,1.1985665469656024,1.2645691444829565,1.2392994950947618,1.2250997930630003,1.437986980171114
2010-07-05,1.2015316727514869,1.271426417292831,1.2405717246908639,1.2254947190460943,1.4387997362224598
2010-07-06,1.2047746513030049,1.2765424042887634,1.2470638443217463,1.230605017507072,1.4504630189730214
2010-07-07,1.206238536298236,1.2779981409542753,1.2472771360569619,1.2322845683307662,1.4529577012858526
2010-07-08,1.2041757353540632,1.2770642551133324,1.2521226585667389,1.239815914842617,1.4725661766043303
2010-07-09,1.2027480160728827,1.2763009259210163,1.2537796916123891,1.239532254548399,1.4771185293468687
2010-07-12,1.2011101978780023,1.2765289418899397,1.2569931659619427,1.2395223939485973,1.478109235733276
2010-07-13,1.196476127845496,1.2680669962158497,1.260416112084315,1.24364856136219,1.4845309590474165
2010-07-14,1.203458825209423,1.2654363993757989,1.266844098447646,1.2494643102732166,1.4807844303220623
2010-07-15,1.2072738253239892,1.264644254654953,1.2745157880576852,1.2582583442537778,1.476299498197544
2010-07-16,1.2063863847187464,1.263964651451217,1.274616809851557,1.2577986716976712,1.478651687459761
2010-07-19,1.208282228084914,1.2680850318576562,1.2817536810658705,1.2642550043594667,1.484410415904002
2010-07-20,1.2063412140345915,1.268415419145523,1.2817188633708956,1.2643609814945305,1.4820604520114866
2010-07-21,1.209243372171773,1.2685567838748242,1.285528349509233,1.264348319599468,1.4794040902345038
2010-07-22,1.2132945106484065,1.2680363516925914,1.2866713792713453,1.2661176313232034,1.4814557671195356
2010-07-23,1.2124549992057543,1.2710224522713591,1.2845104869282153,1.2592111225887213,1.4889140193402386
2010-07-26,1.2136642822308443,1.275688107505606,1.289883680270391,1.2634009370646895,1.47710050300476
2010-07-27,1.2170113801495912,1.271741996539193,1.2872553383303744,1.265227195673629,1.473318717101335
2010-07-28,1.21802386460402,1.2730139926984365,1.2914284313665256,1.2673979074801973,1.4729088409380313
2010-07-29,1.2074399008039385,1.2646726771108125,1.286888677846413,1.2600615353611955,1.4757182987357724
2010-07-30,1.2027633969059888,1.2615527360126502,1.2880773632612974,1.2485728926554087,1.4847013133491451
2010-08-02,1.2018303950360882,1.2568475742679892,1.2846486186319184,1.2452899332469853,1.4843430975681606
2010-08-03,1.1993317227774087,1.2465872334324581,1.2869079042239662,1.2386056860630659,1.4934696833867276
2010-08-04,1.1951223052932691,1.2452192263581827,1.2918438288773235,1.2373731305900657,1.486103524664652
2010-08-05,1.1902972484711014,1.2477940549586293,1.281423710606423,1.2394329162619098,1.4823663879825926
2010-08-06,1.192424520833334,1.2475313442256373,1.2823940454768747,1.2401299590008277,1.4819933875555928
2010-08-09,1.1928480518474687,1.2462834902582074,1.2824987557842966,1.2390914342536343,1.4837826681535156
2010-08-10,1.1919977037139469,1.2462265737460019,1.2838981623330914,1.2392014474101587,1.4814987266208044
2010-08-11,1.1948326028880185,1.2477430699631922,1.291042794052294,1.2381121123459076,1.4803131643102658
2010-08-12,1.1772317216614105,1.2327863248443536,1.2800303759120488,1.23104538460972,1.486588407507706
2010-08-13,1.1800461722360733,1.224169152204048,1.2789195798232298,1.2219598468947093,1.483039948213821
2010-08-16,1.1819133798352663,1.2217612699342804,1.2775975866671594,1.2188148783861266,1.4776397340663336
2010-08-17,1.18315108335727,1.2235768804212652,1.2778886628823491,1.2191281481458567,1.476766445722151
2010-08-18,1.1826490533855782,1.2227973946541872,1.2771459147755728,1.217195703063915,1.4783580470777369
2010-08-19,1.1825152227467428,1.2228349046385916,1.2772163152464728,1.2172246650467424,1.47843709656721
2010-08-20,1.178473882830212,1.2128976250803118,1.2774729825803695,1.2022421869229711,1.4855947188033263
2010-08-23,1.19641351970243,1.2141247215347164,1.2756059511116726,1.2024780357438691,1.4903568874981672
2010-08-24,1.1942466034194197,1.218443420795538,1.2799385997272414,1.2038556457643452,1.497177147924301
2010-08-25,1.2007959783587643,1.2229284050071187,1.2814646089687771,1.2082033731368143,1.4988900957078883
2010-08-26,1.2018209036947654,1.2233825847750497,1.2853720109310098,1.2090932466336837,1.4969179858585329
2010-08-27,1.2026356251647945,1.2216205280032668,1.285539082276716,1.2098626970024209,1.4936358385790456
2010-08-30,1.2051861555028813,1.2211955239375927,1.286825928432585,1.2099312075588133,1.500104282809172
2010-08-31,1.2036029937877444,1.2174343834388732,1.2894229702201634,1.2048058642726662,1.4994214964243464
2010-09-01,1.2007961885985177,1.2141374010714236,1.2907116889663748,1.1939507811253869,1.4800454862086194
2010-09-02,1.2003871317334405,1.2130035601984082,1.2915647257262992,1.1945266596152961,1.4741104312567783
2010-09-03,1.1993441939369722,1.2135402820093475,1.290978844126658,1.1940928529208146,1.473863555147737
2010-09-06,1.1992547798653048,1.2127046371174979,1.293651148597803,1.1950129752729644,1.4564014420855522
2010-09-07,1.1985425924932505,1.2026675296843283,1.2949298690367723,1.1902670268863296,1.4485786877119884
2010-09-08,1.1990171039715014,1.2051724957452044,1.2958081676912518,1.1911354403966867,1.4482916812027147
2010-09-09,1.1993820383861462,1.2158189337199161,1.298766840403508,1.193773516826394,1.4530863194805916
2010-09-10,1.1980446256247144,1.2156690118531137,1.2983220732438259,1.1915186529817654,1.4544258825253364
2010-09-13,1.1962353118462319,1.2115230295974537,1.299697648308104,1.183870019706907,1.457721301708174
2010-09-14,1.1964745087086743,1.2113474687146677,1.300257329692124,1.1836072853795903,1.4580356757503843
2010-09-15,1.1859732033073422,1.2138151437991551,1.3005233247415162,1.1790748674533895,1.458314556358147
2010-09-16,1.188565654378763,1.2099731507655462,1.302538918104623,1.1893132784923457,1.4467038129803655
2010-09-17,1.1868126220201611,1.2123340378182719,1.3028333463367128,1.1920325520270143,1.4529336506163635
2010-09-20,1.1868274446493037,1.2117057213415083,1.3030444785103779,1.1919247998122977,1.4534927200069372
2010-09-21,1.1866715950579079,1.2118582311805435,1.303874594857348,1.1934498362035855,1.4547918377320306
2010-09-22,1.1839739358989687,1.2074145926183377,1.3073214668297524,1.197198314834843,1.439120729588117
2010-09-23,1.185610616937238,1.2065015490078859,1.3122533470949065,1.198212887541048,1.4388098680579673
2010-09-24,1.1846679826169062,1.2068110892788835,1.3107132202272658,1.1982356497835076,1.4387026142313561
2010-09-27,1.185945671296229,1.210065782465852,1.3118790559066609,1.2097221882968645,1.4446576573657444
2010-09-28,1.1853774605242746,1.2090527890939764,1.3162360699657136,1.2111747272971853,1.4519594885754603
2010-09-29,1.185869467418464,1.2086416367811628,1.3170150563612353,1.2105706492579773,1.453607134806075
2010-09-30,1.1845886333118696,1.2105145423736834,1.3176456397975203,1.211588808708356,1.4524216112913952
2010-10-01,1.1899275884879519,1.217445346612698,1.3156245825259782,1.2155406086508471,1.4376672833306459
2010-10-04,1.1902452413465074,1.2165510611368797,1.318870202999316,1.2106761007891957,1.4267480902111112
2010-10-05,1.1915691859288216,1.2173507423334498,1.3196355736199332,1.2101946224552407,1.4249756260653335
2010-10-06,1.1788071832100986,1.213233342519718,1.3270910869954988,1.2133447562499309,1.399251134098392
2010-10-07,1.170923235824428,1.1991258877510182,1.3211408296537388,1.2034482615346709,1.4065230552116916
2010-10-08,1.1721965027766899,1.200647328920094,1.3210373351375682,1.20336385688432,1.410538633530339
2010-10-11,1.1710618366013503,1.1989650499969084,1.3197634699594218,1.2019467680822595,1.4064948752462971
2010-10-12,1.164479771185291,1.1953273453091136,1.3172214152009862,1.1962749272698665,1.411079377923994
2010-10-13,1.1598874159001593,1.194193206598679,1.315020270803319,1.1978175250056715,1.409247127806393
2010-10-14,1.1614822560816886,1.1958857847526436,1.3158418422629636,1.1954464278972008,1.3907028651438755
2010-10-15,1.1616581998146012,1.1963810949356533,1.316459898319113,1.194445512609697,1.3873979067864857
2010-10-18,1.1604640979450103,1.1920210913411815,1.3132232531614365,1.1871988527715458,1.3852095453556537
2010-10-19,1.162656187978059,1.1916452747716446,1.3161958448777744,1.1915512592080517,1.3874204632097322
2010-10-20,1.161630694929817,1.191936973294034,1.3154282699994257,1.1915498058904144,1.3862616848510319
2010-10-21,1.1633351319318255,1.1906865494803154,1.3179373070458402,1.1904777210387212,1.3850585087226657
2010-10-22,1.1575249846983056,1.1909300970776178,1.311558070716859,1.1897951304769339,1.3898399766210496
2010-10-25,1.1551438510130525,1.1945036198707188,1.3179880841989964,1.1930906275023665,1.402837890565709
2010-10-26,1.1588490365789068,1.2051610065396445,1.3236373528185552,1.2019372924628615,1.4055673919360216
2010-10-27,1.1485452555443878,1.1902614754800025,1.3177262629606339,1.1966153212501576,1.4030616267676908
2010-10-28,1.1425968032044655,1.1907597816281101,1.3219333134232267,1.2074742443522246,1.4033072949930545
2010-10-29,1.1438727659640695,1.1833689218324688,1.327423480722789,1.2108449182194643,1.3957545479033235
2010-11-01,1.1436142810491525,1.181398813667076,1.3292219672531131,1.214117664997053,1.3806026657822557
2010-11-02,1.1446114890260188,1.1801223755744081,1.3290607619602692,1.2143020424922621,1.3800099812836117
2010-11-03,1.1429918719640673,1.1800941125552866,1.3282448800686224,1.2142291685392625,1.3782886306011126
2010-11-04,1.1416015832939392,1.1811187706139303,1.3284794613359416,1.2117924093791494,1.375637782518932
2010-11-05,1.1451214431161068,1.18223803224611,1.3280036812115432,1.2178702446410987,1.3640061568948894
2010-11-08,1.1247946246815979,1.1742260305212107,1.328316398931957,1.222713570029937,1.3661857788367722
2010-11-09,1.127993818209145,1.1714052579859295,1.3321461090464006,1.228243700762847,1.3721230010028624
2010-11-10,1.1286254711062946,1.172656426677781,1.332393580194439,1.2254878622588574,1.377921933785507
2010-11-11,1.1289546047416614,1.1702675407861691,1.3293877282672164,1.2239900355406612,1.3803601795065465
2010-11-12,1.1282976836416996,1.1677448171230524,1.3277731946689575,1.2240561038912845,1.3780827622478777
2010-11-15,1.1351915455722617,1.1773469969476682,1.3409109643237516,1.234425913638395,1.3810836016642458
2010-11-16,1.132782033997714,1.1789548057858972,1.338363344257275,1.2332434097064806,1.3816433289554473
2010-11-17,1.1220213374251784,1.1755484515495391,1.332667362275632,1.2310952073345793,1.3738807400868065
2010-11-18,1.1195712816510344,1.1740808675879921,1.3314944839328129,1.2290833328553272,1.3749127786138513
2010-11-19,1.1252842009273845,1.1791282620593948,1.3312573070745202,1.226006270703166,1.3747798144606225
2010-11-22,1.1263395992897391,1.1827388912445715,1.3339631539088808,1.2258715104217592,1.3767076377241507
2010-11-23,1.127121104090808,1.1829679185175084,1.3356495548688432,1.22429910631705,1.3782559460643395
2010-11-24,1.1305791333025799,1.1810788631375535,1.3334110010229205,1.2231245632275622,1.3817011175083456
2010-11-25,1.1301989997539157,1.1797769629920323,1.3316059544146952,1.222782860673794,1.381927105163937
2010-11-26,1.1286874241946683,1.1738692418356127,1.3322467289223976,1.2219653156832855,1.3709941895588982
2010-11-29,1.1181421325235918,1.1448416843776217,1.3274170174584692,1.2111332485192066,1.3470778369121634
2010-11-30,1.114223335569077,1.1441919118601274,1.3265207145596294,1.212009853704994,1.3438833124317768
2010-12-01,1.1121368421960565,1.1445361475701494,1.329548534917285,1.2138526413842885,1.3508314405952824
2010-12-02,1.1092600720036159,1.1485345073045699,1.3275721386197403,1.2214486827402773,1.3414236224862344
2010-12-03,1.1178088178828467,1.1466741944018726,1.3286289597837968,1.2250934510641571,1.3475929321774411
2010-12-06,1.1186184294141714,1.1478054049906095,1.3294712935914432,1.2262785126204838,1.3474483736218146
2010-12-07,1.1181565875115147,1.148103516528142,1.3299544093961815,1.2260420806449344,1.3459145669009778
2010-12-08,1.1184381915703507,1.1530308277738426,1.3296623903962728,1.2247418925076228,1.3446838970923654
2010-12-09,1.1198289458370196,1.1579512312460778,1.3387403534790028,1.230375022494896,1.3436552508052566
2010-12-10,1.121620372106279,1.1579595560749578,1.343012120214568,1.2345982907134194,1.3404994911697867
2010-12-13,1.1222066395983403,1.1608628669597072,1.3437999724595924,1.2370531343122315,1.3424259966476235
2010-12-14,1.1222466558964381,1.1611273953336234,1.3441835763613974,1.2352951639634564,1.3432884276404715
2010-12-15,1.12247854054665,1.161349859001317,1.3436249378390615,1.2359742274709022,1.343782198544363
2010-12-16,1.1238807976723229,1.1637299653795172,1.3442698936500137,1.235032581424854,1.3461837977340088
2010-12-17,1.127432473324092,1.1613919370872332,1.344980857068331,1.2342955260059538,1.3453479026628314
2010-12-20,1.1244037029664062,1.1625970775960655,1.348359351258572,1.2337481472284144,1.3455645799157743
2010-12-21,1.1283919869259,1.1665703126910105,1.3377029435683152,1.2326288141463928,1.3413115179963586
2010-12-22,1.128878343674561,1.1688219441950005,1.333824972473785,1.2323864366707578,1.3398867654760702
2010-12-23,1.127293966879597,1.1687473114924276,1.3274865302110477,1.2239181777822128,1.3408588193941664
2010-12-24,1.127241559046727,1.166182106121484,1.3337585302362553,1.2229598368273433,1.3457279107545885
2010-12-29,1.1272992133913595,1.166653135253552,1.3335078850879638,1.2234143333803296,1.3457356534703298
2010-12-30,1.1270861354060893,1.1666980326205727,1.3352037405146064,1.2237436723616972,1.3463164581427247
2010-12-31,1.1267388652964716,1.1676712827805478,1.3371266159033468,1.224831848351014,1.3460125932364895
2011-01-04,1.1251479557696658,1.1668309473378378,1.3388607499473846,1.2278970230145352,1.3427740355298792
2011-01-05,1.1270964047819179,1.1664668594532532,1.338777682680943,1.2269219757062655,1.3416799436715614
2011-01-06,1.1261610086631857,1.1661132194527846,1.3376159387966833,1.2228881923461166,1.3405187730064108
2011-01-07,1.124373041535031,1.1663731991914146,1.3367581427420652,1.223099960746129,1.3380342021499136
2011-01-10,1.1248975643243988,1.165238418949748,1.3393227119332944,1.2242432022361345,1.3411451123515918
2011-01-11,1.1298373005070463,1.1656843516482085,1.3452921165845253,1.2270838106059372,1.3430019406430158
2011-01-12,1.1289528202273114,1.1656031406750487,1.3459820096046722,1.2285800935512252,1.3469374617503578
2011-01-13,1.1264171980827282,1.1651634577759622,1.3424842772927779,1.2244290176715498,1.350223004213641
2011-01-14,1.1264503769090017,1.165372073948945,1.3427478471324534,1.2245230310111792,1.3506895110553714
2011-01-17,1.1262934626640428,1.1646138469842082,1.3417814595556525,1.2235062904007845,1.3408059578811653
2011-01-18,1.12094735378641,1.1674156166103256,1.342168011769393,1.229947923611618,1.348884104663337
2011-01-19,1.1207720784788802,1.1668693912861772,1.3428475670778814,1.230539218951273,1.3496733140849158
2011-01-20,1.1197669444185236,1.1660848248297382,1.3466402422431685,1.2317578443004982,1.3681376081121792
2011-01-21,1.1204968055612115,1.1634555720524482,1.3512124300506498,1.2226183110692963,1.3593496904602254
2011-01-24,1.1211413824111993,1.1650021336104603,1.3494608345082681,1.221927318623553,1.3633236116380634
2011-01-25,1.126584454794488,1.171430597707238,1.347049415143572,1.2231455838612213,1.379983477121168
2011-01-27,1.1260815654682395,1.1697049380878102,1.3463352136803703,1.2229451811734404,1.383082779335571
2011-01-28,1.1169500785965507,1.1829136126035746,1.344697967335928,1.2276919797638752,1.395496142326078
2011-01-31,1.1186984336451067,1.1808777574428062,1.342488352599455,1.2329913864945086,1.400719330778904
2011-02-01,1.1255707094655436,1.2010311821527704,1.3581414860760805,1.2466914305956338,1.4096871866406313
2011-02-02,1.1264797576113337,1.2024583283161647,1.3606411272912753,1.2499926182575631,1.391750544799849
2011-02-03,1.125369748914143,1.2028337857483093,1.3591482972168634,1.2478949712667535,1.39472037656293
2011-02-04,1.145114963548228,1.2077485202814955,1.3624665736001231,1.250958427381539,1.3726794503116024
2011-02-07,1.1453037111339626,1.2076690455639898,1.3613284112015487,1.2509156461702642,1.3721967579673109
2011-02-08,1.146400795085269,1.208774957271829,1.360310980027395,1.2484326131075256,1.3607242572760438
2011-02-09,1.1493962319659592,1.2119778036330455,1.3623569242598519,1.251355521096326,1.3575550636100147
2011-02-10,1.1452751236502148,1.2136907313819132,1.3633754343156999,1.2458282568842025,1.3540704600230669
2011-02-11,1.146376553537202,1.2148726037897135,1.362326168562711,1.2462676898895775,1.3515704420967956
2011-02-14,1.1398753512205235,1.21904108411973,1.361620858677557,1.253077294131818,1.3500827306937078
2011-02-15,1.1417374117196109,1.214596422792274,1.3510814358623178,1.24906132439066,1.354803152616053
2011-02-16,1.1342881423701425,1.206612684746065,1.3523311556861208,1.231464216862957,1.3641641553583101
2011-02-17,1.134323423588535,1.2074077945797483,1.3524500281587373,1.2314662999656938,1.3641964374298081
2011-02-18,1.134452568465887,1.202866988417847,1.354388627298962,1.2326272553371598,1.3615779480711634
2011-02-21,1.1313707146726553,1.2212497877384398,1.3535867314770396,1.231488179814294,1.3691186199874905
2011-02-22,1.1325960594072246,1.2222676324607793,1.3547758094400566,1.2320039283036381,1.3685556822333065
2011-02-23,1.1365663755000848,1.216768736975315,1.3526963405577457,1.2379180291001854,1.365527219877076
2011-02-24,1.13570361186877,1.2235978768192566,1.3592653991574002,1.2380134743468578,1.3600982191894986
2011-02-25,1.1345045794896795,1.2158937047565435,1.3581746988222785,1.22589299775404,1.364814505116562
2011-02-28,1.1370845683896564,1.2210024495319811,1.3590740432164758,1.2237553162540031,1.3649793416429643
2011-03-01,1.1363735892408464,1.2222735622700005,1.359097344708108,1.2230417891424947,1.3647878031847658
2011-03-02,1.1390963337286741,1.2163912791934064,1.3587029414382275,1.2262728303296517,1.3675472754522084
2011-03-03,1.1397110184045376,1.2140599061976882,1.3593742617669036,1.2276913246486065,1.3656039192071943
2011-03-04,1.1375585486114845,1.2118926084514052,1.360617422206395,1.2216110682940993,1.355524272768993
2011-03-07,1.1455553799631983,1.2183143716286478,1.3604234840559621,1.2236801373954862,1.3478253808920473
2011-03-08,1.1450445121134092,1.2166537037058558,1.361090588908078,1.2248862873800308,1.3505041424482496
2011-03-09,1.1436613732808794,1.2160120151404112,1.3585896740129249,1.2209731191915614,1.3496761408426015
2011-03-10,1.1356584938934762,1.2090471415396913,1.3501041822266768,1.2147079773404053,1.3441812298191276
2011-03-11,1.1332472361374395,1.2051668369314623,1.3485253657281557,1.2166806512250423,1.3434198077465775
2011-03-15,1.1321147210429154,1.2005513546242659,1.3342414450892035,1.2140895630138078,1.3480886849757538
2011-03-16,1.131679686245943,1.199928867652864,1.3293352826664702,1.2114489184733204,1.3518803305833036
2011-03-17,1.134270973755046,1.205650223338836,1.3289868556917035,1.2090872955877907,1.3516668516968686
2011-03-18,1.129413201934868,1.1987616930093372,1.324157602971077,1.2029144650399015,1.3466746069168263
2011-03-21,1.1304973615921854,1.199364585107366,1.3242046747549494,1.2041824643375971,1.3466359235202245
2011-03-22,1.1308778561402295,1.2002798723821961,1.3240074348067132,1.201841426927241,1.3494315682918205
2011-03-23,1.1286195232506457,1.194899885616543,1.3234792278205538,1.193963652663648,1.3485210425820588
2011-03-24,1.1261935249379036,1.1910117046972104,1.3243167172010053,1.1937450797209952,1.347353757577397
2011-03-25,1.1231821870949648,1.1905097827051179,1.3250014594275152,1.19072497572528,1.3493606440699857
2011-03-28,1.1231428405908,1.1898977682893792,1.3239296300572154,1.1901583415121084,1.349333324614931
2011-03-29,1.1225200461312153,1.1904761501829086,1.3247810272243405,1.1896665040834904,1.3487273258875319
2011-03-30,1.1227292366038042,1.1873937250747297,1.3188868274574639,1.1898737142883886,1.3475227339307194
2011-03-31,1.1223491064909101,1.1880627040279161,1.3192763839765553,1.1914353634415986,1.3410109279014897
2011-04-01,1.1221373303674747,1.1887858625556467,1.3201501972318022,1.1937546735449298,1.3422019274686599
2011-04-04,1.120650922756713,1.1882790990283123,1.3181581524885475,1.194250000450877,1.3347949769065446
2011-04-05,1.119790358382135,1.187947479939272,1.318275281970189,1.194236206220046,1.3336547799237863
2011-04-06,1.1224471985783562,1.1857477105170964,1.3176506421241965,1.1923347760315126,1.3341992888463854
2011-04-07,1.121997316369761,1.1860569963920453,1.3179884032239975,1.192191254005754,1.3347339454890819
2011-04-08,1.1240224036454618,1.190119964123902,1.3188133881381139,1.1906873699058587,1.3332025901048483
2011-04-11,1.1224581489542944,1.1902541914229594,1.3198752497916681,1.1933483454553304,1.3352372692525956
2011-04-12,1.1136005797052666,1.181378420192727,1.3094878488116508,1.1834651689987152,1.332569049740704
2011-04-13,1.1139792353207543,1.180946173720895,1.310599707065875,1.1838742939065527,1.3324336780711994
2011-04-14,1.1153549662570212,1.1796300472687202,1.308744477350386,1.1839288952070535,1.332806990541125
2011-04-15,1.1179097076857123,1.1843541616413942,1.309814986730157,1.1821356663642637,1.3279984109389025
2011-04-18,1.1181633343702018,1.1823582925518785,1.310083233023402,1.1824019731931252,1.328711935024485
2011-04-19,1.1147488141337183,1.1835439446969263,1.3062411812943795,1.179615378158159,1.3176187091508884
2011-04-20,1.1142588344287632,1.1878960932153908,1.302994309922387,1.1834912308661094,1.3215034658981328
2011-04-21,1.1111295815219713,1.1879213832735451,1.3042167283719472,1.1836394862439665,1.3167994018976454
2011-04-27,1.1082346605836955,1.184408274136592,1.3048051245947736,1.180708843637401,1.3148371133457188
2011-04-28,1.111220899986503,1.1909580166685911,1.31199193490784,1.1812246959439607,1.3154431424697246
2011-04-29,1.107639029219524,1.1839827662461428,1.3149428011936124,1.1715831027262051,1.3029403010012335
2011-05-02,1.1054993688359624,1.1850951563689678,1.314592828946441,1.1725965026969556,1.2966615746373538
2011-05-03,1.107196071119895,1.184761999944437,1.3151240588608022,1.1822286968370073,1.2962098281501813
2011-05-04,1.108590160047902,1.1925548780709865,1.3226105755715647,1.1876395787684009,1.300765504445775
2011-05-05,1.1028886981483195,1.1844968810957976,1.3064724474992317,1.1841928962353045,1.2985737783129843
2011-05-06,1.095667514983013,1.1715014272341073,1.2918028679686995,1.1635365636216952,1.2988902820561725
2011-05-09,1.0795911589732563,1.147070955915415,1.2821925074505094,1.1630719549626918,1.301260800998799
2011-05-10,1.0515721243770502,1.13733707149246,1.284856378542674,1.1539306702854628,1.2814822675839372
2011-05-11,1.0464733345054948,1.1249368521623315,1.2867356334373783,1.1502939535088885,1.2821658445812356
2011-05-12,1.0489368760162623,1.121129576144339,1.2795861081339353,1.1403194899032219,1.2781637178061038
2011-05-13,1.0536391258928468,1.1211052959694021,1.2838619611094706,1.136790603848335,1.259520695676965
2011-05-16,1.0447754632454018,1.109640943950218,1.2807056498089038,1.1290646232010353,1.2588967214729028
2011-05-17,1.0445123721432055,1.124149838459569,1.2768604665486172,1.1350003040566967,1.2790143109153918
2011-05-18,1.044009330087021,1.1241262115409847,1.2765287583989828,1.135895164282407,1.2791514879372536
2011-05-19,1.0384838099632596,1.1105106704862273,1.2639009657313365,1.1336106662357617,1.281906224059175
2011-05-20,1.0310097480868836,1.1043677708384112,1.2482135035646182,1.1253188445653912,1.284014910906426
2011-05-23,1.0291429272262014,1.114535111936134,1.2577821929187136,1.140256790241085,1.276773817609104
2011-05-24,1.0261591644879118,1.1052240890654639,1.2451374192044589,1.1220068988654663,1.2852708724904705
2011-05-25,1.0206850178302125,1.10976337065356,1.2391412641886967,1.130855888241564,1.280593459277411
2011-05-26,1.0136421502969564,1.1075292603835265,1.2544473062528896,1.1229382780318105,1.2919702393456887
2011-05-27,1.029950615076423,1.106060556882777,1.2410452450722622,1.1278479237454813,1.2960912835388076
2011-05-30,1.0234578681150577,1.101192419746382,1.2352505725122696,1.1275690692351628,1.2995247459279862
2011-05-31,1.0197418939336607,1.1023673458622532,1.2320162288249201,1.125851922122238,1.2971953270756797
2011-06-01,1.0191729292615141,1.1012111018931234,1.2314627081944232,1.1269329987856695,1.2946473352766867
2011-06-02,1.0141466587584556,1.1099081353489375,1.2253203844046783,1.128123176881106,1.3168433587263844
2011-06-03,1.002677456645419,1.096414272266866,1.2241338573946292,1.123916495081512,1.321740551010018
2011-06-06,1.0006213052997395,1.0981352148302732,1.221429814299217,1.125347584164926,1.3266017682981972
2011-06-07,1.0019866764563585,1.0982415515590274,1.2344917452471489,1.1315530246741785,1.3208456382826714
2011-06-08,1.0020737073639392,1.0967924429789861,1.2290839701943217,1.1291538261188818,1.3330612802334587
2011-06-09,1.0025339071245438,1.0974610802436864,1.230615119819091,1.1298964955184985,1.3348600763968825
2011-06-10,1.0010752089150226,1.0985264686974412,1.2330294640037596,1.1275091283184207,1.3337759141973153
2011-06-14,0.999186017065866,1.103811555502925,1.2200573561845194,1.1289091754946299,1.3183463464862026
2011-06-15,0.998710789875396,1.101237022637714,1.2219965910032144,1.1278705367521487,1.3177639090464743
2011-06-16,0.9985815192780302,1.0983992937489568,1.2314215405226288,1.1314320730185112,1.3076954317183933
2011-06-17,0.9980462331599925,1.096668853367663,1.2307692600861662,1.1305800574776859,1.3013035014139882
2011-06-20,0.9962619177162683,1.0899892915475187,1.2268007323726573,1.128362167104057,1.3007913253157932
2011-06-21,0.9982889883127184,1.0888326954762446,1.2294780475374458,1.1253098169006848,1.307997524413443
2011-06-22,0.997375788499709,1.0879099625390642,1.2240494010051444,1.1243888407808478,1.3001369904210034
2011-06-23,0.9867624715391882,1.0892065630162964,1.2160277766829963,1.1292499783506764,1.2875409364650734
2011-06-24,0.9882641820665357,1.0898259075717283,1.2170552897701086,1.1288033461193208,1.287003668521903
2011-06-27,0.9889031401434646,1.0803921542861283,1.2129950004824768,1.1292176854421991,1.2816075546511552
2011-06-28,0.9915497681286648,1.0800499935380894,1.2137919745408117,1.1296797919668515,1.2793788879576213
2011-06-29,0.989405081126753,1.0827299309300067,1.2079002630572442,1.122115145563298,1.2666299584077672
2011-06-30,0.9872508268879056,1.0847227877261367,1.2140422932865254,1.121224495688331,1.253400364430911
2011-07-01,0.9798020982104297,1.0897586955458463,1.213993014879519,1.113993510899527,1.2541532818748136
2011-07-04,0.9795381195844838,1.088252626232025,1.2129178544612502,1.1127640708371058,1.2555779207765156
2011-07-05,0.9813494055193362,1.0870735854000984,1.2118676912562272,1.1137706914778045,1.2552018850619489
2011-07-06,0.9735264432533298,1.0752773750545797,1.2013090687032133,1.1024239275260643,1.2344068189837711
2011-07-07,0.9709339326566393,1.0726903266724679,1.200925269685011,1.1001703734991404,1.229703283260804
2011-07-08,0.9640914414979947,1.0636986337093133,1.1929354471843039,1.0735099634725411,1.174229520145158
2011-07-11,0.973991096066448,1.0590824493854079,1.2039869004502604,1.071215360141603,1.1761245920841137
2011-07-12,0.9747052682407583,1.0771310866042294,1.2012197752390186,1.073291938543063,1.2174764591029628
2011-07-13,0.979269966732573,1.080420097770379,1.202381391320398,1.072945745641281,1.2173839602168135
2011-07-14,0.9672734628765375,1.0866758836815147,1.194962879224362,1.068476014538919,1.2208806386370716
2011-07-15,0.9667218622412614,1.0844027414491961,1.1945359938839706,1.068682195866478,1.2135886256701607
2011-07-18,0.9681988041030924,1.0853673441079028,1.1939939249313973,1.06938091158855,1.211072783733896
2011-07-19,0.9664220616389281,1.083009751261405,1.1921021498846858,1.0628620573806853,1.2067586612255035
2011-07-20,0.9712270956886159,1.0878635166715211,1.1933515078921046,1.0623009094221452,1.2039242835043347
2011-07-21,0.9710175817868778,1.089621251140242,1.192976538247506,1.061912463837539,1.2047710269556953
2011-07-22,0.9661705848990506,1.0930453582848396,1.195585639491775,1.0643834052379988,1.2174639241091538
2011-07-25,0.9611076294212443,1.0938304396098513,1.188423816287658,1.0734300931216865,1.227509380813221
2011-07-26,0.9640148840174722,1.0890161526600137,1.1810403297078071,1.0713988918120645,1.2295584844315164
2011-07-27,0.9629360968262843,1.0913433923413456,1.1812396119334894,1.0724008666269869,1.2288453840569764
2011-07-28,0.9539184365236588,1.0821431004967188,1.1748736110770281,1.066264085992592,1.260023668686867
2011-07-29,0.9520820796034415,1.08116636800999,1.1755643909757947,1.06522947619695,1.2607011111471582
2011-08-02,0.9375474072879109,1.0692689361595848,1.1624810632723865,1.0534641898087473,1.2536182598297712
2011-08-03,0.929042402750254,1.0818284849156903,1.1471651528493922,1.0547061890121439,1.278955595315156
2011-08-04,0.9349824397689331,1.0930194249582172,1.149142604566642,1.0633806855230659,1.2673992456624974
2011-08-05,0.9110833135638585,1.0851040067133502,1.1029213260703106,1.0483691815504623,1.3083215360639158
2011-08-08,0.8946111151772304,1.0965799843522062,1.0904787958188285,1.050098791329768,1.2729599728350929
2011-08-09,0.9102517714023322,1.1060103198502083,1.096188600287211,1.0593174771509033,1.2815074029948204
2011-08-10,0.9029353376119205,1.1470998527074046,1.116486376682533,1.0771670206022663,1.2292348236045803
2011-08-11,0.9051904309655667,1.142216115277001,1.111704714804555,1.0729252188110117,1.2275523153288794
2011-08-12,0.8908654012609216,1.1361730308168059,1.0942809431368616,1.0665242412444151,1.233538706564307
2011-08-15,0.8760883352597474,1.130655106657127,1.0991894465686212,1.0791698565135108,1.2255501984254498
2011-08-16,0.8756082752073305,1.1392414250557086,1.1128521865152956,1.0880788056733341,1.2085850862288565
2011-08-17,0.875962466937389,1.1329796802054017,1.111653376428384,1.0862309391131828,1.2154501128846902
2011-08-18,0.8679437811616048,1.1275843551083329,1.1062365429951342,1.0825913902823983,1.2151611083585283
2011-08-19,0.8656585377640063,1.1180450855406938,1.1019616302003583,1.0935730587848729,1.2364986726506022
2011-08-22,0.8658871453249032,1.1185361487540684,1.1034797690200575,1.0946925794388078,1.2374792970334396
2011-08-23,0.8659974381221209,1.1192200713636689,1.1135622739937043,1.1090957075602264,1.2467072831604522
2011-08-24,0.8661016445871287,1.1206959822892253,1.115956251018249,1.1089707661887636,1.2472152860143777
2011-08-25,0.870489198539526,1.1224280491843701,1.109228638650613,1.1063410462405014,1.244104512546134
2011-08-26,0.863712214782044,1.119901177693495,1.1073558968944337,1.1035257091748039,1.2438776619230278
2011-08-29,0.860101346505341,1.11541457098699,1.102641350461221,1.1025066759212374,1.2506319644022883
2011-08-30,0.859766066782625,1.116207461219534,1.1019288958944355,1.103083604409793,1.254014868293084
2011-08-31,0.8511020699776921,1.1150624835794043,1.0971369627884335,1.1013928802148913,1.2424397566961853
2011-09-01,0.852127585256611,1.1136859229796963,1.0897352795492514,1.0989956174907236,1.24527947152595
2011-09-02,0.8497342099331047,1.1087414494587322,1.0795964145616281,1.0983544491237016,1.2705480547849775
2011-09-05,0.8531987221434587,1.1157914823766328,1.0806166440760743,1.0988173848957814,1.2926999326603132
2011-09-06,0.8507899896127841,1.1229188662284226,1.086029800746089,1.0928023133357658,1.3038515079481836
2011-09-07,0.8612787909625659,1.131370460862588,1.0858265710983714,1.1030837817707324,1.3091889609147112
2011-09-08,0.8609719926078976,1.131993675336807,1.0859633570778622,1.1027883540333445,1.3081239438482117
2011-09-09,0.8598064673662094,1.128989896533372,1.0841017886680906,1.101911100461137,1.3069555904314198
2011-09-12,0.8724947090336996,1.1196017136213101,1.0935250129819523,1.096775948156509,1.2962664881717472
2011-09-13,0.8686607246977902,1.1177457465867098,1.0929160841633785,1.0961794319712288,1.2936149096813674
2011-09-14,0.8726932411575481,1.121251377332714,1.0914386184136724,1.095244416983877,1.2989933923371324
2011-09-15,0.8746052159956962,1.1248402998272313,1.0969836547602951,1.0970632597812418,1.2906405507585184
2011-09-16,0.8767473789677008,1.1203255576888165,1.1001330849237836,1.0972464082116866,1.3037058691174914
2011-09-19,0.8715924497437494,1.1237563675361422,1.101111359674388,1.0950511787773685,1.3082652948780618
2011-09-20,0.8745930577168628,1.1272029240625876,1.103046322991552,1.0928113468518028,1.308678422334047
2011-09-21,0.8694645733492108,1.126998252741226,1.1017675989626023,1.0916175858796848,1.3160884565538746
2011-09-22,0.8700845864991592,1.1276800676144296,1.093191876666288,1.0839281024067817,1.3186089729302168
2011-09-23,0.8575233830056544,1.1310423402668641,1.088641295041742,1.0813074584757936,1.3174803277091425
2011-09-26,0.8510457292918727,1.1249882270292617,1.076536326249097,1.077250378419503,1.3237391446983968
2011-09-27,0.8597305271659551,1.144667059206194,1.09666641072411,1.0953187368726023,1.3852327440817411
2011-09-28,0.8533584525866945,1.1503289212488819,1.0989602959588436,1.0868855313524164,1.3880391728185046
2011-09-29,0.8514943693482604,1.1533699038251386,1.0981741383448997,1.0869654531780824,1.3854039785801846
2011-09-30,0.8504601719028281,1.1526636067130134,1.0967028861634944,1.0866242605652787,1.3857718554847456
2011-10-04,0.8562091169780494,1.1567948448340002,1.1032089145171766,1.0889521715941015,1.402764266821187
2011-10-05,0.8500265895813283,1.155848919341601,1.107473903870151,1.086248231021533,1.4002163878473588
2011-10-06,0.8640973304344721,1.163218497449498,1.1127831655575646,1.0947839167544084,1.4260399752809945
2011-10-07,0.8630328303207088,1.1726617557673489,1.1114512389987166,1.1012763941558805,1.4532663466842521
2011-10-10,0.8656950057401002,1.1733160014593491,1.118513264674752,1.1012333529971587,1.4596097266018662
2011-10-11,0.8672920635301717,1.173210936056706,1.1193782007146282,1.1017284259769444,1.4638090201671552
2011-10-12,0.8652741666474754,1.1720838539515372,1.120494962607281,1.1016096466565604,1.463888291655514
2011-10-13,0.8637347898898382,1.170513198731002,1.1193285226622083,1.0985206256423046,1.4622956211726392
2011-10-14,0.8626309829438644,1.1694497750043757,1.1165794138818923,1.0995926404144098,1.467968217632761
2011-10-17,0.8641797945555361,1.1693498155316977,1.1159875164161674,1.0994111008611582,1.4695042224349117
2011-10-18,0.8593236853942107,1.1683748350227394,1.1100220613114422,1.0949040823656928,1.4861526250724941
2011-10-19,0.8606354347898794,1.169637296287274,1.1107517151607957,1.0953796223714258,1.4816274017796929
2011-10-20,0.8559141700782136,1.1671631016896207,1.1078863591512635,1.090112375236893,1.4872498729694823
2011-10-21,0.8560032045519166,1.1672049676323526,1.1078013152923347,1.0898435532652688,1.4877994328386805
2011-10-24,0.8581049710079722,1.16066252191482,1.1080699697609566,1.0844175070650857,1.4851663488014528
2011-10-25,0.8571769650433326,1.1611829648809842,1.108022429038099,1.0843608855282176,1.4850069637438452
2011-10-26,0.8566046014895148,1.163395326786554,1.109360801085733,1.0840598522053893,1.4832270123455298
2011-10-27,0.8548550709247853,1.1668337096086454,1.1001250871821795,1.0749613088663388,1.4877648986823333
2011-10-28,0.8530927603800775,1.1661260894757228,1.0999090557551787,1.0754789860106762,1.4889009279563619
2011-10-31,0.852908407976144,1.172894141422547,1.1053199765174049,1.0818369930023322,1.4860347091624166
2011-11-02,0.8601319378161569,1.1809380438809005,1.1167747046835612,1.0851376551288479,1.4995105180854096
2011-11-03,0.8596264525547439,1.1829659987726304,1.1156622627686326,1.0878862878752023,1.5085612412891278
2011-11-04,0.8580196111707769,1.1728727596473223,1.1116895954048935,1.087161401328401,1.5052593485209522
2011-11-07,0.8578111833513721,1.17286089867391,1.111268420964727,1.0872513702034519,1.5051161161481599
2011-11-08,0.859631063314836,1.1741299321579,1.1117141461370623,1.088946947291336,1.504300803753747
2011-11-09,0.8619103423346293,1.1743049009725854,1.1135701966650564,1.0895192630767525,1.511539568916872
2011-11-10,0.8655320710622544,1.168341995093448,1.1199941443483734,1.0902400255960791,1.5041517583655837
2011-11-11,0.8698242797134239,1.1662433976705484,1.1250593066498191,1.0915675768379918,1.5032083186484215
2011-11-14,0.8686700989870575,1.1666510520512212,1.1254881934629108,1.090232320860143,1.5016518344543341
2011-11-15,0.8710596038214441,1.165118935342873,1.1253161670609722,1.0912769322988285,1.5002059217560972
2011-11-16,0.8712317000244486,1.1633565261201213,1.130586937135809,1.0927255139003362,1.5006503217103258
2011-11-17,0.8718867211248437,1.162679966555773,1.1324958355870844,1.090313620318792,1.5034313879695995
2011-11-18,0.8730085619958635,1.1709863708154833,1.1334169523094688,1.092740437835856,1.5033422716711284
2011-11-21,0.8718188483360523,1.1715918676241057,1.1321602003687625,1.093590687950945,1.5017854446636578
2011-11-22,0.8780698373592686,1.1727002495941872,1.1339830659918324,1.0944564145579712,1.510834706213012
2011-11-23,0.8831858045236264,1.179292075533131,1.1373044220949786,1.0964059091177276,1.5067470145319362
2011-11-24,0.8819834478726511,1.1788335767745284,1.137029689794713,1.0964467047572668,1.5075923855922932
2011-11-25,0.8881973272987836,1.1802768691366756,1.1352283858911243,1.095201830827743,1.5079232078864746
2011-11-28,0.8968436545408279,1.1896813841529557,1.1430237005865072,1.09901293551095,1.524316385339263
2011-11-29,0.8969076494208071,1.19040059333268,1.1420871502122478,1.100380258520202,1.5287586844730165
2011-11-30,0.896734754199738,1.1919481231273552,1.1428603854466357,1.1019842860179923,1.5276939063310553
2011-12-01,0.8980092836267409,1.1924296929170053,1.140418685795541,1.10276437615649,1.5377893281392736
2011-12-02,0.8986011137741029,1.190923237536776,1.1405314335399317,1.1031768952164982,1.5302201027223157
2011-12-05,0.89949874385521,1.1906409130378228,1.1402808912064455,1.1037301030061115,1.5318727273749893
2011-12-06,0.8967866197001726,1.1903698800502884,1.1383942385980652,1.0988386007558906,1.5243876336772446
2011-12-07,0.8983491473901624,1.1881347174681418,1.1373851825844299,1.0925898089242476,1.5331209898142057
2011-12-08,0.899091391057353,1.187691174605297,1.1381253307816062,1.0937391440873783,1.532035728692796
2011-12-09,0.8995496450155598,1.1890046342485237,1.138374242367284,1.0903588370246104,1.5296032094030094
2011-12-12,0.9022644824900908,1.1888616074540412,1.1366533071276272,1.087450424602434,1.528366299078737
2011-12-13,0.901483151748167,1.191132223207781,1.1387164962498009,1.0840688003798764,1.5284089553759372
2011-12-14,0.9003107556328672,1.1897721653045747,1.1351572247542419,1.0808044025201549,1.5262738881438276
2011-12-15,0.9017071906294212,1.1902293617636737,1.1357674018922426,1.0792379429498873,1.5164945292805636
2011-12-16,0.9018096835623808,1.1883001989109065,1.134502051915612,1.0789069070320767,1.5140569921870513
2011-12-19,0.90000050919526,1.1782067924700697,1.131491743621099,1.0713717603039934,1.506778352278843
2011-12-20,0.8999672424304107,1.1785646962359904,1.1313348525235352,1.0718601032113417,1.5066883107890143
2011-12-21,0.9003485304468247,1.1798954985499785,1.1291033101654466,1.0716848578912186,1.5045554894476043
2011-12-22,0.8979360012106151,1.1777966575460423,1.1284849883159351,1.0723717238015604,1.5027613137983957
2011-12-23,0.8982403839460616,1.1788201398250389,1.1266479030718783,1.0700166398358542,1.501124587569587
2011-12-28,0.898353324408876,1.1794941220151351,1.132106905474273,1.0636184561413156,1.5021773447922515
2011-12-29,0.8981078916419035,1.1789518556478973,1.1317453082029345,1.0637445539443036,1.5010010905659295
2011-12-30,0.8977467109581958,1.179422816729814,1.1320070678259213,1.0643892202035938,1.5008073918038
2012-01-03,0.8971234721649709,1.1805793323491824,1.1305378530095576,1.063618193792871,1.498678102328682
2012-01-04,0.8904171136511598,1.1765000710773765,1.1261269693076552,1.0601241692210177,1.4944201539987456
2012-01-05,0.8900117659464156,1.178948187160109,1.1260909631531058,1.0611695561793801,1.4894005666186991
2012-01-06,0.8886807770416665,1.1791843891487699,1.1253026949815323,1.061324359114931,1.4899824235206671
2012-01-09,0.8886783100238995,1.1792660429303694,1.1253436522189058,1.0612224973334115,1.4904246935074776
2012-01-10,0.8863525975651422,1.1764631659564468,1.1243007881624185,1.0608970869382448,1.485955582873642
2012-01-11,0.8853481750194605,1.1746774460236389,1.1268444405162865,1.062842780804939,1.4821208064751086
2012-01-12,0.8856123093689974,1.1748091768978652,1.1271740709187401,1.0624143198691618,1.4834232297037713
2012-01-13,0.8855146823982615,1.175263552325947,1.1273348578064046,1.062496064546979,1.4825307857348526
2012-01-16,0.8859486813757744,1.1762888305283175,1.1279928159529737,1.0636432360647399,1.484540196319303
2012-01-17,0.8824415496681081,1.1755019104845223,1.1265292433230445,1.0605048265258155,1.483082827601632
2012-01-18,0.8816719857041136,1.175758836029186,1.1271277605525218,1.062505323855648,1.476639515169672
2012-01-19,0.8815255963680447,1.1754101543894515,1.1268650449882878,1.0623776406415224,1.4758499452684897
2012-01-20,0.8804686251772371,1.1742767558658718,1.125521035435178,1.0605489160411026,1.4853399662210094
2012-01-23,0.8801350231578757,1.1752808238410395,1.1262171247988166,1.0595306594303588,1.4819687923612828
2012-01-24,0.8801513806785553,1.1758777397383795,1.1259276368246245,1.0588649555546974,1.4808685916634567
2012-01-25,0.886305762082929,1.1783295878896272,1.133137355886035,1.0629400614505757,1.4770984082762855
2012-01-27,0.8869819290829722,1.1793963891866446,1.1346757289702256,1.0656461290273445,1.4782611566265305
2012-01-30,0.885753546622037,1.1790835605818857,1.1345266930656,1.0641569050463275,1.4755845992451204
2012-01-31,0.885968059856514,1.1789465147257412,1.1347892276733829,1.0650508568961605,1.474404076025886
2012-02-01,0.88527008623577,1.1784701522372745,1.1358561629161352,1.0644428987664685,1.475545225632732
2012-02-02,0.8841170340676302,1.1779359489436585,1.1348263809847399,1.0642364053866806,1.4747811915213542
2012-02-03,0.8844563054043743,1.1796502228088654,1.13608761299269,1.0657458583713182,1.47385523633198
2012-02-06,0.8832702015418454,1.1810079410187022,1.1359734017131484,1.0655282600439187,1.482408288189955
2012-02-07,0.8857007937575655,1.1879053422334813,1.1382673244011747,1.0662629772076906,1.4842038093081404
2012-02-08,0.8851932497595123,1.1869703718874831,1.1374229688274295,1.0667018221871047,1.4873393440040041
2012-02-09,0.8849003768478383,1.1873605232672213,1.1398532414073421,1.0664071930756556,1.4862669351276363
2012-02-10,0.8853543838254221,1.1854708680748067,1.139920419646973,1.066368419439176,1.481231572187658
2012-02-13,0.8847619993984933,1.184290927485541,1.1401009481672095,1.0677043601037506,1.4823493445946114
2012-02-14,0.8827330798968843,1.1826710177402695,1.1390453197828487,1.064560173532196,1.4876872076715117
2012-02-15,0.8825061027305522,1.1827967298447013,1.1388416756880018,1.0641083917569736,1.487469818302262
2012-02-16,0.878896923681449,1.1818411983118955,1.145981220187293,1.0663027897791917,1.4785983946978298
2012-02-17,0.882096451317674,1.1789431974208533,1.1452545236365568,1.0619688199602422,1.4793782801088158
2012-02-20,0.8819411501438791,1.1781245096565183,1.147068010706568,1.0614404786224583,1.480272377825503
2012-02-21,0.881769016916839,1.1777757366993589,1.1446359711292144,1.059639891921283,1.481643794076998
2012-02-22,0.8817655876544878,1.1777411120695203,1.1449324668755303,1.0599611258396753,1.481704981795995
2012-02-23,0.8818224739520825,1.1780160951948646,1.1450388481703706,1.0599124952895507,1.4822310192290165
2012-02-24,0.8816886482377942,1.178507056125554,1.1452171474893151,1.0594598981031305,1.4819970230238035
2012-02-27,0.8804231777333006,1.177137666281543,1.1434240393706812,1.0586479832683346,1.4808203854865725
2012-02-28,0.8805867229202418,1.1773757894112078,1.1434673529085053,1.0585936273864827,1.4804115180238955
2012-02-29,0.8795706930264214,1.1801363224202164,1.1436751929108615,1.0574903796984847,1.4736771175792351
2012-03-01,0.8791091284967423,1.1781599631391588,1.1426934665829191,1.0578989599581259,1.4743114844474956
2012-03-02,0.8788188747907911,1.1770402066173282,1.1425567062211044,1.0590375815763422,1.4754125365864534
2012-03-05,0.8787969575816675,1.1767547951560189,1.1423254957813558,1.05867780062784,1.4753570637684914
2012-03-06,0.8777199875712002,1.172373564745797,1.140459723592266,1.0551546229183726,1.4743405501098343
2012-03-07,0.8804108025374195,1.1730430761412025,1.1392529720614117,1.0556849640676513,1.4766105213246998
2012-03-08,0.881145121603338,1.1761479771450878,1.13841424638286,1.0573920363635345,1.4809885546169574
2012-03-09,0.8765591641704471,1.174641365959376,1.1397736653676345,1.0568162189913763,1.4793523994312803
2012-03-12,0.8767366627579084,1.174914024022605,1.1396078141651331,1.0566613960388498,1.476831929084394
2012-03-13,0.8770743477053226,1.1751021523459177,1.1397017910823988,1.0598013825052106,1.4770181298788994
2012-03-14,0.8803252777735491,1.1777701526714024,1.142110657618219,1.0623124251145224,1.4828623856180858
2012-03-15,0.8804301570772847,1.1793941724717178,1.1421024496877794,1.0603863239045466,1.4829417275314543
2012-03-16,0.8785111912595253,1.1826415916681083,1.1478768416255232,1.0596227894910126,1.4800944183753448
2012-03-19,0.8783834959097199,1.1827796340287913,1.1500387050726217,1.0606695505106014,1.4799738909146964
2012-03-20,0.87824884787289,1.182110408497599,1.1496184191553702,1.0603357059365421,1.479599734002078
2012-03-21,0.8794932710036645,1.1863738742759065,1.1519787852925916,1.0627521715090702,1.4810475779941505
2012-03-22,0.8796579038844478,1.1866354915099198,1.1525244025738166,1.062229577846306,1.484344075340879
2012-03-23,0.8795771482803433,1.1866621126113475,1.1524184852195176,1.06214021051756,1.484528245158143
2012-03-26,0.8789741512406634,1.1865154044568185,1.1521136746868712,1.061994516915795,1.4850494595336348
2012-03-27,0.8792721935463487,1.1891123038440967,1.1515631414516196,1.0640463559185196,1.4915172065147282
2012-03-28,0.8810969064725199,1.1895693658960442,1.1505109207340407,1.0659595251625607,1.4902462767454407
2012-03-29,0.8809704871930134,1.1897804441253053,1.1509032785890931,1.066132775806467,1.4905668143016864
2012-03-30,0.8813793837089828,1.1897232857614386,1.1503074254728012,1.0665576070647778,1.49129831642314
2012-04-02,0.8811473385665256,1.1920279271131073,1.1537520602189797,1.066615288257823,1.4954318962729805
2012-04-03,0.8816469596531149,1.19175889739538,1.1539970768452814,1.0669563333508731,1.4960706441960818
2012-04-04,0.8814283780374143,1.1917924235554722,1.154100206624443,1.0673471415069704,1.4975558553888277
2012-04-05,0.8824179331373292,1.192069942080648,1.1554403592185787,1.067858610286473,1.500184961808613
2012-04-10,0.8822440225794651,1.192457995913398,1.1552180617972476,1.0672093719940896,1.4978662496172375
2012-04-11,0.8819910695024513,1.192526893108262,1.1522565677949383,1.0669365233750245,1.5029400379894364
2012-04-12,0.8811603553680291,1.1927951836791741,1.1516467508250925,1.0671390369318865,1.502254347262335
2012-04-13,0.8802056861834112,1.1907469267320792,1.149727759797907,1.0651355341091142,1.5085876443144557
2012-04-16,0.8812175362092276,1.1916436789359195,1.1496345334862186,1.0639843159730826,1.5128072593761241
2012-04-17,0.8825177046493169,1.1951000848304854,1.1536279886471448,1.0671523194821664,1.5133401357244387
2012-04-18,0.882585641043245,1.1934342101857918,1.1480822833149056,1.0652785564718077,1.5128300863298816
2012-04-19,0.8823593113518797,1.1943106157103078,1.1485891410374296,1.0640626955108583,1.5105736015326483
2012-04-20,0.8818860705748667,1.1936977804672608,1.1491291340971068,1.0624502178558908,1.5108830547149172
2012-04-23,0.8814403485326112,1.193707502914521,1.1484585055972316,1.062016021410712,1.5106024234350097
2012-04-24,0.8823893023966837,1.195836369761321,1.1496050319260052,1.0627086650723978,1.515625224572115
2012-04-26,0.8828931623782199,1.195437534765578,1.1500423167770373,1.0609592531190404,1.5157825054692564
2012-04-27,0.8831143672678771,1.1964400273829112,1.1477831798750233,1.061289368971237,1.5170524744997638
2012-04-30,0.8843139162111516,1.1971691747272908,1.1463653126226714,1.0630893942096584,1.5153236837378357
2012-05-01,0.886330763645853,1.195135169723307,1.1455040176068532,1.0620683907090653,1.512848023603287
2012-05-02,0.8888282362593473,1.1980287182252365,1.1439252108732327,1.0635732173681267,1.519680728260513
2012-05-03,0.8887771301217716,1.1977038860875235,1.1434634127484717,1.0637770464096727,1.5198558591543336
2012-05-04,0.8877099659537002,1.1968334027499843,1.1434690085983477,1.0612256407258018,1.5191095820207459
2012-05-07,0.8819606494128585,1.188831172169909,1.130798307273232,1.05553753537556,1.51134642699386
2012-05-08,0.881976674071639,1.186688756662222,1.1324213637897964,1.055082676155143,1.512632386333161
2012-05-09,0.8821152572866718,1.1861173873646496,1.1304863107632916,1.0519663744096701,1.5109793292874543
2012-05-10,0.8821059050439172,1.1846214937107036,1.1294389913185652,1.0480469779046109,1.5120140375568316
2012-05-11,0.8815702237893658,1.1845867758497453,1.1276963748254505,1.0469795768949846,1.5118783352697935
2012-05-14,0.8849563352925687,1.1932056670171194,1.1287528397567848,1.0496856628060343,1.5139222255794087
2012-05-15,0.8835694003616628,1.1950358081418846,1.1321647102556964,1.0534159125641953,1.5235782435399656
2012-05-16,0.8815663217808934,1.184768788740491,1.1217814155954586,1.052214410741061,1.5253278131926145
2012-05-17,0.8833933174561707,1.1883889157668497,1.122946028606088,1.0536709371229704,1.5281834935452294
2012-05-18,0.8891302071235676,1.1973537586824794,1.1294514859039197,1.0579587498179421,1.5153943070548026
2012-05-21,0.8890981835808884,1.1981622508173926,1.1300169113787726,1.0569270622254912,1.5143142585327813
2012-05-22,0.8878329173250283,1.1974026781176867,1.1320184740104828,1.0556735139477524,1.5185598510193623
2012-05-23,0.8872910227275261,1.1960672109724535,1.1315231391461695,1.0572501520294604,1.5182643918306147
2012-05-24,0.8883000638808797,1.1940152875572625,1.127245440566057,1.0507195425221387,1.5220408186039174
2012-05-25,0.8888330908343074,1.193790295266453,1.1277282675556837,1.0498098830956486,1.5217064462270045
2012-05-28,0.887060518923633,1.1926477858252904,1.129641378944717,1.0509029382079258,1.5217501268445242
2012-05-29,0.8908295510602149,1.196486941195883,1.1255121778060972,1.0528124466952067,1.5185765251891847
2012-05-30,0.8898017547329571,1.1954260857218941,1.1271002212803105,1.0533093436928775,1.5171176601600576
2012-05-31,0.8891740008059489,1.19598247235231,1.1265359757302453,1.053597024046142,1.5167717420307343
2012-06-01,0.888992564331792,1.195461060996589,1.1253311493334892,1.0526915929553406,1.5172104895297507
2012-06-04,0.8870846366248685,1.1938166225019953,1.1205165483262036,1.0514516793317623,1.5171979764845474
2012-06-05,0.8888926006280977,1.1929847618542473,1.1217022379550268,1.0515966114468744,1.5048740736448378
2012-06-06,0.8892185262462742,1.1915392683892008,1.120418381205381,1.0514161363768215,1.504260046359264
2012-06-07,0.8922954494508777,1.1915360787171179,1.1225786435845324,1.0538653019575788,1.5048388354199138
2012-06-08,0.8928538990218104,1.1929383240820137,1.1239561441233108,1.054047981917194,1.5040970271523622
2012-06-12,0.8926259886214379,1.1917229627606514,1.125450901166547,1.0556098149916469,1.5003731340506867
2012-06-13,0.8925644336409083,1.1913992756126923,1.124890531599449,1.0557190192171495,1.500687459300264
2012-06-14,0.8923561162991895,1.1917084997256824,1.125486848321482,1.0564900475470986,1.5018172938866268
2012-06-15,0.890947796007241,1.190620215568089,1.124908814095947,1.054569174016609,1.5020244039900226
2012-06-18,0.8883554462252892,1.1957132443168748,1.1231129552037273,1.0566353385406542,1.5008506984882153
2012-06-19,0.8857905814446317,1.1983449663309416,1.1185304417271746,1.056007005512294,1.5078577671497733
2012-06-20,0.8860837847765392,1.1993416276680993,1.1193506907284128,1.056106196104248,1.5081506469827277
2012-06-21,0.8862429218642096,1.2017212553741663,1.1196261989181697,1.055676275968909,1.5094525609783174
2012-06-22,0.8834522255219308,1.2009525686993798,1.1197173453498623,1.0564369467174701,1.506162292228118
2012-06-25,0.8832476841512189,1.2013168656648778,1.1201701294285993,1.055723277219452,1.5093206956132847
2012-06-26,0.8833510984928201,1.201052062120412,1.1177989731391855,1.0545973096724068,1.511054897523847
2012-06-27,0.8828696721915268,1.2009292412583787,1.1178294435192522,1.0554352347585585,1.5109174755715287
2012-06-28,0.8816918966773352,1.2023998215600031,1.119748857175398,1.0553234372169877,1.5105565517820487
2012-06-29,0.8806783163800411,1.1996227096055159,1.118983826458989,1.0586384340802546,1.5104906749568905
2012-07-02,0.880558533385548,1.1992593138880039,1.1223403528028033,1.0610031611641506,1.5193247057572012
2012-07-03,0.8795848086834149,1.2009351394504666,1.1219962564193968,1.0612653000455856,1.5248815933681086
2012-07-04,0.8777165019961766,1.1988137775575602,1.1174850503309117,1.0593327146514326,1.5178020328974808
2012-07-05,0.8778109016586583,1.1996500950101616,1.1179180054289315,1.0598492644332183,1.517263379151073
2012-07-06,0.8770602806862615,1.199073731994113,1.1177925894630352,1.059505900922616,1.51688185598286
2012-07-09,0.8768704948973502,1.1978317357387904,1.117087561846359,1.058244351740154,1.5173648840555392
2012-07-10,0.8772120752556493,1.1977561860176775,1.1166890159683545,1.058580723449667,1.5177864901227296
2012-07-11,0.8779253415561432,1.2003445632467733,1.115323186959989,1.0602377917698556,1.5226849713450081
2012-07-12,0.8729151437415115,1.2021798246982016,1.1085050194576807,1.0612658170110765,1.5177958723185776
2012-07-13,0.8719521371031832,1.1948838423191637,1.1086549954526785,1.0602014146355179,1.5015119049487737
2012-07-16,0.8725297090939169,1.1944013564494786,1.1090002895967104,1.0602503796800462,1.4994411915389783
2012-07-17,0.87309567864209,1.192918757673154,1.1084237343920982,1.0614907896459698,1.4941392819883246
2012-07-18,0.8723256354070604,1.19224288624663,1.1069534337061728,1.0599907476358887,1.5008825283186529
2012-07-19,0.8687989709119158,1.1862569049994018,1.103284831230187,1.054514996240981,1.4863233002450504
2012-07-20,0.8692882008913277,1.1865517074441367,1.1033843273437767,1.054834837177259,1.4859390219026969
2012-07-23,0.8643059531117463,1.1814306607406615,1.1001686246795113,1.051723304163436,1.4846030636509013
2012-07-24,0.864210601941288,1.1809524303189103,1.1003210518494815,1.0515630744203746,1.4836870332823107
2012-07-25,0.8623919111857316,1.1769175645017673,1.0979763611149618,1.0488183152160009,1.479585079873896
2012-07-26,0.86030138979765,1.1737988588906312,1.0983886352675363,1.0465065069774522,1.477672784516987
2012-07-27,0.8592004122945949,1.1744758623833256,1.1000581877252147,1.0472307937492689,1.4771113989780555
2012-07-30,0.8610426766415659,1.1742274189330226,1.0986592101538686,1.0471694329942045,1.4753633773393342
2012-07-31,0.8635096553978536,1.178771639658312,1.097119488532341,1.048312694383036,1.4653406772828577
2012-08-01,0.8645037637927099,1.1790839985904862,1.096450115331646,1.0485395779559898,1.4647494429924586
2012-08-02,0.8697617080336323,1.1850433988618714,1.1017043526213048,1.0538814676283264,1.4647427350917424
2012-08-03,0.8712427294506789,1.1794902119671684,1.1080857075213912,1.051175528053646,1.451241127369881
2012-08-06,0.8663345325568977,1.1741205440446711,1.1046870951293268,1.0460728018797345,1.4489505316521547
2012-08-07,0.8746989867223353,1.182185934649363,1.126402242677284,1.052263926064262,1.4329105736921368
2012-08-08,0.8853210839644513,1.177821967619996,1.1366018038832568,1.050814174340877,1.455568392894601
2012-08-09,0.8773273935304506,1.1734369324066025,1.134156069463965,1.0458416526166996,1.4518219732213062
2012-08-10,0.883954695838061,1.1511639677201952,1.1248755208640946,1.034047182982414,1.4818551479031774
2012-08-13,0.883752368233831,1.150860614661828,1.1247789113281539,1.034106706237342,1.481466242768631
2012-08-14,0.8851844534455166,1.1514643490714023,1.1267658328103152,1.0375912008546868,1.4779699286059131
2012-08-15,0.8944802292128831,1.1592966911528124,1.1258860283056231,1.0328355783979508,1.4906269401596088
2012-08-16,0.8955953870377069,1.156513646132414,1.1184088175602354,1.030755070716302,1.501928956708829
2012-08-17,0.8947723105582689,1.1586483326243795,1.1207808283164904,1.0372424434885903,1.4976920924833148
2012-08-20,0.8986032153274329,1.1615031989926063,1.1247912641468103,1.0392271079025355,1.4982427706115389
2012-08-21,0.9003065494614401,1.1722350665280121,1.1265066795898226,1.0286827834514867,1.491393382596708
2012-08-22,0.9008979488694422,1.1718359516553465,1.1250424325471222,1.0277101155268913,1.4901175880134898
2012-08-23,0.8987548489371227,1.1689572570560045,1.1179226363702393,1.0260955790769033,1.4850644423171275
2012-08-24,0.8979252819557715,1.1676024002617853,1.116218469209265,1.026331049438168,1.4858536752729086
2012-08-27,0.8959231075414611,1.164177774070184,1.1159409649621683,1.0274397589262547,1.485989022029836
2012-08-28,0.8949005813014708,1.1655731005896972,1.1168331427909868,1.028112850692127,1.487053695972138
2012-08-29,0.8962643899394924,1.1692265729446036,1.1170328420384825,1.0276724349107826,1.4855745727142584
2012-08-30,0.8959074271689429,1.164578757324297,1.1154493361576123,1.0267129398983121,1.4786869230057047
2012-08-31,0.89584842404574,1.1656603917308244,1.115893278495691,1.0271496892124958,1.4794848049680487
2012-09-03,0.8962752924504396,1.1649513129494986,1.115086655460159,1.0266253136697316,1.4821166531505117
2012-09-04,0.8971999681050817,1.1666072008114414,1.121226145963118,1.028331336213097,1.4754541975531923
2012-09-05,0.8928088565586061,1.1614180080920065,1.121426323815168,1.0255628345265793,1.4645069555887467
2012-09-06,0.8944163818341534,1.1551659878554914,1.1146954910951092,1.028199644466145,1.4566814780332344
2012-09-07,0.8860779710671908,1.1498073281303551,1.1143110728222623,1.0167185879049208,1.4775487454923812
2012-09-10,0.8857999555839825,1.149157146284909,1.1136829313473182,1.0166802963478385,1.4792222111963778
2012-09-11,0.8860664853681006,1.148660099472323,1.1136323355051543,1.0169246475622793,1.4789657919651558
2012-09-12,0.8754275216936248,1.1499375625918433,1.106889429577054,1.0151254400504175,1.490007073532603
2012-09-13,0.8791235043734112,1.151009432358803,1.1083909709813176,1.0156627164057226,1.4942434022436195
2012-09-14,0.8699856323686154,1.1407403785903023,1.1066923406095655,1.0126117937559065,1.4889199844028924
2012-09-17,0.8683639792178853,1.1378673392978518,1.103462780382007,1.0110630500462203,1.4992498894402406
2012-09-18,0.8674397216026172,1.1361156505247276,1.1003410229030535,1.0107655283003338,1.4861092402302254
2012-09-19,0.8664701405429982,1.1346792300788524,1.0981611598399796,1.0083601880589292,1.48041903685217
2012-09-20,0.8652265429748215,1.1301622449354976,1.097411314308674,1.0078871809271766,1.4753805003728377
2012-09-21,0.8697693424245092,1.1296838843341643,1.0994466851440303,1.0092430216422597,1.468797446651652
2012-09-24,0.8682235019343407,1.1269294414738142,1.1073026733096298,1.0145499767461574,1.4676406344629631
2012-09-25,0.8817363640131785,1.121915876877368,1.1114688193843707,1.0170577121310385,1.4685984005144976
2012-09-26,0.8895695147600661,1.129691684066199,1.1255803402993978,1.0215602270452115,1.4618285279959433
2012-09-27,0.88134076191424,1.1042923836855758,1.1058863397034993,0.9978411034483821,1.399709145864982
2012-09-28,0.8844250663998792,1.0990181625416993,1.1026220000328686,1.0017320592515626,1.3944748792211537
2012-10-01,0.886769341423129,1.0950353029032542,1.1037826030301057,1.0014213283747961,1.3977243530094703
2012-10-02,0.8844433473346434,1.094655748965428,1.102462573040186,1.00032674567076,1.3937742286446342
2012-10-03,0.8725447824629314,1.0846036535440227,1.0897003672200962,0.9938008336278332,1.3697280070772335
2012-10-04,0.8803401690369708,1.0853080577745635,1.0861634589810238,0.9969458736085701,1.3725844131126672
2012-10-05,0.8619836118997122,1.0674361212529104,1.0767366273756125,0.9828397345417296,1.3427455005402964
2012-10-08,0.8639870916148998,1.0531226691421445,1.07704381354788,0.9719154221061793,1.3069225325123799
2012-10-09,0.8628674242188099,1.051711663361324,1.0716581581080387,0.969779213909627,1.3036204200783332
2012-10-10,0.8612707710725628,1.0518369652074218,1.0715015890242585,0.9689891818368123,1.2997483641464933
2012-10-11,0.8634150230587537,1.0529450395114757,1.0689276287622675,0.9684579392398124,1.2971941086002918
2012-10-12,0.8660226975930275,1.0547569082176516,1.0710320973681513,0.97214829623215,1.3019422806977303
2012-10-15,0.8684826880308417,1.0575746800987682,1.0723346742622868,0.9732833251771807,1.2970352381818022
2012-10-16,0.8669481593859286,1.056828661479223,1.072758186615189,0.9725238372722751,1.2944557041880371
2012-10-17,0.8631987053758828,1.056701100054749,1.0749530952233375,0.9778526473253638,1.2949335746584953
2012-10-18,0.8600051766255942,1.0539718760578054,1.0718804832028024,0.9744393519816911,1.3091070862750231
2012-10-19,0.865589662030069,1.054634955571802,1.0722534305436047,0.9788367152658429,1.3000361599739143
2012-10-22,0.8645806274146333,1.0550341724074013,1.0723065791937119,0.9770737854174559,1.2994096336038017
2012-10-23,0.8621526956415675,1.05938906727764,1.0708656739538793,0.981783970062127,1.299863784283721
2012-10-24,0.8607493730570296,1.0558953210390631,1.0696844026530874,0.9798124651072206,1.3042389083838883
2012-10-25,0.8601487668204175,1.0548468045500536,1.068244766288329,0.9798514931619233,1.3047478686702023
2012-10-26,0.8655217044428081,1.039307038903361,1.0733434603772596,0.9862485339706927,1.2588763187384566
2012-10-29,0.8655420004587188,1.0390770298431782,1.073605140982181,0.9861169660697647,1.2573249925348262
2012-10-30,0.863864129580543,1.0403791729157363,1.0719223338830024,0.9823075951965403,1.2621547519130802
2012-10-31,0.8568937172662254,1.0252786496777355,1.0567883187568972,0.965246477898556,1.2430438911775357
2012-11-01,0.8548109307190301,1.0354858802633617,1.0579649196410432,0.9569679630779807,1.2386277754136283
2012-11-02,0.8571719771016295,1.0434927174303363,1.0601370678163136,0.9566406650495705,1.2395307433519183
2012-11-05,0.8566773288253111,1.04287416274485,1.061631856582463,0.9560319169865844,1.2413632820783624
2012-11-06,0.8559343989238429,1.0423430018043969,1.061445350931396,0.9530339010660609,1.2436365403328975
2012-11-07,0.8589755330435822,1.0387160757887182,1.06356246899423,0.9565624634630016,1.237651006488809
2012-11-08,0.8488858580788253,1.0469407860230584,1.04799630658578,0.9545177578310056,1.2453466190587208
2012-11-09,0.8453955835882111,1.054195475679503,1.0510583871269559,0.9564506408338362,1.2455926131373498
2012-11-12,0.8428482063091612,1.055163054688814,1.0494086367517685,0.9572692749141115,1.2449741037678903
2012-11-13,0.8396080378360321,1.0611052041613205,1.0562084128448073,0.9606122985124399,1.2547050245195088
2012-11-14,0.8379571337621439,1.0681360389125454,1.0495883670112822,0.9593694938539961,1.2500604635706043
2012-11-15,0.8384314950136824,1.0653126087092506,1.0486128903587932,0.9582658105757224,1.2456983372928891
2012-11-16,0.8362655944852504,1.0482315756640703,1.0457969078568332,0.9524972667302564,1.2366477023910984
2012-11-19,0.8336565634448483,1.0469957871901878,1.0446867533715944,0.9480427834809734,1.2345456103484933
2012-11-20,0.8317286869413709,1.0512986502900752,1.047906123702368,0.9430485319129167,1.2290543476340692
2012-11-21,0.822063547139944,1.0368201571294224,1.041274362869563,0.937512175741687,1.223771624739016
2012-11-22,0.8255273904983838,1.0301547744893917,1.040020910969027,0.9367130024291145,1.2202942136506476
2012-11-23,0.8126809634037614,1.02696086113513,1.0417154208855872,0.9374858942020946,1.2133159499513257
2012-11-26,0.7948775599583592,1.002980578295466,1.0207275371889104,0.9318693042373303,1.1797265731511877
2012-11-27,0.7921706738008324,0.9992237042129074,1.0209015486658974,0.9296699813357244,1.1692768341241329
2012-11-28,0.793424083867998,0.9965396522016604,1.019576293049072,0.9259904545866622,1.1704362352031967
2012-11-29,0.7883946682495541,0.9853249882106795,1.02021173037762,0.9196364475556038,1.1392551105873914
2012-11-30,0.7814268186769986,0.986714283762936,1.0166183024057966,0.917148461281216,1.1593364279808713
2012-12-03,0.7851174351834516,0.9863952518279122,1.0166502672769775,0.9194325965459518,1.1576609330659617
2012-12-04,0.7897457530967377,0.9833612289836444,1.0189972275812507,0.9270555144575059,1.1695317393291553
2012-12-05,0.7896791305465068,0.9840007369414514,1.0197740166813496,0.9257636339371287,1.1679741850408438
2012-12-06,0.789925882798178,0.9862280713985762,1.0199071454877315,0.92519413695091,1.1660123562917508
2012-12-07,0.7862656264067919,0.9798129304058157,1.016281881123595,0.9273295693222003,1.1614650689315147
2012-12-10,0.7788345135383222,0.9780532082394137,1.0180929432133177,0.9319175872839754,1.165200381456585
2012-12-11,0.7799308044149412,0.9677821414862908,1.0104954023102608,0.9337803220972778,1.1665706285218178
2012-12-12,0.7797096488334484,0.967977112493732,1.0099269080373998,0.9339827862327417,1.1659967971728
2012-12-13,0.7743637449764538,0.9646742633425424,1.005868910977613,0.9355469311668988,1.1846161444449523
2012-12-14,0.7726033758968595,0.9664235485718163,1.0066557985995102,0.9349573299410662,1.188918017929516
2012-12-17,0.7744717187325001,0.9851522578968617,1.0095085865288596,0.9498431387881574,1.1915262093495012
2012-12-18,0.7742114838783043,0.9840178460597301,1.0090319261003642,0.947022536229367,1.194940778581151
2012-12-19,0.766699617727501,0.9762634899494623,1.0096849448378995,0.9456315409955124,1.1970897109948262
2012-12-20,0.7717053722339935,0.978641675614063,1.0126674658821546,0.9423119455519761,1.1986566003385817
2012-12-21,0.7710203649217231,0.9723453665411802,1.0096498158958418,0.9437907821346238,1.2018339974274808
2012-12-24,0.7703746648747524,0.9666897444403943,0.9959798169233428,0.9537773128206093,1.2017176642304417
2012-12-27,0.7706068196141437,0.9696606880921882,0.9967906290624504,0.9529825691248582,1.2053634015160961
2012-12-28,0.7698503889146809,0.9680799428861598,0.9956692468776125,0.9516875528703461,1.2046410597652506
2012-12-31,0.7699306561718714,0.9616535484007994,1.0001272246807522,0.9517916182260283,1.2071393274783813
2013-01-02,0.7825919154594385,0.9576754001822657,0.9992377797034839,0.9489962003425614,1.2092505246741518
2013-01-03,0.7843456255659915,0.9496150036120964,0.9977879452057719,0.9442530746195185,1.2131277748390343
2013-01-04,0.7856074832498725,0.943750633579441,0.9919955202201844,0.9379009021366967,1.210932577766274
2013-01-07,0.7868650228706734,0.943556887104083,0.9915651374723252,0.9373965170396901,1.2074615790429573
2013-01-08,0.795911546858666,0.9489974906297955,0.9902944716227668,0.9402223304015619,1.2229322642028635
2013-01-09,0.7975806920631137,0.9535235307481539,0.984182074108007,0.9335087804317654,1.2322457991874372
2013-01-10,0.7976602692254011,0.9537333229764708,0.9841049998103945,0.9342136897161349,1.2333599361230698
2013-01-11,0.7982319129758565,0.9500998405918201,0.9838955120782746,0.9323140595966738,1.2377173162184405
2013-01-14,0.7961219359250304,0.9456050670254809,0.9793260193673252,0.926703199551161,1.2260079826964034
2013-01-15,0.8044862201988227,0.9444177986478925,0.98298840283086,0.9343798394023365,1.2285638084942732
2013-01-16,0.8058181455810699,0.9446582672558042,0.9821524053375477,0.9338782950420228,1.2268388232552045
2013-01-17,0.805490912229464,0.9466336744593606,0.9829890510969278,0.9350932058288225,1.2315658463617483
2013-01-18,0.8068490131060096,0.9505460603334386,0.9831511061114444,0.9356816915938295,1.2229947183443481
2013-01-21,0.806681690011699,0.951981055583504,0.980347937547883,0.9363620967683738,1.2300276204690725
2013-01-22,0.8066100703245441,0.9518802003457661,0.980746152522661,0.9366677562854275,1.2301446035410406
2013-01-23,0.7948171291535202,0.944533320071645,0.9623508669770251,0.928043008767676,1.2224319764372298
2013-01-24,0.7964667450748621,0.9493492911426847,0.9660959612648777,0.9273815061941418,1.2249677076922492
2013-01-25,0.7967422108167742,0.9482200922919424,0.9678711873736346,0.9270359755714269,1.2332879010313453
2013-01-29,0.8020306989992012,0.9535890220043729,0.9790846834716189,0.9317218760165636,1.2257859518626644
2013-01-30,0.8033446441667017,0.9533757191365615,0.9741321259334021,0.9326024278893297,1.2195276911948172
2013-01-31,0.8069572061162976,0.9557311349444384,0.9798555336101342,0.935526176558475,1.2245271511962872
2013-02-01,0.8082569015218617,0.9640206145092794,0.9787238689264691,0.9308657960884178,1.2285157597488203
2013-02-04,0.8121747314906721,0.9572895555089301,0.9813248083622416,0.9321350890729078,1.208561598702271
2013-02-05,0.8121069512785114,0.9434381525483628,0.9792847666325751,0.9312526135750178,1.2234750083860928
2013-02-06,0.8129041901890821,0.9494005380651515,0.9801227475625713,0.9331989500754846,1.212849393228969
2013-02-07,0.8128472334385527,0.9525586329215235,0.9797266097348328,0.9358551153769564,1.2141565237963594
2013-02-08,0.8070653244304143,0.9596114996765959,0.9752243035165232,0.9425408110537127,1.2276630114778502
2013-02-11,0.805641971887977,0.9555551738929193,0.9728131818873145,0.9405487444004353,1.2258697933778058
2013-02-12,0.8058001070139402,0.9547331212174819,0.9708763232027204,0.945318457926018,1.2149657495828954
2013-02-13,0.815953319165473,0.9570997538051532,0.9783081136092611,0.94568618339613,1.2148641982459971
2013-02-14,0.8194358425862298,0.9511335870764107,0.9539912619605122,0.9358274866133123,1.234206530071913
2013-02-15,0.8205923371331036,0.9504213589632258,0.9538905938384924,0.9345168150467373,1.2371372540695584
2013-02-18,0.817977978746008,0.9557055608731869,0.9630719162765806,0.9450800035756908,1.2406353005304034
2013-02-19,0.818331312128166,0.9543206233855479,0.9688101880067785,0.9486465149134035,1.2388852320428996
2013-02-20,0.8201697944153302,0.9562289862982588,0.968405696580436,0.9495716494523319,1.239370127953665
2013-02-21,0.8429910002759171,0.9843270237556658,0.9806214469094295,0.9585558287071714,1.2569173950933696
2013-02-22,0.8457222779514998,0.9846702490731611,0.9830137907366171,0.9575351962287169,1.2548273073913498
2013-02-25,0.8424406839297937,0.9907433011325224,0.988232894299602,0.9589172935052326,1.2571017534280777
2013-02-26,0.8386803844143742,0.9909040983292196,0.9843392856223724,0.9592333574658493,1.2677336470333347
2013-02-27,0.841195590498449,0.9844552497166723,0.9799030525897501,0.961795103204599,1.2774740902086168
2013-02-28,0.8478895550064773,0.9803908316805914,0.983416798218636,0.9611231334003836,1.2599496128255943
2013-03-01,0.8452002683940044,0.979897008577234,0.9804987961864046,0.9588935896649267,1.2614105977865262
2013-03-04,0.8462573984814457,0.9787639219231038,0.9911659953328148,0.9580663364133906,1.2536621476686092
2013-03-05,0.8572866009543665,0.9933794845150686,1.0087958305200486,0.9712084368254558,1.2492533335366638
2013-03-06,0.8489014627368731,0.9883276846927531,1.0118603964933441,0.971203971974963,1.2389812885397933
2013-03-07,0.8472463247933937,0.9839732214328367,1.015035168890844,0.9747267591116608,1.2432096067633134
2013-03-08,0.8531497362072977,0.9855462673549709,1.0124211894722184,0.9774949086641572,1.2515580566881153
2013-03-11,0.8519767324633352,0.9867256017737501,1.0086567503206099,0.9748500380609308,1.2626241474793238
2013-03-12,0.8467541281768587,0.9839567902611766,1.0094673268241618,0.9707037993261278,1.2638508184396369
2013-03-13,0.853258677081312,0.9922453190551518,1.0194270631963496,0.9785490340587419,1.2643176331245012
2013-03-14,0.8524046630435506,0.9906327999097126,1.020966058158846,0.9781105630616999,1.2769729543087194
2013-03-15,0.8561988223445733,0.9942040387388297,1.0301291286947065,0.9812430852404245,1.279750242251777
2013-03-18,0.8535160565487951,1.0060739754075496,1.046271185252066,0.9867674751529625,1.282705868655271
2013-03-19,0.8518262573419519,1.004627820356249,1.0463378814149076,0.9890586213476265,1.2854546306142902
2013-03-20,0.8500491137775181,1.0040490539713287,1.0429559366673318,0.9875707630229298,1.2894802976193112
2013-03-21,0.8503845252178421,1.0026922948125774,1.040389454444625,0.983898229542377,1.288478748783545
2013-03-22,0.8504805154319031,1.0030404988937773,1.0416075422737539,0.9852815099247187,1.2865319696119846
2013-03-25,0.8518262993463137,1.0042367642141579,1.0453107287934778,0.9873736753491006,1.2901202514764725
2013-03-26,0.8550331151263224,1.0028595256521915,1.0451639757703006,0.9870456026639884,1.2725859594468971
2013-03-27,0.8495808559707584,1.0021170145463045,1.0418110918678491,0.9832837988351553,1.2858385620529484
2013-03-28,0.8505019939200654,1.0017269228734513,1.039348987979694,0.9817932509117849,1.2816240461830455
2013-04-02,0.8520007139834982,0.9999937304488947,1.0401795051258118,0.9823474639343329,1.2808429763041251
2013-04-03,0.8531611738271896,0.9946202059002859,1.0347783244183515,0.9877046608174144,1.2762503206275662
2013-04-04,0.8520709883371219,0.9910394782785028,1.0369861110711138,0.9881431829743161,1.2839321840761138
2013-04-05,0.8571474764861924,0.9955747813317284,1.0435872514838553,0.9905133490067413,1.2811270263725103
2013-04-08,0.8583014002817138,0.9957423076598765,1.044205533189951,0.9918265721313662,1.2756133990792526
2013-04-09,0.8607221641782532,1.006772215383983,1.0543529997905847,1.0010952019274022,1.2940345689459334
2013-04-10,0.8629779587272972,1.0068677259802241,1.063348554451271,1.0034471931047628,1.276379116634889
2013-04-11,0.8672745521899308,1.0076204556381025,1.0700271190331898,1.0068509225919446,1.2768572079268339
2013-04-12,0.8678864484358363,1.0086689984930375,1.0755949562528693,1.0138415211433356,1.2670600571832102
2013-04-15,0.8586914686581923,0.9982539768479944,1.0685743148790092,1.0098051723798078,1.2751477614761155
2013-04-16,0.8602507537919177,0.999871592536718,1.068002585759914,1.0074030384732326,1.2838601074311669
2013-04-17,0.8645393563011013,1.002180551313539,1.078147779420094,1.007982348672288,1.2783712633054303
2013-04-18,0.8545363222861082,0.9927169242976636,1.0584163303148721,0.9938573526100701,1.2886694265880831
2013-04-19,0.8541944203934748,0.9916010794797228,1.0570677740015695,0.9924959340980841,1.288253182738079
2013-04-22,0.8553009159763042,0.9904368054328101,1.0557751678612077,0.9926597133015739,1.2921582012509747
2013-04-23,0.8554419892764341,0.9924209807877374,1.055482117269684,1.0009590880672414,1.29291683494481
2013-04-24,0.8642221228721585,0.9963428064880576,1.0614773381329041,1.0069539192433752,1.2840098218517262
2013-04-26,0.8658491559092009,0.9953172355114625,1.0608542512662003,1.0068820069689661,1.2915011401304004
2013-04-29,0.8677325897476245,1.0005796766946164,1.0658280443478139,1.0062515995801997,1.2944122658713855
2013-04-30,0.8749180216400365,1.016827777595154,1.0729550079230317,1.0457463589894413,1.3146813786479639
2013-05-01,0.8765408589021674,1.0160683101444876,1.06868652772473,1.046320508996114,1.3188839772696268
2013-05-02,0.8771329852692568,1.0152022350128753,1.069495771420101,1.0450124517972685,1.3063946425983948
2013-05-03,0.8809943641847743,1.017993630237996,1.0741770528912367,1.0441072356175984,1.299536882876914
2013-05-06,0.8937755770956167,1.0200119382159263,1.0903510799989513,1.0526328258376798,1.3104304629999421
2013-05-07,0.8985092021714557,1.0246023530782298,1.0940965482420884,1.0551118643729123,1.3071700141778018
2013-05-08,0.9001211206704385,1.0311260175765162,1.1002140780035319,1.0596625966983966,1.3110253051152534
2013-05-09,0.9007675214332694,1.0341416740771816,1.1025916506801514,1.0680533906814829,1.3061285111041159
2013-05-10,0.9003587352161897,1.0341357336556343,1.1005892686737844,1.0667111628483152,1.3097236660245968
2013-05-13,0.896778723668332,1.0358004893974655,1.098485670828702,1.0654566564670964,1.3096445788329778
2013-05-14,0.899500676014051,1.0364062190272751,1.0978243009465423,1.0666210968806196,1.297660881337357
2013-05-15,0.9002964844190209,1.0587523112927595,1.1249897490083622,1.0663462053329793,1.270598703363595
2013-05-16,0.8942834786662518,1.0566791158403672,1.122091459957489,1.0658758563253399,1.2854287738010814
2013-05-17,0.8750348353728378,1.0234597602676698,1.1011420138598738,1.054063044601353,1.3122512709824636
2013-05-20,0.8752480769942155,1.0222082057675965,1.1029283223021848,1.0532313111430835,1.3204271766167428
2013-05-21,0.8852504836410812,1.0233487723045962,1.1110716541652284,1.0660967328994568,1.3151563410822282
2013-05-22,0.8896504203920796,1.0307007991694517,1.1137071432684467,1.062024547047644,1.3137728431596043
2013-05-23,0.9075009942297697,1.0468828804114134,1.145495331550062,1.09236752006061,1.3287825615596782
2013-05-24,0.9035072417848016,1.0422670385478212,1.1453489347151644,1.0929102825431074,1.3467257423410113
2013-05-27,0.9043317289176944,1.0379081610512486,1.1432325527097218,1.0887736481158385,1.3274424943461607
2013-05-28,0.9036861682997236,1.041769134219608,1.1490105381547255,1.0854547378456345,1.329312584700393
2013-05-29,0.9044672512805977,1.044411435848723,1.1487326747859474,1.088671318573835,1.335140545584594
2013-05-30,0.8925490248810283,1.0415587865123033,1.1397227460986006,1.0853053514066524,1.336292884756981
2013-05-31,0.8966451691516651,1.0437955991968901,1.1450177865874278,1.0912910073867337,1.335826808474083
2013-06-03,0.8978588657520624,1.0312892350801113,1.141355611665702,1.0830602077351246,1.346512793864031
2013-06-04,0.8916050740236747,1.0231575730639129,1.1384810184075247,1.076897676506732,1.3635460201539815
2013-06-05,0.8943378808716042,1.0363200249943583,1.1544324111506201,1.0904695389069996,1.3825097800419373
2013-06-06,0.879744289078181,1.0323579451919986,1.1541083569218262,1.0835602216480804,1.3751483814309597
2013-06-07,0.8850353231086652,1.0297943751703165,1.1452441579467763,1.0808224755903078,1.3670742683555026
2013-06-11,0.8849658733968124,1.0290276421624083,1.1454392266095166,1.0805492024779335,1.3744963324260435
2013-06-12,0.8835760726354438,1.0322751690297325,1.1480498054255728,1.081993776941451,1.3682766994459425
2013-06-13,0.8768656221058237,1.0231185458468013,1.1279100868982765,1.0666609771229372,1.3614859410198659
2013-06-14,0.8789063138152471,1.045387835534404,1.1334110041451666,1.0805938964283948,1.338870137406381
2013-06-17,0.8935396192368017,1.0352630125965865,1.1417746340807908,1.0836920333792324,1.3500577785204675
2013-06-18,0.8941556170126117,1.0393095466180706,1.1430702712598952,1.0829790693300378,1.3524104424740753
2013-06-19,0.8852738375397372,1.036821407510908,1.12740949898321,1.0742615611334672,1.3580322809713696
2013-06-20,0.9097060677666109,1.0457040816636753,1.1515216347770763,1.0814372064876654,1.3421335515927537
2013-06-21,0.914982571682228,1.0561525904978062,1.155629441819819,1.0800437461532775,1.3555802822567193
2013-06-24,0.9079051056598664,1.054235633472059,1.146190573710152,1.0684149846168904,1.348531878895251
2013-06-25,0.9076391819673846,1.0535958438155202,1.1454580332550033,1.0682162804895359,1.3554592135527592
2013-06-26,0.9097533439822825,1.0536451159096094,1.1442826361312115,1.0655657692881908,1.3734400368979112
2013-06-27,0.924349990290504,1.05322982316067,1.144534949218486,1.072334792290927,1.3417300547331297
2013-06-28,0.926532799573094,1.0575414785383501,1.143619777139135,1.062017415331258,1.3408398509499053
2013-07-01,0.9370561326669188,1.0640571099771718,1.1558620892975315,1.0691490728314939,1.3418680386961772
2013-07-02,0.9278609882050058,1.0308543761583087,1.1300410298591625,1.060210672910509,1.3277768062639792
2013-07-03,0.9165820964971905,1.033989193001315,1.1475323986884056,1.0679016329153301,1.353549555859626
2013-07-04,0.9093274101004397,1.029926642483075,1.1463278950360782,1.0682391900488397,1.3536623544356132
2013-07-05,0.9098835491697312,1.0297978863962862,1.1489247292975826,1.0678227844673975,1.3573116623557273
2013-07-08,0.9087459626003697,1.0351752336854791,1.1482767432318577,1.0736947292960946,1.356362471174654
2013-07-09,0.9102192081060714,1.0381978632217117,1.153294809990565,1.0752183505151804,1.3805652270903581
2013-07-10,0.910203626233386,1.037623835707263,1.1539218661256212,1.074488315731752,1.3852573718419088
2013-07-11,0.9145618549797878,1.041784066039291,1.1592473170605757,1.0701047446495686,1.3752933747977085
2013-07-12,0.9140067366426532,1.0412896518262593,1.1579285433529034,1.068998954323716,1.375582316019343
2013-07-15,0.9141387693697429,1.0445565591565935,1.158694273387478,1.0693183537415507,1.3785817127229354
2013-07-16,0.9104132102564649,1.0450126006018357,1.1561045903224578,1.065218385098932,1.3853667792255417
2013-07-17,0.9146786798142902,1.0476618519207972,1.1601041163879326,1.0694559770894632,1.3805357298506087
2013-07-18,0.9246988604251686,1.0596387923560575,1.171119165509832,1.0830849348955636,1.4149613401929544
2013-07-19,0.9224646299449025,1.0577250053658904,1.174036038852123,1.0821461514814779,1.4130040077584476
2013-07-22,0.9325015726697042,1.0622497089112484,1.1809686659636285,1.0897306385469652,1.4368412813471636
2013-07-23,0.9330630499252135,1.0621282622359787,1.1808486963254812,1.0892881703253132,1.4387120821601027
2013-07-24,0.9343664093456929,1.0645007567449876,1.1804771192238976,1.0883332591242927,1.4313786239286113
2013-07-25,0.9324553799243275,1.066022332699082,1.1798330013570744,1.0899491513367061,1.428691828581092
2013-07-26,0.9330093314436022,1.0651389040361616,1.1808775914530718,1.0881065422671135,1.42912969943848
2013-07-29,0.9276277663419126,1.0621178128032738,1.1803691139619734,1.085678661136284,1.4372702991933748
2013-07-30,0.9274837679671795,1.0591059867351444,1.1835370584131215,1.0858724203162415,1.4383122083553859
2013-07-31,0.9268663346374721,1.0602230525851708,1.184136341039149,1.0859843635744706,1.4385619374639684
2013-08-01,0.926347087416457,1.058913381934349,1.1833966698811673,1.0850590902970345,1.4379560414041102
2013-08-02,0.9248593936654123,1.0655542043164525,1.1904831376043645,1.0940353973949581,1.46203853548521
2013-08-05,0.9286363695522531,1.0710027900949837,1.1976263777930765,1.0976924348961352,1.464000939718952
2013-08-06,0.9281864531105604,1.0707910671842622,1.1970228544536978,1.0980588063009185,1.465865031566546
2013-08-07,0.929892871762998,1.0651706480579095,1.1941482841292268,1.101473656547177,1.4697646173761247
2013-08-08,0.9303679069073321,1.0609905896786445,1.192961804739284,1.1005829886835927,1.4707960593577711
2013-08-09,0.923132003071481,1.0605000953509904,1.188625679099453,1.1061760726503183,1.4836410377816334
2013-08-12,0.9258644360938755,1.0560714188909504,1.1874224391327737,1.1057311433422823,1.467300843875546
2013-08-13,0.9265837314642232,1.0585573248473048,1.181796544127442,1.1063473424418677,1.471800873468317
2013-08-14,0.9294949988330913,1.0546849432497871,1.18213196526882,1.1052849246533736,1.4715319218415701
2013-08-15,0.9243773368299507,1.0559913870172635,1.1781978971329388,1.1054884163558825,1.4733063609596417
2013-08-16,0.9264973783690221,1.058376500353321,1.1768260972080657,1.1069534904622864,1.4777177222829116
2013-08-19,0.9245090154083296,1.056719015569062,1.1751980407783176,1.1054369237867319,1.4748005341640478
2013-08-20,0.9298169227295446,1.046955474774336,1.1820725669921515,1.1004373029483336,1.477865451832509
2013-08-21,0.9304375667656328,1.0497113884689666,1.1823282869636629,1.1010050680916168,1.4802233064231034
2013-08-22,0.9285598100867755,1.0456415764038913,1.1844674160734887,1.1020937164223026,1.4852238057378924
2013-08-23,0.9306999571580085,1.0416648261273582,1.1887468449067318,1.0977173036652723,1.482020995255938
2013-08-26,0.9309389818191018,1.0410135417434725,1.1892768209237288,1.0979229566444737,1.4821865435255608
2013-08-27,0.9335412613149241,1.0398559660663806,1.188469570892569,1.0967376766548809,1.4798809696060164
2013-08-28,0.9392938089958762,1.0392204760390515,1.1913800811279762,1.0942992809385026,1.4942497432072976
2013-08-29,0.9401760602179116,1.0480240150671702,1.1956180484576044,1.0972635669965034,1.5068263036552167
2013-08-30,0.942126060378226,1.0445535590090396,1.1930267941079888,1.0962104819408554,1.5036978186889178
2013-09-02,0.9413432209529508,1.04390130103645,1.1923802531450431,1.0945891927816023,1.4985835082050551
2013-09-03,0.9404020805896626,1.0428476553458417,1.1854892755079085,1.0879951109821828,1.4975247754530312
2013-09-04,0.9408460540480447,1.0446961275614806,1.182696945483962,1.0887237063845878,1.49131257088912
2013-09-05,0.9441573966671584,1.0443336774912193,1.1891428386568916,1.0931283160631755,1.4885580981079416
2013-09-06,0.9449460819064786,1.0451827863484418,1.1908979520670369,1.0938946816913775,1.4877520238405317
2013-09-09,0.9446482446879373,1.0476750477302768,1.1914039562698246,1.0937424897657664,1.4748950423038447
2013-09-10,0.9436870928651275,1.049147494746907,1.1936245428438752,1.0940650260213494,1.4800501431204593
2013-09-11,0.9383607900659326,1.0492190336685923,1.188362591818132,1.096786124683985,1.4957096860419665
2013-09-12,0.9395768294592847,1.0491166808547623,1.1876780355231789,1.0978241566622553,1.4940436456019761
2013-09-13,0.9441980376314434,1.0568716566973282,1.1906162933028814,1.1043286729764175,1.4906030510335049
2013-09-16,0.9439488054709101,1.06061665810231,1.1872171754319174,1.10264190807403,1.493702909973564
2013-09-17,0.9442714275644306,1.0611306135541372,1.1868210595851043,1.102702821254155,1.4919974837419183
2013-09-18,0.944069118914146,1.0633001509370394,1.1860502717691892,1.1024334993609033,1.4955858115683043
2013-09-19,0.9334639716791656,1.0643917957974496,1.1852462778286532,1.1111001603270105,1.4990250068874524
2013-09-20,0.9327689638305438,1.065890478097077,1.1850729667425048,1.1115017964635796,1.4994132538714167
2013-09-23,0.9337201558625546,1.0680735177693101,1.1841558152766987,1.1083182774971714,1.50557856218306
2013-09-24,0.9371274962571787,1.070477039971122,1.1839674217751914,1.1084636190310513,1.506458429277237
2013-09-25,0.9335299076551071,1.0746667791616697,1.1851449362164568,1.110740028348601,1.5006283339925912
2013-09-26,0.9328750523092353,1.0757452358895827,1.184284580720585,1.1105678962985062,1.5017892648388946
2013-09-27,0.9324998851761902,1.0748244472092148,1.183772105615238,1.1102002242239941,1.5013993967460235
2013-09-30,0.9464874997143318,1.0811671953046025,1.1812650890824947,1.116529351732361,1.49712019545528
2013-10-01,0.9498644122809521,1.0807574847489523,1.184240139312575,1.1177373214762776,1.504643762300233
2013-10-02,0.9500809592913692,1.0806969360409426,1.1839670849296888,1.1177067059508683,1.5040008768999487
2013-10-03,0.9483577892040538,1.0813296831689536,1.182389461290507,1.1162313371710852,1.5073765035804563
2013-10-04,0.9486151000676143,1.0830275708848225,1.1823849135613613,1.1182531266153746,1.5105939872321255
2013-10-07,0.9520472078779553,1.0844471919036396,1.1797924273002833,1.1190365699758453,1.513454802159278
2013-10-08,0.9516111434844353,1.0862016723208456,1.182428644002546,1.1193388652301097,1.517185656839609
2013-10-09,0.9519529889593437,1.0859597794524325,1.1815783948905823,1.1196530841177113,1.5154358975993147
2013-10-10,0.9527080092517081,1.086715990988193,1.1820865613404314,1.1196666868886278,1.5160691961677888
2013-10-11,0.9585395331066937,1.089035989947835,1.1872806382507974,1.1258318635565654,1.512385217925134
2013-10-14,0.9564053879395107,1.089229272533294,1.1860045258935379,1.126331426650216,1.5129597009043592
2013-10-15,0.9544704056794278,1.0862053088938797,1.1841229714050805,1.1260399534271213,1.517509618648729
2013-10-16,0.9594804490509632,1.0877006808273373,1.185842646688419,1.1274148045991397,1.5190161193702638
2013-10-17,0.9630205766807255,1.0907023292340647,1.1899534844329813,1.1313070066025879,1.5105652135562622
2013-10-18,0.9649316630734299,1.0947468327335332,1.1931164416438484,1.13166456179387,1.5100260737167517
2013-10-21,0.9660363014147297,1.0917936102912917,1.1916420234870104,1.1357561271699244,1.5117655060825634
2013-10-22,0.9658584148007683,1.0912665484157302,1.1907424648633176,1.135505137973778,1.5097922024578818
2013-10-23,0.9700779190953616,1.0978223580170925,1.193634714559898,1.1397828633356972,1.5036089025902541
2013-10-24,0.9714998512368364,1.0977003569318042,1.1944133110542021,1.141215060263898,1.5036382420324688
2013-10-25,0.9720964434849694,1.1019171641361403,1.1990231679742143,1.1440980355648587,1.5334529730383042
2013-10-28,0.9747591615225136,1.1049028704057469,1.1956022329804268,1.1477608012512177,1.5323332625339219
2013-10-29,0.9757576830580263,1.103260831773792,1.1936129879982582,1.1409674059271373,1.5303472296893104
2013-10-30,0.9755535169445337,1.1060611702168126,1.1950806697870224,1.1430477562185453,1.52524798228828
2013-10-31,0.9810351968450642,1.0939027679907483,1.1980817436384188,1.1520778064123665,1.5338305547083169
2013-11-01,0.9814179098215199,1.0909906205447764,1.1952118936928358,1.1521676689428162,1.5224921372253355
2013-11-04,0.9794967499619693,1.0925135428439519,1.1965326101787408,1.153419415810638,1.5145066716506606
2013-11-05,0.9814041851374286,1.0926242655632887,1.1943450062328318,1.1529828428618252,1.5054514880975478
2013-11-06,0.9816986669786956,1.0971155533755261,1.1924177443134356,1.1522314594503575,1.503597978471536
2013-11-07,0.9870722903659599,1.0969080040397166,1.1958765087219345,1.1479792712325845,1.5014840870118686
2013-11-08,0.9885299079494151,1.095506568759916,1.1962850642871126,1.1464875528869285,1.5007851797309824
2013-11-11,0.9937619013425282,1.0952685969651077,1.199152041421425,1.149500273205618,1.4972448627007306
2013-11-12,0.9972446884502183,1.087926895947541,1.1950601354973096,1.1506626395951602,1.4919278190985439
2013-11-13,1.006580340759086,1.0983939033563652,1.196603657694039,1.1558187221286902,1.4831631998050332
2013-11-14,1.0096376890304581,1.1025201960078863,1.1993103555598872,1.16030934531523,1.485919214368993
2013-11-15,1.007722268388206,1.1054962152381917,1.1978731232179638,1.1587794602427457,1.4904208933161565
2013-11-18,1.0112338662315659,1.104216873592294,1.2005129929385918,1.1617509286281553,1.4991364202208373
2013-11-19,1.0129366662329964,1.1031858903865837,1.2005371533803346,1.1652214945671993,1.5008680421090128
2013-11-20,1.012580341376547,1.1035268394704352,1.1966699882539409,1.1673611231836174,1.4975500598534248
2013-11-21,1.0121126077856721,1.1115021757251535,1.1984266861103194,1.1687630607908515,1.4978576100404033
2013-11-22,1.0099780028308185,1.109100995741886,1.1961732056899277,1.1662019444383929,1.5010238764030577
2013-11-25,1.0089484896969536,1.1093314908498375,1.1968135749748012,1.1666232621990185,1.5019552839638217
2013-11-26,1.0118551705290202,1.1108101631941003,1.198498241907206,1.1660624011939733,1.5041930091107538
2013-11-27,1.0076209510868663,1.109020958840358,1.1981344204169782,1.1632472573599943,1.505980646309776
2013-11-28,1.007071171441775,1.1112737302585907,1.1980903022051934,1.162116870648,1.5065379957937042
2013-11-29,1.008145610967252,1.1079106973522759,1.1972188986313126,1.1612034891268295,1.5002834649491843
2013-12-02,1.0069629684386006,1.110465770946334,1.1986089050714819,1.1549548213838399,1.5035998113334414
2013-12-03,1.0072462826203834,1.1123568700701416,1.2008998586418125,1.1561256970511908,1.5006237900571155
2013-12-04,1.0060587221358124,1.1130357645249889,1.2001032327678773,1.1551213197208907,1.498297857997845
2013-12-05,1.00684842570305,1.1188088789618007,1.2096278282515964,1.1569390575984382,1.498245419097869
2013-12-06,1.0080822574733406,1.1201670090865516,1.2093317633806875,1.1603336401967883,1.5025326728723178
2013-12-09,1.0057243998777303,1.1205420479269228,1.2114184509174053,1.1597988701667057,1.5005537297247398
2013-12-10,1.0050113369026226,1.1206368394641901,1.2114933416467593,1.1604032036609506,1.497558516963467
2013-12-11,1.0068611098917961,1.121631452108021,1.2124579198527174,1.159827330564482,1.4897129982724078
2013-12-12,1.010151124074827,1.1134357152708605,1.2080658579983803,1.1590386135387774,1.4952919773759015
2013-12-13,1.0111548339391465,1.1136821718760854,1.2067437335397944,1.1537580609127047,1.497489080786125
2013-12-16,1.0113711146943836,1.1136031596954077,1.2063487843707585,1.1524803528000502,1.4969614214643074
2013-12-17,1.0122287176785296,1.1142534242328883,1.2073448227483528,1.1542827734905527,1.4944828539169326
2013-12-18,1.0146678413612038,1.1135877763253952,1.2101585446074867,1.1533951254111057,1.4893764281032393
2013-12-19,1.007399238814801,1.1066499109775134,1.208467912636227,1.1391730985962332,1.49673314808718
2013-12-20,1.0094892476484019,1.1013286728486853,1.2028749836015264,1.1446628214320993,1.491206751480615
2013-12-23,1.0106669837403208,1.1028906097026405,1.2043060830287553,1.1438121494340356,1.4890316884700132
2013-12-24,1.010792445389078,1.1016657768175033,1.2045936277852758,1.1436653599599074,1.4900263254821164
2013-12-27,1.0115539280285373,1.1028528566284075,1.2046239769552838,1.1442868063191722,1.4924924934911923
2013-12-30,1.0120662141085635,1.1029332669189231,1.2032995415512038,1.1447471586629887,1.4914320632311666
2013-12-31,1.0149308986184045,1.1107127179270582,1.212601910342296,1.1542991905223459,1.4965015793317624
2014-01-02,1.0143350037371812,1.1114460285352348,1.2143979827856877,1.1560476903771986,1.5026374552435642
2014-01-03,1.0153755600594583,1.1132892609618292,1.2151813989928615,1.157150724941836,1.5023289836745735
2014-01-06,1.012517974105687,1.1131711704794511,1.2159767480780153,1.1586939427378244,1.5004781585193225
2014-01-07,1.006124267807903,1.1121176347985302,1.2187661268798813,1.1577403282848548,1.5009667972411471
2014-01-08,1.0068150468702486,1.1112195878617375,1.218046325681576,1.1602281133207726,1.501046436528497
2014-01-09,1.0068099712367518,1.1113356781973518,1.2178448189613833,1.1596911300928294,1.4997653622620903
2014-01-10,1.0070913882109571,1.1121614582765689,1.2162469985078523,1.161042329419204,1.4965349242179358
2014-01-13,1.0082425743054044,1.1135874854451067,1.2174527557139265,1.162429835324305,1.5001876524681788
2014-01-14,1.0092497474411455,1.1169769144147745,1.214499636724066,1.1626847336907966,1.5064586580946284
2014-01-15,1.007647537914645,1.1170511265635361,1.2147071909374259,1.1625230730314269,1.508959417372993
2014-01-16,0.9948937098561295,1.1117432129203213,1.2059826569820185,1.1540324863543812,1.5061172987611864
2014-01-17,0.9957549638322518,1.1113129814311666,1.2072999286461916,1.1546333748824054,1.50562184747221
2014-01-20,0.9960776747284773,1.1107693607782978,1.207567231842735,1.1550676989635071,1.5067735839666858
2014-01-21,0.9973946476011119,1.1114695928962828,1.207433023884081,1.1553650471397359,1.5060139688059184
2014-01-22,0.9975343294831075,1.1092876893111632,1.2055358099842632,1.1528697831987622,1.5030076920740942
2014-01-23,0.9965071276992912,1.102187754646585,1.2060537703546008,1.1549643502359583,1.4816134397113736
2014-01-24,0.9969316313598175,1.1041918784314695,1.2046589684727163,1.1577655223739294,1.4747317038225813
2014-01-28,0.9893189074058825,1.1019746277648563,1.1940930873448514,1.1572488609594866,1.4907539914448549
2014-01-29,0.9894731434007465,1.0998808065206727,1.195025105375361,1.154276806901943,1.4908247950643458
2014-01-30,0.9904735916518934,1.0990879127887254,1.195303244074893,1.1562034933811443,1.4916380386972987
2014-01-31,0.9902976194327054,1.0922138517966937,1.1959555368105312,1.1584011365436737,1.4883377495797232
2014-02-03,0.9896044641362944,1.0931649989817143,1.193823250240328,1.1580730268330108,1.486358727510209
2014-02-04,0.9881381238943602,1.0977720730490426,1.193706973856672,1.1585814273303958,1.4663021880739417
2014-02-05,0.9912265573393011,1.0974954267011932,1.1935779640988755,1.157369700507906,1.4676564103063432
2014-02-06,0.99253849471077,1.0962175863672634,1.1969986033208744,1.155090117299062,1.4658633837903743
2014-02-07,0.9922157495038307,1.0923584773831914,1.2013995407297402,1.1456029334288464,1.4700109524076268
2014-02-10,0.9977055118102939,1.0975758680990235,1.2032150744831103,1.1459574669189905,1.46904217515188
2014-02-11,1.0005749701869242,1.0999187867353222,1.2053377111123225,1.1508510344707228,1.4519581889561992
2014-02-12,0.9883263438149771,1.0960945960909236,1.1973584271063278,1.152460638260911,1.4570636792315657
2014-02-13,0.9924104780123842,1.0984420120690723,1.194826916028253,1.1520079620240675,1.4632750514631259
2014-02-14,0.9893057528545455,1.09503198069149,1.1948385066046827,1.1517452011339953,1.4607925151953405
2014-02-17,0.989325580927241,1.093228330197091,1.1797926123581863,1.1436030695574213,1.4506941340366963
2014-02-18,0.9894977930137271,1.0948975857382326,1.1799439651535382,1.1444816255530605,1.449147724085182
2014-02-19,0.9875255996842751,1.0937290391244727,1.1815683845174898,1.144358178812307,1.447761918546207
2014-02-20,0.9756837439669037,1.0751899222305616,1.1796900512785824,1.1439143446488513,1.4376180435132786
2014-02-21,0.9748007155293495,1.0662152222731367,1.178125753411123,1.145419547936634,1.4375573491045646
2014-02-24,0.9773185131139984,1.0619281535270504,1.1754401163457853,1.145110380442788,1.4384652230106354
2014-02-25,0.9809146723096577,1.0613756531892993,1.1804938988653928,1.1453220591765547,1.4313507260084477
2014-02-26,0.9803935046106153,1.063368438692239,1.1840892395606306,1.1467539672064988,1.4406459156545326
2014-02-27,0.9758960067392312,1.0706445818248198,1.1808276889623979,1.1452213818386037,1.4529194831816197
2014-02-28,0.9792757079563317,1.073146350420739,1.1838687504354237,1.1451864845055295,1.4490722172237964
2014-03-03,0.9803836087665309,1.076242033568781,1.1783785174105246,1.1498217371694146,1.4592565258219903
2014-03-04,0.9724067294773701,1.0751512838648793,1.1680365150701457,1.1483245812296228,1.4612921944648432
2014-03-05,0.9713698557547348,1.0753643772759578,1.1701402772220708,1.1469471904542077,1.4627271190499775
2014-03-06,0.9721294036968677,1.076523477448361,1.1688814017322533,1.1461872335576182,1.4613665576434312
2014-03-07,0.9727513330103981,1.075500324804952,1.1665619286667628,1.14541633567612,1.456458391354635
2014-03-10,0.9692731760421222,1.0676164848876424,1.1636525069902985,1.1447701905038514,1.4485858006746521
2014-03-11,0.9739385375287102,1.0686654837503542,1.1650664215731827,1.1452136632557333,1.4478054928241735
2014-03-12,0.9701272791373977,1.0641347915022505,1.161114935041766,1.1398051814368715,1.4458285289106778
2014-03-13,0.9726162173262729,1.0673444637132032,1.163085370465432,1.1404598270806587,1.4322542978418409
2014-03-14,0.9650737495394367,1.0624068928800774,1.1577380062389868,1.135308424048561,1.4343357177702214
2014-03-17,0.9726578846110581,1.0555521557047702,1.1480938565069727,1.1341375583985953,1.4315303965544188
2014-03-18,0.9744233077320987,1.0598744344380966,1.1476741829543655,1.1330038104525504,1.4276810817947105
2014-03-19,0.9756484997548364,1.0602422660413497,1.1500916202761797,1.1345946808778318,1.4297893958996357
2014-03-20,0.9710015816556614,1.0524969131538406,1.152621653742885,1.1337170393856784,1.417774630964085
2014-03-21,0.9716969785709609,1.051086922575628,1.1521716707415637,1.1296662995629083,1.4176239832787259
2014-03-24,0.9716618656821331,1.050833960036713,1.1488784570151782,1.1286544114769776,1.4160151019860232
2014-03-25,0.9701468499756478,1.052208250819012,1.1465315084357306,1.1260945455226181,1.418803403378239
2014-03-26,0.9743204890308651,1.0524714380154554,1.1524673287412304,1.128668069778232,1.4098488668668876
2014-03-27,0.9717678392364534,1.0516709145983951,1.153495062948819,1.1285683814268923,1.4098562558973369
2014-03-28,0.9702936554468378,1.0526405283011169,1.1530389685124411,1.1281072220440727,1.409678086372091
2014-03-31,0.96900143681481,1.0565378276123045,1.1566525971800696,1.123081755301198,1.4114482597208624
2014-04-01,0.9714977351837958,1.0602261652626592,1.1555718808208095,1.1237593066290705,1.4039366499164965
2014-04-02,0.9662835091264934,1.0571183953928636,1.15093888211823,1.1216159765490084,1.4049014177858576
2014-04-03,0.9665312475489983,1.0572695204024807,1.1498000549730008,1.1216246687653104,1.4083815777208124
2014-04-04,0.9663672279425216,1.0457391544248453,1.141423822014455,1.1163728199135223,1.3993514606417201
2014-04-07,0.9650813789181526,1.0455618280718104,1.140098238468954,1.1146126683297009,1.4021873291634825
2014-04-08,0.9634661363264663,1.0432362976378304,1.1348077040592672,1.1111105041983498,1.4038855155688996
2014-04-09,0.9634048905407935,1.0402153192885637,1.132159950846491,1.1098769920156897,1.3974525006588274
2014-04-10,0.9739437499326474,1.0498664692701027,1.140736346943164,1.1194018185336778,1.3868296564760796
2014-04-11,0.9717384866804466,1.0489881671309347,1.137472211687989,1.120773640464237,1.3901314065144867
2014-04-14,0.9661741015715862,1.04742696306798,1.1391799997420062,1.1248127363630422,1.4002418869166582
2014-04-15,0.9789546024818215,1.0579177460236902,1.1615087113639306,1.1406982193386668,1.3929771583276624
2014-04-16,0.9782439307814675,1.058050976956398,1.162730321139543,1.140946779501481,1.3945175315133858
2014-04-17,0.97747335720946,1.058087022608982,1.1662521059748763,1.1419168578857475,1.3889680211329394
2014-04-22,0.9779145325607217,1.0557968519502603,1.1670785059548365,1.1356538698316032,1.3876394216291141
2014-04-23,0.9719158880747845,1.0507613054019267,1.1618727190418765,1.1331125288423318,1.4038514701188323
2014-04-24,0.9701511371763004,1.050607897105264,1.162431767088179,1.1330239922916001,1.403746637156066
2014-04-28,0.9684563662885202,1.047883952811664,1.158709565244944,1.1329185822557832,1.4082839757189896
2014-04-29,0.9552306704794321,1.0378703814726742,1.1554876799286646,1.094538224815793,1.378939031699529
2014-04-30,0.9543427195582039,1.0391977297659216,1.1605256237034414,1.0947031913687328,1.3741545605125274
2014-05-01,0.9525041244994678,1.0464153104254332,1.1642418648369899,1.09756259983482,1.374138217427473
2014-05-02,0.9522405881851762,1.045769684357031,1.1641723037544052,1.098211038179068,1.37823010779488
2014-05-05,0.9509938644203718,1.0498618520229206,1.169908816509642,1.1009603146144278,1.3737721241168355
2014-05-06,0.9476525320525623,1.0456225680367621,1.1674633880422494,1.099234464358034,1.3756757830521873
2014-05-07,0.9467870290089074,1.0440686569364876,1.1659020115836887,1.1019140910258767,1.3800187162757662
2014-05-08,0.9467840951702756,1.046063189989771,1.1666264642754993,1.0984320780486942,1.3757486600272564
2014-05-09,0.9467358870287136,1.0457337549331354,1.1674102058161921,1.1004952530947427,1.3749091311925365
2014-05-12,0.9457122062481496,1.0425807001152143,1.1691843153957882,1.1013401545790482,1.3724951365293436
2014-05-13,0.9428837485215725,1.0430076813490967,1.1672129945177536,1.1002159379533623,1.363895960038875
2014-05-14,0.9505204069450296,1.0450653981698974,1.1674899303567243,1.1048936703593542,1.374335214737462
2014-05-15,0.9534401040152671,1.0464130665817675,1.1671870571843426,1.1051868907621907,1.358541054897437
2014-05-16,0.9550933418624188,1.0453976653332167,1.1677702259872085,1.1040981288512506,1.3599236597049227
2014-05-19,0.9542250952735739,1.0469869636044482,1.164830843903348,1.1015635424551784,1.3427509137343503
2014-05-20,0.9506932585279,1.0461955171829205,1.1627022279471229,1.09583742656501,1.3455237625068217
2014-05-21,0.9488630420560337,1.0441642103011266,1.161279136185869,1.0940522093237424,1.3456783615375059
2014-05-22,0.9321435976739341,1.0319682938301262,1.1303741269282825,1.0665634358955358,1.338145541925896
2014-05-23,0.9337423714900339,1.0354508513260285,1.128144395333042,1.0672358889869014,1.3188146744328395
2014-05-26,0.9318302514227982,1.0355170388211594,1.1276335113991374,1.071049044329461,1.3304856874306141
2014-05-27,0.9313133283231675,1.0367082920913537,1.1266211540907882,1.0705910912127732,1.3311820035562643
2014-05-28,0.9317227486497014,1.0375871861928767,1.1273161941503236,1.0709954265431048,1.3309138966139744
2014-05-29,0.9411373075066944,1.0368044102326313,1.1342813751375467,1.0733511481131222,1.3298046650121182
2014-05-30,0.9405484582364843,1.032677740886169,1.131783025556044,1.0743716670322758,1.3294773079122748
2014-06-02,0.9464362634460234,1.0461158402336266,1.1493934466160347,1.086836601085633,1.3120562240401845
2014-06-03,0.945300882683568,1.044946881268269,1.148069622558643,1.08276946235132,1.3152533698851612
2014-06-04,0.9459509016035279,1.0377584651355602,1.1342271089185891,1.0723794132586644,1.2949104834930738
2014-06-05,0.9534756904838311,1.0420402250129779,1.1304613400732617,1.0721801510416342,1.3001119606768101
2014-06-06,0.948897571661547,1.0397672517415304,1.1362886555604659,1.0771560754798664,1.309411278699063
2014-06-10,0.9486952432704149,1.0404989098542294,1.1356258909539665,1.0766790183171664,1.3027726453261812
2014-06-11,0.9498639783966548,1.0366780296569986,1.1311009504275145,1.0717254809982981,1.3028252876749342
2014-06-12,0.9579304147055012,1.0477288858907563,1.148209869466303,1.0830723155711008,1.2994771381830637
2014-06-13,0.9567120509229589,1.025290884923253,1.144793864323015,1.0704116472854892,1.3196121224782746
2014-06-16,0.9497210800808572,1.019507387033818,1.1396141560987683,1.0632348159592013,1.309564564723818
2014-06-17,0.9508653661759969,1.0184855787194393,1.1406020797481977,1.0635909396662304,1.3059229053668127
2014-06-18,0.9593219752950247,1.0185919780743644,1.1559437835545976,1.072915641239816,1.298610337223481
2014-06-19,0.9406824912262367,1.008774906325267,1.1333705562821315,1.0672360809498573,1.3012159240056225
2014-06-20,0.9429817762996484,1.0111563753521953,1.128049380879149,1.0650712370007975,1.298106820827083
2014-06-23,0.9501326246651237,1.0141799253858488,1.1369699658027344,1.0759794229022208,1.3023345499226258
2014-06-24,0.9523044291221023,1.0167411087656206,1.140365240834105,1.0793616270012123,1.2963085543908788
2014-06-25,0.9509843019372686,1.0158805123698718,1.1412010922154792,1.0809418444442047,1.2762554364286849
2014-06-26,0.9351902982023444,1.0147673098366623,1.142569304172179,1.0729290863319318,1.3004291619038653
2014-06-27,0.9369890050493167,1.015620237991367,1.1447285762525374,1.0756124402193805,1.2999014635492756
2014-06-30,0.9256067933842117,1.0066016700898062,1.1265695324592382,1.0635282509695518,1.2873563038488858
2014-07-01,0.9388725096444605,1.04949881951364,1.1629370928861313,1.078253327025191,1.3044014820637555
2014-07-02,0.9571934239873773,1.0666476503445408,1.1504869629445473,1.0763639172966812,1.28790042795575
2014-07-03,0.9683781396082058,1.0706977841719352,1.1542667209607331,1.0766505287232564,1.2846421852288177
2014-07-04,0.9695507037651511,1.0738973676190813,1.1506791402489132,1.0781140944355179,1.2735106773380693
2014-07-07,0.9750080772332104,1.0714602229154797,1.1557614208029297,1.0757329590143765,1.2714561917550575
2014-07-08,0.9722643671169371,1.0680287991520538,1.1506133391613427,1.0736581965333865,1.2328599753691747
2014-07-09,0.9687401000735947,1.0672752755026922,1.1498219994002998,1.0763717241631405,1.2212682292268793
2014-07-10,0.9658704033750882,1.0627400032311742,1.148642054067961,1.0788181079879617,1.2376399515492715
2014-07-11,0.9668787091861191,1.0644020900068303,1.1505422465812716,1.0803293161251242,1.2379401844217992
2014-07-14,0.9671984787419506,1.0643515602320566,1.1500795476052639,1.0800586435385966,1.2352120464245722
2014-07-15,0.9671394421246161,1.064016042677931,1.1498593614548123,1.0803996684633042,1.2356514344587273
2014-07-16,0.9659106006445628,1.0636092819880691,1.1481568117563403,1.0785035564175034,1.2343853773937183
2014-07-17,0.9650520795700501,1.0623018584540378,1.1469807656015807,1.0780813425451077,1.2358638463680993
2014-07-18,0.9649787630725382,1.0647524545059859,1.143158801593525,1.078511406210574,1.2377344244681132
2014-07-21,0.9649624209502157,1.0669515736584336,1.1441432118677304,1.0801050450717915,1.2251223992928828
2014-07-22,0.9640057824336461,1.067120746172015,1.144276851353005,1.0808440328365754,1.2218444962311414
2014-07-23,0.9618234485018894,1.0663406265218336,1.1415778495453865,1.0799397411595015,1.228235116329129
2014-07-24,0.9626923377926274,1.0666640423346208,1.1419130777816906,1.0801709181282397,1.222816266115719
2014-07-25,0.9621391870892795,1.065997786045995,1.1403261915887755,1.078861559565721,1.2273088812423445
2014-07-28,0.962490221223944,1.0652402989791494,1.1403822252812503,1.0796350241223949,1.2298492797950196
2014-07-29,0.9628778548626726,1.0665946377604847,1.1404781418773928,1.0799343563217252,1.2307300977661368
2014-07-30,0.9646793947202795,1.0640873522584546,1.1381346426306174,1.0788698313431586,1.2277470798649444
2014-07-31,0.9673310579234272,1.0665128920155038,1.139061798037749,1.0807787017172104,1.2294564016070797
2014-08-01,0.9659819940050607,1.0595977650769417,1.1333964214691017,1.0714184194376801,1.2016376096485126
2014-08-04,0.9661112989302869,1.059872472119318,1.1339991781056429,1.0722337800730666,1.2010798254766035
2014-08-05,0.9668876273686635,1.0591493294290453,1.133872295520247,1.0728690828730763,1.2011695960033144
2014-08-06,0.963630376403623,1.0636430462382613,1.1309309250772381,1.0688424033744903,1.1869424275994274
2014-08-07,0.9617424336376548,1.068843327575502,1.1308789323637618,1.070803528317771,1.1831604908332056
2014-08-08,0.9646708062815924,1.073730452198102,1.1348142289147858,1.0751801804682903,1.1809166609937778
2014-08-11,0.9615350326000601,1.0807929136200676,1.1345172786589957,1.0764733063948744,1.2031261386025975
2014-08-12,0.9646754197875086,1.0787106209070851,1.1454983939813224,1.0744913138209629,1.1822234181131777
2014-08-13,0.9665130354650153,1.0787147439163145,1.1435524532265084,1.0750497877507172,1.1822832781352293
2014-08-14,0.9637267205265911,1.0803033097454156,1.143982443028609,1.0724593374123277,1.1845418565562504
2014-08-15,0.9640811199087554,1.0810191244726453,1.1423639453701175,1.0513614103902273,1.180234179543625
2014-08-18,0.9655375911245105,1.0758743658228076,1.1407190240413774,1.0530384154752412,1.1836732434298356
2014-08-19,0.9617375724549289,1.0678992680372215,1.1405241756397086,1.0577814413522482,1.1855789455123604
2014-08-20,0.9592597992106964,1.0641272512003659,1.1405975008108766,1.0592794020739809,1.1816385199482855
2014-08-21,0.9626001733182121,1.0699493675713643,1.138554148236819,1.0577516067312978,1.1753614482795507
2014-08-22,0.9612914733348579,1.0758679264250435,1.1346444016300337,1.0631446229326302,1.1700423005316793
2014-08-25,0.9600826898245254,1.075943253766967,1.1339593869097413,1.0638258475076794,1.1709060902646378
2014-08-26,0.9590201164511319,1.0758434207666525,1.1344276372822824,1.0638345118468124,1.1710026644592597
2014-08-27,0.9517026540042113,1.0776725877435434,1.1302838922671874,1.0680064183658686,1.149056923307862
2014-08-28,0.9497089772856536,1.0755575843665612,1.1291300446434984,1.0686701262699934,1.1492917331066248
2014-08-29,0.9475591321727624,1.0813367202748965,1.1323438609687422,1.0700070322609203,1.150526741513689
2014-09-01,0.9489047486324484,1.0836007723061847,1.1341516217856213,1.0748332105345382,1.1435996117209786
2014-09-02,0.947776314714829,1.0800399653483668,1.1310716853178935,1.0744755349216908,1.1397615077088254
2014-09-03,0.9497050193293296,1.0787439033896058,1.1291400041106203,1.0727705487670796,1.152174848855102
2014-09-04,0.9476859010584563,1.0829660103866166,1.1304383501637638,1.0717663121921834,1.160933037098655
2014-09-05,0.9465011367156303,1.0828536988042434,1.1295129723393664,1.0714282049100017,1.1614354957705848
2014-09-08,0.9469681986564474,1.0806601651529304,1.1303789498027692,1.0714496397336348,1.1771798709696604
2014-09-09,0.9459532105077456,1.0757719524531375,1.1238127674415708,1.0701937934376264,1.173664168677306
2014-09-10,0.9451965533349883,1.0706542093483415,1.121271226241132,1.0688792287999755,1.1589221547442283
2014-09-11,0.9492392550216615,1.0698943286215168,1.1208476952108808,1.069977536441257,1.1472256266880392
2014-09-12,0.9509645143445424,1.0682324723054863,1.1206952636247494,1.0726667519432853,1.146337556012445
2014-09-15,0.9593713682267523,1.0644984709448355,1.1259745952224327,1.0777222629375234,1.113511213792674
2014-09-16,0.9620473482061074,1.063523932797163,1.1269269052332513,1.0785728010467144,1.109729251403448
2014-09-17,0.9671767827334833,1.0684199179819949,1.1354566619474573,1.0889449686516386,1.0980640797706362
2014-09-18,0.9815672817660442,1.0685740704577094,1.1339225634731416,1.0829109069362415,1.0910732106737524
2014-09-19,0.9825126636929806,1.0733888332536496,1.1328143428217532,1.0859496146809415,1.0895434883533472
2014-09-22,0.9895264957326968,1.0879374189935898,1.14721266732683,1.1006076086398606,1.0774004821308083
2014-09-23,0.9888527798046862,1.088968996198159,1.148259236702991,1.1027821456553344,1.0784330117503467
2014-09-24,0.9988698172787871,1.08483516648573,1.1470556406834573,1.099484521299469,1.0768230949349291
2014-09-25,0.9985691405255706,1.085801791256299,1.1448854949583753,1.0988624090888568,1.0795790356727135
2014-09-26,1.0063106442135785,1.0854922223206327,1.1398172575215642,1.0952520892424584,1.08127875668245
2014-09-29,0.9911910393060868,1.0868425051722743,1.1401406159650216,1.090868874467356,1.0746605421563726
2014-09-30,0.9953111413182181,1.0928445651679002,1.1442139858682747,1.095562211124052,1.0742623543436542
2014-10-01,0.9980168636102819,1.093080096456955,1.1457630961494456,1.1014699956318876,1.067640539740468
2014-10-02,0.9981969647473229,1.0885460002381941,1.143156327254029,1.1016509823732616,1.0661274063548778
2014-10-03,1.003727336190782,1.0921617653473188,1.1444630857831244,1.1044630014941283,1.0626962610576207
2014-10-06,0.9997370177753615,1.091822199778652,1.148467074402152,1.1034137858580688,1.050822051831821
2014-10-07,1.0021920927833095,1.09249506942294,1.146822828211931,1.103757341559699,1.051171653926963
2014-10-08,1.003890560629871,1.090751145453679,1.1424569809428746,1.1019292971192864,1.056995114063312
2014-10-09,1.0089207791448247,1.0892767881338623,1.149009181210714,1.1074602676231646,1.0609903073734022
2014-10-10,0.9981479621073398,1.0734909860097412,1.1307386056618574,1.0905797521823568,1.0565443130711991
2014-10-13,1.0029404390449235,1.0718682321404822,1.1346678944236523,1.090491207261118,1.0513213958223047
2014-10-14,0.9961160794788033,1.0766770792321185,1.133163328518036,1.0844823032697626,1.035455261914897
2014-10-15,1.0034869363233778,1.0780953031002969,1.1344017221509415,1.0838715708472983,1.0353909616933015
2014-10-16,1.0023522450188007,1.0755231625717165,1.1325623914615097,1.0837278444876601,1.032964999341395
2014-10-17,1.001930958202719,1.0756461313860328,1.1326895201135725,1.0876670244671696,1.031335495377183
2014-10-20,1.0024582561645197,1.0782511856908528,1.138193670453225,1.0920546517962437,1.031137993773196
2014-10-21,1.0027721114989023,1.0788605814097978,1.1390274202650692,1.0923798266736795,1.0330298584355573
2014-10-22,0.9960978245716756,1.0722744553443788,1.1346259561310135,1.0909258357991116,1.0333062910445194
2014-10-23,0.9928700617234123,1.0718063769883304,1.1324809533193945,1.0883101767983054,1.0325205908131725
2014-10-24,0.9924895977653903,1.069915676304949,1.1316893750221837,1.085395167023698,1.0308964344064295
2014-10-27,0.9940422655674853,1.0632031816918912,1.1361513215066452,1.079484359131838,1.02718736358393
2014-10-28,0.9920711886613615,1.0652227762485296,1.1371314362994582,1.0870026640349715,1.0280555556418287
2014-10-29,0.9928275207713754,1.0695201483574144,1.1378476312066779,1.0886469664037435,1.0296943572246633
2014-10-30,0.9924958958029562,1.0677311098682634,1.1371888495821998,1.091332089688554,1.0269464542612037
2014-10-31,0.987555178496867,1.0712793309438828,1.139326227886201,1.0888657202700571,1.0490207636199775
2014-11-03,0.9891206130104278,1.0703860740158366,1.1372668827471704,1.0858891300893163,1.0568704357887642
2014-11-04,0.9864028426239301,1.0666854734732345,1.138662996783982,1.0857596734401969,1.0701342836453833
2014-11-05,0.9857186386766033,1.0669597139770057,1.138476549509508,1.0854873060943915,1.0700997251130686
2014-11-06,0.9844295865712602,1.0688337095566611,1.1398454205896986,1.0882406651832155,1.0660294483529686
2014-11-07,0.9925308720954006,1.0594012304391234,1.1392959241127898,1.0850978471734853,1.0589669344065247
2014-11-10,0.9908087846115176,1.059649073981713,1.1421633578697392,1.0836765296482658,1.0642658648153938
2014-11-11,0.9902475904958395,1.0598095047556053,1.1419939433440327,1.0836874202632232,1.0645177360524474
2014-11-12,0.9821146048230031,1.045397692864829,1.137557730744992,1.0747774488244795,1.0676553884702122
2014-11-13,0.9805436327758787,1.0486752976035554,1.1376750770449542,1.071830875471385,1.0679803041363891
2014-11-14,0.982047967269792,1.0447334294020634,1.1368979991016874,1.0693532167537483,1.0627135988247995
2014-11-17,0.9827756035167716,1.04710238015358,1.1372645367411578,1.0724479015233543,1.0600677039966249
2014-11-18,0.9844174946053394,1.045328685386183,1.1343232989383463,1.0726695922084624,1.0587436949034479
2014-11-19,0.985787033088236,1.0469396594406455,1.135008114797191,1.0684412117802742,1.0639245385330012
2014-11-20,0.9776326771361044,1.0384757862434215,1.1321432812062344,1.053962175424525,1.0643780316000717
2014-11-21,0.9812160250596659,1.0390207527934257,1.136680071410203,1.056493557803638,1.0564415163127354
2014-11-24,0.9761890398024807,1.0312885724543963,1.1329248158889453,1.0465087147455683,1.0441167160065223
2014-11-25,0.975049628890255,1.0319804228034946,1.128289148995041,1.04022126951143,1.041678736507519
2014-11-26,0.9784463476133932,1.0330995915855066,1.1321184578964822,1.0405532939581088,1.0477600121460597
2014-11-27,0.9787137209846938,1.0339029855862545,1.1323235213427938,1.0406293215289544,1.0472535992039274
2014-11-28,0.9694979720287873,1.0245897319510766,1.1352424922711768,1.0394224401221035,1.0418771538181184
2014-12-01,0.9528913132135507,1.0133925638779018,1.1130420752210826,1.0224134859669456,1.0182587692740437
2014-12-02,0.9505597955745361,1.0056819049053884,1.1105737943244283,1.0071413218583753,1.0108090869238187
2014-12-03,0.9510105472839195,1.0009691500030855,1.1078098490642143,1.0036497925608028,1.0236642834446872
2014-12-04,0.9462682032437285,0.9950449874165989,1.0994037392842921,1.003022677387496,1.0194649859038554
2014-12-05,0.9455514460711844,0.9978200710535954,1.102915239036825,1.0006667475989337,1.013130249440663
2014-12-08,0.9496110406948164,1.0034737603388455,1.1010015139823708,1.0021254881210493,1.016267294855843
2014-12-09,0.933577282183372,0.9951854285600674,1.0871303223257585,1.00120942504877,1.002399779564271
2014-12-10,0.9281193845018794,0.9961756598181829,1.090678416133957,1.0053670977806872,1.0152853728231648
2014-12-11,0.9224226456548762,1.0064910439282388,1.0970943184679738,1.00734278436576,1.0108449268227087
2014-12-12,0.9218022569819314,1.005517197349279,1.099056134232312,1.0144900431482995,1.0066082226810205
2014-12-15,0.9208054823268276,1.0097068512275023,1.09820695713541,1.0157430754901502,1.0108232436500237
2014-12-16,0.9195803577973275,1.0047028265164908,1.0986176543775361,1.011597556879682,1.017401388260591
2014-12-17,0.9190679306536921,1.0040876183547065,1.0963592213156999,1.0113348631894261,1.0160200132166632
2014-12-18,0.9261323391812949,1.010279405429865,1.0914581593890433,1.0299694344460701,0.9820142061787817
2014-12-19,0.923692560485903,1.0252107544185556,1.1017087735111382,1.0159041737513008,1.000454616219617
2014-12-22,0.9233044139455654,1.0175541451840764,1.0910534973629908,1.0059201589321733,0.9855940064321425
2014-12-23,0.9189563971501757,1.0114177251964476,1.0869914045034224,1.0023089224870927,0.9711962528893885
2014-12-24,0.9184880803349293,1.0126758187884208,1.0872532585833556,1.002694789844388,0.9698423889981052
2014-12-29,0.9163974596448701,1.0036030301070764,1.081229747844814,0.9929471900496045,0.9586299447727096
2014-12-30,0.9134113809049594,0.9981724753586415,1.0754968124111217,0.989251038658527,0.9579676143380387
2014-12-31,0.9138215374675849,0.9984510691591915,1.0764769000773462,0.9896759967548325,0.957873686554165
2015-01-02,0.912390174346814,0.9963093726962322,1.0768640559396745,0.9904525139073748,0.9581642294063288
2015-01-05,0.9139845136703194,0.9964230653718243,1.0749721523585036,0.9887529676345144,0.959974476916032
2015-01-06,0.9063549545528504,0.9868390097108486,1.064986365928288,0.9841678215393702,0.9682577195672927
2015-01-07,0.9065437088684216,0.9859355232372546,1.0655549552711792,0.9839966035471182,0.9668729631206876
2015-01-08,0.9059006360950419,0.9874497491878742,1.06530521753181,0.9848796485471933,0.9679233795690058
2015-01-09,0.8971509194554375,0.9882689203705475,1.0689271210219962,0.9846460798601046,0.9526670666186021
2015-01-12,0.8943559719690788,0.9872462242772103,1.0640916346877083,0.9818250355998963,0.9523965496048571
2015-01-13,0.8918429997776582,0.9817149351454725,1.0630520106848589,0.9785838679600078,0.9354076439050838
2015-01-14,0.9005358330448893,0.9762356451954749,1.0619347734783566,0.9833889243383439,0.9399795916817931
2015-01-15,0.9153214358150136,0.9806332327572631,1.0725446593391794,0.9913976458769608,0.9331243536025503
2015-01-16,0.9122527611709345,0.9793526311935791,1.0695192021065816,0.9921481952224539,0.9352376058413412
2015-01-19,0.9111450935852257,0.9787404011871553,1.0686872554756792,0.9914174586596509,0.9402259218334611
2015-01-20,0.9090685186009919,0.9765742383648751,1.068014216130572,0.9900207973440946,0.9379729708545564
2015-01-21,0.9075471334963569,0.9782214170800946,1.0662688141913879,0.9769486413180005,0.9219659023989114
2015-01-22,0.9072849242577156,0.9847451546879645,1.0654457461991538,0.9740063309932567,0.9394348212287884
2015-01-23,0.9039386578884216,0.9804308042748845,1.0603442940253118,0.9704476971800557,0.9541863377927822
2015-01-27,0.9116426025922594,0.9799415430007193,1.0613295734312553,0.96797527384198,0.9362936763892712
2015-01-28,0.9110803902468608,0.9816000549599788,1.0595879601260847,0.9699838413033226,0.9305502787344603
2015-01-29,0.9109297407170907,0.9812869629388955,1.0575077319855661,0.9692848036339804,0.9275343164893559
2015-01-30,0.9115604562971847,0.9813397497829235,1.0554872465809535,0.9688768942247284,0.9281161528254842
2015-02-02,0.9104672161762856,0.9783985366590079,1.0577454009776335,0.9703841819467632,0.9267743161343859
2015-02-03,0.9032377382189218,0.9705579379094703,1.052618681024883,0.9775458486406029,0.9352377443251519
2015-02-04,0.8942388731803104,0.965238574715433,1.066656488697007,0.97785617472401,0.9407026852708441
2015-02-05,0.9007769414897365,0.9649834536425994,1.062767134115213,0.9777812551210513,0.9380821759199875
2015-02-06,0.9040095114142374,0.9667819620329976,1.0607203735972388,0.9811604000482201,0.9345699360493258
2015-02-09,0.89780453708344,0.9597819869625868,1.056358773923121,0.9770069921078667,0.9308416949178816
2015-02-10,0.8946330941540492,0.9566404330669054,1.0539044422608834,0.9701661703958686,0.949145234129998
2015-02-11,0.9014217154322153,0.9564171771271655,1.053969423627196,0.9633583799640385,0.9402611454407773
2015-02-12,0.9025409488156388,0.958233610055207,1.0536059342455644,0.9630509124636208,0.94819906061804
2015-02-13,0.9062588313059867,0.9593276444543555,1.0504859521780807,0.9598642423924945,0.9686499090424164
2015-02-16,0.9087057680132764,0.953304000832557,1.052083524056907,0.9591183558676096,0.9706735975554039
2015-02-17,0.912444842080613,0.951462113923129,1.0516030034657298,0.965082388588734,0.9602159889050553
2015-02-18,0.9116044714551632,0.9476048967523627,1.048537925447696,0.9600443999137777,0.9613888622339535
2015-02-19,0.9105138889715154,0.9475919079623764,1.0485504604550822,0.9605719634390961,0.9618017614576162
2015-02-20,0.9119671065552192,0.9563113575715828,1.0498115584989882,0.9605360219269213,0.9639426712263217
2015-02-23,0.9114691632552335,0.9578517347705611,1.048167333615099,0.9606915007255608,0.9644705134016869
2015-02-24,0.9120925809793704,0.9560240663732044,1.0483296703147855,0.9616097040060937,0.9637970442954372
2015-02-25,0.9094705471622998,0.9559721139878073,1.045355007356248,0.9599146433476149,0.9655910754017791
2015-02-26,0.9092060713581438,0.9560399578441672,1.0460986153846217,0.9612282903610915,0.9672145664245378
2015-02-27,0.9114469234190147,0.956787405525466,1.0470228956689553,0.9616464463447499,0.9709980509774331
2015-03-02,0.9116592017571912,0.9582775857347918,1.0470994981043669,0.9627173294944997,0.9772774334175381
2015-03-03,0.9124341534465006,0.9569662962972957,1.0448169128396132,0.9611384203654683,0.9826638582458085
2015-03-04,0.9150318717465031,0.9573225489959561,1.0416408594524553,0.9599108795122624,0.9765337943036139
2015-03-05,0.9150178755774573,0.9571301724260644,1.041692764962255,0.959947933741441,0.9766911354575016
2015-03-06,0.9145201526618147,0.9588291134723314,1.0454272570712861,0.9608447966718046,0.9761485133837678
2015-03-09,0.9125865232157134,0.9597967190423229,1.0444216371152408,0.955044660216215,0.989601260254432
2015-03-10,0.9126145170300609,0.9598263448958503,1.0445302339649543,0.9550676581277361,0.9896418430203388
2015-03-11,0.9114667584096967,0.9599130829683059,1.0427873920515434,0.9549008310270045,0.9856334805907425
2015-03-12,0.9158254658172971,0.9610910018044246,1.0452792591389932,0.9578823226834835,1.0077385971229207
2015-03-13,0.921137945781342,0.9643999989158059,1.044035036237918,0.9619683538345336,1.005452727245282
2015-03-16,0.9188078746056495,0.9622121757739734,1.042021157666843,0.9617525015350293,1.0053945659698043
2015-03-17,0.9245039792749115,0.9632965461839204,1.0469670061459564,0.9627511435968695,1.0045735411436707
2015-03-18,0.9243757155110488,0.9636270537707406,1.0467197815787106,0.9623815809901979,1.0048036736443862
2015-03-19,0.9359123882078616,0.9768204005713482,1.0531074068540878,0.966028023296799,0.9991173538261293
2015-03-20,0.9362103022177607,0.977138301076825,1.0509611930103868,0.9684798585727933,1.0009152204399028
2015-03-23,0.9378958561138337,0.977477751973203,1.0514248740332908,0.9672966610230467,0.9965148013189267
2015-03-24,0.9371929378844476,0.9762505492835936,1.052835572657578,0.9671049076357766,0.9970086318308786
2015-03-25,0.9378118300202727,0.975907536856391,1.0506990558806155,0.9672176550561206,0.9929268450628568
2015-03-26,0.9487332354384389,0.9792962388741355,1.060805965391177,0.9766326687173356,0.9922018850340344
2015-03-27,0.947070613260313,0.977259271253415,1.0597255323252948,0.9775715448187332,0.9882353823183294
2015-03-30,0.9493116614461344,0.978655718960249,1.0496101794548396,0.9767544501970506,0.988407225023445
2015-03-31,0.946446732193614,0.9777297861613033,1.0487586722333837,0.9768748108425891,0.985672108107453
2015-04-01,0.9457599419931341,0.9767434097238334,1.0490029786856239,0.9772454103513507,0.9797467956324571
2015-04-02,0.9479357156722028,0.9772621250265918,1.0492820064917268,0.9769726544634381,0.9818040670414612
2015-04-07,0.9463406563183345,0.9811096168652161,1.0492127258327946,0.9771361101631715,0.9822947643289189
2015-04-08,0.9430393893043453,0.9793076480538416,1.0473926003309415,0.9744874447602009,0.9789678616868434
2015-04-09,0.9419902002820479,0.9783208716276711,1.0478546792271834,0.9747074293216631,0.9740684288641531
2015-04-10,0.9408374550970716,0.9800505366139439,1.0512615280448736,0.9745339909036368,0.978055833570387
2015-04-13,0.9404425309621237,0.9794748056060749,1.0512669524785436,0.9733278696572668,0.9757256745722491
2015-04-14,0.9419839650206198,0.9817495470398351,1.0548991628400926,0.9747400840675098,0.9670445623881916
2015-04-15,0.9472495606213758,0.9835362195098304,1.0585291159015744,0.9743956408454302,0.948716113809629
2015-04-16,0.947153285447432,0.9838592180645223,1.059132611644657,0.9724242617679518,0.9489249464161056
2015-04-17,0.9476820610818639,0.9881617572809538,1.0566317548215904,0.973389664782266,0.9494079240981964
2015-04-20,0.9488763290904405,0.9902639891054736,1.052229551908297,0.9679934498204619,0.9544670596272868
2015-04-21,0.9476745606796356,0.9904440524604579,1.0474165872735117,0.964347221792723,0.9603878523927228
2015-04-22,0.9459545425353187,0.9944089829708852,1.0496734769936815,0.9640609945987476,0.9540083850515224
2015-04-23,0.9462298515338903,0.9936894772495023,1.0491405397615883,0.963596412564897,0.9555956736818414
2015-04-24,0.9465701619647384,0.9840142282920629,1.0389023102632688,0.9618361968958448,0.9552517959520052
2015-04-27,0.9468722219102187,0.9818725556852037,1.0376815255539527,0.9545254264497609,0.9667282611653075
2015-04-28,0.945278603787425,0.9801745866081185,1.040315932917534,0.9541343527734037,0.9689456629234225
2015-04-29,0.9532266253935956,0.9828244275396464,1.0467358423690807,0.9528307927805915,1.0191537109268014
2015-04-30,0.959684336949616,0.9897136508238491,1.056561783096779,0.9607296633348132,1.0231821909556154
2015-05-01,0.9587732687487238,0.9891222204894942,1.0576262003275727,0.9612037390667498,1.02354609973477
2015-05-04,0.9569947434983634,0.9883638373520862,1.0527270495860108,0.9575633045982088,1.0228408069585584
2015-05-05,0.9559891029674524,0.9886145689643768,1.0551771032946675,0.955769036480609,1.020550961057185
2015-05-06,1.0124114350164295,0.9945507474006189,1.0725783257054422,0.9659569357355917,1.0257161580968452
2015-05-07,1.0074698535005062,0.9907761617599903,1.0692203386591397,0.9641404430620406,1.0242856399263724
2015-05-08,1.0078297183190283,0.9901269468751276,1.069267803039558,0.9640433142534145,1.022215691178159
2015-05-11,1.0099962239995293,0.9897646560132317,1.0719822548418871,0.9667607482943587,1.0274163794656272
2015-05-12,1.0078005277756505,0.9820397719808557,1.0740461434270712,0.9698119585599301,1.034069819032031
2015-05-13,1.0100191465462227,0.9961957452857431,1.0700000445495768,0.9775749330656919,1.0377573002665736
2015-05-14,1.0085942693104673,0.9976148517008031,1.0710955796513668,0.9765679868681999,1.038308496695093
2015-05-15,1.0134194403725412,0.9905513778416628,1.065860699854884,0.9772459114967452,1.0459742713206353
2015-05-18,1.0200960680697957,0.9924272954273359,1.0763409856538206,0.9884373378091392,1.046674895400566
2015-05-19,1.0167899234984898,0.993665167189404,1.0708035830231304,0.9887145815778302,1.0472610149505024
2015-05-20,1.0201806074164539,0.9907866027541787,1.0740985405187984,0.9878296883539448,1.0431782017653033
2015-05-21,1.0214946061495513,0.9822536938625925,1.0745155789319385,0.9881901907343082,1.042639447651214
2015-05-22,1.021607238095954,0.9833716412375204,1.075529172406967,0.9884490891159393,1.040065717201321
2015-05-25,1.0219821747416098,0.9825991966655728,1.0768631913554303,0.9875381643359125,1.0410513075980747
2015-05-26,1.020988080230901,0.9849104179274147,1.08305662512629,0.9888455657054006,1.0347018876624896
2015-05-27,1.0198619112219627,0.9874543621837711,1.0856576961584072,0.9872827943608942,1.0335872305526885
2015-05-28,1.0205023867528937,0.9901984979404208,1.0865725653240155,0.9852451682104231,1.0314177756796332
2015-05-29,1.0249492022438687,0.9990446987003213,1.0874297216857356,0.9871231925454105,1.0298830077035976
2015-06-01,1.0261932492258663,0.9996202846504569,1.0916459350286492,0.9939907679821376,1.0211878505258476
2015-06-02,1.0247768917029554,1.001197473700796,1.0983674592182058,0.9875054102540209,1.0168462270638459
2015-06-03,1.0294017446687798,1.0018211125796328,1.1003845242321548,0.9886132535209324,1.0191266762152844
2015-06-04,1.0260145640147413,1.0064449665815627,1.0980076096992664,0.9850588663616956,1.011481273194137
2015-06-05,1.0257774854989947,1.0074155803937246,1.0983455009267418,0.9857069264447514,1.0114262964207692
2015-06-09,1.0261138377606955,1.0088496018313229,1.0962941900179128,0.9856227834553579,1.0128697942952785
2015-06-10,1.0263962188629476,1.0079976060554985,1.0964100624857223,0.9862482235947455,1.0120077967783534
2015-06-11,1.030930877829947,1.014458282613007,1.0988992672183877,0.9951411066459017,1.014157951660571
2015-06-12,1.03077321551481,1.015400890938199,1.0998968955057484,0.9947313715059507,1.014124013877416
2015-06-15,1.0297936540729498,1.0146252358487797,1.0993004616538724,0.9939758489830592,1.0149867233628667
2015-06-16,1.0295577522130563,1.0140488560643726,1.0971768565021378,0.9929338236767705,1.0157758364612537
2015-06-17,1.0376250369135493,1.0170839508502356,1.1009763090263778,0.9997532654333593,1.0212059395824435
2015-06-18,1.0363871579602457,1.0098365833927205,1.1006553928354268,1.0016722212571771,1.0231016070780754
2015-06-19,1.0384706043145715,1.0120431830905865,1.0973253566332362,1.003263265869985,1.0304044812053728
2015-06-22,1.0393096541054174,1.0111076367111196,1.097746467617869,1.0019067789384306,1.0285976349037025
2015-06-23,1.044044629626978,1.014079949991623,1.099087069807885,1.0035676297149028,1.0272833698314088
2015-06-24,1.0450349943552315,1.014290201582301,1.0964275814689801,1.0027006479825384,1.0317552347693455
2015-06-25,1.0374390377768965,1.0090089384534202,1.0956273266022576,0.999185312695342,1.0275648713417573
2015-06-26,1.0329407665368588,1.0071842049052582,1.091371314208804,0.9970102893219323,1.0188320192880385
2015-06-29,1.0309064790130889,1.0098070921938542,1.0963593053690095,1.0063335076902784,1.0206786092271105
2015-06-30,1.0333246151505948,0.9976334449231187,1.0963451782064308,1.0035852240999568,1.021216718500446
2015-07-01,1.0327178327842073,0.9951932870703036,1.0929178326750173,1.0025804707418124,1.023107074137142
2015-07-02,1.0338890309542603,0.9944880215206096,1.0957231200441273,1.0009375709670538,1.0174718714530562
2015-07-03,1.03200352935359,0.9938247758431773,1.0926079682409109,1.0029570658486482,1.0158164723823713
2015-07-06,1.0270510738412957,0.9907538075347255,1.0894484219557963,0.9996787788918727,1.0150150592734117
2015-07-07,1.0250264703556184,0.9942820461111738,1.110038186055733,1.0054920579171085,1.0060971042173537
2015-07-08,1.0270705938023295,1.000967945394482,1.105412993434499,1.0090210109522284,1.0283841219806364
2015-07-09,1.0270080229797118,1.000022914389611,1.1050628197765482,1.0086477517533596,1.028683451902129
2015-07-10,1.0263398559167776,0.9987139818549037,1.105410069008841,1.0078115092388085,1.0312757720159653
2015-07-13,1.02709224734476,0.999256881764359,1.1054640404778808,1.0092074134540767,1.0320161472403715
2015-07-14,1.0197584493142056,0.9982379783311697,1.1045603372962254,0.9992660807475843,1.0328515265690843
2015-07-15,1.0193059712386094,0.997502156258189,1.104711900598063,0.9971931873868867,1.0287344113145045
2015-07-16,1.0204423700722343,1.000344995479221,1.10798338473219,0.9971413757041195,1.0294209840682111
2015-07-17,1.020487480860432,1.0003071065584612,1.1081159449531517,0.9973619089095469,1.0292665774149228
2015-07-20,1.0206751827634295,1.000326511885856,1.1077522264691648,0.9988158472751271,1.0314372850715223
2015-07-21,1.0203493697241193,1.0013748754341023,1.109317246783588,0.9999355866200617,1.030628912644156
2015-07-22,1.0204439783378816,0.9995765022051231,1.1075340456175455,0.9991789444445632,1.0317630614857893
2015-07-23,1.0205571672475882,1.0000195395188123,1.1072886457129556,1.0013664128938315,1.0291557175871289
2015-07-24,1.0207447104543301,1.000620109821722,1.1061413491528804,1.0006398609321554,1.0369795044645802
2015-07-27,1.0202593453033224,0.9986976099422363,1.1058218099308716,0.9998262950483662,1.0350333103837286
2015-07-28,1.019063707925469,1.000083928622854,1.107408754603969,0.9998768759729598,1.0361172560658614
2015-07-29,1.0169158540263228,1.0006694312316953,1.106090724483777,0.9974965727497483,1.031803133232524
2015-07-30,1.0176335588802554,1.0040066427688776,1.1055863750553299,0.9982567966680311,1.028645104824849
2015-07-31,1.0176093853909862,1.003920181280462,1.104472921816674,0.9980153055745422,1.0278811185759709
2015-08-03,1.016798499181755,1.004683126650724,1.103527687462228,0.996828644412893,1.0259022575224723
2015-08-04,1.017179075585621,1.0039731360429103,1.1026806315130007,0.9965184522481987,1.025267915390775
2015-08-05,1.017831297376192,1.0042825012001904,1.1035313347151747,0.9968121720280594,1.0259371091349685
2015-08-06,1.0299699012566725,1.00732142986953,1.1122065667427226,0.9862399987187203,1.0261511637935636
2015-08-07,1.0478054101227088,1.0057351712187745,1.1208354631923552,1.0518187710195668,1.009596211338485
2015-08-10,1.0477720175514222,1.0082056600453813,1.1194371026841905,1.0549710098188856,1.010098284694959
2015-08-11,1.044776901464149,1.0148692142377902,1.1246074322188668,1.0583579742553446,1.0097013848729226
2015-08-12,1.0321759166872648,1.0169895456581068,1.1211562469010985,1.0616762786761742,1.0011184775765183
2015-08-13,1.0322325693917298,1.0173945533906719,1.1214857298354102,1.0646644059684898,1.0019748605076182
2015-08-14,1.0307540043867105,1.021023999188556,1.1238895755566425,1.0673673199822682,0.9997969726918019
2015-08-17,1.0299653486545342,1.0313640515546418,1.1233007767142476,1.0687237352788235,0.9969631779663668
2015-08-18,1.0383004751729314,1.0335456017655518,1.1226063056370312,1.071494830211018,0.993826012745183
2015-08-19,1.0401936930027051,1.0415328936786734,1.1353469253921578,1.0826776871228554,0.9868984863838189
2015-08-20,1.0482980537439888,1.0405195208220066,1.1322722188762906,1.0867551717217163,0.9949419621908346
2015-08-21,1.0433187116245588,1.049723105111045,1.139270963920487,1.0945461590966208,1.0107100354459808
2015-08-24,1.0407817765734144,1.056490192199003,1.1669221893943356,1.10482347065289,1.0454732576208474
2015-08-25,1.047122362805671,1.0759913886472137,1.1861424911875962,1.114102473318573,1.0806187630768729
2015-08-26,1.0500967973277697,1.0771561586930247,1.1876533019637845,1.1120871821099594,1.0803769015114064
2015-08-27,1.045426549737945,1.0725037684625844,1.186317912554241,1.114642329900657,1.0804651773996528
2015-08-28,1.0435278161545902,1.0711187379041303,1.183787328408768,1.1125666604112718,1.0809202738624855
2015-08-31,1.0471171331519247,1.0736428770786903,1.1864733333905313,1.1168891972423771,1.0845641420244836
2015-09-01,1.0488670287824373,1.0754111329432643,1.1902961111387225,1.1233806471540873,1.082402237995313
2015-09-02,1.0496135831898485,1.0755118285456158,1.190151424550916,1.124344714050297,1.0801748569742011
2015-09-03,1.054861930561924,1.0814665608661638,1.1848642490194394,1.1249222375032508,1.0804842810550999
2015-09-04,1.0551536258433094,1.0802910433594657,1.1831818792367663,1.1243327079565943,1.0789630243557782
2015-09-07,1.055647077358785,1.08224245389815,1.1847649144182444,1.1244845847646394,1.077297170769854
2015-09-08,1.0623074151492744,1.0840175832995034,1.1898785163180867,1.1337333569383539,1.0744785909448593
2015-09-09,1.0700347075549979,1.0939116894761798,1.2041751127624407,1.143498145932545,1.0886317949492998
2015-09-10,1.0649621040233128,1.1020517836317256,1.2073123978431197,1.1461780286904528,1.0816920584133602
2015-09-11,1.061758681901747,1.100298365043075,1.207210692421152,1.1452163942512152,1.0897992241802839
2015-09-14,1.0581477234581727,1.101736715775384,1.2089117543017198,1.145691167964426,1.0945283711558356
2015-09-15,1.0565986583979419,1.1040186084844155,1.2106015800332415,1.1452523882240544,1.0924318711677512
2015-09-16,1.06241337486471,1.107269691521093,1.2164083031324036,1.151195479358391,1.090776282014046
2015-09-17,1.0598457818674714,1.1063258122188153,1.2154968956655077,1.1496468110926714,1.086564601208348
2015-09-18,1.0573890293847283,1.1012576374311842,1.2127855042760398,1.1463377377659074,1.0889408791770185
2015-09-21,1.0635932049381862,1.0981122490609336,1.2162728100243454,1.1457093051700438,1.0848835089081348
2015-09-22,1.0608461901617496,1.0943216422580464,1.2159377923653745,1.1444168672131017,1.0856185453302887
2015-09-23,1.0673098391135698,1.0949449901204333,1.2258843488066036,1.1497809411442026,1.0789689771717195
2015-09-24,1.063139675256557,1.0941507514434314,1.225714535337816,1.1497792324442466,1.0723591307841027
2015-09-25,1.0646177859791333,1.0924716477545413,1.2285366210660702,1.1495869638705114,1.0720292330978336
2015-09-28,1.0647629693610126,1.0915182073673606,1.2224010275388322,1.1474614057100814,1.0744419286968379
2015-09-29,1.0559863066250426,1.0839035767005205,1.2096791822687019,1.1356175637613934,1.0916838074276642
2015-09-30,1.0674901707420705,1.087626166264323,1.2067962242390566,1.1382274159027659,1.0888559228684807
2015-10-01,1.067826412883338,1.086388628978105,1.2071439144757836,1.1343757053655628,1.0805130190551155
2015-10-02,1.0673736015417568,1.0866318293238009,1.210143943860657,1.138175262847808,1.0819286678797693
2015-10-05,1.061879103054524,1.0829876423545577,1.2022206510319269,1.1349850709939706,1.0740370940723043
2015-10-06,1.0619742114707988,1.0842405535194648,1.2043928372746298,1.1358469681804915,1.071226471230058
2015-10-07,1.0589960655788677,1.0852756361476075,1.2019341183991141,1.1344856935258358,1.0705534301335347
2015-10-08,1.061305264113168,1.0892509053362998,1.2061839349863372,1.1384627310059385,1.0691164549797427
2015-10-09,1.0551270024937829,1.089327066429665,1.2029530834777244,1.1406474715761012,1.0818899158275388
2015-10-12,1.0596906559362769,1.0886979887275012,1.203480941023725,1.1407833742316338,1.081581030552946
2015-10-13,1.0570112680188395,1.0880199016749785,1.2028881658021902,1.1383516708564843,1.082490304873703
2015-10-14,1.0565053092643493,1.0870761043582076,1.2024604103274625,1.137778047751897,1.0829995663081222
2015-10-15,1.0570110878362968,1.085132589820527,1.2000165284390039,1.1347462564313195,1.0838384439912319
2015-10-16,1.0589880391451065,1.0854748829809466,1.1967025352424696,1.131678367446552,1.084476759539183
2015-10-19,1.0590490136267336,1.0854548093680607,1.1970049635505107,1.131706868608235,1.0845531375191202
2015-10-20,1.0625016874356368,1.0862956518578175,1.200338878390704,1.1336383827736367,1.084988461265724
2015-10-21,1.0625599542906508,1.0861171963333758,1.2000524169242968,1.1339683871384836,1.0852400393067523
2015-10-22,1.062655783767187,1.08597002026565,1.200773736280239,1.134380640852521,1.0850181661074012
2015-10-23,1.0575700011964915,1.0871588824141707,1.1991358456257544,1.129502656744231,1.0825428213668022
2015-10-26,1.0576509401325667,1.0873127414226522,1.1993720965118855,1.1296429346029984,1.0825854135132378
2015-10-27,1.057334424934681,1.0871019243120164,1.198662659385724,1.1291103243993872,1.0821446646489035
2015-10-28,1.05693530878673,1.0882678730109565,1.1976422617690452,1.128592951482862,1.08235722005612
2015-10-29,1.0555430779611286,1.0999372004994508,1.1913673393100397,1.1319797447397693,1.0710902726257374
2015-10-30,1.0561111814754838,1.100879843367521,1.1930625696205885,1.138032953095099,1.0661773423035585
2015-11-02,1.0592809807415042,1.1026846231166019,1.1972430472941442,1.1413184313960087,1.080662343467237
2015-11-03,1.060929402082578,1.1029818972684045,1.200093389462296,1.1414711502234107,1.0784841355235324
2015-11-04,1.0607723937255433,1.1025128977107128,1.1998669607759498,1.1411797828429031,1.0788093538345311
2015-11-05,1.0582823443151483,1.1074591896383392,1.1992840126104256,1.143101801074324,1.0825500634559018
2015-11-06,1.0589933402164449,1.106278389688413,1.2005815237692032,1.1433139598860587,1.0807028214693837
2015-11-09,1.0556556050827703,1.106233726504068,1.1945292070754672,1.1449115887120622,1.073644077579183
2015-11-10,1.0553028079178304,1.1067635951080872,1.1963829012660359,1.1439690951227477,1.0735853592947926
2015-11-11,1.0571448695296952,1.1079708668742467,1.1949621671344985,1.1486988623028913,1.0752294195549144
2015-11-12,1.0572570040258493,1.107606688886475,1.195330992348958,1.148542653155934,1.075101100617596
2015-11-13,1.0598360508442615,1.1047570052848086,1.188022964140512,1.1450886111008864,1.0785162683241023
2015-11-16,1.060977535318577,1.1059987393279034,1.1900653802074264,1.1464768670327241,1.0777007052498995
2015-11-17,1.066057643498724,1.1040823571584175,1.1853238752211024,1.1447735596535318,1.0724607777946589
2015-11-18,1.0693269826519194,1.1080907231356711,1.1867139864767424,1.151104244439325,1.0736475259772185
2015-11-19,1.064782305770278,1.1149547569469302,1.1868617229762186,1.1543317399706008,1.0647921722996896
2015-11-20,1.067967768805211,1.1182521320259644,1.1892012372779321,1.1585699077980507,1.0691673756018518
2015-11-23,1.0687067597037765,1.118447037218688,1.1903132931410698,1.1609167788414791,1.069075779789244
2015-11-24,1.0692740436680068,1.1205120759202718,1.1882536678440399,1.1597728932665143,1.0682195896868725
2015-11-25,1.069480178878813,1.1204618418441281,1.186713735617029,1.160656430316242,1.0692093061265942
2015-11-26,1.0750526209781281,1.1251582791679333,1.1868876055675326,1.1623982222071698,1.0709613541568483
2015-11-27,1.0816561903483137,1.1308619554607087,1.1961367429791048,1.1731537197389124,1.0790490611217634
2015-11-30,1.083703384490728,1.1354504801237029,1.1947852259058231,1.17966334123947,1.0825047218945034
2015-12-01,1.0828912182174655,1.1346867950003172,1.1941853021203304,1.1823108315550368,1.0740781923704799
2015-12-02,1.0826748186911839,1.1338800099821718,1.1916676830070607,1.1807449578996045,1.0746765163968053
2015-12-03,1.0823428270198998,1.1310615659279537,1.1904890008971885,1.1808087390574622,1.074702451101479
2015-12-04,1.082025687524583,1.1276258524591554,1.1907472586020498,1.1842575598992529,1.0737171264366618
2015-12-07,1.0899992639127098,1.132125384808621,1.1973756633383648,1.1868581921778114,1.079710780087056
2015-12-08,1.0897135821062949,1.1308415600495734,1.1949068214549312,1.187498243824994,1.074882419141639
2015-12-09,1.0889107058014362,1.1318629802794047,1.194352030832089,1.1885695020972413,1.0756839219520964
2015-12-10,1.0910738331783396,1.134257397155779,1.1970450265097334,1.1878778865118957,1.0731578213694257
2015-12-11,1.091199950346854,1.1321336511410058,1.1968960775191604,1.1877342207017219,1.071457448836314
2015-12-14,1.0900456370234337,1.134128887301045,1.1981547006115771,1.1869159798116442,1.078485450527015
2015-12-15,1.090546225621623,1.1352716756697268,1.1984351870170653,1.1887089640202706,1.0799870672996725
2015-12-16,1.0927257969681197,1.1337173376621426,1.1986273763709303,1.1856168507140985,1.075372419957122
2015-12-17,1.0977635020741845,1.1340193751881766,1.2021515946205727,1.192217500647672,1.063771206988562
2015-12-18,1.0993506591029711,1.1376613006709648,1.2073611078889372,1.198763674198077,1.0720677982212228
2015-12-21,1.1023597414354327,1.1411586758278032,1.2095236332577326,1.2016522688257194,1.0755699246648833
2015-12-22,1.1024076780033032,1.1404098174314485,1.2089187027843549,1.2012509188168516,1.0757978128501056
2015-12-23,1.1050363942437809,1.146376044169122,1.2119816108226047,1.2084940298668077,1.086051596886553
2015-12-24,1.1077367271314953,1.1488252420617309,1.214642183247964,1.2104716329940401,1.0828040848060208
2015-12-29,1.1073694419775144,1.1500513417094311,1.2137586086004215,1.2096409481634731,1.0830233380629195
2015-12-30,1.1085140165024316,1.1519508355963957,1.2165304803145573,1.209854119436552,1.0829031146907642
2015-12-31,1.10785710590718,1.151893105410537,1.2167454852724495,1.2094896864234437,1.0833021509502334
2016-01-04,1.114451074357965,1.1585316204018905,1.224214617704331,1.214868696618608,1.08080595441256
2016-01-05,1.1132541858913545,1.1564318259070725,1.2181034215376971,1.2129553513237659,1.083832516659915
2016-01-06,1.113284210178287,1.156156214752994,1.218821279313925,1.2123481737293182,1.0832346255463412
2016-01-07,1.1158079977148478,1.1631211938407693,1.2212162723957614,1.2177407607847015,1.0895987801104787
2016-01-08,1.1179337065024226,1.1639756495224771,1.2237831328552333,1.2200022433415634,1.089106156324477
2016-01-11,1.1166211633146697,1.162838817463214,1.2244037447406302,1.2204480398304876,1.097824417205154
2016-01-12,1.113391145447848,1.165514502399244,1.2249972430826996,1.2195002675536877,1.094633150992245
2016-01-13,1.1162921537643509,1.1644353620830958,1.2268392327688629,1.2199490179769046,1.0973949336210438
2016-01-14,1.118917887961349,1.166078452663989,1.2236482886455387,1.2179794861505981,1.09993454257055
2016-01-15,1.1197873712912905,1.1662325934674163,1.223895067934292,1.2181732607481144,1.0975136069490392
2016-01-18,1.119493519983843,1.167056866774411,1.2244108734875419,1.2207823142575627,1.0995174023048857
2016-01-19,1.1217631918173787,1.169458480609488,1.227813768406638,1.2282132787535778,1.113116714399741
2016-01-20,1.1241240039147435,1.1673407241723899,1.2350395237018323,1.240202873135511,1.1184919840483782
2016-01-21,1.1243421565658127,1.1693181608312044,1.2358451495121405,1.2390047547404777,1.115502250334118
2016-01-22,1.1167137583668352,1.1657511269285805,1.232382414292289,1.237645467278363,1.1136315217129502
2016-01-25,1.123710531652668,1.1719908907024692,1.238464063978929,1.2451008267799386,1.116337020109219
2016-01-27,1.1244718977235337,1.1779045023496404,1.240574776359134,1.245939722670279,1.119945240389415
2016-01-28,1.123368134778764,1.1780509556461392,1.2411621636916847,1.2479137652583685,1.1171082387418279
2016-01-29,1.1250150801633303,1.1824726286377825,1.241441102131684,1.2469169554524906,1.1113197886347592
2016-02-01,1.1254284291344545,1.1821297376435411,1.2404430403787468,1.2467504131920861,1.107563052003128
2016-02-02,1.1266442427589678,1.1801167129725016,1.235049752048095,1.2449142552850228,1.111362981506499
2016-02-03,1.1247415469304953,1.1738169585341247,1.235324440780441,1.244330783540098,1.1164058229915774
2016-02-04,1.1233959026463716,1.1697728705511778,1.2411016819317378,1.24512186738367,1.0632411010137024
2016-02-05,1.1235381815685055,1.1700025907231597,1.2412080654201012,1.2452932258536378,1.063661457522234
2016-02-08,1.1234617042541357,1.1698377329741174,1.240953272692291,1.2452951671306554,1.0640068386651842
2016-02-09,1.1353317955671043,1.1831236907790357,1.256121014317513,1.2497873212936417,1.0731944269095877
2016-02-10,1.1239099644295396,1.1844192051058755,1.2532456453608747,1.2504834738963075,1.0708010769315182
2016-02-11,1.1239189230982418,1.1876289516831622,1.2567722920882596,1.2558561926861262,1.0631045285720133
2016-02-12,1.1238482296061918,1.189300494349471,1.2604955856923687,1.2585184843792878,1.0714336513708596
2016-02-15,1.1200805751796852,1.1930596223329415,1.260647946088779,1.262291821687614,1.076949105081122
2016-02-16,1.113425018928186,1.1898681816636076,1.2572345449104267,1.2642981727574436,1.099306788957515
2016-02-17,1.1133156671134121,1.1853331887866139,1.255044143126102,1.2639290241417216,1.0997585723111114
2016-02-18,1.1137792258778543,1.1840141940370221,1.254000469316787,1.2625329081729868,1.1103132161117235
2016-02-19,1.1148308048324778,1.1864916798718046,1.2537774512072721,1.263255931746066,1.113298270986756
2016-02-22,1.1144099195449289,1.184276902549212,1.2529444818212803,1.257795398763035,1.117679380747729
2016-02-23,1.1166552057948023,1.1846656920576333,1.2555552292589351,1.2590690987441036,1.1163332142605507
2016-02-24,1.1198365059992004,1.1933699500805677,1.2640977635594255,1.2646939406823958,1.1168329178696004
2016-02-25,1.1179571567772284,1.1929920818817683,1.2637829318357954,1.2650578610993506,1.1155772453402464
2016-02-26,1.1177535703413806,1.1919695719069585,1.263619213318581,1.264359171692008,1.111268669805173
2016-02-29,1.1169194079288083,1.1917806238474342,1.2643225700116487,1.2643022803006179,1.1099145458721014
2016-03-01,1.1186623102184712,1.1946738223716182,1.2678558203944477,1.270463548125238,1.1110521132011266
2016-03-02,1.126429517816796,1.2016033796777383,1.2774493928368045,1.2824878151929768,1.1102325276940905
2016-03-03,1.126285558974075,1.208294484220393,1.2782135320308605,1.2877355965661306,1.0986985135985996
2016-03-04,1.1301870036340929,1.211668936860587,1.2822250353330527,1.2924385296925542,1.0964211495171872
2016-03-07,1.131271358222557,1.2148958178960045,1.2818964240864419,1.2941150831017376,1.0975637666054099
2016-03-08,1.1335744605724107,1.2158602756744425,1.2821051732979878,1.2963331017639375,1.1003174757913807
2016-03-09,1.132645466494651,1.2201977539957676,1.2841772801926452,1.2987572545031523,1.090494538085694
2016-03-10,1.1329055932986092,1.2203511440038892,1.2841839616909247,1.2992475773699226,1.0889027270833793
2016-03-11,1.1334298919276453,1.2215272454109614,1.2850025131684748,1.299107112125696,1.0908211151469016
2016-03-14,1.1315597589863249,1.2218125125125097,1.2838028278994185,1.2999461561296906,1.0946186589594546
2016-03-15,1.132442076070492,1.222114106821971,1.2834888581434678,1.2978100149613265,1.0942315467379258
2016-03-16,1.1311338026347084,1.2225764664446004,1.282141437385614,1.3002873169203633,1.0994198003604971
2016-03-17,1.1327881490746214,1.22038542347694,1.2808681645171829,1.2998829889111283,1.1003565622978044
2016-03-18,1.1330293776934277,1.220564749978162,1.2804491420285216,1.3007212326213553,1.0984993267234928
2016-03-21,1.1343177238039366,1.2213342843793504,1.2807152549411969,1.3008944027677345,1.0991001589558311
2016-03-22,1.1340254239868843,1.2208474774135742,1.280433286256908,1.30040986959471,1.0991677920083824
2016-03-23,1.1323161714600003,1.2240183766831767,1.2785507895564072,1.3000869182925612,1.1003005188426982
2016-03-24,1.1366922593605453,1.2317018868892657,1.2894522667400095,1.3116178039704447,1.1060363939881388
2016-03-29,1.1393021561205483,1.2347843913452623,1.2990519605419943,1.3193763574806514,1.1109377182908386
2016-03-30,1.1407169554497425,1.2355328664425966,1.2998013753148259,1.3195785762003338,1.1125611589926956
2016-03-31,1.143946317135446,1.238761765688696,1.2986039250101498,1.3185744382547449,1.1183315313610396
2016-04-01,1.146306110595546,1.2391246339883994,1.299604634992854,1.3213313596408376,1.1222824940577376
2016-04-04,1.1473818023296956,1.2373336627061913,1.299644763078145,1.3211456829987736,1.1219887599289016
2016-04-05,1.1516866269152846,1.2348179371905834,1.300979956191836,1.3211162594347308,1.122408915891328
2016-04-06,1.1513005553524933,1.2343665097104966,1.298001242266703,1.3212507934060458,1.1230101630772802
2016-04-07,1.151249802501191,1.234619935650225,1.2979275502692882,1.3215690346531297,1.1217952105641467
2016-04-08,1.150840729424683,1.2358751545366948,1.2985682338400366,1.3226116196265056,1.123782363162076
2016-04-11,1.1508064355523837,1.2359975076302887,1.2984956378318513,1.3221851466340822,1.1242250832839888
2016-04-12,1.1527471375531744,1.2398327230009285,1.300935217486269,1.3263129189830316,1.128779636941475
2016-04-13,1.1543526357847143,1.2407222609882378,1.3043458730983368,1.328320809329555,1.1333311451439088
2016-04-14,1.1551115178527191,1.2443131316417122,1.3101709309828837,1.3308050223773347,1.1341602337735748
2016-04-15,1.154190060400031,1.2425029380905102,1.3107670689694653,1.3320538658522463,1.1317379624396784
2016-04-18,1.1554108467967923,1.2430249402667675,1.3135685765693994,1.3330405635757852,1.1321987014525334
2016-04-19,1.154038815998853,1.2460857821058857,1.3099013219996172,1.3340343258028466,1.1384617088008504
2016-04-20,1.1530314540906879,1.2452419152320195,1.310122237688968,1.3323152687687416,1.137999339961674
2016-04-21,1.1539931729625585,1.250847233008866,1.3156950009065245,1.3361491692583551,1.138889373346717
2016-04-22,1.1542223611299558,1.2482353527542869,1.3127441591678288,1.337387343617866,1.1381051463144953
2016-04-26,1.1541475907903875,1.249221724226838,1.3110680986572607,1.337910589340696,1.1379071011704367
2016-04-27,1.1571283606004847,1.2514136049868072,1.3124027935299543,1.3427170789979757,1.123929597516487
2016-04-28,1.1533740363177822,1.2485360345324135,1.3048672341302359,1.3395884757475496,1.1188368517691103
2016-04-29,1.153095717755316,1.2491309990906119,1.3055156780953017,1.3402860240781374,1.1130734033122685
2016-05-02,1.1548925340767056,1.2511714093287947,1.309504912390685,1.3432756274243278,1.114417502067245
2016-05-03,1.1628912418352046,1.2583350000393776,1.306832420107921,1.3607217139520347,1.1188397567722728
2016-05-04,1.1366282137228767,1.2564502254758267,1.2984406422402937,1.3571777857864789,1.11828203669885
2016-05-05,1.1393165924838056,1.2598627526784996,1.3005529405601057,1.3593181133435215,1.1206708406880392
2016-05-06,1.1385816409465999,1.2605835051439522,1.3011042325782805,1.3586102279355057,1.120590364330803
2016-05-09,1.1407385942639163,1.2608203839183318,1.3008694352850168,1.3565685428484366,1.1249822983685116
2016-05-10,1.1441094663076403,1.2662749589813689,1.301161342400695,1.3565045568231966,1.12571527443404
2016-05-11,1.1422994870366263,1.2593100372437738,1.3021177055627027,1.3509216612355555,1.1249648193351058
2016-05-12,1.142218392775813,1.2592340495780705,1.3018581542468204,1.3511845286156112,1.1248326068910994
2016-05-13,1.1420410666670815,1.2617446909690115,1.3055969475752374,1.3530972962583696,1.1218620712838705
2016-05-16,1.1399688520794657,1.2615920770563565,1.30253626547013,1.3505738845918622,1.1223748092653791
2016-05-17,1.1410694916753552,1.2594474239589974,1.3033332782173976,1.3501226274143494,1.125093218135601
2016-05-18,1.142157591653536,1.262073946557889,1.3027788786652776,1.3460170572704722,1.128524417413559
2016-05-19,1.1399258899387616,1.266817769936621,1.3004469999167976,1.3432666971460776,1.1257580986891564
2016-05-20,1.139778442945919,1.2659386720452663,1.3001350067384687,1.343451082992391,1.1238857863889984
2016-05-23,1.139182775781062,1.2665417251877849,1.3012465123163777,1.344250645381902,1.1219864250662923
2016-05-24,1.1399796337166368,1.2658417270687958,1.2985581435849904,1.3443498660761364,1.1226657754862726
2016-05-25,1.1382282597625104,1.2656408552478857,1.2993131699868197,1.3464799792004483,1.128263391831265
2016-05-26,1.137836248407119,1.2649198310740706,1.2998674555792924,1.3476523473007436,1.1296146139180134
2016-05-27,1.1357755275871508,1.2601611387505238,1.3006531454916308,1.3485412166678166,1.1306986847861076
2016-05-30,1.1358813231132194,1.2603563281116048,1.2997823368859238,1.3476353274780621,1.133019054801076
2016-05-31,1.137554395225513,1.2609152487740374,1.2989832666764611,1.3534588908420775,1.1353339900777115
2016-06-01,1.1358012954364156,1.2617148091782744,1.2976043461103384,1.3527989867203167,1.1361129002434704
2016-06-02,1.1379657321558088,1.2619387132670288,1.3000581036470462,1.3570980576899343,1.1392218376038052
2016-06-03,1.1364524627717354,1.2605976428444354,1.2979087569733394,1.3576238906598561,1.1420007990324743
2016-06-06,1.136933427458172,1.2593991964588882,1.2995204204453643,1.3551232711146437,1.1365504622931537
2016-06-07,1.1373509340418484,1.2590120823821527,1.2998793838269314,1.3549159797287473,1.1370285676339602
2016-06-08,1.136279202780331,1.2573957774265985,1.2994946894936124,1.352985384150052,1.1356569376180006
2016-06-09,1.136796535648669,1.2570851731287211,1.2993873673128047,1.3533297922539762,1.1354429334775158
2016-06-10,1.1370994740235116,1.2577306765569234,1.299687152908385,1.3522823056504991,1.135138484715894
2016-06-14,1.138819870747639,1.2558417350091422,1.298373849741377,1.3510873079541281,1.133760603394111
2016-06-15,1.137137849709083,1.2560126957067264,1.2998529951397766,1.3494849783978624,1.128697496041953
2016-06-16,1.1378939744806678,1.259504596296776,1.301263999642224,1.3506270478316011,1.128578870722734
2016-06-17,1.1376189600706645,1.260151435313476,1.3045902027453753,1.3528731293980276,1.1272107356318626
2016-06-20,1.1425636470101357,1.2633214637662769,1.3063822249210775,1.354495809863759,1.1321950447911031
2016-06-21,1.1411891219848438,1.2616375195440699,1.306548991046676,1.3564050642860865,1.1336048838548056
2016-06-22,1.1411058974745094,1.2615957698398126,1.3065609105326432,1.3561668757714769,1.1334626222834971
2016-06-23,1.1444480082788586,1.264426081081036,1.3068915544250423,1.3583722463813745,1.1366705808776332
2016-06-24,1.1441753118352236,1.2647141306146126,1.3128621669445681,1.3591962652756133,1.1720733208881982
2016-06-27,1.1459674744040858,1.2651911282088582,1.3117540782700383,1.3573877562605279,1.164415873770215
2016-06-28,1.1440647595732025,1.2633600051936231,1.31000285419469,1.3561296798444153,1.1594139421000123
2016-06-29,1.1426059774805528,1.2635475575233936,1.3110672947203434,1.357559115324255,1.1585868347651873
2016-06-30,1.1388631130490154,1.2675216488143657,1.310065855419098,1.3602414744182982,1.1541767299536418
2016-07-01,1.139367871551937,1.2684470999834156,1.3117715840743778,1.3601976381408563,1.1551257719848962
2016-07-04,1.1398865275120325,1.2680902257539415,1.3103757823398603,1.3598940142560476,1.1552583106282404
2016-07-05,1.1429240712793518,1.2697315471713422,1.3027921328654126,1.3599084505696648,1.1605708247143802
2016-07-06,1.1439868732980607,1.2695835794265646,1.3087903876617943,1.3648681823326956,1.1532053624238197
2016-07-07,1.1441887353570717,1.2680111805327547,1.3084201290881328,1.3644132961436666,1.1505570330714008
2016-07-08,1.1443764402465606,1.2686720938122549,1.3081594964078171,1.364800539617703,1.1499056115740256
2016-07-11,1.144329647906341,1.2672641919221352,1.3119832616848985,1.3689688642819053,1.151729362984585
2016-07-12,1.1496409629982982,1.2705624241019409,1.3151151532970184,1.3788059108302007,1.1512985130134992
2016-07-13,1.149783568148898,1.2719530225680227,1.3150322582411325,1.3818238942350858,1.1579028008437584
2016-07-14,1.1498637180453826,1.271382883363679,1.3135973763429762,1.3825853109429733,1.156553130032028
2016-07-15,1.149950393442417,1.2719572429717974,1.314221023662049,1.3826071995078026,1.1572291098757534
2016-07-18,1.1492542889072317,1.2711855567498207,1.3143934138929418,1.3814459229229297,1.156091953583348
2016-07-19,1.1499063589811642,1.270460336873594,1.3142530499103908,1.3810698736143199,1.155750286157253
2016-07-20,1.1514515343453104,1.2736442083916346,1.317793502247219,1.3850808709327045,1.1585384376361176
2016-07-21,1.1515159644258701,1.2738112087414273,1.3184944440000812,1.3846582337066695,1.160674877143595
2016-07-22,1.151060976973227,1.2741481299959314,1.3191555843721359,1.3851651698458571,1.1559963299877494
2016-07-25,1.1508885133632574,1.274336951995901,1.3190099305153242,1.3850006309551393,1.1555398997563116
2016-07-26,1.1511231426582513,1.2744590177307855,1.318978570835786,1.385321168160434,1.1558009394943607
2016-07-27,1.152159302942406,1.274272170691974,1.3197236385202655,1.3870379912042778,1.1579850357418409
2016-07-28,1.1525569081595999,1.2735750493910638,1.3191985893673808,1.3878866784063624,1.1600306065030082
2016-07-29,1.1524077228149336,1.273699361454897,1.3199094571140135,1.3879509095017108,1.160485134163852
2016-08-01,1.153087946482137,1.2738320087748232,1.3197099579088996,1.3875345638028815,1.1608827831493784
2016-08-02,1.1513854332292706,1.272336872157036,1.3196167499890024,1.384857633058262,1.1580858520386712
2016-08-03,1.1528418566791814,1.2765998195522255,1.3221932510894434,1.3849174787033547,1.1573593024359718
2016-08-04,1.1458450166621794,1.274266782219659,1.3168073349021718,1.3904810496573852,1.157308309321888
2016-08-05,1.1380762349304288,1.2801133315064677,1.316064876455021,1.3592553581390636,1.1715537912310439
2016-08-08,1.138684627592578,1.2798691675384726,1.315399126815012,1.3597460207904892,1.1789392781228625
2016-08-09,1.1410477866228228,1.2778177279584981,1.3142699928930484,1.3599621340142856,1.1798942179926963
2016-08-10,1.1514769310977557,1.2784820228925446,1.3181936963721308,1.3609919372744597,1.1866262937803338
2016-08-11,1.1538584334767297,1.2787538491512769,1.32151333610856,1.3609645396557715,1.1876498118912067
2016-08-12,1.1545968902657373,1.2803255818995503,1.317400539806502,1.3590770348737573,1.1893271824784013
2016-08-15,1.1550850133081376,1.2798746596588573,1.3165668660402063,1.3587798737258718,1.189662708144378
2016-08-16,1.1503496074066555,1.2790622537713305,1.317551629634506,1.3569510660362432,1.192482757599905
2016-08-17,1.1497953463665787,1.2766091574406113,1.3121057779970062,1.3523913655174247,1.1976960983278067
2016-08-18,1.1468706922210823,1.279779169156787,1.3158958969215715,1.351343977275232,1.1943392980060699
2016-08-19,1.1511113093728784,1.2753181493368126,1.31231754745618,1.347152916141874,1.1858721089550937
2016-08-22,1.1600088772239237,1.2838936950017272,1.3020621130512817,1.3543257286386419,1.1714139305755729
2016-08-23,1.1589199422328702,1.275677348507526,1.292544298263199,1.3549095724743756,1.1476475851171124
2016-08-24,1.1580219734144879,1.2763055060150368,1.292584058709299,1.3570157129651326,1.1475501110547732
2016-08-25,1.1621099684451686,1.28036977985331,1.2950751321763827,1.3565843521123202,1.1464092869402158
2016-08-26,1.16437770745761,1.28190223367304,1.2973092190745175,1.3583607799722541,1.1475096524015613
2016-08-29,1.1626699924422514,1.2823068143236855,1.2966268916788433,1.3550548533304694,1.1469112940594535
2016-08-30,1.1633542675230666,1.2842496420882321,1.2949860749189788,1.3533574022287131,1.150935249201583
2016-08-31,1.1649189126741417,1.2797824528895125,1.2936272126337234,1.3457771054701704,1.147920231384915
2016-09-01,1.1620134214299622,1.2756091368306024,1.2990761008202798,1.3461426927764069,1.1472915775745842
2016-09-02,1.161775925026587,1.2762918515735053,1.3002602847930775,1.3459750841524103,1.1475810927113845
2016-09-05,1.1647993155511336,1.2776540854154985,1.3013807940225193,1.346140338393462,1.1504104115442344
2016-09-06,1.1616116519208433,1.2779205121822839,1.2999419108422556,1.3410488253087005,1.1519234317132694
2016-09-07,1.1562144077628689,1.2733995621596905,1.2909210314830881,1.3369672472867955,1.1437018549131126
2016-09-08,1.1629009100798864,1.26886324053281,1.287529699158473,1.3386896138700006,1.1550264176842668
2016-09-09,1.1661234310064867,1.2708620018284136,1.2888125052686483,1.3390597371603772,1.1567160648300836
2016-09-12,1.1540118369883352,1.2672922500931503,1.2772380131547563,1.3311463397287087,1.1630103361284128
2016-09-13,1.156308354498578,1.2661552281902986,1.2746466379829555,1.3305982517733967,1.1685772965287635
2016-09-14,1.152293208297113,1.2646731798196786,1.2709203075500786,1.3271671956443785,1.1706296632123743
2016-09-15,1.1562099383978015,1.2648516050475564,1.2721185809179922,1.3276015565856407,1.1756324442610706
2016-09-16,1.155754811598175,1.263925653606015,1.2695121774668163,1.3261037368408277,1.1836460583467945
2016-09-19,1.1513273675740514,1.2693221704439843,1.2675690863538804,1.3282029750431272,1.1894862920502254
2016-09-20,1.1531166729569962,1.2713828127421818,1.2679512876798225,1.3298460565337111,1.1898053902528407
2016-09-21,1.1472211941141914,1.2752908471521116,1.2590337412349004,1.3296723639743722,1.2002947637952495
2016-09-22,1.1476557507581322,1.2764069214285203,1.2599716500787146,1.3310172494953427,1.2000123118507107
2016-09-23,1.1438325790079287,1.2767050150397106,1.2583471760695761,1.3296601416038754,1.2034324270045844
2016-09-26,1.1429982517973378,1.277037451072585,1.2626774353796257,1.3317710378681986,1.2020046841999472
2016-09-27,1.1579897599793336,1.2968409579073328,1.2814400193935116,1.3538810200964448,1.191601362396861
2016-09-28,1.1470758489159893,1.2969149811996947,1.2866067361540519,1.3554562134817594,1.194065071443611
2016-09-29,1.1443611441525952,1.2960091997974588,1.280134854521278,1.35795500830097,1.2024190954440719
2016-09-30,1.1475216292635921,1.296880775182114,1.2786356979174085,1.354501693818763,1.205775974249509
2016-10-03,1.1569864819551792,1.3030370562345648,1.2919056756016707,1.3623716124537428,1.214170261362806
2016-10-04,1.1563365993597199,1.302242022659018,1.2912827990325657,1.3626055454405803,1.214987524336259
2016-10-05,1.154909996161102,1.300467388415262,1.2880051261811543,1.3607923693136066,1.213654035260365
2016-10-06,1.155057347850873,1.2995169661479835,1.2880544780270178,1.3603436070217818,1.215521967237062
2016-10-07,1.1615568220579597,1.3010976392869078,1.290366738862355,1.3591487136533484,1.2011002296163154
2016-10-10,1.16115343877475,1.302249117662226,1.2921455094970409,1.362501553609656,1.2046194668039236
2016-10-11,1.1614639826774913,1.3029071838407909,1.2925229717783722,1.366157953209291,1.2043269833080352
2016-10-12,1.1614649898924065,1.3037789921112073,1.2922035569421204,1.3664379731710117,1.2037940272302619
2016-10-13,1.1596206860477847,1.3050772836644535,1.296058442246499,1.371316937558072,1.2055066806578711
2016-10-14,1.157442557321587,1.3055857598876643,1.299052431250292,1.3733838383026788,1.2027088757093212
2016-10-17,1.1547616172782764,1.3038748424922961,1.2950402965012824,1.3679582073220948,1.200716698657811
2016-10-18,1.1540324971193672,1.3046504009702684,1.292828159867772,1.3663693969933373,1.200891150944937
2016-10-19,1.1536079462785285,1.304604221798527,1.2922178254008665,1.3652889342582788,1.2010180966046198
2016-10-20,1.1529707108925238,1.3044924932247939,1.291284618305212,1.365738158537619,1.2018342970560647
2016-10-21,1.1569498568055279,1.305700102397627,1.2930630316035114,1.3734035924476358,1.2059579892637717
2016-10-24,1.1567385768920957,1.3053948638322295,1.2915674095930847,1.3718284326757977,1.2037364532037367
2016-10-25,1.156923724108357,1.3049675694277236,1.2922658351509793,1.371355161843241,1.2024207950952857
2016-10-26,1.1543204211669869,1.2975278273615407,1.2861101664673757,1.3628549710284863,1.2050003967031955
2016-10-27,1.160531376213944,1.2734368061758559,1.2905398231879373,1.3555410974856572,1.2131323659809297
2016-10-28,1.16071984073117,1.2710444772364504,1.2883594981048327,1.350532129736668,1.217414494339549
2016-10-31,1.1580908842861437,1.2699623006857108,1.2841478921044305,1.3476477364227577,1.1915456886382714
2016-11-01,1.1575525830107016,1.2703847830477069,1.2797813793802288,1.3507956696453811,1.194241139335325
2016-11-02,1.154612171822082,1.2700283547437539,1.279531949699103,1.3497558958703955,1.1969135953431251
2016-11-03,1.154638629593484,1.269390853011343,1.2812843865316197,1.3500951911265326,1.1971609329007937
2016-11-04,1.1541418150126597,1.2756839336084909,1.2777107786668063,1.3514774351236847,1.1976190831409488
2016-11-07,1.1642246417251372,1.2770023482450403,1.292926934859309,1.3430188599257282,1.218017531427378
2016-11-08,1.1625160100941452,1.2771065337643075,1.2908507546997436,1.3452413490019062,1.2185262936431567
2016-11-09,1.154559024325606,1.2698935658409807,1.2869587486118703,1.335552702372183,1.232913718961506
2016-11-10,1.1473324132909664,1.259324256406709,1.2879949000106041,1.332030834075422,1.2923503444147042
2016-11-11,1.1528083379919507,1.2743218180445492,1.304763818115553,1.3414006355200903,1.2934409068332908
2016-11-14,1.1516617252547006,1.272952382957885,1.303151839286606,1.3395071136628807,1.2955846289380157
2016-11-15,1.1459751347186968,1.2779802381657772,1.3121515831499,1.3476323609244822,1.304093610885527
2016-11-16,1.1452034156052804,1.2772386734654557,1.3119457276122188,1.3469622422427343,1.3034794137763168
2016-11-17,1.152009485545628,1.272236593974109,1.312934682666492,1.3467560372386993,1.3181349035775065
2016-11-18,1.1511401554689,1.2716257462422937,1.312072941570351,1.345614913255875,1.3186678844468505
2016-11-21,1.1505162504482378,1.2709132984806075,1.3121241306754003,1.3460167977561601,1.3197409206272621
2016-11-22,1.14803017054838,1.2639542139894313,1.307744569947308,1.3428953787635634,1.3146908246197844
2016-11-23,1.1469335517548944,1.2606464153851955,1.3068202465092047,1.3380700464479225,1.3081862666034416
2016-11-24,1.1454262246879259,1.2606183327663951,1.3057192998959402,1.337996767394395,1.3078824883136333
2016-11-25,1.1442222376348934,1.2607615933855991,1.3047501456977013,1.3363039876285345,1.3046880114258548
2016-11-28,1.144800624341348,1.261590461163021,1.3083781087417488,1.3379750372988097,1.305045184025464
2016-11-29,1.1460412282125627,1.2666365377250592,1.3123894355827876,1.3391611584030645,1.3130829588715265
2016-11-30,1.144582320759587,1.2654833173454616,1.3122975920434126,1.3372024011363466,1.311274851345416
2016-12-01,1.1450783625522654,1.2687309354232192,1.3120046014341826,1.3360417578688586,1.312988227787853
2016-12-02,1.1457780629827727,1.2703967382086367,1.3107208712324838,1.329321091598682,1.3147468666239353
2016-12-05,1.146604619832687,1.270498490226273,1.3110144948208355,1.3292257382282595,1.317825518502203
2016-12-06,1.1489578358976975,1.2699634048292,1.3115122557568166,1.327559388154155,1.3213393212179025
2016-12-07,1.1537404503189959,1.2684246545343647,1.3133858456403578,1.3266704157131302,1.314923627920901
2016-12-08,1.146678908644875,1.2631439412114764,1.3126561191182184,1.3323279034649171,1.3183312914194463
2016-12-09,1.1479134331589607,1.2649430047361914,1.3132128513865131,1.333659757770233,1.3202118215561442
2016-12-12,1.151867535861983,1.267217746273652,1.3141165736829752,1.339495108719011,1.3119874509514113
2016-12-13,1.151803163290037,1.265969089108646,1.3161283175974317,1.3372049368159957,1.3117976138472636
2016-12-14,1.1509953714013765,1.270945434705094,1.3212267965436828,1.3415983621598289,1.3284678124835076
2016-12-15,1.147233093488855,1.2652273638077074,1.3151091581101864,1.3354686557877347,1.3351114248971876
2016-12-16,1.1465618603619023,1.265101344920256,1.3151030441369205,1.3358738220603557,1.3350042460387963
2016-12-19,1.1463168996124424,1.26443716861557,1.3146108450454295,1.3352042491798368,1.3343263988253433
2016-12-20,1.1475327391380528,1.2654615292611493,1.3146694115665136,1.3353139977836852,1.3310982100855637
2016-12-21,1.146620175401741,1.2652000614033163,1.3146855147283147,1.3352249524270372,1.3261679751288682
2016-12-22,1.1462934939103229,1.2670356916712784,1.3154225661921786,1.3387203021459217,1.3324831568791338
2016-12-23,1.146727607750307,1.2669279704277379,1.3166680438693608,1.3407668234761472,1.3342164951974609
2016-12-28,1.1453459421069998,1.260676866251137,1.3109377458408584,1.3336551532018126,1.3317001187435824
2016-12-29,1.1460709117498475,1.2619991027416049,1.3113148992700208,1.335218160980241,1.3327005299658434
2016-12-30,1.1462039517952052,1.2615901884671814,1.3098384303643449,1.3353681627281402,1.3317216749561394
2017-01-03,1.1452105830222232,1.2651067071762312,1.3174448847596156,1.340047049213054,1.328914344599377
2017-01-04,1.1463318595787013,1.2653154175718053,1.3182173281388063,1.3415101457191443,1.332244538336249
2017-01-05,1.151878543673917,1.2599651114224608,1.3190385381539544,1.3387803530828215,1.3439281246705703
2017-01-06,1.150093559728034,1.2586058755423548,1.3181808249833054,1.3370788503380584,1.3427170001623285
2017-01-09,1.1540362634026857,1.2633993852254009,1.320632396356506,1.337377158841461,1.33122952250724
2017-01-10,1.1533582573122059,1.2642135834463621,1.3205010394056202,1.3392421589327017,1.3320727305624676
2017-01-11,1.1497650891120745,1.2659968507002028,1.3167753021818973,1.3396067519921673,1.328682150523098
2017-01-12,1.1487100746747951,1.2649552883388009,1.325591930317465,1.3437324940386608,1.3277512454956193
2017-01-13,1.1500526596188942,1.2665418796259251,1.3283081745775767,1.3468861338303537,1.3243215034203122
2017-01-16,1.150475362042169,1.2643246294506554,1.3279294338408583,1.3421076943498744,1.3217630090229306
2017-01-17,1.1497444334646383,1.2637578481602567,1.3257397493633658,1.3448278148163628,1.3195370853343906
2017-01-18,1.1471024187751508,1.2678490282213686,1.3140714002958007,1.3270759093382578,1.3159097039972063
2017-01-19,1.1498865727022798,1.2677591464366385,1.3158120318657993,1.3306982273599726,1.3147147724825277
2017-01-20,1.1595539692916277,1.2727759718196632,1.3241888374674144,1.3357342503295522,1.317738438829
2017-01-23,1.146100714236416,1.2627810807938926,1.3124105257237222,1.3245894268953202,1.3163594422943528
2017-01-24,1.1424066231245618,1.249192850422911,1.3065334305152727,1.3176681369604284,1.3095222889407423
2017-01-25,1.1436551115278837,1.249633359310156,1.3071008450032024,1.3166382599228608,1.31304471782987
2017-01-27,1.1427880970566384,1.2476436175305476,1.3089285795622063,1.3172585869171456,1.3253059048050013
2017-01-30,1.1471935532288784,1.2453164065118076,1.3136937021441626,1.3125110775600664,1.3281340344572377
2017-01-31,1.1514361617617201,1.2529595266359506,1.314658171811946,1.315206593120315,1.3195446416129544
2017-02-01,1.1481279360491945,1.2626923342444303,1.3181640828317303,1.3153185182265188,1.3152101633868607
2017-02-02,1.150819653997273,1.2710776212983135,1.308742915064792,1.3169962723500164,1.403925748362314
2017-02-03,1.1497934716278355,1.2685134029864407,1.3079204551513992,1.317461028018937,1.4023614718645643
2017-02-06,1.1492652514309614,1.267117547274992,1.3071535494822035,1.3169128886700943,1.4013441536787503
2017-02-07,1.127459569683723,1.2473020530169243,1.2837966080492318,1.3132283765952164,1.400657446586857
2017-02-08,1.1516392040195398,1.243719611503056,1.291353350550846,1.3140592933378796,1.4044248313884067
2017-02-09,1.1565651923440123,1.246674938121465,1.2932928044966454,1.3140748261909236,1.4065459514998766
2017-02-10,1.1573872090256545,1.2399103525315818,1.2863457491749066,1.307146344995779,1.3933934112702586
2017-02-13,1.1602190655892857,1.232370741657671,1.2840125150729718,1.2982401275551922,1.3917215733431065
2017-02-14,1.1748983334377547,1.2430280778993579,1.29279566939542,1.3010976570673392,1.3570403132826132
2017-02-15,1.1823650704227702,1.2604357351297797,1.3013997144595535,1.301886003768416,1.3602947398489724
2017-02-16,1.1822963883090374,1.2658332841669822,1.3039924095291398,1.3069990093306194,1.348454664052935
2017-02-17,1.180271743843513,1.2602631154461912,1.304504466959325,1.3011114117803404,1.3447574110617406
2017-02-20,1.1798983938847833,1.2669558786208421,1.3048835316743226,1.3106587873570097,1.339260412339698
2017-02-21,1.1775066969761496,1.265496415386872,1.3020702348898083,1.3100206351781083,1.3414926743128446
2017-02-22,1.1706098812104038,1.2486056291980159,1.284460939761753,1.2985264014555749,1.3452473365050175
2017-02-23,1.1705886875217153,1.248653329793087,1.2841238970384816,1.2948113612713101,1.344384318946421
2017-02-24,1.1684769398859,1.2465682869387247,1.2799008920525832,1.2933577308084632,1.3429300987418427
2017-02-27,1.1701926540744654,1.2460353612516788,1.2807444489395994,1.293767006306403,1.3413477536060792
2017-02-28,1.1660331264470036,1.241509259378276,1.2735881490322718,1.2834886544529673,1.3417397136236782
2017-03-01,1.150982477828957,1.2295788730616475,1.2534693877733678,1.2602415385344872,1.3492506965824949
2017-03-02,1.1488904456388689,1.211280392636878,1.245747178570594,1.243606651851686,1.371649561555735
2017-03-03,1.147378938887369,1.2106434214497541,1.2443925824679336,1.2409604925335227,1.3663451179331823
2017-03-06,1.1452049526779216,1.2041014639135985,1.2447799632876035,1.2372533414251066,1.3641303978694337
2017-03-07,1.1394716021588238,1.2015479110331895,1.2449150977803294,1.2317531086376516,1.3571360980872018
2017-03-08,1.1395357252223117,1.1926343867370781,1.23826117498868,1.226930030323492,1.3647313482528594
2017-03-09,1.1387116068668837,1.192005716802726,1.2362563796041863,1.2266424540450638,1.3643473789661318
2017-03-10,1.140528004725435,1.1916665213891935,1.2340950691230606,1.228670239489391,1.365531222966371
2017-03-13,1.1397484549719077,1.1890570370977567,1.2330970700904462,1.2266547537525998,1.3586655963414744
2017-03-14,1.1376362536332134,1.187526437282652,1.2333483827483103,1.2297394191020785,1.3632072933408075
2017-03-15,1.137375531513179,1.1857597300975649,1.2322569217396548,1.2295697632229305,1.3623900486009803
2017-03-16,1.1327668953559142,1.1879332307671278,1.2340030075988953,1.2288255315704135,1.357831259518147
2017-03-17,1.1317081864404273,1.187836099702567,1.235587567653842,1.2280835618354908,1.362540897556413
2017-03-20,1.1292551173317016,1.1850120109537918,1.2348276796873734,1.2276054470380473,1.3606279556583134
2017-03-21,1.129073452236399,1.184471610143394,1.2352748623230516,1.226478892777747,1.3604301054294303
2017-03-22,1.1326393363972544,1.1770407016632478,1.241195919024801,1.2343172124437465,1.3666593251748826
2017-03-23,1.1229126492034247,1.1583606876353911,1.214443503335454,1.202215171960934,1.3586499258913856
2017-03-24,1.1154104166115324,1.1514158447588245,1.204647026594377,1.1890073863479322,1.353862737989877
2017-03-27,1.115168166906976,1.1508380345825264,1.2041507184814628,1.1887101955314499,1.354564101205568
2017-03-28,1.1162599283710595,1.1484181698670441,1.2102318340627563,1.1908531260761324,1.343434560571405
2017-03-29,1.1076020597351102,1.145802880491053,1.2075172047983687,1.1802526504149216,1.3352920595657636
2017-03-30,1.1076070983321202,1.1470512401676907,1.2075882221111038,1.1789379125887687,1.3369027084084135
2017-03-31,1.100466801767111,1.1525792308860376,1.2046984281919308,1.1837158128399048,1.3370368212448525
2017-04-03,1.1021490346821292,1.1545478620969674,1.2099043932156794,1.1843602004318141,1.3385941054904176
2017-04-04,1.104061951996154,1.1570004249043062,1.2111788100062977,1.1852172631693858,1.3419031069271181
2017-04-05,1.1046531529461077,1.150888864501541,1.2070335551009963,1.1794928906074917,1.336566563025001
2017-04-06,1.1077700648313027,1.1516300854433263,1.209213460419462,1.1814304930237758,1.3373755804075937
2017-04-07,1.1011208719175674,1.143211362118325,1.2010826325550372,1.1726591997611688,1.3341232672140202
2017-04-10,1.0968647430327032,1.1385451918350964,1.1892915864037519,1.1689552843628308,1.3274270768020895
2017-04-11,1.0979213784432507,1.1310748182387427,1.1807624456529864,1.1662754806069524,1.329427214008161
2017-04-12,1.100126746512512,1.1349329868224411,1.1824060580400537,1.1692903948567637,1.33443985774955
2017-04-13,1.0960101120905124,1.1312222600198836,1.1767859661552784,1.167982500189983,1.3277797640808122
2017-04-18,1.0979042113807091,1.120787752356198,1.180135629819,1.1644081264978439,1.3158895527022898
2017-04-19,1.1024424052453479,1.1260031013217684,1.181876821319978,1.1732900085196911,1.3162689230358982
2017-04-20,1.1026167197560652,1.1264525071352343,1.1816693211684846,1.1722443641371274,1.317245577207132
2017-04-21,1.1034331697015325,1.1340204945713313,1.1886614029803237,1.1779302409945827,1.3221956629486789
2017-04-24,1.1069596729848212,1.134402111803819,1.1925575043654573,1.1778168365326933,1.323330691158229
2017-04-26,1.0990622897167033,1.1261552823576135,1.1849511864253461,1.1754742980472879,1.3286512921952296
2017-04-27,1.1027891012627054,1.1288289724933942,1.1939810969275002,1.1775427435159214,1.3385486968102578
2017-04-28,1.104576059858671,1.1286454586575516,1.1919901161319808,1.1763159768495692,1.3499117675353272
2017-05-01,1.099173053120774,1.123807461353728,1.1860999895335758,1.1720783996490218,1.3484296497226984
2017-05-02,1.078941754348478,1.1034758415761754,1.1899148142675007,1.1281032104297002,1.349087465041591
2017-05-03,1.0977972939368752,1.1224536538179926,1.2041886028926556,1.1552946305808804,1.3567765701935603
2017-05-04,1.0990948527385116,1.12189212385959,1.2060575663764994,1.1576647560812572,1.3532258656141312
2017-05-05,1.0978285827441456,1.1230832100848978,1.20126367008286,1.1583250483156764,1.331527746424005
2017-05-08,1.0934777258791708,1.1273885960461671,1.1992568056253157,1.1588552931933915,1.3135695697503467
2017-05-09,1.101222567822488,1.1308021150679797,1.2116813285989865,1.1658362908486541,1.309631657105377
2017-05-10,1.0992551125469172,1.1279121028449677,1.208037620110508,1.1726926723929239,1.3024475630341639
2017-05-11,1.099439245693461,1.1285106206842908,1.2077335465840784,1.1724030286840463,1.3026973436638085
2017-05-12,1.095586282803894,1.122388664271009,1.2006846395261388,1.16870194905784,1.3108752364348475
2017-05-15,1.0947298390380007,1.1236314233948965,1.199840151787018,1.168070465198293,1.3121107517185697
2017-05-16,1.0954228452921368,1.1254701724353788,1.2030762258923926,1.1698036194408343,1.3088877687857674
2017-05-17,1.0988083568854963,1.1252909260594983,1.2130018768048936,1.1796007501755092,1.2991675954575679
2017-05-18,1.100610855066626,1.1254377928483539,1.2163595478926588,1.1856403223127803,1.3105826940119099
2017-05-19,1.1018703568251587,1.1281838976290832,1.2182707241957478,1.188437013355872,1.315148611694954
2017-05-22,1.1066897387146757,1.124194500181139,1.2150084515831838,1.1818615199733826,1.3184619503681465
2017-05-23,1.1069788128325007,1.1247894708246218,1.2170141952154232,1.1813262123798827,1.3255934274355543
2017-05-24,1.1125589729016483,1.1215854104562886,1.211151843537098,1.1779868865874892,1.3179437804232161
2017-05-25,1.1125062082250246,1.120921981168448,1.2092614302064604,1.178732439035737,1.3155229173296403
2017-05-26,1.1158267271608475,1.1207075576351047,1.2071634094259498,1.1807737490281074,1.3113714209515777
2017-05-29,1.1200376569108526,1.125037169960639,1.209328506855969,1.186833329742263,1.3128696328879044
2017-05-30,1.1190978856815703,1.1275961247958164,1.2107380909708017,1.186600742506064,1.3194682099790358
2017-05-31,1.1188010597932943,1.1257476363142742,1.2125559996154642,1.1875669484511175,1.31802934390736
2017-06-01,1.116582004886012,1.1198164689609522,1.2080921427979447,1.1815159247719276,1.3183748777373545
2017-06-02,1.1199025296510998,1.1223608722476894,1.2103549064396797,1.1800807212687492,1.308884853981512
2017-06-05,1.121711550721567,1.1291626720362833,1.2150982414862832,1.193172485989583,1.329362218460438
2017-06-06,1.1177761028450321,1.1294431664460496,1.2083036882607006,1.1918115540031147,1.3329434275369862
2017-06-07,1.117511468572901,1.1292182479475188,1.2082811492315648,1.1914668282255032,1.3327087600626697
2017-06-08,1.1169628717942193,1.129825862794104,1.2078108867329589,1.1911935216794596,1.3340995866106973
2017-06-09,1.1167348524730634,1.1279259378360103,1.206927970904176,1.1928608698059464,1.3357566145950273
2017-06-13,1.1190528173549186,1.1344589389862134,1.2188016739419574,1.1948663312874386,1.3518705061414302
2017-06-14,1.1158140089135755,1.1232587562298337,1.2129382203594474,1.1861261985192402,1.3630163165357443
2017-06-15,1.109349787595789,1.130103282352485,1.2240694355338735,1.1931371807321731,1.3518410832235546
2017-06-16,1.109426230145296,1.1290410233377366,1.2228371886720446,1.1926585345707328,1.3494780194728966
2017-06-19,1.0977351690043997,1.1217992565939932,1.216627419118214,1.1865118914879282,1.343120922644164
2017-06-20,1.0943047226791556,1.1247190150168447,1.221550897323068,1.186514332553358,1.3389655489631642
2017-06-21,1.0945235816811067,1.1394822009101684,1.2192369645105618,1.1860914293550653,1.3278337758154595
2017-06-22,1.0976170825350557,1.1426143612387423,1.2224019758469933,1.1880618104034697,1.3280610686126237
2017-06-23,1.102403748826745,1.1365884981496621,1.208297158473923,1.1780874717511038,1.2504486008938114
2017-06-26,1.1031215191872321,1.1398226340615016,1.2096310295628454,1.182524919351695,1.2726493834326722
2017-06-27,1.108960494888698,1.1471084462696042,1.21736074261396,1.1861322865344772,1.2868708655069319
2017-06-28,1.1134794436724258,1.1501978585386359,1.218939876316046,1.1865367901458452,1.2800181787849865
2017-06-29,1.1257239046321723,1.147094381484363,1.2248696533205246,1.1938719706622622,1.3131988892179276
2017-06-30,1.1214149574178065,1.1376774858543985,1.2179046292157683,1.1825404825331125,1.3070038034883809
2017-07-03,1.1269610975009277,1.1431936444706896,1.2249248680442733,1.1883407367675687,1.3075794942648697
2017-07-04,1.1257733855811438,1.1495697901512116,1.2386586379127034,1.1871825962808475,1.2981309971874422
2017-07-05,1.1250022316957142,1.150529120515793,1.2376223315970587,1.181034526413199,1.295231900635045
2017-07-06,1.1254762611617084,1.1549983438475357,1.2394744061396807,1.1829078756497977,1.3020440498467223
2017-07-07,1.125435937629656,1.1536541668702553,1.2360204774028718,1.1844996987798526,1.3063088293925726
2017-07-10,1.12607882906281,1.156521663311833,1.224873446820037,1.1676388600861152,1.305634988223849
2017-07-11,1.1256991456344543,1.156337993259478,1.2244159234115952,1.1660445202965664,1.3057704684312168
2017-07-12,1.1262683074889817,1.1572129579640145,1.2256362714264,1.1675738420263018,1.296736316135305
2017-07-13,1.1183249956276302,1.1474627794993872,1.228683001413356,1.1595204549486076,1.2869237531797408
2017-07-14,1.1186210132888768,1.1474625629482094,1.226099001015428,1.1609470063916838,1.2844996408501228
2017-07-17,1.120318415804214,1.1506003110187015,1.226397335932363,1.1621974798768635,1.2839188990665233
2017-07-18,1.1258165181463167,1.1556540912501352,1.2273934570255132,1.164795694612327,1.2837455266883804
2017-07-19,1.1374889930306455,1.1697888482932175,1.2429278479611638,1.1823801315224771,1.2805172086037895
2017-07-20,1.1391406315063175,1.1737368133855683,1.2493363851714379,1.1903134330791438,1.2715566148717459
2017-07-21,1.1398757763746161,1.1746378762430665,1.2499737841218508,1.188263552219853,1.2707817969329265
2017-07-24,1.1399579321350888,1.1778514779837777,1.2510418886005763,1.19012388855634,1.2762748513758853
2017-07-25,1.140095652223467,1.1747589961731804,1.2481892294564076,1.1874689499698456,1.2776927430817047
2017-07-26,1.1374847421085714,1.17286544914395,1.2460022458746178,1.1861899296340004,1.2751141791616991
2017-07-27,1.1387568600940923,1.1735570510844004,1.2472287426651762,1.1862687883722145,1.2739750507497631
2017-07-28,1.1382607752247196,1.1750388346641059,1.2459506362942605,1.1901874924679126,1.2846849296185594
2017-07-31,1.136395513655479,1.1738672502658059,1.2462878977660294,1.1914490906658444,1.2869791930343744
2017-08-01,1.1388247652908017,1.172887484915769,1.2451076458651633,1.191945501415472,1.2938289262815221
2017-08-02,1.1325924688837559,1.1595766517532142,1.2374841810379194,1.1871501691695563,1.2975656470670631
2017-08-03,1.1336822293356048,1.1592820897222027,1.2375061983367728,1.187699283279354,1.296655878608582
2017-08-04,1.1415701734459005,1.160025911492893,1.2386866305518505,1.1887327566891293,1.2920504301899989
2017-08-07,1.1380489711234196,1.1549923604161756,1.2400154667404462,1.183195961243845,1.2778727081687284
2017-08-08,1.1378427764702084,1.149098643532196,1.2350128057255196,1.1776157812808656,1.2763854874674798
2017-08-09,1.1365476261651546,1.150509259224801,1.2351149616513788,1.1803076390679403,1.2762609933035052
2017-08-10,1.1304125112422745,1.148426110514474,1.2258768924296928,1.1787835153100699,1.2738273899048438
2017-08-11,1.1270023141052894,1.1431719153636593,1.2325943756833886,1.1856564599388657,1.2669949859041985
2017-08-14,1.1280703017854115,1.1473894544952217,1.2340432999908983,1.1845818367555327,1.2678438349001901
2017-08-15,1.1255136947937205,1.1467241596886217,1.2341891198651593,1.1870566187717742,1.2669335014061613
2017-08-16,1.126984951833726,1.1468769382483481,1.2359624197369516,1.1927772519391275,1.2660406813383713
2017-08-17,1.1243175994131975,1.14634142124475,1.2360320010274513,1.1944301844217655,1.2688348677140093
2017-08-18,1.124086537102859,1.1506618741253392,1.24104483031988,1.1983629324305194,1.271923654738721
2017-08-21,1.125113136747083,1.151200005435094,1.2396882927845478,1.197049153885978,1.2713767438382633
2017-08-22,1.1230095324078384,1.148665302185398,1.237050744471062,1.1917573051467767,1.2703842067145084
2017-08-23,1.1226325688558445,1.1471109203037115,1.2349602468676637,1.191104168098481,1.269862876807251
2017-08-24,1.1204737977525745,1.145625599981765,1.2318642705691643,1.1890179578385398,1.2710609611082848
2017-08-25,1.118442855699627,1.144649729303512,1.2311824412173598,1.18870839184727,1.2677770352224278
2017-08-28,1.1215844314905188,1.1438334787049624,1.2362997339803237,1.188914865814227,1.2653817188493084
2017-08-29,1.124072111266556,1.1468867392791036,1.2396536656470003,1.1915354641964129,1.270955441229458
2017-08-30,1.1194539292793595,1.1545056250733585,1.241529171958166,1.2056823725743537,1.2784798224903107
2017-08-31,1.1171354751963445,1.1529706122001364,1.2386644972991112,1.208923468849382,1.2792017158244653
2017-09-01,1.1162268310916137,1.1519431279941028,1.2374928350164172,1.2101752107610746,1.2797285505359086
2017-09-04,1.1130645978530533,1.147198495663633,1.2340012042496606,1.2090804561577357,1.275414482159054
2017-09-05,1.1120790513153584,1.1483395587298673,1.234019661483323,1.2093297249566017,1.2757608376244802
2017-09-06,1.112698312477866,1.1491402408424967,1.233585723327389,1.2095032088608373,1.2790553828556381
2017-09-07,1.113107406621623,1.1503311850990703,1.2372569083181866,1.2071791822700808,1.2720192022588925
2017-09-08,1.1098656121883357,1.148151404626043,1.2340029066534757,1.2077183839939525,1.271406955853749
2017-09-11,1.1433539066754679,1.1522534937254112,1.2583572360788258,1.2258518412024426,1.267102994153732
2017-09-12,1.1489534471818168,1.1501633642819606,1.257701148536971,1.2267180707262904,1.2756548825869802
2017-09-13,1.1469738773091498,1.1500046099441357,1.254793666291925,1.2260546447004772,1.2748775565446275
2017-09-14,1.1439836680949258,1.1474018642536241,1.2539018650888047,1.2256722338552388,1.2733856608221095
2017-09-15,1.1438601371960262,1.1453309415948303,1.2586628959864397,1.2284900553597997,1.255956594114423
2017-09-18,1.1439717942127052,1.14726923449615,1.2592350762542726,1.230789032147397,1.2565388412119505
2017-09-19,1.144132659162599,1.147249791208872,1.2590460058694872,1.230199638537691,1.2561542475236869
2017-09-20,1.14625362402982,1.1446071269377305,1.2605297813215264,1.2262915032387196,1.2548505664184613
2017-09-21,1.144019758367965,1.143353505838686,1.2585262454016883,1.2290842719870425,1.2634481802224253
2017-09-22,1.1489745405936005,1.1402260750920603,1.2610957741771598,1.2290490669231977,1.260075996484262
2017-09-25,1.1490409459086854,1.1402628200530351,1.2610849482929187,1.2290459251163193,1.259881514512152
2017-09-26,1.1487651336720475,1.1406391010227317,1.257262218792134,1.2295677868940487,1.266908956929691
2017-09-27,1.1488871141350034,1.140679295241697,1.2570394787453014,1.2292601982450821,1.2672355193359643
2017-09-28,1.1533477848948712,1.148420477652713,1.2699752961975843,1.2351500177023058,1.2737379006530882
2017-09-29,1.1488820702143305,1.1466788776468362,1.265375334919216,1.2346876105325257,1.2685625738209427
2017-10-02,1.148246999997349,1.1459827963127511,1.2604358140374567,1.2335284404590452,1.2697731463851696
2017-10-03,1.1528743861232305,1.1467476489752568,1.2595426566325931,1.2310858397695128,1.2625476607041073
2017-10-04,1.1481011172662072,1.1505417452420021,1.2649784584245647,1.2418138914928032,1.259658232200566
2017-10-05,1.1474933659503512,1.1524140899179518,1.2654645198776513,1.2418616474320368,1.2567164582567163
2017-10-06,1.1501603312782802,1.1526178178279243,1.268056453236833,1.2433293089459607,1.258768497463286
2017-10-09,1.149889687429394,1.1546565583941257,1.2678145691104135,1.2439241450706426,1.2542955652028582
2017-10-10,1.1501408552263983,1.1548426547514883,1.2678883784394495,1.2439300077341533,1.254601660151603
2017-10-11,1.1477117398238348,1.1531586640641163,1.2684475083727484,1.2427675821145152,1.2539111680740709
2017-10-12,1.148098497128656,1.1544734131598737,1.2651272763724326,1.2383909281003553,1.245368549430023
2017-10-13,1.1480561914939975,1.1538561286423337,1.2650679011162598,1.2369293603570484,1.2433077954634044
2017-10-16,1.1536217497292938,1.1537788299070568,1.2716147579420995,1.2450103028525326,1.2433299201134052
2017-10-17,1.1571939226883625,1.15167084165551,1.2711157465896292,1.2422108327350607,1.2399657137615865
2017-10-18,1.1582032617086946,1.1525111746403545,1.2734836915015428,1.2436369502382603,1.2393454828829111
2017-10-19,1.1585508455100582,1.152656818915469,1.2741423151240006,1.243641101944348,1.239750947985344
2017-10-20,1.1602232111632869,1.1530758377342598,1.2767707184270627,1.2457904838886191,1.2393924364499231
2017-10-23,1.1610989493322448,1.1518953249324846,1.2806020631267963,1.2485941354853587,1.2429027579549656
2017-10-24,1.1609459481722928,1.152632986146477,1.279236894404433,1.2491291291668092,1.245903026653465
2017-10-25,1.1664450823431252,1.1596717202202997,1.2927015283274659,1.2630142428414135,1.2427421491281305
2017-10-26,1.1643710757386496,1.1802689080267108,1.302697162742686,1.2720930559098498,1.2502441466829384
2017-10-27,1.165933427834518,1.184941893146432,1.3040084740385651,1.2702229236057863,1.2446118784010596
2017-10-30,1.1643592285728541,1.187873648936091,1.3048594710150738,1.2706445822751913,1.262539169268199
2017-10-31,1.1639716049118205,1.1895139342421626,1.309688811593481,1.2688416648183456,1.2631866026140024
2017-11-01,1.1684014410399728,1.189411389186005,1.3108863891725655,1.2702947465594352,1.255520945608068
2017-11-02,1.1678746526383383,1.1936350894911691,1.3110417360668591,1.2721990679854214,1.2534977826240967
2017-11-03,1.167306320913714,1.178237196508099,1.3142359306983487,1.266763344395074,1.2519066914490709
2017-11-06,1.160588291229432,1.1802782643477654,1.3066971152512679,1.283230070606497,1.2368976549224926
2017-11-07,1.159885917000547,1.1731647377587573,1.2980544571819737,1.2795778343294884,1.2305446418408936
2017-11-08,1.1704604768626465,1.1812048566532642,1.3088768902717582,1.2872416443027976,1.1945768134978618
2017-11-09,1.1897002621241672,1.189776776012608,1.3104207164682184,1.2884370390264155,1.0443521199871635
2017-11-10,1.1692928545346917,1.1655219680705355,1.291895087662773,1.2747069305684173,1.0327717124275007
2017-11-13,1.1712295790461982,1.1675936865198004,1.2921184872763072,1.276517350712899,1.0327663677383463
2017-11-14,1.1727946548447756,1.1739489399694876,1.2940337289259638,1.2756557928078898,1.0335026532820841
2017-11-15,1.1702619704807695,1.1738046863567706,1.294400765470949,1.2723598796072009,1.025555522493726
2017-11-16,1.1711746932390767,1.174325675073512,1.295040307908832,1.2732281621229375,1.024326155268603
2017-11-17,1.1714880993255465,1.1745789477749917,1.295561381325502,1.2750230163606264,1.0235247872739992
2017-11-20,1.1723148026612162,1.1746595257902663,1.2967210512258172,1.275372830629592,1.0241085383014703
2017-11-21,1.1789715909733574,1.1873036453902932,1.3130284640051488,1.2908354720208428,1.0341986185517222
2017-11-22,1.182071722108121,1.1908972101803237,1.3174776020673789,1.2960320516359414,1.0435092970726543
2017-11-23,1.182182023929286,1.1913574890023573,1.3179372767273905,1.2965596216177866,1.043647628621106
2017-11-24,1.1855994764465756,1.1919023377132758,1.3210984497289808,1.2998345995783953,1.051193340107747
2017-11-27,1.1839739242786413,1.188528439523113,1.3205061700999172,1.2974499877085868,1.0548241367535387
2017-11-28,1.1855726047562738,1.1909004337290636,1.3221083358907153,1.3000348484128657,1.0553698338982724
2017-11-29,1.1927999783462193,1.195583858406537,1.3256049214908356,1.3061007303693972,1.0592387824982614
2017-11-30,1.203095486241192,1.1853845080091467,1.3204155505589263,1.3121786219962475,1.0649958310454959
2017-12-01,1.202168172003303,1.1867863668650172,1.324967359143693,1.3200243876623663,1.0658527987295454
2017-12-04,1.2007703176361757,1.1867771607915378,1.3257286027975883,1.3216404024510842,1.0566877183943846
2017-12-05,1.2013760597683292,1.1913267458718269,1.3307083224740235,1.3229078057449313,1.064108316348247
2017-12-06,1.1935290192474284,1.1862297098899106,1.3214045451981709,1.3126235355804026,1.0688836810079478
2017-12-07,1.2037723917681362,1.1911984314038877,1.3182079001497926,1.3005647896230328,1.0689549669250031
2017-12-08,1.2026707450326188,1.1891224189028349,1.318627970925108,1.2972048618874596,1.0695523708193473
2017-12-11,1.2027811798665125,1.1890958203661581,1.3185732285729452,1.2971605566960243,1.069509215562822
2017-12-12,1.202178048781287,1.1901345202134654,1.3147409871713895,1.300499783750091,1.0688689851882076
2017-12-13,1.2006717508258278,1.1895107966076532,1.3111418806211623,1.3036507993951894,1.061500106422082
2017-12-14,1.2032557432301234,1.2014387263530701,1.318050519779348,1.319074320536158,1.0709572572762127
2017-12-15,1.2054290869069506,1.2024470765000572,1.3186792785655421,1.3203709746047456,1.0726729851462473
2017-12-18,1.2008945012567562,1.2017275451435618,1.3159582423653267,1.3309691044586647,1.0818222996593854
2017-12-19,1.1971069612968457,1.195728963228728,1.313367634075177,1.3311601945778788,1.0908113669689465
2017-12-20,1.199756829334421,1.195306489062228,1.3153531203920192,1.3306891180277323,1.0949919330396138
2017-12-21,1.2011058349040362,1.1961105140641826,1.3171402288199119,1.327260014917442,1.0913535601113966
2017-12-22,1.2024105585585587,1.1960426815247485,1.318502404436151,1.3287911466562081,1.0886601179897746
2017-12-27,1.2046987039273176,1.2084233092007264,1.3248009160422385,1.3469328887858798,1.0950742551027626
2017-12-28,1.205273978333278,1.2044442423398354,1.3253336354827294,1.3427335439887487,1.0905967595428192
2017-12-29,1.1996595528634173,1.200995153670369,1.3233409283007522,1.3364249456013826,1.0848344289894332
2018-01-02,1.2092621459055979,1.202423372131508,1.3296847973554995,1.334531040775847,1.0913908108831316
2018-01-03,1.2088202928430378,1.2017729902427425,1.3292900454119416,1.3342398622742182,1.0908376959343786
2018-01-04,1.2086550774627711,1.200331947674547,1.3283572268277672,1.3339034754653285,1.0933861586896148
2018-01-05,1.2138574829696307,1.19973226908422,1.3304637309647356,1.3329123997410066,1.0991062593811547
2018-01-08,1.2113746455076515,1.1926196334808872,1.326953076359194,1.3319927017636746,1.0984346427509066
2018-01-09,1.2167731699687838,1.1901209701880302,1.3302944595187178,1.3280824176570938,1.0948870188451256
2018-01-10,1.215832747869276,1.188599493051261,1.3233119563225357,1.3254189634545868,1.0926612010653236
2018-01-11,1.2146124095666722,1.1849472133454753,1.3225424519877154,1.3231010836280257,1.093912299123491
2018-01-12,1.2109206699481925,1.1814680427065976,1.3176926121072066,1.3159893468103314,1.0966722571356389
2018-01-15,1.212525054445615,1.1834235152828154,1.3174672867102577,1.3172441934921815,1.0972410941278947
2018-01-16,1.2153153127833138,1.1821467670238366,1.3216734927182747,1.316442775325953,1.0892719603714938
2018-01-17,1.2128340760608418,1.180254248606085,1.3181654085286691,1.3112452058373407,1.0788878955945567
2018-01-18,1.2135434009397112,1.1818942907276166,1.3187021151581073,1.3130936720826016,1.0788969615905804
2018-01-19,1.2091783223577397,1.1816103586293527,1.3134604373318695,1.3061476401990026,1.0823584079480926
2018-01-22,1.220572552911716,1.1885724148673322,1.3245469798233935,1.3141285777144573,1.0795446561268434
2018-01-23,1.2209040079842044,1.1936435100488174,1.3355702153434272,1.3292244406724836,1.0891088801834916
2018-01-24,1.217089737816341,1.1918264455716563,1.3360329633141397,1.3263302638564436,1.092779565469092
2018-01-25,1.2164727452203623,1.1878648331355441,1.3287050555796638,1.3262920948563948,1.0829435962068876
2018-01-29,1.2200267194270895,1.1969914046968393,1.331579855282781,1.3298519397053037,1.074886323776378
2018-01-30,1.2116621782563612,1.1941690534053224,1.3234113574901438,1.3234112455301585,1.0911554927168103
2018-01-31,1.2116867982387385,1.1954415368810005,1.3214421100563412,1.3248928937408369,1.093618243374515
2018-02-01,1.2165423872424252,1.1913442179714793,1.3259444505876734,1.3251795976238232,1.087477767756426
2018-02-02,1.2196763513894535,1.196139711120185,1.3287149959147468,1.3236733466860822,1.090477548993542
2018-02-05,1.206925651613314,1.1854240030864076,1.3132445734733011,1.30771951101507,1.0899316389143843
2018-02-06,1.176805567647439,1.1567223723137832,1.2754477567397655,1.2664451626987745,1.1552570257546986
2018-02-07,1.1622608217511636,1.147963345293237,1.2662634328951623,1.2529070466821637,1.175295002967912
2018-02-08,1.1625489965251294,1.1525057273514634,1.266758129521723,1.254867168861412,1.1784029733040486
2018-02-09,1.1546221059571522,1.1471466446445637,1.2558373036291413,1.247589746627191,1.1871616842484733
2018-02-12,1.1591418854326199,1.153892457631287,1.262035906147223,1.2506646031311737,1.1869490112694752
2018-02-13,1.157212568391146,1.1513095028868447,1.2577301994538237,1.2453946864769516,1.1892179729232213
2018-02-14,1.145221439823405,1.1376633782462875,1.2516285928933348,1.2440761412668158,1.1806959873606788
2018-02-15,1.1273186964715527,1.1390096764170563,1.244718943598044,1.2450953130390252,1.1782905793690426
2018-02-16,1.1282324828143744,1.1389510455514904,1.2474487163268277,1.250360844958891,1.1762058541446854
2018-02-19,1.128313741027888,1.1399064746142331,1.2464439540428967,1.2508736585398206,1.1746850011949652
2018-02-20,1.128392852656446,1.1404364383813677,1.2465931637425305,1.2504964215038303,1.174417755853015
2018-02-21,1.1322665888730206,1.1394870370852375,1.2475592479520103,1.250593713512404,1.1766924442921083
2018-02-22,1.1330190619311855,1.1400369340662115,1.2480065216133123,1.2556995659070604,1.1768059924219954
2018-02-23,1.137676075407367,1.142397339385706,1.2537425272129465,1.2578821099049313,1.1626301365201266
2018-02-26,1.1410864134814527,1.1476163557405825,1.2600287035248143,1.261665092043144,1.1608130369885694
2018-02-27,1.1416459755608221,1.1494826833914993,1.2597432131888182,1.2639048513919386,1.162803112667507
2018-02-28,1.1400822440200455,1.1497119879757274,1.2626098088895072,1.2594848960427525,1.1579937175315145
2018-03-01,1.1417398149602407,1.1531729935738122,1.2682077057235686,1.269572602449707,1.1604473985737893
2018-03-02,1.1395066420511464,1.1472874372681188,1.2604992938043547,1.272289436824048,1.161706201305917
2018-03-05,1.1408462080164339,1.1467439843947804,1.2623752598261815,1.2719761733431754,1.1635777570541557
2018-03-06,1.1365339758987985,1.137128962387587,1.2454576508407338,1.2621239929429833,1.1646726715017195
2018-03-07,1.131930295213605,1.1392415984039275,1.249027850039051,1.2620467101348898,1.167705059912126
2018-03-08,1.136551425779678,1.1432447970109245,1.246239492512473,1.2574415929174196,1.1741084873599432
2018-03-09,1.1353310442285296,1.1429613570760992,1.2484709700323344,1.2553058652719433,1.1703123710399794
2018-03-12,1.1361682858294855,1.142895640079713,1.2497720429456658,1.2559886278058747,1.175360266894159
2018-03-13,1.1359763017926934,1.1417821741479706,1.2485256487245195,1.2555153441478704,1.1740218836785978
2018-03-14,1.1349343530405593,1.1469078024075439,1.2499401071152645,1.2528378856175832,1.1757156341820425
2018-03-15,1.1377349095392228,1.1536777043817892,1.254425920862029,1.257961909200366,1.177211672178173
2018-03-16,1.1326606788060767,1.1481598276480751,1.2475565082951434,1.2552924530703715,1.1693636045340123
2018-03-19,1.1317960440965695,1.1502910763732226,1.248341121690447,1.2548173386943648,1.169603947678386
2018-03-20,1.1282461150997083,1.1492114211852833,1.2439625641242322,1.252694733378426,1.1694855500914811
2018-03-21,1.1258010361296433,1.1547702216309115,1.2377629731201778,1.2447772598471827,1.1590902004249113
2018-03-22,1.128681033853145,1.156028177006517,1.2410529612805752,1.246779939929037,1.156745021283259
2018-03-23,1.1409206614884615,1.1419787535715031,1.2383050306384737,1.2233832272188578,1.1606694976701608
2018-03-26,1.1435935181626755,1.142892284567896,1.2385827974898336,1.2238791971284997,1.162494471133018
2018-03-27,1.1316900838792576,1.1270038381658631,1.2265912684054145,1.2146487543454938,1.1738691532933891
2018-03-28,1.1302304446159905,1.124467698994883,1.2202844462778326,1.2151788003163457,1.175639926233626
2018-03-29,1.123226604605201,1.1180223485483791,1.2160656089673807,1.2182300159900983,1.170860723608813
2018-04-03,1.1227491653304777,1.1191109907040937,1.2164991830734568,1.215773536754048,1.1758554769150795
2018-04-04,1.1231267639680038,1.1190519835775754,1.2164740881101972,1.2150385018228085,1.174812903970645
2018-04-05,1.1268643298905516,1.1210475188991955,1.217634736510817,1.2172511888158977,1.169257521329165
2018-04-06,1.1277616027083035,1.124416473650537,1.2208293191409125,1.2199032925568596,1.1698586778720221
2018-04-09,1.1234845693760118,1.1205611501725306,1.217448871224222,1.2169923829869158,1.166426677513493
2018-04-10,1.1253317343386045,1.124171261105067,1.2220186724736175,1.219140982420561,1.1702020707373562
2018-04-11,1.127856648508841,1.129338368974913,1.229072060277322,1.2222600875477172,1.1659930011749948
2018-04-12,1.1277150164478866,1.127748928513406,1.227241798651671,1.2219154888462667,1.1656260439268893
2018-04-13,1.1270251072923017,1.1253690539960957,1.2261804395539697,1.219829857718768,1.167358177488043
2018-04-16,1.12823919768618,1.1295249152940634,1.2297266167225156,1.2214553256462168,1.1670784649800525
2018-04-17,1.1302740261682012,1.1328013842150328,1.2338171737128127,1.2253798312250033,1.1682831391856898
2018-04-18,1.1255298354661754,1.1278584772913558,1.2294514675468684,1.2187556350459978,1.16804605306934
2018-04-19,1.1235458255442743,1.12381930842468,1.2274153031623496,1.215826188775441,1.1661402498447158
2018-04-20,1.1237773165268674,1.120569674844473,1.2271651919640567,1.2136347085824362,1.163487684887519
2018-04-23,1.1242143317467441,1.121866329442867,1.227685634676099,1.2147766237454696,1.1609499195175952
2018-04-24,1.1249061904843674,1.1250013059313728,1.2318628805305312,1.2110123405677315,1.1466952820993923
2018-04-26,1.1268936719193638,1.1276257508563858,1.2371763312972148,1.21368843829878,1.1461948560647475
2018-04-27,1.1144308278921384,1.1251087552112549,1.2356999465904708,1.209437874476676,1.1580130127294272
2018-04-30,1.116576597622495,1.1303988120645752,1.2384881561299916,1.2107831406331049,1.1550268756443887
2018-05-01,1.1230824674680258,1.136579592265051,1.2420597223531418,1.2177340492812057,1.1447518243965056
2018-05-02,1.1163827630362697,1.1196213485623154,1.2340888973746702,1.1991497473933281,1.1346334837887035
2018-05-03,1.1132637241324723,1.1073720494929344,1.230448413352459,1.1936509038672685,1.1348566744451325
2018-05-04,1.1226256317078969,1.1064164494769262,1.2368496688676232,1.1946276956302648,1.158435836872849
2018-05-07,1.1190603127837833,1.0956444921143147,1.2397957826336226,1.1978595867754167,1.174264766490105
2018-05-08,1.101394047592211,1.0874639844172138,1.2245277235803083,1.1873332803999745,1.1674022291104547
2018-05-09,1.0997536524033247,1.0926128614782913,1.2325418577501694,1.186370874829763,1.1763931767211828
2018-05-10,1.0986137530122486,1.0916451567168097,1.232808211365783,1.1868642706990211,1.177186798957892
2018-05-11,1.1018061176886613,1.0992181062721844,1.2393845842344642,1.191288352033103,1.1755261134448831
2018-05-14,1.1013434797252444,1.0984213613766793,1.2438303828008483,1.1936352375173531,1.1790659287168324
2018-05-15,1.097457013146715,1.0990160738474442,1.2417134299984436,1.1888849901442209,1.1704263934963708
2018-05-16,1.088654359224045,1.0885839914441264,1.2312569232897175,1.1896333544270568,1.1718418910182489
2018-05-17,1.092104451843841,1.0871168625776702,1.2358561669408608,1.191909105234194,1.1684843067133779
2018-05-18,1.0922188676756497,1.087166745324553,1.2351974798633065,1.1865477283480206,1.16769021270273
2018-05-21,1.08852900432352,1.0931752386110785,1.2366550926582758,1.195907486055765,1.1669817311006785
2018-05-22,1.0800491478492726,1.0903641994081965,1.234042929122172,1.2015704490827859,1.1666098301540113
2018-05-23,1.0808767585891685,1.0917064765208433,1.234477734401186,1.201573552249066,1.1621932637484826
2018-05-24,1.080709736643304,1.0943085872497555,1.2352687443002672,1.198406224125548,1.163983830656216
2018-05-25,1.0756514041949303,1.096497321473898,1.2377796922576854,1.19298118624884,1.168508902963448
2018-05-28,1.068768120557834,1.0893404775896955,1.2319810747299311,1.18437512420034,1.1679738499124572
2018-05-29,1.069138799248322,1.0879175873703364,1.2310339994867348,1.1831644439507623,1.1672354181747806
2018-05-30,1.0716629056823785,1.088328477371101,1.237992087301723,1.1898201724211823,1.177139596978419
2018-05-31,1.0682482268244966,1.0881911099013803,1.2376647916796055,1.1884763343186073,1.180002536318787
2018-06-01,1.0691511557119244,1.08680110227216,1.2399743328701536,1.1913132176176902,1.18845711267083
2018-06-04,1.070132878854564,1.0798242548546744,1.2308161311483832,1.1800593481884551,1.1762782869749115
2018-06-05,1.064258363384828,1.078200679167341,1.2370094327242314,1.1818123390392734,1.1673843148271112
2018-06-06,1.0532855466735545,1.0698074027432403,1.2294383978635668,1.176310616220551,1.1680131773953015
2018-06-07,1.0500766482621717,1.0663012441710673,1.2285836038720386,1.1761067116947241,1.165657308055855
2018-06-08,1.048953330029555,1.0655762852871602,1.2285956408031689,1.1759449633181571,1.1660456645703308
2018-06-12,1.033745700774802,1.0518967745204038,1.2131473992131911,1.1656040082291979,1.1524120877930035
2018-06-13,1.0310567536906488,1.0578451925318983,1.2057422335913799,1.1712619905373065,1.1428586575290303
2018-06-14,1.041245538185816,1.0481678499518294,1.189935143296698,1.1617089753171908,1.1547688834230363
2018-06-15,1.0555104427350022,1.0407647228548904,1.200280686542873,1.1666696097480291,1.1789078271310935
2018-06-18,1.0531727950954084,1.0370181916865338,1.1982027263989896,1.1665341461933765,1.177389575346377
2018-06-19,1.0557243126718565,1.0352223212924876,1.1905766207533925,1.1633189018022008,1.1770156056454901
2018-06-20,1.078729514045009,1.021716119807274,1.2139994557192497,1.183794409569853,1.2048200480080482
2018-06-21,1.0781531374466424,1.0174142674064788,1.2070800004127828,1.1737043907569265,1.1992572995367445
2018-06-22,1.0765117398915414,1.0156861694928132,1.2049667513736013,1.1689651361385016,1.201913621146648
2018-06-25,1.0830397485821528,1.0186298129555609,1.2060142746893334,1.1714123756065178,1.1997702128797259
2018-06-26,1.080965780639449,1.016762971434652,1.2065286604138892,1.1715835264803593,1.2015750823829527
2018-06-27,1.0806495495759938,1.0194465685734875,1.2062769860201128,1.1689111950299493,1.2129004905938523
2018-06-28,1.078729595840409,1.0069777228223002,1.1982106690873349,1.1561505799302838,1.2219100324186727
2018-06-29,1.087913668988306,1.0196236401930754,1.2065209163594515,1.1802623411770046,1.2394126628027624
2018-07-02,1.0902438631367621,1.02240043136814,1.2104057357619786,1.1894376900889843,1.244422921317393
2018-07-03,1.0964352506577744,1.0041544436843113,1.1846384342475695,1.187008404330503,1.2535442810563255
2018-07-04,1.0964086815319876,1.008329132987077,1.1821225294757511,1.1831180993434391,1.259408530591538
2018-07-05,1.099597370914847,1.0082726014313252,1.183250958564935,1.1860761229186738,1.262518722042679
2018-07-06,1.1079883893179452,1.017873563826193,1.186416625160622,1.1949061212768886,1.246201514261167
2018-07-09,1.1068660193471067,1.0157769969130646,1.1840156740700738,1.195154766682572,1.2499081528099867
2018-07-10,1.1171226934088316,1.0161866956153123,1.1867485627264365,1.1980015224241563,1.2523958138384528
2018-07-11,1.1161831832193052,1.0136997628866502,1.1859499797052513,1.1931459336562273,1.246519777749843
2018-07-12,1.131825910254688,1.031655662337502,1.184555432946543,1.2150972265725362,1.258048629789058
2018-07-13,1.1310039703778911,1.0291550290050584,1.186071057259404,1.2131602801593306,1.2596728040896579
2018-07-16,1.1327186633713011,1.0291865417090946,1.1850245054195974,1.210820369616611,1.2599279271224129
2018-07-17,1.1160983209112671,1.0128549673138199,1.1735762787878798,1.2028763614541735,1.2625251361809418
2018-07-18,1.095689112397299,0.9869973948327405,1.1435854980671292,1.170240484308601,1.2806127391160422
2018-07-19,1.0940005917991202,0.981115283671106,1.1315199120953103,1.1574687644860522,1.2911585688989986
2018-07-20,1.096509354828422,0.979079033772422,1.1320106933885001,1.16148024467046,1.292831203514346
2018-07-23,1.0959457109085506,0.9703164392026862,1.1291130761152002,1.157713996469933,1.2889750407401723
2018-07-24,1.0893487033816815,0.9701273995739901,1.1254137780879028,1.1580971792014016,1.2904888593490083
2018-07-25,1.0926884332871538,0.9697814420993878,1.1295714731507822,1.1586094645511604,1.2967249624578283
2018-07-26,1.0921331073226024,0.9696407984833598,1.1303290260544023,1.1590361400483828,1.2990169517707366
2018-07-27,1.092265145454347,0.9644462016310583,1.1317496375988165,1.16048018089141,1.2883504282497702
2018-07-30,1.0941155914070249,0.9651951015956801,1.1329269329795826,1.1629056385799454,1.2895422654038518
2018-07-31,1.0934995231733082,0.9697284809756529,1.1348218856088355,1.169546112759953,1.2909131162004863
2018-08-01,1.097514044291022,0.9698182304783409,1.1334508549752902,1.1722151458852998,1.2892991246968963
2018-08-02,1.091971401927709,0.9707559336416816,1.1285233949631197,1.1710935807802525,1.2903575103186227
2018-08-03,1.0793223909601033,0.973776760134329,1.1293527716316711,1.1728309232774998,1.2917617924183369
2018-08-06,1.081734642391954,0.9722620752489413,1.1274670682680268,1.1750335280370805,1.2966942512400241
2018-08-07,1.080815440978731,0.9736608848347776,1.1283813799821847,1.1724105390206672,1.2946646300446623
2018-08-08,1.0858978434121094,0.9699865855001845,1.1265294722869048,1.1679930556388503,1.2928400934725361
2018-08-09,1.0875617877906312,0.973823938539971,1.1282419951246565,1.1719376090253564,1.2921430870487187
2018-08-10,1.0950969614304173,0.9726076026132616,1.124975743752948,1.1583630554596849,1.3048225777722933
2018-08-13,1.092646546939842,0.9629459942148142,1.1208492051076264,1.159216904214475,1.2991059586039655
2018-08-14,1.1001009985753198,0.9700625080010901,1.1340478710037387,1.1621300910122403,1.3015789118680863
2018-08-15,1.09511768613004,0.9657876505650039,1.1248613895293116,1.1588430626964348,1.3041268294457509
2018-08-16,1.0944871551586666,0.9653055064342334,1.12534291084685,1.1589647448222529,1.304939884491127
2018-08-17,1.095385779019589,0.9589960529122736,1.1185244576061184,1.1558792235274544,1.2970835438114938
2018-08-20,1.0912812622510153,0.9580531571651417,1.1202695515865624,1.157109606764727,1.2994833044375915
2018-08-21,1.0902748979970844,0.9622106235799814,1.1324656829731818,1.1724799671293684,1.2842718300553722
2018-08-22,1.0939702305024188,0.9656663376109056,1.1380080413543094,1.1759594197421632,1.2854798754668846
2018-08-23,1.1015518587775508,0.9720720652185553,1.1486111903613354,1.1831926741832228,1.2871835684928088
2018-08-24,1.1018625614283963,0.9717648255663295,1.147705485281321,1.1827729671201266,1.287500879861964
2018-08-27,1.096628989972564,0.9709639598351123,1.1388901413410948,1.1829675350595967,1.2909912961194117
2018-08-28,1.0934572269997913,0.969514597720625,1.1398316106853998,1.1808599007478362,1.264741872130232
2018-08-29,1.1072535943328154,0.9806813159563553,1.159638394199467,1.1952728583508627,1.266231435970492
2018-08-30,1.1111385136660776,0.9839141844832199,1.1654108833148447,1.1927002042178285,1.2686037789206241
2018-08-31,1.1176725873122757,0.9774582950874137,1.1634310907320544,1.1842191562984379,1.2602895055047871
2018-09-03,1.111676603687456,0.9777939791914391,1.1637463868810185,1.1852604081455813,1.2595396647563397
2018-09-04,1.112994460641454,0.9790405936416494,1.1655125835608322,1.1900043653861134,1.2625268402502148
2018-09-05,1.1061684261634301,0.9731581523356945,1.1642085367030857,1.1829230737787964,1.2479574571461731
2018-09-06,1.0908438570358718,0.964352342830766,1.1534273532268655,1.1712239145457126,1.2681766721600214
2018-09-07,1.084696320784575,0.9635771804074467,1.1513663202344484,1.1691139332445697,1.2717080818884672
2018-09-10,1.0783836097956732,0.9546090167935665,1.1430638598973921,1.156636083332629,1.2537866986474948
2018-09-11,1.0735331125171765,0.95013298488838,1.140288398036935,1.1541794241881496,1.2502372494809892
2018-09-12,1.0741669879578692,0.9506151817737679,1.141068881575088,1.1553591738154376,1.2491750046196919
2018-09-13,1.0772299075955023,0.9555361184770974,1.1389028996382713,1.1586776054658434,1.26421263320031
2018-09-14,1.0790045369816024,0.9589626361421818,1.1368289871817467,1.1553213302492962,1.2592452142599275
2018-09-17,1.0786214864993653,0.9569154868539276,1.1359996317594878,1.1545147500925435,1.258811074956614
2018-09-18,1.073794828129111,0.953497306768546,1.1331020194269454,1.152583873348425,1.2616423584337295
2018-09-19,1.0728150661445475,0.9553881702799167,1.1361444621143475,1.1544310308501944,1.26557575834278
2018-09-20,1.0823473989797299,0.9614163521273339,1.1457928890020308,1.1594812246265322,1.2681529285392454
2018-09-21,1.079302967661822,0.9552334455521077,1.1411267909674216,1.1574513056588298,1.269290830239606
2018-09-24,1.0797775254397266,0.9543093032812002,1.1404246186741815,1.156077702414911,1.2710791127305046
2018-09-25,1.0783007793326203,0.956290491214767,1.1430393751870742,1.1566074822443069,1.2712223293945526
2018-09-26,1.0772878150559555,0.9560950374556173,1.1437956415958073,1.1559786181423326,1.2702018612351282
2018-09-27,1.0767135342820753,0.9562777807609351,1.1447009805321233,1.1572818177477349,1.2659643536237086
2018-09-28,1.0843135650886089,0.9635849831894524,1.1501559633762675,1.1635703248870461,1.2566483572454166
2018-10-01,1.0839792051507275,0.9648271195311255,1.1548961964582432,1.170011229548592,1.2660035630532251
2018-10-02,1.0806783016098622,0.9629884700216835,1.1568546886448898,1.1731201531628555,1.2845737749614619
2018-10-03,1.0963707109333487,0.9555096036758893,1.1573616063653196,1.1581650745709737,1.2879256006418394
2018-10-04,1.096096245095069,0.9538824317377121,1.1595661381461746,1.158441873996956,1.289918825578074
2018-10-05,1.0930682159515828,0.9507081077122255,1.1570800669854604,1.1561999422337277,1.2922636059531847
2018-10-08,1.0804054672106853,0.9432705021885244,1.1485878824907483,1.1738369149640648,1.290796977431151
2018-10-09,1.076806166939334,0.9428132274933743,1.1404416488038425,1.1658349957405403,1.2875321103948383
2018-10-10,1.0814931725270673,0.9434148572719859,1.1394674122221253,1.1674058194791597,1.2899599385230829
2018-10-11,1.0774377852352743,0.9369834008743946,1.1164120920778118,1.166438210267451,1.379315979453057
2018-10-12,1.0771188699216805,0.9355801438828409,1.1165687180495265,1.166247320178707,1.3822129684224032
2018-10-15,1.087981995849711,0.9439360450888712,1.1219484529084027,1.1757454386957151,1.3807215364644074
2018-10-16,1.0803268701558117,0.945598497318098,1.121476190509305,1.176673958508755,1.3796593066375409
2018-10-17,1.0873361856745045,0.9323265715142999,1.1270991699972632,1.1724160335027267,1.3911561628665015
2018-10-18,1.087151792214333,0.9324732698351421,1.1267435373900492,1.171836571122169,1.390150258192861
2018-10-19,1.085891737463921,0.9322870689462154,1.1260113232370654,1.1715752815555827,1.3901078554464477
2018-10-22,1.0869187995997094,0.9349068567635564,1.1258861546228023,1.1735769539720338,1.3970892522089617
2018-10-23,1.085571821335591,0.9368408533902344,1.1256034217745872,1.181790939522893,1.3915973194717064
2018-10-24,1.0838005183861692,0.9356584271667678,1.123075019268225,1.1789936009331456,1.3911989947471302
2018-10-25,1.0606460220118301,0.9276306810848016,1.099480389095958,1.1559436559172376,1.370162179132719
2018-10-26,1.0592247113029238,0.9268075101527226,1.0978385035269504,1.1544694600507763,1.3802352475211717
2018-10-29,1.0618288220360819,0.9267876807168508,1.0977448403447472,1.1525805342448978,1.3772537949489128
2018-10-30,1.0735232491457778,0.9185460921096267,1.1067177354614006,1.1568887578406086,1.380721805283232
2018-10-31,1.0807071542419595,0.9173729175788583,1.1042391564616771,1.1594280404764619,1.3886797336247485
2018-11-01,1.0794652153450666,0.9152863037703693,1.1023675074168449,1.1578601655223062,1.3903156777141927
2018-11-02,1.0780560486224848,0.9187693830647403,1.0995909833887514,1.157283124875999,1.3999374686105546
2018-11-05,1.0772636051780549,0.9109727739654344,1.090383984845554,1.1467493766357044,1.39983171109255
2018-11-06,1.0821748295331608,0.9183639684561449,1.0994004621541462,1.1516444610190866,1.3938848474784957
2018-11-07,1.0822858609209094,0.9204312263196794,1.1016372206240852,1.154434439229076,1.389652478651836
2018-11-08,1.0895924385193538,0.9240136018159274,1.1054689235321484,1.165192360794065,1.399747791785235
2018-11-09,1.089855376852004,0.9236271518444567,1.1073818249604388,1.1659917008649998,1.4011110248495702
2018-11-12,1.091812027332001,0.9203224342513735,1.1047655457874548,1.1635422295869584,1.399099115544768
2018-11-13,1.083589773975854,0.9150290432854404,1.1088745590244182,1.1523499159163646,1.404187464118611
2018-11-14,1.093763955917061,0.9265273227328134,1.12580294404794,1.1604127621022824,1.381082380391808
2018-11-15,1.0932410554618919,0.9263990668335262,1.126127779229576,1.1597713632666988,1.3821151822548965
2018-11-16,1.0932628983389543,0.9262121104827266,1.1260404925955363,1.1589597687423043,1.3806406897242722
2018-11-19,1.0920120726664586,0.9272690035114362,1.1251878318876507,1.158375154443005,1.3897202671402318
2018-11-20,1.0873647306261256,0.9213148325682542,1.1185250186352405,1.1548691162899234,1.3906393474255123
2018-11-21,1.0774148024169652,0.9183074961038626,1.1154000164583089,1.152148577096271,1.3991552381832832
2018-11-22,1.076611032897209,0.9197858493022324,1.1105935347023939,1.1549102322165647,1.3989264351121797
2018-11-23,1.0785949989686356,0.9224068373018826,1.11463684873392,1.1623672617033438,1.3969618517104496
2018-11-26,1.0715843910011476,0.9123582763523872,1.1103473090102862,1.1535791313098804,1.3957267539602856
2018-11-27,1.0728568249430608,0.9143364637085806,1.1117838706251157,1.162056528129964,1.3940113351738062
2018-11-28,1.0716354924844682,0.9129295218674274,1.1105386441440508,1.1622034108546557,1.39593543682402
2018-11-29,1.0630777602011396,0.9147492150282583,1.1152451147064155,1.1604159470703288,1.3950444421477306
2018-11-30,1.0645734924313897,0.9091940979588371,1.1137614306022372,1.1516952803884695,1.3957563849100922
2018-12-03,1.0393195847602092,0.8794622563824365,1.0974961574712747,1.1104262587560987,1.3975153148300765
2018-12-04,1.0393459401897172,0.8793453139658822,1.0980206503929453,1.1111263380780823,1.393306149902136
2018-12-05,1.0426326231567686,0.8830185279319532,1.1037165900768982,1.1146762338912015,1.405407679339051
2018-12-06,1.0434427273037652,0.8827566815095368,1.0989792445602378,1.1162539511836382,1.4072150278174111
2018-12-07,1.044284738564159,0.8816031944408,1.0973871448518187,1.1155731401136195,1.4052785507024734
2018-12-10,1.0556471976506807,0.8912473503703128,1.1140927251710977,1.1473624773560194,1.40435297801093
2018-12-11,1.054451726478906,0.8907988546957831,1.1162761964373553,1.1456353505951218,1.4013339632746011
2018-12-12,1.0662272671885904,0.8971406795233265,1.1180078774656002,1.1484008245131103,1.414789012927395
2018-12-13,1.066744667189881,0.8978630349197272,1.1185217457567096,1.1491698265313632,1.4146988471647297
2018-12-14,1.0732020318894635,0.9037781011682544,1.1266287384963833,1.160939913906922,1.4081665570065292
2018-12-17,1.073589737161064,0.8917040350521656,1.111862734428739,1.1298611530953069,1.391164193826515
2018-12-18,1.0707654734554601,0.9001545279724097,1.1137954600973756,1.1448429515511211,1.3979934728925254
2018-12-19,1.0689496278947286,0.8992324866546447,1.1135485647153498,1.1432475815627428,1.3984224952343747
2018-12-20,1.0594856890703228,0.8951751941659697,1.1074245055590826,1.143454306597994,1.4055143229454354
2018-12-21,1.0580723818093347,0.8970015632685752,1.1081162399941138,1.1450732918485296,1.414013688363969
2018-12-24,1.0571203500583448,0.8966990504147956,1.1066036729354258,1.1440531957576145,1.4134250227027199
2018-12-27,1.0645870901135275,0.9006509769196103,1.096792168691229,1.1359920756916773,1.3844989642103287
2018-12-28,1.0744174095917094,0.916592747155823,1.1127611712763992,1.1496095142840017,1.392366402580756
2018-12-31,1.073528767524918,0.9159817685939879,1.1119194436631614,1.1487050711797395,1.3919372553014542
2019-01-02,1.0771390889933083,0.9206926687730232,1.1174848821156071,1.15637631858546,1.3871680196637652
2019-01-03,1.0749661898024019,0.9209015760095747,1.126429712643847,1.1615175512848086,1.3950459366580916
2019-01-04,1.0703545218310104,0.9192752431739746,1.1236426519038603,1.1618408316264874,1.392793850764334
2019-01-07,1.0675903022135198,0.9194398273354191,1.119472304422697,1.1625806949504027,1.387198208880667
2019-01-08,1.0625766083644688,0.9216052371723906,1.1218709826649538,1.1640281852041472,1.3918776647585869
2019-01-09,1.0535776488482902,0.9202086354016895,1.1254321931183766,1.1669241309339775,1.393311324457456
2019-01-10,1.053803445836799,0.9220388175579122,1.1257418166476898,1.168640558422567,1.3915273037054985
2019-01-11,1.0558277667866796,0.9215933059052793,1.1271485585089316,1.1686441113671575,1.3920711338886749
2019-01-14,1.0555427544953204,0.9217463812448246,1.1277475665995953,1.168262697942121,1.392684776561685
2019-01-15,1.0562776797653521,0.9197367116756712,1.1231688504690518,1.1670178494092636,1.3969218390210003
2019-01-16,1.055011343129237,0.9196516001916528,1.1248134458852297,1.1694947680453909,1.4047884758695337
2019-01-17,1.0550571049570103,0.919403747313298,1.1250904425567478,1.1704797205281556,1.405907819860301
2019-01-18,1.0555880210373085,0.9189481353042409,1.1244659628536209,1.1705602026443598,1.4062748231133493
2019-01-21,1.053284979928454,0.9183442588607337,1.122942765768744,1.169766534805531,1.4049907260219179
2019-01-22,1.057276830700251,0.9213985890772234,1.1259377771517705,1.1693988546976724,1.407117712787206
2019-01-23,1.0591090668350172,0.9216878171750073,1.126186049714225,1.1696925268975604,1.4040741457264294
2019-01-24,1.0595552618809245,0.9213390054459771,1.1263746691926086,1.1705369760442008,1.4066319591074754
2019-01-25,1.0554202852245262,0.9206099248289841,1.1254103145662506,1.1735291464339408,1.4024871706541542
2019-01-29,1.0650166777948653,0.927578780182336,1.1360260037321965,1.1837311865675548,1.401354409662819
2019-01-30,1.0654019874946496,0.9272440025339971,1.135657312782087,1.1826380104333651,1.4025535350351048
2019-01-31,1.0660023161442105,0.9318344062852326,1.1378795256601455,1.185556156900481,1.4065847999375092
2019-02-01,1.064276274436734,0.9301094800187176,1.1363642326442704,1.1850611267937958,1.4048909555412914
2019-02-04,1.070879669354848,0.9353307857258378,1.1462198340518592,1.1946106526565496,1.409896197978934
2019-02-05,1.1237020240263158,0.9703210767192206,1.2427804893599772,1.2825630046690017,1.367817684609563
2019-02-06,1.128729321075926,0.9716914109487738,1.2444180242294152,1.2850653411605808,1.3543000757669033
2019-02-07,1.1365553474001537,0.9702113227096615,1.249618716816933,1.2869436875973868,1.3574983689088442
2019-02-08,1.1376265918483712,0.9783937931363602,1.2566899264103941,1.2912798899583546,1.3501479721765102
2019-02-11,1.1390255133621816,0.9795565503187463,1.2581215740651972,1.2923371148161205,1.3521128039433135
2019-02-12,1.1377208264559906,0.9787726959081188,1.2586638539677233,1.2947875721242645,1.3550930383144846
2019-02-13,1.1375774613642657,0.9787740967678977,1.258432672001269,1.2944860629094603,1.3545682939010395
2019-02-14,1.1517932486772844,0.9756375594296214,1.2632923501516724,1.2939429502618511,1.3585005880989232
2019-02-15,1.1522344325181841,0.9754103750372796,1.2628301073891361,1.293949039599979,1.3574416674362741
2019-02-18,1.1526113279826353,0.9730788485309962,1.2637166848468837,1.2920677893752162,1.3592345657463882
2019-02-19,1.1540462637995337,0.9761479917485193,1.2657760598185217,1.296223467399954,1.3605693923178401
2019-02-20,1.153883341217604,0.9761759466590016,1.2663597394659105,1.29613219735357,1.3609835778743191
2019-02-21,1.1603113579342477,0.9760706273650377,1.2690509434243773,1.3013279719492548,1.3646170698797608
2019-02-22,1.161195476576793,0.9729593785030102,1.26719216775305,1.3021787309043125,1.3730680298211388
2019-02-25,1.1561904703426775,0.9685997969743005,1.2605521403116418,1.299379914539127,1.3778538471692767
2019-02-26,1.1556722834943303,0.9648965434103155,1.2602606742682134,1.2990596143577076,1.3766575648980208
2019-02-27,1.157568510884536,0.9660794331846955,1.2587212475206282,1.3025498282158094,1.3794935796592203
2019-02-28,1.15883791935529,0.9710247513005834,1.2629349433281798,1.3024456631164092,1.3803941904315051
2019-03-01,1.1618539396549565,0.9741891369740157,1.2687149062904381,1.302203120973032,1.3839134300609341
2019-03-04,1.157580875033791,0.9740773480271113,1.2646169663733497,1.2989293600647265,1.3845500371413275
2019-03-05,1.161232623638553,0.9770729553030958,1.2760304215722034,1.3072907223269736,1.389371838534273
2019-03-06,1.165252507125498,0.9748877948026413,1.2731662856252828,1.3029948840619805,1.3869539545552638
2019-03-07,1.1594289536668425,0.9729404915785042,1.2764132824529435,1.3040643722015515,1.3801941752572349
2019-03-08,1.1652865717987253,0.9729465535800921,1.2770282722467463,1.3126720557912825,1.3764805347728415
2019-03-11,1.1642278511348425,0.9720906944981504,1.2751218994101867,1.3113352866464354,1.3814542667699807
2019-03-12,1.1634094698911666,0.9731999147149069,1.2765551045234411,1.3127153532216078,1.3826416863007136
2019-03-13,1.1660288685637015,0.970548267241146,1.2773658639198036,1.3140029852266784,1.3822775432994565
2019-03-14,1.1632279033893655,0.9677215328847355,1.2750278417501475,1.3101202413098334,1.3843012102934478
2019-03-15,1.1676374309215907,0.9706750987562944,1.279458146054983,1.313420273679335,1.389648693322684
2019-03-18,1.166661948901439,0.9705041905638186,1.279448996918013,1.3136163417628806,1.3901949034358156
2019-03-19,1.1702007273194044,0.9718137050489093,1.2828724818476127,1.3162789853182542,1.3903129230174205
2019-03-20,1.170315985008797,0.9681412008289857,1.2818784254688815,1.3133800062449068,1.3894030906370742
2019-03-21,1.168388489669069,0.9680073751379876,1.281170417127815,1.3131660052984007,1.3916824448765215
2019-03-22,1.1605792399333417,0.9737696363501255,1.2823555644785625,1.3280090179422608,1.3920580137465435
2019-03-25,1.1544418642267613,0.970748961643356,1.2828066492051586,1.3358311928170485,1.3821465039816514
2019-03-26,1.1559158928766327,0.9776376288926292,1.2873300856351457,1.3437531585525462,1.3812902154923121
2019-03-27,1.1565333217473122,0.9774408134185057,1.291177502210805,1.343214177969699,1.3797785387181318
2019-03-28,1.159306433679503,0.9801524476842315,1.2912631278867073,1.3396762301174152,1.3881247780114518
2019-03-29,1.1593788682119643,0.9802689751721807,1.2916438507771393,1.3382258206199324,1.3871515866315791
2019-04-01,1.160540781778511,0.9791659683108206,1.2928730927975334,1.3392760930615666,1.3888406274641634
2019-04-02,1.1560070897384476,0.9755952158171844,1.2907500933012448,1.3385240638983933,1.3921856072775098
2019-04-03,1.151776866316189,0.9709757460370224,1.2869154441733506,1.3331650902117747,1.3922375963030893
2019-04-04,1.1466591282791245,0.9710632641217704,1.2817030075616231,1.3305126220200572,1.3907309468046127
2019-04-05,1.141600041277981,0.971559177415264,1.2748917591618574,1.3296955349005346,1.3868998211989416
2019-04-08,1.1345907092318612,0.9639532145881248,1.264356344546619,1.3203502617558753,1.3882417302000205
2019-04-09,1.1337203578000952,0.9637021352766169,1.2637759740898689,1.320727929990988,1.388009662669866
2019-04-10,1.1338193244297041,0.9649843271466074,1.264430547204812,1.3217893335031907,1.3872825837521412
2019-04-11,1.1359535786647934,0.965830578247428,1.2670852868528741,1.3224095720974915,1.3855604038722438
2019-04-12,1.1430272453490686,0.9675792135195609,1.2694303896596488,1.3286938349998514,1.3846817125788249
2019-04-15,1.1448698182326376,0.968637910617043,1.2710205216948125,1.329787202674952,1.3848976686892793
2019-04-16,1.1465510256796032,0.9714584348652632,1.2757284498718304,1.3304384621593504,1.3870845544191417
2019-04-17,1.1421135986932884,0.9681049523015872,1.269953413890349,1.3258380086018655,1.3858538470108381
2019-04-18,1.1410010571964078,0.9656678764901123,1.2686319120886227,1.3246284383217835,1.3853238367309517
2019-04-23,1.1390779470685664,0.9589756362895657,1.2673254614860678,1.3242592738571988,1.385033727076536
2019-04-24,1.1378281263660024,0.9578109421034071,1.2637813539817497,1.3184339921025159,1.3806545844368643
2019-04-26,1.148219842684643,0.9590690849141305,1.2654457715981307,1.3225218139863004,1.3721210156107189
2019-04-29,1.1487636360575566,0.9575971213523963,1.2631995084172714,1.3207313750082958,1.3749449776997804
2019-04-30,1.1441994520876075,0.9511194140964686,1.2576116711255922,1.312456667651927,1.378252089799774
2019-05-01,1.147993470469642,0.957771022713086,1.267722040091268,1.3261680243036738,1.380782876961982
2019-05-02,1.150775744698784,0.964799778202179,1.2787303935991885,1.3370455383770579,1.3762159895277877
2019-05-03,1.1460027477422592,0.9628551451123237,1.2778716232062604,1.3378105637628168,1.3849162240177708
2019-05-06,1.140873257618602,0.9523080497764548,1.277582678626037,1.3265768663709825,1.3911188655957967
2019-05-07,1.1392798374677164,0.9516357417391512,1.2762020808647292,1.325336040070719,1.388790650499578
2019-05-08,1.1430703206421513,0.9523230302004643,1.2731830172740657,1.3222870788840455,1.3885223217084328
2019-05-09,1.1443438974705935,0.9530381001595937,1.2704338880180943,1.3209387119042908,1.3865638406709277
2019-05-10,1.1439780310760548,0.9525348068804542,1.270538739001441,1.319577388599461,1.3859837052980317
2019-05-13,1.145639770681069,0.9536739375487113,1.2671856516113449,1.3183685748689482,1.3834380379111453
2019-05-14,1.1509295721062225,0.9604628795474629,1.2679856478675873,1.3237525112365187,1.3973460320078726
2019-05-15,1.1463720437774703,0.9578759101106296,1.262393100407786,1.3227831172447564,1.397806649185331
2019-05-16,1.1470679204837435,0.9499533455477799,1.2518518920657444,1.3249984252566256,1.3899567681682705
2019-05-17,1.1397932439007619,0.9416501906401452,1.2400161499009288,1.3085264724032253,1.389568066404588
2019-05-20,1.1985455401360463,1.0283863566795113,1.3376532997374302,1.3854652714242315,1.3804237367452692
2019-05-21,1.2089780509276924,1.0321970959092452,1.3445634936883444,1.386025939131816,1.3826185895367507
2019-05-22,1.2080534940642453,1.0314091824139593,1.345960377532921,1.3860250031324166,1.3845723899338587
2019-05-23,1.2102068089538818,1.0344953882464454,1.3510248107913685,1.3891992111778073,1.3832075311009049
2019-05-24,1.2073189818876158,1.031216812732104,1.3474978171148582,1.3875685860438158,1.383791503745453
2019-05-27,1.2086675892824474,1.0320013749025667,1.3505787559998466,1.3883230857196762,1.3823752467264634
2019-05-28,1.2074241257451768,1.0339929365384954,1.3471604691175751,1.3884373318622154,1.3851978702725025
2019-05-29,1.2016054806114596,1.0223327055363745,1.338732883822352,1.3768846784642248,1.3784205513636767
2019-05-30,1.1970815119683276,1.0166470122265185,1.337094960832589,1.3731647300817305,1.3749795340827229
2019-05-31,1.195635457199646,1.016030899299388,1.337276004515978,1.3697837245230302,1.3723322723713602
2019-06-03,1.1863150914438065,1.0106786685433766,1.3362992196064165,1.3698979625038825,1.393906972305007
2019-06-04,1.1937735199677941,1.0119187501811036,1.3392602717696906,1.3721806601465383,1.3920196438855728
2019-06-05,1.2047254324660184,1.019354548216778,1.3477775655721012,1.3778947322374335,1.3967608256006134
2019-06-06,1.2070209187020111,1.0212705433900848,1.3489781775877034,1.3776865259058362,1.3979839854951932
2019-06-07,1.201638635111923,1.0185287055978345,1.3436461037515295,1.3735955459263838,1.4004054582461793
2019-06-11,1.193307499472735,1.0136431852315972,1.3323460142834225,1.3596816571809438,1.393426570090583
2019-06-12,1.1924875365832013,1.0131027833300243,1.3347260659054645,1.3600289121689588,1.3989587817568716
2019-06-13,1.1908651350009734,1.0123173279992204,1.3341441295161507,1.3592159071861238,1.398264873368929
2019-06-14,1.1828877848321369,1.0159347083153882,1.3280480008914068,1.3573276878305987,1.38304178232652
2019-06-17,1.1792178884214017,1.0144571248146654,1.324669600328555,1.3539903575096783,1.3789099502767062
2019-06-18,1.1830305410243247,1.0128681266063406,1.3225934040167957,1.3503827149529752,1.3762955834458963
2019-06-19,1.166247293629676,0.9990992099292604,1.3044596483999815,1.3379615614991494,1.3668670647528507
2019-06-20,1.1646163743765778,0.9980705835861796,1.3047069860051315,1.343674620276959,1.3736074557648956
2019-06-21,1.167205975297922,0.999012426543291,1.3055678384956768,1.3494651574647025,1.3743972799556308
2019-06-24,1.1629810529137032,0.9972571957994851,1.3051173743887448,1.3482003935396587,1.3765087276215915
2019-06-25,1.1655887661548636,0.9988559083192485,1.3050375055114114,1.3503194717325264,1.3745481568207163
2019-06-26,1.1652973433079794,0.9992099235152556,1.306171837874604,1.352067826068487,1.3745054662291427
2019-06-27,1.165622008281278,0.9965471446239189,1.3048620748750146,1.3524047808295419,1.3584310321823756
2019-06-28,1.1619841955214012,0.9928935024432867,1.2964762621155494,1.3470611265003885,1.3481163216344927
2019-07-01,1.158710970353676,0.993265340480504,1.294860980134765,1.3433957201333262,1.3508039093217152
2019-07-02,1.1540856554476713,0.9903002038984166,1.294173844240776,1.3421926356590812,1.353284006599387
2019-07-03,1.1515189075439645,0.9872109383166677,1.2922098663907517,1.341607306807491,1.347600711246743
2019-07-04,1.1500598675568359,0.9890556848088827,1.2932975350225975,1.342168340405351,1.347897883048646
2019-07-05,1.1471132298605191,0.9835030983278904,1.2944271640911165,1.3344315497447692,1.3535442977642935
2019-07-08,1.1452987504684702,0.9799858428342857,1.290859455375121,1.3280612919627461,1.3472184200555477
2019-07-09,1.1391195537915504,0.979712379624888,1.2895521434356958,1.3270822349611853,1.3466244951275215
2019-07-10,1.1403423825353542,0.980219370198627,1.2897192586580297,1.3254097223558194,1.3488542399167311
2019-07-11,1.135329340237364,0.9755147564749385,1.285988183611747,1.3148222851292761,1.3493880152940063
2019-07-12,1.1333649381149689,0.974057816122139,1.2842961237601753,1.3139240346013563,1.3473717935965899
2019-07-15,1.1311979854040288,0.9722560146017443,1.2841621702863317,1.3157848090579114,1.3457732148609398
2019-07-16,1.1365625409234716,0.9774621445434891,1.2897941358561582,1.3195727456800104,1.345181720533775
2019-07-17,1.1369153002675458,0.9794112847824998,1.2895326095310096,1.3226658619313287,1.3407451797694858
2019-07-18,1.1350722036871563,0.9777478956174089,1.2894299672989833,1.3211405963609009,1.3434265830714536
2019-07-19,1.1343662440781748,0.9853790179012585,1.289622363054188,1.320909594960693,1.3393523367310638
2019-07-22,1.1359299007100525,0.9880399709055698,1.2921704750001726,1.324219999618154,1.3410662814207033
2019-07-23,1.1361783188244048,0.9921267815543761,1.2956810986232694,1.3247251663124922,1.340543644849919
2019-07-24,1.1361123515244782,0.997673088679352,1.29835380149788,1.3240343362658131,1.3362678951056173
2019-07-25,1.1366160374185463,0.999468929436494,1.3021322118148366,1.3254575744089412,1.334715697179848
2019-07-26,1.1390312066179797,0.9990649698419795,1.303926358180561,1.3225097797511076,1.3326650859380083
2019-07-29,1.1391491182129658,0.9987089664241047,1.3041067460482365,1.3213340272335254,1.3322100490266777
2019-07-30,1.1388325998667244,0.9986798642429873,1.3054147451851774,1.3217318752588878,1.3305642756049585
2019-07-31,1.1407916239122315,0.9975455437109126,1.3070028018640758,1.3195839272520977,1.3282005700875574
2019-08-01,1.143853220970923,0.9947486137975576,1.3071429884344086,1.3179564404998636,1.329180545850312
2019-08-02,1.1418041569923265,0.9945602036357165,1.3047965588408874,1.3180089217781945,1.3326030718076418
2019-08-05,1.1205845065122044,0.9853123284144777,1.280961405185755,1.304743948314629,1.3148866208936998
2019-08-06,1.101143738492015,0.9854918472162376,1.2774035099638652,1.2876518173698899,1.3274044336684523
2019-08-07,1.088315255244102,0.9863176409864234,1.2789573852426928,1.2894207719536759,1.3295643155889023
2019-08-08,1.0846333704861553,0.9809937173932592,1.2733486945953418,1.2793692661635778,1.3316235818872497
2019-08-09,1.0859811448978665,0.9816579373002347,1.2754647075854944,1.2823578927347612,1.3320656049827315
2019-08-12,1.0856645337483657,0.9813741563775531,1.2757660017248929,1.2829104626151981,1.334398937312338
2019-08-13,1.084386221122188,0.9772430414675962,1.2683179172983832,1.2795520343677067,1.3355288380636277
2019-08-14,1.078202788438807,0.9723612695614202,1.2679192663521046,1.2712492548571215,1.3344795630012347
2019-08-15,1.0767175803028588,0.9783619096589488,1.258806255416444,1.2568632096786283,1.3229816877592584
2019-08-16,1.076286281780903,0.9780102602182347,1.2581845727614636,1.256018838270397,1.323153147265718
2019-08-19,1.08066438421401,0.976755574560963,1.2558973314680402,1.2573483348486911,1.335524814410745
2019-08-20,1.0794513625524813,0.9691259869388498,1.2376493082936861,1.240355052124895,1.339374001915285
2019-08-21,1.0718782278731658,0.9663452722228567,1.2399662601103718,1.2391064651569386,1.3286067118211122
2019-08-22,1.0685497448655854,0.9644579065990616,1.2361338811989715,1.2371149973636828,1.328972007718285
2019-08-23,1.06853076269266,0.963399974929654,1.2359577917512123,1.2368554737904303,1.3284190582426774
2019-08-26,1.064631062045907,0.9622617413140492,1.2290280616459592,1.2362536096928862,1.3338632861740785
2019-08-27,1.0641397138071538,0.9615958680134591,1.224992979354178,1.2349525803937225,1.3416234917125924
2019-08-28,1.054014588650529,0.949779587265077,1.2122765704534826,1.223966010810796,1.3382647543442552
2019-08-29,1.0540998019075072,0.9499235216627785,1.2122656158698268,1.22407110621401,1.338103693219832
2019-08-30,1.055990303514022,0.9476026743341294,1.2153086037360161,1.2249183102304897,1.3329507390934356
2019-09-02,1.0556842493842276,0.9473948563244036,1.2144905605520218,1.2233204815332896,1.3327137262230155
2019-09-03,1.0549188116974113,0.9466386525981705,1.2133532763157682,1.2212975641557566,1.331936237649418
2019-09-04,1.0552790673705514,0.9477810657923085,1.212364133542899,1.2245370670326534,1.3366254129873596
2019-09-05,1.057930973082081,0.9490421394549197,1.2135911038238794,1.2293107174310836,1.33230734118198
2019-09-06,1.0587531725471007,0.9502183943455045,1.213513667270699,1.229474334065989,1.3326147496479808
2019-09-09,1.0588460341324302,0.9497237747158065,1.213187815971201,1.2291732926400585,1.332516606800834
2019-09-10,1.0534384479367982,0.9443822043617226,1.2085971543200853,1.2253449487000112,1.3269858566505908
2019-09-11,1.0545421207980603,0.9457226116130183,1.2111002259182,1.2259408032808867,1.3283770448529872
2019-09-12,1.0537623499077708,0.9440480263545922,1.212097736001268,1.22514864217921,1.3220277918444312
2019-09-13,1.0553334633319675,0.9459888183881495,1.2120481771017,1.2273340046641505,1.3234880558148783
2019-09-16,1.0552947237007555,0.9451259257958604,1.2117687230729648,1.2262321078784786,1.3232456657886726
2019-09-17,1.057637525703229,0.9472792990657859,1.2128311882464178,1.2279423815019699,1.3210345626739655
2019-09-18,1.059146269275331,0.9470623807584048,1.2113671845706533,1.226621254162466,1.3182770472395198
2019-09-19,1.0589672044166012,0.9473739921129186,1.209487948480241,1.2251700182905336,1.326320968057492
2019-09-20,1.0596578041371494,0.9505191694279465,1.2101468796621657,1.2260408179288431,1.3244263559888967
2019-09-23,1.0584147222259255,0.9501370406686622,1.210746846879688,1.2263903182645493,1.3236021889416902
2019-09-24,1.0578745760429347,0.9496550180953737,1.2100154777030558,1.2252485799982575,1.323648844952635
2019-09-25,1.0584816295263235,0.9476485259032994,1.2076316669658624,1.2206998498328467,1.3211999985179408
2019-09-26,1.0585713228380453,0.9462622293724712,1.2051690219497313,1.2179769888413057,1.320093908667022
2019-09-27,1.0542545437182285,0.9403619613529446,1.201501473301764,1.216754542257596,1.3224201123262318
2019-09-30,1.05229041100452,0.939567114356053,1.1990765884053618,1.2131491887340995,1.3213855523237472
2019-10-01,1.0481445659077568,0.935358247056153,1.194789990063074,1.2079656715730835,1.3165313698703758
2019-10-02,1.0539369076128067,0.9464532961427641,1.194286486958691,1.205571850481175,1.313360184419449
2019-10-03,1.06207126011565,0.9681835948514432,1.1904651001754551,1.2052847848636767,1.3097289300079942
2019-10-04,1.061912963521278,0.9664701974772737,1.1887890449844765,1.2031944252419902,1.3082503387195437
2019-10-07,1.065190945135566,0.9652733054564366,1.19104823573182,1.1928127417233336,1.3076031175406098
2019-10-08,1.067065051155589,0.9654925427356756,1.194087292324598,1.1965476877196886,1.3101598718866212
2019-10-09,1.0659959235318373,0.9625705165881099,1.1942702938530745,1.1981666496122465,1.3099072981715503
2019-10-10,1.066780921882818,0.9641958801844647,1.2079682775565652,1.1994036642140682,1.2629558723765724
2019-10-11,1.0661629270913455,0.963314079840788,1.2057377065027242,1.2003919830123058,1.2692039547242355
2019-10-14,1.057723135107156,0.9588164532955611,1.2025468626394695,1.1958032133913388,1.2765277549604102
2019-10-15,1.0591716889738476,0.9588946134394453,1.2028433270869665,1.1966274430665207,1.280318350573921
2019-10-16,1.056112891788636,0.9693627668668978,1.1970611316109652,1.196873407001411,1.2721067839653504
2019-10-17,1.0539190138047883,0.9655728058459891,1.194870765342161,1.1957818210063684,1.2690142021681945
2019-10-18,1.0550023961398272,0.9648069635411235,1.1961562191864628,1.1964691381689616,1.2662619029107092
2019-10-21,1.0538094838059069,0.963889219941785,1.1961421657440958,1.195417923064823,1.2623589854743344
2019-10-22,1.0529975605534907,0.9624712746352662,1.196312807272959,1.190405960024095,1.2645941943522314
2019-10-23,1.0541234891591496,0.9630270601079352,1.1983867864149764,1.1922664881680094,1.2651841828466526
2019-10-24,1.0667791198283474,0.9676668972263702,1.2174582932112692,1.2096510450663702,1.275916455029593
2019-10-25,1.0661352100709292,0.9675880723086059,1.2164329788954213,1.2087284892877947,1.2762134045600855
2019-10-28,1.0658157941209672,0.9679391231502662,1.2172297425185203,1.2098750341052567,1.2755832056460252
2019-10-29,1.057918354287863,0.9746953088627264,1.2123240489228435,1.2077352777587393,1.2707311150569542
2019-10-30,1.055575804053437,0.9736308348700823,1.2107718055667385,1.2062798884842616,1.270686942138741
2019-10-31,1.059112622816327,0.9758895656241475,1.2138244441615276,1.2161293848358876,1.2687217535878677
2019-11-01,1.059590435514292,0.9761846301142664,1.2141142317011837,1.2166431657648031,1.2667654508555797
2019-11-04,1.0570788748330766,0.9776911779188808,1.2193043623885533,1.2231865177936505,1.267138242316158
2019-11-05,1.0548285661356365,0.977231957700626,1.218634713077765,1.2223865656778952,1.2772901541017425
2019-11-06,1.050031135456146,0.9747405761583435,1.2127820997408516,1.21809317877225,1.2791170116273232
2019-11-07,1.0468346152828945,0.9857410215541743,1.2049208776278988,1.20606185971217,1.271573729009366
2019-11-08,1.0474088082331063,0.9855531416212424,1.2052455528801234,1.206183214855149,1.2716477565552742
2019-11-11,1.0464438681429897,0.9907533324379791,1.2084685169605658,1.2050246252470507,1.2700230802692765
2019-11-12,1.0506195010500627,0.9900705242156866,1.2078424327845083,1.2160459080896213,1.268190701012033
2019-11-13,1.0504744175844591,0.9828364906424883,1.1979242764704032,1.210356871409992,1.2861368742292512
2019-11-14,1.0501457288562888,0.9769613382148196,1.196540876214506,1.209042286139193,1.2840048339669359
2019-11-15,1.0517736586356456,0.9676948575431905,1.191670422423737,1.205278319127805,1.282480097783509
2019-11-18,1.052363021915619,0.9696675517361795,1.1934672809236093,1.205165322800566,1.2757563139642778
2019-11-19,1.0560631124543884,0.9717807465585829,1.198090014567687,1.2077647355985361,1.2734279180317711
2019-11-20,1.0630794039827196,0.9959854640537246,1.2217002571284308,1.2168032982949857,1.2710034030310526
2019-11-21,1.0607756929259715,0.9927521074829181,1.2317532337436599,1.21101025573107,1.266822444600264
2019-11-22,1.058607788372611,0.9885285584356829,1.2215508581207495,1.2046448864899777,1.2662954906439163
2019-11-25,1.0648016664512696,0.9954021330039604,1.2232140772016218,1.212471585390382,1.2665985769305528
2019-11-26,1.0649000704149092,0.9911663118499902,1.2267364774505995,1.2030445417778897,1.2642023392905999
2019-11-27,1.0660516770607114,0.986292629899842,1.218758353519959,1.19968529687355,1.2617764700282514
2019-11-28,1.0662795823134659,0.9881861689178308,1.2185300280779972,1.1984618051621496,1.2589216486567218
2019-11-29,1.0687733349531767,0.9971926602925095,1.2236769695257486,1.207024747695166,1.2575678445666318
2019-12-02,1.090084231171104,1.023504952507076,1.2386062905033741,1.2408849060468077,1.2504107226879853
2019-12-03,1.09344996533431,1.0164554297390227,1.2112326881155886,1.2104746439063032,1.2467747304319858
2019-12-04,1.094135257809026,1.0221368300153748,1.1982550814778954,1.214372202159518,1.2329773474965489
2019-12-05,1.0919059002175227,1.0278798950642007,1.1987189581255397,1.2175855306163297,1.2260067366432146
2019-12-06,1.0906768179998505,1.0275592919827867,1.1979578306552265,1.2166166100208053,1.225915450371601
2019-12-09,1.081561594252006,1.0236216665639695,1.187391317523658,1.1915628899824058,1.2216598784056738
2019-12-10,1.0809128737410212,1.027214148263991,1.1866479138921338,1.1918315213197972,1.2227046680084643
2019-12-11,1.0744095581181397,1.022191949024225,1.185792897319932,1.1888521015643982,1.2047683432064367
2019-12-12,1.0745473238890986,1.0246565362715194,1.1880486009916407,1.1906835296629679,1.205797668961501
2019-12-13,1.0670306031713535,1.0222927039051721,1.183737906704416,1.1828455367124293,1.2141571706808616
2019-12-16,1.0701610126330543,1.0316918663770867,1.1941941952407467,1.1963019438920475,1.2192415837574728
2019-12-17,1.0732999956378804,1.0266451594168913,1.1965354118501843,1.181118699766216,1.2108966225851379
2019-12-18,1.0761031456653458,1.0289758204849773,1.1974452137290732,1.1838906459875087,1.2100620894192682
2019-12-19,1.0847791258321369,1.0364379169050735,1.2048467483629077,1.1847344066990217,1.1952812515568332
2019-12-20,1.0865072895950716,1.034994945110005,1.2049115138821527,1.183632450976629,1.184324630677928
2019-12-23,1.087221393412656,1.0337995425838769,1.2032950356479741,1.182860348576413,1.1859540805351025
2019-12-24,1.0808757511558362,1.0341644540255952,1.215136263162052,1.1933222465555657,1.21095939443578
2019-12-27,1.0719863568336192,1.0201888178490814,1.20033161777571,1.1803001074698853,1.2029737444455735
2019-12-30,1.0735069040832739,1.0215453095291873,1.2013373425197404,1.1814832763045606,1.2043331529792325
2019-12-31,1.062936761482427,1.006290062138118,1.1738143414125248,1.1509096757684585,1.1878695841653146
2020-01-02,1.0650701643549694,1.0068498941991884,1.16546621655089,1.145374808522533,1.1753238770487127
2020-01-03,1.0655346899483586,1.0083690519660709,1.166603878843057,1.1456232360121372,1.1743077857911226
2020-01-06,1.068001573629653,1.0095348869326277,1.1709605258645177,1.1443011007645063,1.1771435930903353
2020-01-07,1.076394836582403,1.009446474471861,1.1649203764450944,1.140523337151031,1.1691997793690256
2020-01-08,1.086061616293228,1.0127510168722287,1.165932633160969,1.1386278572654784,1.170135289840842
2020-01-09,1.0853309868811387,1.0082358313089745,1.158389002209625,1.1333505392950778,1.167506934135729
2020-01-10,1.0850917749701494,1.006955042484598,1.1561830488323996,1.1343908158960196,1.166271688501068
2020-01-13,1.0839709082848898,1.0058500175811627,1.155732571521993,1.1347653736438297,1.1670535294799897
2020-01-14,1.082193909659367,1.006510504041929,1.1529859566953438,1.134298371827817,1.1646836598679213
2020-01-15,1.083627348226923,1.0065298868108559,1.1517409453150262,1.1323703836572627,1.1627399232814541
2020-01-16,1.084759026486987,1.0074147318299518,1.1524788554547256,1.1316061127168862,1.164693347022831
2020-01-17,1.0828657403990098,1.008119460908781,1.1532069920874852,1.131037754302909,1.163891365620105
2020-01-20,1.0828119974633024,1.008608021780328,1.1533649339863463,1.1308974075193174,1.1647464767492897
2020-01-21,1.0804047285189429,1.0035320547221298,1.146809784093197,1.1259726380478041,1.162941699254333
2020-01-22,1.0822210037233615,0.9973980240874014,1.139736891220099,1.1248172818703661,1.1651298009146425
2020-01-23,1.077199087079862,0.9938870495026504,1.136036918337603,1.1182457660791925,1.1620442950641812
2020-01-24,1.0803415464392243,0.9935837532165029,1.1361087451170295,1.116187837832146,1.1660685823375894
2020-01-28,1.0702551252567223,0.9787369636412131,1.1184970019428817,1.1089789860571186,1.1678147824411904
2020-01-29,1.071144797202985,0.9798980607144913,1.1199424013785877,1.1123863192907897,1.1695842677390822
2020-01-30,1.060905219977061,0.9729574286230663,1.1089001351590144,1.1054276830400285,1.166337140075713
2020-01-31,1.0606068750038515,0.9726674217261048,1.108868901443938,1.1050032275528974,1.166068363235946
2020-02-03,1.0531195069976633,0.971582017358222,1.1029868528455624,1.10566418654439,1.172469719133673
2020-02-04,1.010220005815167,0.9396457878771757,1.0194258156690252,1.0393569743198703,1.1854124723255304
2020-02-05,1.009658451625358,0.9425545172680037,1.021116563777277,1.0442956856746484,1.1842247315466061
2020-02-06,1.002603824169478,0.9434032941543506,1.0195735542658482,1.0397379168465017,1.1788288207046544
2020-02-07,1.0030980142866097,0.9410779405895214,1.0204166601439784,1.0410535731733335,1.1735853112907582
2020-02-10,1.0016230409972462,0.9387708092024548,1.0176111480577452,1.0390014982660871,1.1751940130380196
2020-02-11,1.0029943145366251,0.940108508807149,1.0193667736120944,1.040691024421268,1.1659387245586261
2020-02-12,1.0145836064816147,0.9421305024420649,1.0204769527666384,1.042374254581041,1.171187501463968
2020-02-13,1.014058390756998,0.9430191900591602,1.0203761368068363,1.042312692608037,1.1710557990306494
2020-02-14,1.019347112872921,0.9502864074238272,1.022378499807466,1.042932293417007,1.1689908992797353
2020-02-17,1.0220046805093037,0.9515695104554758,1.0231486190555457,1.0446031299692002,1.1687876883175394
2020-02-18,1.01904807301554,0.9488777439759348,1.0200090503632901,1.040134762445086,1.1666748275862315
2020-02-19,1.0137988851714852,0.946268733697944,1.0140222655033804,1.039095916452243,1.1683463376124223
2020-02-20,1.0067033745267906,0.9462764704836553,1.0106066220781278,1.0341995276424198,1.1650154921389662
2020-02-21,1.0001916787910003,0.9473465154849727,1.0095295285393573,1.0296083750129064,1.1680920536729325
2020-02-24,0.980033678206297,0.9313865599421005,0.9920030567039079,1.0164359857047045,1.1893904658484575
2020-02-25,0.977588092353475,0.9291450533353155,0.9914345909467552,1.004621911116524,1.1730527510064586
2020-02-26,0.9685628351882218,0.9282052448368565,0.9803556442317171,0.9982906758058014,1.1698751481914504
2020-02-27,0.9709498291711266,0.9298141827081241,0.9821377702207639,1.0052379416892,1.1717285644491573
2020-02-28,0.9713301843531049,0.9317181135798043,0.9734789104245497,0.9929734706175034,1.160391587522851
2020-03-02,0.9786367314835765,0.9414771750089456,0.9805156097802926,1.00198282061515,1.1596865919351733
2020-03-03,0.9673069981934191,0.9326043241150579,0.9728012715252344,0.9915324081437835,1.1611594067196525
2020-03-04,0.9773535480069956,0.956915477394683,0.9881338988090697,1.012401566908187,1.1649258661862736
2020-03-05,0.9619551344072964,0.9451259947529193,0.9768637659494325,1.0027902849792296,1.1836259827808326
2020-03-06,0.9731997835187045,0.9962043426378708,0.9975258272793439,1.0289561745757922,1.1981221556877255
2020-03-09,0.9508144692138564,1.0363221717580986,1.0405806320630806,1.0595899618077311,1.1649892156506323
2020-03-10,0.995963671653518,1.058874573914455,1.0699985294744196,1.073650257494148,1.1721617770786357
2020-03-11,1.043215837216632,1.0965927674875964,1.091043815255585,1.0995284386424669,1.1774155741885808
2020-03-12,1.0492950889247172,1.103080250998131,1.1105226791203908,1.1098417279109956,1.1485563664469023
2020-03-13,1.0563187188522574,1.0547649708815905,1.0707956049938832,1.081910163826321,1.1352862869622788
2020-03-16,1.0518236476795146,1.1072866180594458,1.1032544840046226,1.1288264621804887,1.159418928434184
2020-03-17,1.1484820870488832,1.112422896976057,1.1252027776829396,1.2017011514915767,1.0938410534509249
2020-03-18,1.1230825014776122,1.10963100609064,1.1321717261645272,1.227628180323166,1.1724773313164183
2020-03-19,1.1292975374328227,1.1452806863192746,1.1644319194619173,1.2655449680601452,1.234301868629884
2020-03-20,1.1253482525361171,1.1560800127774058,1.1767445778601995,1.2754561960022617,1.245133792640957
2020-03-23,1.1599411088802478,1.2088500932080917,1.2186259835200075,1.3251750641732105,1.3361161109009358
2020-03-24,1.1612098960162254,1.1988070966345152,1.2018190482070459,1.3239722340423483,1.379613871230896
2020-03-25,1.1909881016665078,1.2293932014395428,1.2283497703815351,1.3667954100333017,1.3610513771108699
2020-03-26,1.1762988736199687,1.227681502917304,1.2222838658543662,1.3578616721354035,1.3500724189140096
2020-03-27,1.1808842182320696,1.225289830751774,1.2266391822848202,1.3588225825977256,1.339703220535941
2020-03-30,1.2089853467142926,1.2185966197040554,1.2265276013295687,1.3478226383583851,1.3145202306542922
2020-03-31,1.21222514755581,1.2041955881210065,1.2123646516021405,1.3359411073533978,1.305813296417411
2020-04-01,1.2055072041083241,1.1908295908745035,1.1963013044781656,1.3139839680234227,1.3032467051984384
2020-04-02,1.2106714383656159,1.2005066774664546,1.2025436614006126,1.3221475539949197,1.3001635236819828
2020-04-03,1.2108315677625519,1.2007464425666963,1.2050214523334746,1.3219227105604654,1.3055289779252979
2020-04-06,1.2033414375805618,1.2039236992101665,1.2082398068590285,1.3175838030263352,1.32879251902664
2020-04-07,1.2035742367997948,1.2050374109236144,1.2088312454271628,1.3179714219323426,1.3275556452444133
2020-04-08,1.2063059316477387,1.2094862335375736,1.213776673457304,1.3223815276551742,1.325553350592923
2020-04-09,1.201422435891916,1.2126229781929367,1.216187555734839,1.3327589793835277,1.3385882697744895
2020-04-14,1.1984953775691596,1.2143547333556302,1.215025239171329,1.3289918784298906,1.3381522766297071
2020-04-15,1.1988009018828358,1.2137231776048594,1.214633397835721,1.3284186644960518,1.3382945944962303
2020-04-16,1.1989578712722875,1.2147656855062918,1.2153701704653292,1.3286938480989638,1.3390650888036835
2020-04-17,1.1958538738780358,1.2137949554912937,1.2128488202367758,1.3260712827796823,1.338840208630856
2020-04-20,1.192436302383773,1.2114356938657203,1.209782350934387,1.3230448481841974,1.328420792368886
2020-04-21,1.189666170027236,1.2096460252381485,1.2066334205343356,1.3190669977635712,1.3236296804973031
2020-04-22,1.1895837075830962,1.2096719257156623,1.2060319246347817,1.3194852735329412,1.3241197589901559
2020-04-23,1.1895611797504122,1.2097058471649904,1.2059382049334455,1.3194494040601243,1.3241409834435738
2020-04-24,1.189199437935575,1.2093512220799656,1.2058537452292637,1.3192723375896245,1.3218963946095201
2020-04-27,1.1852302739701666,1.205866890150075,1.1931472609700575,1.3104472684932333,1.3273059697734648
2020-04-28,1.1848426275129746,1.2053049441102557,1.191053104385395,1.3081920128882891,1.328175541998181
2020-04-29,1.1899308237318282,1.2156413344623613,1.1972704056654226,1.3161749736721837,1.3302133192787244
2020-04-30,1.1892778676268905,1.2199650621416989,1.200703606006592,1.3108046750646423,1.3280814864182866
2020-05-01,1.1919537666605662,1.202401196537803,1.198691921422393,1.3139924493324562,1.320154099120133
2020-05-04,1.1923252945654579,1.2032462907029309,1.2011670460800155,1.3156318902978277,1.3174187851065458
2020-05-05,1.1919299348966785,1.2064457474957975,1.2035867564545597,1.3157202393675476,1.319421400235474
2020-05-06,1.1920487326804312,1.2074097433956092,1.2044375290547498,1.3162942086587608,1.3197167126199618
2020-05-07,1.1926662814888018,1.2082307544647435,1.205059703194896,1.3172913894334775,1.319489795749829
2020-05-08,1.1927455656384158,1.2073170527198531,1.2043201686012752,1.3164018115274025,1.3230556022872215
2020-05-11,1.191269589227461,1.2031596722980367,1.203408847429504,1.3143871400078697,1.3293743820213388
2020-05-12,1.1913777546663902,1.2058240104952764,1.2057311214313622,1.315071198961916,1.3327223652272604
2020-05-13,1.1921003848387204,1.2076483548946109,1.2074686700170485,1.3146519762544866,1.3334325444628443
2020-05-14,1.1958708857418168,1.2100314175035374,1.2097243511331588,1.3183101861651574,1.3354651564419586
2020-05-15,1.184929063218874,1.1957166701707285,1.19352724767806,1.3053439825062554,1.3368483243232017
2020-05-18,1.1804713591114842,1.1905870713145201,1.1871686039090754,1.2996025170732073,1.3329195879541278
2020-05-19,1.178450921123574,1.1908330251279688,1.1872930017952605,1.2992892067038344,1.3359534236647566
2020-05-20,1.1783713862724299,1.1907076934604217,1.1868757721958054,1.2990467987929333,1.3355635075010845
2020-05-21,1.1794499944829173,1.1912764633140667,1.1875056497029175,1.2994441795142881,1.335595821653958
2020-05-22,1.1787276269935945,1.191159659388199,1.1871736015975447,1.2990086379615766,1.3356439400856794
2020-05-25,1.1729718911936553,1.1912916502729547,1.1868540286575981,1.298085279725717,1.3366754576078013
2020-05-26,1.1755514973955274,1.2016733536696351,1.1987999176360835,1.3079422174355535,1.33055581901068
2020-05-27,1.1763383254150772,1.2022837902487895,1.1986587436385205,1.308126792335346,1.33065280986744
2020-05-28,1.17748503565262,1.2078585829869894,1.2038243067758396,1.3130637185825993,1.3303207677700986
2020-05-29,1.1807402866406482,1.215898292927161,1.213177806006174,1.3185541461130807,1.3278323201215438
2020-06-01,1.179138418678744,1.2151819521086649,1.2124800267185314,1.3177528472339024,1.326783191976534
2020-06-02,1.178682835817767,1.2147488037180594,1.2115389140973862,1.3173516942902888,1.326676622772023
2020-06-03,1.1813344819112601,1.2205188755180703,1.2166903145539851,1.323633811885344,1.32677469381323
2020-06-04,1.1837434696307945,1.2214038580572377,1.2177093590046193,1.324702260025476,1.3263853422097016
2020-06-05,1.185357927819396,1.223220218444729,1.219596960969064,1.3272306722562066,1.3274999771910174
2020-06-09,1.1920463731557795,1.2299599782012103,1.228711536603765,1.3367480420926563,1.334156737869061
2020-06-10,1.192005029771505,1.2298615338421512,1.2286650141142585,1.3366905676844052,1.3341501037687062
2020-06-11,1.1952041259344446,1.2362194568143254,1.2375177289650519,1.3447982704494803,1.3359752288781592
2020-06-12,1.1941201478784094,1.2365723323376885,1.2399080505602451,1.3455841459529398,1.3364354582668652
2020-06-15,1.1904575916146238,1.236526016994322,1.2401794107688227,1.3452205369845678,1.3348744190788768
2020-06-16,1.1889918701911932,1.2351311072076292,1.2378733315386405,1.342093769724251,1.3397343518490503
2020-06-17,1.188705381017083,1.2348713463074974,1.2375400099431104,1.3406233589389032,1.338559895580876
2020-06-18,1.188318921918238,1.2347980288098428,1.2366281231290717,1.3393712547795937,1.3381238187881233
2020-06-19,1.1881452741849674,1.2346661982444318,1.2366338903698901,1.3390311122413596,1.3382662602632087
2020-06-22,1.1881783608920535,1.2346847108829577,1.2366754924676806,1.3390363926225723,1.3381978702808217
2020-06-23,1.1880317865440249,1.2344766021504974,1.2363825366059202,1.338830330223417,1.3383719747959981
2020-06-24,1.187836769429875,1.2346339655064347,1.2364339173833598,1.3385027778838565,1.33920767098051
2020-06-25,1.1863550321807346,1.2362831102686282,1.2390274693382919,1.3378755000077576,1.3408234115776108
2020-06-26,1.1881271362934862,1.2381708170828698,1.24209118551032,1.3400671878445498,1.3397318612727906
2020-06-29,1.1872678245689687,1.2379742862518477,1.2410998976579288,1.3391581726161033,1.3406199312986362
2020-06-30,1.1868784353343425,1.2360993180964814,1.2401408937923697,1.3372470545566364,1.3407896428438548
2020-07-01,1.1867055039770877,1.236710140508553,1.2405871591799265,1.3371984212487125,1.3411842875388635
2020-07-02,1.186087304818756,1.236564464720618,1.2403863511126698,1.337333946135591,1.3386386109668416
2020-07-03,1.1864403126579983,1.2369156041631284,1.2405495445334613,1.337889477632979,1.3391290133674785
2020-07-06,1.1858771918096855,1.2362735687270068,1.2400941396788656,1.3372668305697901,1.3370450711208584
2020-07-07,1.18592895978523,1.2361637686515523,1.240303340477492,1.337732076069234,1.3372058808165082
2020-07-08,1.1845852191217656,1.2358373072705338,1.2398241541616304,1.3383015356315997,1.3359468014240716
2020-07-09,1.1841336491711487,1.2358972627930955,1.239854010526409,1.3381897539614032,1.3355774344340805
2020-07-10,1.1835617578897903,1.2363774313028224,1.240362510613225,1.3382548540918584,1.3363982522925988
2020-07-13,1.1846680309233255,1.2370298506277486,1.241098997127871,1.3390599091811792,1.3370826325245628
2020-07-14,1.184557492933426,1.2367888569806291,1.241290813399119,1.3391604179410104,1.3365290481981749
2020-07-15,1.18282454929346,1.232893092622874,1.238223511950378,1.3367111932891118,1.3346893712827141
2020-07-16,1.182310810129947,1.231353837904896,1.237966008267482,1.3366092413645723,1.3339380502933231
2020-07-17,1.1820464524158225,1.2313266143602066,1.2380319044915824,1.3363980520602856,1.3338704872172382
2020-07-20,1.1827852229967926,1.231498677919251,1.238413075550246,1.336860972733415,1.3336072221774344
2020-07-21,1.1837356400697312,1.2290442179558223,1.2358170138156028,1.3345860567624164,1.3321051816578147
2020-07-22,1.181927310412702,1.2273678495416076,1.2332761141354371,1.332321671028685,1.3307082637949006
2020-07-23,1.1815239215783966,1.2275732399164958,1.2331618639853725,1.3321371423016486,1.330055719603575
2020-07-24,1.18118745988804,1.2274560974813997,1.2335266306531234,1.3323567920816801,1.3288780410094096
2020-07-27,1.1808616636354567,1.227256395324718,1.233029108886185,1.3319790282921242,1.3292821907156998
2020-07-28,1.1804149072262056,1.2272295176282113,1.233140878771805,1.3323158780864814,1.3300016422594596
2020-07-29,1.18003346006223,1.2271096956697287,1.2330994693372566,1.3320247014984132,1.3297460113297945
2020-07-30,1.1795712180044973,1.2260859236287933,1.232419413466787,1.3306673806810443,1.3291260810506977
2020-07-31,1.1835943544278635,1.2286908535229302,1.2373753215888779,1.3311458952802033,1.3300390321186584
2020-08-03,1.1869720485003736,1.2310558899748265,1.2383142591412102,1.3347207509815329,1.3282113297839573
2020-08-04,1.1886208680749706,1.2288093230710848,1.2371770264754374,1.333090914670223,1.3284142591287802
2020-08-05,1.188518522356142,1.2298026460209226,1.237899904465541,1.3339603107112648,1.328086812530505
2020-08-06,1.1876761529900446,1.2299467775002395,1.2378131091651665,1.3339602509659252,1.3275388472022702
2020-08-07,1.1872848574708232,1.2295954036861034,1.2370597066822298,1.3330488398814981,1.3271889687132332
2020-08-10,1.1899914846908228,1.2316017667277082,1.2399394533611188,1.3341753046692766,1.3247420818823838
2020-08-11,1.1915293470071293,1.2333561883172306,1.2412576109585973,1.3355240226281648,1.3243098792967627
2020-08-12,1.1928710243161291,1.2349021376237008,1.242540932865802,1.3384316705285626,1.3257216494879824
2020-08-13,1.1943646967476995,1.2353889049704525,1.2428777028832987,1.3390001417860764,1.3258342211520968
2020-08-14,1.1928276434321643,1.236260766618363,1.243229392762298,1.3390329163465504,1.323457733134082
2020-08-17,1.193745062472782,1.239031965789648,1.2465090763956148,1.3424736204655814,1.323114098041493
2020-08-18,1.1935212631898178,1.2380966959506166,1.2429598442383236,1.3407843191651787,1.3244905780840104
2020-08-19,1.194833755583869,1.2385464769285612,1.2431337289638924,1.3429374593015,1.3237167690412155
2020-08-20,1.195010647222181,1.2387300391656375,1.2428829762950742,1.3430372011083305,1.3219134001121597
2020-08-21,1.1960751412361215,1.2396391924906294,1.2443166687426275,1.3435861389711523,1.321226408380631
2020-08-24,1.1954749791709693,1.2389618279511947,1.2441343646113827,1.3436922299860083,1.3207976203183718
2020-08-25,1.1972031977228124,1.2426710781237114,1.247261500069272,1.3462072447430806,1.3213787153697534
2020-08-26,1.1974006673445434,1.2430878658197146,1.2474872177000806,1.34651032997433,1.3206505162045408
2020-08-27,1.196677551762845,1.2443566363547474,1.2466331056395987,1.3469914854073068,1.322484453436032
2020-08-28,1.195685367793241,1.2425532319953443,1.2446701264674036,1.3454815927331205,1.3219599440300496
2020-08-31,1.1958138099403448,1.2425258283535312,1.2446660758292225,1.3455357761057998,1.3220037302178407
2020-09-01,1.196131911239222,1.2441228376987508,1.2457809266096638,1.3463664940380766,1.32075338141739
2020-09-02,1.194785441783019,1.2428438408781124,1.2450255498529463,1.3449018751545043,1.3183144782135563
2020-09-03,1.1945984505867981,1.2431517149160747,1.2456810479581866,1.3454981666839991,1.3185940156818878
2020-09-04,1.1890407350414307,1.2398686956593077,1.242466292373815,1.3413074486994807,1.3153622064226482
2020-09-07,1.1896033150342251,1.2415472688455857,1.243997109696418,1.3423377613388565,1.315494232634224
2020-09-08,1.1898961063407147,1.2417540295104237,1.2438924874612995,1.3420236461990782,1.3148912065186598
2020-09-09,1.1895111315403613,1.241104621876355,1.2452415135651103,1.3420567235269958,1.3123693244470673
2020-09-10,1.1887998294645001,1.2401142027098573,1.2446004228539949,1.341027478641247,1.3125003431484503
2020-09-11,1.1892223546353096,1.2399559365484207,1.2445881246560253,1.3409426546905583,1.312504461320652
2020-09-14,1.188898440245959,1.240439770713814,1.244771934478557,1.3408821798986814,1.308198678233947
2020-09-15,1.188930772408304,1.2404879208385238,1.2448743033356782,1.3410251298841736,1.3083128378026156
2020-09-16,1.188765132086057,1.2389561913453981,1.2440413889996196,1.3391498545985794,1.3064791904033237
2020-09-17,1.188251891981413,1.2350491618367603,1.2412357508804865,1.3365271363806837,1.3045167289756856
2020-09-18,1.1886179772826255,1.2350449523070803,1.241299247120841,1.3369153669439695,1.3036286087419393
2020-09-21,1.189002147603035,1.2353775836670022,1.2416122568635186,1.3370717094055797,1.3038489073413704
2020-09-22,1.18895221536622,1.2369420266819275,1.2429532389464821,1.338871714065184,1.3042936214822363
2020-09-23,1.186321062269168,1.2373390517653544,1.2412480267236137,1.33715281957023,1.3008070034143937
2020-09-24,1.1856704504515478,1.2364160272251847,1.240582710486135,1.3357082032553398,1.3007811375741283
2020-09-25,1.1876839459498942,1.2456220226899248,1.2505771641328658,1.3435413617641287,1.2969419109853546
2020-09-28,1.188220107688715,1.2465894506063837,1.251396263332564,1.3447995779957136,1.2972843292040266
2020-09-29,1.187794660818626,1.2460967326459664,1.252076703556404,1.3458625030748015,1.2978387830351459
2020-09-30,1.1858029478163807,1.2414443141714753,1.2502887882084657,1.34390338160141,1.2964398404102135
2020-10-01,1.1853077680775332,1.2410813283281865,1.2498562838819312,1.3440300663444447,1.2959043159533068
2020-10-02,1.1837922099029423,1.2416579570398343,1.2502355470498414,1.3440656054354703,1.2961158819823282
2020-10-05,1.185137242419761,1.2442386700096768,1.2540644561938903,1.3465936553418267,1.2948297657856198
2020-10-06,1.1853298410548276,1.2449237956243953,1.2543483204462123,1.3465249968806612,1.2948214106924831
2020-10-07,1.1863095987682228,1.2456802048040394,1.25599684209911,1.3476124958464117,1.2964972667512593
2020-10-08,1.1859296080883952,1.2455971277617737,1.2565258417690428,1.3474592987774405,1.296147697451076
2020-10-09,1.1860778465250115,1.2455959355518593,1.2565528763145786,1.347454612055742,1.295731179510418
2020-10-12,1.186482466839728,1.246174930908499,1.2573155409716983,1.3481756419787443,1.2951971897889225
2020-10-13,1.1864856888081576,1.2469718970948938,1.2591843612692062,1.3505253040100555,1.2949373129237585
2020-10-14,1.187162122753731,1.2481073239371234,1.2599401395085388,1.3510344387192146,1.2952279012096894
2020-10-15,1.1873678959069165,1.248447170617887,1.2598658009627905,1.3509383395227534,1.2958911722304827
2020-10-16,1.1869900544497851,1.2479756383791434,1.259752222196933,1.3506004532923135,1.2946890031592586
2020-10-19,1.1872692903774213,1.2478693045777787,1.2594331867348427,1.350531160488018,1.2950025381011778
2020-10-20,1.187576501405831,1.247940424224234,1.2597711026086311,1.3504595289871488,1.2950478367617893
2020-10-21,1.1876328463546475,1.2480799241508012,1.2600043966996513,1.3507750004047812,1.294816757339492
2020-10-22,1.187904700924342,1.248210866798882,1.2601761224438037,1.3510294099767548,1.2948183409002565
2020-10-23,1.1877995026627248,1.248110538706993,1.2600341773136867,1.350830767642637,1.2947940124774644
2020-10-26,1.1878187395567237,1.2482658408290046,1.2601290600375283,1.3509034711924046,1.2946921780419782
2020-10-27,1.18659984194707,1.2468583801404578,1.2577169255996585,1.348240000218139,1.291922374133785
2020-10-28,1.1861606324854082,1.246473760234175,1.2572701909483233,1.3468239863575195,1.2917094856018858
2020-10-29,1.1835859235224666,1.2454283604492595,1.2571013519011178,1.3473820212888663,1.293147471581761
2020-10-30,1.183008456322514,1.2458550461561813,1.2568274691120909,1.3469387033870006,1.2933428631229802
2020-11-02,1.182545579867163,1.2461205412977974,1.2568563604467888,1.3478046942099922,1.2931119662335642
2020-11-03,1.181124121743974,1.242244682328006,1.2511236801136931,1.3449167623595086,1.293507908205285
2020-11-04,1.1810805719450475,1.241063612730439,1.2516993471177178,1.345967575008659,1.2939642252927486
2020-11-05,1.1815703179348611,1.2436554138855396,1.2524801671074575,1.344827538920084,1.2910315588226688
2020-11-06,1.1807516634655784,1.2436491700168295,1.2516674819333862,1.3451085504868556,1.2925905190014393
2020-11-09,1.1780660488598431,1.2413486483640157,1.2470895205791768,1.339787951435603,1.2892463654573398
2020-11-10,1.178774374483843,1.2465359205635245,1.25021734001065,1.3434551773557954,1.2907390270536316
2020-11-11,1.1801926566635899,1.248519576301024,1.2500784178501079,1.3453840217611934,1.290547242692552
2020-11-12,1.1807150753063524,1.2503052498139196,1.2514343190248443,1.3463983697573283,1.291041562361115
2020-11-13,1.180648216237553,1.2500520197993918,1.2513646304654198,1.3464058886578771,1.2907437941432012
2020-11-16,1.1814706439416618,1.2512778482337035,1.2515861161666335,1.348165191314246,1.2890574529810928
2020-11-17,1.1820890117641236,1.2493627033318706,1.2497112437858988,1.3484248352841468,1.2883596876687866
2020-11-18,1.1837804349356178,1.250734843003398,1.2498207665102496,1.349350190009845,1.2881673510346205
2020-11-19,1.184335913361178,1.2516452949622277,1.2516580270981557,1.350099629321059,1.288105778319301
2020-11-20,1.1841046517971388,1.2519869013701284,1.2521919566038642,1.350337276863913,1.2882874654868746
2020-11-23,1.183699231477324,1.2525406007215278,1.2514076917772166,1.350681761621155,1.2892857709343997
2020-11-24,1.1842887734924255,1.2550925402511663,1.2543247583519983,1.3534737350008317,1.2873653289398561
2020-11-25,1.1848673328538784,1.2566731241335534,1.2554111726016577,1.3551244004803809,1.2874691144641774
2020-11-26,1.1852655575774378,1.2576346612349496,1.2556376242105523,1.3558373169544744,1.2884522669567937
2020-11-27,1.1850693771473022,1.2577015851749498,1.2557195126633574,1.3557525238394608,1.288461823988129
2020-11-30,1.1858836199684737,1.2604200677028918,1.259312642777992,1.3607992620088054,1.285749752665839
2020-12-01,1.1859464980070002,1.2594119444295035,1.2604491745619553,1.3602970921324713,1.2858818275337411
2020-12-02,1.1864123853232025,1.2586364848068767,1.260709772768497,1.3596103029708648,1.2868257802401846
2020-12-03,1.1859284472830385,1.2585569923525526,1.2605765874436048,1.359717131287557,1.2864331352936933
2020-12-04,1.186084546725382,1.2588274653801168,1.2606066906446638,1.3601604151187712,1.2870067742650273
2020-12-07,1.1861929798052768,1.2582372167283562,1.2600847729793705,1.3596299120020048,1.286095709128886
2020-12-08,1.1859971046389581,1.2586663334371961,1.2600042259896735,1.3599866286093587,1.2866677044902917
2020-12-09,1.1866180615875779,1.258248449976597,1.2590378451405646,1.3588593422248674,1.2853701414206016
2020-12-10,1.1861606446387167,1.2568129225382016,1.2580638799676302,1.3578852713958531,1.284558323091823
2020-12-11,1.1866702923088903,1.2579595130497694,1.2584951922735488,1.359545657618958,1.2853227485995506
2020-12-14,1.1871288623799208,1.258123867872128,1.2584884231498774,1.359748785179845,1.2851385184200712
2020-12-15,1.1874068657155665,1.2582508029690054,1.2584640259682123,1.359925680400233,1.2849851855647823
2020-12-16,1.1874718333093586,1.2580576797650977,1.2584049377286963,1.3601543120362691,1.2853727362412006
2020-12-17,1.1868917468190796,1.2574155433011172,1.2573002459820954,1.3597686061021867,1.2865099199253676
2020-12-18,1.1875167112330898,1.2583418887890576,1.2575743874268952,1.3596883023726973,1.287770299524553
2020-12-21,1.1875754117524262,1.258381121528863,1.2575957453432607,1.3596617360681775,1.2877909817881452
2020-12-22,1.1869790084826712,1.258803445662704,1.2578546097302252,1.3601709056310995,1.2864503682203583
2020-12-23,1.1870606300051554,1.2583507380764725,1.2573269109770033,1.3601294807900852,1.2866173252734192
2020-12-24,1.1881237998427103,1.2606860580560129,1.260473057099256,1.363413627451708,1.289593900620511
2020-12-29,1.18835022544844,1.260607910406019,1.2604688667535997,1.363359512219678,1.2893835604489876
2020-12-30,1.1885972486643706,1.260771584760221,1.2604473758935943,1.3634910802703946,1.289527482058549
2020-12-31,1.1887816381515492,1.2608812464066226,1.2598009773156633,1.36292731451929,1.288905860855041
2021-01-04,1.1888915356827041,1.2606333220920394,1.2597825931718363,1.362889953959195,1.2881329761005398
2021-01-05,1.188888442555236,1.260671473528244,1.2597954372128641,1.362875158090179,1.2880730223621923
2021-01-06,1.188002768179825,1.261359414152879,1.2600536247972618,1.362913459099481,1.2898903960118029
2021-01-07,1.1879609422229993,1.2633340783789502,1.2624816145680406,1.3659189133605592,1.2898022788292944
2021-01-08,1.188419211603449,1.2638964148596485,1.263085260951889,1.3658664523592279,1.2904057250822658
2021-01-11,1.1881163388037326,1.2638635456218452,1.2628403017959766,1.3649526813051733,1.289887035114283
2021-01-12,1.1877624267438007,1.2634977764026727,1.2624347915770298,1.3648133613696682,1.2902547454457236
2021-01-13,1.1876672438235698,1.2635681722847762,1.2624533398916453,1.3650460793681027,1.2897127880554422
2021-01-14,1.187917739121238,1.263919348923907,1.2632240828889827,1.3657834336016128,1.2898913321527905
2021-01-15,1.1880329066437423,1.2638366225344053,1.2631840720549579,1.3657947413182738,1.2898313293860415
2021-01-18,1.1879087284440832,1.2649049973269584,1.2630504897196813,1.3663120640232016,1.2892978511390392
2021-01-19,1.186640019243458,1.2661852023327118,1.2647978045875765,1.3668095275768395,1.2892876398395352
2021-01-20,1.186573114352871,1.2662375132535109,1.264945186019284,1.3668153615195684,1.2890486839388997
2021-01-21,1.1867016292585222,1.266772717903131,1.2650566514901773,1.3668425341310864,1.2887677499234347
2021-01-22,1.187426348772368,1.2684082680602964,1.2663565192012056,1.3670314369164092,1.2889326267473378
2021-01-25,1.187307354725212,1.2682098486857403,1.266141813735667,1.366577158591923,1.2885024681194106
2021-01-27,1.1861054205330217,1.267599442837777,1.266311325877307,1.366550587574416,1.2891357224296713
2021-01-28,1.1849101382612794,1.265007705883554,1.263029785998959,1.3638255043340712,1.287424979545946
2021-01-29,1.1868782044903607,1.2660301996161176,1.2642824485977586,1.364772512620629,1.2874668163263379
2021-02-01,1.1875285034644658,1.2661317649841828,1.2638600560380462,1.3646680700136018,1.2868216241486459
2021-02-02,1.1890008651443462,1.2661694130296512,1.2627296041462763,1.363238436064646,1.28606440220394
2021-02-03,1.1891958629913095,1.2669599646549865,1.2626311904435108,1.3642026728479546,1.2854084926575964
2021-02-04,1.1892948243093746,1.2660802638207627,1.2616602636937235,1.3632123760324417,1.2848919913336656
2021-02-05,1.1897740476489063,1.2669001479113866,1.2624700623336815,1.3638343799149621,1.2829397287797613
2021-02-08,1.1894821957427903,1.2672119498609595,1.2630263986724728,1.3636935951111406,1.2832182571975965
2021-02-09,1.1880674095201722,1.267680768096844,1.2631454445170258,1.3643025777441273,1.2749388117668288
2021-02-10,1.1867680424665499,1.2669059211219853,1.26284499315565,1.3636804873737214,1.2761365934120972
2021-02-11,1.1857606943008028,1.2657194054091758,1.2625093578796716,1.3635782659244007,1.2766384228911591
2021-02-12,1.1852571567236394,1.265496033708985,1.2624016823601116,1.363194696925459,1.277050049481014
2021-02-15,1.1839419539082494,1.265792508656427,1.2625414380164206,1.3636011723229435,1.2766537337872446
2021-02-16,1.184730969306485,1.2662360373412884,1.2628667553140758,1.363718806522849,1.2764385057969359
2021-02-17,1.1855448816458702,1.265845149783065,1.2601058683578445,1.3624784755405503,1.2765313648328713
2021-02-18,1.1860822913457711,1.2660058791554445,1.2605389035790764,1.3630141220542211,1.2765713872452242
2021-02-19,1.1895951518562402,1.2698073090448474,1.2633103287238678,1.3632592711827898,1.2749627159802677
2021-02-22,1.1906325736429135,1.271756079416436,1.2641952021601675,1.3654709828797575,1.2765172433027796
2021-02-23,1.1937922184608334,1.2736743979567178,1.2678443443610161,1.3680857570280542,1.2772216665647322
2021-02-24,1.1932290760587803,1.272080426969438,1.2668919351962267,1.3667061527942415,1.2768083835498814
2021-02-25,1.1960683512044266,1.2760542977662612,1.2718525887202043,1.3723296358870327,1.2778461567537407
2021-02-26,1.1948187479701076,1.272189474398555,1.2690185549680866,1.3689743907568843,1.2753481639450241
2021-03-01,1.1985882573379256,1.2731445872447495,1.2687383845777005,1.368672136454687,1.2740351644043575
2021-03-02,1.1970554934003892,1.2695597603972875,1.26660894724196,1.36578656700136,1.2730276000908738
2021-03-03,1.20051298957809,1.2726659223344645,1.2697104063914146,1.3698706354983419,1.270037845761487
2021-03-04,1.198348692459853,1.2642537434958592,1.266880134092209,1.3645047620373303,1.2684568434053873
2021-03-05,1.2180557795076188,1.2698807000750443,1.2719308870026143,1.3752933540654724,1.28142641454393
2021-03-08,1.209659881517501,1.2668246905837672,1.2668050995403457,1.3752793707567534,1.2819465554798162
2021-03-09,1.1988106015280526,1.25860300356182,1.2632095969169725,1.3721783703891839,1.283087962211164
2021-03-10,1.208590086254691,1.268047713977842,1.267857833983534,1.3885826162920818,1.3021144956228425
2021-03-11,1.2100344274469021,1.292956258993902,1.289002965767679,1.4084048239667657,1.3118053229358142
2021-03-12,1.236012338570793,1.2924460191173088,1.2979484859725594,1.4243959308661438,1.3225156512566814
2021-03-15,1.1775666664306592,1.3003506655725907,1.2944284420434014,1.3906291279161194,1.3782330005173995
2021-03-16,1.2029299756452445,1.3154442698691802,1.2994573419439142,1.3803910103281203,1.3295911174995574
2021-03-17,1.1986851387867068,1.2844965917622617,1.2710524271735142,1.3465267580786944,1.2724893656692495
2021-03-18,1.2023849106988869,1.2778577225613075,1.263363295014034,1.3404795971171115,1.2646169700455117
2021-03-19,1.1724940493691705,1.2286395626636428,1.2215407337688822,1.287076998531828,1.1707524646298597
2021-03-22,1.1710303761480987,1.240646666605635,1.2398383233155135,1.2879685418270628,1.1223725229610177
2021-03-23,1.1360370721205855,1.20915929445379,1.2129771337372712,1.2373143680947276,1.1287716012246385
2021-03-24,1.1542290560486292,1.2113716101200318,1.2201123311217745,1.2470299274697814,1.1379021483555947
2021-03-25,1.146612116520894,1.2118585926029954,1.212082245651575,1.2362577249349642,1.1364459763869657
2021-03-26,1.0932286382568341,1.224388935622967,1.2122841489360403,1.2414747252869358,1.15484609585888
2021-03-29,1.0868543111610744,1.2510404974732245,1.2377749656649646,1.261992575988752,1.1695766843146074
2021-03-30,1.0934552833156501,1.2782293736614097,1.2655381190913197,1.2967690791778843,1.1695745803277702
2021-03-31,1.0835449477137888,1.2585252090997763,1.2532193018939204,1.2788365943674063,1.175064923842051
2021-04-01,1.0827711306303172,1.2564659388832249,1.2485578307177618,1.2773191024757298,1.1613483212744105
2021-04-06,1.0900914407247788,1.255921488322339,1.2479870521801242,1.2865068340117938,1.1092995272994248
2021-04-07,1.0893209094912737,1.2523003262895498,1.2459048885131887,1.2843575325268657,1.1103225791938687
2021-04-08,1.0810034785599743,1.240336776209924,1.2332688914585945,1.2719446234687108,1.114457301290234
2021-04-09,1.0862762203943541,1.236346129177526,1.2298694284063,1.2508583867634304,1.0814622963861031
2021-04-12,1.0889832319312414,1.2329082698213478,1.231269580847923,1.2552871561637575,1.0806144458274718
2021-04-13,1.0878034782029171,1.2345380018716194,1.2321320524099337,1.2565526089040286,1.079840269390585
2021-04-14,1.0866185237870352,1.2290187785020619,1.2269225609227035,1.2531559007068034,1.0763859237089501
2021-04-15,1.0927558693985653,1.2325264500731823,1.2343447396031801,1.2593783933292335,1.077865617847359
2021-04-16,1.098532698692758,1.2372094092475674,1.2406368771152683,1.2636072337564528,1.097119260178694
2021-04-19,1.103107698582588,1.2433602354692679,1.246825825885637,1.2706301577143237,1.1042737375262963
2021-04-20,1.1049413127491423,1.243795505191538,1.2464606074851352,1.2716369061748454,1.1043592804049958
2021-04-21,1.1034308211465427,1.244132960383581,1.2472141033393094,1.272369560587538,1.103505411430966
2021-04-22,1.1043292350533689,1.2436923183894517,1.2463264380169512,1.2718101201819634,1.1051115992888045
2021-04-23,1.1119161815065735,1.2523507347417764,1.2745563172351946,1.2910799540684772,1.0938683231473936
2021-04-26,1.1118188749297733,1.2487992670368373,1.276280860583479,1.2913147634247224,1.0927412625444808
2021-04-27,1.1001378990347384,1.2290241068928287,1.2620648430609787,1.2718599117276184,1.0891445575552927
2021-04-28,1.100768881792784,1.2212247985993834,1.2575248331081963,1.2845713626912894,1.0908472145776256
2021-04-29,1.0868841658461315,1.273674712239809,1.264476746533801,1.27401814541866,1.085569820078802
2021-04-30,1.0868168132999556,1.2711632519125011,1.2594999430921332,1.2702288380160283,1.089018284860612
2021-05-03,1.0877781575735144,1.2645101241331205,1.2546494120978195,1.2717212802233222,1.0822454302689812
2021-05-04,1.0872453922229328,1.259662492292321,1.2499382179492193,1.2667750153531168,1.0804160894243178
2021-05-05,1.0865979869300606,1.256141394860073,1.2458039903008906,1.2595664568244271,1.0812252354000205
2021-05-06,1.085090241308372,1.2637235097454693,1.2458736556189767,1.2624885738731886,1.0761256126744367
2021-05-07,1.0879856185656054,1.2741784641842158,1.2498386539830075,1.2678438423508887,1.055655738751633
2021-05-10,1.0883018109710987,1.263812795371483,1.2414047269415978,1.2615992468391855,1.0346557722852838
2021-05-11,1.0849767803871673,1.2626339258588055,1.2416457853244431,1.261300538896078,1.03715452693006
2021-05-12,1.0696290457699995,1.259931639107642,1.2407342286252927,1.2565148799925303,1.029382848570638
2021-05-13,1.0685239187054272,1.259593060049009,1.2374463435249037,1.251763852422075,1.024681629493189
2021-05-14,1.077186356168124,1.2718624255944206,1.25097170590815,1.2645357358424625,1.034707319637977
2021-05-17,1.0824657030411626,1.2734670366583642,1.2521920203785883,1.2666968038316508,1.0235083760181474
2021-05-18,1.080828519370389,1.2739888166125557,1.2514631139916255,1.2676917566820087,1.0273706592941032
2021-05-19,1.082271435752063,1.2663339168288568,1.241510230362203,1.2604060619706334,1.0328295516155903
2021-05-20,1.0912617398350601,1.2657287062126954,1.24022116755994,1.2617536673568763,1.02658159664861
2021-05-21,1.1064205204741158,1.2669434803438568,1.245279136201244,1.2656222238746548,1.0174307221432757
2021-05-24,1.1001221991365815,1.2467346276292675,1.2172124354491285,1.2422073887409433,1.0237095579268283
2021-05-25,1.1023577222199372,1.2504611203064098,1.221123715306773,1.2469221237760908,1.0301621128759173
2021-05-26,1.0987361207730162,1.235743894319305,1.206943507166317,1.2330848719221261,1.0291921284760583
2021-05-27,1.0899794813449573,1.2135546810964004,1.1766071482953624,1.2151576978280711,1.0238676980929255
2021-05-28,1.09507667183397,1.2155660092527736,1.178519924894609,1.2154105797562338,1.0231010621574048
2021-05-31,1.0961052718083604,1.216507547461672,1.1793568492834088,1.2162659742193755,1.021760983035545
2021-06-01,1.0881459909775535,1.2013683909640105,1.1654597139602527,1.1993680715751218,1.019009280559164
2021-06-02,1.082729168773259,1.1981182101650016,1.1600694545949068,1.1934068494196606,1.0179029813111216
2021-06-03,1.0829158021823126,1.198111225808275,1.1603924750110652,1.1945261284186521,1.017216863782512
2021-06-04,1.0616356012655,1.1791319522203503,1.1336710164466468,1.1648284082876639,0.9900555135487695
2021-06-07,1.0620185451578186,1.1821870008806175,1.1343566389702957,1.1659376903853151,0.9902004229097154
2021-06-08,1.0452361677781388,1.1576696876395312,1.098490525269478,1.1293945414005222,0.9703794076949166
2021-06-09,1.047794760760357,1.1552845694718838,1.0881175392566915,1.122489090779731,0.9670471896406807
2021-06-10,1.0552820965804655,1.153203039928638,1.082017229279893,1.1181416135326339,0.9678951983463618
2021-06-11,1.0545806059134428,1.1600368604845455,1.0852908921115736,1.1174354436705705,0.9234842527822041
2021-06-15,1.0593124248015349,1.160291905446634,1.0872129595476643,1.1235263324448461,0.9268761933864176
2021-06-16,1.0595927611074385,1.1606253765773455,1.0901526741415488,1.126095730317557,0.9259755335872667
2021-06-17,1.0566002234873297,1.1585547533073242,1.0861522995819675,1.1230019565416958,0.9266321860886794
2021-06-18,1.0565684497791998,1.1585878538005934,1.0862105884171023,1.1231720619824894,0.9263715520112008
2021-06-21,1.0886734255422712,1.155547157055357,1.0937685576964937,1.133521504689003,0.9308185098707185
2021-06-22,1.0921302033464024,1.1521645446610231,1.0945397997283755,1.136391901225771,0.9332314478223906
2021-06-23,1.0979423095360592,1.146597047368125,1.0881806360563622,1.1349116977324651,0.9155226306636584
2021-06-24,1.093770463108068,1.141625382569803,1.0790276138994055,1.127751547466483,0.9141443037588425
2021-06-25,1.0971925649561367,1.1408812755780016,1.080749086274172,1.1296195877146147,0.9083341879072688
2021-06-28,1.0993979968258036,1.1479281641678332,1.0854516614250413,1.1379631615973291,0.9049278800369845
2021-06-29,1.099463921492935,1.1451591018886675,1.0826326721429562,1.1366836707471508,0.9017826572965382
2021-06-30,1.1002028626283766,1.146101015237138,1.0828450226902182,1.1361151040377468,0.9059197469330542
2021-07-01,1.1018183783331248,1.1482137045824365,1.0841268991723567,1.1367062792191154,0.9084206869006899
2021-07-02,1.1041488019920649,1.1503982418285874,1.0832127033396817,1.138834133208028,0.9187983487709608
2021-07-05,1.1040029775899112,1.1492771373985406,1.082297978255135,1.1378885136626293,0.9183167343965262
2021-07-06,1.1089249368347176,1.1448166498984742,1.079330170629445,1.1321070685704564,0.9222534648297898
2021-07-07,1.111384830815749,1.144381767117868,1.0783021614368833,1.130172747075604,0.921837090168418
2021-07-08,1.114424466258691,1.1423787538843553,1.0751908263790166,1.1281531508663163,0.9183851400701204
2021-07-09,1.1096855334798974,1.1373758412637553,1.0708114696473034,1.1219699963935363,0.9193488336045953
2021-07-12,1.1086764024926439,1.1365569096905577,1.068846358169786,1.1177836651689488,0.9197878994450139
2021-07-13,1.1157805486249568,1.152483157594127,1.0804869250601339,1.1262002868546348,0.9186849187341137
2021-07-14,1.1182610836218423,1.1526383434026455,1.0787667680179098,1.124197621422506,0.9237680251381541
2021-07-15,1.1194060023959955,1.1543304092871833,1.080382077462416,1.12576224911696,0.9249037288351096
2021-07-16,1.1183820848212098,1.1508027737861442,1.0780813925861734,1.1234177787999522,0.924732818374371
2021-07-19,1.1103565637434725,1.1587667347408026,1.0827900904538974,1.1295101540181247,0.9216736010543113
2021-07-20,1.1167868878171459,1.164205722155724,1.089160110116193,1.1324803024111425,0.9242851221257665
2021-07-21,1.1176384018189294,1.1642637138664236,1.0893848608333174,1.1339608910657912,0.9268247593610095
2021-07-22,1.1193715492144505,1.163035533327745,1.0825969470560888,1.130852057049648,0.9319356131103438
2021-07-23,1.1204775183613023,1.1638020681291312,1.0833452675173465,1.1317807311627477,0.9315433518225028
2021-07-26,1.1205224636355111,1.1643313649845066,1.080725389770088,1.130505792897677,0.9279110782822342
2021-07-27,1.1249806814393686,1.1664530799602564,1.0837088130953814,1.1349893866799527,0.9263184359862814
2021-07-28,1.1297229093955594,1.1686614722945854,1.088174953910194,1.1394409444690186,0.9262477740911735
2021-07-29,1.1229834206813292,1.1635133664892998,1.0734709897988388,1.1386362803302947,0.9243333179929334
2021-07-30,1.1204305234818048,1.1583291916841199,1.070234427835557,1.1353046547613346,0.9231345476426213
2021-08-02,1.1227263766461864,1.1739084973239615,1.0767026634853971,1.1419241375080793,0.9097564026161903
2021-08-03,1.1262123185511461,1.1722434965055357,1.0765865327361224,1.1440556612464619,0.9109733122937049
2021-08-04,1.1295954395945935,1.171881438307257,1.0763514588357164,1.1432293720145417,0.9109805809372093
2021-08-05,1.1311311902164811,1.172582500920411,1.0786936191472472,1.14652347966314,0.9123921290585237
2021-08-06,1.1179671928152934,1.1651900129522899,1.0666591322023213,1.141077253959679,0.9145974754525471
2021-08-09,1.1165311664266062,1.1610966838820718,1.0618805653403856,1.1380655320572395,0.9155293829924456
2021-08-10,1.117468563728542,1.1634054210228004,1.0651632987035655,1.1397142112316718,0.9161534016627138
2021-08-11,1.1106201804513116,1.16065647963296,1.062691419505886,1.136352348580091,0.9149846145592299
2021-08-12,1.1144749422122018,1.1595080184032176,1.0631014085061399,1.1363850829576196,0.9159727817513919
2021-08-13,1.1051035767004285,1.1529677345794307,1.0567444352723887,1.1286897962329998,0.9223501131001544
2021-08-16,1.1133658066135899,1.156932079832719,1.0724056461020983,1.1448840791598462,0.9232433109837902
2021-08-17,1.1118589240782344,1.15565159959691,1.073934706226083,1.1368742370799927,0.9233908683783565
2021-08-18,1.1093944330798247,1.153537901409459,1.0719025510752442,1.1346829712789077,0.9313454194241819
2021-08-19,1.10861521986833,1.1531747284332983,1.0702539097615906,1.1340091260253957,0.9254685413103496
2021-08-20,1.111013334598487,1.1554042796325472,1.0724398948690645,1.1343378437099807,0.9263724906860036
2021-08-23,1.1076377868989071,1.1446120553996553,1.0615471001297423,1.126458094149429,0.925159022330559
2021-08-24,1.1053949255222675,1.1408512329405893,1.0588323460048852,1.1233402468464855,0.9289498808499319
2021-08-25,1.1056625958651596,1.1424271554327243,1.0603606110808685,1.1234479495401541,0.9276110299997328
2021-08-26,1.1067353982434849,1.1513692269738847,1.070066102674664,1.1288756113851746,0.9276025690742796
2021-08-27,1.1050245434433215,1.1511532894910346,1.0700687684869878,1.1285286135672938,0.9266193516469519
2021-08-30,1.1000509087171726,1.1393663928122981,1.0583018488140903,1.1173491823915438,0.9260223335646703
2021-08-31,1.1078606951733672,1.149468140425189,1.0623990539378227,1.1216181866310146,0.9273751154291461
2021-09-01,1.1086206887240195,1.1459594851805404,1.058853206524538,1.1181593507416774,0.922074631112482
2021-09-02,1.1318450393045225,1.153087170641554,1.061078842161274,1.124180212000068,0.9154895089497239
2021-09-03,1.1306281042348705,1.1516414133557065,1.0571610856148697,1.1200799404641015,0.9158022347561835
2021-09-06,1.1282438665605936,1.1498830975433354,1.0542131639112702,1.1206682650521835,0.9156703857225262
2021-09-07,1.1263694977070382,1.1471937560473295,1.0373098312586715,1.110844204175861,0.9191936361351426
2021-09-08,1.1266233364967306,1.1495919429012933,1.0395513423704672,1.1146000164834369,0.9071134473909698
2021-09-09,1.1267769042756342,1.142460342065273,1.0375893235317017,1.1111297225020602,0.9111363074459715
2021-09-10,1.1275759765889535,1.1390610314090444,1.0359644092972111,1.1102074104362318,0.9281813456226984
2021-09-13,1.1254137984199055,1.1361471193795782,1.0338612584397833,1.1077538276284002,0.9268597720995527
2021-09-14,1.1267239998442,1.1441455093125428,1.039406038991129,1.1169822093021473,0.9290393907612848
2021-09-15,1.1285666156281247,1.1631069324975625,1.0510125217808002,1.129268911156138,0.9381657870394916
2021-09-16,1.1287526928618667,1.1619966001313828,1.0492675048108984,1.126593058713635,0.9468483078605964
2021-09-17,1.1208954421206028,1.1599664693758605,1.0437176154524945,1.1226697354611574,0.9392920927652088
2021-09-20,1.1172095941870355,1.1466428560127688,1.0382030266666145,1.111250340105299,0.9610101686347704
2021-09-21,1.1290478320976127,1.1440862757183121,1.044043549530467,1.1168782340978334,0.9666408422783936
2021-09-22,1.131725186996033,1.1498925875462982,1.0456528562442529,1.1214125966113357,0.9685291777883216
2021-09-23,1.1200560732574636,1.0986488202303961,0.9888779434638305,1.078319533419442,0.9928777451736274
2021-09-24,1.114601668593567,1.0930708613820048,0.9836947531815666,1.0746768244114517,0.9896157055199717
2021-09-27,1.1205680696943456,1.0929597322635782,0.9834147083552944,1.0760396938349943,0.9917690347472817
2021-09-28,1.1148672999850064,1.089785258293273,0.980061529468025,1.0710852238459205,0.9731722704003791
2021-09-29,1.1196968587793399,1.0924586161911771,0.9800826913219253,1.0674267500548236,0.9810356329981024
2021-09-30,1.1227956495653515,1.0880059828632083,0.9883164790187599,1.066788438257723,0.9869374644354167
2021-10-01,1.140519045594372,1.0683953189753956,0.96520596384136,1.0510587541993173,0.9955382579054046
2021-10-04,1.1691156192863141,1.0725162549597824,0.9710805254124085,1.056522345528156,0.9907354795582523
2021-10-05,1.1620696858462305,1.0672577738227083,0.961814211792035,1.0505580161136925,0.9769640502879162
2021-10-06,1.1721361175674865,1.071229316760049,0.9602588640774173,1.0529980133718302,0.9707742784820849
2021-10-07,1.1679939760798224,1.074145702298157,0.9631645021845981,1.0539181273797067,0.9746573000553352
2021-10-08,1.1656288192423083,1.0734013049191269,0.9537045766963075,1.0476736209150401,0.976334468731359
2021-10-11,1.1656529556556656,1.0682360747679476,0.944877457972161,1.0359180448071854,0.9771025813607042
2021-10-12,1.1628306982195253,1.0647329232073088,0.9454850748481203,1.03517343064962,0.975478004948104
2021-10-13,1.1642591192829206,1.0641843267290594,0.9474523417550532,1.0364984274965954,0.973375892730433
2021-10-14,1.1601721742502644,1.0643691138706064,0.9444924587157398,1.0332007676457455,0.9771884648973131
2021-10-15,1.157791842183232,1.0622767776165671,0.9446634127658211,1.033864282163333,0.9873212294458328
2021-10-18,1.1565796321206572,1.060189453031075,0.9406616214881821,1.0333087046305671,0.9859830921154966
2021-10-19,1.156505388795031,1.0604630913465103,0.9409383237168938,1.03341743360088,0.9847232456154744
2021-10-20,1.1571139092493032,1.059814552826481,0.9409041802335206,1.033352862187641,0.9893116004996665
2021-10-21,1.158368767199817,1.0606324727943413,0.9420360864950028,1.0356284320236286,0.9890685535947373
2021-10-22,1.158201018200058,1.0590565458120291,0.9416940751766579,1.0350111631086605,0.9893096743287741
2021-10-25,1.1647382172997502,1.06351466704574,0.9507056796232444,1.0446033669103951,0.9980992851660305
2021-10-26,1.1650042529321323,1.0634241063254817,0.9507353219208824,1.044673226048403,0.9983778074225095
2021-10-27,1.1811708262063236,1.0648472770734507,0.9444966476159146,1.0349892177067115,0.9826676408276493
2021-10-28,1.1876216249431102,1.0654956758105238,0.9425113962282415,1.0377876967443678,0.9822498898310813
2021-10-29,1.1935949984279974,1.0756513550779903,0.9539730192625768,1.0359256233368754,0.9680641981890212
2021-11-01,1.2095277819609556,1.0919653978693613,0.9550329775141513,1.0461541657089886,0.9570646934485751
2021-11-02,1.2062907359997994,1.0921662978845839,0.9640532819349565,1.047818544835956,0.9640419425407216
2021-11-03,1.2042190914650845,1.0784406222112217,0.9525470986694622,1.0596918402441964,0.9832781887927111
2021-11-04,1.2111212177105495,1.0759608581562794,0.9540773318073624,1.0620424947782126,0.9782166953539001
2021-11-05,1.2319784359330566,1.0899681684249056,0.9750975179218254,1.0885233882943124,0.9916013771330883
2021-11-08,1.2231529820599878,1.0608945852932798,0.9558665773104846,1.070359308034458,0.9862113004054648
2021-11-09,1.2191955821136915,1.0534388475004157,0.9559058928974201,1.0583191002776642,0.9843152020692727
2021-11-10,1.213776876060733,1.0439501540624105,0.9487183043467171,1.0542682639581322,0.9828071973880383
2021-11-11,1.2191065763989013,1.0485881282547,0.9468351110569706,1.0526982967873924,0.9845026833674579
2021-11-12,1.2159499875456383,1.043279340261588,0.9407594562781013,1.0397154331679517,0.9953518153320869
2021-11-15,1.212761927662309,1.0427319431644348,0.9390103672299449,1.037599458980588,0.9974024826053437
2021-11-16,1.2032776086234076,1.0376429138302172,0.9318999251296015,1.0326370550056576,0.9992831183732265
2021-11-17,1.2423985120889383,1.0380683119915435,0.9350121857967649,1.038128247210005,0.9945678788655447
2021-11-18,1.243607382971044,1.0378703073501319,0.9346098545696035,1.0367510428109556,0.9936595706616588
2021-11-19,1.245725038042835,1.0376300895661579,0.9347522526043232,1.036956654918557,0.9908480959416698
2021-11-22,1.2489453812038631,1.0294051279449792,0.9292862837397725,1.0278977936386138,1.0064276348578252
2021-11-23,1.2463293855045146,1.0195677234412792,0.9220979698333034,1.0242394530518097,1.0011898168051683
2021-11-24,1.2414482589874245,1.0097470580355534,0.9179854387621013,1.0166396641948863,0.9955332481300594
2021-11-25,1.2416919283422732,1.0087185462691715,0.9159835392637031,1.015493400889041,0.9945448144098659
2021-11-26,1.2216951041717186,1.0115298454301471,0.9257385377677704,0.995189929270399,1.0360958991183258
2021-11-29,1.2225947654333715,1.0203469787937989,0.9288069169011063,1.0008920595457678,1.037909188885937
2021-11-30,1.2213599424010508,1.0204288141487499,0.9261532605413137,1.001086121250315,1.0389538421400242
2021-12-01,1.2217964718401801,1.0206011380139461,0.9264734977076595,1.0023398521532585,1.0406260318183418
2021-12-02,1.217812510656924,1.0186672651513387,0.9272050592914235,1.0002559852533208,1.0350896425063172
2021-12-03,1.218754485322849,1.02067296002183,0.9308809086577218,1.0036351532419066,1.0412444395207239
2021-12-06,1.2176420329313926,1.0206620292693085,0.9317492525220902,1.0035993017835558,1.0415128908073141
2021-12-07,1.2084844042242955,1.0214933686192755,0.9371618587388424,1.0119737188676154,1.0421122234405151
2021-12-08,1.201373776593544,1.0246449001711184,0.9331177220824899,1.0072505271147871,1.0418935568443188
2021-12-09,1.1993248566819845,1.021897468386054,0.9348928252054126,1.0049755026312854,1.041532846280011
2021-12-10,1.1961690551001236,1.0202917524611468,0.9361009839366587,1.0042636981767574,1.0412294821870687
2021-12-13,1.1936128051848875,1.0171520316386435,0.9347877487016507,1.000739662373031,1.041399483205089
2021-12-14,1.1935754112247827,1.0161777366439202,0.9338006059059983,0.9975765573954033,1.0421539154216106
2021-12-15,1.195554965037664,1.011532467999082,0.9324577116432237,0.9907835091965033,1.0316010888348728
2021-12-16,1.190205936997487,0.9999425411731969,0.9275661379160116,0.9887086764383349,1.0098827100746217
2021-12-17,1.1911332402773678,0.9997119321357095,0.9276506620635412,0.989337624919837,1.009000147642915
2021-12-20,1.1951833361421484,0.9962138435734997,0.9221225168840016,0.9853153586708249,1.0167912860072696
2021-12-21,1.1904991172927468,0.9969340611682964,0.9211416374313055,0.9806883783964054,1.0104517352211424
2021-12-22,1.1914372021088064,0.9970678309845447,0.9218586315616982,0.9817671705208727,1.0093698876869848
2021-12-23,1.1899386352876082,0.9979165813687724,0.9220658436511913,0.9823060788137628,1.011003062486012
2021-12-24,1.1892906982052671,0.9979096401365485,0.9213026663057182,0.9811124390983326,1.0094275152614582
2021-12-29,1.1863409498203878,0.9919955144505892,0.9203966827854083,0.9810238364543408,1.0093034464792383
2021-12-30,1.1839967266851068,0.992689417918867,0.9206368845046871,0.9805998984276948,1.0147662123610006
2021-12-31,1.1849632113485615,0.9979004550668441,0.9191649943887751,0.9823234654004779,1.0152260168710971
2022-01-04,1.180999546236246,0.9953719746495311,0.9164612827940177,0.9819599872435762,1.014422305261632
2022-01-05,1.1764362301073683,0.9785231677051545,0.8923760036824185,0.9545041878972435,1.0052926894136796
2022-01-06,1.173041358031633,0.9660511658990507,0.8719851991603241,0.928254219727102,1.0080390034627256
2022-01-07,1.186794597526078,0.9697585304167343,0.8789808229040894,0.9465700981113448,1.0063016768648607
2022-01-10,1.1887964893580287,0.9729621515822137,0.8814884905759927,0.9492117390321033,1.0064571187043883
2022-01-11,1.1925931866972583,0.9719107578900762,0.8816529279733405,0.9527763060416736,1.0117681636450453
2022-01-12,1.1885636218488904,0.9666353686665949,0.8744135567668201,0.9465592914616774,1.014383480910955
2022-01-13,1.1879181571302977,0.9691494118692565,0.8746817575745564,0.9492354084011118,1.0127396391229904
2022-01-14,1.1882560852264619,0.9581407790067972,0.877099133057009,0.9362261271717974,1.0139585572742966
2022-01-17,1.1958106087608393,0.9548379007563389,0.8691764300257344,0.9336722599435036,1.0117675265507367
2022-01-18,1.1997942477654933,0.9573200278475723,0.8704958183790935,0.9369167149708519,1.0144030728316384
2022-01-19,1.200894914651263,0.9546234540741543,0.8670631579650536,0.9328471283211657,1.0374628916646689
2022-01-20,1.2006309458773086,0.952365921543196,0.8670061156395653,0.932428430055259,1.0328102328357633
2022-01-21,1.177704177363375,0.9402895747711537,0.8450881536953341,0.9258935022543698,1.0589808049187557
2022-01-24,1.1863498961542764,0.9451978541175414,0.8465216817561384,0.9290488097684083,1.0563713716419947
2022-01-25,1.1786424559474158,0.9631352912490752,0.8689056308687582,0.9579141518800208,1.0561887451535228
2022-01-27,1.1693926424609367,0.9425511723947699,0.8483308006068844,0.9167332377744927,1.0688543556543264
2022-01-28,1.1590437221397476,0.931649771240521,0.8570412838275248,0.9049247199368435,1.0926370864613213
2022-01-31,1.1573573969836204,0.9311170918194442,0.8622276563024411,0.9126492085657048,1.0967118343286013
2022-02-01,1.1556959438622039,0.9291840019624422,0.8578781986559261,0.9052586328249237,1.106268576274789
2022-02-02,1.1541359953152461,0.9313288962530583,0.861429244991172,0.9114378982269631,1.1140852319439123
2022-02-03,1.1517370579275668,0.9232051832353922,0.8506563903716873,0.903097664872676,1.1267292037127303
2022-02-04,1.154444585768232,0.9196998175384836,0.8536756110842313,0.9016741562289496,1.133221400868765
2022-02-07,1.1521561906608768,0.915294282489599,0.8503102211443531,0.8970070273414691,1.1779603394990759
2022-02-08,1.1526673317490177,0.9146632027171091,0.853999385772659,0.9032483964830673,1.1882553810769902
2022-02-09,1.1850972662290884,0.9246261124098939,0.8651482217055503,0.9083121051859289,1.1624672601852515
2022-02-10,1.1886482037074342,0.9314979784542071,0.8658725480106311,0.9106427302698876,1.1553077853688214
2022-02-11,1.204806932244953,0.9185815988269181,0.853027471400051,0.8976574432670156,1.1510153245104595
2022-02-14,1.2079576146102045,0.9212342601267917,0.8655604387751908,0.8990748088659714,1.1508034451178561
2022-02-15,1.2032497984502315,0.9216437392989905,0.8930793058188071,0.9086266968346426,1.14812664807329
2022-02-16,1.1979009574209258,0.917899240932102,0.8920487007409863,0.9081510467167345,1.148892535278283
2022-02-17,1.2000595021348894,0.913793981345709,0.893283839658507,0.9217068061517072,1.140355790267607
2022-02-18,1.1984355303266436,0.9108079899161454,0.8833862175284427,0.9164381011694577,1.1545646804955887
2022-02-21,1.19527409088881,0.9098083809575334,0.8783197698883461,0.914481014242935,1.1559988164746056
2022-02-22,1.2039064395831216,0.9201221855759563,0.8824773304817671,0.9158681267012826,1.160563549487244
2022-02-23,1.203060822916824,0.9146211747462584,0.8794110616531975,0.910976554746131,1.1672284909668544
2022-02-24,1.1926928529749485,0.9208208575580391,0.8805950297336411,0.9294319112264539,1.2133223004246445
2022-02-25,1.1814528106217412,0.9168961669650666,0.8810840507480198,0.9301089121623894,1.218798286493366
2022-02-28,1.1761513121944167,0.915388947596545,0.8774996083906991,0.9285524967754734,1.2194782935531556
2022-03-01,1.1786880702599623,0.9138832559353224,0.873252613180048,0.9189312377896879,1.2238516209386343
2022-03-02,1.1834771255475074,0.9202845449067829,0.8753080919310876,0.926091058695192,1.2176508267431436
2022-03-03,1.1854064074316881,0.924841040746674,0.8763622013597913,0.9368929805944018,1.2141389660374153
2022-03-04,1.1810298063712137,0.9267106192730635,0.8812967577519916,0.9416174266275917,1.2067791698451866
2022-03-07,1.1730867104047193,0.9303325204510797,0.887587366407248,0.9403373780591137,1.2123831512388317
2022-03-08,1.1595497154891736,0.9203485400841025,0.8828101815807988,0.9326837803203891,1.2047026438634696
2022-03-09,1.1640452420986853,0.9252687546479448,0.8859615062913624,0.9336204112783207,1.2065821345363155
2022-03-10,1.1760626974267867,0.9484562570886282,0.9080907881929805,0.9498766303121455,1.2280557461237667
2022-03-11,1.1714941735684783,0.9439564325273682,0.9014445146585922,0.9414410608582338,1.2324459077672967
2022-03-14,1.181159315496709,0.9480961294901382,0.912997421407266,0.9558356258587537,1.2412347322008173
2022-03-15,1.1695725568505317,0.9416786159773272,0.9044917468137115,0.9494005745004627,1.2416282685724143
2022-03-16,1.1629115472764704,0.9353213187077977,0.902388973769882,0.9544797542677391,1.2485328578724584
2022-03-17,1.1607253284005739,0.9375295994438894,0.8993626029178341,0.9603550185274027,1.2424947911279274
2022-03-18,1.1599863611500976,0.9358285250375855,0.8971307786333087,0.9594358037080645,1.2434813737396326
2022-03-21,1.1603180466074519,0.9366671509368549,0.8967418117364708,0.9578392598783539,1.2430623788105324
2022-03-22,1.152756209700241,0.9404204713092229,0.8984009019434726,0.9565573493256053,1.2450455739119783
2022-03-23,1.1548190596388068,0.9433003734456786,0.8997741388338584,0.957898278944692,1.246246144404657
2022-03-24,1.158347597622208,0.9425928962545427,0.8984728626365235,0.9560346710853804,1.2460549681396196
2022-03-25,1.155651451530726,0.9419853911551256,0.8983412081849038,0.9544561041469772,1.2440256698994705
2022-03-28,1.160556282106112,0.9417671448190954,0.9042985733823229,0.9625614531468338,1.247027300086599
2022-03-29,1.1584708011814009,0.9434265472563076,0.9086566880268766,0.9631743341342468,1.24662583854882
2022-03-30,1.1596473616399043,0.9446946260965766,0.9097939045125802,0.961728155080549,1.2556694942288709
2022-03-31,1.1677500084854044,0.9464228393755146,0.911701145889745,0.9650100268186547,1.264092096769419
2022-04-01,1.1693886975839671,0.9472875297237338,0.9124992205321728,0.9671157851104772,1.2673416167599003
2022-04-04,1.171370213876773,0.9451525855262104,0.9093886506891434,0.9657708458180553,1.2675209653579944
2022-04-05,1.171730801008729,0.9454815281526996,0.9100025102580648,0.9654226531050489,1.2681729166921574
2022-04-06,1.1645567944695665,0.9410767854724569,0.906836075684019,0.9609515152348375,1.268917808081386
2022-04-07,1.163473798779599,0.9398986269869217,0.9065310306432252,0.9583635458128029,1.2724709571464967
2022-04-08,1.1626264538454347,0.9423635569385433,0.9073003321090425,0.9614746181555133,1.2737441977500192
2022-04-11,1.1646804921503398,0.9431383550949033,0.9067305045979872,0.9628048400608014,1.2704990761501809
2022-04-12,1.1638581817807998,0.9424542597658998,0.9069072187493695,0.964663859971449,1.2674988906099318
2022-04-13,1.1627440298496696,0.9424543661462106,0.90760137584367,0.9646190899537698,1.2663590572504693
2022-04-14,1.1574227024906425,0.9371677302542762,0.903816612395259,0.9605001694432612,1.264530363643959
2022-04-19,1.1584628240894677,0.937294293658057,0.9046402290163673,0.9617077324313789,1.2654555525886837
2022-04-20,1.1579572106770322,0.9381415531088623,0.9056906466333972,0.9628119656865476,1.2694862474761648
2022-04-21,1.1590519755697901,0.939235126929918,0.9063329839407606,0.962834536294998,1.2721258263478346
2022-04-22,1.1691598685917362,0.9403614666068032,0.9039864028589195,0.9550397633071077,1.26861353886217
2022-04-26,1.1452761151268513,0.9310231593049058,0.8952650489663485,0.9369182146682217,1.2568859196606013
2022-04-27,1.1484279678312106,0.9345110984857524,0.899019789153004,0.9459845943724366,1.25932180005982
2022-04-28,1.138315685265277,0.9247763626450962,0.8953250839622676,0.9425646601362739,1.2563758447469193
2022-04-29,1.1332502195665375,0.9282272665984668,0.896564789556683,0.9418020634331608,1.2639021523532934
2022-05-02,1.129951685109528,0.9275171554902832,0.8877089435467939,0.9329545402036139,1.267071049365902
2022-05-03,1.130111611598004,0.9300663605845317,0.8907758222076503,0.9368083903939698,1.2677805997648692
2022-05-04,1.124448665742039,0.9287813019500221,0.8907878627302893,0.9444433422911257,1.2670787622464819
2022-05-05,1.1256573164462118,0.9134775031842503,0.8883454474749606,0.9308170994293674,1.2540472879566906
2022-05-06,1.1094048374964032,0.9133719011228513,0.8721966532514294,0.9110516839266595,1.3236774040347257
2022-05-09,1.1021092445210963,0.9074573507721845,0.8432142026820408,0.9049474775427769,1.349491041054995
2022-05-10,1.1049603360343982,0.8996305284842336,0.8343822038812511,0.9040332492738827,1.3480154117680356
2022-05-11,1.1124155066696788,0.8941073630106756,0.8284727534260053,0.9014418309700263,1.3485437049680968
2022-05-12,1.0899471539810184,0.8705292928216698,0.8354639862769229,0.9006589565109131,1.3696529895776117
2022-05-13,1.0669591163511079,0.861018616575729,0.8260928671001851,0.8899808930347176,1.3861159291820306
2022-05-16,1.06708961856826,0.8623037911433435,0.82885864140088,0.8913733521188227,1.3884641761116778
2022-05-17,1.0716244711585619,0.8604234116007191,0.8289338352329578,0.8880719483514903,1.3834871394408628
2022-05-18,1.0579328291259706,0.8541721578441072,0.8295936840300495,0.8918735846296354,1.3770559485524925
2022-05-19,1.037948828324872,0.8516482051334582,0.829999668448124,0.8923057848363889,1.389245420416792
2022-05-20,1.0353798759002866,0.8492698783488133,0.826897087780644,0.8911770077868888,1.3919488075336146
2022-05-23,1.0348033232026825,0.8486410648200513,0.8254740169879984,0.8906053694062872,1.3939338796842966
2022-05-24,1.0342900965490631,0.8467731019266576,0.8236620373458664,0.8886082039348024,1.3882119921770661
2022-05-25,1.0360997225866335,0.8497606540062603,0.8271522687261692,0.8911414240865351,1.3867608941232907
2022-05-26,1.0362620961395295,0.8489086361831533,0.8242729691918665,0.8901219697000902,1.3842563298293553
2022-05-27,1.0338138887692248,0.8424669441825842,0.8206007134195592,0.8873205601706028,1.40179945716053
2022-05-30,1.0194908951341977,0.8355350742815357,0.8154937136494899,0.8793605261980764,1.4075352174749756
2022-05-31,1.025884948377275,0.8409668270634776,0.818059188624547,0.8891404828051425,1.404814044654307
2022-06-01,1.0305971928111222,0.8443974152992256,0.8239624930886439,0.8952036875983854,1.4091265794483612
2022-06-02,1.0316567173692475,0.8441918726115885,0.8220260684594143,0.8946947843957769,1.4191461946700625
2022-06-03,1.0237090753120788,0.8371528853669856,0.8171829363651482,0.8889318304932775,1.4138435615231413
2022-06-06,1.0234181115201424,0.834250570414262,0.8162235790748809,0.8886357980283381,1.413880911007635
2022-06-07,1.0332582100845802,0.8522232187423167,0.8236098188256689,0.8895997611115808,1.4218381128896658
2022-06-08,1.0234911901319688,0.8424888705915112,0.810134560841179,0.8848602505570481,1.420913931230771
2022-06-09,1.0319242196901282,0.8522378485495528,0.8307569181892756,0.8937802283736386,1.4075165780122452
2022-06-10,1.031947007282488,0.8503707134340224,0.8345731153617428,0.8952029972151827,1.4213997263300293
2022-06-14,1.009185756928484,0.876469998250302,0.8466422981037909,0.9182870229584468,1.4256068316097719
2022-06-15,1.004136120678471,0.8815752904857396,0.851267196366102,0.9216381873438875,1.4108630225726366
2022-06-16,1.0067111001371327,0.8829666851147948,0.855748052726375,0.924458196165032,1.4102211870385506
2022-06-17,1.0244542600758046,0.8848741712867731,0.8481474536200216,0.9245500661924076,1.4158744260733216
2022-06-20,0.987665800912032,0.8803856382728574,0.8357676870200254,0.9060679820422656,1.4124273251878359
2022-06-21,0.989491450206272,0.9008144227600926,0.8431952243002683,0.9098798287760831,1.411690616109358
2022-06-22,0.9880262071288355,0.8982829621436398,0.8396239879229245,0.9076760490727267,1.4144752897163697
2022-06-23,0.9874448881572467,0.8973129954767153,0.8391156942197867,0.9084603659197648,1.4145273753418974
2022-06-24,0.9857286733866516,0.8927768734211685,0.8339006676953679,0.9014737656102961,1.4117826719611795
2022-06-27,1.0064462341893738,0.9087480125949197,0.8410739337705325,0.9148134328288017,1.3890889816320484
2022-06-28,1.0013679068373569,0.9027417615595148,0.8342158309003108,0.9084533403064017,1.3859349199380735
2022-06-29,1.0012101654322256,0.8958420777843801,0.8276314934310911,0.9019292013355251,1.379453426518127
2022-06-30,1.0079408096604092,0.9024107977399016,0.8326206145722833,0.9107195541197788,1.3734769395098738
2022-07-01,1.0057498250322732,0.9004432690721578,0.8340603554767616,0.9084013547849762,1.3711549117914954
2022-07-04,1.0042527352811599,0.8993772980365681,0.8366931473186073,0.9106398776175324,1.3722171342860854
2022-07-05,1.0041096517670294,0.8999517926173554,0.8377431383867759,0.9115426331446665,1.373524147438299
2022-07-06,0.999778819326453,0.8946591659435089,0.8346602891467026,0.9095292884796433,1.374612479154085
2022-07-07,1.0017120762676237,0.8920196980282016,0.8356367487070495,0.9150200216340775,1.3719237354659644
2022-07-08,0.9993939398254624,0.8917674723280166,0.8351998520853822,0.9156865968518004,1.3670453584525022
2022-07-11,0.994424210451191,0.8943988293005033,0.8300487428273311,0.9135659177477359,1.3694654638921042
2022-07-12,0.9949180120602082,0.8949232729791284,0.8304138304452435,0.913778588870721,1.3693407417883154
2022-07-13,0.9958466204635253,0.8964690570762556,0.8313525434204719,0.9134686616498794,1.3726029176514076
2022-07-14,0.9910424144020572,0.8932651777307579,0.8270808998273369,0.9071239889113638,1.369755043903003
2022-07-15,0.9890249342751076,0.8902122006611476,0.8261427229238799,0.9096137544108093,1.372012477940106
2022-07-18,0.9889359874961537,0.8927323187315767,0.8272793084332163,0.9020327370042237,1.3804350803728265
2022-07-19,0.986237998604243,0.8868001692547853,0.8232709912423656,0.902965970925333,1.3880558869533135
2022-07-20,0.9817846817645164,0.8793681130167249,0.8202598433974817,0.8890069881212375,1.4001636354711826
2022-07-21,0.9825599883225647,0.8772662655308986,0.8240166574171577,0.8915880032043462,1.3996221882273396
2022-07-22,0.9830722546801581,0.8772832521029075,0.8244242886854386,0.8918595490825001,1.3997322422606109
2022-07-25,0.9831080875434034,0.8773178390713199,0.8244480503175993,0.8918528261971177,1.3996942884826984
2022-07-26,0.979538913086289,0.8771917651548318,0.8239387883230033,0.8905433774717413,1.4039971665578146
2022-07-27,0.9794408676561428,0.8793842767752281,0.8242204204048836,0.8910053756394279,1.4028371629165466
2022-07-28,0.9805145915451869,0.8808166725777608,0.8223240429486962,0.8873114015722019,1.4116152070711563
2022-07-29,0.9815449221916999,0.8824808316313861,0.8217109608129404,0.8884567125516544,1.4120978385952752
2022-08-01,0.975657370273301,0.872344463684141,0.8155341085120729,0.8796539197681323,1.4154654728827314
2022-08-02,0.9759463470443565,0.8720234912169325,0.8153524867545918,0.8792608989691153,1.4142061178768757
2022-08-03,0.9770689726896338,0.8736280596419524,0.8169490032946668,0.8795918379949826,1.417577186544683
2022-08-04,0.9764453612811123,0.8732472362986619,0.8168611453435506,0.879281965455355,1.4171841298008208
2022-08-05,0.9736582018750305,0.8712809775446448,0.8157949923448381,0.8788400356183005,1.4164994097986487
2022-08-08,0.9740443037326115,0.8709293618326337,0.8159392221300669,0.8787065781050271,1.4163331996933781
2022-08-09,0.9710596562288074,0.8690377491484886,0.8143148780519511,0.878454413787371,1.417255020533936
2022-08-10,0.9686683048004242,0.863609412945268,0.8088270661354087,0.866993914270289,1.4182502482440693
2022-08-11,0.9625832483218341,0.8631567811588302,0.8108157561733981,0.8720149281344773,1.4178636803516034
2022-08-12,0.9693620505838961,0.8571402882209163,0.8043739058222005,0.8689673968897573,1.4177043000508422
2022-08-15,0.9659383190389721,0.857761033076949,0.7984109969476115,0.8618244532682896,1.4190781288504313
2022-08-16,0.9640448699753148,0.8567370081309886,0.7933266205831109,0.856498065301331,1.421846343374642
2022-08-17,0.9639751565611814,0.8581128467135923,0.7952689084041219,0.8561685334467678,1.4216903185061178
2022-08-18,0.9622890103675761,0.857501391619325,0.7968885945422298,0.8572460919521091,1.4256669814627592
2022-08-19,0.9621786215158654,0.8572296784877832,0.7967746264757027,0.8569997791706858,1.4254917024258937
2022-08-22,0.9618343784020024,0.8606132107416442,0.801514452834416,0.8588961354249594,1.429677455088736
2022-08-23,0.9670937418642167,0.8666501341967382,0.8071198054213292,0.8624097991766055,1.4395969641669963
2022-08-24,0.9661059661952902,0.8644481832798733,0.8048342591201799,0.8658406897221044,1.4407857291195925
2022-08-25,0.9684444972914353,0.86497784404905,0.8061733857131018,0.8654883972414964,1.4443766685684178
2022-08-26,0.9673040273405773,0.86602475685379,0.8053663221178711,0.8645532323510957,1.4445145128573507
2022-08-29,0.970944433016181,0.8752187381113725,0.8091918601239846,0.8711952038127864,1.4424793037919375
2022-08-30,0.971892212980019,0.8747181486621279,0.8089041872794082,0.8733792348318867,1.4425979819398367
2022-08-31,0.971799975658205,0.8745891935738427,0.808706592758728,0.8731728146493654,1.442319866129224
2022-09-01,0.9729220520881647,0.8736234871345013,0.8125848190467041,0.8705456811861938,1.4405714988512808
2022-09-02,0.9720711900249072,0.8722585972989655,0.8127395660332267,0.871304636176012,1.439305296910871
2022-09-05,0.9698653754698439,0.8692853332827186,0.8117999665985625,0.8683075538219286,1.4402669563865396
2022-09-06,0.9701023290856752,0.8697651315769833,0.8118833665052613,0.8682114930768846,1.440500872185589
2022-09-07,0.97592298204227,0.8828375713444675,0.8181264387308905,0.8691028649224323,1.4524002463082037
2022-09-08,0.9649989560559644,0.8767205325155136,0.8162466671608241,0.8781907410289531,1.4611204365408703
2022-09-09,0.9638867084208828,0.8779276269672267,0.8162643965652573,0.8783825575747918,1.460299484939819
2022-09-12,0.9629255393736429,0.8771046432665077,0.8176639356945522,0.8807933026544563,1.461548167027983
2022-09-13,0.9661566803601602,0.8781629336874952,0.817690765426441,0.8809353386800602,1.4592761403135248
2022-09-14,0.9787211254737379,0.8880084011019622,0.814866236107025,0.8802568015215568,1.4541040755642967
2022-09-15,0.9769089677389104,0.8906315724766611,0.8156932158953202,0.8830701044623277,1.4533487366156637
2022-09-16,0.9754047404853806,0.8771795432460618,0.8080886770327821,0.8795798387349318,1.4576528635769814
2022-09-19,0.974798188072623,0.8761486562656177,0.8027291133078317,0.8777063860537611,1.4514947456347442
2022-09-20,0.980341255264681,0.8814917647437684,0.807234619146392,0.8785779060856488,1.442355269389814
2022-09-21,0.9792763231076936,0.8833388719945288,0.8055589525638165,0.8768082473767542,1.4354096139117287
2022-09-23,0.9792429893630712,0.885064877548373,0.8054805283148126,0.8699425862946398,1.4339606628111488
2022-09-26,0.970550588688801,0.8776846725688523,0.8057428622365801,0.8709497718289918,1.4288667502882009
2022-09-27,0.9633842029024826,0.8754603911195489,0.8029880376994479,0.8690157901384634,1.424850822205696
2022-09-28,0.9698351765426505,0.8822903096389166,0.8073291096002669,0.8737767971358779,1.4430637584972035
2022-09-29,0.9634345560140694,0.8796895418976206,0.8074169900782929,0.8769969331276891,1.4347067823120148
2022-09-30,0.9723200944442996,0.8789096306901176,0.7987309600772845,0.877643478895895,1.4518617676238907
2022-10-03,0.9529779565744398,0.8761551485870401,0.7929678989613659,0.870830155104493,1.4523384339655887
2022-10-04,0.9480676127892883,0.8818692415163981,0.8042129605779859,0.8927650971584363,1.4434625665068643
2022-10-05,0.9566960417135737,0.8863053761855316,0.8187164661286851,0.8994572535123759,1.4441256270799587
2022-10-06,0.9531640094439756,0.8852602398516779,0.8183120370075783,0.8980673901320523,1.445290635854973
2022-10-07,0.9541868629279753,0.8817807337998302,0.814311860167032,0.895739482423405,1.4432503344714436
2022-10-10,0.9545909825981507,0.8825003109746271,0.818725508164593,0.898545496626164,1.4394628136588001
2022-10-11,0.956085750965658,0.8831493555162244,0.8188870699349837,0.8986264478888751,1.4395627954542947
2022-10-12,0.9570852861577485,0.8838275463812357,0.8182650508982932,0.8988913894629893,1.4408249106450381
2022-10-13,0.9559544422403358,0.8833509589085472,0.8169951721518537,0.8982127827030499,1.441255098918901
2022-10-14,0.9533531555591144,0.8841612476865492,0.821425756751592,0.8919197987731352,1.4432632366438696
2022-10-17,0.9514769955189334,0.8842873064421505,0.8169030737675853,0.8824180664049976,1.4476664170289477
2022-10-18,0.9503951142763025,0.8831398773979197,0.822934658077279,0.87702781560038,1.467461149350706
2022-10-19,0.9509063939812863,0.8843430105718153,0.8206897160026619,0.8775088243703617,1.4672404768318055
2022-10-20,0.9445419428887643,0.8777620716345877,0.811825936838186,0.8730068299511875,1.4700427948923407
2022-10-21,0.9469475438543352,0.8806615248563047,0.8122392187732931,0.8743603815994957,1.4660005268698013
2022-10-24,0.9452157047692024,0.8762315357617971,0.807990861710074,0.866777662009428,1.4669662414300149
2022-10-25,0.9461251098023568,0.8782056516131505,0.8084396931854568,0.8668674334098939,1.4688002833637255
2022-10-26,0.9462144951919118,0.878230401785846,0.8086257015041622,0.8671143018170743,1.4690833794305438
2022-10-27,0.9457250080592728,0.8755866529084013,0.8054370486637704,0.8592738833950005,1.4684775726886912
2022-10-28,0.9411191895286866,0.8727234633018054,0.8010094506073578,0.8545108776219177,1.4637462908741448
2022-10-31,0.9384346461791601,0.8661295702641008,0.7933011626749049,0.8542586287595189,1.476694700716849
2022-11-01,0.9343042768337485,0.8658028677647785,0.810575366543973,0.8565939781027685,1.471744209116183
2022-11-02,0.934342829651233,0.8647029492071091,0.8051578507685894,0.8551413908828343,1.469203932100077
2022-11-03,0.9310285085576206,0.8651174083185921,0.8149264320171056,0.8466192199382735,1.4577406657216236
2022-11-04,0.9254146144761178,0.864019652021791,0.8163719973823667,0.8434178398366948,1.4598041723039779
2022-11-07,0.9220351695505922,0.8574875688522339,0.8036732793532801,0.8364520196518828,1.4589190641896013
2022-11-08,0.9234167639767842,0.8577819177616997,0.8057538079830618,0.8361484746097364,1.459351266211761
2022-11-09,0.9218555834548134,0.8537605544980268,0.8039885698359174,0.8352373328758829,1.4597048392916543
2022-11-10,0.9224491625864346,0.8595155510867895,0.8046718806627892,0.8370223189296393,1.460224266995881
2022-11-11,0.9106869122317042,0.842991023473996,0.8022381364712243,0.828901675674592,1.4771868125246086
2022-11-14,0.9106489668521409,0.8432087683970064,0.8048690640470217,0.8297209273924071,1.4770143273971408
2022-11-15,0.911834768084842,0.8427520575278342,0.8045702168494464,0.8290002990887113,1.4766990932486166
2022-11-16,0.914224703183696,0.8430272502670588,0.8052872129392027,0.8300768134440025,1.478984140707052
2022-11-17,0.8951165383175249,0.8422757172846401,0.8019038342434941,0.8266800346106433,1.4839545548810162
2022-11-18,0.8958844526879856,0.8426537667807611,0.8038429420198608,0.8278935657029634,1.4829967682059169
2022-11-21,0.8952142665408185,0.8428484160515084,0.8029865752030906,0.8277752375800458,1.482795605242246
2022-11-22,0.8921793456253939,0.840898094287571,0.797655792943676,0.8224428712839169,1.478726069641903
2022-11-23,0.8908563937909031,0.8416203078863191,0.7978273973248586,0.8177752698485964,1.482988187962299
2022-11-24,0.8910201962801155,0.8414213525544132,0.7973128694134355,0.8182052660985001,1.48193251614609
2022-11-25,0.8923268162926932,0.8421447231335851,0.7978642982610431,0.8189925544224733,1.4819252916098924
2022-11-28,0.8961797237048053,0.8344752594281089,0.7906701939310624,0.8238308637314927,1.4760651388903812
2022-11-29,0.8938373399799274,0.8316952843021862,0.7897619511806604,0.8217991025685913,1.4756030348023135
2022-11-30,0.8934796218045122,0.8301620631596908,0.7903817376420079,0.820054162914716,1.474410165283044
2022-12-01,0.8930450773872549,0.8291188531879427,0.7903493885769489,0.8203238003570746,1.4761706484987211
2022-12-02,0.896694813695868,0.8308609178346358,0.7903628326384116,0.8222590587694536,1.4770241811303946
2022-12-05,0.8958677390460001,0.829156356726417,0.7890278618068269,0.8206882971219712,1.4763833757909994
2022-12-06,0.8959715765697659,0.8298957329985535,0.7881950176556217,0.82138297241691,1.478914956460058
2022-12-07,0.8981176630290161,0.8309565776156606,0.7876348059686947,0.8208794526075189,1.4846883136375117
2022-12-08,0.900870218566871,0.8346478860563153,0.7918961100994742,0.8256614570537603,1.4879307711618062
2022-12-09,0.8996355599493603,0.8346325696677139,0.7921430105506491,0.8253999546006255,1.4827813157834884
2022-12-12,0.8983977808801921,0.8341991299673158,0.7913205446081176,0.825218625758805,1.4789458399185866
2022-12-13,0.8994778359935721,0.837246433052861,0.7930934850013794,0.8285469435203143,1.4795880936319787
2022-12-14,0.8989292347382642,0.8350369858154222,0.790661128331339,0.8263155467317065,1.479285475286326
2022-12-15,0.8977281736594062,0.8358631212968005,0.7924277188467883,0.8288405732041757,1.4829620070648397
2022-12-16,0.8984206197554601,0.8394073842506574,0.7935742097034431,0.830028403551192,1.486789639196447
2022-12-19,0.8977027415159915,0.8396288177365538,0.7935975733267557,0.829223432151014,1.487481915822391
2022-12-20,0.8915770565964629,0.8312055791620552,0.7859580802420181,0.8189323371681672,1.482250336168068
2022-12-21,0.8842743474885365,0.8256916399667505,0.7881781165878583,0.8218785648664829,1.4811630109553013
2022-12-22,0.8849465341452403,0.8268108388702491,0.7872631081730351,0.8204445102628236,1.4808557200239403
2022-12-23,0.8855048188136763,0.8264345649473608,0.786492507113029,0.8180706219174918,1.4792950327862522
2022-12-28,0.8869960766004849,0.8264463533913441,0.7868802377680392,0.8198010961176669,1.4796265596026668
2022-12-29,0.887199791572805,0.8266335939644951,0.7870578583191539,0.8162577691972707,1.4808074308759174
2022-12-30,0.8873332322577856,0.8268062688901708,0.7871315528177277,0.8165200465092397,1.4811186596031958
2023-01-03,0.8876049718957755,0.8290271794080825,0.795444693090314,0.8235998811766923,1.4795862792567
2023-01-04,0.8933307565399035,0.8241276840164043,0.8077561851444891,0.8307491449273096,1.4841815108513075
2023-01-05,0.8944483057419997,0.8254251756817147,0.8089688148710226,0.8313290601667557,1.487571183774235
2023-01-06,0.8848769539198628,0.8231769928284699,0.8122553842296993,0.840987985701586,1.498441137863456
2023-01-09,0.8762041785157059,0.8215025719002068,0.809953444251091,0.8324892552551951,1.5024487581047383
2023-01-10,0.8761980000845302,0.8215165013494716,0.8096948249039155,0.8321750985738144,1.5017166647916034
2023-01-11,0.8714021822091075,0.8205957812854601,0.8047424424575214,0.8320538720182469,1.4977222016563025
2023-01-12,0.8758910837222587,0.828820859949547,0.8055691875642732,0.8333338432141184,1.4954796864666748
2023-01-13,0.8773903389957035,0.8301920469464817,0.8071942733647273,0.8327969898386707,1.4958136939365585
2023-01-16,0.8761328438711486,0.8323893720932639,0.8051330151569844,0.8398369141598389,1.498130825955254
2023-01-17,0.8761173155082871,0.832455953563166,0.805394821854483,0.8387167234915766,1.498172543387375
2023-01-18,0.8759815225249574,0.8323785115161735,0.8050896755750528,0.8386952928490676,1.4981288236465486
2023-01-19,0.874591665361581,0.8301309824417888,0.8050788644577033,0.8395779694603617,1.4903939253324336
2023-01-20,0.8747208573829353,0.8302803003427272,0.805383671852433,0.8390512586347734,1.489952781826801
2023-01-23,0.8811745094333486,0.8350879623124031,0.8161295753589362,0.842001199133542,1.4869130379038964
2023-01-24,0.8807122334594754,0.833210654027985,0.8127036129629486,0.8378474835996077,1.488978928712741
2023-01-25,0.8806597727527453,0.823030155436226,0.8031892894671592,0.821986220463474,1.503220986095981
2023-01-27,0.879676933668857,0.8319679023862676,0.812820058610373,0.8438359106751349,1.500865853906522
2023-01-30,0.879161307094605,0.8354152976750245,0.8088137154150302,0.8464820705783069,1.494366983811875
2023-01-31,0.8767297157672457,0.8333376267424809,0.8070742155365361,0.8423791175206556,1.4925140697241988
2023-02-01,0.8769399955430811,0.8299810924034065,0.8059745411762439,0.8437398143508296,1.4878444084136988
2023-02-02,0.8777284429669955,0.8305116740126836,0.8057937620344873,0.8415827590273596,1.4868631049643002
2023-02-03,0.8784437724599976,0.8324626238863427,0.8107500712370235,0.8468223338018003,1.4837283463435273
2023-02-06,0.8783677495638186,0.8336051098278575,0.8070618431106427,0.8483318580624819,1.4825685057102929
2023-02-07,0.8784438800973138,0.8330183431647493,0.8076152520478364,0.8453854184176458,1.4802240371951088
2023-02-08,0.8809729640029178,0.8355399025406729,0.8061376663038339,0.8430884481490237,1.4725068844722018
2023-02-09,0.8584000323370071,0.8287898754198383,0.7980796884683901,0.8370654282631902,1.4891993367243097
2023-02-10,0.8560663094661698,0.8251240492556511,0.7960782876990874,0.8367043672143887,1.492575579968814
2023-02-13,0.8503161477651038,0.8319580007653471,0.8030023857776515,0.8419869096096902,1.49909732892858
2023-02-14,0.848307258538754,0.8297312475849767,0.7961202081172767,0.8403263824376539,1.4995216391849726
2023-02-15,0.8710115076886519,0.8460346667906199,0.8056606899225329,0.8516079896749035,1.4951609198824678
2023-02-16,0.8647155679738415,0.8475949200590287,0.8025275820997196,0.850921633830921,1.4979436878266539
2023-02-17,0.8638287396440346,0.8527960663301232,0.7990961838323927,0.8516354171109902,1.5036101686352255
2023-02-20,0.8633951984930346,0.8533788679215497,0.8040131368980308,0.8547631380416044,1.5003903532474703
2023-02-21,0.8637730959356757,0.8535582797354508,0.8036831959230657,0.8550648476289131,1.5006384893423583
2023-02-22,0.8583590132723193,0.8503485984139274,0.801586749784555,0.8534392027292708,1.498935712021269
2023-02-23,0.8562796540033398,0.8543238134908123,0.8025586314958076,0.8579955397821392,1.503066442509274
2023-02-24,0.8576106281390852,0.8496091343400434,0.7976567901750746,0.8430234618825926,1.4886573558243437
2023-02-27,0.8531551243246093,0.8439667199428011,0.7930585751335115,0.8389572206080442,1.4820821461810292
2023-02-28,0.8550226716491356,0.8453232019078062,0.7930877321060603,0.8402968623668752,1.4846230903413626
2023-03-01,0.8529420344256468,0.8432054930945503,0.793310747772285,0.8403458497453821,1.4840407933436022
2023-03-02,0.852589570079055,0.8444738222930974,0.7950643459768965,0.8424975387860609,1.4863300677887117
2023-03-03,0.8548117804239181,0.8460110060809135,0.797428416847013,0.8440239964787909,1.4859378977581714
2023-03-06,0.8571080177877249,0.8468557771580657,0.798781961232927,0.8447398841285695,1.4911782058900682
2023-03-07,0.8605138107176683,0.8441690913929283,0.7951593927439853,0.8448243765456341,1.4869887365464947
2023-03-08,0.8671331959871286,0.8485909730491883,0.7978309408460362,0.8453002724685846,1.4932942375714249
2023-03-09,0.8622937352241004,0.8470381749615757,0.7972741639943396,0.8448622580359176,1.4914288082332334
2023-03-10,0.868325436226988,0.8446095023965781,0.7940386818992505,0.842774288646932,1.4781386117715285
2023-03-13,0.8702668155497174,0.8500825687372983,0.7999755924302236,0.8511385367551698,1.4780471775836455
2023-03-14,0.8527242829829128,0.8497961085905866,0.7869708749643592,0.8430848859068407,1.480202138404563
2023-03-15,0.8584118103139541,0.8548743137463389,0.7943834117579679,0.8481032877397238,1.4809317481772877
2023-03-16,0.8506204300109138,0.8606210512238581,0.8005967560788095,0.8514028719798136,1.476904856165184
2023-03-17,0.8501251275690703,0.8612794734763702,0.8045059471327665,0.8493366303755931,1.4783578636870593
2023-03-20,0.8461717540284414,0.8637614615554478,0.8025548301380846,0.8512531404305834,1.491569694453615
2023-03-21,0.8449805892700125,0.8623957199658115,0.8051083745548152,0.8532990991312157,1.4997209520907608
2023-03-22,0.8461000172853951,0.8588408236755828,0.8041427001900164,0.8537306570698869,1.4963614417173623
2023-03-23,0.8427230636746597,0.8589350480111116,0.803065236944575,0.8522308145367709,1.4974246848067123
2023-03-24,0.8437132866361269,0.8600680921095823,0.8032722885489987,0.8533066098037695,1.4989235157740255
2023-03-27,0.8451211389706633,0.861118721808409,0.8042166513121892,0.8538025766011272,1.49786187255793
2023-03-28,0.8458610815845575,0.8610085275669717,0.8064808607240861,0.853761743773135,1.499751923375839
2023-03-29,0.8470854202074933,0.8584698931268612,0.8038954100624435,0.854506961951549,1.49795334047478
2023-03-30,0.8495443922135659,0.8643213794415893,0.8058909924898092,0.8564239866717175,1.4931502993009704
2023-03-31,0.8484193963999563,0.8628681543171182,0.8025363371780638,0.8545043087033288,1.4957606296408903
2023-04-03,0.8492147004813626,0.8633751037276469,0.8036946837885323,0.8560841387707193,1.495873008836865
2023-04-04,0.8500130880255498,0.8648525098557333,0.8037008627997912,0.8566268674303869,1.4971227382226115
2023-04-05,0.8496516050719909,0.8646791372030446,0.8033398380953446,0.856970763086334,1.4969096527251011
2023-04-06,0.8533216810671124,0.8687349136875973,0.8058525170524273,0.860911311110457,1.4969101888434848
2023-04-11,0.8519148721147235,0.8710987610635377,0.8099081470938762,0.8653293972920357,1.491400092143077
2023-04-12,0.8506288522629359,0.8701486324222315,0.8097485898302409,0.8646011532955602,1.4906284370580445
2023-04-13,0.8510959723950569,0.8691827248589138,0.8094364982128549,0.8631770844077521,1.4909638287652454
2023-04-14,0.852565964932673,0.8715173431234027,0.8100378742482139,0.8630536040891125,1.4932377286985796
2023-04-17,0.8536259181016509,0.8719324475567957,0.8093369081443357,0.8639193702403513,1.493977075334556
2023-04-18,0.8550934504118691,0.8740165498176594,0.8119368274982586,0.8654727084502684,1.4948710414828348
2023-04-19,0.855025310744475,0.8720250973031154,0.8100357124039947,0.8636031070980458,1.4945545014576882
2023-04-20,0.8545872889342947,0.8715673056856298,0.8096790842361353,0.8631448834496386,1.4942438004309488
2023-04-21,0.8549652499018034,0.8719571024745671,0.8108826849082715,0.8632879665650015,1.4892007736232706
2023-04-24,0.8449493846299657,0.8721530778790489,0.8113984090235572,0.8677090566018405,1.4951821115464192
2023-04-26,0.8561704108199356,0.878157766359473,0.8152396738130805,0.879637197313192,1.5094354025254955
2023-04-27,0.8533597447593715,0.8748928679117349,0.8106827087178596,0.8730120597692677,1.5073511453142237
2023-04-28,0.858709716879379,0.8818905517738159,0.8141361755296328,0.8764251618755708,1.5120193004541926
2023-05-01,0.8612314476154036,0.8810944977621171,0.8127503220625035,0.877683136913722,1.5110035988930401
2023-05-02,0.8600982805844756,0.8796563260953343,0.8153013769985156,0.8817520153704437,1.5108140338393519
2023-05-03,0.8638285619238959,0.8835443029892627,0.8203608923245908,0.885483240560527,1.510935259029223
2023-05-04,0.865342822628836,0.8866496771029548,0.822411624348267,0.8867383022610568,1.511848071220134
2023-05-05,0.8654144302126051,0.8899721142418784,0.8260365185390972,0.8975516172910977,1.518788507723831
2023-05-08,0.8731041737738469,0.8949491691672828,0.8411826191401102,0.9100070625682748,1.4615297314643994
2023-05-09,0.8791264650026379,0.900224015084122,0.8627570763175142,0.9143118672679436,1.45389308384598
2023-05-10,0.8788177709593114,0.9062855859270701,0.8679865039327676,0.9142973831340765,1.4555883377634722
2023-05-11,0.8794492130080643,0.9087915855616067,0.8704559582916948,0.9166895302040362,1.4547705488470943
2023-05-12,0.8983194800074272,0.9311373353639871,0.8675694432059806,0.9226576999296228,1.4442165510205969
2023-05-15,0.9119318723713251,0.9374945263138879,0.8744744810354301,0.9290854902100932,1.427627224664473
2023-05-16,0.9120323873546425,0.9358873894196288,0.8716172775527854,0.927298056595844,1.4272720953899363
2023-05-17,0.9101822020496791,0.9367591344324729,0.8727874354410818,0.9257980734976485,1.4285280447383761
2023-05-18,0.9167543788820058,0.9446914707473921,0.876465503642799,0.9252531543184503,1.4326814379379955
2023-05-19,0.9241411855050402,0.9488238592726129,0.8771058623187244,0.9220458336356204,1.4358416687030848
2023-05-22,0.9264815846197098,0.9515291563390139,0.8803775344220779,0.9236755242232124,1.432746027095676
2023-05-23,0.9262871527577157,0.9514492945438378,0.8800922931447746,0.9234690002435648,1.4320892151093905
2023-05-24,0.9239231719494964,0.9520072371743785,0.8798574172266023,0.9223940512437778,1.433941057666637
2023-05-25,0.9291483560580214,0.9550985444925456,0.8813826568212457,0.9294414122590146,1.439144734290677
2023-05-26,0.9292666210085772,0.9571607933488229,0.8839678440317116,0.9306490097698942,1.4415846470235025
2023-05-29,0.9311875907154651,0.9626640036744205,0.8863671138809596,0.9342719053170011,1.4346449733468352
2023-05-30,0.9413117512045901,0.9683778074098752,0.8914708386807169,0.9421591792887463,1.4296625186970575
2023-05-31,0.9427793194819837,0.9677778667559963,0.8933702054287185,0.936945545431173,1.4325873509577565
2023-06-01,0.9395407214498477,0.9668394128337934,0.8915236655047074,0.9343652745921656,1.4306282082176411
2023-06-02,0.9371512183949187,0.9638624812474228,0.8901772510865821,0.9314272655433141,1.4235569891163957
2023-06-05,0.9400529874718542,0.9679976507080357,0.893408227986248,0.937013484103246,1.4281443861043641
2023-06-06,0.9387728447100315,0.9671942647798715,0.8993752361843191,0.9392073378039043,1.4264318827891347
2023-06-07,0.9306114203275956,0.9553933897255026,0.8951248632058572,0.938815723449357,1.4198326003237451
2023-06-08,0.9378987058514213,0.962874583639131,0.9043697853088826,0.9431670501711026,1.4197485153995546
2023-06-09,0.9281397758316767,0.9563382335838128,0.8869650303282841,0.937132876465553,1.433025014522551
2023-06-13,0.9281999612024179,0.9599286245452557,0.8844539494395572,0.9370733232324371,1.4235426875273571
2023-06-14,0.9396164843576302,0.9436265368707805,0.874295123624942,0.9107522962503457,1.4216415289602513
2023-06-15,0.944021852425476,0.9390905692580325,0.8689849482913785,0.9064530728374302,1.439859545686815
2023-06-16,0.9461032331385254,0.9384232148038112,0.8701686960511013,0.9043436237129757,1.4388331881120222
2023-06-19,0.9286374090501188,0.9394612624758797,0.88016746872761,0.9065651446125808,1.4309231600742778
2023-06-20,0.9335173720152476,0.9481239570372165,0.8848066849168412,0.9129555345511051,1.4365098741941607
2023-06-21,0.9231300701511902,0.9267814127086385,0.8755841756028522,0.902939654479149,1.4460701559352787
2023-06-22,0.9240062109355023,0.9257088088533552,0.869008993610269,0.9036568491523287,1.4475400560443177
2023-06-23,0.9267440957994942,0.9263752224117082,0.8704472116930824,0.909061127679425,1.4446114004857393
2023-06-26,0.9284056858298813,0.931557862065246,0.8760871110069434,0.9145875566703161,1.4440302201415596
2023-06-27,0.9055375201680597,0.9152850158478645,0.8733909282531958,0.9044641242422425,1.4672560368647618
2023-06-28,0.9107995639926332,0.9266606787967604,0.8858919876593523,0.9130185759041121,1.4641562464554083
2023-06-29,0.9116593164486096,0.9352249232638149,0.8936648794632138,0.921317209531007,1.472437688296236
2023-06-30,0.8997750323497683,0.9289914295340088,0.8881568474062228,0.9114888230891891,1.4819597986509914
2023-07-03,0.902186619749694,0.9301180348767096,0.8876636491986977,0.9130516308204253,1.4808938673295957
2023-07-04,0.9053615236847419,0.9330186257455398,0.8876305033358047,0.9132503722745565,1.4795559507524187
2023-07-05,0.9063366281378105,0.9344963532198896,0.8889416028610503,0.9151518488026357,1.4787506454219073
2023-07-06,0.9122545331996421,0.9489418767142145,0.8981183115555189,0.9255397752796346,1.4825416322860738
2023-07-07,0.9119579429959833,0.947111833737343,0.8971180211030519,0.9162417370023898,1.4724727833166313
2023-07-10,0.9132437357560922,0.9467352969975602,0.8972451007901034,0.916891399907308,1.473201350225039
2023-07-11,0.9176623763145101,0.9520783754904529,0.905446961734313,0.9281412498788153,1.4726241387999692
2023-07-12,0.9160698426637522,0.9530553482556635,0.9050896851404494,0.9291312574437895,1.4732532708928663
2023-07-13,0.9157168685281967,0.9442701016882231,0.9030434176616311,0.9301344131595792,1.474329010300233
2023-07-14,0.9196710397424387,0.9489482230714603,0.9033890085950476,0.9340793543154955,1.4755198053679197
2023-07-17,0.9220208626968996,0.9533397377166898,0.9051004305510175,0.9308650492038439,1.472338531021226
2023-07-18,0.9214586699346158,0.9448864323580856,0.9028642603376718,0.9360298698317788,1.4638473978445223
2023-07-19,0.9299645796352677,0.9536261995279849,0.911589227124321,0.9417643973754086,1.456720306368301
2023-07-20,0.9335655471751699,0.9603426461095217,0.9149540723985415,0.9562433551192495,1.4428377626383102
2023-07-21,0.9310742652700135,0.9613974437333009,0.9128253834287379,0.9527440633317665,1.4450154368127912
2023-07-24,0.9312073087544704,0.9623518899287186,0.9134156532712905,0.9543878492487399,1.4443546797932765
2023-07-25,0.9294274212421518,0.9608255412654995,0.910052475532807,0.9528513739858092,1.4408577350431835
2023-07-26,0.9299865488895732,0.9651586524652187,0.9138530770260566,0.9564691940149123,1.4376767467114073
2023-07-27,0.930893938839368,0.9672682270389782,0.9146776180239156,0.9583359265678575,1.4187708401795267
2023-07-28,0.9317303785228102,0.9667426004093679,0.917405993504475,0.961633844924161,1.4017978119380428
2023-07-31,0.9311875898675749,0.9660933673547077,0.9190104517340771,0.9612802245183873,1.4008061602056676
2023-08-01,0.9313459590313695,0.9688113773662707,0.9185070256993458,0.9661909766392973,1.4085797818130943
2023-08-02,0.9390520789707988,0.9712241852959059,0.9243743453468798,0.9724114111716825,1.4049995487447922
2023-08-03,0.9381612941178146,0.9708681018256726,0.9220805072109219,0.9714699330350218,1.4023841976023261
2023-08-04,0.9379734720911483,0.9709578848090973,0.9223884104827782,0.9719943963976094,1.4028015517842414
2023-08-07,0.9404692864568551,0.9720009311768368,0.9231645038471956,0.9721530497615546,1.4024033509818998
2023-08-08,0.9402331338073662,0.9721132200172273,0.9231149109610208,0.9722252149358178,1.4024762459693667
2023-08-09,0.9450836183193964,0.9770868957062352,0.9260087496649735,0.9734464035244451,1.4007647091022928
2023-08-10,0.9448142608402171,0.9825765302881475,0.9319988631100453,0.9849634238434265,1.3991886176628663
2023-08-11,0.9528068506025394,0.9830929410422018,0.9305248505127596,0.9805144649996919,1.3967348646033264
2023-08-14,0.9521526653179946,0.987203195386953,0.9361248660341375,0.9840197656728742,1.390392361238522
2023-08-15,0.9518800176167098,0.9899117839472247,0.939523075381856,0.983926575146541,1.3881927602770312
2023-08-16,0.9509463414908627,0.9871427232053671,0.9396454052847641,0.9865956015244012,1.3846340472913055
2023-08-17,0.949650613892589,0.9912414659124451,0.943663580366432,0.9885969383600856,1.3888380421903672
2023-08-18,0.9513640595583701,0.991808122077131,0.942887979940374,0.9873061058393948,1.3880702976350299
2023-08-21,0.9518399539711717,0.9916119409455014,0.9496535232704922,0.9888961073389964,1.3844033663305892
2023-08-22,0.9512402660696956,0.9906183158984526,0.9458175684482936,0.9875938021305635,1.380786681238222
2023-08-23,0.9464285521876729,0.9855357876812044,0.9415608510661679,0.9841724327828899,1.366804339611219
2023-08-24,0.9493049274013365,0.9884777357454577,0.9452315894245317,0.9809649301310437,1.3705759753012734
2023-08-25,0.9504028317896762,0.9918081776940606,0.942130859580743,0.9831257669779431,1.364822552173577
2023-08-28,0.9537468121029431,0.9932420405637181,0.9424825112916673,0.9859939323652407,1.3624168746282006
2023-08-29,0.9493134568763328,0.986150322088583,0.9420992301523927,0.9821149622722701,1.3652773016463868
2023-08-30,0.9464535059615931,0.9880178656117332,0.9398278558851493,0.979301353638554,1.3627528802379416
2023-08-31,0.9471015615344833,0.9893589149701576,0.9417727708045511,0.9810807053524235,1.3633414896700955
2023-09-01,0.9468340584809005,0.9925468360882774,0.9388519760978942,0.9856625693324602,1.365689773543525
2023-09-04,0.9485426684262334,0.9924734752648,0.9387736089327854,0.9845296224015068,1.3671151711360392
2023-09-05,0.9506697017522778,0.9950376517703822,0.940893782115803,0.9870116995062403,1.3657609066139342
2023-09-06,0.9503109235955203,0.9969503514318954,0.9446464117759362,0.9864332213368556,1.3777823948135821
2023-09-07,0.9427206723711268,0.9798444217619063,0.9358312866989792,0.9857364674108353,1.3589624550212716
2023-09-08,0.9500428898690935,0.988517467202124,0.9373013595819136,0.9758187569564788,1.3511157326491405
2023-09-11,0.9532830127628573,0.9906548152984019,0.942100639914601,0.9789471213006092,1.3574046213321806
2023-09-12,0.9543439432746943,0.993780714968525,0.9415397493355757,0.9768282283993881,1.3537172813904792
2023-09-13,0.9492799530332862,0.9914388018347514,0.9403453916859753,0.9731369078308117,1.3504356578951922
2023-09-14,0.9311487336808888,0.9852533121131143,0.9500028765586143,0.9782247673972014,1.3523819968011785
2023-09-15,0.9290307205563215,0.9834359339954466,0.9440449026339245,0.967066023504659,1.3459227952953676
2023-09-18,0.9336600192537666,1.001042406059493,0.95429465840534,0.969725007530493,1.3430008510648574
2023-09-19,0.935295392920842,1.0004902788915757,0.9550589941530875,0.9719084311866182,1.3410388125593524
2023-09-20,0.928951737210987,0.9951135946543127,0.9531592923333815,0.9708215937466349,1.352140809879754
2023-09-21,0.9360454121551803,1.0043793074804017,0.9710401193461375,0.9808152960279685,1.3623980623376069
2023-09-22,0.934234718373524,1.0084499349121099,0.9761394052623683,0.9917335338893662,1.3560713787581662
2023-09-25,0.949844706501171,1.026069232058248,0.9810663325360234,0.9929271863806758,1.3659328739273697
2023-09-26,0.9484476014235154,1.025250854641644,0.9824328207295595,0.9890567064445424,1.3666963758224566
2023-09-27,0.9461383454030498,1.02329402642754,0.9812766295439495,0.9887657747120063,1.3608316251214465
2023-09-28,0.9534535488426928,1.0281820425933343,0.986013158725984,0.9883861707611443,1.3707465090000792
2023-09-29,0.9406128086536824,1.0264172020169928,0.9766574260017309,0.9784373407973059,1.3513625255499397
2023-10-02,0.9407795358104162,1.026696787422972,0.9765896194607467,0.9795205091328884,1.3496103291090755
2023-10-03,0.9022858598987715,1.0160997089234831,0.9582956047518811,0.9369632630493522,1.3532055518290829
2023-10-04,0.8943263848151078,1.0161446857013963,0.9410345620934807,0.9333001259486552,1.3584985082665473
2023-10-05,0.8959267673001081,1.0169149421253252,0.944055583176435,0.9339846085264943,1.3599201166076984
2023-10-06,0.8993395712945885,1.0225636694895202,0.9518272905678785,0.9374134066017533,1.3593237803660247
2023-10-09,0.8961926664540474,1.0201429097764652,0.9510883876950028,0.9343795642964876,1.3660810349122456
2023-10-10,0.8923565651184922,1.0171392366626315,0.9474044544471786,0.9328007642132992,1.3654538040948874
2023-10-11,0.8892598444653247,1.0162888430935413,0.943701960145572,0.9313402562996169,1.3690172257441715
2023-10-12,0.8909481673459385,1.0184198813305487,0.9463380645881276,0.9332062211010569,1.3684491783415624
2023-10-13,0.901576421724162,1.021393426788641,0.9437660417349593,0.9501200933220408,1.3674368938863073
2023-10-16,0.9063994344953505,1.0276063292900977,0.9567252518140466,0.9677971301373566,1.3451532688828074
2023-10-17,0.9046605961400113,1.0325183594713692,0.9481871688012622,0.9785553311683967,1.3062209974112158
2023-10-18,0.9036307128838347,1.0308830219184242,0.9508447126371535,0.9775587876672138,1.3062092094520754
2023-10-19,0.9177880053268198,1.0459980981039823,0.9692418372596464,0.979334827641393,1.3033382899229091
2023-10-20,0.912667115353806,1.0450824654607596,0.9712810234185851,0.979881785327256,1.3102727192761268
2023-10-23,0.9162123126871691,1.0513391697487229,0.9766298680847221,0.9920655415414875,1.2963438746272486
2023-10-24,0.9141902971754381,1.0495927291559826,0.9769186359733214,0.9913187234612988,1.2930211083955185
2023-10-25,0.9144244235938929,1.0496594594234054,0.9766450201271444,0.9914444553261725,1.2924261755997795
2023-10-26,0.9135483072561993,1.0523721137418456,0.9845394969789989,1.004336460850256,1.2959841313381801
2023-10-27,0.9256736275142546,1.0620414052201594,0.9978272172805335,1.0165867096785979,1.302629630183948
2023-10-30,0.9278436699951391,1.0668689893479892,1.004273092980801,1.0171994627573198,1.294752198018097
2023-10-31,0.9307783416090581,1.0787466330471236,1.0147018547431386,1.0192425893975767,1.3037689550109193
2023-11-01,0.9279398937234435,1.0754582975064726,1.013088758220495,1.0178150573335802,1.294392675008491
2023-11-02,0.9390282362275634,1.0827156701151075,1.0142437144403753,1.0367517439754237,1.3024064687889658
2023-11-03,0.9505887969712464,1.0898361668770598,1.0163688658072143,1.0390570447901906,1.2985164578344355
2023-11-06,0.9552388490605728,1.103493066374506,1.0483109021016013,1.05498457043169,1.2986501961467594
2023-11-07,0.9526776491632365,1.1042987057022473,1.049586522069582,1.0572217070960659,1.3000066845979634
2023-11-08,0.9548214688391324,1.1117942749771175,1.0536707297630394,1.0574340153650736,1.3003839787230447
2023-11-09,0.9571688845613863,1.1015425595107398,1.0567067581399594,1.056595198963506,1.3021915301344595
2023-11-10,0.981667083268736,1.1531656895004503,1.0839613115844795,1.0962728452683632,1.2521072070099775
2023-11-13,0.9798453264840327,1.1468413957208217,1.0824700465233223,1.1026445642470006,1.2529423424188673
2023-11-14,0.9795367653080852,1.135209470836323,1.082232032973663,1.0958523034528815,1.251176849511575
2023-11-15,0.9577755206499187,1.1155622274753134,1.0716893343345797,1.089189263417066,1.288718601404021
2023-11-16,0.9530187274858478,1.1148234506830446,1.0696511737434145,1.0835858884989247,1.283937206982609
2023-11-17,0.9527732885061837,1.1148031701529455,1.0667461644430378,1.0830541871907295,1.285257004728372
2023-11-20,0.9547442531162419,1.1166276755077813,1.0699097913011864,1.0856180690272503,1.2843943609532837
2023-11-21,0.9538250651833445,1.1170206755157208,1.0736638924691608,1.0903152461968773,1.2923775831743778
2023-11-22,0.9545212170996941,1.1150426192566945,1.0746243232894226,1.0933287786751362,1.2890943382318933
2023-11-23,0.9558902284622924,1.1116150506511573,1.0700380381650936,1.0910214957914026,1.2893176008823866
2023-11-24,0.9548650810331445,1.1101147004320935,1.069422144093463,1.0904322065155234,1.290151332619536
2023-11-27,0.9559934421950489,1.1062825486013783,1.0692717937234566,1.0925199392454712,1.2905908600170333
2023-11-28,0.9590196637671259,1.1090251938437967,1.0704217766658959,1.093111131518557,1.2909974069604555
2023-11-29,0.96056599095683,1.1093402117541642,1.0710201287656391,1.0946700976077552,1.290594892679711
2023-11-30,0.9675510116689147,1.1159719665931258,1.0758168533444574,1.096192844741931,1.292421844940295
2023-12-01,0.9638702457646294,1.1145739408680873,1.0770017088575428,1.0927007929747814,1.2927635541365408
2023-12-04,0.9660025048742313,1.1165873991491244,1.0772344997153687,1.090196063893604,1.2924361807065596
2023-12-05,0.962449204689848,1.1050116992340961,1.0714372765243643,1.0837649592906031,1.2833324224900406
2023-12-06,0.9616194744613246,1.1042205828662175,1.072243504340122,1.0722892626825982,1.2742420655491993
2023-12-07,0.964937019021625,1.0986903216671382,1.069359614727165,1.0657410414883937,1.2721455879024088
2023-12-08,0.9683040105047357,1.0994476307003562,1.0683224172195522,1.0666133116125651,1.283152051023736
2023-12-11,0.9716555980799266,1.1014987953998052,1.0689355532778237,1.0666819124667912,1.2934934385908528
2023-12-12,0.9697325011749988,1.0982562171328245,1.064423827092423,1.0625515986376073,1.2915553380273677
2023-12-13,0.9717792325475338,1.1048316830594191,1.0717736753741565,1.0696280877060826,1.2947131481579754
2023-12-14,0.9697860288726974,1.094103664313379,1.0592866734832667,1.059850215889784,1.3102155959919959
2023-12-15,0.9671826953261243,1.09010701461923,1.0591342955300564,1.0589649203983582,1.305608634623887
2023-12-18,0.9666079978297955,1.0890588530369512,1.058744958482051,1.0598513427619716,1.3042809344626425
2023-12-19,0.9805723868700392,1.1096272762955943,1.0814228923658478,1.0814088999912979,1.3098565823203188
2023-12-20,0.9985598096627766,1.1251871857711424,1.0854317837690264,1.0820457863690789,1.3175464006457844
2023-12-21,0.9969180015549144,1.1228311422539454,1.0861299937114712,1.083936451968884,1.3195684338618736
2023-12-22,0.9961606871695513,1.1244550293393856,1.088909654432773,1.0891734366851797,1.3220522449603507
2023-12-27,0.9911245110623379,1.1208429455762636,1.0855365380293944,1.0802979296555544,1.3240978731312827
2023-12-28,0.9906283887711794,1.118879317601804,1.08310131341019,1.0815601763591516,1.3220517260562614
2023-12-29,0.990618649326454,1.117733591470144,1.08330109930706,1.0813906293647217,1.3216414156159955
2024-01-02,0.9922546623622164,1.1100799937490535,1.070127947207355,1.064472016280868,1.3255462434339882
2024-01-03,0.9856585466859534,1.1135353104906887,1.0437361187440652,1.0457273458650962,1.3107955321385651
2024-01-04,0.9863893198980104,1.1133569292695003,1.045869018088081,1.0472131261003617,1.3114830705868834
2024-01-05,0.989278750134844,1.119962108147465,1.049937595147492,1.0494790075563536,1.3145721512738178
2024-01-08,0.9934497506790063,1.117363133311024,1.050472032688843,1.048465048719887,1.3143767228705798
2024-01-09,0.9940748674988059,1.119462769549035,1.051804533878263,1.0484039433996228,1.3101465046817649
2024-01-10,1.0006640276024361,1.1225565992135462,1.0614915205938384,1.0435847505440865,1.307698558054871
2024-01-11,1.0003180115461192,1.112178684383691,1.0682499726684982,1.047609078272524,1.3103122032809114
2024-01-12,0.9970182584810845,1.1073365630638472,1.0660992307276032,1.0467191895193877,1.3110955484327913
2024-01-15,0.9972516449057278,1.1057905417885787,1.066985311501339,1.0414525900110505,1.311746514261425
2024-01-16,0.993220486721643,1.1000993647811979,1.0640494241820062,1.0371226920695438,1.2970337329251878
2024-01-17,0.9940479186085507,1.0991928975197927,1.065565590970672,1.036562256749546,1.2975006107578753
2024-01-18,0.9878379267723285,1.0949408074613147,1.0632678193815683,1.033632464901041,1.2942315413733474
2024-01-19,0.9856876682836357,1.0972675227936446,1.0672204194038908,1.037075225397057,1.2971091063416849
2024-01-22,0.9893926050483958,1.0992521677004494,1.069199669666726,1.040609573129271,1.2932153071534613
2024-01-23,0.9938790283063921,1.104617630137011,1.075694321344839,1.0463122372121239,1.294457857327076
2024-01-24,0.9962851021150388,1.1065977233439597,1.0766367775650167,1.0467483202988301,1.296515506670917
2024-01-25,0.9932813274716236,1.1018311571609758,1.0749233062440942,1.0426398960298966,1.2910162796882623
2024-01-29,0.9948331617332024,1.104143211559956,1.0755334014471787,1.0439468720562886,1.2913251245859558
2024-01-30,0.9946510556106015,1.1032980481600438,1.0737374232117862,1.0429069782457037,1.2911992952204685
2024-01-31,0.9971359710964005,1.1072896470247053,1.079229912076159,1.0453724360984045,1.2922226432623267
2024-02-01,1.0155434773128356,1.1165932996405665,1.0839599504945598,1.043940556768473,1.2870073848629793
2024-02-02,1.0122695575680163,1.1072172264630806,1.0734686331782068,1.0321366930770415,1.2882571072909643
2024-02-05,1.0066178892969886,1.0969902098437025,1.0608581548465839,1.0249404591812505,1.2816861418841674
2024-02-06,1.0087348353545973,1.0961342170736008,1.058381358454484,1.0211493613289158,1.2882748567567177
2024-02-07,1.008542884262637,1.0918518938368784,1.057500995097403,1.0189491783570992,1.283144288496764
2024-02-08,1.0123058120153674,1.094423432185016,1.0604678652402595,1.024586276980478,1.2846987432634642
2024-02-09,1.0157324730155224,1.0941351608024648,1.0638817957767108,1.024154357497479,1.2823029968784059
2024-02-12,1.0151456972302864,1.088222480486851,1.0598750537654062,1.018655897926083,1.2849481009503896
2024-02-13,1.0149668709875368,1.0860543089400494,1.0587394849427758,1.0176645005175349,1.2855158603293162
2024-02-14,0.9788160206051073,1.0623047959658392,1.0360361193869996,0.9975340516483949,1.2894155602004838
2024-02-15,0.9892131125495347,1.0649861715199056,1.044964598493685,1.003512947387956,1.2997974741919278
2024-02-16,0.997516565133916,1.0549736615184169,1.0524205100181834,1.0018374160886432,1.2855720515797242
2024-02-19,0.9969958351609611,1.054073484672683,1.0529589787323947,1.0018213225770158,1.2848070372930054
2024-02-20,0.9960596072337572,1.052820492754144,1.0509452291804875,1.001999338919229,1.2851219183493947
2024-02-21,0.9946423243578459,1.0491628133253086,1.049399535710868,0.9985189956365771,1.2827195598681658
2024-02-22,0.9980903449194184,1.0468718170442235,1.0474167520518312,0.9972279383675312,1.2819007506243498
2024-02-23,0.9953722757669136,1.0491537135150373,1.047438174872871,0.9993940337123973,1.2830435602813277
2024-02-26,1.0064113156499108,1.0623814011378616,1.0590644760535823,1.0095416423454422,1.2930777370634945
2024-02-27,1.0117832003133957,1.0646706561705943,1.0650792551956625,1.014617086753913,1.2937738002331807
2024-02-28,1.0099668884986959,1.0628871290566757,1.0635825828061063,1.0137237398678414,1.2927668183715493
2024-02-29,1.0107219567523764,1.0613508721097145,1.0649000418177714,1.012905197948677,1.2939942353299552
2024-03-01,1.0105679132433387,1.058702570218126,1.0625148463196554,1.0142648848620488,1.2891951900671739
2024-03-04,1.0088687275098334,1.0562169511930828,1.0565218570580723,1.0101017793451863,1.2816501761961936
2024-03-05,1.0109655967578504,1.0565784731434666,1.0539219054203444,1.0077229466386888,1.2779878280111343
2024-03-06,1.012144168122238,1.055815734025133,1.0516478242120293,1.0076460113123484,1.2764614410900943
2024-03-07,1.0127246056344412,1.050795362677007,1.0449803060772311,1.0079677418742208,1.2777060696015134
2024-03-08,0.9985617976424502,1.0480516300426994,1.0509111498141153,1.0054174753175182,1.2777685094562485
2024-03-11,1.0145459442585398,1.0624672637148216,1.0680303278712107,1.0014295956570152,1.2523300984005012
2024-03-12,1.033762586598011,1.0609702777282854,1.0817220693767664,0.9994068904069794,1.2358926410748805
2024-03-13,1.038775860339975,1.0647165752749315,1.0832661290845982,1.0006078297591599,1.2381699151445955
2024-03-14,1.0592138692586806,1.0674696865942113,1.0831178610778611,0.9944850103945928,1.2419552804293665
2024-03-15,1.0570359083960974,1.0556653214430793,1.0868164979079677,0.9919766892526979,1.2376595189779624
2024-03-18,1.0705212369384187,1.0547397136956773,1.0981693690018064,0.9906222732264004,1.2006960724247884
2024-03-19,1.0710240208746569,1.0555333523459725,1.092919658004945,0.987048316481516,1.1817974333546781
2024-03-20,1.0734545851043868,1.0616666744756063,1.1002903426990447,0.9911632505846721,1.1864392129426748
2024-03-21,1.0848976515446578,1.0689112277937634,1.107342191793323,0.9918050767080394,1.1805169567563827
2024-03-22,1.0830733988260601,1.0654240965965758,1.1075181630341164,0.9893173035337065,1.1793052343036525
2024-03-25,1.0854957938473142,1.0600859810903294,1.1043037025332068,0.9885301351186333,1.1738174451097751
2024-03-26,1.0857773093542153,1.062052949754184,1.1039573189130516,0.990464449740472,1.1627661050555878
2024-03-27,1.088182482033999,1.066304806057585,1.0992678021010547,0.9912342142261881,1.1600213449378365
2024-03-28,1.0784681238389529,1.0453074376590747,1.090119743977585,0.9878563666438949,1.1581188460703113
2024-04-02,1.0806846131395387,1.049040222725912,1.0968031477028781,0.9917423171415644,1.1500528715977238
2024-04-03,1.0853798346466452,1.0465114699991518,1.0907736293531214,0.9923179005174857,1.150104528068147
2024-04-04,1.0857652869105174,1.0437958203217772,1.0924090560082231,0.9932325909509503,1.149519133519924
2024-04-05,1.0840687763565342,1.0418073806560404,1.0894774845578281,0.9909593768058589,1.1507252590454846
2024-04-08,1.084368500756404,1.040917868540788,1.0899409235045536,0.9901516028685224,1.1478541002503693
2024-04-09,1.092588430221113,1.0414153755165598,1.0886515034879163,0.9876342057854008,1.146823477541435
2024-04-10,1.0939066581909158,1.0444767745903016,1.0903684324538434,0.9877044886141599,1.1462778883597304
2024-04-11,1.095013602064532,1.0477485190346836,1.0936252658359924,0.9948954655574187,1.1467873190169553
2024-04-12,1.0942872227418463,1.0458129740605335,1.0931371533429977,0.9928425155815352,1.1453658262505482
2024-04-15,1.0977479936423986,1.0459885940063045,1.0894548462626397,0.9890237730261585,1.146591263365052
2024-04-16,1.1005112783014774,1.0451032019709252,1.0972344343030493,0.99742903759812,1.1327437146307153
2024-04-17,1.100749117900131,1.0459851089980037,1.0972170620123467,0.9975298189997988,1.1336537872070476
2024-04-18,1.1023936059465043,1.0485223642840018,1.0982866224841892,0.9989156509873025,1.136624483702412
2024-04-19,1.0972586223151157,1.0472399366043306,1.0938207048632982,0.9997546084192641,1.1461548065362521
2024-04-22,1.0949893339745547,1.0459916470970743,1.0906597348759517,0.9882365522038278,1.1502614704260052
2024-04-23,1.0983271447331395,1.049026359610632,1.0923546581874153,0.9894492787681847,1.1527214921710314
2024-04-24,1.0967227260267933,1.0485555865369356,1.0922773817439426,0.9890197353557523,1.1532258540053153
2024-04-26,1.0998742946730906,1.0488363431178052,1.0965726268846985,0.995322215457137,1.139786791482791
2024-04-29,1.0969371247897983,1.0429246014427052,1.0922624886139667,0.9907322282610217,1.1373090831781902
2024-04-30,1.1026090488967963,1.0478210269910166,1.1005726857626708,0.9941566065844293,1.1333201517232634
2024-05-01,1.087612426008242,1.027231641525847,1.087504752067367,0.9787774676972784,1.126969867423823
2024-05-02,1.0865439530761942,1.0237325395785561,1.0850921607779822,0.9771965417449736,1.1278540402140442
2024-05-03,1.084776763772906,1.0252239330944302,1.088707736036611,0.9755252157747845,1.1173019959447517
2024-05-06,1.086026629247763,1.0182315212150561,1.0931876338262552,0.9814604864294194,1.1402541463403233
2024-05-07,1.0907535724347603,1.0109794704713537,1.1069563323290532,0.9636918308081039,1.1531984941000561
2024-05-08,1.0912172040824557,1.0100590669555793,1.1066462684627303,0.9645700543130205,1.1528951708944974
2024-05-09,1.101200885081049,1.0134370557556935,1.1189447764376337,0.9667563652971867,1.1424307680340882
2024-05-10,1.100988763516899,1.0145306575199318,1.1211088796037567,0.9682792465863043,1.1444770665799562
2024-05-13,1.1043388332307502,1.015554056847831,1.1215015293356778,0.9703459769719663,1.145194667458368
2024-05-14,1.1010920996277656,1.016842003719156,1.1233323979837297,0.9733856475495746,1.1454318214551344
2024-05-15,1.1013724866662247,1.0113190285291158,1.117623609289672,0.9720815657552196,1.1387738285498563
2024-05-16,1.1014021343324156,1.019077841592983,1.1128651825748954,0.9790327786075346,1.1504576080807145
2024-05-17,1.0972404480166316,1.010362771898913,1.1029995205200684,0.9733467024903658,1.148309359358658
2024-05-20,1.095053748080942,1.008146768530446,1.1015147945341637,0.9697855131723228,1.153515744009187
2024-05-21,1.095235464152635,1.008371303541125,1.1014447956659124,0.9694391620937766,1.1555100732196473
2024-05-22,1.1017515643251812,1.0100737017555934,1.1041517773775726,0.9714990895133966,1.1498578534107609
2024-05-23,1.0926110582787745,1.0026910779841776,1.1007294789557824,0.9592298682299462,1.1426749394027627
2024-05-24,1.0961098284305912,1.0046226694303524,1.1013839166732253,0.9586469629758759,1.1386658787661592
2024-05-27,1.093987191256389,1.0019279494495141,1.0993182515973672,0.9589019176025837,1.1355197024505748
2024-05-28,1.0924513374280074,1.0008297823276107,1.0995498498185932,0.9553455823484158,1.1361931073500473
2024-05-29,1.0860292613065072,1.0005140628671694,1.1063604816959216,0.9611669187996137,1.1255404660968182
2024-05-30,1.0858323827912133,0.9994225302557248,1.107076108048791,0.9606272698361554,1.1265986527616159
2024-05-31,1.0890600132924606,1.0036544990756142,1.1032203930312339,0.9629990895051949,1.1295257462677633
2024-06-03,1.0964747581512082,1.0087239357236348,1.1128945766761043,0.961173079898087,1.1242210195727975
2024-06-04,1.0958360376022493,1.007295997444514,1.1025527482216286,0.9546562570894443,1.1215986426043867
2024-06-05,1.0953725849565359,1.0048130266896507,1.098646023940779,0.9553044737851267,1.1226426694673919
2024-06-06,1.0980422773517309,1.0027448065796882,1.1009350357705259,0.9564520723484454,1.1222813524680928
2024-06-07,1.0990360321241222,1.003570036525124,1.0990575391948396,0.9551952044573997,1.1211766320636867
2024-06-11,1.0883583124469514,1.0015771797184876,1.0953881709499824,0.9520805216589294,1.1158286168599565
2024-06-12,1.0881367946873066,0.9998341740963296,1.0910817051894532,0.9531829658140001,1.1140598398086867
2024-06-13,1.0895011383999165,1.0002639212038738,1.0914104697974978,0.9506673662738324,1.1080265129142284
2024-06-14,1.087648517068053,1.0026076298416913,1.0894189275963548,0.9536703810025569,1.1075775093304288
2024-06-17,1.084440836808247,0.9995977999933073,1.0849362134435705,0.9488488551388654,1.1106298732649689
2024-06-18,1.0902135852456725,1.0025164266364042,1.080912211417899,0.9536062442137093,1.1247435318095305
2024-06-19,1.0943086290549071,1.004935541983904,1.0791238788379331,0.9539138952224027,1.1136790240493986
2024-06-20,1.096142420955698,1.0063660565631394,1.090501381346083,0.9521725306865909,1.1020933901313235
2024-06-21,1.0929889939601862,1.0033629670787556,1.0892981139294136,0.9390542894489136,1.102121924050785
2024-06-24,1.0911671561271834,1.0015209361714252,1.0857221419756529,0.9413115237537435,1.0957402211536886
2024-06-25,1.0907168506028388,1.0074147118523515,1.077862443288912,0.9292358000033076,1.1040617380895614
2024-06-26,1.0959413804882523,1.0041553443055689,1.0720284979662238,0.9313859568750554,1.1058080524611924
2024-06-27,1.0964785690356291,1.0051959398750197,1.073334877790986,0.9315199853208287,1.1050948427423706
2024-06-28,1.096813755669249,1.005437861483604,1.0738211409707685,0.9314715334602178,1.104868406595642
2024-07-01,1.0986507196495565,1.0090127781308624,1.0750015213939876,0.92850525018166,1.1089272752352615
2024-07-02,1.096115347609048,1.0094701591709327,1.0729205855519262,0.9274206735354206,1.1073473537726788
2024-07-03,1.0944128638301935,1.0057431664930307,1.0707987421177758,0.9241872937500633,1.1066671988608996
2024-07-04,1.0999951561232757,0.9916555593232643,1.0609652178015292,0.9164654637380931,1.0959692978783435
2024-07-05,1.1024427524254918,0.9998509003150075,1.066216053971105,0.9220664237846877,1.1046931149968184
2024-07-08,1.1021828448099715,0.9971589503105027,1.0652680400256442,0.9180059063530042,1.0992016649291305
2024-07-09,1.114749463664839,0.9941149583136428,1.0735335295730193,0.9150778611920037,1.0821660593402553
2024-07-10,1.1174021684044124,0.9928393772429841,1.0752640792189778,0.9108125148253478,1.0804459850533323
2024-07-11,1.121430381045321,1.0083522213294625,1.0776161859369344,0.8953246837648797,1.0598368373461657
2024-07-12,1.1249473761091988,1.0129816088317833,1.0830226573419377,0.8982821172030191,1.0539992517926982
2024-07-15,1.1248531341779637,1.0135308220424255,1.0821505887457379,0.8990423537500235,1.0523533125222995
2024-07-16,1.1267084751209475,1.0170426711712817,1.083182285571175,0.9030318317728228,1.0501735007353667
2024-07-17,1.1204185404067384,1.0162453799736726,1.0780694584160122,0.8961694611908044,1.0572346499855096
2024-07-18,1.1216530870991046,1.0162515521901103,1.0775347373740487,0.8946437877830064,1.0567428640989576
2024-07-19,1.1201093481620228,1.0195493888214289,1.0774380517165278,0.8971233060346386,1.047010644340942
2024-07-22,1.117458284688166,1.0206554495819682,1.0776872153477488,0.8985919564273733,1.0474553917461975
2024-07-23,1.1221107805030808,1.025886534440285,1.0843926958837888,0.9019875596594465,1.0479856690341935
2024-07-24,1.1241039259704828,1.0210221013129033,1.0789269989637789,0.8974395144371773,1.0495056290477935
2024-07-25,1.106493362193762,1.0136314844487049,1.0698330910818479,0.8881100694892552,1.1036371401197749
2024-07-26,1.1017535325512287,1.0130225682563063,1.071962376424467,0.8834502357211389,1.1184567680003652
2024-07-29,1.103872559582058,1.0154369521505353,1.0746458785077233,0.869822796931818,1.1203786649271068
2024-07-30,1.1009570447751105,1.0139724247363788,1.0727221135163723,0.8727203244493729,1.115225371242645
2024-07-31,1.0782309664949667,1.0072590916403967,1.0719562222732053,0.8661824452255423,1.1063301924897975
2024-08-01,1.0736768111175894,1.0032363769653236,1.0715911006124486,0.8674870257895425,1.1070154612597582
2024-08-02,1.085162407666807,1.0394688059756432,1.0764898229613298,0.8671772292221543,1.1041522321425268
2024-08-05,1.1339023253012381,1.0635065173667564,1.0917095350427084,0.9015344273222204,1.1391266553792485
2024-08-06,1.1385577096441808,1.064009250291252,1.0915880791205979,0.8991636921805973,1.1412682529607279
2024-08-07,1.1325293133860923,1.0579818060069999,1.0870921874798496,0.8981610713588938,1.1436679098656863
2024-08-08,1.1309588860714057,1.0554904931971454,1.0853337124225344,0.8965860209409399,1.1440779818792266
2024-08-09,1.1213150887086625,1.0513460406827762,1.079475920687715,0.896286062463908,1.1405985895459458
2024-08-12,1.123246180765732,1.0527928217941709,1.0779104532913377,0.8968136318219828,1.1503515198595011
2024-08-13,1.1260618829370812,1.051045599568134,1.0791805562775398,0.8995415848886952,1.150766539761006
2024-08-14,1.1287419810560546,1.050838293240299,1.085265729323293,0.9002913992655199,1.1515159907162344
2024-08-15,1.1317288773564216,1.0433408484245847,1.0801446045732082,0.9002184380296561,1.1462896060682224
2024-08-16,1.1391330346525201,1.043437946745531,1.076915664473443,0.9011123701105076,1.1370302344271583
2024-08-19,1.1387219437574032,1.0438094495909649,1.068000188839166,0.8987697093466266,1.1415264466634623
2024-08-20,1.1386068396069902,1.043000668160534,1.066938557031765,0.8991984786501164,1.1413015867719527
2024-08-21,1.135360517340934,1.0419141366880127,1.0639398751954767,0.8980701224754924,1.1428956300280992
2024-08-22,1.1336497730473092,1.0397436165613725,1.0602186415111237,0.897852785195822,1.1386079319956806
2024-08-23,1.1331444526891168,1.0333934709348518,1.0630410555419665,0.8984527201510102,1.140158630646132
2024-08-26,1.1340895127173147,1.0380135881632613,1.0717094440988895,0.8996382867337516,1.1421888844330088
2024-08-27,1.1387114884586647,1.0409879740986483,1.072995466204553,0.8988144374426634,1.1409921932656906
2024-08-28,1.1459713124431872,1.0399929072953698,1.079870771469815,0.901301152764121,1.1419210701972737
2024-08-29,1.1449234319459207,1.0376539337892534,1.0761249256484573,0.8982858971805823,1.139432674537077
2024-08-30,1.142443578578298,1.0375227847240358,1.0737983256595296,0.8996227732802059,1.138275734382316
2024-09-02,1.1449415354087338,1.0413701767547898,1.0776626794159743,0.9029165935173543,1.1399479600726856
2024-09-03,1.1448973156202622,1.0413795240385353,1.0767875155780964,0.9028119139370749,1.1395674889163023
2024-09-04,1.1513710225858464,1.048066325763165,1.0761081900131826,0.9036422142859777,1.1115861723268303
2024-09-05,1.1545772444980724,1.0547906326617638,1.0818892649698373,0.9103263619218598,1.124090712604686
2024-09-06,1.1570056351510025,1.0576725051455902,1.0851409795655844,0.9141458580631916,1.1288312959689788
2024-09-09,1.155558787474593,1.0552963775006865,1.0826048337106637,0.9127528049756226,1.1274337836682515
2024-09-10,1.1561002502494273,1.0547635055578322,1.0846415512311298,0.9117660316160475,1.130790122487027
2024-09-11,1.1619626649593129,1.0590131728376049,1.0894935788233386,0.9202194284036428,1.1375790787674125
2024-09-12,1.1598917557135335,1.0525425040151861,1.0882576922414957,0.9203545615969645,1.136709742253446
2024-09-13,1.162507327376035,1.0509643849087416,1.0938165797758967,0.926561913820283,1.1425533441723839
2024-09-16,1.1643112627756662,1.0540203734202964,1.100245546929837,0.9303556147739906,1.1437840959970857
2024-09-17,1.1637961503114636,1.0528680067447382,1.1004135419497976,0.9278680951053391,1.1464027277122466
2024-09-18,1.1644539324492489,1.0541361316914664,1.0989117586005663,0.9299214363008623,1.1489202620807026
2024-09-19,1.1608529963476317,1.043164916693967,1.0857996436693897,0.9244103041384302,1.1447763490302563
2024-09-20,1.1608302913775852,1.0433668134500673,1.0861444458870861,0.9254079746387858,1.1441765758354505
2024-09-23,1.1651965854180006,1.039327300584326,1.082062124418401,0.9256247533396277,1.1406996852404006
2024-09-24,1.1732173162123172,1.0464125251415923,1.0861742811608637,0.9324688877720929,1.1413159847507455
2024-09-25,1.1782310487045347,1.0523134519227668,1.0885903573377809,0.9350316047770615,1.1445252963487056
2024-09-26,1.1673578111779068,1.0471215712271988,1.076441320966554,0.9295929028261534,1.1478163661933878
2024-09-27,1.168108805800716,1.0461417634698693,1.0767296764473753,0.9286065286561803,1.145576389588031
2024-09-30,1.1685505352295096,1.0472708073679275,1.071620515359518,0.9249784012643651,1.1399233427038247
2024-10-01,1.1860534991782061,1.0536526665749466,1.0867791110119385,0.93623541240136,1.1540659543357692
2024-10-02,1.1800675321462972,1.0483368125036052,1.0823563658865911,0.9283185827650289,1.147471077003155
2024-10-03,1.1792316035411283,1.0479214586658818,1.0801802339574802,0.9277236895918017,1.1459872342875366
2024-10-04,1.1815073701548833,1.0503151833575435,1.08333403140011,0.931365772699927,1.146159647451931
2024-10-07,1.1849708426819145,1.0557175622754784,1.0897012355481688,0.9335263587536813,1.1511077862666983
2024-10-08,1.1873832148591255,1.0565959208728468,1.0938965199519828,0.9342318706105507,1.1480731926336325
2024-10-09,1.1916887753420713,1.0580181397463586,1.0986438323489771,0.9359247622746624,1.1442339722180408
2024-10-10,1.1915274808775218,1.0556555548236743,1.096248261391656,0.9357837939021246,1.145070253682392
2024-10-11,1.191983491473547,1.0543319635857937,1.0955664281322233,0.9349766547711448,1.1456214004600185
2024-10-14,1.1930109107914988,1.0544744310078518,1.0939657589222807,0.9371102835979268,1.1427061257680273
2024-10-15,1.1974566090270335,1.0567397523781847,1.097012199618654,0.9369482840481524,1.1391656785049882
2024-10-16,1.1948432871010908,1.0523093109654258,1.0946056351923141,0.9328549687289588,1.1389721243177406
2024-10-17,1.1972310882866972,1.0561529462717143,1.1033825902681167,0.941312696612147,1.1238989670471773
2024-10-18,1.1883794004323387,1.0443365820337405,1.0983276306545118,0.9374993219483456,1.1141319954494475
2024-10-21,1.1890370089217401,1.046625369220965,1.1001336661688024,0.9363397210328638,1.124864475268386
2024-10-22,1.1932088274064951,1.0527107587776054,1.1009998090868585,0.9273224689135054,1.1376904508326253
2024-10-23,1.1925437836901902,1.051872937523385,1.100593717237382,0.9261274763007542,1.1377707004965647
2024-10-24,1.1921530977534782,1.0514423436991092,1.0972741994516746,0.925714566864407,1.1335375264340206
2024-10-25,1.191634286240372,1.05104549890966,1.097158037027411,0.9257348952097678,1.134304680795995
2024-10-28,1.1863964738958062,1.0436895861143463,1.095374593253272,0.9219910291083573,1.137980961007305
2024-10-29,1.1872060681155048,1.044008511706991,1.0948785138881962,0.921902672879649,1.1374528334855507
2024-10-30,1.1911262650367624,1.0496212950739054,1.0962854102329618,0.9253798398656206,1.1452712024409493
2024-10-31,1.187938223581557,1.0440241525261522,1.088888405067807,0.9183734273774675,1.1499349125127638
2024-11-01,1.1867766534122215,1.0449424103675038,1.0854418538962858,0.9190257119526705,1.1604683337513355
2024-11-04,1.1898167982781038,1.0464769456564418,1.0838846782009088,0.918842065108776,1.1583202015932048
2024-11-05,1.1892092089700688,1.0436224179590103,1.081157555258931,0.9172010551153127,1.1602205771565555
2024-11-06,1.1891108372630008,1.0472033274118226,1.0799137802828014,0.9156116221305497,1.1734423143931854
2024-11-07,1.1887604088765116,1.0494542868936654,1.0767272941128296,0.9168370069858711,1.1739995505654022
2024-11-08,1.1897413069108131,1.0431630529959801,1.0772924932083936,0.9156712979418611,1.1662602497613415
2024-11-11,1.1890246668735474,1.0459791173621213,1.0778732759534082,0.9056697993535965,1.1591756887555686
2024-11-12,1.1905601728748425,1.0560922789494054,1.0785857109539077,0.9092568609753748,1.159565744256305
2024-11-13,1.2086021829019222,1.0760931418878417,1.0868810925240735,0.9181921743987818,1.129445724658725
2024-11-14,1.2155907044179612,1.0760613230722227,1.0909557409168948,0.9242507132549249,1.1325932321692769
2024-11-15,1.2185755234356044,1.0784569024558135,1.0956772943425601,0.9330195019574801,1.1269234305523252
2024-11-18,1.217124490858552,1.0779448993908505,1.0957410619319745,0.9326557020375343,1.1267507435663269
2024-11-19,1.2202920714523957,1.078061534306703,1.0919163519778916,0.9250540419497896,1.1234411348600464
2024-11-20,1.2149047424071793,1.0783162228193772,1.094412496031907,0.9254596194614549,1.121937502999129
2024-11-21,1.2142647919524734,1.081129549964957,1.098115923071233,0.9273882765814785,1.1216945349304994
2024-11-22,1.2179186713918677,1.0838088316263703,1.09709483252197,0.9224141735166095,1.121313742774663
2024-11-25,1.2169619745618594,1.0875644581358719,1.092218576427429,0.91690534044165,1.1214762709314687
2024-11-26,1.2332899693111803,1.0888357230473373,1.0962099769986968,0.9221106151179522,1.1134466466868367
2024-11-27,1.238615029970028,1.088918422591156,1.096999399219964,0.9227897073832804,1.1102742970903914
2024-11-28,1.2372089688411745,1.0888382552997442,1.0970490302612501,0.9222484531691841,1.1036840426078616
2024-11-29,1.2365534694779476,1.0908173904298464,1.0964366832628685,0.9244408228513278,1.103206584624281
2024-12-02,1.2368210977446983,1.0913514242315043,1.0979788982048804,0.9278340646087978,1.1036873757766947
2024-12-03,1.2377267296936048,1.1017197762869901,1.1066155120937249,0.9337172979944464,1.1070542258010416
2024-12-04,1.2452149282354066,1.104902290684783,1.1137631930740066,0.9425843416692576,1.1075896497984457
2024-12-05,1.2453637102903905,1.104142189257889,1.1144924292937282,0.942016880686978,1.1059746388934864
2024-12-06,1.2451331297401191,1.1030628054734621,1.119889405008944,0.9399076554882553,1.1090331078090632
2024-12-09,1.2446085656943473,1.1032117426832775,1.1197888014615467,0.9414436760674268,1.1089588228233207
2024-12-10,1.2480094610653938,1.1110719791008996,1.1275087044385343,0.9457200082943176,1.1148296035319432
2024-12-11,1.245732424297491,1.1087656761722509,1.1263801513203058,0.9487278198097702,1.1139855328967054
2024-12-12,1.2562315125174421,1.1235977324576354,1.1435741312725065,0.9553262864455453,1.0916486640320355
2024-12-13,1.257481978465615,1.1242484909277055,1.1410642129328195,0.9516567331704575,1.092192923011372
2024-12-16,1.2533554474136785,1.1209415286257882,1.1349283985935095,0.9484276225767665,1.091977283627425
2024-12-17,1.2600583531948373,1.1269865503154997,1.1352122952785215,0.9512834168857018,1.0915301235979624
2024-12-18,1.2636609812090498,1.1280444895541142,1.1338706940515533,0.9511735096223168,1.0908708438293275
2024-12-19,1.2680553872681666,1.1318496022052718,1.1434367181472576,0.9663227489703914,1.0826609453791294
2024-12-20,1.289912859175417,1.1403924570821653,1.142105858261069,0.9778726647883071,1.0922301294896444
2024-12-23,1.3014117915864867,1.145676285810718,1.1462212612168654,0.9908189381734791,1.094601073538934
2024-12-24,1.3023611684013239,1.1478916180786647,1.1493017647095736,0.9925279853716708,1.0939320048551437
2024-12-27,1.301901255070545,1.1480771959914868,1.1487425882186366,0.9918619043016883,1.0943903102713177
2024-12-30,1.299931910596165,1.1489290714589262,1.1487718293901437,0.9926304860886156,1.095088000107169
2024-12-31,1.304786419454278,1.1545469702115339,1.15305984103134,0.996084847536692,1.092399525519148
2025-01-02,1.3023251671401612,1.1535269342704504,1.1492517719653306,0.9933996398571907,1.0881387160569975
2025-01-03,1.3039780691694298,1.1542750785204194,1.1497542092902309,0.9951225020822746,1.0888306088955033
2025-01-06,1.3027060127088097,1.1560119904211295,1.1521606073157693,0.9978363522710797,1.0875395363575346
2025-01-07,1.305546824884867,1.1539169777992881,1.1536698220740318,0.998746915087748,1.0915697195129495
2025-01-08,1.3085710241856983,1.159892990137314,1.1564155826593985,1.0065215214198369,1.1016191037058711
2025-01-09,1.3071689364464656,1.1596044007943278,1.1553594262752231,1.0059184674463397,1.0939585102295162
2025-01-10,1.3119390615116457,1.1617767941767585,1.1599709385658064,1.004759027670736,1.0969294248425518
2025-01-13,1.3175490272511656,1.1670470084439584,1.1691091807122953,1.0059031903740578,1.1081287434790739
2025-01-14,1.3199732491550757,1.1702436244378267,1.1691074820889522,1.0093523938561508,1.1168651542593702
2025-01-15,1.3197338770049172,1.1694533178798148,1.167042018220921,1.0086525223312799,1.1167231449717774
2025-01-16,1.335424475332826,1.1875224594449494,1.1774573862259545,1.0256658858543037,1.1326081984410559
2025-01-17,1.3426552524267,1.1904667679729175,1.178478741567999,1.0269696080160484,1.1305223464932506
2025-01-20,1.3414515549041934,1.1900864021079716,1.1772632566204624,1.0233952214461148,1.137119159292212
2025-01-21,1.3404839796179826,1.194846525583827,1.1793061269786325,1.0295947391277593,1.133915207197251
2025-01-22,1.3414537541232585,1.19602581531592,1.179819419168939,1.0293464400770258,1.134254565218678
2025-01-23,1.3391591543483297,1.1965952321678008,1.1771284119157317,1.0272440974970611,1.1332800366986189
2025-01-24,1.3382065246680772,1.195599443241977,1.1753606647515351,1.025531891745312,1.1324426849316873
2025-01-28,1.3381649881372104,1.194767401574104,1.175334252149825,1.02483304468559,1.134578253948084
2025-01-29,1.336010109334342,1.1873365951162516,1.1727370776933284,1.0204135524229196,1.1343628595970567
2025-01-30,1.3228857878601306,1.181186489220025,1.1687576597566962,1.0205946875694918,1.1384728866004403
2025-01-31,1.3264755854860724,1.1888691413965127,1.1734282926305877,1.021386503832591,1.1368961685506405
2025-02-03,1.322241047846847,1.2026321883928837,1.1811934812658627,1.0211066436868335,1.134892209209654
2025-02-04,1.3211494180796288,1.2039783498548515,1.183702153890608,1.0282041780667797,1.1324316366845448
2025-02-05,1.3220432311929338,1.2065997904779262,1.183454826514291,1.028359075260717,1.1167168704136554
2025-02-06,1.3285819779147412,1.2143976813614952,1.1888181080159643,1.039285299450634,1.111384603263507
2025-02-07,1.3284532489642515,1.2132837394830955,1.1886480948135443,1.0388950308943912,1.1121614222463034
2025-02-10,1.3270278865005254,1.2179051781861792,1.1909631133288239,1.0447786029648176,1.1102622396858384
2025-02-11,1.3277821859221166,1.219646671753951,1.1912352866219906,1.045900460682734,1.1082974164692743
2025-02-12,1.3292387244015238,1.220904932895236,1.1865945384318177,1.0421516412131409,1.1162772128895102
2025-02-13,1.3352084271555544,1.2206564564641362,1.186541272460754,1.038478324714164,1.1027099857268166
2025-02-14,1.3299320692545578,1.2208408404825082,1.1868641892780512,1.0385012877032676,1.104489206185099
2025-02-17,1.330016626029682,1.2227034791697988,1.1942062617734297,1.0388877183926284,1.1027900625457057
2025-02-18,1.3335205590159054,1.2326340017818487,1.2078625018415658,1.0437480203348113,1.1035699540816504
2025-02-19,1.3361855532300497,1.2734622608449369,1.208436706126777,1.0540189769307886,1.1039745675076393
2025-02-20,1.3414662759304634,1.2901274162182461,1.224186381519866,1.0710027607171242,1.1020575955015985
2025-02-21,1.3484908220161511,1.2874682824611197,1.2258343157557936,1.0724812135760027,1.1049793701546957
2025-02-24,1.3504759044820924,1.2896232771829013,1.2262433064013296,1.0747790205999788,1.105824392873279
2025-02-25,1.3524296805995106,1.292474975071517,1.2226866948570103,1.074733368357391,1.1069615008292244
2025-02-26,1.3523687719293918,1.2926316890510727,1.2223844375842658,1.0739344659530297,1.1072896201135194
2025-02-27,1.3526930006051285,1.2940904256319266,1.222580444078919,1.0767089221588426,1.106242658220745
2025-02-28,1.3372152059376787,1.2853312966292936,1.2075594311872762,1.066786531109972,1.1160913706439273
2025-03-03,1.33109616042207,1.2785482221179474,1.2009582756395814,1.0600794047580293,1.1095335383111362
2025-03-04,1.325633242199595,1.277875323542244,1.1973751099830288,1.059456666196596,1.1121312299642883
2025-03-05,1.325607506941041,1.2802091200494041,1.1983548660321575,1.0598170010595045,1.1148974898963562
2025-03-06,1.330819958062223,1.2812530145522671,1.2041378718881663,1.0583193986462065,1.1160011742231872
2025-03-07,1.3417085068601124,1.2553908860675862,1.1955209929024304,1.0604180590421992,1.1533409931561165
2025-03-10,1.3349587581134434,1.2426074521369996,1.179086235205061,1.0600875599835595,1.1684602912417474
2025-03-13,1.2797647844321756,1.1897228356480334,1.1480354979559932,1.0109219359789674,1.1321998801869613
2025-03-14,1.2735787092760071,1.1861538137687024,1.1429749213960574,1.0059506652418977,1.1317799464965164
2025-03-18,1.2619405138747324,1.1625395657520783,1.1365366169681839,0.9986690072406228,1.1085285374346818
2025-03-20,1.2682778473657659,1.1716147847027458,1.1382344247851497,1.0051612357297952,1.1274877712127525
2025-03-21,1.2676106700188388,1.1715111752503995,1.1382739306012875,1.0052771775160174,1.1265007969226488
2025-03-25,1.2706503806496172,1.1725389294629618,1.1393486853724946,1.0035951403108485,1.1311116394452856
2025-03-27,1.2691604092411333,1.172493825744595,1.1396483474312342,1.0029010014015511,1.1274914781241743
2025-03-28,1.2649834080757347,1.1625133879149363,1.1359668178141422,1.00336702307773,1.1263581940873701
2025-03-31,1.2341054433492165,1.1428187023776315,1.1238897441438387,1.0050294406300377,1.1437910662514623
2025-04-01,1.2338418723972298,1.1461693579474939,1.1178074888975802,1.0077261846469343,1.1416842451017852
2025-04-02,1.2350955862507031,1.1470175567196388,1.1172693057297578,1.0083435885979095,1.1443706351392302
2025-04-03,1.2195237060227424,1.1476043159630898,1.1194249351858923,1.0106407554726407,1.1597563602885885
2025-04-04,1.20373710176472,1.1328451674578324,1.1198961735084374,1.0337456178336637,1.2641665394432189
2025-04-07,1.2352933989073618,1.125359542528088,1.1443447486162137,1.0441898112528707,1.1480735106381381
2025-04-08,1.2311781273262938,1.1064558907723199,1.1306571438614808,1.0234519325576747,1.163468788094512
2025-04-09,1.2049468866365705,1.0949915259453817,1.127258544234904,1.024847069863748,1.1878948299426157
2025-04-10,1.1594559904135404,1.0938558270893661,1.1229614190296653,0.9990504844224246,1.1896039923843102
2025-04-11,1.155642963171186,1.0972667275715133,1.1273418064904603,1.0027092376219373,1.189953649076867
2025-04-14,1.1554517675221974,1.0935861956448631,1.126001727393416,1.0048848511667108,1.1809391836989387
2025-04-15,1.1575067326427633,1.0944851185405629,1.1270929381462709,1.0059554254020577,1.1821779748449073
2025-04-16,1.1554463230234315,1.0930969915895634,1.125131381691563,1.0033799156894245,1.1818001235523738
2025-04-17,1.155767290017364,1.0881335093941684,1.120540233578244,1.002621197472817,1.1789948183963377
2025-04-22,1.15227996789322,1.0878782541637058,1.1229021326047417,1.0043497630730778,1.17816669404273
2025-04-23,1.1222260613743622,1.1021529144162547,1.1201020032886086,1.0050132371415843,1.2120354412851377
2025-04-24,1.1213890084486053,1.1016117480420888,1.1211606753818617,1.0079255892544958,1.2129274001961896
2025-04-28,1.1184768355256385,1.1029179437492542,1.121779149356786,1.009628670319209,1.2110455994091682
2025-04-29,1.1146427261777712,1.1009259536121423,1.122545004176754,1.0087173618261103,1.2072083086714407
2025-04-30,1.121404227797036,1.1009332611657605,1.123607652704663,1.016186714941249,1.2000484082677088
2025-05-01,1.1195351375153553,1.0985488717589529,1.1224337452357973,1.0146780164807585,1.198049593749071
2025-05-02,1.1198678909364739,1.0993004469797263,1.1259105213469704,1.0200683339183605,1.2050051106927782
2025-05-05,1.1209541706922432,1.1036143410893577,1.1332877373050425,1.016257033099421,1.216429973592876
2025-05-06,1.122165114190682,1.1068047775652174,1.1373582831406268,1.0188143223896147,1.2172532280861137
2025-05-07,1.1205538100960186,1.1084472462334294,1.13609357048544,1.019068505542696,1.2188614596787568
2025-05-08,1.1245853683569282,1.1186865445951795,1.1383370960599026,1.0230551674071875,1.2216041195681764
2025-05-09,1.1246535313068198,1.1173326539859911,1.1417006216318084,1.0184159966552366,1.228058913889164
2025-05-12,1.125992840987582,1.1179777943774665,1.1392380812725105,1.0177982766640197,1.2366715917856257
2025-05-13,1.1216367179925626,1.115982393993822,1.1359488509936377,1.0165154769245386,1.2424235943242938
2025-05-14,1.1201695724839917,1.122904395491295,1.1269534936238166,1.0285656027030647,1.2376533849268476
2025-05-15,1.1208921863201629,1.1243155911073697,1.127577498177592,1.0293475639012952,1.238757710253819
2025-05-16,1.1120273659493072,1.12446675872138,1.1188393430631205,1.026156245391015,1.239649371205821
2025-05-19,1.1077064277424105,1.1233272272990262,1.1180450686562438,1.0285765724930713,1.2414925104416648
2025-05-20,1.1065727893983377,1.123972646873567,1.117396308218609,1.03081582812171,1.2450775149937612
2025-05-21,1.1093029907603946,1.1257353200099134,1.116399574711425,1.0295969503992983,1.2464986176397026
2025-05-22,1.1116886279755835,1.128120732664239,1.1193886945529539,1.030801780041142,1.2532940326501065
2025-05-23,1.1118854456704412,1.123900732787762,1.123409708933004,1.0275497306637054,1.2466781418271256
2025-05-26,1.1110957053158552,1.1282357118513162,1.1286775053250255,1.0299392580746893,1.245421664403596
2025-05-27,1.112070173568571,1.1295192139875119,1.1315551208123191,1.0337306760609353,1.2443389433239918
2025-05-28,1.112934355407132,1.130506601024713,1.1328836273719138,1.0348256656223216,1.243903723660257
2025-05-29,1.1128426446049404,1.1307920596848118,1.1332286941730134,1.035396107559683,1.2454521851901856
2025-05-30,1.1127490440196115,1.1304706315422954,1.135660398798087,1.0346403307200913,1.244072964285979
2025-06-02,1.1092372031570144,1.1307143033500286,1.1373597238455908,1.0356935509436391,1.2484815514646834
2025-06-03,1.1104635010044368,1.1326279292730919,1.140179916612791,1.0364555356679195,1.2499743786740374
2025-06-04,1.11235250446909,1.1337042057905755,1.1418526025643596,1.0381724582271643,1.2506887006887661
2025-06-05,1.1099921112704916,1.1310140852117185,1.1346804916572606,1.0300899671046215,1.2532234967316176
2025-06-06,1.111498631925069,1.1314159876755534,1.1352460548179626,1.032587066238245,1.2529848010610898
2025-06-10,1.111380113903319,1.1349149672646401,1.1398404022426056,1.0329043174050843,1.252445928733071
2025-06-11,1.1094478372570427,1.132006621620935,1.1335958718898045,1.0313321574584906,1.2538857314741014
2025-06-12,1.1123848223416868,1.1330031521952193,1.1361339581478385,1.0324188599913469,1.2575095787564874
2025-06-13,1.1126461192860488,1.1326844073880742,1.1366735580154068,1.0323200870991869,1.257977252343142
2025-06-16,1.1117703335799967,1.133344042863387,1.1369059018242624,1.0312858798317075,1.2574194558372938
2025-06-17,1.1121043515485465,1.1333112121145557,1.1387260895728386,1.0316970033205477,1.25786169665747
2025-06-18,1.1184072489426116,1.137175069539363,1.1420236750590038,1.0366949065406386,1.2608946339832636
2025-06-19,1.116575108515796,1.136886565119946,1.142545101223918,1.0367161177448627,1.2605864714216903
2025-06-20,1.1155260081442901,1.1367605091165605,1.1437728362562143,1.0411914206989832,1.2656345129641207
2025-06-23,1.112796866122382,1.1368635479340652,1.141446517732214,1.042380693324735,1.2640904650647853
2025-06-24,1.1179970845566576,1.144795183412126,1.1508871959440161,1.0457182904262066,1.2708258197217106
2025-06-25,1.1138894856291421,1.1396832544504563,1.152380237219032,1.042794017383004,1.2634723168121431
2025-06-26,1.1134643213265343,1.1404796496456513,1.1519795477848405,1.040551601346844,1.2648503158698914
2025-06-27,1.1187779007471053,1.14295890994897,1.1553850243699455,1.0435522079396564,1.2600185792276695
2025-06-30,1.118405432311292,1.1433118755248055,1.1553096643116938,1.0447690922323414,1.2640199309573867
2025-07-01,1.1193940428549458,1.1440634513406673,1.1579852098936032,1.0431154661550734,1.2697768089177404
2025-07-02,1.1198562061149306,1.13460218683444,1.1568516284129582,1.0470829275290796,1.2662632921433297
2025-07-03,1.1179753376221708,1.1338446649952398,1.158059298073457,1.04456911084392,1.2700314062375033
2025-07-04,1.1172314422127754,1.1332697288247224,1.1572904401749278,1.0442076936104427,1.270416072490792
2025-07-07,1.117069541562314,1.1332690768860345,1.157566949790305,1.044824308540497,1.270378574926485
2025-07-08,1.1156919442045574,1.132823227861957,1.1578026662107632,1.0462871027243141,1.2695915863681204
2025-07-09,1.11413620129412,1.1285248615941832,1.152878382926908,1.045115085315174,1.2776772693607563
2025-07-10,1.1151508175241964,1.1311791404809817,1.1526365257769675,1.046473999717652,1.2767239599740547
2025-07-11,1.111984614940949,1.1342789451614852,1.1563828756728949,1.0458991302643954,1.2834195735778244
2025-07-14,1.1117715818365546,1.1329342796903021,1.1565547684372903,1.0471998526204334,1.282986319738063
2025-07-15,1.1118418710350793,1.1334393196015187,1.1586399826164908,1.0519274136445362,1.2891235826557528
2025-07-16,1.1106368135237914,1.143401606658907,1.15677044046215,1.0451530543911767,1.2965924870152254
2025-07-17,1.1141491555118475,1.1440779705236888,1.1568583711720088,1.0480682147573248,1.2954211673534561
2025-07-18,1.1092141373929811,1.141895417447541,1.1618686694214397,1.05744283684458,1.2979028107066253
2025-07-21,1.1169134848184492,1.1442616388854212,1.1772847067972558,1.0660390651651244,1.3028425257187435
2025-07-22,1.1163428189852742,1.1434035649823344,1.1773661280996737,1.0656620035417808,1.3048459214101815
2025-07-23,1.1151278532041191,1.1414459836745685,1.1802405725892815,1.072447136047312,1.3032258599217024
2025-07-24,1.114652848511696,1.1370707175825507,1.1776594310862882,1.0730222007680177,1.3071643582304766
2025-07-25,1.1135392732066491,1.1367099361699937,1.1788748214324465,1.0746346609440702,1.3053771117049755
2025-07-28,1.115023632543284,1.1360169666149997,1.17914750513823,1.0732456370282606,1.3123340150803993
2025-07-29,1.116605533637469,1.135344145061985,1.1792381237599592,1.072694890510275,1.312944300581401
2025-07-30,1.1179033166898724,1.1338629678985637,1.1812285949191497,1.0740786777900428,1.3162824658737924
2025-07-31,1.116959752457832,1.1328848444081974,1.181382164374848,1.0732513884665897,1.316374112253408
2025-08-01,1.1300994839690377,1.1379232902448644,1.1879661329708306,1.0711787306075091,1.305599549844043
2025-08-04,1.1322807409978546,1.1396365850212322,1.1882942196998945,1.0769909360113818,1.303486079843363
2025-08-05,1.1304202353669417,1.1394910365556528,1.1859984956091467,1.087627818913689,1.2984312248962497
2025-08-06,1.1339236490684996,1.1393352411725324,1.1873199712332978,1.0826621820077638,1.2976779208964389
2025-08-07,1.1434578553254138,1.141798160345674,1.183014775998073,1.0823413732520628,1.3075158077504707
2025-08-08,1.1462708576123226,1.144942199695999,1.1850960877662369,1.0817501815767594,1.3065506863512097
2025-08-11,1.1418039404771303,1.124621168667553,1.1887188984503227,1.0897070348610307,1.312393319652153
2025-08-12,1.1022559188219945,1.1145295871058707,1.1870765304268927,1.0833446794027108,1.3017123703158218
2025-08-13,1.119776641250271,1.1225432349102427,1.193269468390989,1.0832518878300526,1.2986373011330672
2025-08-14,1.114468099713987,1.1280104780215343,1.2129174493584278,1.087757715090346,1.3011362203905343
2025-08-15,1.1164778150921904,1.1318125252037357,1.2202596042010925,1.094582082049983,1.2992756097456426
2025-08-18,1.125813863848967,1.138046742104073,1.2271233909274388,1.0946025164240638,1.303499772229722
2025-08-19,1.119606743081754,1.1294852899500323,1.22038885377833,1.087132583002625,1.2940257944462794
2025-08-20,1.1228417149020975,1.1363540207126153,1.224117477037527,1.0895345284005165,1.2938141780114283
2025-08-21,1.1176319368316352,1.1352802970440043,1.2218260435267185,1.091608453387965,1.2956213384134354
2025-08-22,1.1173001397285538,1.1318001142943175,1.2151686836132214,1.0881678891463193,1.290923367085618
2025-08-25,1.110233436344755,1.1321649496130788,1.2191127191496927,1.0890481538924364,1.3003050819882498
2025-08-26,1.1109277326481948,1.1293382095725901,1.216818791812964,1.0898326908959033,1.2994805493192312
2025-08-27,1.1110383946701063,1.1294196791947195,1.217591277092178,1.0900008562209504,1.2994936465904612
2025-08-28,1.115781352826575,1.1334748330041995,1.2200624640868387,1.0914769747078676,1.2992133379401265
2025-08-29,1.1172157455584348,1.1337557199318993,1.222117769402864,1.0917434524042469,1.2995090526592021
2025-09-01,1.1184181119116132,1.1340643486946933,1.2234755971405942,1.0898667877300354,1.300270800795246
2025-09-02,1.1141549871215557,1.1259369594171362,1.216512011446859,1.0880853005492697,1.3007221560874074
2025-09-03,1.1309813642498228,1.1287379344207635,1.2340247323805902,1.0908792038612476,1.3032580091253072
2025-09-04,1.1361272642614524,1.1333488830848197,1.2374899612230963,1.091133013863598,1.3067346785001157
2025-09-05,1.1355539255860179,1.136198541957469,1.2401499962642906,1.0918732838902412,1.3079883234246081
2025-09-08,1.1356712935901883,1.1373881260602134,1.2415189977025858,1.0913578097554104,1.3088517867705864
2025-09-09,1.1366840800246616,1.1349578247378653,1.2414075332942625,1.0896135815659336,1.309806124176728
2025-09-10,1.1386935843110955,1.1369539585228743,1.2437115645215682,1.0917206216342599,1.3107545726852219
2025-09-11,1.1343756742125362,1.1325991453146917,1.2456029394447732,1.0990049128639052,1.324417653609015
2025-09-12,1.1352601095522126,1.1317811651436869,1.2453979760613143,1.0942983033390328,1.326640549170286
2025-09-15,1.1336105101814313,1.128846629787465,1.2420411688174702,1.091927194581067,1.3223850911206592
2025-09-16,1.1324186349782148,1.1293417049485546,1.2417669999572454,1.0894466181813767,1.3227807151401514
2025-09-17,1.1291510202181447,1.1334436233082907,1.241116418473509,1.0854703376466734,1.321746873042579
2025-09-18,1.1334339884017282,1.1266367616550568,1.2326048784671109,1.077809518436169,1.3137540437317137
2025-09-19,1.136346686371877,1.1322799195360942,1.2332897459308452,1.0777585196663995,1.316542223698419
2025-09-22,1.1364543856139788,1.1330550132872321,1.2337826758882828,1.0778312993611046,1.3148526116850807
2025-09-23,1.1362585891401134,1.1328373261915055,1.2316278287076534,1.0787884341329046,1.3139930049254784
2025-09-24,1.1389954457877636,1.1405709360520517,1.2443956730026946,1.084058594407078,1.3179810650857964
2025-09-25,1.138820727014894,1.1408814072088096,1.2447085953755401,1.084104598966076,1.317674705641249
2025-09-26,1.1401102035958843,1.1434370942544856,1.245666405745817,1.0823568549872586,1.3173929323143736
2025-09-29,1.1460827287210105,1.145835362529725,1.250339754941659,1.0853958070288285,1.3191841826387314
2025-09-30,1.143761979027731,1.1500928709718272,1.2546198828688389,1.0866677742704398,1.3236809937665142
2025-10-01,1.1403923823197437,1.1469764625659409,1.2524216258433067,1.0845920142067205,1.3248473536187018
2025-10-02,1.1392716214012677,1.1403866981018245,1.2495029567938896,1.0883560712530533,1.3158950005028636
2025-10-03,1.147509915472564,1.1444358473914396,1.2594993533364998,1.0956882217075607,1.3157408421586723
2025-10-06,1.1478009842481804,1.1450351916085293,1.2600566506558222,1.0964614611209242,1.31587725953764
2025-10-07,1.147765527918159,1.1438512029447492,1.2643803496953079,1.0975155999552368,1.3209261072372183
2025-10-08,1.1439693534135258,1.1452405731639503,1.2605434527666268,1.0954403418738117,1.3176958749366035
2025-10-09,1.1428205720992524,1.1427096279855204,1.2593727166776747,1.09666951959592,1.3167366553601878
2025-10-10,1.1419489573253527,1.1419360741902944,1.2592882631178586,1.096382376919432,1.3173540616897972
2025-10-13,1.1443525617276369,1.1434347881545868,1.2539328312721165,1.0685481052531174,1.3348821175629544
2025-10-14,1.1407959590589565,1.1378287209973594,1.2476390029098499,1.0663776615731448,1.3323403672020928
2025-10-15,1.1435452666297614,1.1440727005584872,1.253817460354254,1.0644532045742092,1.3354627822089806
2025-10-16,1.1421922972649856,1.139992288759089,1.2465949544411405,1.069341297499618,1.356314575900597
2025-10-17,1.136918125854992,1.1420890177235423,1.2481652272781414,1.0679636420355092,1.3548100785777566
2025-10-20,1.1413349718998091,1.143402482497575,1.2500300426594488,1.0681955297166885,1.3540104123781422
2025-10-21,1.1391464866900018,1.1377081483945204,1.2455640650524626,1.0650080787858545,1.3524382137449382
2025-10-22,1.1297423551173413,1.1304309927365939,1.238072446249518,1.0597570975267832,1.349550136636139
2025-10-23,1.1321831404638043,1.1338547070044769,1.2411901509056016,1.0632970218753102,1.350931181790754
2025-10-24,1.1300590079689994,1.1300942636995654,1.2334498899079396,1.0622598564911085,1.3532984979279368
2025-10-27,1.139857338208536,1.1372513698973712,1.2372842565892306,1.0635974480358523,1.3595285475558787
2025-10-28,1.1323968693795188,1.128097972935071,1.2348511708576098,1.0644082192407933,1.3532618093951845
2025-10-29,1.1349011741784245,1.1354449811459248,1.2500790103835622,1.0708463605753946,1.345651265254672
2025-10-30,1.132962531484001,1.1322322200924506,1.2478916847784842,1.0700423580456448,1.3475243747104584
2025-10-31,1.1339512902020514,1.1331698490821764,1.2476603351838644,1.071683236757023,1.3489891983614353
2025-11-03,1.1352461066105715,1.13362346447013,1.2493155132468698,1.0721229459991564,1.349000035172776
2025-11-04,1.1346651134175612,1.1308871578176003,1.2332257091505194,1.0689111393978483,1.346054543494173
2025-11-05,1.1321447445899395,1.1284037089714232,1.2341202787065375,1.0688349469768474,1.3466384352892642
2025-11-06,1.1341115638834949,1.1179523741363886,1.2359241123485316,1.0674946761015056,1.3492272055909198
2025-11-07,1.1379531203531772,1.1125035055744965,1.2420290656166932,1.066805981883195,1.37258243999751
2025-11-10,1.1314262431967965,1.1032396623607161,1.2457341832811974,1.0785595928641836,1.360627117936681
2025-11-12,1.134794732348964,1.1003963864811215,1.2454231617970724,1.0738037930154698,1.3662456931046743
2025-11-13,1.1300323988611782,1.1031093118742987,1.2441771696506663,1.0809796145021962,1.3602472576791773
2025-11-14,1.1320634056641405,1.1017891274308476,1.2438807093228395,1.0933288297456218,1.3505731239639567
2025-11-17,1.1300717032476382,1.1025048065242684,1.245376736465682,1.0910922658003839,1.3476166899788662
2025-11-18,1.121522542796747,1.1027823720566985,1.2483136919194358,1.0746907176058664,1.3427477364490379
2025-11-19,1.1246157578680462,1.1060414881481546,1.2500937932154879,1.0785395222843939,1.348287361987909
2025-11-20,1.12249220393317,1.1058540328765447,1.2464367891742714,1.0754953750489507,1.3549078896633349
2025-11-21,1.1057436343643308,1.0938134346125323,1.2455504919212412,1.0705322493332519,1.3330009549655046
2025-11-24,1.1005135014130043,1.083587635657137,1.2487646508533392,1.0590117557174463,1.3169918066750066
2025-11-25,1.0965496285560417,1.0810446749661944,1.2445050144150516,1.0509448317786698,1.3207755383710664
2025-11-26,1.094800021886651,1.0740805871891101,1.2371081079625046,1.0499237136046866,1.329587694403772
2025-11-27,1.0912775860684352,1.0741059949812746,1.2405899320701033,1.0566693631662771,1.3324298703580006
2025-11-28,1.0958781890450886,1.0747754577726447,1.2394975240697448,1.0576213471722529,1.3333999837691943
2025-12-01,1.0957064365861644,1.075056700275825,1.2409043827617643,1.0602149302721728,1.3319230511733167
2025-12-02,1.0915529771481696,1.0730146271246856,1.2414866868378176,1.0646509773353316,1.3313856913585216
2025-12-03,1.090616570610375,1.075776160779531,1.2445627521974605,1.0685357824482882,1.3333830209370165
2025-12-04,1.0789083989615738,1.0736760500089397,1.24263852027545,1.0664062171113684,1.3415871444649257
2025-12-05,1.0746564520045194,1.0759845924986415,1.2441647857046234,1.0673917886416096,1.344311479198487
2025-12-08,1.0734633570229386,1.075450742509806,1.2431322129362585,1.0683839058864322,1.3440619587492095
2025-12-09,1.073821479300552,1.0704479757251355,1.2431841827430667,1.0656660513109308,1.3444917345208425
2025-12-10,1.0743486738267194,1.0702312386865496,1.2439241588296228,1.0651513041473422,1.3449478142520208
2025-12-11,1.0766144809170306,1.070423706141475,1.2438461221649098,1.063800654368485,1.3443436850627852
2025-12-12,1.082021995887538,1.0715368770713491,1.2399001117137372,1.0594511384180696,1.353013727767108
2025-12-15,1.0807468579897914,1.0677649596910745,1.2348261901301198,1.0508945006278223,1.3510891135153118
2025-12-16,1.0798207747174002,1.0675629232749766,1.23355403337234,1.0529500693391525,1.3476304412862898
2025-12-17,1.0805518980282738,1.067993482278607,1.2334673531935738,1.0528807131492757,1.3479665541766543
2025-12-18,1.0789111654524048,1.062200650699296,1.2298685890879806,1.0493163458008812,1.3447744722306292
2025-12-19,1.0831829955397756,1.0640786488553402,1.2321345187212145,1.0454693721250417,1.3467942862736442
2025-12-22,1.080079919982711,1.0591891746779487,1.2252766518937614,1.0441945255475564,1.3450079678857958
2025-12-23,1.088885352856872,1.0581670992771495,1.2277885036626697,1.0445536375768325,1.3487783251266965
2025-12-24,1.091605396624694,1.0605239567644345,1.2326093606401023,1.0489534990272527,1.3488189693533401
2025-12-29,1.0886634275571347,1.058353096931711,1.2340300364914185,1.0475144033632493,1.3486647301352572
2025-12-30,1.0881632837970925,1.0580437618537024,1.2343905966597408,1.047399466543644,1.3486467361807966
2025-12-31,1.08288917595441,1.054723869285152,1.230828794975962,1.038444013430146,1.3595983975984902
2026-01-02,1.063986432105758,1.0470196400179501,1.2337803828837803,1.0293678232200432,1.355291989735052
2026-01-05,1.0521135756816147,1.0434271794931118,1.2351552643231447,1.0232167522082822,1.35562272375815
2026-01-06,1.0607829618971494,1.049625876292916,1.2407568169996601,1.0283779367269843,1.3486800919506976
2026-01-07,1.058974450242624,1.0481702364381158,1.2391741964316925,1.0280322507186102,1.3482770736427467
2026-01-08,1.0578120420660846,1.0488475431676931,1.2405013043419848,1.0285678055433425,1.348969576893779
2026-01-09,1.056560166098779,1.0498460517755475,1.2431898916910458,1.0294571275428501,1.3511317629171198
2026-01-12,1.0577500705615044,1.0530491248060334,1.2439756664503998,1.0326622835233823,1.3512382193947445
2026-01-13,1.056234455135329,1.0565509811946103,1.2454727936672632,1.035074097344588,1.3486134229814422
2026-01-14,1.0552306033190573,1.0555834786977183,1.2449893830682146,1.0348415896667922,1.348864926111325
2026-01-15,1.054352413046361,1.0578727066961995,1.2446919852850722,1.0400006158398343,1.3452651699328726
2026-01-16,1.0502981360608985,1.053794393196877,1.246108312321433,1.0359007627341072,1.348515780215264
2026-01-19,1.0504425846151588,1.0552493700953924,1.246099354401085,1.0356066303168883,1.3523738947385402
2026-01-20,1.0516666438275915,1.0541175174079442,1.2433593345761462,1.0383024186429244,1.3544878141959233
2026-01-21,1.0498057756575745,1.0521764575007875,1.2394423014549563,1.0421276780506483,1.348580391923692
2026-01-22,1.0596517608936349,1.0641495871016577,1.2470277845617852,1.0415940628881828,1.3573972140710417
2026-01-23,1.0588055780140162,1.065311913487347,1.2474035822646035,1.0424938720939059,1.3569743401019723
2026-01-27,1.0423448740246684,1.055246284667791,1.237301384400688,1.0320867431492389,1.3512401380647552
2026-01-28,1.0405510858823863,1.0527320651281846,1.2353398532365423,1.0299306661320902,1.3523685096277922
2026-01-29,1.0405358028886664,1.0515677775510042,1.2364752267505996,1.030098213311145,1.3489839758748634
2026-01-30,1.034984823448472,1.0397896852541255,1.2269467059709616,1.0190422080443284,1.3447480873456146
2026-02-02,1.0166788562704074,1.0379439284993925,1.2162608165056232,1.0116321381337874,1.335914439246039
2026-02-03,1.0203749321254267,1.0351667785073337,1.2183859569434485,1.00879393931494,1.3466812439902358
2026-02-04,1.0288685473421342,1.0407095069901022,1.2211555477554195,1.0094493827274633,1.3352645015223088
2026-02-05,1.0237332710510374,1.039743568860115,1.220768124913076,1.0052910161590907,1.3340632947518969
2026-02-06,1.0023178008917095,1.0378981678965282,1.205672465212723,1.0002653670934216,1.3263103488473171
2026-02-09,0.9767895696015799,1.02259305790931,1.186407478367271,0.9916711926050956,1.3156037340618776
2026-02-10,0.9788181207248002,1.020802756333046,1.1923816858316139,0.9998982775203934,1.3125268398905239
2026-02-11,1.0327988251260785,1.0322834115465898,1.2020076880997894,1.0002518215149163,1.3273632810749258
2026-02-12,1.0415738796642149,1.0355504401612992,1.2043703229258569,1.014428213094209,1.3253166337954794
2026-02-13,1.0418125731582648,1.0329401075820566,1.200738551389179,0.9926261854246028,1.328873748919404
2026-02-16,1.0337911925976204,1.0227316650257865,1.1959641846884312,0.9795586612810796,1.333997654329991
2026-02-17,1.0332231616308478,1.0224684782850275,1.1960970632697316,0.9783351802781096,1.3339894556669916
2026-02-18,1.033886844912453,1.0350056836682926,1.1940910576075046,0.9739915829101364,1.3317840031664154
2026-02-19,1.032734767034048,1.0423982410939296,1.2022486582345484,0.9802023036257532,1.3341368751123788
2026-02-20,1.0265935112004994,1.0389196587189697,1.200311544233506,0.979400031019058,1.331539979536494
2026-02-23,1.0268472825737895,1.0402833364349429,1.2023098306168567,0.9861160103188934,1.3373958320420702
2026-02-24,1.0277611180106658,1.0409369721599626,1.202241931733358,0.9862909833634732,1.3382789420640047
2026-02-25,1.0190431390591066,1.040827266462975,1.1907889817320385,0.9802112770787197,1.330749770321335
2026-02-26,1.0116173584532162,1.0309229006012368,1.1777918143178197,0.975709649246406,1.3325564679619948
2026-02-27,1.008089569391211,1.001519297293936,1.1778465550414328,0.9713840379414779,1.3366574569484222
2026-03-02,1.001318257997255,0.984565155227975,1.1645300930319544,0.9561668217635603,1.3392432199201423
2026-03-03,0.9833929240841721,0.974452705621148,1.1516506088214513,0.9422740799729017,1.3357269731287276
2026-03-04,0.9742512438189056,0.9758876669273966,1.1455409049995815,0.9633905997495581,1.3336433155329126
2026-03-05,0.9697679067623017,0.9746946789507804,1.145801595619752,0.9568405051336869,1.3462216262322422
2026-03-06,0.9654682783639423,0.9760567437440704,1.14511790963239,0.9542347755878399,1.3335387632528843
2026-03-09,0.9507871144656275,0.9593688633568012,1.1293078176229778,0.948253146431889,1.311205170465697
2026-03-10,0.9612021466466374,0.9660855177744927,1.144481920998004,0.9544316022116959,1.3103574979122303
2026-03-11,0.9640876702008406,0.9717112670211588,1.1491013801999346,0.9632022031257413,1.3167882261366948
2026-03-12,0.9625877475515646,0.9765863655720649,1.149914151114573,0.9731421955673758,1.3221649309686176
2026-03-13,0.960089110193844,0.9717826235216398,1.1472816990333947,0.9713133061744526,1.3206300765804224
2026-03-16,0.9543582956576226,0.9718103951243557,1.1457300606688459,0.9694053639000052,1.32087949395256
2026-03-17,0.9368611091635018,0.9797764072642061,1.1450710623609999,0.9612377230931194,1.2929762378643128
2026-03-18,0.9376818579599526,0.9793767000491375,1.1454979527212776,0.959261085431411,1.2943821890521305
2026-03-19,0.9505240500247749,1.0079964625860809,1.160247712719388,0.9818571193539607,1.3147606518796082
2026-03-20,0.9566512606651447,1.016624445120706,1.163256546588418,0.9859855772520676,1.3116039862140607
2026-03-23,0.9638473317468615,1.0370499617302023,1.1645077227709884,0.98863460191873,1.3259962425561505
2026-03-24,0.9565099862252027,1.0317584011630143,1.1604278098664622,0.985823933772467,1.3141824549497727
2026-03-25,0.9388006807409027,1.002999901746499,1.1495677446710697,0.9740253657082366,1.3424122690708746
2026-03-26,0.9363474612431006,1.0034564309176857,1.1487051926447749,0.9769849523219176,1.3385463263365296
2026-03-27,0.9369390796574045,1.0046771242185741,1.1477041652068887,0.97778035840415,1.3428822908142846
2026-03-30,0.9457500109381198,1.009247069291845,1.160394361371942,0.9816389198584794,1.3431485423213805
2026-03-31,0.9644035145620687,1.0223052557821946,1.1709198704703603,0.9792894764500456,1.3341021911804045
2026-04-01,0.9654049433410795,1.0079535101124122,1.1633601338028225,0.9636529605667077,1.3442388097338376
2026-04-02,0.9556667515700533,1.0031769323014947,1.1589108333916394,0.9530271258819409,1.3440482882910647
2026-04-07,0.9723362558977467,1.0087392216780269,1.1647914088573086,0.9499402794111995,1.343475563365311
2026-04-08,0.9744347102620462,1.0394152814961455,1.1678467764311777,0.9358304868619589,1.2934941289178084
2026-04-09,0.9181827055942333,1.0374879637759524,1.1497259473748769,0.9122924681961128,1.4164587654128582
2026-04-10,0.9081469398755404,1.0584762866676447,1.1663699617728847,0.9294613379971735,1.4079305228244894
2026-04-13,0.9325523073750861,1.0737184683365464,1.170733102664051,0.922638354950116,1.383974451913764
2026-04-14,0.9534545732074311,1.0719932731489394,1.1749890842180588,0.9446763032706476,1.420131895639796
2026-04-15,0.9590443811131666,1.0659687188735134,1.1684438876002874,0.9376971243289047,1.4227770760847882
2026-04-16,0.9620516925631645,1.076975859548153,1.1724111517323204,0.9370935407777072,1.43661487583318
2026-04-17,0.9616761825943743,1.0790203751930814,1.1727799739349516,0.9361019687357363,1.4361305749370614
2026-04-20,0.962387580240818,1.0797308136684147,1.1740375234391822,0.9369486913383603,1.4359451735774418
2026-04-21,0.9602916865373111,1.0859712244235036,1.1798284270934034,0.9404827989364428,1.4412581017312571
2026-04-22,0.9765854999906927,1.0963572504606376,1.1869982445056617,0.9521423450028397,1.4619690502688023
2026-04-23,1.0152637379992535,1.077966573482933,1.1868305713011633,0.9476264163391208,1.4291494528440616
2026-04-24,1.014732695053154,1.078372978635552,1.185719535252032,0.9435750712402529,1.4268575816245956
2026-04-27,1.0195732427951933,1.0742395763245989,1.1845556539461548,0.942084067315797,1.4274557263230911
2026-04-28,1.0175588526707082,1.0731761511979436,1.185677352113682,0.9386895929711992,1.4268974323699861
2026-04-29,1.0128904149730205,1.0768131770553633,1.1889865788365115,0.935557493655479,1.4323028786199739
2026-04-30,1.0103347834610164,1.0760912238705638,1.1874104462261488,0.933432822822337,1.4308131933471988
2026-05-01,1.0019878040162773,1.0700276843010719,1.1772887656083333,0.9060436937011073,1.4239633402789023
2026-05-04,0.9972896641039602,1.068130556233352,1.1608894323120689,0.8978320980876502,1.4191278288373066
2026-05-05,0.9962548285205249,1.0675960840752379,1.1628585140031513,0.8986554588665646,1.4201601160364177
2026-05-06,1.0138554897893164,1.0779720997793933,1.1824568974975467,0.916509072662206,1.415503974222999
2026-05-07,1.0117464939832272,1.0737087770653575,1.1838529655640615,0.9181107575157534,1.4101636034277005
2026-05-08,1.0153622358350982,1.0893027458948308,1.192493396603143,0.9276418617085985,1.390729297880965
2026-05-11,1.0176974993762555,1.0892163138997701,1.1943206604880143,0.926858138722169,1.3875635226992367
2026-05-12,1.0252086284408783,1.0972307019590708,1.1930535348686309,0.9327523867034015,1.3815614006304917
2026-05-13,1.061558760804611,1.1000104447850647,1.2026291680623145,0.9375118343218413,1.3764244399889736
2026-05-14,1.0611136860854624,1.0975948126092787,1.2020476713007515,0.9360136985399953,1.37717910869454
2026-05-15,1.0613853371037174,1.0949817064342982,1.2032115490197746,0.9385216018774937,1.386818899576851
2026-05-18,1.0433152526499108,1.0850562822855305,1.189079114824115,0.9246801793809195,1.3727894583920681
2026-05-19,1.044177234800094,1.0895502183352461,1.1943196485216079,0.9232805349986443,1.36988861983407
2026-05-20,1.029967117893711,1.080620306447,1.2048588368743192,0.933786324649001,1.3720975951966785
2026-05-21,1.0208783472323075,1.087591409809607,1.2074299417123515,0.9361542443441633,1.3630456221067633
2026-05-22,1.0218720702837363,1.0871552359809997,1.2081215375789611,0.9358264928092134,1.3613195165747902
2026-05-25,1.018915582491646,1.0889023852990387,1.208200664308876,0.9363442300053098,1.3567286027847998
2026-05-26,1.017216803533906,1.0886361878655109,1.2045347281362566,0.9334276739465851,1.3578766402984315
2026-05-27,1.0145161905962332,1.0810277276268945,1.1965555955192353,0.9281305885113553,1.3582513894701613
2026-05-28,1.0205396669887388,1.082520849094947,1.192199696986885,0.9349742426063735,1.3380036911384934
2026-05-29,1.0259896770676626,1.0683902140029387,1.1689372184004136,0.9272318576793909,1.3258620059483421
2026-06-01,1.0273725312832753,1.0675598064385594,1.1670564510081218,0.927314057918068,1.324601147623907
2026-06-02,1.0248433480101593,1.0658430419877896,1.1654357675756994,0.9263611874308056,1.324490814615774
2026-06-03,1.023719726950095,1.0643310859698873,1.1624392656807978,0.9316979151537311,1.3207352799005505
2026-06-04,1.019422205784598,1.0594302430781772,1.1658382061638441,0.9279033067988746,1.3173236437350242
2026-06-05,1.0233595399592041,1.0622550808257536,1.1680249686429565,0.9296611747271605,1.3132634308300033
2026-06-09,1.0215225157334427,1.0611021278582788,1.16822691903778,0.9270344246141836,1.311651421761128
2026-06-10,1.018907216238432,1.062889985865613,1.1732075922882055,0.927924289939902,1.3079602343082724
2026-06-11,1.0222366422779072,1.0658416052956379,1.1760819299508556,0.930664421621774,1.3059377575233966
2026-06-12,1.021215723633383,1.0685558795900088,1.1647391879388052,0.918238399353944,1.307930733624331
2026-06-15,1.022658604720732,1.0792740057850454,1.160255992430155,0.9165376727149861,1.3104561795632972
2026-06-16,1.022628721228007,1.0791486024814811,1.159971165067541,0.9162316078076641,1.3102310928524816
2026-06-17,1.0253764553413522,1.0751941944101107,1.156157849392614,0.9152646488818498,1.311865364724055
2026-06-18,1.0277143289095247,1.0769417916479993,1.1594123764132256,0.9122989146426025,1.3073479367214869
2026-06-19,1.0210244673743842,1.0633498567811501,1.1539455621585872,0.9055381317763862,1.3047473441736983
2026-06-22,1.0236860779057626,1.0636020230620569,1.1560748449975484,0.9037836499348654,1.3071866225018336
2026-06-23,1.01491658859961,1.0522618735708567,1.143613610340434,0.8973361990282254,1.2977849653939446
2026-06-24,1.0149343921961804,1.0534126585257402,1.1443495208926915,0.8963301789276835,1.2974542820117605
2026-06-25,1.0172618907841084,1.065302396472837,1.1502319040173874,0.9057971788863359,1.2935589935305567
2026-06-26,1.0114509455052434,1.0626710387754061,1.146866627307366,0.9026555790391161,1.2979118129335918
2026-06-29,1.0137344176002911,1.063765546111227,1.1446625992007284,0.9019644872772173,1.2870897976785638
2026-06-30,1.0093980653369727,1.0623221833452485,1.1429576159499268,0.8997834591942498,1.2842343778564624
2026-07-01,1.0169457197982288,1.0759834114679165,1.1511619989187083,0.9106787667465055,1.285152700761744
2026-07-02,1.0163812112713813,1.0756284162741832,1.1509305909398946,0.9107888815975913,1.2849283977930066
2026-07-03,1.0256880043347032,1.0662240991815621,1.1425257479221933,0.9108654123128952,1.2738673787828543
2026-07-06,1.0258277289825473,1.0656637325653262,1.1433021713526308,0.9109764769201013,1.2740459829491697
2026-07-07,1.0225313703480758,1.0618228341294433,1.1374682801807516,0.9078239172391664,1.2710361053137413
2026-07-08,1.0224932026895335,1.0627541616992253,1.142166454297297,0.9056862884790273,1.2642708386664379
2026-07-09,1.0212838249534864,1.0618635128128273,1.1426167199237225,0.9053655570477981,1.2651166352719954
2026-07-10,1.0207502181576484,1.0626569395290366,1.14362727370455,0.9063902038587369,1.264694228316127
2026-07-13,1.0205079529043162,1.0628942099987502,1.1430642764616878,0.9056824467807001,1.2649744811023071
2026-07-14,1.0211766114503813,1.0668608971826372,1.143803928860905,0.9058894408126554,1.2629409577784347
2026-07-15,1.019059310404415,1.0499188170710743,1.1394082210010523,0.9044558412540428,1.2673594222001694
2026-07-16,1.0135563803861507,1.048689330177077,1.138531737989362,0.9031209582329425,1.2693679998661904
2026-07-17,1.0187726955793217,1.0477495182606054,1.1352966766890171,0.9040593497628853,1.2698521798200282
2026-07-20,1.0086356913374248,1.0386371857159886,1.1179315249147304,0.8925429433048401,1.2690484399325475
2026-07-21,1.0103875618887805,1.04017885416399,1.1186992316236959,0.8930418502594013,1.2690117234607918
2026-07-22,1.0120592884954989,1.0427942446276586,1.1158362353720215,0.8842458955250049,1.2710356793895394
2026-07-23,1.0131061809134159,1.0475352059287546,1.1184237434565412,0.884204977382452,1.2595366895574507
2026-07-24,1.0045163543490798,1.0363452797626092,1.1062709882967672,0.8725659167932135,1.2546872814719148
2026-07-27,1.0005319257813226,1.0348025258022917,1.1049267941357146,0.871516563401691,1.2476539674471427
2026-07-28,1.0041381845018638,1.0344484130751408,1.1057211655861143,0.8726458867557472,1.2425906358007153
