Date,Market_Level
2001-08-29,16416.5
2001-08-30,16296.2
2001-08-31,16061.6
2001-09-03,16063.0
2001-09-04,16132.0
2001-09-05,16141.6
2001-09-06,16028.0
2001-09-07,15883.5
2001-09-10,15930.9
2001-09-11,15928.9
2001-09-12,15273.3
2001-09-13,15363.8
2001-09-14,15239.4
2001-09-17,14548.0
2001-09-18,14818.0
2001-09-19,14940.1
2001-09-20,14685.1
2001-09-21,14483.8
2001-09-24,14407.6
2001-09-25,14596.3
2001-09-26,14738.7
2001-09-27,14786.3
2001-09-28,15027.4
2001-10-01,15270.7
2001-10-02,15477.1
2001-10-03,15412.8
2001-10-04,15436.3
2001-10-05,15680.4
2001-10-08,15487.7
2001-10-09,15553.2
2001-10-10,15474.2
2001-10-11,15784.2
2001-10-12,15912.2
2001-10-15,15783.9
2001-10-16,15841.8
2001-10-17,15975.7
2001-10-18,15787.1
2001-10-19,15667.7
2001-10-22,15690.6
2001-10-23,15854.7
2001-10-24,16016.5
2001-10-25,16062.4
2001-10-26,16170.9
2001-10-29,16071.9
2001-10-30,16055.2
2001-10-31,16039.8
2001-11-01,16051.1
2001-11-02,16008.3
2001-11-05,15938.5
2001-11-06,16231.6
2001-11-07,16071.2
2001-11-08,16154.1
2001-11-09,16236.7
2001-11-12,16345.4
2001-11-13,16277.7
2001-11-14,16500.5
2001-11-15,16539.5
2001-11-16,16429.8
2001-11-19,16504.9
2001-11-20,16610.0
2001-11-21,16527.0
2001-11-22,16481.7
2001-11-23,16524.8
2001-11-26,16610.0
2001-11-27,16648.7
2001-11-28,16635.7
2001-11-29,16518.0
2001-11-30,16558.5
2001-12-03,16515.8
2001-12-04,16494.0
2001-12-05,16609.9
2001-12-06,16634.5
2001-12-07,16729.0
2001-12-10,16674.0
2001-12-11,16668.7
2001-12-12,16482.8
2001-12-13,16435.1
2001-12-14,16328.9
2001-12-17,16322.9
2001-12-18,16476.3
2001-12-19,16494.2
2001-12-20,16592.9
2001-12-21,16761.9
2001-12-24,16839.3
2001-12-27,16976.2
2001-12-28,17023.4
2001-12-31,16999.6
2002-01-02,17115.5
2002-01-03,16986.2
2002-01-04,17066.1
2002-01-07,17121.8
2002-01-08,17002.8
2002-01-09,16950.7
2002-01-10,16934.0
2002-01-11,16976.3
2002-01-14,16925.0
2002-01-15,16919.7
2002-01-16,17016.7
2002-01-17,16854.6
2002-01-18,16824.3
2002-01-21,16890.3
2002-01-22,16995.4
2002-01-23,16998.3
2002-01-24,17041.7
2002-01-25,17099.5
2002-01-29,17152.3
2002-01-30,17055.8
2002-01-31,17208.2
2002-02-01,17115.2
2002-02-04,17221.4
2002-02-05,17149.0
2002-02-06,17014.8
2002-02-07,16965.3
2002-02-08,17146.4
2002-02-11,17281.8
2002-02-12,17304.8
2002-02-13,17272.9
2002-02-14,17334.5
2002-02-15,17301.4
2002-02-18,17268.9
2002-02-19,17277.3
2002-02-20,17114.5
2002-02-21,17098.2
2002-02-22,17037.2
2002-02-25,17043.1
2002-02-26,17104.6
2002-02-27,16998.8
2002-02-28,17007.0
2002-03-01,17024.2
2002-03-04,17082.6
2002-03-05,17143.0
2002-03-06,17234.9
2002-03-07,17467.5
2002-03-08,17411.8
2002-03-11,17370.0
2002-03-12,17297.3
2002-03-13,17236.5
2002-03-14,17246.2
2002-03-15,17025.5
2002-03-18,17277.4
2002-03-19,17315.9
2002-03-20,17351.4
2002-03-21,17197.3
2002-03-22,17203.7
2002-03-25,17159.5
2002-03-26,16960.8
2002-03-27,17099.9
2002-03-28,17117.5
2002-04-02,16980.3
2002-04-03,16933.4
2002-04-04,16910.3
2002-04-05,16998.0
2002-04-08,16997.3
2002-04-09,16869.1
2002-04-10,16939.4
2002-04-11,16889.6
2002-04-12,16825.5
2002-04-15,16893.3
2002-04-16,16986.6
2002-04-17,17060.9
2002-04-18,17091.7
2002-04-19,17098.2
2002-04-22,17129.5
2002-04-23,17080.5
2002-04-24,16928.3
2002-04-26,16957.2
2002-04-29,16825.3
2002-04-30,16811.2
2002-05-01,16863.3
2002-05-02,16872.9
2002-05-03,16891.6
2002-05-06,16790.8
2002-05-07,16688.4
2002-05-08,16763.0
2002-05-09,16756.2
2002-05-10,16717.8
2002-05-13,16575.2
2002-05-14,16634.4
2002-05-15,16944.8
2002-05-16,17041.4
2002-05-17,17143.0
2002-05-20,17046.3
2002-05-21,16965.6
2002-05-22,17030.4
2002-05-23,16948.8
2002-05-24,17017.0
2002-05-27,16990.4
2002-05-28,17011.8
2002-05-29,16988.4
2002-05-30,17018.1
2002-05-31,16953.6
2002-06-03,16979.6
2002-06-04,16836.4
2002-06-05,16852.4
2002-06-06,16838.0
2002-06-07,16860.6
2002-06-11,16788.4
2002-06-12,16790.0
2002-06-13,16717.7
2002-06-14,16619.8
2002-06-17,16647.6
2002-06-18,16709.8
2002-06-19,16548.4
2002-06-20,16547.0
2002-06-21,16408.6
2002-06-24,16343.0
2002-06-25,16302.7
2002-06-26,16060.7
2002-06-27,16229.8
2002-06-28,16245.3
2002-07-01,16305.5
2002-07-02,16225.9
2002-07-03,16093.6
2002-07-04,16208.6
2002-07-05,16239.7
2002-07-08,16334.8
2002-07-09,16459.6
2002-07-10,16297.0
2002-07-11,16126.5
2002-07-12,16149.2
2002-07-15,16100.4
2002-07-16,15950.8
2002-07-17,15771.8
2002-07-18,15923.8
2002-07-19,15706.2
2002-07-22,15606.3
2002-07-23,15602.4
2002-07-24,15242.5
2002-07-25,15370.0
2002-07-26,15102.4
2002-07-29,15333.2
2002-07-30,15578.8
2002-07-31,15591.3
2002-08-01,15546.4
2002-08-02,15428.1
2002-08-05,15202.1
2002-08-06,15085.6
2002-08-07,15415.8
2002-08-08,15548.1
2002-08-09,15698.1
2002-08-12,15694.2
2002-08-13,15727.9
2002-08-14,15663.4
2002-08-15,15824.4
2002-08-16,15851.5
2002-08-19,15931.0
2002-08-20,16075.2
2002-08-21,16019.0
2002-08-22,16178.4
2002-08-23,16122.1
2002-08-26,16111.7
2002-08-27,16029.6
2002-08-28,15915.6
2002-08-29,15885.8
2002-08-30,15835.0
2002-09-02,15915.1
2002-09-03,15979.2
2002-09-04,15730.7
2002-09-05,15834.1
2002-09-06,15717.3
2002-09-09,15879.9
2002-09-10,15833.5
2002-09-11,16026.6
2002-09-12,15998.7
2002-09-13,15940.7
2002-09-16,15941.0
2002-09-17,16099.4
2002-09-18,15913.9
2002-09-19,15765.4
2002-09-20,15679.1
2002-09-23,15545.3
2002-09-24,15483.2
2002-09-25,15267.8
2002-09-26,15258.6
2002-09-27,15361.7
2002-09-30,15178.3
2002-10-01,15261.8
2002-10-02,15318.7
2002-10-03,15324.4
2002-10-04,15285.9
2002-10-07,15022.0
2002-10-08,15052.9
2002-10-09,14888.8
2002-10-10,14806.4
2002-10-11,14950.0
2002-10-14,15134.2
2002-10-15,15314.4
2002-10-16,15308.9
2002-10-17,15288.0
2002-10-18,15395.8
2002-10-21,15292.2
2002-10-22,15358.7
2002-10-23,15506.7
2002-10-24,15464.3
2002-10-25,15392.8
2002-10-28,15531.0
2002-10-29,15406.9
2002-10-30,15380.7
2002-10-31,15588.4
2002-11-01,15421.4
2002-11-04,15649.1
2002-11-05,15625.8
2002-11-06,15755.1
2002-11-07,15567.8
2002-11-08,15414.3
2002-11-11,15244.4
2002-11-12,15293.9
2002-11-13,15236.9
2002-11-14,15191.8
2002-11-15,15410.8
2002-11-18,15416.7
2002-11-19,15365.0
2002-11-20,15458.0
2002-11-21,15548.6
2002-11-22,15619.9
2002-11-25,15660.2
2002-11-26,15527.3
2002-11-27,15474.6
2002-11-28,15671.9
2002-11-29,15764.1
2002-12-02,15880.1
2002-12-03,15822.2
2002-12-04,15588.5
2002-12-05,15656.9
2002-12-06,15589.2
2002-12-09,15570.5
2002-12-10,15402.0
2002-12-11,15293.5
2002-12-12,15386.9
2002-12-13,15301.7
2002-12-16,15191.3
2002-12-17,15381.2
2002-12-18,15380.1
2002-12-19,15393.3
2002-12-20,15508.3
2002-12-23,15643.8
2002-12-24,15640.5
2002-12-27,15611.4
2002-12-30,15433.6
2002-12-31,15507.9
2003-01-02,15613.4
2003-01-03,15757.5
2003-01-06,15859.9
2003-01-07,15855.2
2003-01-08,15857.0
2003-01-09,15806.5
2003-01-10,15799.8
2003-01-13,15829.5
2003-01-14,15862.8
2003-01-15,15868.9
2003-01-16,15761.8
2003-01-17,15738.1
2003-01-20,15759.7
2003-01-21,15737.2
2003-01-22,15605.2
2003-01-23,15595.7
2003-01-24,15607.0
2003-01-28,15288.1
2003-01-29,15222.9
2003-01-30,15287.3
2003-01-31,15249.7
2003-02-03,15175.9
2003-02-04,15199.5
2003-02-05,15056.2
2003-02-06,14888.5
2003-02-07,14991.4
2003-02-10,14917.4
2003-02-11,14866.8
2003-02-12,14895.5
2003-02-13,14641.7
2003-02-14,14547.8
2003-02-17,14713.1
2003-02-18,14716.4
2003-02-19,14819.9
2003-02-20,14584.5
2003-02-21,14590.3
2003-02-24,14780.7
2003-02-25,14486.3
2003-02-26,14633.1
2003-02-27,14476.2
2003-02-28,14500.7
2003-03-03,14613.7
2003-03-04,14599.3
2003-03-05,14422.4
2003-03-06,14426.2
2003-03-07,14263.7
2003-03-10,14250.2
2003-03-11,14160.3
2003-03-12,14139.2
2003-03-13,14050.6
2003-03-14,14324.9
2003-03-17,14284.4
2003-03-18,14785.3
2003-03-19,14846.2
2003-03-20,14947.1
2003-03-21,14950.6
2003-03-24,14910.9
2003-03-25,14898.3
2003-03-26,15098.1
2003-03-27,15105.5
2003-03-28,15132.9
2003-03-31,15075.4
2003-04-01,15060.3
2003-04-02,15060.9
2003-04-03,15198.8
2003-04-04,15329.2
2003-04-07,15570.2
2003-04-08,15568.0
2003-04-09,15420.4
2003-04-10,15392.3
2003-04-11,15417.2
2003-04-14,15375.8
2003-04-15,15521.7
2003-04-16,15579.4
2003-04-17,15440.6
2003-04-22,15582.4
2003-04-23,15711.2
2003-04-24,15694.9
2003-04-28,15552.0
2003-04-29,15743.9
2003-04-30,15724.5
2003-05-01,15704.3
2003-05-02,15557.5
2003-05-05,15571.6
2003-05-06,15523.4
2003-05-07,15562.7
2003-05-08,15460.7
2003-05-09,15459.9
2003-05-12,15565.0
2003-05-13,15592.6
2003-05-14,15537.4
2003-05-15,15472.6
2003-05-16,15454.3
2003-05-19,15446.0
2003-05-20,15378.4
2003-05-21,15415.8
2003-05-22,15535.3
2003-05-23,15701.5
2003-05-26,15705.7
2003-05-27,15629.0
2003-05-28,15764.2
2003-05-29,15802.3
2003-05-30,15779.4
2003-06-02,15925.0
2003-06-03,15863.9
2003-06-04,15895.5
2003-06-05,15955.3
2003-06-06,16048.1
2003-06-10,16081.3
2003-06-11,16160.4
2003-06-12,16242.8
2003-06-13,16257.4
2003-06-16,16270.8
2003-06-17,16389.0
2003-06-18,16272.5
2003-06-19,16345.2
2003-06-20,16270.3
2003-06-23,16283.6
2003-06-24,16187.3
2003-06-25,16171.6
2003-06-26,15974.2
2003-06-27,16082.6
2003-06-30,15966.71
2003-07-01,16028.7
2003-07-02,15993.4
2003-07-03,16061.5
2003-07-04,15975.0
2003-07-07,15994.4
2003-07-08,16013.9
2003-07-09,15978.5
2003-07-10,16050.9
2003-07-11,16055.8
2003-07-14,16215.9
2003-07-15,16257.9
2003-07-16,16328.5
2003-07-17,16289.7
2003-07-18,16266.5
2003-07-21,16295.3
2003-07-22,16176.2
2003-07-23,16276.5
2003-07-24,16304.2
2003-07-25,16345.9
2003-07-28,16455.8
2003-07-29,16397.6
2003-07-30,16310.2
2003-07-31,16474.0
2003-08-01,16569.3
2003-08-04,16508.8
2003-08-05,16557.0
2003-08-06,16536.1
2003-08-07,16563.6
2003-08-08,16620.8
2003-08-11,16601.9
2003-08-12,16587.5
2003-08-13,16672.7
2003-08-14,16631.8
2003-08-15,16626.8
2003-08-18,16720.8
2003-08-19,16746.2
2003-08-20,16758.0
2003-08-21,16775.9
2003-08-22,16826.3
2003-08-25,16818.3
2003-08-26,16775.2
2003-08-27,16843.0
2003-08-28,16937.71
2003-08-29,16954.7
2003-09-01,17009.4
2003-09-02,17080.5
2003-09-03,17050.2
2003-09-04,17145.2
2003-09-05,17082.2
2003-09-08,17176.4
2003-09-09,17207.1
2003-09-10,17112.6
2003-09-11,16996.7
2003-09-12,16990.4
2003-09-15,16981.9
2003-09-16,17006.6
2003-09-17,17127.3
2003-09-18,17150.8
2003-09-19,17133.8
2003-09-22,17025.4
2003-09-23,16960.1
2003-09-24,17118.0
2003-09-25,16927.3
2003-09-26,16920.2
2003-09-29,16886.9
2003-09-30,16915.1
2003-10-01,16859.8
2003-10-02,17075.0
2003-10-03,17095.8
2003-10-06,17170.5
2003-10-07,17178.0
2003-10-08,17308.6
2003-10-09,17354.4
2003-10-10,17401.6
2003-10-13,17493.6
2003-10-14,17528.7
2003-10-15,17533.1
2003-10-16,17593.7
2003-10-17,17589.3
2003-10-20,17556.3
2003-10-21,17641.8
2003-10-22,17620.1
2003-10-23,17443.4
2003-10-24,17389.7
2003-10-27,17328.3
2003-10-28,17324.0
2003-10-29,17430.3
2003-10-30,17485.8
2003-10-31,17479.6
2003-11-03,17396.5
2003-11-04,17440.3
2003-11-05,17312.3
2003-11-06,17314.2
2003-11-07,17376.8
2003-11-10,17291.3
2003-11-11,17134.0
2003-11-12,17146.6
2003-11-13,17228.0
2003-11-14,17142.8
2003-11-17,17032.6
2003-11-18,17038.1
2003-11-19,17073.4
2003-11-20,17108.7
2003-11-21,17029.0
2003-11-24,17044.4
2003-11-25,17156.5
2003-11-26,17153.3
2003-11-27,17123.0
2003-11-28,17126.2
2003-12-01,17045.9
2003-12-02,17140.7
2003-12-03,17289.4
2003-12-04,17367.2
2003-12-05,17367.0
2003-12-08,17343.4
2003-12-09,17309.2
2003-12-10,17268.6
2003-12-11,17151.3
2003-12-12,17276.3
2003-12-15,17464.0
2003-12-16,17289.9
2003-12-17,17376.8
2003-12-18,17338.0
2003-12-19,17384.4
2003-12-22,17506.0
2003-12-23,17532.2
2003-12-24,17589.9
2003-12-29,17677.0
2003-12-30,17748.6
2003-12-31,17774.0
2004-01-02,17778.8
2004-01-05,17700.0
2004-01-06,17869.4
2004-01-07,17794.5
2004-01-08,17764.0
2004-01-09,17783.9
2004-01-12,17789.7
2004-01-13,17749.8
2004-01-14,17834.2
2004-01-15,17810.5
2004-01-16,17714.7
2004-01-19,17789.6
2004-01-20,17822.6
2004-01-21,17811.7
2004-01-22,17920.2
2004-01-23,17963.9
2004-01-27,17841.9
2004-01-28,17666.9
2004-01-29,17585.7
2004-01-30,17626.2
2004-02-02,17641.9
2004-02-03,17591.0
2004-02-04,17598.1
2004-02-05,17578.5
2004-02-06,17634.3
2004-02-09,17714.6
2004-02-10,17718.0
2004-02-11,17796.9
2004-02-12,17933.7
2004-02-13,17974.8
2004-02-16,17936.8
2004-02-17,17990.8
2004-02-18,18095.4
2004-02-19,18112.2
2004-02-20,18076.3
2004-02-23,18053.6
2004-02-24,18000.1
2004-02-25,18027.7
2004-02-26,18106.6
2004-02-27,18181.5
2004-03-01,18299.6
2004-03-02,18365.66
2004-03-03,18360.5
2004-03-04,18369.8
2004-03-05,18475.2
2004-03-08,18542.9
2004-03-09,18574.6
2004-03-10,18520.7
2004-03-11,18526.0
2004-03-12,18467.8
2004-03-15,18522.9
2004-03-16,18541.4
2004-03-17,18671.7
2004-03-18,18623.3
2004-03-19,18655.1
2004-03-22,18514.9
2004-03-23,18449.4
2004-03-24,18431.5
2004-03-25,18511.7
2004-03-26,18668.1
2004-03-29,18579.9
2004-03-30,18619.3
2004-03-31,18604.2
2004-04-01,18773.4
2004-04-02,18732.4
2004-04-05,18807.5
2004-04-06,18827.3
2004-04-07,18841.5
2004-04-08,18816.5
2004-04-13,18747.3
2004-04-14,18728.4
2004-04-15,18646.7
2004-04-16,18636.0
2004-04-19,18724.0
2004-04-20,18829.0
2004-04-21,18755.9
2004-04-22,18739.8
2004-04-23,18854.9
2004-04-26,18819.4
2004-04-27,18798.0
2004-04-28,18788.4
2004-04-29,18551.4
2004-04-30,18548.6
2004-05-03,18447.8
2004-05-04,18499.3
2004-05-05,18588.7
2004-05-06,18544.2
2004-05-07,18510.1
2004-05-10,18292.6
2004-05-11,18310.7
2004-05-12,18432.1
2004-05-13,18388.2
2004-05-14,18350.8
2004-05-17,18274.5
2004-05-18,18418.7
2004-05-19,18522.2
2004-05-20,18456.5
2004-05-21,18547.0
2004-05-24,18586.6
2004-05-25,18555.0
2004-05-26,18717.1
2004-05-27,18822.4
2004-05-28,18855.0
2004-05-31,18909.6
2004-06-01,18893.4
2004-06-02,19001.7
2004-06-03,18950.4
2004-06-04,18975.3
2004-06-07,19102.6
2004-06-08,19100.4
2004-06-09,19004.9
2004-06-10,19014.8
2004-06-11,19080.4
2004-06-15,19027.0
2004-06-16,19128.0
2004-06-17,19256.3
2004-06-18,19354.3
2004-06-21,19501.2
2004-06-22,19425.1
2004-06-23,19491.4
2004-06-24,19418.1
2004-06-25,19394.3
2004-06-28,19356.8
2004-06-29,19353.1
2004-06-30,19416.7
2004-07-01,19440.5
2004-07-02,19427.1
2004-07-05,19457.6
2004-07-06,19561.5
2004-07-07,19611.8
2004-07-08,19632.0
2004-07-09,19606.5
2004-07-12,19573.1
2004-07-13,19576.9
2004-07-14,19379.7
2004-07-15,19397.6
2004-07-16,19424.6
2004-07-19,19436.4
2004-07-20,19272.4
2004-07-21,19386.2
2004-07-22,19245.0
2004-07-23,19173.1
2004-07-26,19175.4
2004-07-27,19197.5
2004-07-28,19249.2
2004-07-29,19261.6
2004-07-30,19453.2
2004-08-02,19501.5
2004-08-03,19553.6
2004-08-04,19514.1
2004-08-05,19475.1
2004-08-06,19429.3
2004-08-09,19312.7
2004-08-10,19260.0
2004-08-11,19327.4
2004-08-12,19199.6
2004-08-13,19144.4
2004-08-16,19139.5
2004-08-17,19222.4
2004-08-18,19183.1
2004-08-19,19239.4
2004-08-20,19303.5
2004-08-23,19455.0
2004-08-24,19472.0
2004-08-25,19426.2
2004-08-26,19481.1
2004-08-27,19669.7
2004-08-30,19671.8
2004-08-31,19672.9
2004-09-01,19818.1
2004-09-02,19901.4
2004-09-03,19832.6
2004-09-06,19835.1
2004-09-07,19905.5
2004-09-08,19904.4
2004-09-09,19927.2
2004-09-10,19956.4
2004-09-13,20040.8
2004-09-14,20116.1
2004-09-15,20116.1
2004-09-16,20125.7
2004-09-17,20166.4
2004-09-20,20183.0
2004-09-21,20189.9
2004-09-22,20253.5
2004-09-23,20222.9
2004-09-24,20171.1
2004-09-27,20162.0
2004-09-28,20206.1
2004-09-29,20370.6
2004-09-30,20417.8
2004-10-01,20391.1
2004-10-04,20580.9
2004-10-05,20602.9
2004-10-06,20615.5
2004-10-07,20621.8
2004-10-08,20543.6
2004-10-11,20655.8
2004-10-12,20720.8
2004-10-13,20764.0
2004-10-14,20673.2
2004-10-15,20738.2
2004-10-18,20679.0
2004-10-19,20708.2
2004-10-20,20625.2
2004-10-21,20658.5
2004-10-22,20680.9
2004-10-25,20523.3
2004-10-26,20653.6
2004-10-27,20855.6
2004-10-28,21050.2
2004-10-29,21064.8
2004-11-01,21134.5
2004-11-02,21175.9
2004-11-03,21370.5
2004-11-04,21401.5
2004-11-05,21429.7
2004-11-08,21340.9
2004-11-09,21414.5
2004-11-10,21476.1
2004-11-11,21574.0
2004-11-12,21569.4
2004-11-15,21569.4
2004-11-16,21646.7
2004-11-17,21683.9
2004-11-18,21725.9
2004-11-19,21688.0
2004-11-22,21461.0
2004-11-23,21659.5
2004-11-24,21752.5
2004-11-25,21873.9
2004-11-26,21918.2
2004-11-29,22010.4
2004-11-30,22036.2
2004-12-01,21857.3
2004-12-02,22095.6
2004-12-03,22082.5
2004-12-06,22145.6
2004-12-07,22016.4
2004-12-08,21849.5
2004-12-09,21788.6
2004-12-10,21853.6
2004-12-13,21903.1
2004-12-14,22024.8
2004-12-15,22109.8
2004-12-16,22283.4
2004-12-17,22355.6
2004-12-20,22386.0
2004-12-21,22498.9
2004-12-22,22603.6
2004-12-23,22610.6
2004-12-24,22738.3
2004-12-29,22702.0
2004-12-30,22773.6
2004-12-31,22749.5
2005-01-04,22794.2
2005-01-05,22686.9
2005-01-06,22633.5
2005-01-07,22820.2
2005-01-10,22885.8
2005-01-11,22874.1
2005-01-12,22861.3
2005-01-13,22856.4
2005-01-14,22812.1
2005-01-17,22897.8
2005-01-18,22814.2
2005-01-19,22761.3
2005-01-20,22668.4
2005-01-21,22712.6
2005-01-24,22717.4
2005-01-25,22779.9
2005-01-27,23059.5
2005-01-28,23021.2
2005-01-31,23068.6
2005-02-01,23183.3
2005-02-02,23282.5
2005-02-03,23315.9
2005-02-04,23375.2
2005-02-07,23534.5
2005-02-08,23498.9
2005-02-09,23459.6
2005-02-10,23475.4
2005-02-11,23472.1
2005-02-14,23374.1
2005-02-15,23346.3
2005-02-16,23391.4
2005-02-17,23477.0
2005-02-18,23458.9
2005-02-21,23489.2
2005-02-22,23489.04
2005-02-23,23229.6
2005-02-24,23111.7
2005-02-25,23308.7
2005-02-28,23580.7
2005-03-01,23668.6
2005-03-02,23713.8
2005-03-03,23799.9
2005-03-04,23886.6
2005-03-07,24002.4
2005-03-08,24031.6
2005-03-09,24033.9
2005-03-10,23886.6
2005-03-11,23826.4
2005-03-14,23994.9
2005-03-15,23950.3
2005-03-16,24058.0
2005-03-17,23990.0
2005-03-18,24088.8
2005-03-21,24187.5
2005-03-22,24002.7
2005-03-23,23660.2
2005-03-24,23516.6
2005-03-29,23289.4
2005-03-30,23287.1
2005-03-31,23372.6
2005-04-01,23536.2
2005-04-04,23439.2
2005-04-05,23504.8
2005-04-06,23428.3
2005-04-07,23478.8
2005-04-08,23693.5
2005-04-11,23512.7
2005-04-12,23565.9
2005-04-13,23527.0
2005-04-14,23227.9
2005-04-15,22841.0
2005-04-18,22528.9
2005-04-19,22880.3
2005-04-20,22894.4
2005-04-21,22839.0
2005-04-22,22953.8
2005-04-26,22918.0
2005-04-27,22868.0
2005-04-28,22825.8
2005-04-29,22664.1
2005-05-02,22824.1
2005-05-03,22681.8
2005-05-04,22462.3
2005-05-05,22513.6
2005-05-06,22668.4
2005-05-09,22759.3
2005-05-10,22719.4
2005-05-11,22796.3
2005-05-12,22928.1
2005-05-13,22832.8
2005-05-16,22594.9
2005-05-17,22532.5
2005-05-18,22720.4
2005-05-19,23045.5
2005-05-20,23026.8
2005-05-23,23243.4
2005-05-24,23385.3
2005-05-25,23324.2
2005-05-26,23336.0
2005-05-27,23468.5
2005-05-30,23562.8
2005-05-31,23413.1
2005-06-01,23675.5
2005-06-02,23902.1
2005-06-03,23979.1
2005-06-06,24006.3
2005-06-07,24051.0
2005-06-08,24132.7
2005-06-09,24099.1
2005-06-10,24144.9
2005-06-14,24196.0
2005-06-15,24297.4
2005-06-16,24390.4
2005-06-17,24673.4
2005-06-20,24637.6
2005-06-21,24606.1
2005-06-22,24479.1
2005-06-23,24433.5
2005-06-24,24349.9
2005-06-27,24268.6
2005-06-28,24495.6
2005-06-29,24450.8
2005-06-30,24533.9
2005-07-01,24505.8
2005-07-04,24559.3
2005-07-05,24673.1
2005-07-06,24519.9
2005-07-07,24284.5
2005-07-08,24256.7
2005-07-11,24457.1
2005-07-12,24445.7
2005-07-13,24550.2
2005-07-14,24635.4
2005-07-15,24619.7
2005-07-18,24654.2
2005-07-19,24527.5
2005-07-20,24670.3
2005-07-21,24911.0
2005-07-22,25071.0
2005-07-25,25115.2
2005-07-26,25124.8
2005-07-27,25161.4
2005-07-28,25052.0
2005-07-29,25172.8
2005-08-01,25110.6
2005-08-02,25153.0
2005-08-03,25059.9
2005-08-04,25092.3
2005-08-05,25106.5
2005-08-08,25284.0
2005-08-09,25368.5
2005-08-10,25421.6
2005-08-11,25620.0
2005-08-12,25672.3
2005-08-15,25676.1
2005-08-16,25800.8
2005-08-17,25723.8
2005-08-18,25580.6
2005-08-19,25688.2
2005-08-22,25913.6
2005-08-23,25841.5
2005-08-24,25623.8
2005-08-25,25506.4
2005-08-26,25669.5
2005-08-29,25359.2
2005-08-30,25604.6
2005-08-31,25677.8
2005-09-01,25986.2
2005-09-02,25859.3
2005-09-05,25794.2
2005-09-06,25835.4
2005-09-07,26010.6
2005-09-08,25920.9
2005-09-09,25886.9
2005-09-12,25914.4
2005-09-13,26050.1
2005-09-14,26185.2
2005-09-15,26160.9
2005-09-16,26160.9
2005-09-19,26384.9
2005-09-20,26558.8
2005-09-21,26393.5
2005-09-22,26447.5
2005-09-23,26451.3
2005-09-26,26839.6
2005-09-27,26900.7
2005-09-28,26902.4
2005-09-29,27158.8
2005-09-30,26982.3
2005-10-03,26989.6
2005-10-04,26997.6
2005-10-05,26416.0
2005-10-06,25856.7
2005-10-07,25818.2
2005-10-10,25987.6
2005-10-11,25754.6
2005-10-12,25983.6
2005-10-13,25767.2
2005-10-14,25622.5
2005-10-17,25740.7
2005-10-18,25938.5
2005-10-19,25460.9
2005-10-20,25479.2
2005-10-21,25387.7
2005-10-24,25346.5
2005-10-25,25541.9
2005-10-26,25847.6
2005-10-27,25787.3
2005-10-28,25496.8
2005-10-31,25942.8
2005-11-01,26030.0
2005-11-02,25923.5
2005-11-03,26261.8
2005-11-04,26296.0
2005-11-07,26257.6
2005-11-08,26535.8
2005-11-09,26370.8
2005-11-10,26473.4
2005-11-11,26651.2
2005-11-14,26852.1
2005-11-15,26821.3
2005-11-16,26925.9
2005-11-17,27002.7
2005-11-18,27247.5
2005-11-21,27203.2
2005-11-22,27020.6
2005-11-23,26988.2
2005-11-24,27197.2
2005-11-25,27176.4
2005-11-28,27286.0
2005-11-29,27132.4
2005-11-30,27107.6
2005-12-01,26787.7
2005-12-02,27041.3
2005-12-05,27057.5
2005-12-06,27007.6
2005-12-07,27053.3
2005-12-08,26785.5
2005-12-09,26797.7
2005-12-12,26985.2
2005-12-13,26840.5
2005-12-14,27020.5
2005-12-15,27078.8
2005-12-16,27173.4
2005-12-19,27240.1
2005-12-20,27338.6
2005-12-21,27608.7
2005-12-22,27609.9
2005-12-23,27734.1
2005-12-28,27897.6
2005-12-29,27996.7
2005-12-30,27943.1
2006-01-03,28017.2
2006-01-04,28276.9
2006-01-05,28238.1
2006-01-06,28105.6
2006-01-09,28342.9
2006-01-10,28256.0
2006-01-11,28382.0
2006-01-12,28374.8
2006-01-13,28373.9
2006-01-16,28371.6
2006-01-17,28546.1
2006-01-18,28081.4
2006-01-19,28398.4
2006-01-20,28477.7
2006-01-23,28229.1
2006-01-24,28303.8
2006-01-25,28518.2
2006-01-27,28858.1
2006-01-30,28999.7
2006-01-31,28918.4
2006-02-01,29077.8
2006-02-02,28774.8
2006-02-03,28649.8
2006-02-06,28840.1
2006-02-07,28807.4
2006-02-08,28373.3
2006-02-09,28644.3
2006-02-10,28608.8
2006-02-13,28289.5
2006-02-14,28566.0
2006-02-15,28395.0
2006-02-16,28310.4
2006-02-17,28189.1
2006-02-20,28490.2
2006-02-21,28747.1
2006-02-22,28814.8
2006-02-23,28984.5
2006-02-24,28868.0
2006-02-27,29083.9
2006-02-28,29087.2
2006-03-01,28682.6
2006-03-02,29022.9
2006-03-03,28994.5
2006-03-06,29058.1
2006-03-07,28915.8
2006-03-08,28877.4
2006-03-09,29008.9
2006-03-10,28980.0
2006-03-13,29354.5
2006-03-14,29242.9
2006-03-15,29327.4
2006-03-16,29516.8
2006-03-17,29480.2
2006-03-20,29653.3
2006-03-21,29601.2
2006-03-22,29732.5
2006-03-23,29862.6
2006-03-24,29891.5
2006-03-27,30213.9
2006-03-28,30199.9
2006-03-29,30229.2
2006-03-30,30376.9
2006-03-31,30466.6
2006-04-03,30770.5
2006-04-04,30663.7
2006-04-05,30928.0
2006-04-06,31117.3
2006-04-07,31081.9
2006-04-10,30841.0
2006-04-11,31087.0
2006-04-12,30791.2
2006-04-13,30751.0
2006-04-18,31184.2
2006-04-19,31395.0
2006-04-20,31353.3
2006-04-21,31194.4
2006-04-24,31311.4
2006-04-26,31652.5
2006-04-27,31491.8
2006-04-28,31246.0
2006-05-01,31553.0
2006-05-02,31331.4
2006-05-03,31334.0
2006-05-04,30832.7
2006-05-05,31226.3
2006-05-08,31638.5
2006-05-09,31649.2
2006-05-10,31806.1
2006-05-11,31879.4
2006-05-12,31671.2
2006-05-15,31136.7
2006-05-16,31037.4
2006-05-17,31038.1
2006-05-18,30459.9
2006-05-19,30350.4
2006-05-22,29945.0
2006-05-23,29844.0
2006-05-24,29986.3
2006-05-25,29623.5
2006-05-26,30081.7
2006-05-29,30417.9
2006-05-30,30393.6
2006-05-31,29776.1
2006-06-01,30159.4
2006-06-02,30300.8
2006-06-05,30574.9
2006-06-06,30076.5
2006-06-07,30016.6
2006-06-08,29310.8
2006-06-09,29664.5
2006-06-13,28905.3
2006-06-14,28989.0
2006-06-15,29101.6
2006-06-16,29695.0
2006-06-19,29290.4
2006-06-20,29052.3
2006-06-21,29396.1
2006-06-22,29945.2
2006-06-23,29670.9
2006-06-26,29752.8
2006-06-27,29957.6
2006-06-28,29643.4
2006-06-29,29945.7
2006-06-30,30405.1
2006-07-03,30514.9
2006-07-04,30589.6
2006-07-05,30543.3
2006-07-06,30683.5
2006-07-07,30773.1
2006-07-10,30818.3
2006-07-11,30604.8
2006-07-12,30734.5
2006-07-13,30472.9
2006-07-14,29762.5
2006-07-17,29703.1
2006-07-18,29506.1
2006-07-19,29366.7
2006-07-20,29944.7
2006-07-21,29729.7
2006-07-24,29572.6
2006-07-25,29920.1
2006-07-26,29580.2
2006-07-27,30012.5
2006-07-28,29715.6
2006-07-31,29881.7
2006-08-01,29853.7
2006-08-02,29555.3
2006-08-03,29950.6
2006-08-04,29702.3
2006-08-07,29737.0
2006-08-08,30114.2
2006-08-09,29773.5
2006-08-10,29721.1
2006-08-11,29698.0
2006-08-14,29883.9
2006-08-15,29671.6
2006-08-16,29827.5
2006-08-17,30394.3
2006-08-18,30374.2
2006-08-21,30494.1
2006-08-22,30573.2
2006-08-23,30610.2
2006-08-24,30051.2
2006-08-25,30268.0
2006-08-28,30294.3
2006-08-29,30564.9
2006-08-30,30570.5
2006-08-31,30877.8
2006-09-01,30778.0
2006-09-04,31034.7
2006-09-05,31168.7
2006-09-06,30960.8
2006-09-07,30929.9
2006-09-08,30868.7
2006-09-11,30436.7
2006-09-12,30124.8
2006-09-13,30385.4
2006-09-14,30708.2
2006-09-15,30503.5
2006-09-18,30746.3
2006-09-19,30651.3
2006-09-20,30298.4
2006-09-21,30284.5
2006-09-22,30207.5
2006-09-25,30260.2
2006-09-26,30282.1
2006-09-27,30916.6
2006-09-28,31042.4
2006-09-29,31288.2
2006-10-02,31438.5
2006-10-03,31473.0
2006-10-04,31220.5
2006-10-05,31685.3
2006-10-06,31697.8
2006-10-09,31566.3
2006-10-10,31866.9
2006-10-11,32074.5
2006-10-12,31933.0
2006-10-13,32118.6
2006-10-16,32266.0
2006-10-17,32086.9
2006-10-18,32281.2
2006-10-19,32111.8
2006-10-20,32416.5
2006-10-23,32404.6
2006-10-24,32305.1
2006-10-25,32523.9
2006-10-26,32750.9
2006-10-27,32561.1
2006-10-30,32809.9
2006-10-31,32718.6
2006-11-01,32913.2
2006-11-02,32870.8
2006-11-03,33008.7
2006-11-06,33083.2
2006-11-07,33371.7
2006-11-08,33174.7
2006-11-09,33031.7
2006-11-10,33122.0
2006-11-13,33011.4
2006-11-14,33117.7
2006-11-15,33083.0
2006-11-16,32891.5
2006-11-17,33056.7
2006-11-20,32484.9
2006-11-21,32703.9
2006-11-22,33239.2
2006-11-23,33368.3
2006-11-24,33287.8
2006-11-27,33279.9
2006-11-28,32865.7
2006-11-29,33295.9
2006-11-30,33475.6
2006-12-01,33144.6
2006-12-04,33128.5
2006-12-05,33138.3
2006-12-06,33383.2
2006-12-07,33374.4
2006-12-08,33133.6
2006-12-11,33404.5
2006-12-12,33428.5
2006-12-13,33517.3
2006-12-14,34036.2
2006-12-15,34050.3
2006-12-18,34148.9
2006-12-19,33954.7
2006-12-20,34249.4
2006-12-21,34174.9
2006-12-22,34306.2
2006-12-27,34548.3
2006-12-28,34653.8
2006-12-29,34711.4
2007-01-02,34713.4
2007-01-03,34713.4
2007-01-04,34190.8
2007-01-05,34112.5
2007-01-08,33683.4
2007-01-09,34220.8
2007-01-10,33799.5
2007-01-11,34068.4
2007-01-12,34521.0
2007-01-15,34735.6
2007-01-16,34733.1
2007-01-17,34565.6
2007-01-18,34727.0
2007-01-19,34731.0
2007-01-22,35058.9
2007-01-23,35110.4
2007-01-24,35317.1
2007-01-25,35323.8
2007-01-29,35265.5
2007-01-30,35584.6
2007-01-31,35345.1
2007-02-01,35594.6
2007-02-02,35700.9
2007-02-05,35643.3
2007-02-06,35944.4
2007-02-07,36149.3
2007-02-08,36147.5
2007-02-09,36317.5
2007-02-12,36299.5
2007-02-13,36375.9
2007-02-14,36522.9
2007-02-15,36721.4
2007-02-16,36483.1
2007-02-19,36754.1
2007-02-20,36757.7
2007-02-21,36538.6
2007-02-22,36941.4
2007-02-23,37058.5
2007-02-26,37204.1
2007-02-27,36913.6
2007-02-28,35920.9
2007-03-01,35819.9
2007-03-02,35673.5
2007-03-05,34876.6
2007-03-06,35614.3
2007-03-07,35975.8
2007-03-08,35958.0
2007-03-09,36026.5
2007-03-12,36402.2
2007-03-13,36242.9
2007-03-14,35484.7
2007-03-15,36172.5
2007-03-16,36071.1
2007-03-19,36216.8
2007-03-20,36322.5
2007-03-21,36233.4
2007-03-22,36827.6
2007-03-23,36806.3
2007-03-26,37061.3
2007-03-27,36898.0
2007-03-28,36645.2
2007-03-29,36879.7
2007-03-30,37103.5
2007-04-02,36613.7
2007-04-03,37217.4
2007-04-04,37735.9
2007-04-05,37611.5
2007-04-10,38083.5
2007-04-11,38075.6
2007-04-12,38117.9
2007-04-13,37979.3
2007-04-16,38370.3
2007-04-17,38301.0
2007-04-18,38614.0
2007-04-19,38169.5
2007-04-20,38433.0
2007-04-23,38443.4
2007-04-24,38313.7
2007-04-26,38462.1
2007-04-27,38087.4
2007-04-30,38176.9
2007-05-01,38052.0
2007-05-02,38621.0
2007-05-03,38674.2
2007-05-04,39041.3
2007-05-07,39233.1
2007-05-08,39039.2
2007-05-09,39266.3
2007-05-10,39355.9
2007-05-11,38995.8
2007-05-14,39327.7
2007-05-15,38993.3
2007-05-16,39014.7
2007-05-17,39492.8
2007-05-18,39161.6
2007-05-21,39529.5
2007-05-22,39341.9
2007-05-23,39443.3
2007-05-24,38971.5
2007-05-25,38808.3
2007-05-28,38799.3
2007-05-29,39210.5
2007-05-30,38750.1
2007-05-31,39185.0
2007-06-01,39355.5
2007-06-04,39734.4
2007-06-05,39599.4
2007-06-06,39391.8
2007-06-07,39233.2
2007-06-08,38742.8
2007-06-12,38794.8
2007-06-13,38439.5
2007-06-14,38940.3
2007-06-15,39144.0
2007-06-18,39452.4
2007-06-19,39630.5
2007-06-20,39785.2
2007-06-21,39723.9
2007-06-22,39696.4
2007-06-25,39451.6
2007-06-26,39319.6
2007-06-27,38544.7
2007-06-28,39051.6
2007-06-29,39119.1
2007-07-02,39046.4
2007-07-03,39269.0
2007-07-04,39266.8
2007-07-05,39663.6
2007-07-06,39594.1
2007-07-09,39902.5
2007-07-10,39658.9
2007-07-11,39432.3
2007-07-12,39671.0
2007-07-13,39833.1
2007-07-16,39779.7
2007-07-17,39784.5
2007-07-18,39457.1
2007-07-19,39800.4
2007-07-20,40035.1
2007-07-23,39839.1
2007-07-24,40038.4
2007-07-25,39528.4
2007-07-26,39016.9
2007-07-27,37922.4
2007-07-30,38083.8
2007-07-31,38304.2
2007-08-01,37038.8
2007-08-02,37479.1
2007-08-03,37537.2
2007-08-06,36908.4
2007-08-07,37312.6
2007-08-08,38071.2
2007-08-09,38475.7
2007-08-10,37042.8
2007-08-13,37514.6
2007-08-14,37223.4
2007-08-15,36120.9
2007-08-16,35643.3
2007-08-17,35390.9
2007-08-20,37145.6
2007-08-21,37501.1
2007-08-22,37603.7
2007-08-23,38581.0
2007-08-24,38136.7
2007-08-27,38764.6
2007-08-28,38718.8
2007-08-29,38254.3
2007-08-30,38503.9
2007-08-31,39240.5
2007-09-03,39392.9
2007-09-04,39559.2
2007-09-05,39367.7
2007-09-06,39300.3
2007-09-07,39472.9
2007-09-10,38990.6
2007-09-11,39271.1
2007-09-12,39179.0
2007-09-13,39244.8
2007-09-14,39727.5
2007-09-17,39520.3
2007-09-18,39024.6
2007-09-19,40055.8
2007-09-20,40293.8
2007-09-21,40067.7
2007-09-24,40685.7
2007-09-25,40886.4
2007-09-26,40877.4
2007-09-27,41235.2
2007-09-28,41424.1
2007-10-01,41398.6
2007-10-02,42006.5
2007-10-03,42006.9
2007-10-04,41420.1
2007-10-05,41662.6
2007-10-08,41972.3
2007-10-09,42120.4
2007-10-10,42503.6
2007-10-11,42715.9
2007-10-12,42571.0
2007-10-15,42509.0
2007-10-16,42213.0
2007-10-17,42140.2
2007-10-18,42693.0
2007-10-19,42306.0
2007-10-22,41492.2
2007-10-23,42019.2
2007-10-24,41852.6
2007-10-25,41789.0
2007-10-26,42270.1
2007-10-29,42852.5
2007-10-30,42598.6
2007-10-31,42623.8
2007-11-01,43094.3
2007-11-02,42261.5
2007-11-05,41540.6
2007-11-06,41828.9
2007-11-07,42275.7
2007-11-08,41259.9
2007-11-09,41413.3
2007-11-12,40841.2
2007-11-13,41222.5
2007-11-14,41754.9
2007-11-15,41312.6
2007-11-16,40939.9
2007-11-19,41406.3
2007-11-20,40711.1
2007-11-21,40453.5
2007-11-22,40136.6
2007-11-23,40126.3
2007-11-26,41021.1
2007-11-27,40776.0
2007-11-28,40381.3
2007-11-29,40854.7
2007-11-30,41416.7
2007-12-03,41420.3
2007-12-04,41403.7
2007-12-05,41260.0
2007-12-06,41847.9
2007-12-07,42191.2
2007-12-10,42005.8
2007-12-11,42356.1
2007-12-12,41943.1
2007-12-13,41831.9
2007-12-14,41160.4
2007-12-17,39714.8
2007-12-18,39545.8
2007-12-19,39415.8
2007-12-20,39165.5
2007-12-21,39700.7
2007-12-24,40187.6
2007-12-27,40360.8
2007-12-28,40291.8
2007-12-31,40291.2
2008-01-02,40375.9
2008-01-03,39991.7
2008-01-04,40094.1
2008-01-07,39171.1
2008-01-08,38958.2
2008-01-09,38701.3
2008-01-10,38643.9
2008-01-11,38026.8
2008-01-14,38016.6
2008-01-15,37889.2
2008-01-16,36933.7
2008-01-17,36847.5
2008-01-18,36536.8
2008-01-21,35476.2
2008-01-22,32974.2
2008-01-23,34407.6
2008-01-24,35476.4
2008-01-25,37255.6
2008-01-29,36341.0
2008-01-30,35719.7
2008-01-31,35920.2
2008-02-01,37145.2
2008-02-04,37300.9
2008-02-05,36827.1
2008-02-06,35660.2
2008-02-07,35579.9
2008-02-08,35969.5
2008-02-11,35234.6
2008-02-12,35683.7
2008-02-13,35264.3
2008-02-14,36172.3
2008-02-15,35675.7
2008-02-18,35424.7
2008-02-19,35811.9
2008-02-20,35039.6
2008-02-21,35599.4
2008-02-22,35449.8
2008-02-25,35902.8
2008-02-26,36221.2
2008-02-27,36882.7
2008-02-28,36161.2
2008-02-29,35673.6
2008-03-03,34696.6
2008-03-04,34556.4
2008-03-05,34546.3
2008-03-06,34927.8
2008-03-07,33835.1
2008-03-10,33298.1
2008-03-11,33004.1
2008-03-12,33801.9
2008-03-13,33019.7
2008-03-14,33493.7
2008-03-17,32724.0
2008-03-18,32718.6
2008-03-19,34028.7
2008-03-20,33006.7
2008-03-25,34250.3
2008-03-26,34656.0
2008-03-27,34593.8
2008-03-28,34461.6
2008-03-31,34491.9
2008-04-01,34533.9
2008-04-02,35449.1
2008-04-03,36132.0
2008-04-04,36202.2
2008-04-07,36242.7
2008-04-08,35898.0
2008-04-09,35567.1
2008-04-10,35091.7
2008-04-11,35046.0
2008-04-14,34423.3
2008-04-15,34796.9
2008-04-16,35247.1
2008-04-17,35560.7
2008-04-18,34985.3
2008-04-21,36084.8
2008-04-22,35854.7
2008-04-23,36423.8
2008-04-24,36001.2
2008-04-28,36102.1
2008-04-29,36129.1
2008-04-30,36054.8
2008-05-01,35993.0
2008-05-02,36731.5
2008-05-05,36926.3
2008-05-06,36740.1
2008-05-07,36532.5
2008-05-08,36928.2
2008-05-09,37241.4
2008-05-12,37607.7
2008-05-13,37505.2
2008-05-14,37892.5
2008-05-15,38008.5
2008-05-16,38268.6
2008-05-19,38434.2
2008-05-20,38167.2
2008-05-21,37620.4
2008-05-22,37642.9
2008-05-23,37262.1
2008-05-26,36885.9
2008-05-27,36938.0
2008-05-28,36509.0
2008-05-29,36906.6
2008-05-30,36604.8
2008-06-02,36674.0
2008-06-03,36104.1
2008-06-04,36173.8
2008-06-05,35821.6
2008-06-06,36223.1
2008-06-10,35221.8
2008-06-11,35414.8
2008-06-12,34521.1
2008-06-13,34837.8
2008-06-16,34796.0
2008-06-17,35126.4
2008-06-18,35259.5
2008-06-19,34763.3
2008-06-20,34255.7
2008-06-23,34228.8
2008-06-24,34359.8
2008-06-25,34021.1
2008-06-26,34470.3
2008-06-27,34015.8
2008-06-30,33875.3
2008-07-01,33378.9
2008-07-02,33092.5
2008-07-03,32465.8
2008-07-04,33010.0
2008-07-07,32493.0
2008-07-08,32041.2
2008-07-09,32553.8
2008-07-10,32070.0
2008-07-11,32346.3
2008-07-14,31963.7
2008-07-15,31279.5
2008-07-16,31636.4
2008-07-17,31834.0
2008-07-18,31439.9
2008-07-21,32553.2
2008-07-22,32513.0
2008-07-23,33160.7
2008-07-24,33413.0
2008-07-25,32285.5
2008-07-28,31971.0
2008-07-29,31485.6
2008-07-30,32065.5
2008-07-31,32329.8
2008-08-01,31854.3
2008-08-04,31748.3
2008-08-05,31311.2
2008-08-06,32277.2
2008-08-07,32369.1
2008-08-08,32388.0
2008-08-11,32388.0
2008-08-12,32856.8
2008-08-13,32193.8
2008-08-14,32385.7
2008-08-15,32390.5
2008-08-18,32482.1
2008-08-19,31709.9
2008-08-20,32126.6
2008-08-21,31776.4
2008-08-22,32143.4
2008-08-25,32747.6
2008-08-26,32754.5
2008-08-27,32790.5
2008-08-28,33176.3
2008-08-29,33652.1
2008-09-01,33629.0
2008-09-02,33624.4
2008-09-03,33269.3
2008-09-04,32746.5
2008-09-05,32074.3
2008-09-08,33343.5
2008-09-09,32769.6
2008-09-10,32283.0
2008-09-11,31683.2
2008-09-12,32274.8
2008-09-15,31732.5
2008-09-16,31296.6
2008-09-17,31112.5
2008-09-18,30358.7
2008-09-19,31655.9
2008-09-22,33096.8
2008-09-23,32458.0
2008-09-24,32849.4
2008-09-25,32490.5
2008-09-26,32342.7
2008-09-29,31701.9
2008-09-30,30338.8
2008-10-01,31618.6
2008-10-02,31398.0
2008-10-03,30976.5
2008-10-06,29953.7
2008-10-07,30470.2
2008-10-08,28948.7
2008-10-09,28507.3
2008-10-10,26130.3
2008-10-13,27582.4
2008-10-14,28601.6
2008-10-15,28370.1
2008-10-16,26479.4
2008-10-17,26198.2
2008-10-20,27330.4
2008-10-21,28387.5
2008-10-22,27421.9
2008-10-23,26222.6
2008-10-24,25530.3
2008-10-27,25132.8
2008-10-28,25036.4
2008-10-29,25372.8
2008-10-30,26399.0
2008-10-31,26514.5
2008-11-03,27857.4
2008-11-04,27815.4
2008-11-05,28667.9
2008-11-06,27480.0
2008-11-07,26883.4
2008-11-10,27260.2
2008-11-11,26285.6
2008-11-12,26069.0
2008-11-13,24542.0
2008-11-14,24879.7
2008-11-17,24248.5
2008-11-18,23394.2
2008-11-19,23237.8
2008-11-20,22263.8
2008-11-21,22685.8
2008-11-24,22759.2
2008-11-25,24076.6
2008-11-26,23523.8
2008-11-27,23842.7
2008-11-28,24869.9
2008-12-01,24462.4
2008-12-02,23446.0
2008-12-03,23483.1
2008-12-04,23473.8
2008-12-05,23191.3
2008-12-08,24132.7
2008-12-09,23951.8
2008-12-10,24195.5
2008-12-11,23912.8
2008-12-12,23330.5
2008-12-15,23870.7
2008-12-16,23637.1
2008-12-17,23733.5
2008-12-18,23803.7
2008-12-19,24033.1
2008-12-22,23645.6
2008-12-23,23528.7
2008-12-24,23867.9
2008-12-29,24127.0
2008-12-30,24347.2
2008-12-31,24801.3
2009-01-02,24744.6
2009-01-05,24566.3
2009-01-06,24937.1
2009-01-07,25183.9
2009-01-08,24614.6
2009-01-09,24890.8
2009-01-12,24541.5
2009-01-13,24350.3
2009-01-14,24566.1
2009-01-15,23517.2
2009-01-16,23659.8
2009-01-19,23915.5
2009-01-20,23164.7
2009-01-21,22939.0
2009-01-22,23232.5
2009-01-23,22272.3
2009-01-27,22947.2
2009-01-28,23290.7
2009-01-29,23494.7
2009-01-30,23591.6
2009-02-02,23332.8
2009-02-03,23407.7
2009-02-04,22935.7
2009-02-05,22873.2
2009-02-06,23148.9
2009-02-09,23407.6
2009-02-10,23280.3
2009-02-11,23185.3
2009-02-12,23451.3
2009-02-13,23750.9
2009-02-16,23519.3
2009-02-17,23172.5
2009-02-18,22839.5
2009-02-19,23079.1
2009-02-20,22767.7
2009-02-23,22508.3
2009-02-24,22406.4
2009-02-25,22384.8
2009-02-26,22509.5
2009-02-27,22512.8
2009-03-02,21889.38
2009-03-03,21694.09
2009-03-04,21367.0
2009-03-05,21529.47
2009-03-06,21298.06
2009-03-09,21359.14
2009-03-10,21569.38
2009-03-11,21975.77
2009-03-12,21915.92
2009-03-13,22666.2
2009-03-16,22692.72
2009-03-17,23395.92
2009-03-18,23358.98
2009-03-19,23589.55
2009-03-20,23492.57
2009-03-23,24083.93
2009-03-24,24285.29
2009-03-25,24488.53
2009-03-26,24742.65
2009-03-27,24916.9
2009-03-30,24458.04
2009-03-31,24310.04
2009-04-01,24293.67
2009-04-02,24975.77
2009-04-03,25354.58
2009-04-06,25496.81
2009-04-07,25155.57
2009-04-08,24566.37
2009-04-09,24922.8
2009-04-14,25475.06
2009-04-15,25438.48
2009-04-16,25629.86
2009-04-17,25636.72
2009-04-20,25584.8
2009-04-21,24962.87
2009-04-22,24900.18
2009-04-23,25408.16
2009-04-24,25199.41
2009-04-27,25330.5
2009-04-28,25173.14
2009-04-29,25085.64
2009-04-30,25663.58
2009-05-01,25589.93
2009-05-04,25330.5
2009-05-05,26413.24
2009-05-06,26255.27
2009-05-07,26772.21
2009-05-08,26792.76
2009-05-11,26689.41
2009-05-12,26358.16
2009-05-13,26214.69
2009-05-14,25312.28
2009-05-15,25651.75
2009-05-18,25449.19
2009-05-19,26005.54
2009-05-20,26055.41
2009-05-21,25984.1
2009-05-22,25627.71
2009-05-25,25466.43
2009-05-26,25810.73
2009-05-27,25896.85
2009-05-28,25587.39
2009-05-29,26011.84
2009-06-01,26534.72
2009-06-02,26949.81
2009-06-03,27371.73
2009-06-04,26852.42
2009-06-05,27101.64
2009-06-09,26853.9
2009-06-10,27470.0
2009-06-11,27625.74
2009-06-12,27727.97
2009-06-15,27519.88
2009-06-16,27047.3
2009-06-17,26649.0
2009-06-18,26566.73
2009-06-19,26621.11
2009-06-22,26748.17
2009-06-23,25920.35
2009-06-24,26041.88
2009-06-25,26377.08
2009-06-26,26704.43
2009-06-29,26588.57
2009-06-30,27053.61
2009-07-01,26500.4
2009-07-02,26522.78
2009-07-03,26187.03
2009-07-06,25882.83
2009-07-07,25767.8
2009-07-08,25775.06
2009-07-09,25743.46
2009-07-10,25953.82
2009-07-13,25566.55
2009-07-14,26453.57
2009-07-15,26846.09
2009-07-16,27332.5
2009-07-17,27367.67
2009-07-20,27706.45
2009-07-21,27709.1
2009-07-22,27830.72
2009-07-23,27800.71
2009-07-24,27976.47
2009-07-27,28317.2
2009-07-28,28522.14
2009-07-29,28339.11
2009-07-30,28665.23
2009-07-31,29032.28
2009-08-03,29164.94
2009-08-04,29479.05
2009-08-05,29172.6
2009-08-06,29595.64
2009-08-07,29411.7
2009-08-10,29443.9
2009-08-11,29670.22
2009-08-12,29746.36
2009-08-13,30382.31
2009-08-14,30554.21
2009-08-17,30114.47
2009-08-18,30071.82
2009-08-19,30018.62
2009-08-20,30043.92
2009-08-21,29447.01
2009-08-24,30436.57
2009-08-25,30326.6
2009-08-26,30689.04
2009-08-27,30673.4
2009-08-28,30955.77
2009-08-31,30939.49
2009-09-01,31197.32
2009-09-02,30674.22
2009-09-03,30616.62
2009-09-04,30661.52
2009-09-07,30830.93
2009-09-08,31315.86
2009-09-09,31305.2
2009-09-10,31642.45
2009-09-11,31817.84
2009-09-14,31383.18
2009-09-15,31447.36
2009-09-16,32209.8
2009-09-17,32657.62
2009-09-18,32508.0
2009-09-21,32402.19
2009-09-22,32307.36
2009-09-23,32795.35
2009-09-24,32570.7
2009-09-25,32654.23
2009-09-28,32408.92
2009-09-29,32933.73
2009-09-30,32870.39
2009-10-01,32575.85
2009-10-02,31890.13
2009-10-05,31693.47
2009-10-06,31823.13
2009-10-07,32544.57
2009-10-08,33049.66
2009-10-09,32942.4
2009-10-12,32852.88
2009-10-13,33170.64
2009-10-14,33485.7
2009-10-15,33685.05
2009-10-16,33523.62
2009-10-19,33221.01
2009-10-20,33591.56
2009-10-21,33538.83
2009-10-22,33359.44
2009-10-23,33682.75
2009-10-26,33481.24
2009-10-27,32949.21
2009-10-28,32475.12
2009-10-29,31709.96
2009-10-30,32185.68
2009-11-02,31474.19
2009-11-03,31412.16
2009-11-04,31473.23
2009-11-05,31292.63
2009-11-06,31892.53
2009-11-09,32515.76
2009-11-10,32923.51
2009-11-11,33092.84
2009-11-12,33029.26
2009-11-13,32788.64
2009-11-16,33130.87
2009-11-17,32951.54
2009-11-18,33018.38
2009-11-19,33091.72
2009-11-20,32649.54
2009-11-23,32867.46
2009-11-24,32645.76
2009-11-25,32904.84
2009-11-26,32810.19
2009-11-27,31858.5
2009-11-30,32759.73
2009-12-01,32882.7
2009-12-02,33184.88
2009-12-03,33270.11
2009-12-04,32765.78
2009-12-07,32586.29
2009-12-08,32545.78
2009-12-09,32317.55
2009-12-10,32102.49
2009-12-11,32301.54
2009-12-14,32432.39
2009-12-15,32568.19
2009-12-16,32488.23
2009-12-17,32546.46
2009-12-18,32408.83
2009-12-21,32301.58
2009-12-22,32783.24
2009-12-23,33069.7
2009-12-24,33429.11
2009-12-29,33807.68
2009-12-30,33725.41
2009-12-31,33985.86
2010-01-04,34025.42
2010-01-05,34360.43
2010-01-06,34340.41
2010-01-07,34186.93
2010-01-08,34276.25
2010-01-11,34545.11
2010-01-12,34188.27
2010-01-13,33969.23
2010-01-14,34177.91
2010-01-15,34188.75
2010-01-18,34268.82
2010-01-19,33921.08
2010-01-20,33969.64
2010-01-21,33683.34
2010-01-22,33149.2
2010-01-25,32920.62
2010-01-27,32409.7
2010-01-28,32609.45
2010-01-29,31886.25
2010-02-01,31568.9
2010-02-02,32135.45
2010-02-03,32432.4
2010-02-04,32248.95
2010-02-05,31528.42
2010-02-08,31579.55
2010-02-09,31471.22
2010-02-10,31529.55
2010-02-11,31816.65
2010-02-12,31872.58
2010-02-15,31812.53
2010-02-16,31970.64
2010-02-17,32672.55
2010-02-18,32581.94
2010-02-19,32444.34
2010-02-22,33077.09
2010-02-23,33120.15
2010-02-24,32645.82
2010-02-25,32263.95
2010-02-26,32576.06
2010-03-01,32992.37
2010-03-02,33121.66
2010-03-03,33394.99
2010-03-04,33507.93
2010-03-05,33630.74
2010-03-08,33917.29
2010-03-09,34010.73
2010-03-10,34010.23
2010-03-11,33971.19
2010-03-12,34004.17
2010-03-15,33769.76
2010-03-16,33864.45
2010-03-17,34259.2
2010-03-18,34330.28
2010-03-19,34394.66
2010-03-22,34118.91
2010-03-23,34433.58
2010-03-24,34552.18
2010-03-25,34513.99
2010-03-26,34597.78
2010-03-29,34602.26
2010-03-30,34740.18
2010-03-31,34448.55
2010-04-01,34678.82
2010-04-06,35003.63
2010-04-07,35054.56
2010-04-08,34892.03
2010-04-09,34963.98
2010-04-12,35220.82
2010-04-13,34990.11
2010-04-14,35294.26
2010-04-15,35345.61
2010-04-16,35223.57
2010-04-19,34731.84
2010-04-20,34807.39
2010-04-21,35008.86
2010-04-22,34677.5
2010-04-23,34495.42
2010-04-27,34484.83
2010-04-28,34082.05
2010-04-29,33819.09
2010-04-30,33973.06
2010-05-03,33819.25
2010-05-04,33477.21
2010-05-05,33033.41
2010-05-06,32360.96
2010-05-07,31706.15
2010-05-10,32558.85
2010-05-11,32192.21
2010-05-12,32368.94
2010-05-13,32933.98
2010-05-14,32639.88
2010-05-17,31682.48
2010-05-18,31707.61
2010-05-19,31114.38
2010-05-20,30613.36
2010-05-21,30535.25
2010-05-24,31173.16
2010-05-25,30250.84
2010-05-26,30553.59
2010-05-27,31064.14
2010-05-28,31619.72
2010-05-31,31422.49
2010-06-01,31305.04
2010-06-02,31077.46
2010-06-03,31821.78
2010-06-04,31609.67
2010-06-07,30732.5
2010-06-08,31125.57
2010-06-09,31157.56
2010-06-10,31512.71
2010-06-11,32011.06
2010-06-15,32008.93
2010-06-16,32391.96
2010-06-17,32167.35
2010-06-18,32345.3
2010-06-21,32776.64
2010-06-22,32391.1
2010-06-23,31877.7
2010-06-24,31877.71
2010-06-25,31403.4
2010-06-28,31200.93
2010-06-29,30924.24
2010-06-30,30609.97
2010-07-01,30154.24
2010-07-02,30163.22
2010-07-05,30044.96
2010-07-06,30429.09
2010-07-07,30276.62
2010-07-08,31004.5
2010-07-09,31285.31
2010-07-12,31382.25
2010-07-13,31171.37
2010-07-14,31755.9
2010-07-15,31614.38
2010-07-16,31473.37
2010-07-19,31014.87
2010-07-20,31337.14
2010-07-21,31402.28
2010-07-22,31131.19
2010-07-23,31727.08
2010-07-26,31924.55
2010-07-27,32004.65
2010-07-28,32236.23
2010-07-29,32194.45
2010-07-30,31977.26
2010-08-02,32319.68
2010-08-03,32533.14
2010-08-04,32323.12
2010-08-05,32497.81
2010-08-06,32494.63
2010-08-09,32700.02
2010-08-10,32340.32
2010-08-11,31739.49
2010-08-12,31350.71
2010-08-13,31770.56
2010-08-16,31703.92
2010-08-17,31985.18
2010-08-18,31970.42
2010-08-19,31999.79
2010-08-20,31656.11
2010-08-23,31698.61
2010-08-24,31404.56
2010-08-25,30966.96
2010-08-26,31227.7
2010-08-27,31337.66
2010-08-30,31948.06
2010-08-31,31609.43
2010-09-01,32279.15
2010-09-02,32554.93
2010-09-03,32618.94
2010-09-06,32941.06
2010-09-07,32924.86
2010-09-08,32669.28
2010-09-09,32996.16
2010-09-10,32840.69
2010-09-13,33269.26
2010-09-14,33352.38
2010-09-15,33605.01
2010-09-16,33206.0
2010-09-17,33449.3
2010-09-20,33400.95
2010-09-21,33301.79
2010-09-22,33357.31
2010-09-23,33418.11
2010-09-24,33196.03
2010-09-27,33734.87
2010-09-28,33694.38
2010-09-29,33517.89
2010-09-30,33069.97
2010-10-01,33045.21
2010-10-04,33377.57
2010-10-05,33247.47
2010-10-06,33824.07
2010-10-07,33859.08
2010-10-08,33788.0
2010-10-11,33904.33
2010-10-12,33331.86
2010-10-13,33344.11
2010-10-14,33915.96
2010-10-15,33842.82
2010-10-18,33575.3
2010-10-19,33602.64
2010-10-20,33380.47
2010-10-21,33366.07
2010-10-22,33548.88
2010-10-25,33994.63
2010-10-26,33836.58
2010-10-27,33550.43
2010-10-28,33817.14
2010-10-29,33659.48
2010-11-01,33925.82
2010-11-02,33946.77
2010-11-03,34099.84
2010-11-04,34322.24
2010-11-05,34322.24
2010-11-08,34639.15
2010-11-09,34367.15
2010-11-10,34070.61
2010-11-11,34285.09
2010-11-12,34078.3
2010-11-15,34060.6
2010-11-16,34135.04
2010-11-17,33582.92
2010-11-18,33701.35
2010-11-19,33621.85
2010-11-22,33727.45
2010-11-23,33331.86
2010-11-24,33299.77
2010-11-25,33363.49
2010-11-26,33399.21
2010-11-29,33545.71
2010-11-30,33298.68
2010-12-01,33315.19
2010-12-02,33966.13
2010-12-03,34096.74
2010-12-06,34056.05
2010-12-07,34333.7
2010-12-08,34138.12
2010-12-09,34441.28
2010-12-10,34475.0
2010-12-13,34556.2
2010-12-14,34626.98
2010-12-15,34633.66
2010-12-16,34751.28
2010-12-17,34600.26
2010-12-20,34407.75
2010-12-21,34664.01
2010-12-22,34711.77
2010-12-23,34909.71
2010-12-24,34751.48
2010-12-29,34736.68
2010-12-30,34846.91
2010-12-31,34518.54
2011-01-04,34498.45
2011-01-05,34298.06
2011-01-06,34371.18
2011-01-07,34226.1
2011-01-10,34278.87
2011-01-11,34267.07
2011-01-12,34365.54
2011-01-13,34882.23
2011-01-14,34928.27
2011-01-17,34648.85
2011-01-18,34930.67
2011-01-19,35168.88
2011-01-20,34798.79
2011-01-21,34594.88
2011-01-24,34815.94
2011-01-25,34974.38
2011-01-27,34961.82
2011-01-28,34734.82
2011-01-31,34582.28
2011-02-01,34569.11
2011-02-02,34892.12
2011-02-03,35067.15
2011-02-04,35373.72
2011-02-07,35416.23
2011-02-08,35601.46
2011-02-09,35706.29
2011-02-10,35776.74
2011-02-11,35534.51
2011-02-14,35998.0
2011-02-15,35968.22
2011-02-16,35962.18
2011-02-17,36027.46
2011-02-18,36016.64
2011-02-21,35800.19
2011-02-22,35514.77
2011-02-23,35441.73
2011-02-24,35185.08
2011-02-25,35386.79
2011-02-28,35394.9
2011-03-01,35365.64
2011-03-02,35214.44
2011-03-03,35251.6
2011-03-04,35706.2
2011-03-07,35277.24
2011-03-08,35362.53
2011-03-09,35067.21
2011-03-10,34566.89
2011-03-11,34170.05
2011-03-14,34034.46
2011-03-15,33317.6
2011-03-16,33534.52
2011-03-17,33513.24
2011-03-18,34040.56
2011-03-21,34185.16
2011-03-22,34189.78
2011-03-23,34256.45
2011-03-24,34604.07
2011-03-25,34926.74
2011-03-28,34863.36
2011-03-29,35026.91
2011-03-30,35515.55
2011-03-31,35632.05
2011-04-01,35808.44
2011-04-04,35992.67
2011-04-05,36090.52
2011-04-06,36187.01
2011-04-07,36151.78
2011-04-08,36390.69
2011-04-11,36617.69
2011-04-12,36083.43
2011-04-13,36174.07
2011-04-14,35977.29
2011-04-15,35740.79
2011-04-18,35812.32
2011-04-19,35307.28
2011-04-20,35791.12
2011-04-21,36194.98
2011-04-27,35893.72
2011-04-28,35894.7
2011-04-29,35527.91
2011-05-02,35544.26
2011-05-03,35246.25
2011-05-04,34918.51
2011-05-05,35020.91
2011-05-06,34942.26
2011-05-09,35054.29
2011-05-10,34825.57
2011-05-11,35227.11
2011-05-12,34658.67
2011-05-13,34772.72
2011-05-16,34391.31
2011-05-17,34642.14
2011-05-18,34714.72
2011-05-19,35178.29
2011-05-20,34999.2
2011-05-23,34340.03
2011-05-24,34235.68
2011-05-25,33909.12
2011-05-26,34473.46
2011-05-27,34649.2
2011-05-30,34527.53
2011-05-31,34829.07
2011-06-01,34821.56
2011-06-02,34087.66
2011-06-03,33959.19
2011-06-06,33856.02
2011-06-07,33836.13
2011-06-08,33617.02
2011-06-09,33712.34
2011-06-10,33804.79
2011-06-14,33974.02
2011-06-15,33839.28
2011-06-16,33190.76
2011-06-17,33232.86
2011-06-20,32990.82
2011-06-21,33409.16
2011-06-22,33589.96
2011-06-23,33352.25
2011-06-24,33459.54
2011-06-27,33115.76
2011-06-28,33208.36
2011-06-29,33618.17
2011-06-30,34200.68
2011-07-01,34077.1
2011-07-04,34222.27
2011-07-05,34128.52
2011-07-06,34179.9
2011-07-07,34184.14
2011-07-08,34549.41
2011-07-11,34011.8
2011-07-12,33367.07
2011-07-13,33510.51
2011-07-14,33332.18
2011-07-15,33204.34
2011-07-18,33192.86
2011-07-19,33164.47
2011-07-20,33769.84
2011-07-21,33816.75
2011-07-22,34164.3
2011-07-25,33626.21
2011-07-26,33945.21
2011-07-27,33678.24
2011-07-28,33132.01
2011-07-29,32841.59
2011-08-01,33384.67
2011-08-02,32908.3
2011-08-03,32160.11
2011-08-04,31742.76
2011-08-05,30472.6
2011-08-08,29587.07
2011-08-09,29948.71
2011-08-10,30768.76
2011-08-11,30765.98
2011-08-12,31005.98
2011-08-15,31917.43
2011-08-16,31656.44
2011-08-17,32079.48
2011-08-18,31686.43
2011-08-19,30578.23
2011-08-22,30498.54
2011-08-23,31217.14
2011-08-24,31179.26
2011-08-25,31539.08
2011-08-26,31445.24
2011-08-29,31958.01
2011-08-30,32002.8
2011-08-31,32214.85
2011-09-01,32322.45
2011-09-02,31846.26
2011-09-05,31165.34
2011-09-06,30668.01
2011-09-07,31479.6
2011-09-08,31515.33
2011-09-09,31567.35
2011-09-12,30426.35
2011-09-13,30683.71
2011-09-14,30179.77
2011-09-15,30684.8
2011-09-16,31270.96
2011-09-19,30768.27
2011-09-20,30458.16
2011-09-21,30696.05
2011-09-22,29891.24
2011-09-23,29426.26
2011-09-26,29145.71
2011-09-27,30206.85
2011-09-28,30470.55
2011-09-29,30234.77
2011-09-30,30239.41
2011-10-03,29397.66
2011-10-04,29212.13
2011-10-05,29622.38
2011-10-06,30704.23
2011-10-07,31405.67
2011-10-10,31693.94
2011-10-11,31894.63
2011-10-12,31719.07
2011-10-13,32022.93
2011-10-14,31729.47
2011-10-17,32255.81
2011-10-18,31588.03
2011-10-19,31790.4
2011-10-20,31271.49
2011-10-21,31248.43
2011-10-24,32102.23
2011-10-25,31897.29
2011-10-26,32007.85
2011-10-27,32804.84
2011-10-28,32846.68
2011-10-31,32430.56
2011-11-01,31938.52
2011-11-02,31574.35
2011-11-03,31477.53
2011-11-04,32302.32
2011-11-07,32327.5
2011-11-08,32482.04
2011-11-09,32879.98
2011-11-10,32233.24
2011-11-11,32631.34
2011-11-14,32698.63
2011-11-15,32554.81
2011-11-16,32264.3
2011-11-17,32350.77
2011-11-18,31733.38
2011-11-21,31630.84
2011-11-22,31402.7
2011-11-23,30779.79
2011-11-24,30728.07
2011-11-25,30273.18
2011-11-28,30834.37
2011-11-29,31167.94
2011-11-30,31302.54
2011-12-01,32130.38
2011-12-02,32581.37
2011-12-05,32834.55
2011-12-06,32383.64
2011-12-07,32617.24
2011-12-08,32527.71
2011-12-09,31940.43
2011-12-12,32319.65
2011-12-13,31867.88
2011-12-14,31845.83
2011-12-15,31460.91
2011-12-16,31608.67
2011-12-19,30857.46
2011-12-20,30802.18
2011-12-21,31458.92
2011-12-22,31139.92
2011-12-23,31517.42
2011-12-28,31124.22
2011-12-29,30989.6
2011-12-30,30879.12
2012-01-03,31218.59
2012-01-04,31878.44
2012-01-05,31534.7
2012-01-06,31274.64
2012-01-09,31251.26
2012-01-10,31607.43
2012-01-11,31876.03
2012-01-12,31826.35
2012-01-13,31939.71
2012-01-16,31569.36
2012-01-17,32090.01
2012-01-18,32107.11
2012-01-19,32083.47
2012-01-20,32273.37
2012-01-23,32162.74
2012-01-24,32156.08
2012-01-25,32514.7
2012-01-27,32644.35
2012-01-30,32525.38
2012-01-31,32448.82
2012-02-01,32167.04
2012-02-02,32488.13
2012-02-03,32361.2
2012-02-06,32702.33
2012-02-07,32536.47
2012-02-08,32662.19
2012-02-09,32627.02
2012-02-10,32341.05
2012-02-13,32645.3
2012-02-14,32326.51
2012-02-15,32407.04
2012-02-16,31862.64
2012-02-17,31970.99
2012-02-20,32557.85
2012-02-21,32855.25
2012-02-22,32872.04
2012-02-23,32827.08
2012-02-24,32993.6
2012-02-27,32799.84
2012-02-28,32773.02
2012-02-29,33068.21
2012-03-01,32750.32
2012-03-02,32887.44
2012-03-05,32849.1
2012-03-06,32401.74
2012-03-07,31934.55
2012-03-08,32149.48
2012-03-09,32471.95
2012-03-12,32353.99
2012-03-13,32746.82
2012-03-14,33058.03
2012-03-15,32986.51
2012-03-16,32974.64
2012-03-19,33115.46
2012-03-20,32993.7
2012-03-21,32833.41
2012-03-22,32984.41
2012-03-23,32960.69
2012-03-26,32911.7
2012-03-27,33209.19
2012-03-28,33535.61
2012-03-29,33492.3
2012-03-30,33472.33
2012-04-02,33426.24
2012-04-03,33486.19
2012-04-04,33463.39
2012-04-05,33356.08
2012-04-10,33143.61
2012-04-11,32787.6
2012-04-12,33054.11
2012-04-13,33383.59
2012-04-16,33221.63
2012-04-17,33117.02
2012-04-18,33579.38
2012-04-19,33688.0
2012-04-20,33717.13
2012-04-23,33608.47
2012-04-24,33670.36
2012-04-26,33784.29
2012-04-27,33682.75
2012-04-30,33950.94
2012-05-01,34205.22
2012-05-02,34257.11
2012-05-03,34203.43
2012-05-04,33949.2
2012-05-07,33228.46
2012-05-08,33329.32
2012-05-09,33025.96
2012-05-10,33241.31
2012-05-11,33160.2
2012-05-14,33333.61
2012-05-15,33095.32
2012-05-16,32313.77
2012-05-17,32250.82
2012-05-18,31391.84
2012-05-21,31603.46
2012-05-22,31971.05
2012-05-23,31552.35
2012-05-24,31467.38
2012-05-25,31260.99
2012-05-28,31566.34
2012-05-29,31926.28
2012-05-30,31769.67
2012-05-31,31695.6
2012-06-01,31599.36
2012-06-04,30989.03
2012-06-05,31445.25
2012-06-06,31535.45
2012-06-07,31950.94
2012-06-08,31601.96
2012-06-12,31673.39
2012-06-13,31602.68
2012-06-14,31435.1
2012-06-15,31552.49
2012-06-18,32171.27
2012-06-19,32065.72
2012-06-20,32136.6
2012-06-21,31787.61
2012-06-22,31481.55
2012-06-25,31383.88
2012-06-26,31270.8
2012-06-27,31503.56
2012-06-28,31516.52
2012-06-29,31904.52
2012-07-02,32204.43
2012-07-03,32163.48
2012-07-04,32513.7
2012-07-05,32490.6
2012-07-06,32402.63
2012-07-09,32094.49
2012-07-10,31936.7
2012-07-11,31925.16
2012-07-12,31702.52
2012-07-13,31813.76
2012-07-16,31991.9
2012-07-17,32270.08
2012-07-18,32136.04
2012-07-19,32783.61
2012-07-20,32724.62
2012-07-23,32177.67
2012-07-24,32211.11
2012-07-25,32138.75
2012-07-26,32324.12
2012-07-27,32807.59
2012-07-30,33087.66
2012-07-31,33270.37
2012-08-01,33220.9
2012-08-02,33273.71
2012-08-03,32899.18
2012-08-06,33297.46
2012-08-07,33445.36
2012-08-08,33608.99
2012-08-09,33575.59
2012-08-10,33334.21
2012-08-13,33407.88
2012-08-14,33480.25
2012-08-15,33404.46
2012-08-16,33791.66
2012-08-17,34103.3
2012-08-20,34218.69
2012-08-21,34405.24
2012-08-22,34352.35
2012-08-23,34417.42
2012-08-24,34163.32
2012-08-27,34154.15
2012-08-28,34297.61
2012-08-29,34274.53
2012-08-30,33975.09
2012-08-31,33981.77
2012-09-03,34177.05
2012-09-04,33975.34
2012-09-05,33782.7
2012-09-06,34058.16
2012-09-07,34161.67
2012-09-10,34260.83
2012-09-11,34199.48
2012-09-12,34479.88
2012-09-13,34308.66
2012-09-14,34708.2
2012-09-17,34826.82
2012-09-18,34768.12
2012-09-19,34955.08
2012-09-20,34787.89
2012-09-21,34877.1
2012-09-24,34709.41
2012-09-25,34609.61
2012-09-26,34521.17
2012-09-27,34699.78
2012-09-28,34723.66
2012-10-01,34736.37
2012-10-02,35087.9
2012-10-03,35133.26
2012-10-04,35242.45
2012-10-05,35575.11
2012-10-08,35477.15
2012-10-09,35663.1
2012-10-10,35547.72
2012-10-11,35490.63
2012-10-12,35514.79
2012-10-15,35490.02
2012-10-16,35553.9
2012-10-17,35844.49
2012-10-18,36091.68
2012-10-19,36183.82
2012-10-22,35946.81
2012-10-23,35965.74
2012-10-24,35670.81
2012-10-25,35707.89
2012-10-26,35406.1
2012-10-29,35442.3
2012-10-30,35512.2
2012-10-31,35760.08
2012-11-01,35290.23
2012-11-02,35317.64
2012-11-05,35429.03
2012-11-06,35513.59
2012-11-07,35764.32
2012-11-08,35576.14
2012-11-09,35555.29
2012-11-12,35443.8
2012-11-13,34900.14
2012-11-14,34968.8
2012-11-15,34659.74
2012-11-16,34568.68
2012-11-19,34764.77
2012-11-20,34964.89
2012-11-21,34835.9
2012-11-22,35183.29
2012-11-23,35182.81
2012-11-26,35272.86
2012-11-27,35534.58
2012-11-28,35458.68
2012-11-29,35703.57
2012-11-30,35929.26
2012-12-03,36132.69
2012-12-04,35909.96
2012-12-05,36044.12
2012-12-06,35955.97
2012-12-07,36294.16
2012-12-10,36346.77
2012-12-11,36490.77
2012-12-12,36553.7
2012-12-13,36545.59
2012-12-14,36548.1
2012-12-17,36470.64
2012-12-18,36644.56
2012-12-19,36824.82
2012-12-20,36955.05
2012-12-21,36931.87
2012-12-24,37024.61
2012-12-27,37126.65
2012-12-28,37313.05
2012-12-31,37134.53
2013-01-02,37589.75
2013-01-03,37867.27
2013-01-04,37732.26
2013-01-07,37683.37
2013-01-08,37467.09
2013-01-09,37609.98
2013-01-10,37728.36
2013-01-11,37620.75
2013-01-14,37702.4
2013-01-15,37677.22
2013-01-16,37852.08
2013-01-17,37997.32
2013-01-18,38113.95
2013-01-21,38164.05
2013-01-22,38177.4
2013-01-23,38247.29
2013-01-24,38426.21
2013-01-25,38625.52
2013-01-29,39055.31
2013-01-30,39116.96
2013-01-31,38973.87
2013-02-01,39311.91
2013-02-04,39203.42
2013-02-05,39005.34
2013-02-06,39310.77
2013-02-07,39428.58
2013-02-08,39738.56
2013-02-11,39644.3
2013-02-12,39642.8
2013-02-13,40000.35
2013-02-14,40266.56
2013-02-15,40244.46
2013-02-18,40625.64
2013-02-19,40807.43
2013-02-20,40944.55
2013-02-21,39998.95
2013-02-22,40311.45
2013-02-25,40649.52
2013-02-26,40241.06
2013-02-27,40510.98
2013-02-28,41067.34
2013-03-01,40932.09
2013-03-04,40426.09
2013-03-05,40965.05
2013-03-06,41319.12
2013-03-07,41263.89
2013-03-08,41384.66
2013-03-11,41574.2
2013-03-12,41339.65
2013-03-13,41133.99
2013-03-14,40648.34
2013-03-15,41360.16
2013-03-18,40545.46
2013-03-19,40319.86
2013-03-20,40157.76
2013-03-21,40096.21
2013-03-22,40167.09
2013-03-25,40352.56
2013-03-26,40029.49
2013-03-27,40391.34
2013-03-28,40160.92
2013-04-02,40315.81
2013-04-03,40090.76
2013-04-04,39733.34
2013-04-05,39556.74
2013-04-08,39671.48
2013-04-09,40248.52
2013-04-10,40177.9
2013-04-11,40493.91
2013-04-12,40546.2
2013-04-15,40177.77
2013-04-16,40039.79
2013-04-17,40474.16
2013-04-18,39826.04
2013-04-19,39886.66
2013-04-22,40166.8
2013-04-23,40568.61
2013-04-24,41265.72
2013-04-26,41225.91
2013-04-29,41454.77
2013-04-30,41983.8
2013-05-01,41781.31
2013-05-02,41491.28
2013-05-03,41490.27
2013-05-06,41708.02
2013-05-07,41607.18
2013-05-08,42060.27
2013-05-09,42115.79
2013-05-10,42178.25
2013-05-13,42315.74
2013-05-14,42402.24
2013-05-15,42164.47
2013-05-16,41953.32
2013-05-17,42077.93
2013-05-20,42308.41
2013-05-21,42073.05
2013-05-22,41953.72
2013-05-23,41119.96
2013-05-24,40478.71
2013-05-27,40286.68
2013-05-28,40379.09
2013-05-29,40412.21
2013-05-30,40127.23
2013-05-31,40093.75
2013-06-03,39783.54
2013-06-04,39885.27
2013-06-05,39351.37
2013-06-06,38911.97
2013-06-07,38561.31
2013-06-11,38718.86
2013-06-12,38453.46
2013-06-13,38219.92
2013-06-14,39001.27
2013-06-17,39279.02
2013-06-18,39185.16
2013-06-19,39567.95
2013-06-20,38729.67
2013-06-21,38570.24
2013-06-24,38070.45
2013-06-25,37962.95
2013-06-26,38580.63
2013-06-27,39229.38
2013-06-28,39163.27
2013-07-01,38412.11
2013-07-02,39420.98
2013-07-03,38688.04
2013-07-04,39100.8
2013-07-05,39484.88
2013-07-08,39222.14
2013-07-09,39810.32
2013-07-10,39970.99
2013-07-11,40495.72
2013-07-12,40562.47
2013-07-15,40621.36
2013-07-16,40661.41
2013-07-17,40626.07
2013-07-18,40721.8
2013-07-19,40547.86
2013-07-22,40790.64
2013-07-23,40914.97
2013-07-24,41061.45
2013-07-25,41065.86
2013-07-26,41118.17
2013-07-29,41153.24
2013-07-30,41160.7
2013-07-31,41199.66
2013-08-01,41277.23
2013-08-02,41727.98
2013-08-05,41683.05
2013-08-06,41637.2
2013-08-07,40867.91
2013-08-08,41304.22
2013-08-09,41253.34
2013-08-12,41689.79
2013-08-13,42090.61
2013-08-14,42106.59
2013-08-15,42068.07
2013-08-16,41753.66
2013-08-19,41910.57
2013-08-20,41673.06
2013-08-21,41852.36
2013-08-22,41658.29
2013-08-23,42059.96
2013-08-26,42197.7
2013-08-27,42265.18
2013-08-28,41823.43
2013-08-29,41877.95
2013-08-30,42231.38
2013-09-02,42789.11
2013-09-03,42861.13
2013-09-04,42575.31
2013-09-05,42445.46
2013-09-06,42467.92
2013-09-09,42822.78
2013-09-10,42988.83
2013-09-11,43263.4
2013-09-12,43332.13
2013-09-13,43143.8
2013-09-16,43383.98
2013-09-17,43412.1
2013-09-18,43305.36
2013-09-19,43779.98
2013-09-20,43624.67
2013-09-23,43431.49
2013-09-24,43283.0
2013-09-25,43628.47
2013-09-26,43781.59
2013-09-27,43885.83
2013-09-30,43157.87
2013-10-01,43057.98
2013-10-02,43130.4
2013-10-03,43292.11
2013-10-04,43070.58
2013-10-07,42682.67
2013-10-08,42588.26
2013-10-09,42617.95
2013-10-10,42569.6
2013-10-11,43262.09
2013-10-14,43072.09
2013-10-15,43496.24
2013-10-16,43527.35
2013-10-17,43694.36
2013-10-18,44011.66
2013-10-21,44262.3
2013-10-22,44439.07
2013-10-23,44298.07
2013-10-24,44436.93
2013-10-25,44548.25
2013-10-28,45004.54
2013-10-29,44790.46
2013-10-30,44917.23
2013-10-31,44872.92
2013-11-01,44754.38
2013-11-04,44584.08
2013-11-05,44926.74
2013-11-06,44941.98
2013-11-07,45009.14
2013-11-08,44924.32
2013-11-11,44823.42
2013-11-12,44872.95
2013-11-13,44258.59
2013-11-14,44560.23
2013-11-15,44944.98
2013-11-18,44805.49
2013-11-19,44548.93
2013-11-20,44172.44
2013-11-21,44014.64
2013-11-22,44411.92
2013-11-25,44552.77
2013-11-26,44589.08
2013-11-27,44388.17
2013-11-28,44400.36
2013-11-29,44285.13
2013-12-02,43947.73
2013-12-03,43752.57
2013-12-04,43899.73
2013-12-05,43268.82
2013-12-06,43169.43
2013-12-09,42823.18
2013-12-10,42815.94
2013-12-11,42488.77
2013-12-12,42141.37
2013-12-13,42441.6
2013-12-16,42368.4
2013-12-17,42481.5
2013-12-18,42422.48
2013-12-19,43306.27
2013-12-20,43830.59
2013-12-23,44129.77
2013-12-24,44424.12
2013-12-27,44400.32
2013-12-30,44673.35
2013-12-31,44635.11
2014-01-02,44766.02
2014-01-03,44617.46
2014-01-06,44407.13
2014-01-07,44341.33
2014-01-08,44333.5
2014-01-09,44403.23
2014-01-10,44302.95
2014-01-13,44133.58
2014-01-14,43466.2
2014-01-15,43744.57
2014-01-16,44275.32
2014-01-17,44249.42
2014-01-20,44159.16
2014-01-21,44462.87
2014-01-22,44365.31
2014-01-23,43891.8
2014-01-24,43707.86
2014-01-28,43158.92
2014-01-29,43608.41
2014-01-30,43266.94
2014-01-31,43283.12
2014-02-03,43265.68
2014-02-04,42508.05
2014-02-05,42284.93
2014-02-06,42794.42
2014-02-07,43114.22
2014-02-10,43581.22
2014-02-11,43853.16
2014-02-12,44318.44
2014-02-13,44302.86
2014-02-14,44705.2
2014-02-17,45028.3
2014-02-18,45115.96
2014-02-19,45244.96
2014-02-20,45280.3
2014-02-21,45510.83
2014-02-24,45658.94
2014-02-25,45628.91
2014-02-26,45660.75
2014-02-27,45479.6
2014-02-28,45435.69
2014-03-03,45367.83
2014-03-04,45506.59
2014-03-05,45925.21
2014-03-06,45928.38
2014-03-07,46084.37
2014-03-10,45655.87
2014-03-11,45675.44
2014-03-12,45427.92
2014-03-13,45668.33
2014-03-14,44967.79
2014-03-17,44904.7
2014-03-18,45132.68
2014-03-19,45225.86
2014-03-20,44705.92
2014-03-21,45078.17
2014-03-24,45159.07
2014-03-25,45075.0
2014-03-26,45414.0
2014-03-27,45189.4
2014-03-28,45331.98
2014-03-31,45567.84
2014-04-01,45520.9
2014-04-02,45640.27
2014-04-03,45698.29
2014-04-04,45809.42
2014-04-07,45733.86
2014-04-08,45707.71
2014-04-09,46157.14
2014-04-10,46301.16
2014-04-11,45861.0
2014-04-14,45272.18
2014-04-15,45518.94
2014-04-16,45790.61
2014-04-17,46077.11
2014-04-22,46288.95
2014-04-23,46613.86
2014-04-24,46729.59
2014-04-28,46772.42
2014-04-29,46354.24
2014-04-30,46375.34
2014-05-01,46034.77
2014-05-02,46113.29
2014-05-05,46148.48
2014-05-06,46310.3
2014-05-07,45927.53
2014-05-08,46273.96
2014-05-09,46217.41
2014-05-12,46112.47
2014-05-13,46533.54
2014-05-14,46712.96
2014-05-15,46834.86
2014-05-16,46565.33
2014-05-19,45969.83
2014-05-20,46068.49
2014-05-21,46104.31
2014-05-22,46574.87
2014-05-23,46684.13
2014-05-26,46856.58
2014-05-27,46846.98
2014-05-28,46979.88
2014-05-29,46919.43
2014-05-30,46690.53
2014-06-02,46912.27
2014-06-03,46583.49
2014-06-04,46287.39
2014-06-05,46219.84
2014-06-06,46450.63
2014-06-10,46503.64
2014-06-11,46373.41
2014-06-12,46159.18
2014-06-13,45957.27
2014-06-16,46019.04
2014-06-17,45920.02
2014-06-18,45767.4
2014-06-19,46494.23
2014-06-20,46079.91
2014-06-23,46367.56
2014-06-24,46193.05
2014-06-25,45959.71
2014-06-26,46573.03
2014-06-27,46411.52
2014-06-30,45991.23
2014-07-01,45822.07
2014-07-02,46500.64
2014-07-03,46806.17
2014-07-04,47094.57
2014-07-07,47042.82
2014-07-08,46974.95
2014-07-09,46476.66
2014-07-10,46578.63
2014-07-11,46769.1
2014-07-14,46978.86
2014-07-15,46977.99
2014-07-16,47043.55
2014-07-17,47073.99
2014-07-18,47152.7
2014-07-21,47223.24
2014-07-22,47251.83
2014-07-23,47536.97
2014-07-24,47631.2
2014-07-25,47594.59
2014-07-28,47542.44
2014-07-29,47636.63
2014-07-30,47930.29
2014-07-31,48015.77
2014-08-01,47363.68
2014-08-04,47231.57
2014-08-05,47041.36
2014-08-06,46985.38
2014-08-07,46959.91
2014-08-08,46331.71
2014-08-11,46516.88
2014-08-12,47143.73
2014-08-13,47026.2
2014-08-14,47314.43
2014-08-15,47470.18
2014-08-18,47647.34
2014-08-19,48090.45
2014-08-20,48202.77
2014-08-21,48239.2
2014-08-22,48299.9
2014-08-25,48208.11
2014-08-26,48244.74
2014-08-27,48471.98
2014-08-28,48250.97
2014-08-29,48315.27
2014-09-01,48373.75
2014-09-02,48644.41
2014-09-03,48729.01
2014-09-04,48515.23
2014-09-05,48241.26
2014-09-08,48090.68
2014-09-09,48361.29
2014-09-10,48118.88
2014-09-11,47877.98
2014-09-12,47749.05
2014-09-15,47253.93
2014-09-16,47013.21
2014-09-17,46688.72
2014-09-18,46762.75
2014-09-19,46911.54
2014-09-22,46309.71
2014-09-23,46765.3
2014-09-24,46425.58
2014-09-25,46482.56
2014-09-26,45891.5
2014-09-29,45469.35
2014-09-30,45716.65
2014-10-01,46073.54
2014-10-02,45759.48
2014-10-03,45936.88
2014-10-06,45718.34
2014-10-07,45644.64
2014-10-08,45274.13
2014-10-09,45752.81
2014-10-10,44816.69
2014-10-13,44533.79
2014-10-14,44982.33
2014-10-15,45312.48
2014-10-16,45392.64
2014-10-17,45538.01
2014-10-20,45950.21
2014-10-21,45998.51
2014-10-22,46524.03
2014-10-23,46500.42
2014-10-24,46751.91
2014-10-27,47155.36
2014-10-28,47100.46
2014-10-29,47057.97
2014-10-30,47305.95
2014-10-31,47741.32
2014-11-03,47575.23
2014-11-04,47687.85
2014-11-05,47670.17
2014-11-06,47569.05
2014-11-07,48112.85
2014-11-10,47994.23
2014-11-11,47934.66
2014-11-12,47479.66
2014-11-13,47304.35
2014-11-14,47405.5
2014-11-17,47042.23
2014-11-18,46931.35
2014-11-19,46663.25
2014-11-20,46210.23
2014-11-21,46108.87
2014-11-24,46608.69
2014-11-25,46375.22
2014-11-26,46909.18
2014-11-27,46950.14
2014-11-28,46187.8
2014-12-01,45280.07
2014-12-02,45920.99
2014-12-03,46273.96
2014-12-04,46684.42
2014-12-05,46393.48
2014-12-08,46718.47
2014-12-09,45935.52
2014-12-10,45729.73
2014-12-11,45485.98
2014-12-12,45386.85
2014-12-15,45095.61
2014-12-16,44802.28
2014-12-17,44885.03
2014-12-18,45310.39
2014-12-19,46424.08
2014-12-22,47329.22
2014-12-23,46799.14
2014-12-24,46917.54
2014-12-29,47686.0
2014-12-30,47188.09
2014-12-31,47139.24
2015-01-02,47356.28
2015-01-05,47481.69
2015-01-06,46736.61
2015-01-07,46639.13
2015-01-08,46881.66
2015-01-09,47614.49
2015-01-12,47241.01
2015-01-13,47084.1
2015-01-14,46639.0
2015-01-15,46446.09
2015-01-16,46166.18
2015-01-19,46252.43
2015-01-20,46239.62
2015-01-21,46986.35
2015-01-22,47217.72
2015-01-23,47931.05
2015-01-27,48326.62
2015-01-28,48375.04
2015-01-29,48520.54
2015-01-30,48684.64
2015-02-02,49007.15
2015-02-03,49721.74
2015-02-04,50331.37
2015-02-05,50624.39
2015-02-06,50704.49
2015-02-09,50660.15
2015-02-10,50536.0
2015-02-11,50293.24
2015-02-12,50072.24
2015-02-13,51239.53
2015-02-16,51337.13
2015-02-17,51187.89
2015-02-18,51708.7
2015-02-19,51612.2
2015-02-20,51420.73
2015-02-23,51651.91
2015-02-24,51885.35
2015-02-25,52160.57
2015-02-26,51847.2
2015-02-27,52038.06
2015-03-02,52329.18
2015-03-03,52130.59
2015-03-04,51888.93
2015-03-05,51920.4
2015-03-06,51887.15
2015-03-09,51205.35
2015-03-10,51234.41
2015-03-11,51066.42
2015-03-12,51569.92
2015-03-13,51258.86
2015-03-16,51128.0
2015-03-17,51520.11
2015-03-18,51555.54
2015-03-19,52512.7
2015-03-20,52731.27
2015-03-23,52561.88
2015-03-24,52677.07
2015-03-25,52720.68
2015-03-26,51890.2
2015-03-27,52255.66
2015-03-30,51604.41
2015-03-31,52006.71
2015-04-01,51737.23
2015-04-02,52071.18
2015-04-07,52313.39
2015-04-08,52622.42
2015-04-09,52370.69
2015-04-10,52690.39
2015-04-13,52618.92
2015-04-14,52497.8
2015-04-15,52161.14
2015-04-16,52510.55
2015-04-17,51896.02
2015-04-20,51500.9
2015-04-21,51847.23
2015-04-22,51539.54
2015-04-23,51604.47
2015-04-24,52386.02
2015-04-27,52822.21
2015-04-28,52520.69
2015-04-29,51549.83
2015-04-30,51120.74
2015-05-01,51336.31
2015-05-04,51452.31
2015-05-05,51443.32
2015-05-06,50260.14
2015-05-07,49849.83
2015-05-08,49834.5
2015-05-11,49752.07
2015-05-12,50189.87
2015-05-13,50648.37
2015-05-14,50483.71
2015-05-15,50919.38
2015-05-18,50264.96
2015-05-19,49880.61
2015-05-20,49834.46
2015-05-21,50296.09
2015-05-22,50318.05
2015-05-25,50821.99
2015-05-26,51283.06
2015-05-27,50857.0
2015-05-28,50754.08
2015-05-29,51324.94
2015-06-01,50954.11
2015-06-02,50073.2
2015-06-03,49607.54
2015-06-04,48903.18
2015-06-05,48851.27
2015-06-09,48619.34
2015-06-10,48684.66
2015-06-11,49377.96
2015-06-12,49276.69
2015-06-15,49219.05
2015-06-16,49192.62
2015-06-17,49722.77
2015-06-18,49095.95
2015-06-19,49736.67
2015-06-22,49853.74
2015-06-23,50512.36
2015-06-24,50535.18
2015-06-25,50054.83
2015-06-26,49375.75
2015-06-29,48277.09
2015-06-30,48602.26
2015-07-01,49107.14
2015-07-02,49856.37
2015-07-03,49308.59
2015-07-06,48745.88
2015-07-07,49693.41
2015-07-08,48697.19
2015-07-09,48710.07
2015-07-10,48897.61
2015-07-13,48729.62
2015-07-14,49657.64
2015-07-15,50181.36
2015-07-16,50478.57
2015-07-17,50483.03
2015-07-20,50632.45
2015-07-21,50808.96
2015-07-22,49988.54
2015-07-23,49772.34
2015-07-24,49557.05
2015-07-27,49768.78
2015-07-28,49722.47
2015-07-29,50073.91
2015-07-30,50477.82
2015-07-31,50741.72
2015-08-03,50565.26
2015-08-04,50730.47
2015-08-05,50517.46
2015-08-06,49948.76
2015-08-07,48743.93
2015-08-10,49050.0
2015-08-11,48747.22
2015-08-12,47956.91
2015-08-13,48040.96
2015-08-14,47761.6
2015-08-17,47864.34
2015-08-18,47434.89
2015-08-19,48125.37
2015-08-20,47305.95
2015-08-21,46646.44
2015-08-24,44738.22
2015-08-25,46082.79
2015-08-26,46448.2
2015-08-27,47000.34
2015-08-28,47284.37
2015-08-31,46787.73
2015-09-01,45814.69
2015-09-02,45880.01
2015-09-03,45226.21
2015-09-04,45352.7
2015-09-07,45301.65
2015-09-08,46073.12
2015-09-09,47175.46
2015-09-10,46039.93
2015-09-11,45824.41
2015-09-14,46056.8
2015-09-15,45352.21
2015-09-16,46086.5
2015-09-17,46520.58
2015-09-18,46736.59
2015-09-21,45794.87
2015-09-22,46134.7
2015-09-23,45187.24
2015-09-24,45852.05
2015-09-25,45585.46
2015-09-28,46234.36
2015-09-29,44471.39
2015-09-30,45404.89
2015-10-01,46223.29
2015-10-02,45682.57
2015-10-05,46573.41
2015-10-06,46725.93
2015-10-07,47003.01
2015-10-08,47116.28
2015-10-09,47743.48
2015-10-12,47320.07
2015-10-13,47048.67
2015-10-14,46998.38
2015-10-15,47294.94
2015-10-16,47640.05
2015-10-19,47653.96
2015-10-20,47345.27
2015-10-21,47460.4
2015-10-22,47600.91
2015-10-23,48394.17
2015-10-26,48361.88
2015-10-27,48345.23
2015-10-28,48246.4
2015-10-29,47635.32
2015-10-30,47387.35
2015-11-02,46720.88
2015-11-03,47385.33
2015-11-04,47413.16
2015-11-05,47057.83
2015-11-06,47353.08
2015-11-09,46504.5
2015-11-10,46320.45
2015-11-11,46642.44
2015-11-12,46672.45
2015-11-13,45994.66
2015-11-16,45562.72
2015-11-17,46605.74
2015-11-18,46741.15
2015-11-19,47742.15
2015-11-20,47868.34
2015-11-23,48053.02
2015-11-24,47598.9
2015-11-25,47308.25
2015-11-26,47463.24
2015-11-27,47389.5
2015-11-30,47063.16
2015-12-01,47970.63
2015-12-02,47900.96
2015-12-03,47623.3
2015-12-04,46929.96
2015-12-07,46967.21
2015-12-08,46538.22
2015-12-09,46281.93
2015-12-10,45892.62
2015-12-11,45817.31
2015-12-14,44898.57
2015-12-15,44725.08
2015-12-16,45808.94
2015-12-17,46479.08
2015-12-18,46521.45
2015-12-21,46545.17
2015-12-22,46614.79
2015-12-23,46843.35
2015-12-24,47443.45
2015-12-29,48086.08
2015-12-30,48566.25
2015-12-31,48346.39
2016-01-04,48114.66
2016-01-05,47329.74
2016-01-06,46770.12
2016-01-07,45740.4
2016-01-08,45562.38
2016-01-11,45027.39
2016-01-12,44962.53
2016-01-13,45531.35
2016-01-14,44818.75
2016-01-15,44668.18
2016-01-18,44356.88
2016-01-19,44761.92
2016-01-20,44200.07
2016-01-21,44405.28
2016-01-22,44879.55
2016-01-25,45706.76
2016-01-27,45157.88
2016-01-28,45429.8
2016-01-29,45697.84
2016-02-01,46045.36
2016-02-02,45586.45
2016-02-03,44522.27
2016-02-04,45468.1
2016-02-05,45429.91
2016-02-08,45422.76
2016-02-09,44118.95
2016-02-10,43604.03
2016-02-11,44051.32
2016-02-12,43542.09
2016-02-15,44255.84
2016-02-16,44987.21
2016-02-17,44735.54
2016-02-18,45758.95
2016-02-19,45401.12
2016-02-22,45865.89
2016-02-23,45699.97
2016-02-24,44767.05
2016-02-25,44824.71
2016-02-26,44827.79
2016-02-29,44893.36
2016-03-01,45368.46
2016-03-02,46317.15
2016-03-03,46875.01
2016-03-04,46964.6
2016-03-07,47451.67
2016-03-08,47139.45
2016-03-09,47609.14
2016-03-10,47596.75
2016-03-11,47748.35
2016-03-14,47924.56
2016-03-15,47242.88
2016-03-16,47316.29
2016-03-17,47777.57
2016-03-18,47918.39
2016-03-21,47765.59
2016-03-22,47771.75
2016-03-23,47564.96
2016-03-24,47028.51
2016-03-29,46291.38
2016-03-30,46345.54
2016-03-31,47018.56
2016-04-01,46247.06
2016-04-04,46209.44
2016-04-05,45556.6
2016-04-06,45756.89
2016-04-07,45928.82
2016-04-08,45683.98
2016-04-11,45628.12
2016-04-12,46036.28
2016-04-13,46767.3
2016-04-14,47359.14
2016-04-15,47718.72
2016-04-18,47530.46
2016-04-19,48009.35
2016-04-20,48260.46
2016-04-21,48786.38
2016-04-22,48450.07
2016-04-26,48304.61
2016-04-27,47999.84
2016-04-28,48353.92
2016-04-29,48601.81
2016-05-02,48516.23
2016-05-03,49542.18
2016-05-04,48776.88
2016-05-05,48853.45
2016-05-06,48973.66
2016-05-09,49321.29
2016-05-10,49526.05
2016-05-11,49799.57
2016-05-12,49790.13
2016-05-13,49508.5
2016-05-16,49786.81
2016-05-17,50251.43
2016-05-18,49882.46
2016-05-19,49579.38
2016-05-20,49839.82
2016-05-23,49542.41
2016-05-24,49324.71
2016-05-25,50041.35
2016-05-26,50187.51
2016-05-27,50353.53
2016-05-30,50373.13
2016-05-31,50101.44
2016-06-01,49589.98
2016-06-02,49177.45
2016-06-03,49551.36
2016-06-06,49938.3
2016-06-07,50037.08
2016-06-08,50034.48
2016-06-09,49959.83
2016-06-10,49500.11
2016-06-14,48481.39
2016-06-15,47957.69
2016-06-16,47948.14
2016-06-17,48104.34
2016-06-20,48981.08
2016-06-21,49145.11
2016-06-22,49113.29
2016-06-23,49204.02
2016-06-24,47643.27
2016-06-27,47867.35
2016-06-28,47550.96
2016-06-29,48022.27
2016-06-30,48872.37
2016-07-01,48995.96
2016-07-04,49324.81
2016-07-05,48822.62
2016-07-06,48539.05
2016-07-07,48822.68
2016-07-08,48847.14
2016-07-11,49842.35
2016-07-12,49992.82
2016-07-13,50322.65
2016-07-14,50538.12
2016-07-15,50705.87
2016-07-18,50975.74
2016-07-19,50908.36
2016-07-20,51258.29
2016-07-21,51479.38
2016-07-22,51346.68
2016-07-25,51677.05
2016-07-26,51713.57
2016-07-27,51734.29
2016-07-28,51891.77
2016-07-29,51945.96
2016-08-01,52179.75
2016-08-02,51742.19
2016-08-03,51043.44
2016-08-04,51137.7
2016-08-05,51339.41
2016-08-08,51717.01
2016-08-09,51854.34
2016-08-10,51775.36
2016-08-11,51462.06
2016-08-12,51713.74
2016-08-15,51798.39
2016-08-16,51728.09
2016-08-17,51897.51
2016-08-18,51642.91
2016-08-19,51823.18
2016-08-22,51715.02
2016-08-23,52080.8
2016-08-24,52237.27
2016-08-25,52065.84
2016-08-26,51817.82
2016-08-29,51443.18
2016-08-30,51536.89
2016-08-31,51139.04
2016-09-01,51007.58
2016-09-02,50613.11
2016-09-05,51156.95
2016-09-06,51046.58
2016-09-07,51170.55
2016-09-08,50842.29
2016-09-09,50405.66
2016-09-12,49282.77
2016-09-13,49189.33
2016-09-14,49381.49
2016-09-15,49505.36
2016-09-16,50042.36
2016-09-19,50026.26
2016-09-20,50110.93
2016-09-21,50457.0
2016-09-22,50795.44
2016-09-23,51332.65
2016-09-26,51333.82
2016-09-27,51095.07
2016-09-28,51158.03
2016-09-29,51719.22
2016-09-30,51386.01
2016-10-03,51788.64
2016-10-04,51840.99
2016-10-05,51547.2
2016-10-06,51832.93
2016-10-07,51685.07
2016-10-10,51761.09
2016-10-11,51802.41
2016-10-12,51753.38
2016-10-13,51384.46
2016-10-14,51370.18
2016-10-17,50942.29
2016-10-18,51151.42
2016-10-19,51384.07
2016-10-20,51448.18
2016-10-21,51336.37
2016-10-24,51129.98
2016-10-25,51454.65
2016-10-26,50669.7
2016-10-27,50067.41
2016-10-28,49957.59
2016-10-31,50281.7
2016-11-01,50023.93
2016-11-02,49442.64
2016-11-03,49410.57
2016-11-04,49082.16
2016-11-07,49745.13
2016-11-08,49834.67
2016-11-09,48876.97
2016-11-10,50513.86
2016-11-11,50913.49
2016-11-14,50874.26
2016-11-15,50691.17
2016-11-16,50706.9
2016-11-17,50810.31
2016-11-18,51009.01
2016-11-21,50932.12
2016-11-22,51522.18
2016-11-23,52198.18
2016-11-24,52207.73
2016-11-25,52423.85
2016-11-28,52011.3
2016-11-29,51945.85
2016-11-30,51783.78
2016-12-01,52352.68
2016-12-02,51817.52
2016-12-05,51406.97
2016-12-06,51676.26
2016-12-07,52146.61
2016-12-08,52771.84
2016-12-09,52933.54
2016-12-12,52954.81
2016-12-13,52785.53
2016-12-14,53163.65
2016-12-15,52726.14
2016-12-16,52672.37
2016-12-19,52949.9
2016-12-20,53228.12
2016-12-21,53441.34
2016-12-22,53731.45
2016-12-23,53579.15
2016-12-28,54122.52
2016-12-29,54367.38
2016-12-30,54049.93
2017-01-03,54692.82
2017-01-04,54723.6
2017-01-05,54885.21
2017-01-06,54906.5
2017-01-09,55401.26
2017-01-10,54955.35
2017-01-11,55058.18
2017-01-12,55014.04
2017-01-13,54577.72
2017-01-16,54838.38
2017-01-17,54371.61
2017-01-18,54174.45
2017-01-19,54303.36
2017-01-20,53946.24
2017-01-23,53528.6
2017-01-24,53901.88
2017-01-25,54106.17
2017-01-27,54511.41
2017-01-30,54010.78
2017-01-31,53623.43
2017-02-01,53931.13
2017-02-02,53857.37
2017-02-03,53629.82
2017-02-06,53572.54
2017-02-07,53636.82
2017-02-08,53918.7
2017-02-09,54045.07
2017-02-10,54579.3
2017-02-13,54993.54
2017-02-14,54942.95
2017-02-15,55458.74
2017-02-16,55527.86
2017-02-17,55429.06
2017-02-20,55368.89
2017-02-21,55357.43
2017-02-22,55631.28
2017-02-23,55476.08
2017-02-24,55052.61
2017-02-27,54927.78
2017-02-28,54830.25
2017-03-01,54837.39
2017-03-02,55589.44
2017-03-03,55146.44
2017-03-06,55322.81
2017-03-07,55488.82
2017-03-08,55488.7
2017-03-09,55411.17
2017-03-10,55743.3
2017-03-13,55568.6
2017-03-14,55587.79
2017-03-15,55749.17
2017-03-16,55865.34
2017-03-17,56002.02
2017-03-20,55803.45
2017-03-21,55762.29
2017-03-22,54896.54
2017-03-23,55126.39
2017-03-24,55567.61
2017-03-27,55503.8
2017-03-28,56226.61
2017-03-29,56731.61
2017-03-30,56955.44
2017-03-31,56652.87
2017-04-03,56729.36
2017-04-04,56573.54
2017-04-05,56763.3
2017-04-06,56575.93
2017-04-07,56635.67
2017-04-10,57123.18
2017-04-11,57281.52
2017-04-12,57326.78
2017-04-13,56901.62
2017-04-18,56388.57
2017-04-19,56072.36
2017-04-20,56245.64
2017-04-21,56562.08
2017-04-24,56732.55
2017-04-26,57121.47
2017-04-27,57213.63
2017-04-28,57238.59
2017-05-01,57552.21
2017-05-02,57492.71
2017-05-03,56932.09
2017-05-04,56782.31
2017-05-05,56397.6
2017-05-08,56815.6
2017-05-09,56515.69
2017-05-10,56860.53
2017-05-11,56888.57
2017-05-12,56487.58
2017-05-15,56502.1
2017-05-16,56751.77
2017-05-17,56126.2
2017-05-18,55780.33
2017-05-19,55674.34
2017-05-22,56102.86
2017-05-23,55995.79
2017-05-24,56085.83
2017-05-25,56287.82
2017-05-26,55918.73
2017-05-29,55485.2
2017-05-30,55593.62
2017-05-31,55661.89
2017-06-01,55796.38
2017-06-02,56282.44
2017-06-05,55959.14
2017-06-06,55109.36
2017-06-07,55113.99
2017-06-08,55205.66
2017-06-09,55217.39
2017-06-13,56143.15
2017-06-14,56738.56
2017-06-15,56051.42
2017-06-16,56156.89
2017-06-19,56459.75
2017-06-20,55993.68
2017-06-21,55103.47
2017-06-22,55495.7
2017-06-23,55592.21
2017-06-26,55633.9
2017-06-27,55575.86
2017-06-28,55979.53
2017-06-29,56698.75
2017-06-30,55758.56
2017-07-03,55397.9
2017-07-04,56365.94
2017-07-05,56165.52
2017-07-06,56124.31
2017-07-07,55586.38
2017-07-10,55789.76
2017-07-11,55833.52
2017-07-12,55296.58
2017-07-13,55909.95
2017-07-14,56186.25
2017-07-17,56092.21
2017-07-18,55428.74
2017-07-19,55864.71
2017-07-20,56150.53
2017-07-21,55774.22
2017-07-24,55435.36
2017-07-25,55811.89
2017-07-26,56299.46
2017-07-27,56381.18
2017-07-28,55580.13
2017-07-31,55753.35
2017-08-01,56258.01
2017-08-02,55983.48
2017-08-03,55894.98
2017-08-04,55753.27
2017-08-07,56269.57
2017-08-08,55979.1
2017-08-09,56192.6
2017-08-10,56168.11
2017-08-11,55543.78
2017-08-14,55907.37
2017-08-15,56174.93
2017-08-16,56611.46
2017-08-17,56558.26
2017-08-18,56246.06
2017-08-21,56039.07
2017-08-22,56332.08
2017-08-23,56233.76
2017-08-24,56345.98
2017-08-25,56333.68
2017-08-28,56014.04
2017-08-29,55619.82
2017-08-30,55700.11
2017-08-31,56146.82
2017-09-01,56279.1
2017-09-04,56073.66
2017-09-05,56137.62
2017-09-06,56008.4
2017-09-07,56109.82
2017-09-08,55954.36
2017-09-11,56370.72
2017-09-12,56718.35
2017-09-13,56707.4
2017-09-14,56674.61
2017-09-15,56243.48
2017-09-18,56496.06
2017-09-19,56431.15
2017-09-20,56393.21
2017-09-21,55872.16
2017-09-22,56136.11
2017-09-25,56153.36
2017-09-26,56028.98
2017-09-27,55963.33
2017-09-28,56027.08
2017-09-29,56137.99
2017-10-02,56609.49
2017-10-03,56334.64
2017-10-04,55846.69
2017-10-05,55845.47
2017-10-06,56427.55
2017-10-09,56709.97
2017-10-10,56698.63
2017-10-11,57034.93
2017-10-12,57256.02
2017-10-13,57450.56
2017-10-16,57773.03
2017-10-17,58196.44
2017-10-18,58204.97
2017-10-19,58260.82
2017-10-20,58368.13
2017-10-23,58239.41
2017-10-24,58275.5
2017-10-25,58354.38
2017-10-26,58460.11
2017-10-27,58331.24
2017-10-30,58488.57
2017-10-31,58391.81
2017-11-01,58675.9
2017-11-02,58621.52
2017-11-03,58899.91
2017-11-06,58839.67
2017-11-07,59462.9
2017-11-08,59483.85
2017-11-09,59911.36
2017-11-10,59716.9
2017-11-13,59848.61
2017-11-14,59325.54
2017-11-15,58982.52
2017-11-16,59074.72
2017-11-17,59213.83
2017-11-20,59101.71
2017-11-21,59279.14
2017-11-22,59506.7
2017-11-23,59507.6
2017-11-24,59473.3
2017-11-27,59535.16
2017-11-28,59490.69
2017-11-29,59760.53
2017-11-30,59350.71
2017-12-01,59548.19
2017-12-04,59506.74
2017-12-05,59375.18
2017-12-06,59115.53
2017-12-07,59436.28
2017-12-08,59601.79
2017-12-11,59640.71
2017-12-12,59791.26
2017-12-13,59877.03
2017-12-14,59774.97
2017-12-15,59632.89
2017-12-18,60050.12
2017-12-19,60376.86
2017-12-20,60414.96
2017-12-21,60263.2
2017-12-22,60356.2
2017-12-27,60357.81
2017-12-28,60654.99
2017-12-29,60425.7
2018-01-02,60387.35
2018-01-03,60478.05
2018-01-04,60544.75
2018-01-05,60995.77
2018-01-08,61075.72
2018-01-09,61129.86
2018-01-10,60740.03
2018-01-11,60450.55
2018-01-12,60474.76
2018-01-15,60544.79
2018-01-16,60261.41
2018-01-17,59935.48
2018-01-18,59923.48
2018-01-19,59836.21
2018-01-22,59697.79
2018-01-23,60146.62
2018-01-24,60322.93
2018-01-25,60276.75
2018-01-29,60529.67
2018-01-30,60005.5
2018-01-31,60154.88
2018-02-01,60676.78
2018-02-02,60988.85
2018-02-05,60040.78
2018-02-06,58118.96
2018-02-07,58552.97
2018-02-08,58691.38
2018-02-09,58168.34
2018-02-12,57996.2
2018-02-13,58389.17
2018-02-14,58373.9
2018-02-15,59053.52
2018-02-16,59005.42
2018-02-19,59386.16
2018-02-20,59396.78
2018-02-21,59459.64
2018-02-22,59570.99
2018-02-23,60069.59
2018-02-26,60554.02
2018-02-27,60737.35
2018-02-28,60369.39
2018-03-01,60020.87
2018-03-02,59577.15
2018-03-05,59243.81
2018-03-06,59943.79
2018-03-07,59357.02
2018-03-08,59880.82
2018-03-09,60087.64
2018-03-12,60425.99
2018-03-13,60212.7
2018-03-14,59834.7
2018-03-15,59692.5
2018-03-16,59981.34
2018-03-19,60086.04
2018-03-20,59857.67
2018-03-21,60000.48
2018-03-22,59871.35
2018-03-23,58697.31
2018-03-26,58396.16
2018-03-27,58824.64
2018-03-28,58394.27
2018-03-29,58092.5
2018-04-03,58017.44
2018-04-04,58112.53
2018-04-05,58397.03
2018-04-06,58396.36
2018-04-09,58597.93
2018-04-10,59085.18
2018-04-11,58799.84
2018-04-12,58667.16
2018-04-13,58803.8
2018-04-16,58927.76
2018-04-17,58929.86
2018-04-18,59131.36
2018-04-19,59328.88
2018-04-20,59205.56
2018-04-23,59379.45
2018-04-24,59737.99
2018-04-26,59634.75
2018-04-27,60067.31
2018-04-30,60361.82
2018-05-01,60689.74
2018-05-02,61042.37
2018-05-03,61528.09
2018-05-04,61171.1
2018-05-07,61388.83
2018-05-08,61463.62
2018-05-09,61627.34
2018-05-10,61735.55
2018-05-11,61709.71
2018-05-14,62028.37
2018-05-15,61750.79
2018-05-16,61843.36
2018-05-17,61835.33
2018-05-18,61766.87
2018-05-21,61737.76
2018-05-22,61311.21
2018-05-23,61216.18
2018-05-24,61264.66
2018-05-25,61221.47
2018-05-28,60931.18
2018-05-29,61032.55
2018-05-30,60740.01
2018-05-31,61021.25
2018-06-01,60804.03
2018-06-04,61160.9
2018-06-05,60849.57
2018-06-06,61164.72
2018-06-07,61491.47
2018-06-08,61368.54
2018-06-12,61462.49
2018-06-13,61151.54
2018-06-14,61081.87
2018-06-15,61867.58
2018-06-18,61970.11
2018-06-19,61949.77
2018-06-20,62665.05
2018-06-21,63270.45
2018-06-22,63200.31
2018-06-25,63050.92
2018-06-26,62921.0
2018-06-27,62903.2
2018-06-28,63225.85
2018-06-29,63015.41
2018-07-02,62844.09
2018-07-03,63173.83
2018-07-04,62901.01
2018-07-05,63227.88
2018-07-06,63805.39
2018-07-09,63945.26
2018-07-10,63663.58
2018-07-11,63231.25
2018-07-12,63767.43
2018-07-13,63768.3
2018-07-16,63494.92
2018-07-17,63109.59
2018-07-18,63531.47
2018-07-19,63710.41
2018-07-20,63945.92
2018-07-23,63352.88
2018-07-24,63743.52
2018-07-25,63558.41
2018-07-26,63526.38
2018-07-27,64093.33
2018-07-30,63871.2
2018-07-31,63889.6
2018-08-01,63843.99
2018-08-02,63489.4
2018-08-03,63427.49
2018-08-06,63816.13
2018-08-07,63622.4
2018-08-08,63770.85
2018-08-09,64093.87
2018-08-10,63899.47
2018-08-13,63632.58
2018-08-14,64142.81
2018-08-15,64625.41
2018-08-16,64618.91
2018-08-17,64730.96
2018-08-20,64845.89
2018-08-21,64251.76
2018-08-22,64094.14
2018-08-23,63912.78
2018-08-24,63944.92
2018-08-27,64181.7
2018-08-28,64577.34
2018-08-29,65109.0
2018-08-30,65109.79
2018-08-31,64795.65
2018-09-03,64714.42
2018-09-04,64551.8
2018-09-05,63934.43
2018-09-06,63339.73
2018-09-07,63188.29
2018-09-10,63177.68
2018-09-11,63601.27
2018-09-12,63581.24
2018-09-13,63145.54
2018-09-14,63522.77
2018-09-17,63729.75
2018-09-18,63488.86
2018-09-19,63783.14
2018-09-20,63577.82
2018-09-21,63839.58
2018-09-24,63763.67
2018-09-25,63753.4
2018-09-26,63820.09
2018-09-27,63707.5
2018-09-28,63979.04
2018-10-01,63615.85
2018-10-02,63141.27
2018-10-03,63346.23
2018-10-04,63661.72
2018-10-05,63756.43
2018-10-08,62878.46
2018-10-09,62267.88
2018-10-10,62357.93
2018-10-11,60650.78
2018-10-12,60774.17
2018-10-15,60170.67
2018-10-16,60508.59
2018-10-17,61222.06
2018-10-18,61256.28
2018-10-19,61226.17
2018-10-22,60869.95
2018-10-23,60232.37
2018-10-24,60093.21
2018-10-25,58392.59
2018-10-26,58405.07
2018-10-29,59054.52
2018-10-30,59847.81
2018-10-31,60107.66
2018-11-01,60215.8
2018-11-02,60302.51
2018-11-05,59982.27
2018-11-06,60570.28
2018-11-07,60795.92
2018-11-08,61223.32
2018-11-09,61161.56
2018-11-12,61481.81
2018-11-13,60497.81
2018-11-14,59445.77
2018-11-15,59479.45
2018-11-16,59424.25
2018-11-19,59045.31
2018-11-20,58818.47
2018-11-21,58517.59
2018-11-22,59024.64
2018-11-23,59285.19
2018-11-26,58822.27
2018-11-27,59410.46
2018-11-28,59377.92
2018-11-29,59726.53
2018-11-30,58779.99
2018-12-03,59858.73
2018-12-04,59263.59
2018-12-05,58798.95
2018-12-06,58690.86
2018-12-07,58938.79
2018-12-10,57600.65
2018-12-11,57845.6
2018-12-12,58650.41
2018-12-13,58738.22
2018-12-14,58119.53
2018-12-17,58703.6
2018-12-18,57989.77
2018-12-19,57897.71
2018-12-20,57121.94
2018-12-21,56725.81
2018-12-24,56997.39
2018-12-27,58070.37
2018-12-28,58792.5
2018-12-31,58709.79
2019-01-02,57788.4
2019-01-03,58574.99
2019-01-04,58428.9
2019-01-07,59092.64
2019-01-08,59500.75
2019-01-09,60081.47
2019-01-10,60258.03
2019-01-11,60042.94
2019-01-14,60030.34
2019-01-15,60458.65
2019-01-16,60672.79
2019-01-17,60829.23
2019-01-18,61136.38
2019-01-21,61248.55
2019-01-22,60920.04
2019-01-23,60763.39
2019-01-24,60991.83
2019-01-25,61406.85
2019-01-29,61079.94
2019-01-30,61210.41
2019-01-31,60981.04
2019-02-01,60962.08
2019-02-04,61257.07
2019-02-05,62449.88
2019-02-06,62661.26
2019-02-07,63350.86
2019-02-08,63132.43
2019-02-11,63022.12
2019-02-12,63223.34
2019-02-13,63222.73
2019-02-14,63181.16
2019-02-15,63251.19
2019-02-18,63507.34
2019-02-19,63694.14
2019-02-20,63619.83
2019-02-21,64073.07
2019-02-22,64417.44
2019-02-25,64630.65
2019-02-26,64112.65
2019-02-27,64389.78
2019-02-28,64627.01
2019-03-01,64907.78
2019-03-04,65196.29
2019-03-05,65028.77
2019-03-06,65530.78
2019-03-07,65901.51
2019-03-08,65274.97
2019-03-11,65028.81
2019-03-12,64976.44
2019-03-13,64857.56
2019-03-14,65054.66
2019-03-15,65009.73
2019-03-18,65172.37
2019-03-19,65113.92
2019-03-20,64913.93
2019-03-21,64935.5
2019-03-22,65234.92
2019-03-25,64516.42
2019-03-26,64562.53
2019-03-27,64628.02
2019-03-28,65052.26
2019-03-29,65101.27
2019-04-01,65482.86
2019-04-02,65752.81
2019-04-03,66203.79
2019-04-04,65655.95
2019-04-05,65113.52
2019-04-08,65536.44
2019-04-09,65541.33
2019-04-10,65559.54
2019-04-11,65297.53
2019-04-12,65852.17
2019-04-15,65853.63
2019-04-16,66127.63
2019-04-17,65906.78
2019-04-18,65944.03
2019-04-23,66571.91
2019-04-24,67232.7
2019-04-26,67277.44
2019-04-29,67001.91
2019-04-30,66643.4
2019-05-01,67180.01
2019-05-02,66785.67
2019-05-03,66758.17
2019-05-06,66209.49
2019-05-07,66335.45
2019-05-08,66056.71
2019-05-09,66332.59
2019-05-10,66497.48
2019-05-13,66494.73
2019-05-14,65975.7
2019-05-15,66444.0
2019-05-16,67033.77
2019-05-17,67430.65
2019-05-20,68604.93
2019-05-21,68862.43
2019-05-22,68974.42
2019-05-23,68775.99
2019-05-24,68397.24
2019-05-27,68353.67
2019-05-28,68702.67
2019-05-29,68233.55
2019-05-30,67733.57
2019-05-31,67783.66
2019-06-03,66977.37
2019-06-04,67103.43
2019-06-05,67387.19
2019-06-06,67646.24
2019-06-07,68291.95
2019-06-11,69377.2
2019-06-12,69350.16
2019-06-13,69340.31
2019-06-14,69463.05
2019-06-17,69218.4
2019-06-18,69632.65
2019-06-19,70460.73
2019-06-20,70877.07
2019-06-21,70491.13
2019-06-24,70646.45
2019-06-25,70567.93
2019-06-26,70381.99
2019-06-27,70796.67
2019-06-28,70291.79
2019-07-01,70602.86
2019-07-02,70657.54
2019-07-03,71005.65
2019-07-04,71351.5
2019-07-05,71704.78
2019-07-08,70865.36
2019-07-09,70798.24
2019-07-10,71054.2
2019-07-11,71334.07
2019-07-12,71125.98
2019-07-15,70663.33
2019-07-16,70535.69
2019-07-17,70878.59
2019-07-18,70622.18
2019-07-19,71166.33
2019-07-22,71069.58
2019-07-23,71424.22
2019-07-24,71977.02
2019-07-25,72416.26
2019-07-26,72154.55
2019-07-29,72498.78
2019-07-30,72703.62
2019-07-31,72358.18
2019-08-01,72107.16
2019-08-02,71890.96
2019-08-05,70528.57
2019-08-06,68805.68
2019-08-07,69245.05
2019-08-08,69794.77
2019-08-09,69969.03
2019-08-12,70031.01
2019-08-13,69800.12
2019-08-14,70301.46
2019-08-15,68300.84
2019-08-16,68281.78
2019-08-19,68961.01
2019-08-20,69792.26
2019-08-21,69163.5
2019-08-22,69384.26
2019-08-23,69623.14
2019-08-26,68771.13
2019-08-27,69119.76
2019-08-28,69492.91
2019-08-29,69570.44
2019-08-30,70654.1
2019-09-02,70434.33
2019-09-03,70415.23
2019-09-04,70219.41
2019-09-05,71022.89
2019-09-06,71391.13
2019-09-09,71405.69
2019-09-10,71088.53
2019-09-11,71364.59
2019-09-12,71561.0
2019-09-13,71716.26
2019-09-16,71765.76
2019-09-17,72003.71
2019-09-18,71857.52
2019-09-19,72253.9
2019-09-20,72396.7
2019-09-23,72602.12
2019-09-24,72595.36
2019-09-25,72179.66
2019-09-26,71836.43
2019-09-27,72253.29
2019-09-30,71954.54
2019-10-01,72540.87
2019-10-02,71433.78
2019-10-03,69854.7
2019-10-04,70113.86
2019-10-07,70613.93
2019-10-08,70936.18
2019-10-09,70433.75
2019-10-10,70443.19
2019-10-11,71085.87
2019-10-14,71471.12
2019-10-15,71572.47
2019-10-16,72482.04
2019-10-17,71924.07
2019-10-18,71547.48
2019-10-21,71579.04
2019-10-22,71790.73
2019-10-23,71800.52
2019-10-24,72021.69
2019-10-25,72513.48
2019-10-28,72529.47
2019-10-29,72582.1
2019-10-30,71980.22
2019-10-31,71699.29
2019-11-01,71760.84
2019-11-04,71952.07
2019-11-05,72062.44
2019-11-06,71671.73
2019-11-07,72387.1
2019-11-08,72362.94
2019-11-11,73009.37
2019-11-12,72914.69
2019-11-13,72325.01
2019-11-14,72819.28
2019-11-15,73457.85
2019-11-18,73171.12
2019-11-19,73683.64
2019-11-20,72691.02
2019-11-21,72155.65
2019-11-22,72554.29
2019-11-25,72788.19
2019-11-26,73395.04
2019-11-27,74086.4
2019-11-28,74240.93
2019-11-29,74048.83
2019-12-02,74224.81
2019-12-03,72602.65
2019-12-04,71458.47
2019-12-05,72288.2
2019-12-06,72549.27
2019-12-09,72798.16
2019-12-10,72548.07
2019-12-11,73042.75
2019-12-12,72568.9
2019-12-13,72902.57
2019-12-16,74092.8
2019-12-17,74068.74
2019-12-18,74113.49
2019-12-19,73915.46
2019-12-20,73733.81
2019-12-23,73396.53
2019-12-24,73494.06
2019-12-27,73791.49
2019-12-30,73754.1
2019-12-31,72445.03
2020-01-02,72515.57
2020-01-03,72980.63
2020-01-06,73004.64
2020-01-07,73988.03
2020-01-08,73892.51
2020-01-09,74506.03
2020-01-10,75099.93
2020-01-13,74825.1
2020-01-14,75458.96
2020-01-15,75813.25
2020-01-16,76322.01
2020-01-17,76564.24
2020-01-20,76730.99
2020-01-21,76588.26
2020-01-22,77307.73
2020-01-23,76822.56
2020-01-24,76850.52
2020-01-28,75809.08
2020-01-29,76210.84
2020-01-30,75960.54
2020-01-31,76055.84
2020-02-03,75037.36
2020-02-04,75313.65
2020-02-05,75609.63
2020-02-06,76402.42
2020-02-07,76113.9
2020-02-10,76004.98
2020-02-11,76468.6
2020-02-12,76826.38
2020-02-13,77014.41
2020-02-14,77307.76
2020-02-17,77253.61
2020-02-18,77151.24
2020-02-19,77641.67
2020-02-20,77845.45
2020-02-21,77590.25
2020-02-24,75936.52
2020-02-25,74747.83
2020-02-26,73079.12
2020-02-27,72558.43
2020-02-28,70210.11
2020-03-02,69747.47
2020-03-03,70255.27
2020-03-04,69087.05
2020-03-05,70071.65
2020-03-06,68113.22
2020-03-09,63129.28
2020-03-10,65101.08
2020-03-11,62796.32
2020-03-12,58178.27
2020-03-13,60758.38
2020-03-16,54866.55
2020-03-17,58062.82
2020-03-18,54333.28
2020-03-19,52471.57
2020-03-20,52841.15
2020-03-23,49872.57
2020-03-24,51962.09
2020-03-25,54844.41
2020-03-26,56109.26
2020-03-27,53135.96
2020-03-30,56857.95
2020-03-31,55711.41
2020-04-01,57706.52
2020-04-02,56565.34
2020-04-03,55608.12
2020-04-06,58014.9
2020-04-07,57636.06
2020-04-08,57138.48
2020-04-09,59119.61
2020-04-14,60224.84
2020-04-15,59989.57
2020-04-16,59436.65
2020-04-17,60218.62
2020-04-20,58743.32
2020-04-21,57297.94
2020-04-22,57298.59
2020-04-23,57253.2
2020-04-24,57533.15
2020-04-27,58398.09
2020-04-28,58306.54
2020-04-29,59188.08
2020-04-30,60602.95
2020-05-01,57604.19
2020-05-04,58416.29
2020-05-05,59374.05
2020-05-06,59127.41
2020-05-07,58903.37
2020-05-08,59198.48
2020-05-11,59968.71
2020-05-12,59329.93
2020-05-13,59537.36
2020-05-14,58514.65
2020-05-15,59351.02
2020-05-18,59986.08
2020-05-19,61073.42
2020-05-20,61225.57
2020-05-21,60978.63
2020-05-22,60391.92
2020-05-25,61695.0
2020-05-26,63501.84
2020-05-27,63453.68
2020-05-28,64292.8
2020-05-29,63244.36
2020-06-01,63941.68
2020-06-02,64116.86
2020-06-03,65287.15
2020-06-04,65839.02
2020-06-05,65915.98
2020-06-09,67522.84
2020-06-10,67561.05
2020-06-11,65497.59
2020-06-12,64257.81
2020-06-15,62851.48
2020-06-16,65296.09
2020-06-17,65839.69
2020-06-18,65231.98
2020-06-19,65299.13
2020-06-22,65320.72
2020-06-23,65429.09
2020-06-24,65553.69
2020-06-25,63926.65
2020-06-26,64876.08
2020-06-29,63981.27
2020-06-30,64892.86
2020-07-01,65294.64
2020-07-02,66376.38
2020-07-03,66644.94
2020-07-06,66169.77
2020-07-07,66153.92
2020-07-08,65134.89
2020-07-09,65521.65
2020-07-10,65122.96
2020-07-13,65764.37
2020-07-14,65363.51
2020-07-15,66594.45
2020-07-16,66131.7
2020-07-17,66382.14
2020-07-20,66029.41
2020-07-21,67731.77
2020-07-22,66838.04
2020-07-23,67051.84
2020-07-24,66276.21
2020-07-27,66498.17
2020-07-28,66238.27
2020-07-29,66082.43
2020-07-30,66575.48
2020-07-31,65218.91
2020-08-03,65200.34
2020-08-04,66426.67
2020-08-05,66027.75
2020-08-06,66509.89
2020-08-07,66099.52
2020-08-10,67259.3
2020-08-11,67572.48
2020-08-12,67499.81
2020-08-13,67055.59
2020-08-14,67443.7
2020-08-17,66901.89
2020-08-18,67423.77
2020-08-19,67981.58
2020-08-20,67459.09
2020-08-21,67370.3
2020-08-24,67631.98
2020-08-25,68030.17
2020-08-26,67589.09
2020-08-27,67716.66
2020-08-28,67139.48
2020-08-31,67065.85
2020-09-01,65914.34
2020-09-02,67146.35
2020-09-03,67791.65
2020-09-04,65717.3
2020-09-07,65959.12
2020-09-08,66671.02
2020-09-09,65246.0
2020-09-10,65609.7
2020-09-11,65066.28
2020-09-14,65515.41
2020-09-15,65465.29
2020-09-16,66146.74
2020-09-17,65340.64
2020-09-18,65134.57
2020-09-21,64670.13
2020-09-22,64244.33
2020-09-23,65797.78
2020-09-24,65264.84
2020-09-25,66258.98
2020-09-28,66119.63
2020-09-29,66120.13
2020-09-30,64608.07
2020-10-01,65241.2
2020-10-02,64337.56
2020-10-05,66004.8
2020-10-06,66232.41
2020-10-07,67057.93
2020-10-08,67788.52
2020-10-09,67794.87
2020-10-12,68125.91
2020-10-13,68834.52
2020-10-14,68651.63
2020-10-15,68997.52
2020-10-16,68625.24
2020-10-19,69209.53
2020-10-20,68711.74
2020-10-21,68792.02
2020-10-22,68591.48
2020-10-23,68516.97
2020-10-26,68390.1
2020-10-27,67227.89
2020-10-28,67302.54
2020-10-29,66220.42
2020-10-30,65856.45
2020-11-02,66119.95
2020-11-03,67398.35
2020-11-04,67353.48
2020-11-05,68214.38
2020-11-06,68778.53
2020-11-09,70025.13
2020-11-10,70489.11
2020-11-11,71748.09
2020-11-12,71437.73
2020-11-13,71293.02
2020-11-16,72195.39
2020-11-17,72349.97
2020-11-18,72716.13
2020-11-19,72895.69
2020-11-20,72807.8
2020-11-23,73063.81
2020-11-24,73982.23
2020-11-25,74420.09
2020-11-26,73898.88
2020-11-27,73505.53
2020-11-30,72581.26
2020-12-01,73371.45
2020-12-02,73390.02
2020-12-03,73673.62
2020-12-04,73883.13
2020-12-07,74339.51
2020-12-08,74481.08
2020-12-09,74934.81
2020-12-10,74429.74
2020-12-11,73978.65
2020-12-14,74175.42
2020-12-15,73853.51
2020-12-16,74386.77
2020-12-17,75249.3
2020-12-18,74344.92
2020-12-21,74282.75
2020-12-22,73502.92
2020-12-23,73988.12
2020-12-24,74229.11
2020-12-29,74624.69
2020-12-30,74522.79
2020-12-31,73459.59
2021-01-04,74543.02
2021-01-05,74516.38
2021-01-06,73683.61
2021-01-07,74853.47
2021-01-08,75365.54
2021-01-11,74688.51
2021-01-12,74486.89
2021-01-13,74570.75
2021-01-14,74892.69
2021-01-15,74893.6
2021-01-18,74309.26
2021-01-19,75196.8
2021-01-20,75506.65
2021-01-21,76101.2
2021-01-22,75840.82
2021-01-25,76112.36
2021-01-27,75620.01
2021-01-28,74160.47
2021-01-29,73688.3
2021-02-01,74308.45
2021-02-02,75419.66
2021-02-03,76111.15
2021-02-04,75451.95
2021-02-05,76288.77
2021-02-08,76736.5
2021-02-09,76073.46
2021-02-10,76472.04
2021-02-11,76396.27
2021-02-12,75927.11
2021-02-15,76633.94
2021-02-16,77304.09
2021-02-17,76945.87
2021-02-18,76975.71
2021-02-19,75947.88
2021-02-22,75812.82
2021-02-23,76519.63
2021-02-24,75885.39
2021-02-25,76533.34
2021-02-26,74759.47
2021-03-01,76183.53
2021-03-02,75882.91
2021-03-03,76533.71
2021-03-04,76172.32
2021-03-05,75613.51
2021-03-08,75947.91
2021-03-09,76313.08
2021-03-10,75681.37
2021-03-11,75685.11
2021-03-12,76282.08
2021-03-15,76354.71
2021-03-16,76967.69
2021-03-17,76609.66
2021-03-18,76055.01
2021-03-19,75630.1
2021-03-22,76129.71
2021-03-23,76052.65
2021-03-24,76428.87
2021-03-25,76567.95
2021-03-26,76947.61
2021-03-29,76669.38
2021-03-30,75989.57
2021-03-31,76585.7
2021-04-01,77014.58
2021-04-06,77659.34
2021-04-07,78135.85
2021-04-08,78934.66
2021-04-09,78894.12
2021-04-12,78655.52
2021-04-13,78688.98
2021-04-14,79209.78
2021-04-15,79610.44
2021-04-16,79668.54
2021-04-19,79693.16
2021-04-20,79153.21
2021-04-21,78925.75
2021-04-22,79579.56
2021-04-23,79638.86
2021-04-26,79468.0
2021-04-27,79335.72
2021-04-28,79683.54
2021-04-29,79882.2
2021-04-30,79245.34
2021-05-03,79278.95
2021-05-04,79719.48
2021-05-05,80039.23
2021-05-06,79654.34
2021-05-07,79870.17
2021-05-10,80988.38
2021-05-11,80132.14
2021-05-12,79544.6
2021-05-13,79010.3
2021-05-14,79366.96
2021-05-17,79518.45
2021-05-18,79998.69
2021-05-19,78477.98
2021-05-20,79476.74
2021-05-21,79597.79
2021-05-24,79776.55
2021-05-25,80565.68
2021-05-26,80309.08
2021-05-27,80335.66
2021-05-28,81300.69
2021-05-31,81100.22
2021-06-01,80884.4
2021-06-02,81736.77
2021-06-03,82216.53
2021-06-04,82615.2
2021-06-07,82465.64
2021-06-08,82586.77
2021-06-09,82333.24
2021-06-10,82699.0
2021-06-11,82812.1
2021-06-15,83572.43
2021-06-16,83648.35
2021-06-17,83341.01
2021-06-18,83452.16
2021-06-21,81939.86
2021-06-22,83150.35
2021-06-23,82656.27
2021-06-24,82394.97
2021-06-25,82766.14
2021-06-28,82757.58
2021-06-29,82798.64
2021-06-30,82932.29
2021-07-01,82398.13
2021-07-02,82885.55
2021-07-05,82958.11
2021-07-06,82355.05
2021-07-07,83098.78
2021-07-08,83264.08
2021-07-09,82491.36
2021-07-12,83173.79
2021-07-13,83157.81
2021-07-14,83414.57
2021-07-15,83201.61
2021-07-16,83340.04
2021-07-19,82635.25
2021-07-20,82252.45
2021-07-21,82893.14
2021-07-22,83774.25
2021-07-23,83864.35
2021-07-26,83863.38
2021-07-27,84284.12
2021-07-28,83693.49
2021-07-29,84125.66
2021-07-30,83844.75
2021-08-02,84965.6
2021-08-03,84773.14
2021-08-04,85098.65
2021-08-05,85189.01
2021-08-06,85498.86
2021-08-09,85498.84
2021-08-10,85772.71
2021-08-11,86019.3
2021-08-12,86139.94
2021-08-13,86637.92
2021-08-16,86110.21
2021-08-17,85472.85
2021-08-18,85372.6
2021-08-19,84966.43
2021-08-20,84932.8
2021-08-23,85286.69
2021-08-24,85438.88
2021-08-25,85825.55
2021-08-26,85405.3
2021-08-27,85376.27
2021-08-30,85593.48
2021-08-31,85944.45
2021-09-01,85908.63
2021-09-02,85828.06
2021-09-03,86265.16
2021-09-06,86498.97
2021-09-07,86554.05
2021-09-08,86364.54
2021-09-09,84742.15
2021-09-10,85171.0
2021-09-13,85390.22
2021-09-14,85532.64
2021-09-15,85301.55
2021-09-16,85802.13
2021-09-17,85154.88
2021-09-20,83365.79
2021-09-21,83663.59
2021-09-22,83930.32
2021-09-23,84778.27
2021-09-24,84466.89
2021-09-27,84945.06
2021-09-28,83695.52
2021-09-29,82793.34
2021-09-30,84351.55
2021-10-01,82664.86
2021-10-04,83734.68
2021-10-05,83389.49
2021-10-06,82908.47
2021-10-07,83486.24
2021-10-08,84215.98
2021-10-11,83982.48
2021-10-12,83764.52
2021-10-13,83670.35
2021-10-14,84121.2
2021-10-15,84703.23
2021-10-18,84922.9
2021-10-19,84851.35
2021-10-20,85298.01
2021-10-21,85317.55
2021-10-22,85318.77
2021-10-25,85612.41
2021-10-26,85640.29
2021-10-27,85701.13
2021-10-28,85495.97
2021-10-29,84268.94
2021-11-01,84810.19
2021-11-02,84277.02
2021-11-03,85064.13
2021-11-04,85469.84
2021-11-05,85893.34
2021-11-08,85961.79
2021-11-09,85756.73
2021-11-10,85638.88
2021-11-11,85154.9
2021-11-12,85859.72
2021-11-15,86262.2
2021-11-16,85692.29
2021-11-17,85109.09
2021-11-18,85226.15
2021-11-19,85431.02
2021-11-22,84930.39
2021-11-23,85599.93
2021-11-24,85472.36
2021-11-25,85563.59
2021-11-26,84085.66
2021-11-29,83629.06
2021-11-30,83815.62
2021-12-01,83597.36
2021-12-02,83482.85
2021-12-03,83667.56
2021-12-06,83713.22
2021-12-07,84508.48
2021-12-08,85566.28
2021-12-09,85323.74
2021-12-10,84966.32
2021-12-13,85263.73
2021-12-14,85253.59
2021-12-15,84660.8
2021-12-16,84297.76
2021-12-17,84393.81
2021-12-20,84257.31
2021-12-21,84988.08
2021-12-22,85100.39
2021-12-23,85363.86
2021-12-24,85742.02
2021-12-29,86776.31
2021-12-30,86912.78
2021-12-31,86117.72
2022-01-04,87796.38
2022-01-05,87521.64
2022-01-06,85120.94
2022-01-07,86220.27
2022-01-10,86147.65
2022-01-11,85488.89
2022-01-12,86053.17
2022-01-13,86463.3
2022-01-14,85532.11
2022-01-17,85803.33
2022-01-18,85704.66
2022-01-19,84822.26
2022-01-20,84936.66
2022-01-21,83009.77
2022-01-24,82590.23
2022-01-25,80532.04
2022-01-27,79105.2
2022-01-28,80838.79
2022-01-31,80647.8
2022-02-01,81045.76
2022-02-02,81991.66
2022-02-03,81879.74
2022-02-04,82367.91
2022-02-07,82261.21
2022-02-08,83138.58
2022-02-09,84083.95
2022-02-10,84317.63
2022-02-11,83494.75
2022-02-14,83829.27
2022-02-15,83406.73
2022-02-16,84432.3
2022-02-17,84570.07
2022-02-18,83707.81
2022-02-21,83868.86
2022-02-22,83077.96
2022-02-23,83617.63
2022-02-24,81602.08
2022-02-25,81702.01
2022-02-28,82377.32
2022-03-01,82952.95
2022-03-02,83232.26
2022-03-03,83694.19
2022-03-04,83230.04
2022-03-07,82444.61
2022-03-08,81774.16
2022-03-09,82635.23
2022-03-10,83674.01
2022-03-11,82887.79
2022-03-14,83897.4
2022-03-15,83289.68
2022-03-16,84203.51
2022-03-17,85092.84
2022-03-18,85607.12
2022-03-21,85421.63
2022-03-22,86163.95
2022-03-23,86598.74
2022-03-24,86708.76
2022-03-25,86934.96
2022-03-28,87012.28
2022-03-29,87620.88
2022-03-30,88216.3
2022-03-31,88049.03
2022-04-01,87981.23
2022-04-04,88215.26
2022-04-05,88381.09
2022-04-06,87937.67
2022-04-07,87384.06
2022-04-08,87796.84
2022-04-11,87882.06
2022-04-12,87517.09
2022-04-13,87811.03
2022-04-14,88332.51
2022-04-19,88823.0
2022-04-20,88873.06
2022-04-21,89149.68
2022-04-22,87746.45
2022-04-26,85923.02
2022-04-27,85255.98
2022-04-28,86379.85
2022-04-29,87297.17
2022-05-02,86263.66
2022-05-03,85901.98
2022-05-04,85772.48
2022-05-05,86476.68
2022-05-06,84609.54
2022-05-09,83692.23
2022-05-10,82875.4
2022-05-11,83129.49
2022-05-12,81674.49
2022-05-13,83252.77
2022-05-16,83513.85
2022-05-17,83743.46
2022-05-18,84569.22
2022-05-19,83267.84
2022-05-20,84224.76
2022-05-23,84263.04
2022-05-24,84031.72
2022-05-25,84342.98
2022-05-26,83776.19
2022-05-27,84685.45
2022-05-30,85911.62
2022-05-31,85024.9
2022-06-01,85293.92
2022-06-02,84610.09
2022-06-03,85350.74
2022-06-06,84980.48
2022-06-07,83677.01
2022-06-08,83976.08
2022-06-09,82780.8
2022-06-10,81745.83
2022-06-14,78845.41
2022-06-15,77843.09
2022-06-16,77725.94
2022-06-17,76354.48
2022-06-20,75865.92
2022-06-21,76934.24
2022-06-22,76755.55
2022-06-23,76990.24
2022-06-24,77582.87
2022-06-27,79083.59
2022-06-28,79763.92
2022-06-29,79127.91
2022-06-30,77568.63
2022-07-01,77236.18
2022-07-04,78094.23
2022-07-05,78292.23
2022-07-06,77881.76
2022-07-07,78513.27
2022-07-08,78868.88
2022-07-11,77973.04
2022-07-12,78026.02
2022-07-13,78206.39
2022-07-14,78549.63
2022-07-15,78017.59
2022-07-18,78980.98
2022-07-19,78537.59
2022-07-20,79832.2
2022-07-21,80246.42
2022-07-22,80213.58
2022-07-25,80195.07
2022-07-26,80399.86
2022-07-27,80588.39
2022-07-28,81373.95
2022-07-29,82028.33
2022-08-01,82593.16
2022-08-02,82653.13
2022-08-03,82392.05
2022-08-04,82380.08
2022-08-05,82860.41
2022-08-08,82920.2
2022-08-09,83028.96
2022-08-10,82590.09
2022-08-11,83571.65
2022-08-12,83125.84
2022-08-15,83517.72
2022-08-16,84009.89
2022-08-17,84418.03
2022-08-18,84261.56
2022-08-19,84281.5
2022-08-22,83518.3
2022-08-23,82511.91
2022-08-24,82981.95
2022-08-25,83587.18
2022-08-26,84270.84
2022-08-29,82641.27
2022-08-30,83040.76
2022-08-31,82992.41
2022-09-01,81858.16
2022-09-02,81693.12
2022-09-05,82078.33
2022-09-06,81842.82
2022-09-07,80715.63
2022-09-08,82284.76
2022-09-09,82836.09
2022-09-12,83685.3
2022-09-13,84230.44
2022-09-14,82056.01
2022-09-15,82272.35
2022-09-16,81027.77
2022-09-19,80799.74
2022-09-20,81839.95
2022-09-21,80579.64
2022-09-23,79070.45
2022-09-26,77803.82
2022-09-27,78125.52
2022-09-28,77715.02
2022-09-29,78839.9
2022-09-30,77868.43
2022-10-03,77659.97
2022-10-04,80578.99
2022-10-05,81978.93
2022-10-06,82002.11
2022-10-07,81343.55
2022-10-10,80200.66
2022-10-11,79928.11
2022-10-12,79959.45
2022-10-13,79900.16
2022-10-14,81302.66
2022-10-17,80167.26
2022-10-18,81547.92
2022-10-19,81798.59
2022-10-20,80964.7
2022-10-21,80315.4
2022-10-24,81555.96
2022-10-25,81787.58
2022-10-26,81934.98
2022-10-27,82353.5
2022-10-28,81638.7
2022-10-31,82573.97
2022-11-01,83939.7
2022-11-02,84057.61
2022-11-03,82508.27
2022-11-04,82924.29
2022-11-07,83556.48
2022-11-08,83859.74
2022-11-09,84351.23
2022-11-10,83926.06
2022-11-11,86263.25
2022-11-14,86123.38
2022-11-15,86167.34
2022-11-16,85933.34
2022-11-17,86186.42
2022-11-18,86390.2
2022-11-21,86240.04
2022-11-22,86752.84
2022-11-23,87362.55
2022-11-24,87488.12
2022-11-25,87702.34
2022-11-28,87335.78
2022-11-29,87629.01
2022-11-30,88008.95
2022-12-01,88859.41
2022-12-02,88219.58
2022-12-05,88525.27
2022-12-06,88110.31
2022-12-07,87362.53
2022-12-08,86713.02
2022-12-09,87167.78
2022-12-12,86776.84
2022-12-13,87048.02
2022-12-14,87628.46
2022-12-15,87066.27
2022-12-16,86388.25
2022-12-19,86209.31
2022-12-20,84889.39
2022-12-21,85986.99
2022-12-22,86439.15
2022-12-23,85897.54
2022-12-28,85640.34
2022-12-29,84962.61
2022-12-30,85188.04
2023-01-03,84068.54
2023-01-04,85436.51
2023-01-05,85489.88
2023-01-06,86046.19
2023-01-09,86551.27
2023-01-10,86307.42
2023-01-11,87086.16
2023-01-12,88115.65
2023-01-13,88693.0
2023-01-16,89420.12
2023-01-17,89397.31
2023-01-18,89482.8
2023-01-19,89990.56
2023-01-20,90194.46
2023-01-23,90256.32
2023-01-24,90657.3
2023-01-25,90389.84
2023-01-27,90698.89
2023-01-30,90551.48
2023-01-31,90491.06
2023-02-01,90793.65
2023-02-02,90914.52
2023-02-03,91476.82
2023-02-06,91245.3
2023-02-07,90823.63
2023-02-08,91138.46
2023-02-09,90664.01
2023-02-10,89978.05
2023-02-13,89785.5
2023-02-14,89961.17
2023-02-15,89009.02
2023-02-16,89735.98
2023-02-17,88967.82
2023-02-20,89076.8
2023-02-21,88914.45
2023-02-22,88798.41
2023-02-23,88468.34
2023-02-24,88749.27
2023-02-27,87844.02
2023-02-28,88276.24
2023-03-01,88249.62
2023-03-02,88362.03
2023-03-03,88725.02
2023-03-06,89313.62
2023-03-07,89774.63
2023-03-08,89268.57
2023-03-09,89715.02
2023-03-10,87677.09
2023-03-13,87240.16
2023-03-14,86014.24
2023-03-15,86757.46
2023-03-16,85495.95
2023-03-17,85859.51
2023-03-20,84679.63
2023-03-21,85383.45
2023-03-22,86126.02
2023-03-23,85549.29
2023-03-24,85385.08
2023-03-27,85467.9
2023-03-28,86363.2
2023-03-29,86562.63
2023-03-30,87453.93
2023-03-31,88137.9
2023-04-03,88693.66
2023-04-04,88853.37
2023-04-05,88868.94
2023-04-06,88645.97
2023-04-07,88645.97
2023-04-11,89763.84
2023-04-12,90181.13
2023-04-13,89938.46
2023-04-14,90398.5
2023-04-17,90652.09
2023-04-18,90390.05
2023-04-19,90459.62
2023-04-20,90418.49
2023-04-21,90027.78
2023-04-24,89924.73
2023-04-26,89854.84
2023-04-27,89565.59
2023-04-28,89767.06
2023-05-01,90079.12
2023-05-02,89254.3
2023-05-03,88394.61
2023-05-04,88341.85
2023-05-05,88672.27
2023-05-08,89365.95
2023-05-09,89213.55
2023-05-10,89225.95
2023-05-11,89281.27
2023-05-12,89339.52
2023-05-15,89637.98
2023-05-16,89237.84
2023-05-17,88800.67
2023-05-18,89266.87
2023-05-19,89794.06
2023-05-22,89593.37
2023-05-23,89558.02
2023-05-24,88989.45
2023-05-25,88068.83
2023-05-26,88277.58
2023-05-29,89050.13
2023-05-30,88950.3
2023-05-31,87494.78
2023-06-01,87735.86
2023-06-02,88159.46
2023-06-05,89037.1
2023-06-06,87968.2
2023-06-07,87824.48
2023-06-08,87598.31
2023-06-09,87884.23
2023-06-12,87884.23
2023-06-13,88087.73
2023-06-14,88370.11
2023-06-15,88545.78
2023-06-16,89482.68
2023-06-19,90021.3
2023-06-20,90800.26
2023-06-21,90270.5
2023-06-22,88796.83
2023-06-23,87608.94
2023-06-26,87356.7
2023-06-27,87844.88
2023-06-28,88811.52
2023-06-29,88926.43
2023-06-30,89031.72
2023-07-03,89560.97
2023-07-04,89967.86
2023-07-05,89650.4
2023-07-06,88541.34
2023-07-07,87043.63
2023-07-10,86571.68
2023-07-11,87867.3
2023-07-12,88198.79
2023-07-13,89573.66
2023-07-14,90267.96
2023-07-17,90211.5
2023-07-18,90033.8
2023-07-19,90527.59
2023-07-20,90543.99
2023-07-21,90406.02
2023-07-24,90313.61
2023-07-25,90724.73
2023-07-26,91495.25
2023-07-27,92161.63
2023-07-28,91515.53
2023-07-31,91599.3
2023-08-01,92097.26
2023-08-02,90909.26
2023-08-03,90380.53
2023-08-04,90549.34
2023-08-07,90349.83
2023-08-08,90373.86
2023-08-09,90705.27
2023-08-10,90986.05
2023-08-11,90772.64
2023-08-14,90005.58
2023-08-15,90352.04
2023-08-16,89164.8
2023-08-17,88582.13
2023-08-18,88624.76
2023-08-21,88234.74
2023-08-22,88325.64
2023-08-23,88672.07
2023-08-24,89099.59
2023-08-25,88271.48
2023-08-28,88856.17
2023-08-29,89504.16
2023-08-30,90683.16
2023-08-31,90928.22
2023-09-01,90622.1
2023-09-04,91213.56
2023-09-05,91198.92
2023-09-06,90511.56
2023-09-07,89729.41
2023-09-08,89558.96
2023-09-11,90050.68
2023-09-12,90241.72
2023-09-13,89615.46
2023-09-14,90043.39
2023-09-15,91207.38
2023-09-18,90607.13
2023-09-19,90184.24
2023-09-20,89768.31
2023-09-21,88540.53
2023-09-22,88585.68
2023-09-25,88692.09
2023-09-26,88211.59
2023-09-27,88113.25
2023-09-28,88050.34
2023-09-29,88349.68
2023-10-02,88156.27
2023-10-03,87032.21
2023-10-04,86365.78
2023-10-05,86808.51
2023-10-06,87168.0
2023-10-09,87368.41
2023-10-10,88253.38
2023-10-11,88852.25
2023-10-12,88884.36
2023-10-13,88386.84
2023-10-16,88080.0
2023-10-17,88450.34
2023-10-18,88720.04
2023-10-19,87516.6
2023-10-20,86502.73
2023-10-23,85799.19
2023-10-24,85959.42
2023-10-25,85927.85
2023-10-26,85406.9
2023-10-27,85589.19
2023-10-30,84913.03
2023-10-31,85011.76
2023-11-01,85734.24
2023-11-02,86504.36
2023-11-03,87488.18
2023-11-06,87730.52
2023-11-07,87478.9
2023-11-08,87710.49
2023-11-09,88061.13
2023-11-10,87579.05
2023-11-13,87270.63
2023-11-14,88109.12
2023-11-15,89356.42
2023-11-16,88883.84
2023-11-17,88775.46
2023-11-20,88889.25
2023-11-21,89144.82
2023-11-22,89084.76
2023-11-23,88532.2
2023-11-24,88677.98
2023-11-27,88009.02
2023-11-28,88356.34
2023-11-29,88621.86
2023-11-30,89287.59
2023-12-01,89109.26
2023-12-04,89762.47
2023-12-05,88968.84
2023-12-06,90440.41
2023-12-07,90377.27
2023-12-08,90649.09
2023-12-11,90701.03
2023-12-12,91157.7
2023-12-13,91441.2
2023-12-14,92958.45
2023-12-15,93775.35
2023-12-18,93569.55
2023-12-19,94359.72
2023-12-20,94974.74
2023-12-21,94549.34
2023-12-22,94516.98
2023-12-27,95268.81
2023-12-28,96063.29
2023-12-29,95767.32
2024-01-02,96233.73
2024-01-03,94914.23
2024-01-04,94547.08
2024-01-05,94483.67
2024-01-08,94010.26
2024-01-09,94883.02
2024-01-10,94226.15
2024-01-11,94700.11
2024-01-12,94602.44
2024-01-15,94576.97
2024-01-16,93549.08
2024-01-17,93275.17
2024-01-18,92687.16
2024-01-19,93630.38
2024-01-22,94328.45
2024-01-23,94812.61
2024-01-24,94866.2
2024-01-25,95322.58
2024-01-29,95613.79
2024-01-30,95888.19
2024-01-31,96904.13
2024-02-01,95736.77
2024-02-02,97142.05
2024-02-05,96214.14
2024-02-06,95655.53
2024-02-07,96089.38
2024-02-08,96384.73
2024-02-09,96455.27
2024-02-12,96077.8
2024-02-13,95934.73
2024-02-14,95230.09
2024-02-15,95980.01
2024-02-16,96643.8
2024-02-19,96729.4
2024-02-20,96720.84
2024-02-21,96250.45
2024-02-22,96308.62
2024-02-23,96726.48
2024-02-26,96891.6
2024-02-27,97029.86
2024-02-28,97153.08
2024-02-29,97671.44
2024-03-01,98302.4
2024-03-04,98190.93
2024-03-05,98104.77
2024-03-06,98273.28
2024-03-07,99049.06
2024-03-08,100116.94
2024-03-11,98337.8
2024-03-12,98447.53
2024-03-13,98682.7
2024-03-14,98488.56
2024-03-15,97940.66
2024-03-18,98015.7
2024-03-19,98369.52
2024-03-20,98274.91
2024-03-21,99382.8
2024-03-22,99237.02
2024-03-25,99766.86
2024-03-26,99372.41
2024-03-27,99882.88
2024-03-28,100869.63
2024-04-02,100757.52
2024-04-03,99412.02
2024-04-04,99857.72
2024-04-05,99294.8
2024-04-08,99496.71
2024-04-09,99946.82
2024-04-10,100256.03
2024-04-11,99810.54
2024-04-12,99484.89
2024-04-15,99034.46
2024-04-16,97245.63
2024-04-17,97161.66
2024-04-18,97628.18
2024-04-19,96672.27
2024-04-22,97718.3
2024-04-23,98157.09
2024-04-24,98150.61
2024-04-26,96782.49
2024-04-29,97567.71
2024-04-30,97908.79
2024-05-01,96706.3
2024-05-02,96928.58
2024-05-03,97465.09
2024-05-06,98147.38
2024-05-07,99677.03
2024-05-08,99821.67
2024-05-09,98874.77
2024-05-10,99224.69
2024-05-13,99404.72
2024-05-14,99106.35
2024-05-15,99451.86
2024-05-16,101088.35
2024-05-17,100230.05
2024-05-20,100862.17
2024-05-21,100713.43
2024-05-22,100668.02
2024-05-23,100215.82
2024-05-24,99135.51
2024-05-27,99914.38
2024-05-28,99638.58
2024-05-29,98342.5
2024-05-30,97862.98
2024-05-31,98806.37
2024-06-03,99569.8
2024-06-04,99262.27
2024-06-05,99672.12
2024-06-06,100349.05
2024-06-07,100839.88
2024-06-11,99497.3
2024-06-12,98989.93
2024-06-13,99434.39
2024-06-14,99107.57
2024-06-17,98799.77
2024-06-18,99800.91
2024-06-19,99693.63
2024-06-20,99689.97
2024-06-21,100030.47
2024-06-24,99231.26
2024-06-25,100579.81
2024-06-26,99865.84
2024-06-27,99706.56
2024-06-28,99807.75
2024-07-01,99595.6
2024-07-02,99177.02
2024-07-03,99457.31
2024-07-04,100639.0
2024-07-05,100516.92
2024-07-08,99758.28
2024-07-09,100613.38
2024-07-10,100447.6
2024-07-11,101383.53
2024-07-12,102278.4
2024-07-15,103028.13
2024-07-16,102796.92
2024-07-17,103549.62
2024-07-18,103274.95
2024-07-19,102440.59
2024-07-22,101928.47
2024-07-23,102434.7
2024-07-24,102339.45
2024-07-25,101022.1
2024-07-26,101793.89
2024-07-29,102672.55
2024-07-30,102203.98
2024-07-31,103992.22
2024-08-01,104279.21
2024-08-02,102076.2
2024-08-05,98302.22
2024-08-06,98701.7
2024-08-07,98948.27
2024-08-08,98718.88
2024-08-09,99949.42
2024-08-12,100411.62
2024-08-13,100580.86
2024-08-14,100889.56
2024-08-15,101142.33
2024-08-16,102514.98
2024-08-19,102638.28
2024-08-20,102873.39
2024-08-21,103230.34
2024-08-22,103472.16
2024-08-23,103447.97
2024-08-26,104269.13
2024-08-27,104111.47
2024-08-28,104174.74
2024-08-29,103865.93
2024-08-30,104478.77
2024-09-02,104727.42
2024-09-03,104770.96
2024-09-04,102901.88
2024-09-05,103431.01
2024-09-06,103837.09
2024-09-09,103564.06
2024-09-10,103881.08
2024-09-11,103596.09
2024-09-12,104989.95
2024-09-13,105322.25
2024-09-16,105613.45
2024-09-17,105870.51
2024-09-18,105888.83
2024-09-19,106548.08
2024-09-20,106777.48
2024-09-23,106042.38
2024-09-24,105908.87
2024-09-25,105705.8
2024-09-26,106711.28
2024-09-27,106829.91
2024-09-30,107579.05
2024-10-01,106787.77
2024-10-02,106648.11
2024-10-03,106745.33
2024-10-04,106027.37
2024-10-07,106748.07
2024-10-08,106379.79
2024-10-09,106515.48
2024-10-10,106978.62
2024-10-11,106868.45
2024-10-14,107366.73
2024-10-15,108228.82
2024-10-16,107791.39
2024-10-17,108717.39
2024-10-18,107771.69
2024-10-21,108567.41
2024-10-22,106762.57
2024-10-23,106897.09
2024-10-24,106770.12
2024-10-25,106840.52
2024-10-28,106974.16
2024-10-29,107334.84
2024-10-30,106438.56
2024-10-31,106174.02
2024-11-01,105637.98
2024-11-04,106234.98
2024-11-05,105808.68
2024-11-06,106691.95
2024-11-07,107155.21
2024-11-08,108051.83
2024-11-11,107717.52
2024-11-12,107694.46
2024-11-13,106991.49
2024-11-14,107391.03
2024-11-15,108190.16
2024-11-18,108386.27
2024-11-19,109350.73
2024-11-20,108732.09
2024-11-21,108688.66
2024-11-22,109620.39
2024-11-25,109931.05
2024-11-26,109173.45
2024-11-27,109796.48
2024-11-28,110290.82
2024-11-29,110196.57
2024-12-02,110348.36
2024-12-03,110971.9
2024-12-04,110545.88
2024-12-05,110708.26
2024-12-06,110002.52
2024-12-09,110030.47
2024-12-10,109641.39
2024-12-11,109127.05
2024-12-12,108822.13
2024-12-13,108378.13
2024-12-16,107770.99
2024-12-17,108615.3
2024-12-18,108554.87
2024-12-19,106710.88
2024-12-20,105388.02
2024-12-23,107146.67
2024-12-24,107401.38
2024-12-27,107936.2
2024-12-30,107715.7
2024-12-31,106723.29
2025-01-02,107273.94
2025-01-03,107918.18
2025-01-06,108009.13
2025-01-07,108370.77
2025-01-08,109208.56
2025-01-09,108947.27
2025-01-10,108488.2
2025-01-13,107152.01
2025-01-14,107663.23
2025-01-15,107431.31
2025-01-16,108918.37
2025-01-17,108701.55
2025-01-20,109185.6
2025-01-21,109905.02
2025-01-22,110263.38
2025-01-23,109595.32
2025-01-24,109989.74
2025-01-28,109861.64
2025-01-29,110488.67
2025-01-30,111099.32
2025-01-31,111604.26
2025-02-03,109603.75
2025-02-04,109533.35
2025-02-05,110094.34
2025-02-06,111452.62
2025-02-07,111331.27
2025-02-10,110956.51
2025-02-11,110972.49
2025-02-12,111645.14
2025-02-13,111726.2
2025-02-14,111935.86
2025-02-17,111714.2
2025-02-18,111003.62
2025-02-19,110360.2
2025-02-20,109105.21
2025-02-21,108774.52
2025-02-24,108965.62
2025-02-25,108296.55
2025-02-26,108254.12
2025-02-27,108628.86
2025-02-28,107375.83
2025-03-03,108354.41
2025-03-04,107772.3
2025-03-05,107143.18
2025-03-06,106875.87
2025-03-07,104951.91
2025-03-10,105192.02
2025-03-13,102421.44
2025-03-14,102966.45
2025-03-18,103913.42
2025-03-20,104705.51
2025-03-21,104868.67
2025-03-25,105032.2
2025-03-27,105388.46
2025-03-28,105566.37
2025-03-31,103733.5
2025-04-01,104814.5
2025-04-02,104943.1015625
2025-04-03,103953.5
2025-04-04,101415.703125
2025-04-07,97122.6015625
2025-04-08,99328.703125
2025-04-09,97542.796875
2025-04-10,101968.296875
2025-04-11,101133.796875
2025-04-14,102484.703125
2025-04-15,102663.203125
2025-04-16,102625.8984375
2025-04-17,103422.6015625
2025-04-22,103390.3984375
2025-04-23,104763.5
2025-04-24,105394.6015625
2025-04-28,105775.8984375
2025-04-29,106748.5
2025-04-30,107489.3984375
2025-05-01,107745.8984375
2025-05-02,108968.796875
2025-05-05,107907.1015625
2025-05-06,107823.203125
2025-05-07,108180.8984375
2025-05-08,108472.1015625
2025-05-09,108995.796875
2025-05-12,109141.703125
2025-05-13,109720.796875
2025-05-14,109861.6015625
2025-05-15,110098.8984375
2025-05-16,110711.8984375
2025-05-19,110128.703125
2025-05-20,110769.0
2025-05-21,111350.8984375
2025-05-22,110862.3984375
2025-05-23,111024.796875
2025-05-26,111028.6015625
2025-05-27,111646.6015625
2025-05-28,111505.6015625
2025-05-29,111677.296875
2025-05-30,112008.0
2025-06-02,111734.0
2025-06-03,112434.1015625
2025-06-04,113432.203125
2025-06-05,113393.5
2025-06-06,113085.5
2025-06-10,114034.5
2025-06-11,114099.6015625
2025-06-12,113743.1015625
2025-06-13,113510.296875
2025-06-16,113522.703125
2025-06-17,113428.296875
2025-06-18,113294.203125
2025-06-19,113194.8984375
2025-06-20,112953.1015625
2025-06-23,112548.8984375
2025-06-24,113620.0
2025-06-25,113668.5
2025-06-26,113556.3984375
2025-06-27,113219.1015625
2025-06-30,113592.796875
2025-07-01,113577.3984375
2025-07-02,114332.796875
2025-07-03,114311.5
2025-07-04,114406.5
2025-07-07,114224.703125
2025-07-08,114243.203125
2025-07-09,113550.203125
2025-07-10,114222.8984375
2025-07-11,114102.796875
2025-07-14,113973.3984375
2025-07-15,114775.203125
2025-07-16,113863.1015625
2025-07-17,114890.6015625
2025-07-18,116461.8984375
2025-07-21,115278.203125
2025-07-22,115397.8984375
2025-07-23,116195.6015625
2025-07-24,115826.6015625
2025-07-25,115260.703125
2025-07-28,115671.0
2025-07-29,115762.8984375
2025-07-30,116451.1015625
2025-07-31,116271.296875
2025-08-01,115196.796875
2025-08-04,115219.1015625
2025-08-05,116637.796875
2025-08-06,117612.1015625
2025-08-07,117448.6015625
2025-08-08,117126.0
2025-08-11,117627.203125
2025-08-12,118106.296875
2025-08-13,117394.703125
2025-08-14,118072.296875
2025-08-15,118934.6015625
2025-08-18,119210.1015625
2025-08-19,118426.0
2025-08-20,118908.3984375
2025-08-21,120292.203125
2025-08-22,119618.6015625
2025-08-25,119697.296875
2025-08-26,119220.3984375
2025-08-27,119617.8984375
2025-08-28,119959.296875
2025-08-29,119879.796875
2025-09-01,119328.203125
2025-09-02,119116.203125
2025-09-03,117023.6015625
2025-09-04,118419.1015625
2025-09-05,119041.3984375
2025-09-08,118761.1015625
2025-09-09,118205.203125
2025-09-10,118601.203125
2025-09-11,118270.203125
2025-09-12,119085.296875
2025-09-15,118943.203125
2025-09-16,119286.8984375
2025-09-17,118495.203125
2025-09-18,117530.0
2025-09-19,117911.1015625
2025-09-22,118416.6015625
2025-09-23,118887.5
2025-09-24,117801.296875
2025-09-25,117915.6015625
2025-09-26,118114.1015625
2025-09-29,119131.203125
2025-09-30,118943.703125
2025-10-01,118903.0
2025-10-02,120252.203125
2025-10-03,120809.0
2025-10-06,120732.796875
2025-10-07,120403.0
2025-10-08,120279.5
2025-10-09,120577.5
2025-10-10,120423.6015625
2025-10-13,119408.203125
2025-10-14,119631.703125
2025-10-15,120863.3984375
2025-10-16,121904.8984375
2025-10-17,120922.1015625
2025-10-20,121414.6015625
2025-10-21,122260.6015625
2025-10-22,121390.8984375
2025-10-23,121427.6015625
2025-10-24,121242.1015625
2025-10-27,121735.3984375
2025-10-28,121155.5
2025-10-29,120000.6015625
2025-10-30,119454.0
2025-10-31,119405.0
2025-11-03,119579.296875
2025-11-04,118489.1015625
2025-11-05,118331.1015625
2025-11-06,118818.0
2025-11-07,118013.0
2025-11-10,118904.203125
2025-11-12,118534.703125
2025-11-13,118022.6015625
2025-11-14,116420.3984375
2025-11-17,116489.8984375
2025-11-18,114233.796875
2025-11-19,113946.8984375
2025-11-20,115361.1015625
2025-11-21,113530.703125
2025-11-24,114995.5
2025-11-25,115171.796875
2025-11-26,116116.5
2025-11-27,116291.5
2025-11-28,116228.0
2025-12-01,115575.6015625
2025-12-02,115771.296875
2025-12-03,115981.8984375
2025-12-04,116297.1015625
2025-12-05,116514.8984375
2025-12-08,116378.0
2025-12-09,115858.5
2025-12-10,115769.703125
2025-12-11,115943.1015625
2025-12-12,117367.203125
2025-12-15,116527.3984375
2025-12-16,116040.3984375
2025-12-17,115854.703125
2025-12-18,115895.703125
2025-12-19,116342.703125
2025-12-22,117402.703125
2025-12-23,118695.6015625
2025-12-24,118250.203125
2025-12-29,117751.203125
2025-12-30,117774.6015625
2025-12-31,117737.203125
2026-01-02,117918.796875
2026-01-05,117930.6015625
2026-01-06,117310.796875
2026-01-07,117484.0
2026-01-08,117824.3984375
2026-01-09,117785.0
2026-01-12,118346.296875
2026-01-13,119010.296875
2026-01-14,119173.203125
2026-01-15,119728.203125
2026-01-16,120298.1015625
2026-01-19,119901.6015625
2026-01-20,119109.203125
2026-01-21,118663.5
2026-01-22,119553.0
2026-01-23,119706.796875
2026-01-27,120808.296875
2026-01-28,120704.0
2026-01-29,120617.8984375
2026-01-30,119829.203125
2026-02-02,118605.796875
2026-02-03,119665.796875
2026-02-04,120622.0
2026-02-05,120100.3984375
2026-02-06,117663.203125
2026-02-09,120404.8984375
2026-02-10,119805.0
2026-02-11,121798.8984375
2026-02-12,122208.203125
2026-02-13,120506.3984375
2026-02-16,120769.703125
2026-02-17,121090.0
2026-02-18,121916.8984375
2026-02-19,122988.703125
2026-02-20,122953.296875
2026-02-23,122248.8984375
2026-02-24,122273.5
2026-02-25,123771.703125
2026-02-26,124432.6015625
2026-02-27,124757.703125
2026-03-02,124879.5
2026-03-03,123232.5
2026-03-04,120908.6015625
2026-03-05,121887.8984375
2026-03-06,120676.8984375
2026-03-09,117248.0
2026-03-10,118616.796875
2026-03-11,119335.5
2026-03-12,117794.796875
2026-03-13,117640.0
2026-03-16,117189.5
2026-03-17,117616.296875
2026-03-18,117977.296875
2026-03-19,116038.3984375
2026-03-20,115091.6015625
2026-03-23,114239.5
2026-03-24,114423.0
2026-03-25,116882.6015625
2026-03-26,116432.796875
2026-03-27,116303.796875
2026-03-30,115556.796875
2026-03-31,115843.203125
2026-04-01,118443.203125
2026-04-02,117182.703125
2026-04-07,119221.6015625
2026-04-08,122267.796875
2026-04-09,122560.1015625
2026-04-10,122388.1015625
2026-04-13,121916.0
2026-04-14,122527.5
2026-04-15,122635.0
2026-04-16,122311.703125
2026-04-17,122201.296875
2026-04-20,122295.796875
2026-04-21,122242.6015625
2026-04-22,120797.0
2026-04-23,120112.0
2026-04-24,120017.8984375
2026-04-27,119742.3984375
2026-04-28,118981.8984375
2026-04-29,118658.296875
2026-04-30,118369.203125
2026-05-01,119243.6015625
2026-05-04,118802.5
2026-05-05,118575.0
2026-05-06,120121.1015625
2026-05-07,121392.5
2026-05-08,119681.703125
2026-05-11,119211.3984375
2026-05-12,118785.6015625
2026-05-13,118235.796875
2026-05-14,118377.203125
2026-05-15,118242.0
2026-05-18,116589.6015625
2026-05-19,117953.703125
2026-05-20,116471.5
2026-05-21,118193.3984375
2026-05-22,118677.1015625
2026-05-25,119172.3984375
2026-05-26,118706.5
2026-05-27,119531.796875
2026-05-28,117822.3984375
2026-05-29,119724.8984375
2026-06-01,119694.1015625
2026-06-02,119625.1015625
2026-06-03,120466.296875
2026-06-04,119100.703125
2026-06-05,118264.203125
2026-06-09,117977.6015625
2026-06-10,118651.1015625
2026-06-11,118376.703125
2026-06-12,120727.203125
2026-06-15,122235.1015625
2026-06-16,122285.203125
2026-06-17,122952.203125
2026-06-18,122195.296875
2026-06-19,121065.0
2026-06-22,120895.8984375
2026-06-23,120496.1015625
2026-06-24,120789.796875
2026-06-25,119970.5
2026-06-26,120185.6015625
2026-06-29,121144.203125
2026-06-30,120530.6015625
2026-07-01,119766.203125
2026-07-02,119788.0
2026-07-03,121434.5
2026-07-06,121249.8984375
2026-07-07,120878.5
2026-07-08,120620.0
2026-07-09,120310.3984375
2026-07-10,120907.703125
2026-07-13,120941.6015625
2026-07-14,120946.0
2026-07-15,121393.296875
2026-07-16,121387.8984375
2026-07-17,120784.796875
2026-07-20,120709.6015625
2026-07-21,120737.5
2026-07-22,121144.8984375
2026-07-23,121364.8984375
2026-07-24,120449.203125
2026-07-27,122119.6015625
2026-07-28,122858.703125
2026-07-29,124105.8984375
2026-07-30,123132.203125
2026-07-31,123257.0
2026-08-03,123842.296875
2026-08-04,125578.796875
2026-08-05,126705.8984375
2026-08-06,127307.0
2026-08-07,127197.3984375
2026-08-10,126771.8984375
2026-08-11,127018.296875
2026-08-12,126452.703125
2026-08-13,126238.203125
2026-08-14,125231.5
2026-08-17,124679.3984375
2026-08-18,124652.296875
2026-08-19,124636.203125
2026-08-20,125057.703125
2026-08-21,124727.3984375
2026-08-24,125403.5
2026-08-25,126276.0
2026-08-26,125833.1015625
2026-08-27,124615.6015625
2026-08-28,125368.703125
2026-08-31,125160.203125
2026-09-01,125177.5
2026-09-02,124040.3984375
2026-09-03,125046.6015625
2026-09-04,124876.796875
2026-09-07,124957.703125
2026-09-08,123732.703125
2026-09-09,123717.703125
2026-09-10,122461.0
2026-09-11,121388.203125
