Date,Adj Close,Close,High,Low,Open,Volume
2001-07-30,11.551105499267578,34.9117317199707,35.05924606323242,34.71504592895508,34.78093719482422,509268
2001-07-31,11.730390548706055,35.4536018371582,36.04267501831055,34.97663879394531,34.97663879394531,333980
2001-08-01,11.486029624938965,34.71504592895508,35.60013198852539,34.56753158569336,35.59423065185547,547922
2001-08-02,11.795137405395508,35.6493034362793,35.89516067504883,34.4396858215332,34.997291564941406,768520
2001-08-03,11.827675819396973,35.74764633178711,35.89516067504883,35.550960540771484,35.60013198852539,428403
2001-08-06,11.948067665100098,36.111515045166016,36.180355072021484,35.74764633178711,35.74764633178711,123888
2001-08-07,11.969217300415039,36.175437927246094,36.337703704833984,35.944332122802734,35.97383499145508,405061
2001-08-08,11.974101066589355,36.190189361572266,36.24919509887695,36.06234359741211,36.13118362426758,278383
2001-08-09,11.882668495178223,35.913848876953125,36.38687515258789,35.913848876953125,36.18330764770508,399441
2001-08-10,11.892759323120117,35.944332122802734,36.04267501831055,35.74764633178711,35.8941764831543,237198
2001-08-13,11.908370971679688,35.991539001464844,36.337703704833984,35.92466354370117,35.944332122802734,216153
2001-08-14,11.954578399658203,36.13118362426758,36.190189361572266,36.00235366821289,36.00235366821289,299337
2001-08-15,11.74633502960205,35.50178909301758,36.337703704833984,35.50178909301758,36.190189361572266,404991
2001-08-16,11.72680950164795,35.44278335571289,35.51162338256836,35.10841751098633,35.44278335571289,492270
2001-08-17,11.909027099609375,35.99350357055664,36.05250930786133,35.550960540771484,35.60013198852539,430004
2001-08-20,11.762598991394043,35.550960540771484,35.89516067504883,35.550960540771484,35.89516067504883,194547
2001-08-21,11.697525978088379,35.35427474975586,35.60013198852539,35.20676040649414,35.60013198852539,175628
2001-08-22,11.733316421508789,35.46245193481445,35.50178909301758,34.931400299072266,35.398529052734375,161614
2001-08-23,11.843954086303711,35.796817779541016,35.98366928100586,35.60013198852539,35.65815353393555,108933
2001-08-24,12.110764503479004,36.60322952270508,36.662235260009766,35.63357162475586,35.63357162475586,420389
2001-08-27,12.689948081970215,38.35373306274414,38.35373306274414,36.63273239135742,36.63273239135742,611169
2001-08-28,12.725736618041992,38.461910247802734,38.550418853759766,38.13737869262695,38.35373306274414,355877
2001-08-29,12.89168643951416,38.963462829589844,39.169979095458984,38.596641540527344,38.596641540527344,305577
2001-08-30,12.8363676071167,38.79627990722656,38.94575881958008,38.71760177612305,38.94575881958008,435210
2001-08-31,12.598191261291504,38.07640838623047,38.70973587036133,37.96036148071289,38.70973587036133,1393295
2001-09-03,12.813593864440918,38.727439880371094,38.76677322387695,38.065589904785156,38.065589904785156,116851
2001-09-04,13.047866821289062,39.43550491333008,39.730533599853516,38.855281829833984,38.855281829833984,444898
2001-09-05,13.308172225952148,40.222251892089844,40.35009765625,39.83674621582031,39.83674621582031,686957
2001-09-06,13.178020477294922,39.82887649536133,40.320594787597656,39.82887649536133,40.16324234008789,726160
2001-09-07,12.917713165283203,39.04213333129883,39.6321907043457,39.03230285644531,39.53089904785156,605996
2001-09-10,12.641136169433594,38.20621871948242,38.833648681640625,37.86201858520508,38.833648681640625,673529
2001-09-11,12.641136169433594,38.20621871948242,38.20621871948242,38.20621871948242,38.20621871948242,0
2001-09-12,12.641136169433594,38.20621871948242,38.20621871948242,38.20621871948242,38.20621871948242,0
2001-09-13,11.915212631225586,36.01219177246094,36.98676681518555,35.35427474975586,35.35427474975586,941084
2001-09-14,11.52442455291748,34.831092834472656,36.09184646606445,34.2823371887207,36.09184646606445,531186
2001-09-17,10.39599609375,31.42055892944336,34.32167434692383,31.410724639892578,34.32167434692383,859261
2001-09-18,10.998927116394043,33.24285125732422,33.39725112915039,32.15813064575195,32.45315933227539,1035282
2001-09-19,11.128104209899902,33.63327407836914,34.02664566040039,33.190731048583984,33.436588287353516,945944
2001-09-20,11.090038299560547,33.51821517944336,33.59098815917969,33.190731048583984,33.59098815917969,818883
2001-09-21,11.060425758361816,33.4287223815918,33.436588287353516,32.05978775024414,32.29581069946289,567655
2001-09-24,10.835262298583984,32.74818801879883,33.436588287353516,31.961444854736328,33.436588287353516,401133
2001-09-25,11.137542724609375,33.66179275512695,33.723751068115234,33.2890739440918,33.723751068115234,596443
2001-09-26,11.495786666870117,34.74454879760742,34.74454879760742,33.77882385253906,33.77882385253906,442863
2001-09-27,11.444376945495605,34.589168548583984,35.57062911987305,34.589168548583984,34.89698028564453,574056
2001-09-28,11.713793754577637,35.403446197509766,35.50178909301758,34.921566009521484,34.921566009521484,997957
2001-10-01,12.039176940917969,36.38687515258789,36.68190383911133,35.6984748840332,35.6984748840332,468030
2001-10-02,12.32128620147705,37.23950958251953,37.2719612121582,36.468502044677734,36.468502044677734,500534
2001-10-03,12.296229362487793,37.16378402709961,37.66533279418945,36.87858963012695,37.370304107666016,514612
2001-10-04,12.299485206604004,37.17361831665039,37.517818450927734,36.87858963012695,37.517818450927734,309377
2001-10-05,12.431268692016602,37.57190704345703,37.72433853149414,37.24245834350586,37.34473419189453,372053
2001-10-08,12.462172508239746,37.66533279418945,37.71450424194336,37.448978424072266,37.505035400390625,419650
2001-10-09,12.530182838439941,37.870872497558594,38.36356735229492,37.561092376708984,37.561092376708984,554066
2001-10-10,12.313474655151367,37.21590805053711,38.0587043762207,36.9572639465332,37.81284713745117,332841
2001-10-11,12.527254104614258,37.86201858520508,37.911190032958984,37.39980697631836,37.66533279418945,526919
2001-10-12,12.380181312561035,37.417510986328125,38.461910247802734,37.19328689575195,38.36258316040039,330781
2001-10-15,12.170964241027832,36.78516387939453,37.27983093261719,36.5933952331543,37.27983093261719,409327
2001-10-16,11.977359771728516,36.20002365112305,36.87858963012695,36.190189361572266,36.87858963012695,369992
2001-10-17,12.074972152709961,36.495052337646484,36.86875534057617,36.38687515258789,36.53438949584961,611937
2001-10-18,12.020633697509766,36.3308219909668,36.53438949584961,36.23936080932617,36.28951644897461,337018
2001-10-19,12.006637573242188,36.28853225708008,36.504886627197266,36.23936080932617,36.29935073852539,434966
2001-10-22,11.909027099609375,35.99350357055664,36.4852180480957,35.99350357055664,36.38687515258789,236809
2001-10-23,11.82637882232666,35.74371337890625,36.14101791381836,35.50178909301758,36.09184646606445,480326
2001-10-24,12.120524406433105,36.63273239135742,36.78024673461914,35.6493034362793,36.00333786010742,930075
2001-10-25,12.216511726379395,36.92284393310547,37.370304107666016,36.63273239135742,36.87858963012695,426221
2001-10-26,12.351545333862305,37.33096694946289,37.66533279418945,37.07527542114258,37.092979431152344,373148
2001-10-29,12.348292350769043,37.32113265991211,37.763675689697266,37.291629791259766,37.55519104003906,146133
2001-10-30,12.087982177734375,36.53438949584961,37.360469818115234,36.4852180480957,37.1844367980957,386107
2001-10-31,12.317059516906738,37.22672653198242,37.34080123901367,36.51472091674805,36.87858963012695,466926
2001-11-01,12.260443687438965,37.055606842041016,37.212955474853516,36.78024673461914,37.162803649902344,275029
2001-11-02,12.183649063110352,36.82352066040039,37.2227897644043,36.583560943603516,37.07527542114258,367571
2001-11-05,12.106857299804688,36.5914306640625,37.0654411315918,36.09184646606445,36.976932525634766,225994
2001-11-06,12.364562034606934,37.370304107666016,37.56698989868164,36.573726654052734,36.573726654052734,319183
2001-11-07,12.481700897216797,37.72433853149414,38.11771011352539,37.41947555541992,37.41947555541992,361889
2001-11-08,12.608601570129395,38.10787582397461,38.471744537353516,37.77449417114258,37.77449417114258,282739
2001-11-09,12.478446006774902,37.71450424194336,38.35373306274414,37.370304107666016,38.34586715698242,143066
2001-11-12,12.410112380981445,37.50798416137695,37.80301284790039,37.2719612121582,37.763675689697266,197081
2001-11-13,12.364562034606934,37.370304107666016,37.48831558227539,37.17361831665039,37.360469818115234,221859
2001-11-14,12.292976379394531,37.15394973754883,37.85415267944336,37.02610397338867,37.85415267944336,400311
2001-11-15,12.172586441040039,36.79008102416992,37.3624382019043,36.63273239135742,37.3624382019043,723623
2001-11-16,11.986793518066406,36.22854232788086,36.38687515258789,35.89516067504883,36.38687515258789,949731
2001-11-19,12.210331916809082,36.90415954589844,36.90415954589844,36.337703704833984,36.38687515258789,382120
2001-11-20,12.32551383972168,37.25229263305664,37.370304107666016,36.88645935058594,36.88645935058594,456170
2001-11-21,12.315752029418945,37.2227897644043,37.370304107666016,36.976932525634766,37.2719612121582,229379
2001-11-22,12.310223579406738,37.20607376098633,37.33096694946289,37.07527542114258,37.2227897644043,216409
2001-11-23,12.18397331237793,36.824501037597656,37.18345260620117,36.78024673461914,37.18345260620117,405659
2001-11-26,12.153063774108887,36.731075286865234,37.15394973754883,36.72124099731445,36.976932525634766,583211
2001-11-27,12.11082935333252,36.1705207824707,36.67206954956055,36.1705207824707,36.67206954956055,963808
2001-11-28,12.018630027770996,35.89516067504883,36.1705207824707,35.796817779541016,36.1705207824707,584227
2001-11-29,11.847406387329102,35.3837776184082,35.89516067504883,35.3837776184082,35.81747055053711,802300
2001-11-30,11.524715423583984,34.42001724243164,35.99350357055664,34.42001724243164,35.75354766845703,2947811
2001-12-03,11.690013885498047,34.913700103759766,35.18709182739258,34.63637161254883,35.01696014404297,1073625
2001-12-04,11.837529182434082,35.35427474975586,35.53129196166992,34.82322311401367,35.001224517822266,468600
2001-12-05,11.97253131866455,35.75748062133789,35.796817779541016,35.43885040283203,35.43885040283203,391219
2001-12-06,11.778255462646484,35.1772575378418,35.927616119384766,35.03957748413086,35.927616119384766,539637
2001-12-07,11.807888984680176,35.26576614379883,35.3346061706543,34.97073745727539,35.157588958740234,502400
2001-12-10,11.672890663146973,34.8625602722168,35.20676040649414,34.66587448120117,35.18512725830078,821697
2001-12-11,11.695939064025879,34.931400299072266,35.0690803527832,34.9117317199707,35.0199089050293,455666
2001-12-12,11.510226249694824,34.376747131347656,35.10841751098633,34.376747131347656,35.10841751098633,592771
2001-12-13,11.528005599975586,34.42985153198242,34.56753158569336,34.223331451416016,34.49869155883789,392695
2001-12-14,11.59353256225586,34.625553131103516,34.625553131103516,34.26266860961914,34.41215133666992,694822
2001-12-17,11.788131713867188,35.20676040649414,35.30510330200195,34.764217376708984,34.764217376708984,209363
2001-12-18,11.689355850219727,34.9117317199707,35.39558029174805,34.90189743041992,35.39558029174805,645661
2001-12-19,11.738744735717773,35.05924606323242,35.30510330200195,34.66587448120117,34.931400299072266,545968
2001-12-20,11.988995552062988,35.8066520690918,35.89516067504883,34.9117317199707,34.91960144042969,801214
2001-12-21,12.128937721252441,36.224609375,36.662235260009766,35.74764633178711,35.84598922729492,1752401
2001-12-24,12.209610939025879,36.46554946899414,36.583560943603516,36.190189361572266,36.20985794067383,78921
2001-12-25,12.209610939025879,36.46554946899414,36.46554946899414,36.46554946899414,36.46554946899414,0
2001-12-26,12.209610939025879,36.46554946899414,36.46554946899414,36.46554946899414,36.46554946899414,0
2001-12-27,12.265585899353027,36.63273239135742,36.731075286865234,36.426212310791016,36.55405807495117,92651
2001-12-28,12.33144474029541,36.82941818237305,36.976932525634766,36.74681091308594,36.74681091308594,136822
2001-12-31,12.332107543945312,36.83138656616211,37.124446868896484,36.62289810180664,36.83237075805664,378639
2002-01-01,12.332107543945312,36.83138656616211,36.83138656616211,36.83138656616211,36.83138656616211,0
2002-01-02,12.34461784362793,36.86875534057617,36.87858963012695,36.68190383911133,36.82941818237305,145536
2002-01-03,12.34494686126709,36.8697395324707,36.87858963012695,36.7507438659668,36.87858963012695,186485
2002-01-04,12.33144474029541,36.82941818237305,36.87858963012695,36.819583892822266,36.87858963012695,216556
2002-01-07,12.250771522521973,36.588478088378906,36.81761932373047,36.4852180480957,36.81761932373047,190287
2002-01-08,11.985702514648438,35.796817779541016,36.53438949584961,35.74764633178711,36.44588088989258,706265
2002-01-09,11.919852256774902,35.60013198852539,35.84598922729492,35.50178909301758,35.75748062133789,368355
2002-01-10,11.974839210510254,35.764366149902344,35.99350357055664,35.598167419433594,35.598167419433594,747914
2002-01-11,12.091068267822266,36.111515045166016,36.21969223022461,35.796817779541016,35.79780197143555,156721
2002-01-14,12.044968605041504,35.97383499145508,36.14101791381836,35.944332122802734,36.14101791381836,191051
2002-01-15,12.054850578308105,36.00333786010742,36.111515045166016,36.00333786010742,36.06922912597656,239869
2002-01-16,12.220808029174805,36.498985290527344,36.53438949584961,36.04267501831055,36.22067642211914,417159
2002-01-17,12.206320762634277,36.45571517944336,36.888423919677734,36.21969223022461,36.337703704833984,648456
2002-01-18,12.22607421875,36.51472091674805,36.583560943603516,36.38687515258789,36.50292205810547,196782
2002-01-21,12.314983367919922,36.78024673461914,36.87858963012695,36.583560943603516,36.5933952331543,303520
2002-01-22,12.24912166595459,36.583560943603516,36.87858963012695,36.37704086303711,36.78024673461914,406735
2002-01-23,12.196441650390625,36.426212310791016,36.583560943603516,36.2786979675293,36.583560943603516,243044
2002-01-24,12.045302391052246,35.97481918334961,36.426212310791016,35.89516067504883,36.426212310791016,469301
2002-01-25,12.1025972366333,36.14593505859375,36.190189361572266,35.82632064819336,36.08201217651367,196105
2002-01-28,12.1025972366333,36.14593505859375,36.14593505859375,36.14593505859375,36.14593505859375,0
2002-01-29,12.096338272094727,36.12725067138672,36.28853225708008,36.12725067138672,36.14101791381836,296731
2002-01-30,12.037729263305664,35.95220184326172,36.09184646606445,35.60013198852539,36.09184646606445,349479
2002-01-31,12.239245414733887,36.55405807495117,36.55405807495117,35.74764633178711,35.89516067504883,481817
2002-02-01,12.090741157531738,36.11053466796875,36.68190383911133,36.06234359741211,36.52455520629883,231695
2002-02-04,12.14046573638916,36.259029388427734,36.337703704833984,36.180355072021484,36.23936080932617,294354
2002-02-05,12.08448314666748,36.09184646606445,36.190189361572266,35.796817779541016,36.190189361572266,466957
2002-02-06,10.77626895904541,32.18468475341797,33.436588287353516,32.11879348754883,32.86128234863281,5689906
2002-02-07,10.405165672302246,31.076358795166016,32.395137786865234,30.584644317626953,32.395137786865234,2764975
2002-02-08,10.695591926574707,31.943744659423828,32.010616302490234,31.322216033935547,31.322216033935547,1370863
2002-02-11,10.629079818725586,31.74509048461914,32.43742370605469,31.371387481689453,32.43742370605469,1225784
2002-02-12,10.536882400512695,31.469730377197266,31.81393051147461,31.42055892944336,31.764759063720703,980498
2002-02-13,10.447978019714355,31.204204559326172,31.528736114501953,30.95834732055664,31.524803161621094,858864
2002-02-14,10.500662803649902,31.361553192138672,31.518901824951172,31.223873138427734,31.469730377197266,490581
2002-02-15,10.67846965789795,31.89260482788086,31.89260482788086,31.42055892944336,31.49923324584961,1292411
2002-02-18,10.785484313964844,32.21221923828125,32.413822174072266,31.961444854736328,32.04011917114258,851073
2002-02-19,11.024539947509766,32.92618942260742,32.92618942260742,32.30564498901367,32.30564498901367,938039
2002-02-20,11.129582405090332,33.23990249633789,33.426753997802734,33.043216705322266,33.0619010925293,1075619
2002-02-21,10.800304412841797,32.256473541259766,33.436588287353516,31.961444854736328,33.436588287353516,799705
2002-02-22,10.79371452331543,32.2368049621582,33.23990249633789,32.15813064575195,32.959625244140625,2019869
2002-02-25,10.767376899719238,32.15813064575195,32.92520523071289,32.0302848815918,32.63017654418945,321069
2002-02-26,10.734777450561523,32.06077194213867,32.6596794128418,32.05978775024414,32.61935806274414,338492
2002-02-27,10.717985153198242,32.010616302490234,32.256473541259766,31.65658187866211,32.15813064575195,363474
2002-02-28,10.685056686401367,31.912273406982422,32.010616302490234,31.82376480102539,32.010616302490234,201083
2002-03-01,10.6192045211792,31.715587615966797,32.26630783081055,31.715587615966797,32.252540588378906,399869
2002-03-04,10.58298110961914,31.607410430908203,31.97127914428711,31.42055892944336,31.97127914428711,524145
2002-03-05,10.691641807556152,31.931941986083984,32.15813064575195,31.607410430908203,31.754924774169922,754217
2002-03-06,10.685056686401367,31.912273406982422,32.256473541259766,31.764759063720703,31.863101959228516,372479
2002-03-07,10.71139907836914,31.990947723388672,32.010616302490234,31.863101959228516,31.945709228515625,1228826
2002-03-08,10.664969444274902,31.852285385131836,32.14829635620117,31.852285385131836,32.10895919799805,625203
2002-03-11,10.665299415588379,31.853267669677734,32.010616302490234,31.81393051147461,31.961444854736328,424684
2002-03-12,10.727859497070312,32.04011917114258,32.11879348754883,31.863101959228516,31.90243911743164,230211
2002-03-13,10.701521873474121,31.961444854736328,32.19746780395508,31.961444854736328,32.15813064575195,270355
2002-03-14,10.637969970703125,31.771642684936523,31.961444854736328,31.66641616821289,31.961444854736328,258451
2002-03-15,10.536882400512695,31.469730377197266,31.961444854736328,31.42055892944336,31.961444854736328,364898
2002-03-18,10.717985153198242,32.010616302490234,32.04995346069336,31.636913299560547,31.784427642822266,274538
2002-03-19,10.895795822143555,32.54166793823242,32.62034225463867,32.06962203979492,32.06962203979492,486875
2002-03-20,11.096651077270508,33.14155960083008,33.1808967590332,32.82686233520508,32.92520523071289,840349
2002-03-21,11.277751922607422,33.68244552612305,33.751285552978516,33.10222244262695,33.38741683959961,1042022
2002-03-22,11.330443382263184,33.83979415893555,34.01681137084961,33.741451263427734,33.741451263427734,718721
2002-03-25,11.182263374328613,33.39725112915039,34.08565139770508,33.25957107543945,34.02664566040039,369551
2002-03-26,10.997872352600098,32.84653091430664,33.39725112915039,32.797359466552734,33.39725112915039,361916
2002-03-27,10.981407165527344,32.797359466552734,33.32841110229492,32.797359466552734,33.32841110229492,230462
2002-03-28,10.95177173614502,32.7088508605957,32.89570236206055,32.45315933227539,32.69901657104492,512792
2002-03-29,10.95177173614502,32.7088508605957,32.7088508605957,32.7088508605957,32.7088508605957,0
2002-04-01,10.95177173614502,32.7088508605957,32.7088508605957,32.7088508605957,32.7088508605957,0
2002-04-02,10.816766738891602,32.30564498901367,32.718685150146484,32.256473541259766,32.69901657104492,330392
2002-04-03,10.862868309020996,32.44332504272461,32.5515022277832,32.30564498901367,32.30564498901367,558225
2002-04-04,10.882620811462402,32.5023307800293,32.84653091430664,32.44332504272461,32.45315933227539,329488
2002-04-05,10.885916709899902,32.51216506958008,32.94487380981445,32.5023307800293,32.75802230834961,237849
2002-04-08,10.918846130371094,32.61050796508789,32.74818801879883,32.35481643676758,32.5515022277832,200858
2002-04-09,10.899088859558105,32.5515022277832,32.74818801879883,32.27614212036133,32.60067367553711,229083
2002-04-10,10.885916709899902,32.51216506958008,32.69901657104492,32.46299362182617,32.561336517333984,206032
2002-04-11,11.0703125,33.06288528442383,33.1317253112793,32.74818801879883,32.76785659790039,598121
2002-04-12,11.014335632324219,32.89570236206055,32.954708099365234,32.75802230834961,32.797359466552734,315767
2002-04-15,11.01762866973877,32.90553665161133,33.08255386352539,32.66951370239258,32.94487380981445,305488
2002-04-16,11.126290321350098,33.23006820678711,33.3382453918457,32.9743766784668,32.9743766784668,934496
2002-04-17,11.067018508911133,33.05305099487305,33.3382453918457,33.00387954711914,33.2890739440918,1008397
2002-04-18,11.050551414489746,33.00387954711914,33.2890739440918,32.83669662475586,33.14155960083008,502526
2002-04-19,10.994577407836914,32.83669662475586,33.121891021728516,32.82686233520508,32.98421096801758,411094
2002-04-22,10.978111267089844,32.78752517700195,32.99404525756836,32.728519439697266,32.94487380981445,291283
2002-04-23,10.892498970031738,32.53183364868164,32.84653091430664,32.413822174072266,32.84653091430664,257027
2002-04-24,10.750909805297852,32.10895919799805,32.649845123291016,31.98111343383789,32.649845123291016,428920
2002-04-25,10.750909805297852,32.10895919799805,32.10895919799805,32.10895919799805,32.10895919799805,0
2002-04-26,10.714693069458008,32.00078201293945,32.335147857666016,31.97127914428711,32.10895919799805,274321
2002-04-29,10.688346862792969,31.922107696533203,32.19746780395508,31.863101959228516,32.05978775024414,190074
2002-04-30,10.734448432922363,32.05978775024414,32.10895919799805,31.74509048461914,31.922107696533203,310296
2002-05-01,10.731158256530762,32.04995346069336,32.35481643676758,32.010616302490234,32.256473541259766,170043
2002-05-02,10.767376899719238,32.15813064575195,32.30564498901367,32.05978775024414,32.15813064575195,154985
2002-05-03,10.731158256530762,32.04995346069336,32.30564498901367,32.010616302490234,32.26630783081055,208856
2002-05-06,10.671886444091797,31.872936248779297,32.05978775024414,31.833599090576172,32.010616302490234,340109
2002-05-07,10.471025466918945,31.27304458618164,31.872936248779297,31.223873138427734,31.469730377197266,566750
2002-05-08,10.256994247436523,30.63381576538086,31.361553192138672,30.63381576538086,31.26321029663086,793656
2002-05-09,10.141748428344727,30.289615631103516,30.830501556396484,30.24044418334961,30.830501556396484,790369
2002-05-10,9.911253929138184,29.601215362548828,30.368289947509766,29.552043914794922,30.358455657958984,906665
2002-05-13,9.680760383605957,28.91281509399414,29.502872467041016,28.617786407470703,29.502872467041016,1075834
2002-05-14,9.677467346191406,28.90298080444336,29.355358123779297,28.814472198486328,29.030826568603516,664728
2002-05-15,9.759785652160645,29.14883804321289,29.404529571533203,28.961986541748047,29.276683807373047,636226
2002-05-16,10.355774879455566,30.928844451904297,30.978015899658203,29.178340911865234,29.178340911865234,1431510
2002-05-17,10.635663032531738,31.764759063720703,31.863101959228516,31.371387481689453,31.518901824951172,1137812
2002-05-20,10.536882400512695,31.469730377197266,31.961444854736328,31.223873138427734,31.961444854736328,549869
2002-05-21,10.586273193359375,31.617244720458984,31.81393051147461,31.34188461303711,31.469730377197266,654025
2002-05-22,10.592854499816895,31.636913299560547,31.81393051147461,31.479564666748047,31.479564666748047,484882
2002-05-23,10.58956527709961,31.627079010009766,31.715587615966797,31.479564666748047,31.715587615966797,355995
2002-05-24,10.54017448425293,31.479564666748047,31.764759063720703,31.479564666748047,31.66641616821289,268595
2002-05-27,10.52042007446289,31.42055892944336,31.617244720458984,31.371387481689453,31.617244720458984,469138
2002-05-28,10.480905532836914,31.302547454833984,31.617244720458984,31.282878875732422,31.440227508544922,173051
2002-05-29,10.54346752166748,31.489398956298828,31.49923324584961,30.987850189208984,31.302547454833984,560768
2002-05-30,10.569808959960938,31.568073272705078,31.764759063720703,31.469730377197266,31.469730377197266,955826
2002-05-31,10.652128219604492,31.81393051147461,31.961444854736328,31.469730377197266,31.66641616821289,3005868
2002-06-03,10.689071655273438,31.371387481689453,31.597576141357422,31.174701690673828,31.332050323486328,657056
2002-06-04,10.59859848022461,31.10586166381836,31.381221771240234,31.076358795166016,31.371387481689453,573307
2002-06-05,10.246766090393066,30.073261260986328,31.076358795166016,30.073261260986328,30.968181610107422,691047
2002-06-06,10.169693946838379,29.84707260131836,30.289615631103516,29.601215362548828,30.142101287841797,716492
2002-06-07,10.102678298950195,29.650386810302734,29.84707260131836,29.365192413330078,29.84707260131836,769472
2002-06-10,10.102678298950195,29.650386810302734,29.650386810302734,29.650386810302734,29.650386810302734,0
2002-06-11,10.012210845947266,29.38486099243164,29.758563995361328,29.38486099243164,29.640552520751953,514626
2002-06-12,10.035660743713379,29.45370101928711,29.45370101928711,28.617786407470703,29.38486099243164,825156
2002-06-13,10.481318473815918,30.761661529541016,30.830501556396484,29.896244049072266,29.896244049072266,1513369
2002-06-14,10.216609954833984,29.984752655029297,30.820667266845703,29.84707260131836,30.496135711669922,708349
2002-06-17,10.052420616149902,29.502872467041016,30.191272735595703,29.502872467041016,29.984752655029297,402969
2002-06-18,10.119431495666504,29.69955825805664,29.915912628173828,29.679889678955078,29.69955825805664,529362
2002-06-19,10.052420616149902,29.502872467041016,29.69955825805664,29.502872467041016,29.69955825805664,776648
2002-06-20,10.052420616149902,29.502872467041016,29.502872467041016,28.91281509399414,29.45370101928711,638136
2002-06-21,10.069169998168945,29.552043914794922,29.69955825805664,29.188175201416016,29.355358123779297,720960
2002-06-24,10.07252025604248,29.561878204345703,29.650386810302734,29.46353530883789,29.552043914794922,544354
2002-06-25,10.387499809265137,30.48630142211914,30.968181610107422,29.994586944580078,29.994586944580078,1020223
2002-06-26,10.11273193359375,29.679889678955078,30.63381576538086,29.502872467041016,30.584644317626953,896338
2002-06-27,9.894930839538574,29.040660858154297,29.797901153564453,29.011157989501953,29.552043914794922,616348
2002-06-28,9.801106452941895,28.765300750732422,29.030826568603516,28.637454986572266,28.91281509399414,2699099
2002-07-01,9.375553131103516,27.516345977783203,28.82430648803711,27.457340240478516,28.82430648803711,1288114
2002-07-02,9.56655216217041,28.076900482177734,28.106403350830078,27.142642974853516,27.536014556884766,1141964
2002-07-03,9.345396041870117,27.427837371826172,27.831043243408203,27.41800308227539,27.831043243408203,1240281
2002-07-04,9.372203826904297,27.506511688232422,27.781871795654297,27.41800308227539,27.437671661376953,959682
2002-07-05,9.238171577453613,27.113140106201172,27.536014556884766,27.113140106201172,27.457340240478516,975418
2002-07-08,9.33199405670166,27.388500213623047,27.634357452392578,27.290157318115234,27.634357452392578,809490
2002-07-09,9.46602725982666,27.781871795654297,27.929386138916016,27.48684310913086,27.48684310913086,662038
2002-07-10,9.38560676574707,27.545848846435547,27.693363189697266,27.398334503173828,27.683528900146484,784700
2002-07-11,9.117542266845703,26.759105682373047,27.33932876586914,26.749271392822266,27.33932876586914,639827
2002-07-12,9.171152114868164,26.916454315185547,27.142642974853516,26.768939971923828,26.94595718383789,283727
2002-07-15,9.211365699768066,27.034465789794922,27.290157318115234,26.926288604736328,27.044300079345703,587817
2002-07-16,8.732197761535645,25.628162384033203,27.01479721069336,25.51998519897461,26.94595718383789,942301
2002-07-17,8.477537155151367,24.880756378173828,25.470813751220703,24.634897232055664,25.37247085571289,999241
2002-07-18,8.561307907104492,25.12661361694336,25.401973724365234,25.028270721435547,25.077442169189453,840812
2002-07-19,8.219526290893555,24.12351417541504,24.97909927368164,24.12351417541504,24.969263076782227,1509336
2002-07-22,8.209470748901367,24.094011306762695,24.094011306762695,22.80571937561035,22.815555572509766,1243911
2002-07-23,8.165915489196777,23.966167449951172,24.192354202270508,23.769481658935547,23.769481658935547,758113
2002-07-24,7.864340782165527,23.08108139038086,23.995670318603516,23.08108139038086,23.995670318603516,1037255
2002-07-25,8.175966262817383,23.995670318603516,24.733240127563477,23.612131118774414,24.084178924560547,1444621
2002-07-26,8.078790664672852,23.71047592163086,24.58572769165039,23.523624420166016,24.064510345458984,1620993
2002-07-29,8.018479347229004,23.533458709716797,24.094011306762695,23.40561294555664,24.084178924560547,1187846
2002-07-30,8.105598449707031,23.789148330688477,24.192354202270508,23.680971145629883,24.192354202270508,1100344
2002-07-31,8.112300872802734,23.808818817138672,24.03500747680664,23.602298736572266,23.897327423095703,725851
2002-08-01,8.594818115234375,25.224956512451172,25.37247085571289,23.808818817138672,23.897327423095703,1046763
2002-08-02,8.494293212890625,24.929927825927734,25.067607879638672,24.772579193115234,24.861087799072266,464155
2002-08-05,8.437329292297363,24.762744903564453,24.880756378173828,24.33987045288086,24.58572769165039,442282
2002-08-06,8.115653038024902,23.81865119934082,24.389041900634766,23.74981117248535,23.779315948486328,870188
2002-08-07,8.0419340133667,23.602298736572266,24.29069709777832,23.602298736572266,24.29069709777832,689883
2002-08-08,7.706852436065674,22.61886978149414,23.700641632080078,22.422182083129883,23.700641632080078,1743777
2002-08-09,7.8174309730529785,22.94339942932129,23.40561294555664,22.913898468017578,22.92373275756836,1072509
2002-08-12,7.6666436195373535,22.500856399536133,23.012239456176758,22.39267921447754,23.012239456176758,781515
2002-08-13,7.6398396492004395,22.422182083129883,22.61886978149414,21.468257904052734,22.363176345825195,1055076
2002-08-14,7.375122547149658,21.645273208618164,22.717212677001953,21.635440826416016,22.117319107055664,1425716
2002-08-15,7.690097808837891,22.5696964263916,22.717212677001953,22.028810501098633,22.117319107055664,1035508
2002-08-16,7.814077854156494,22.933565139770508,23.15975570678711,22.815555572509766,22.815555572509766,902194
2002-08-19,7.8341851234436035,22.992572784423828,23.366275787353516,22.92373275756836,23.061412811279297,328594
2002-08-20,8.1089506149292,23.79898452758789,24.074344635009766,23.208925247192383,23.336772918701172,954984
2002-08-21,8.028529167175293,23.56296157836914,23.907161712646484,23.356441497802734,23.730144500732422,453373
2002-08-22,8.155861854553223,23.936664581298828,24.03500747680664,23.65146827697754,24.03500747680664,630144
2002-08-23,8.309999465942383,24.389041900634766,24.438213348388672,23.936664581298828,24.064510345458984,435845
2002-08-26,8.309999465942383,24.389041900634766,24.516887664794922,23.64163589477539,24.320201873779297,1045763
2002-08-27,8.36361026763916,24.546390533447266,24.733240127563477,24.389041900634766,24.57589340209961,471674
2002-08-28,8.330105781555176,24.448047637939453,24.782413482666016,24.428377151489258,24.546390533447266,590897
2002-08-29,8.186017036437988,24.025171279907227,24.29069709777832,23.848154067993164,24.29069709777832,387834
2002-08-30,8.142459869384766,23.897327423095703,24.074344635009766,23.848154067993164,23.86782455444336,834886
2002-09-02,7.938059329986572,23.297435760498047,23.94649887084961,23.130252838134766,23.897327423095703,265037
2002-09-03,7.995024681091309,23.464618682861328,23.671138763427734,23.297435760498047,23.503955841064453,389269
2002-09-04,7.840884208679199,23.012239456176758,23.553125381469727,22.913898468017578,23.356441497802734,414082
2002-09-05,7.938059329986572,23.297435760498047,23.503955841064453,23.11058235168457,23.11058235168457,1180314
2002-09-06,7.797324180603027,22.884395599365234,23.297435760498047,22.86472511291504,23.297435760498047,317141
2002-09-09,7.790623664855957,22.86472511291504,23.061412811279297,22.86472511291504,22.963069915771484,189175
2002-09-10,7.760464191436768,22.776216506958008,23.061412811279297,22.776216506958008,22.92373275756836,368828
2002-09-11,7.867691993713379,23.09091567993164,23.11058235168457,22.992572784423828,23.012239456176758,352097
2002-09-12,7.7571120262146,22.766382217407227,23.208925247192383,22.7270450592041,23.208925247192383,248179
2002-09-13,7.706852436065674,22.61886978149414,22.717212677001953,22.353342056274414,22.717212677001953,350144
2002-09-16,7.52255916595459,22.077983856201172,22.80571937561035,21.950136184692383,22.717212677001953,471442
2002-09-17,7.6666436195373535,22.500856399536133,22.520526885986328,22.127153396606445,22.225496292114258,614845
2002-09-18,7.7839226722717285,22.84505844116211,22.84505844116211,22.314006805419922,22.422182083129883,405599
2002-09-19,7.891147136688232,23.15975570678711,23.15975570678711,22.677875518798828,22.913898468017578,491307
2002-09-20,7.807377815246582,22.913898468017578,23.061412811279297,22.60903549194336,22.668039321899414,539352
2002-09-23,7.572819232940674,22.225496292114258,22.933565139770508,22.009143829345703,22.904062271118164,379436
2002-09-24,7.371772289276123,21.635440826416016,21.979639053344727,21.586267471313477,21.93046760559082,498722
2002-09-25,7.288003921508789,21.38958168029785,21.6256046295166,20.927370071411133,21.438753128051758,684932
2002-09-26,7.355018615722656,21.586267471313477,21.83212661743164,21.30107307434082,21.83212661743164,307012
2002-09-27,7.505805492401123,22.028810501098633,22.176326751708984,21.635440826416016,21.635440826416016,347363
2002-09-30,7.425384998321533,21.792787551879883,22.028810501098633,21.537097930908203,21.6256046295166,954792
2002-10-01,7.247793197631836,21.271570205688477,21.635440826416016,21.261737823486328,21.635440826416016,375321
2002-10-02,7.026639938354492,20.622507095336914,21.537097930908203,20.533998489379883,21.537097930908203,780151
2002-10-03,6.728417873382568,19.747255325317383,20.474992752075195,19.688249588012695,20.474992752075195,1143511
2002-10-04,6.584332466125488,19.32438087463379,20.012781143188477,19.17686653137207,19.786592483520508,1083656
2002-10-07,6.296163082122803,18.4786319732666,19.127695083618164,18.4786319732666,19.127695083618164,539085
2002-10-08,6.40003776550293,18.78349494934082,18.960512161254883,18.439294815063477,18.4786319732666,671868
2002-10-09,6.450301647186279,18.93100929260254,18.9506778717041,18.78349494934082,18.842500686645508,801635
2002-10-10,6.450301647186279,18.93100929260254,18.93100929260254,18.685152053833008,18.881837844848633,858083
2002-10-11,6.601085186004639,19.373552322387695,19.540735244750977,18.980180740356445,19.18670082092285,562241
2002-10-14,6.788733959197998,19.924272537231445,19.924272537231445,19.314546585083008,19.471895217895508,511239
2002-10-15,6.8322930335998535,20.0521183013916,20.0521183013916,19.71775245666504,19.96360969543457,700864
2002-10-16,6.818888187408447,20.012781143188477,20.59300422668457,20.012781143188477,20.28814125061035,814735
2002-10-17,6.828939437866211,20.042285919189453,20.18979835510254,19.914438247680664,20.042285919189453,776878
2002-10-18,6.889255046844482,20.219301223754883,20.533998489379883,20.12095832824707,20.455324172973633,1083336
2002-10-21,6.936169624328613,20.35698127746582,20.642175674438477,20.26847267150879,20.337312698364258,620615
2002-10-22,6.989779472351074,20.514331817626953,20.947038650512695,20.455324172973633,20.50449562072754,325588
2002-10-23,7.1037092208862305,20.848695755004883,20.858531951904297,20.48482894897461,20.50449562072754,739906
2002-10-24,7.220984935760498,21.19289779663086,21.271570205688477,20.95687484741211,21.12405776977539,698265
2002-10-25,7.224338054656982,21.202730178833008,21.21256446838379,21.045381546020508,21.19289779663086,566498
2002-10-28,7.314809799194336,21.468257904052734,21.645273208618164,21.291240692138672,21.537097930908203,235148
2002-10-29,7.442137718200684,21.841960906982422,21.881296157836914,21.350244522094727,21.881296157836914,468978
2002-10-30,7.489051342010498,21.979639053344727,22.117319107055664,21.66494369506836,21.812456130981445,656363
2002-10-31,7.6532368659973145,22.461519241333008,22.500856399536133,22.028810501098633,22.028810501098633,424668
2002-11-01,7.51585578918457,22.058313369750977,22.422182083129883,21.999309539794922,22.422182083129883,334556
2002-11-04,7.767166614532471,22.79588508605957,22.79588508605957,22.30417251586914,22.32383918762207,470141
2002-11-05,7.807377815246582,22.913898468017578,22.982738494873047,22.61886978149414,22.982738494873047,413641
2002-11-06,8.051984786987305,23.63180160522461,23.916994094848633,23.11058235168457,23.120418548583984,819536
2002-11-07,8.0419340133667,23.602298736572266,23.79898452758789,23.58262825012207,23.700641632080078,304518
2002-11-08,7.7571120262146,22.766382217407227,23.39577865600586,22.61886978149414,23.39577865600586,335922
2002-11-11,7.472297668457031,21.93046760559082,22.520526885986328,21.733783721923828,22.520526885986328,385144
2002-11-12,7.288003921508789,21.38958168029785,21.93046760559082,21.340410232543945,21.91080093383789,635503
2002-11-13,7.184126853942871,21.084718704223633,21.773120880126953,20.9962100982666,21.42892074584961,762486
2002-11-14,7.489051342010498,21.979639053344727,22.61886978149414,21.83212661743164,21.93046760559082,711846
2002-11-15,7.50245475769043,22.01897621154785,22.47135353088379,21.83212661743164,22.47135353088379,1110852
2002-11-18,7.422035217285156,21.7829532623291,22.028810501098633,21.68461036682129,21.999309539794922,473038
2002-11-19,7.438790321350098,21.83212661743164,21.979639053344727,21.733783721923828,21.83212661743164,777968
2002-11-20,7.35836935043335,21.59610366821289,21.812456130981445,21.45842170715332,21.812456130981445,775441
2002-11-21,7.475647926330566,21.940303802490234,22.14682388305664,21.733783721923828,21.83212661743164,1195311
2002-11-22,7.723606109619141,22.668039321899414,22.7270450592041,22.176326751708984,22.343509674072266,1838192
2002-11-25,7.584131717681885,21.83212661743164,22.127153396606445,21.635440826416016,21.635440826416016,1831751
2002-11-26,7.61146354675293,21.91080093383789,22.028810501098633,21.881296157836914,21.90096664428711,2301204
2002-11-27,7.577297210693359,21.812456130981445,22.01897621154785,21.792787551879883,21.881296157836914,1201382
2002-11-28,7.953089714050293,22.894229888916016,23.012239456176758,21.969806671142578,22.01897621154785,2277088
2002-11-29,8.199061393737793,23.602298736572266,23.602298736572266,22.63853645324707,22.963069915771484,1482186
2002-12-02,8.164897918701172,23.503955841064453,23.553125381469727,23.208925247192383,23.553125381469727,699091
2002-12-03,8.05557918548584,23.189258575439453,23.39577865600586,22.913898468017578,23.307268142700195,626553
2002-12-04,7.884763240814209,22.697542190551758,23.15975570678711,22.461519241333008,23.11058235168457,1134903
2002-12-05,7.867682933807373,22.648372650146484,22.963069915771484,22.579532623291016,22.70737648010254,202299
2002-12-06,7.836936950683594,22.55986213684082,22.677875518798828,22.432016372680664,22.677875518798828,749563
2002-12-09,7.8984270095825195,22.736879348754883,23.10074806213379,22.61886978149414,22.61886978149414,477171
2002-12-10,7.877931594848633,22.677875518798828,22.766382217407227,22.225496292114258,22.510692596435547,712803
2002-12-11,7.908677577972412,22.766382217407227,23.051578521728516,22.668039321899414,22.79588508605957,815031
2002-12-12,7.908677577972412,22.766382217407227,22.86472511291504,22.500856399536133,22.61886978149414,889530
2002-12-13,7.857435703277588,22.61886978149414,22.746715545654297,22.353342056274414,22.717212677001953,316383
2002-12-16,7.908677577972412,22.766382217407227,22.766382217407227,22.461519241333008,22.481189727783203,287725
2002-12-17,7.9940876960754395,23.012239456176758,23.15975570678711,22.86472511291504,22.963069915771484,368586
2002-12-18,7.9906697273254395,23.002405166625977,23.169588088989258,22.815555572509766,22.972902297973633,345990
2002-12-19,8.02824878692627,23.11058235168457,23.149921417236328,23.002405166625977,23.11058235168457,1280182
2002-12-20,8.082906723022461,23.267932891845703,23.40561294555664,23.012239456176758,23.10074806213379,321099
2002-12-23,8.011165618896484,23.061412811279297,23.376108169555664,22.982738494873047,23.376108169555664,160600
2002-12-24,8.079492568969727,23.258098602294922,23.376108169555664,23.0417423248291,23.208925247192383,81483
2002-12-25,8.079492568969727,23.258098602294922,23.258098602294922,23.258098602294922,23.258098602294922,0
2002-12-26,8.079492568969727,23.258098602294922,23.258098602294922,23.258098602294922,23.258098602294922,0
2002-12-27,8.062409400939941,23.208925247192383,23.34660530090332,23.208925247192383,23.307268142700195,23308
2002-12-30,7.942839622497559,22.86472511291504,23.149921417236328,22.79588508605957,23.149921417236328,88583
2002-12-31,8.062409400939941,23.208925247192383,23.267932891845703,23.11058235168457,23.120418548583984,85858
2003-01-01,8.062409400939941,23.208925247192383,23.208925247192383,23.208925247192383,23.208925247192383,0
2003-01-02,8.144399642944336,23.444948196411133,23.572795867919922,23.051578521728516,23.228595733642578,114590
2003-01-03,8.267386436462402,23.79898452758789,23.926830291748047,23.503955841064453,23.592464447021484,518398
2003-01-06,8.489445686340332,24.438213348388672,24.566057205200195,23.916994094848633,23.916994094848633,731694
2003-01-07,8.779827117919922,25.274126052856445,25.421642303466797,24.74307632446289,24.74307632446289,1191168
2003-01-08,8.950642585754395,25.76584243774414,26.00186538696289,25.323299407958984,25.323299407958984,1563493
2003-01-09,8.882317543029785,25.569156646728516,25.716670989990234,25.460979461669922,25.716670989990234,986843
2003-01-10,8.796910285949707,25.323299407958984,25.815013885498047,25.12661361694336,25.76584243774414,669999
2003-01-13,8.950642585754395,25.76584243774414,25.824848175048828,25.224956512451172,25.224956512451172,959541
2003-01-14,9.022387504577637,25.972362518310547,26.051036834716797,25.76584243774414,25.864185333251953,426730
2003-01-15,9.053130149841309,26.060871124267578,26.257556915283203,25.726505279541016,26.060871124267578,309496
2003-01-16,9.001886367797852,25.91335678100586,25.99203109741211,25.68716812133789,25.864185333251953,520280
2003-01-17,8.92331314086914,25.68716812133789,25.962528228759766,25.68716812133789,25.84451675415039,1103648
2003-01-20,8.909646987915039,25.647829055786133,25.962528228759766,25.51998519897461,25.667499542236328,255050
2003-01-21,9.015552520751953,25.952693939208984,26.041202545166016,25.667499542236328,25.75600814819336,659449
2003-01-22,8.906231880187988,25.637996673583984,25.883853912353516,25.569156646728516,25.864185333251953,386819
2003-01-23,8.984804153442383,25.864185333251953,25.942859649658203,25.697002410888672,25.697002410888672,854871
2003-01-24,8.902816772460938,25.628162384033203,25.91335678100586,25.539653778076172,25.91335678100586,352327
2003-01-27,8.902816772460938,25.628162384033203,25.628162384033203,25.628162384033203,25.628162384033203,0
2003-01-28,8.714920997619629,25.087276458740234,25.421642303466797,24.929927825927734,25.421642303466797,618267
2003-01-29,8.673927307128906,24.969263076782227,25.313465118408203,24.920093536376953,25.028270721435547,366721
2003-01-30,8.772995948791504,25.254459381103516,25.254459381103516,24.772579193115234,24.831584930419922,544758
2003-01-31,8.899396896362305,25.618328094482422,25.618328094482422,24.782413482666016,24.929927825927734,608257
2003-02-03,8.831068992614746,25.421642303466797,25.795345306396484,25.382305145263672,25.726505279541016,183123
2003-02-04,8.745667457580566,25.175785064697266,25.716670989990234,25.077442169189453,25.421642303466797,298026
2003-02-05,8.694421768188477,25.028270721435547,25.274126052856445,24.81191635131836,24.920093536376953,206303
2003-02-06,8.438201904296875,24.29069709777832,24.929927825927734,24.29069709777832,24.792247772216797,425356
2003-02-07,8.301549911499023,23.897327423095703,24.094011306762695,23.700641632080078,24.094011306762695,862913
2003-02-10,8.1307373046875,23.40561294555664,23.838321685791016,23.356441497802734,23.71047592163086,662513
2003-02-11,8.089741706848145,23.287601470947266,23.612131118774414,23.15975570678711,23.474451065063477,316315
2003-02-12,8.185400009155273,23.56296157836914,23.592464447021484,22.963069915771484,23.10074806213379,340535
2003-02-13,8.27080249786377,23.808818817138672,24.212024688720703,23.366275787353516,23.40561294555664,948800
2003-02-14,8.434783935546875,24.280864715576172,24.428377151489258,23.848154067993164,23.848154067993164,686243
2003-02-17,8.513360023498535,24.50705337524414,24.634897232055664,24.34970474243164,24.34970474243164,679000
2003-02-18,8.472362518310547,24.389041900634766,24.57589340209961,24.310367584228516,24.50705337524414,511221
2003-02-19,8.591935157775879,24.733240127563477,24.831584930419922,24.22185707092285,24.497217178344727,622050
2003-02-20,8.52360725402832,24.536556243896484,24.74307632446289,24.27103042602539,24.58572769165039,664241
2003-02-21,8.626097679138184,24.831584930419922,24.831584930419922,24.33987045288086,24.33987045288086,457206
2003-02-24,8.609017372131348,24.782413482666016,25.077442169189453,24.65456771850586,24.910259246826172,208879
2003-02-25,8.52360725402832,24.536556243896484,24.703739166259766,24.438213348388672,24.634897232055664,393201
2003-02-26,8.636343002319336,24.861087799072266,24.959430694580078,24.566057205200195,24.566057205200195,700386
2003-02-27,8.540688514709473,24.58572769165039,24.772579193115234,24.438213348388672,24.772579193115234,699827
2003-02-28,8.475780487060547,24.398876190185547,24.65456771850586,24.03500747680664,24.546390533447266,1864212
2003-03-03,8.489445686340332,24.438213348388672,24.713573455810547,24.300533294677734,24.477550506591797,538764
2003-03-04,8.602182388305664,24.762744903564453,24.762744903564453,24.33987045288086,24.438213348388672,385313
2003-03-05,8.47919750213623,24.408710479736328,24.58572769165039,24.389041900634766,24.58572769165039,372417
2003-03-06,8.434783935546875,24.280864715576172,24.41854476928711,24.192354202270508,24.389041900634766,182101
2003-03-07,8.199061393737793,23.602298736572266,24.143184661865234,23.572795867919922,24.143184661865234,533167
2003-03-10,8.164897918701172,23.503955841064453,23.700641632080078,23.287601470947266,23.602298736572266,236359
2003-03-11,8.096575736999512,23.307268142700195,23.307268142700195,22.972902297973633,23.11058235168457,519823
2003-03-12,7.8130202293396,22.49102210998535,23.297435760498047,22.422182083129883,23.297435760498047,510629
2003-03-13,7.618294715881348,21.93046760559082,22.412349700927734,21.743616104125977,22.412349700927734,669624
2003-03-14,7.82327127456665,22.520526885986328,22.815555572509766,22.47135353088379,22.717212677001953,927879
2003-03-17,7.8540191650390625,22.60903549194336,22.61886978149414,22.264833450317383,22.61886978149414,322763
2003-03-18,8.246888160705566,23.739978790283203,23.79898452758789,23.208925247192383,23.789148330688477,641183
2003-03-19,8.438201904296875,24.29069709777832,24.408710479736328,23.74981117248535,23.759647369384766,603015
2003-03-20,8.455281257629395,24.33987045288086,24.58572769165039,24.143184661865234,24.29069709777832,546412
2003-03-21,8.540688514709473,24.58572769165039,24.782413482666016,24.34970474243164,24.34970474243164,704063
2003-03-24,8.557771682739258,24.634897232055664,24.831584930419922,24.41854476928711,24.782413482666016,711295
2003-03-25,8.352799415588379,24.044841766357422,24.448047637939453,24.025171279907227,24.438213348388672,711590
2003-03-26,8.424537658691406,24.251361846923828,24.379207611083984,24.044841766357422,24.143184661865234,410606
2003-03-27,8.540688514709473,24.58572769165039,24.684070587158203,24.379207611083984,24.57589340209961,623552
2003-03-28,8.643177032470703,24.880756378173828,24.880756378173828,24.487384796142578,24.58572769165039,836405
2003-03-31,8.438201904296875,24.29069709777832,24.684070587158203,24.280864715576172,24.58572769165039,1451370
2003-04-01,8.164897918701172,23.503955841064453,24.438213348388672,23.258098602294922,24.18252182006836,1008392
2003-04-02,8.12390422821045,23.385944366455078,23.897327423095703,23.385944366455078,23.79898452758789,366907
2003-04-03,8.151232719421387,23.464618682861328,23.94649887084961,23.287601470947266,23.897327423095703,473910
2003-04-04,8.438201904296875,24.29069709777832,24.29069709777832,23.621967315673828,23.65146827697754,384321
2003-04-07,8.557771682739258,24.634897232055664,24.74307632446289,24.398876190185547,24.664400100708008,450000
2003-04-08,8.530439376831055,24.556224822998047,24.556224822998047,24.094011306762695,24.50705337524414,482656
2003-04-09,8.369874954223633,24.094011306762695,24.536556243896484,23.86782455444336,24.389041900634766,240757
2003-04-10,8.438201904296875,24.29069709777832,24.33987045288086,23.94649887084961,24.094011306762695,279183
2003-04-11,8.52360725402832,24.536556243896484,24.58572769165039,24.094011306762695,24.241527557373047,461599
2003-04-14,8.694421768188477,25.028270721435547,25.20528793334961,24.684070587158203,24.762744903564453,752425
2003-04-15,8.76616096496582,25.234790802001953,25.264293670654297,25.087276458740234,25.097110748291016,616518
2003-04-16,8.831068992614746,25.421642303466797,25.470813751220703,25.175785064697266,25.175785064697266,635320
2003-04-17,8.749082565307617,25.185619354248047,25.195453643798828,24.939762115478516,25.038103103637695,250844
2003-04-18,8.749082565307617,25.185619354248047,25.185619354248047,25.185619354248047,25.185619354248047,0
2003-04-21,8.749082565307617,25.185619354248047,25.185619354248047,25.185619354248047,25.185619354248047,0
2003-04-22,8.841322898864746,25.45114517211914,25.569156646728516,25.224956512451172,25.37247085571289,431999
2003-04-23,8.916479110717773,25.667499542236328,25.667499542236328,25.510150909423828,25.569156646728516,613812
2003-04-24,8.81399154663086,25.37247085571289,25.795345306396484,25.195453643798828,25.667499542236328,506547
2003-04-25,8.81399154663086,25.37247085571289,25.37247085571289,25.37247085571289,25.37247085571289,0
2003-04-28,8.42111873626709,24.241527557373047,25.175785064697266,24.192354202270508,25.175785064697266,704490
2003-04-29,8.44844913482666,24.320201873779297,24.684070587158203,24.310367584228516,24.58572769165039,771186
2003-04-30,8.56801986694336,24.664400100708008,24.733240127563477,24.27103042602539,24.477550506591797,1413822
2003-05-01,8.626097679138184,24.831584930419922,24.988933563232422,24.58572769165039,24.634897232055664,580002
2003-05-02,8.462116241455078,24.35953712463379,24.762744903564453,24.29069709777832,24.762744903564453,764620
2003-05-05,8.537272453308105,24.57589340209961,24.733240127563477,24.438213348388672,24.438213348388672,454714
2003-05-06,8.574851036071777,24.684070587158203,24.880756378173828,24.369373321533203,24.57589340209961,661357
2003-05-07,8.762744903564453,25.224956512451172,25.224956512451172,24.684070587158203,24.693904876708984,671356
2003-05-08,8.691003799438477,25.018436431884766,25.195453643798828,24.782413482666016,25.195453643798828,513374
2003-05-09,8.749082565307617,25.185619354248047,25.224956512451172,24.841419219970703,24.880756378173828,444887
2003-05-12,8.882317543029785,25.569156646728516,25.746173858642578,25.274126052856445,25.274126052856445,721799
2003-05-13,9.155619621276855,26.355899810791016,26.94595718383789,26.15921401977539,26.749271392822266,2160789
2003-05-14,9.1146240234375,26.23788833618164,26.55258560180664,26.011699676513672,26.55258560180664,2103439
2003-05-15,9.203444480895996,26.493579864501953,26.54275131225586,26.257556915283203,26.405071258544922,1372404
2003-05-16,9.42892074584961,27.142642974853516,27.280323028564453,26.601757049560547,26.601757049560547,1682453
2003-05-19,9.341361045837402,26.365734100341797,26.405071258544922,26.139545440673828,26.139545440673828,3063196
2003-05-20,9.233348846435547,26.060871124267578,26.247722625732422,25.83468246459961,26.247722625732422,1468092
2003-05-21,9.449374198913574,26.670597076416016,26.798442840576172,26.119876861572266,26.119876861572266,1167122
2003-05-22,9.501636505126953,26.818111419677734,26.818111419677734,26.601757049560547,26.601757049560547,1273389
2003-05-23,9.651463508605957,27.240985870361328,27.25082015991211,26.85744857788086,26.85744857788086,971302
2003-05-26,9.651463508605957,27.240985870361328,27.506511688232422,27.152477264404297,27.240985870361328,1409945
2003-05-27,9.651463508605957,27.240985870361328,27.290157318115234,27.09347152709961,27.142642974853516,850692
2003-05-28,9.647979736328125,27.231151580810547,27.49667739868164,27.142642974853516,27.437671661376953,965292
2003-05-29,9.721149444580078,27.437671661376953,27.506511688232422,27.191814422607422,27.240985870361328,874689
2003-05-30,9.682821273803711,27.32949447631836,27.72286605834961,27.32949447631836,27.378665924072266,2063713
2003-06-02,9.686306953430176,27.33932876586914,27.585186004638672,27.10330581665039,27.536014556884766,712548
2003-06-03,9.651463508605957,27.240985870361328,27.437671661376953,27.152477264404297,27.388500213623047,940157
2003-06-04,9.752503395080566,27.526180267333984,27.683528900146484,27.26065444946289,27.26065444946289,713528
2003-06-05,9.895362854003906,27.929386138916016,28.017894744873047,27.73270034790039,27.73270034790039,1146461
2003-06-06,10.055638313293457,28.381763458251953,28.381763458251953,27.840877532958984,27.840877532958984,1623952
2003-06-09,10.055638313293457,28.381763458251953,28.381763458251953,28.381763458251953,28.381763458251953,0
2003-06-10,10.198495864868164,28.784969329833984,28.91281509399414,28.51944351196289,28.617786407470703,1022131
2003-06-11,10.121842384338379,28.568614959716797,28.893146514892578,28.489940643310547,28.804637908935547,857067
2003-06-12,10.27514934539795,29.001323699951172,29.001323699951172,28.617786407470703,28.853809356689453,579310
2003-06-13,10.20894718170166,28.814472198486328,29.089832305908203,28.568614959716797,29.011157989501953,667505
2003-06-16,10.11835765838623,28.558780670166016,28.814472198486328,28.421100616455078,28.657123565673828,651086
2003-06-17,10.21591567993164,28.83414077758789,29.13900375366211,28.804637908935547,29.020992279052734,594582
2003-06-18,10.14274787902832,28.627620697021484,28.843975067138672,28.578449249267578,28.843975067138672,613832
2003-06-19,10.139262199401855,28.617786407470703,28.716129302978516,28.43093490600586,28.716129302978516,763439
2003-06-20,10.104419708251953,28.51944351196289,28.51944351196289,28.214580535888672,28.421100616455078,712784
2003-06-23,10.027765274047852,28.303089141845703,29.011157989501953,28.27358627319336,28.51944351196289,591433
2003-06-24,10.135777473449707,28.607952117919922,28.74563217163086,28.12607192993164,28.224414825439453,494989
2003-06-25,10.073060035705566,28.43093490600586,28.735797882080078,28.27358627319336,28.617786407470703,664714
2003-06-26,9.947628021240234,28.076900482177734,28.234249114990234,27.929386138916016,28.234249114990234,291444
2003-06-27,10.034734725952148,28.322757720947266,28.421100616455078,28.008060455322266,28.421100616455078,987365
2003-06-30,10.034734725952148,28.322757720947266,28.696460723876953,28.322757720947266,28.51944351196289,581108
2003-07-01,9.933692932128906,28.03756332397461,28.50960922241211,28.03756332397461,28.43093490600586,588115
2003-07-02,10.052152633666992,28.371929168701172,28.43093490600586,27.949054718017578,27.949054718017578,440644
2003-07-03,10.100932121276855,28.50960922241211,28.647289276123047,28.12607192993164,28.50960922241211,395713
2003-07-04,10.125325202941895,28.578449249267578,28.578449249267578,28.322757720947266,28.51944351196289,371899
2003-07-07,10.20894718170166,28.814472198486328,28.814472198486328,28.578449249267578,28.578449249267578,504787
2003-07-08,10.362255096435547,29.247180938720703,29.276683807373047,28.91281509399414,29.011157989501953,877244
2003-07-09,10.156684875488281,28.66695785522461,29.158672332763672,28.470272064208984,29.158672332763672,618513
2003-07-10,10.16713809967041,28.696460723876953,28.784969329833984,28.421100616455078,28.568614959716797,332796
2003-07-11,10.16016674041748,28.67679214477539,28.67679214477539,28.371929168701172,28.529277801513672,374859
2003-07-14,10.174102783203125,28.716129302978516,28.863643646240234,28.696460723876953,28.735797882080078,414917
2003-07-15,10.226369857788086,28.863643646240234,28.863643646240234,28.58828353881836,28.775135040283203,378590
2003-07-16,10.20894718170166,28.814472198486328,28.91281509399414,28.637454986572266,28.90298080444336,473795
2003-07-17,10.20894718170166,28.814472198486328,28.863643646240234,28.66695785522461,28.814472198486328,620295
2003-07-18,10.219402313232422,28.843975067138672,28.843975067138672,28.617786407470703,28.716129302978516,538980
2003-07-21,10.128809928894043,28.58828353881836,28.893146514892578,28.58828353881836,28.83414077758789,319031
2003-07-22,10.069576263427734,28.421100616455078,28.51944351196289,28.27358627319336,28.499774932861328,628448
2003-07-23,10.222883224487305,28.853809356689453,28.853809356689453,28.548946380615234,28.548946380615234,713055
2003-07-24,10.212431907653809,28.82430648803711,28.98165512084961,28.82430648803711,28.863643646240234,216028
2003-07-25,10.236820220947266,28.893146514892578,28.98165512084961,28.568614959716797,28.637454986572266,212885
2003-07-28,10.330897331237793,29.158672332763672,29.30618667602539,29.011157989501953,29.011157989501953,679817
2003-07-29,10.334380149841309,29.168506622314453,29.168506622314453,28.961986541748047,29.089832305908203,416118
2003-07-30,10.296053886413574,29.06032943725586,29.168506622314453,28.91281509399414,29.109500885009766,776161
2003-07-31,10.661903381347656,30.09292984008789,30.151935577392578,29.158672332763672,29.158672332763672,1062388
2003-08-01,10.6758394241333,30.132266998291016,30.338787078857422,30.043758392333984,30.191272735595703,908362
2003-08-04,10.609638214111328,29.945415496826172,30.043758392333984,29.788066864013672,29.896244049072266,383875
2003-08-05,10.672353744506836,30.122432708740234,30.122432708740234,29.788066864013672,29.955249786376953,662516
2003-08-06,10.73507308959961,30.299449920654297,30.348621368408203,29.886409759521484,29.886409759521484,859257
2003-08-07,10.745528221130371,30.32895278930664,30.623981475830078,30.191272735595703,30.289615631103516,669307
2003-08-08,10.602670669555664,29.92574691772461,30.299449920654297,29.77823257446289,30.289615631103516,707769
2003-08-11,10.522531509399414,29.69955825805664,30.09292984008789,29.69955825805664,29.85690689086914,373045
2003-08-12,10.480721473693848,29.581546783447266,29.719226837158203,29.473369598388672,29.69955825805664,503243
2003-08-13,10.61312484741211,29.955249786376953,29.984752655029297,29.404529571533203,29.68972396850586,467429
2003-08-14,10.853538513183594,30.63381576538086,30.63381576538086,29.797901153564453,29.797901153564453,1092728
2003-08-15,10.71417236328125,30.24044418334961,30.48630142211914,30.043758392333984,30.358455657958984,956366
2003-08-18,10.822185516357422,30.545307159423828,30.673152923583984,30.25027847290039,30.25027847290039,420314
2003-08-19,10.923222541809082,30.830501556396484,30.850170135498047,30.505970001220703,30.545307159423828,703695
2003-08-20,11.132279396057129,31.42055892944336,31.646747589111328,30.732158660888672,30.94851303100586,935042
2003-08-21,11.041687965393066,31.164867401123047,31.882770538330078,31.164867401123047,31.19437026977539,754099
2003-08-22,11.006850242614746,31.066524505615234,31.371387481689453,30.968181610107422,31.164867401123047,810949
2003-08-25,11.045175552368164,31.174701690673828,31.223873138427734,30.968181610107422,31.02718734741211,298222
2003-08-26,11.034724235534668,31.145198822021484,31.174701690673828,30.889507293701172,31.155033111572266,610072
2003-08-27,10.992912292480469,31.02718734741211,31.174701690673828,30.978015899658203,31.174701690673828,771396
2003-08-28,10.818695068359375,30.535472869873047,31.125530242919922,30.191272735595703,31.125530242919922,1290738
2003-08-29,11.031238555908203,31.135364532470703,31.312381744384766,30.72232437133789,30.732158660888672,5627501
2003-09-01,11.212418556213379,31.646747589111328,31.843433380126953,31.282878875732422,31.322216033935547,821989
2003-09-02,11.149701118469238,31.469730377197266,31.646747589111328,31.253376007080078,31.646747589111328,490873
2003-09-03,11.1183443069458,31.381221771240234,31.558238983154297,31.34188461303711,31.459896087646484,372440
2003-09-04,11.114861488342285,31.371387481689453,31.371387481689453,31.164867401123047,31.371387481689453,373200
2003-09-05,11.170611381530762,31.528736114501953,31.558238983154297,31.322216033935547,31.469730377197266,254455
2003-09-08,11.316948890686035,31.941776275634766,32.0302848815918,31.617244720458984,31.646747589111328,557559
2003-09-09,11.358760833740234,32.05978775024414,32.12862777709961,31.941776275634766,31.97127914428711,711227
2003-09-10,11.383148193359375,32.12862777709961,32.20730209350586,32.0302848815918,32.05978775024414,759314
2003-09-11,11.254230499267578,31.764759063720703,31.961444854736328,31.636913299560547,31.961444854736328,514500
2003-09-12,11.250748634338379,31.754924774169922,31.81393051147461,31.676250457763672,31.81393051147461,342932
2003-09-15,11.264684677124023,31.794261932373047,31.81393051147461,31.686084747314453,31.74509048461914,383236
2003-09-16,11.250748634338379,31.754924774169922,31.764759063720703,31.617244720458984,31.715587615966797,443259
2003-09-17,11.254230499267578,31.764759063720703,31.81393051147461,31.627079010009766,31.764759063720703,579522
2003-09-18,11.285593032836914,31.853267669677734,31.951610565185547,31.715587615966797,31.754924774169922,930998
2003-09-19,11.703702926635742,33.033382415771484,33.14155960083008,32.1876335144043,32.1876335144043,1168622
2003-09-22,11.707189559936523,33.043216705322266,33.30874252319336,32.99404525756836,32.99404525756836,1081827
2003-09-23,11.846562385559082,33.436588287353516,33.751285552978516,32.84653091430664,32.964542388916016,761861
2003-09-24,11.912763595581055,33.62343978881836,33.987308502197266,33.52509689331055,33.73161697387695,807225
2003-09-25,11.79429817199707,33.2890739440918,33.436588287353516,33.043216705322266,33.23990249633789,746362
2003-09-26,11.916243553161621,33.63327407836914,33.73161697387695,33.09238815307617,33.190731048583984,862910
2003-09-29,11.846562385559082,33.436588287353516,33.53493118286133,33.41691970825195,33.53493118286133,501781
2003-09-30,12.020773887634277,33.92830276489258,34.056148529052734,33.48575973510742,33.48575973510742,683648
2003-10-01,12.027742385864258,33.94797134399414,34.1249885559082,33.63327407836914,33.63327407836914,812882
2003-10-02,12.194989204406738,34.42001724243164,34.46918869018555,34.223331451416016,34.2331657409668,1456164
2003-10-03,12.264673233032227,34.616703033447266,34.81338882446289,34.27250289916992,34.42001724243164,626121
2003-10-06,12.247251510620117,34.56753158569336,34.81338882446289,34.56753158569336,34.71504592895508,168128
2003-10-07,12.383140563964844,34.95106887817383,35.02974319458008,34.606868743896484,34.606868743896484,1105979
2003-10-08,12.491153717041016,35.25593185424805,35.403446197509766,34.96090316772461,34.96090316772461,1813636
2003-10-09,12.606132507324219,35.58046340942383,35.796817779541016,34.98057174682617,35.20676040649414,766441
2003-10-10,12.501607894897461,35.28543472290039,35.6984748840332,35.26576614379883,35.6984748840332,755356
2003-10-13,12.404045104980469,35.010074615478516,35.30510330200195,35.010074615478516,35.20676040649414,898017
2003-10-14,12.498125076293945,35.27560043334961,35.44278335571289,35.02974319458008,35.10841751098633,916607
2003-10-15,12.470252990722656,35.19692611694336,35.45261764526367,35.10841751098633,35.28543472290039,1307008
2003-10-16,12.390106201171875,34.97073745727539,35.1772575378418,34.8625602722168,35.12808609008789,971652
2003-10-17,12.491153717041016,35.25593185424805,35.30510330200195,34.82322311401367,34.95106887817383,535997
2003-10-20,12.438889503479004,35.10841751098633,35.403446197509766,35.10841751098633,35.167423248291016,507234
2003-10-21,12.50857162475586,35.30510330200195,35.37394332885742,35.10841751098633,35.28543472290039,404630
2003-10-22,12.487668991088867,35.246097564697266,35.44278335571289,35.20676040649414,35.393611907958984,818774
2003-10-23,12.264673233032227,34.616703033447266,35.10841751098633,34.4396858215332,35.010074615478516,984190
2003-10-24,12.073038101196289,34.0758171081543,34.616703033447266,34.02664566040039,34.51836013793945,503273
2003-10-27,11.93366527557373,33.68244552612305,33.977474212646484,33.6529426574707,33.92830276489258,876269
2003-10-28,12.045164108276367,33.99714279174805,34.15449142456055,33.593936920166016,33.68244552612305,662122
2003-10-29,12.247251510620117,34.56753158569336,34.71504592895508,34.09548568725586,34.09548568725586,1267590
2003-10-30,12.167113304138184,34.34134292602539,34.616703033447266,34.16432571411133,34.42001724243164,419666
2003-10-31,12.139242172241211,34.26266860961914,34.33150863647461,33.92830276489258,34.32167434692383,454830
2003-11-03,12.062583923339844,34.04631423950195,34.370845794677734,33.977474212646484,34.370845794677734,289344
2003-11-04,12.107881546020508,34.17416000366211,34.31184005737305,34.04631423950195,34.31184005737305,212339
2003-11-05,12.181050300598145,34.380680084228516,34.81338882446289,33.73161697387695,33.93813705444336,347798
2003-11-06,12.107881546020508,34.17416000366211,34.370845794677734,33.898799896240234,34.370845794677734,486547
2003-11-07,11.968514442443848,33.78078842163086,34.223331451416016,33.662776947021484,34.223331451416016,543287
2003-11-10,11.951088905334473,33.73161697387695,33.977474212646484,33.63327407836914,33.78078842163086,482027
2003-11-11,11.829139709472656,33.38741683959961,33.741451263427734,33.279239654541016,33.63327407836914,619813
2003-11-12,12.1253023147583,34.223331451416016,34.41018295288086,33.14155960083008,33.14155960083008,509752
2003-11-13,12.316937446594238,34.764217376708984,35.05924606323242,34.46918869018555,34.82322311401367,851634
2003-11-14,11.985929489135742,33.829959869384766,34.96090316772461,33.53493118286133,34.9117317199707,1269141
2003-11-17,11.971996307373047,33.79062271118164,33.94797134399414,33.63327407836914,33.829959869384766,252538
2003-11-18,12.05561637878418,34.02664566040039,34.02664566040039,33.63327407836914,33.79062271118164,324894
2003-11-19,11.899871826171875,33.043216705322266,33.436588287353516,33.043216705322266,33.426753997802734,4871922
2003-11-20,11.906954765319824,33.06288528442383,33.279239654541016,33.043216705322266,33.14155960083008,923642
2003-11-21,11.623626708984375,32.27614212036133,32.93503952026367,32.15813064575195,32.93503952026367,776917
2003-11-24,11.598835945129395,32.20730209350586,32.256473541259766,31.57790756225586,32.15813064575195,1283265
2003-11-25,12.006123542785645,33.3382453918457,33.436588287353516,32.53183364868164,32.53183364868164,1007711
2003-11-26,12.147789001464844,33.73161697387695,33.9184684753418,33.56443405151367,33.61360549926758,1583684
2003-11-27,12.006123542785645,33.3382453918457,33.83979415893555,33.3382453918457,33.79062271118164,763951
2003-11-28,12.034452438354492,33.41691970825195,33.53493118286133,33.09238815307617,33.3382453918457,735323
2003-12-01,12.052162170410156,33.46609115600586,33.53493118286133,33.190731048583984,33.3382453918457,485055
2003-12-02,12.076952934265137,33.53493118286133,33.73161697387695,33.3382453918457,33.53493118286133,783857
2003-12-03,12.200912475585938,33.87913131713867,34.1249885559082,33.436588287353516,33.52509689331055,645159
2003-12-04,12.147789001464844,33.73161697387695,34.02664566040039,33.54476547241211,34.02664566040039,457826
2003-12-05,12.186744689941406,33.83979415893555,33.83979415893555,33.584102630615234,33.73161697387695,355077
2003-12-08,12.324871063232422,34.223331451416016,34.50852584838867,33.829959869384766,33.829959869384766,1025258
2003-12-09,12.112373352050781,33.63327407836914,34.41018295288086,33.515262603759766,34.41018295288086,858811
2003-12-10,12.034452438354492,33.41691970825195,33.829959869384766,33.25957107543945,33.584102630615234,1011783
2003-12-11,11.885706901550293,33.00387954711914,33.41691970825195,32.964542388916016,33.41691970825195,311848
2003-12-12,12.076952934265137,33.53493118286133,33.63327407836914,33.32841110229492,33.357913970947266,344740
2003-12-15,12.218619346618652,33.92830276489258,33.92830276489258,33.73161697387695,33.829959869384766,427853
2003-12-16,12.147789001464844,33.73161697387695,34.18399429321289,33.69227981567383,34.17416000366211,1192187
2003-12-17,12.215081214904785,33.9184684753418,33.92830276489258,33.741451263427734,33.92830276489258,422564
2003-12-18,12.108831405639648,33.62343978881836,33.92830276489258,33.48575973510742,33.92830276489258,635144
2003-12-19,12.154870986938477,33.751285552978516,33.92830276489258,33.61360549926758,33.78078842163086,2291986
2003-12-22,12.200912475585938,33.87913131713867,33.99714279174805,33.829959869384766,33.86929702758789,567912
2003-12-23,12.211539268493652,33.908634185791016,33.92830276489258,33.78078842163086,33.9184684753418,345568
2003-12-24,12.278827667236328,34.09548568725586,34.18399429321289,33.86929702758789,33.92830276489258,155780
2003-12-25,12.278827667236328,34.09548568725586,34.09548568725586,34.09548568725586,34.09548568725586,0
2003-12-26,12.278827667236328,34.09548568725586,34.09548568725586,34.09548568725586,34.09548568725586,0
2003-12-29,12.448826789855957,34.56753158569336,34.606868743896484,34.1249885559082,34.1249885559082,277805
2003-12-30,12.579866409301758,34.931400299072266,34.96090316772461,34.73471450805664,34.81338882446289,387609
2003-12-31,12.594032287597656,34.97073745727539,35.04941177368164,34.842891693115234,35.010074615478516,162961
2004-01-01,12.594032287597656,34.97073745727539,34.97073745727539,34.97073745727539,34.97073745727539,0
2004-01-02,12.537364959716797,34.81338882446289,34.96090316772461,34.71504592895508,34.96090316772461,64154
2004-01-05,12.360284805297852,34.32167434692383,34.71504592895508,34.19382858276367,34.19382858276367,240045
2004-01-06,12.303618431091309,34.16432571411133,34.71504592895508,34.08565139770508,34.66587448120117,577627
2004-01-07,12.254035949707031,34.02664566040039,34.134822845458984,33.829959869384766,34.134822845458984,482068
2004-01-08,12.105286598205566,33.61360549926758,34.00697708129883,33.61360549926758,33.99714279174805,599018
2004-01-09,12.197369575500488,33.86929702758789,34.0758171081543,33.72178268432617,33.77095413208008,474968
2004-01-12,12.076952934265137,33.53493118286133,33.84962844848633,33.23990249633789,33.80045700073242,672424
2004-01-13,11.882168769836426,32.99404525756836,33.52509689331055,32.99404525756836,33.52509689331055,497866
2004-01-14,11.86445426940918,32.94487380981445,33.08255386352539,32.83669662475586,32.89570236206055,677128
2004-01-15,12.006123542785645,33.3382453918457,33.436588287353516,32.99404525756836,33.17106246948242,525991
2004-01-16,12.154870986938477,33.751285552978516,33.908634185791016,33.63327407836914,33.68244552612305,501831
2004-01-19,12.016744613647461,33.36774826049805,33.820125579833984,33.3382453918457,33.78078842163086,401583
2004-01-20,11.963619232177734,33.22023391723633,33.41691970825195,33.190731048583984,33.32841110229492,336710
2004-01-21,11.899871826171875,33.043216705322266,33.2890739440918,32.91537094116211,33.24973678588867,478931
2004-01-22,12.158408164978027,33.7611198425293,33.79062271118164,33.23990249633789,33.37758255004883,847872
2004-01-23,12.17612075805664,33.8102912902832,33.87913131713867,33.593936920166016,33.73161697387695,542134
2004-01-26,12.17612075805664,33.8102912902832,33.8102912902832,33.8102912902832,33.8102912902832,0
2004-01-27,12.147789001464844,33.73161697387695,33.86929702758789,33.593936920166016,33.69227981567383,209080
2004-01-28,12.084039688110352,33.55459976196289,33.62343978881836,33.39725112915039,33.436588287353516,537777
2004-01-29,12.094660758972168,33.584102630615234,33.584102630615234,33.2890739440918,33.4955940246582,337006
2004-01-30,12.147789001464844,33.73161697387695,33.92830276489258,33.47592544555664,33.672611236572266,539859
2004-02-02,12.006123542785645,33.3382453918457,33.71194839477539,33.16122817993164,33.71194839477539,406800
2004-02-03,11.811332702636719,32.797359466552734,33.41691970825195,32.75802230834961,33.41691970825195,656232
2004-02-04,11.634251594543457,32.30564498901367,32.60067367553711,31.469730377197266,31.469730377197266,1000073
2004-02-05,11.95654010772705,33.200565338134766,33.357913970947266,32.42365646362305,32.94487380981445,2247485
2004-02-06,12.02383041381836,33.38741683959961,33.584102630615234,33.23990249633789,33.23990249633789,914114
2004-02-09,11.95300006866455,33.190731048583984,33.584102630615234,33.043216705322266,33.584102630615234,516998
2004-02-10,11.800705909729004,32.76785659790039,33.436588287353516,32.649845123291016,33.436588287353516,819834
2004-02-11,11.829041481018066,32.84653091430664,33.06288528442383,32.5515022277832,32.84653091430664,623669
2004-02-12,11.829041481018066,32.84653091430664,33.043216705322266,32.807193756103516,32.954708099365234,462068
2004-02-13,11.800705909729004,32.76785659790039,32.84653091430664,32.73835372924805,32.84653091430664,289916
2004-02-16,11.793623924255371,32.74818801879883,32.78752517700195,32.67934799194336,32.69901657104492,367908
2004-02-17,11.797164916992188,32.75802230834961,32.84653091430664,32.74818801879883,32.74818801879883,656168
2004-02-18,11.899871826171875,33.043216705322266,33.09238815307617,32.84653091430664,32.84653091430664,350143
2004-02-19,11.95300006866455,33.190731048583984,33.2890739440918,33.043216705322266,33.121891021728516,224579
2004-02-20,12.006123542785645,33.3382453918457,33.37758255004883,33.21039962768555,33.21039962768555,234403
2004-02-23,11.977787017822266,33.25957107543945,33.29890823364258,33.06288528442383,33.23990249633789,443268
2004-02-24,11.850292205810547,32.90553665161133,33.14155960083008,32.8661994934082,33.14155960083008,551934
2004-02-25,11.722790718078613,32.5515022277832,32.74818801879883,32.51216506958008,32.68918228149414,1131033
2004-02-26,11.729874610900879,32.571170806884766,32.797359466552734,32.571170806884766,32.571170806884766,537823
2004-02-27,11.722790718078613,32.5515022277832,32.797359466552734,32.5023307800293,32.74818801879883,2991554
2004-03-01,11.846750259399414,32.89570236206055,33.043216705322266,32.66951370239258,32.77769088745117,530326
2004-03-02,11.938831329345703,33.15139389038086,33.30874252319336,33.043216705322266,33.06288528442383,870513
2004-03-03,11.942373275756836,33.16122817993164,33.2890739440918,33.07271957397461,33.22023391723633,957558
2004-03-04,12.034452438354492,33.41691970825195,33.436588287353516,33.14155960083008,33.14155960083008,606385
2004-03-05,12.087578773498535,33.56443405151367,33.61360549926758,33.4464225769043,33.4464225769043,693991
2004-03-08,12.147789001464844,33.73161697387695,33.93813705444336,33.64310836791992,33.662776947021484,342437
2004-03-09,12.264664649963379,34.056148529052734,34.15449142456055,33.73161697387695,33.73161697387695,337218
2004-03-10,12.250490188598633,34.01681137084961,34.1249885559082,33.87913131713867,34.1249885559082,399272
2004-03-11,12.133620262145996,33.69227981567383,33.908634185791016,33.62343978881836,33.80045700073242,495701
2004-03-12,12.098203659057617,33.593936920166016,33.78078842163086,33.48575973510742,33.584102630615234,349068
2004-03-15,12.055703163146973,33.47592544555664,33.751285552978516,33.32841110229492,33.751285552978516,370657
2004-03-16,12.101746559143066,33.6037712097168,33.68244552612305,33.436588287353516,33.436588287353516,330226
2004-03-17,12.161958694458008,33.77095413208008,33.908634185791016,33.73161697387695,33.73161697387695,443226
2004-03-18,12.321328163146973,34.213497161865234,34.40034866333008,34.02664566040039,34.40034866333008,1122552
2004-03-19,12.413407325744629,34.46918869018555,34.5970344543457,34.26266860961914,34.26266860961914,913267
2004-03-22,12.264664649963379,34.056148529052734,34.42001724243164,33.94797134399414,34.42001724243164,492356
2004-03-23,12.18320369720459,33.829959869384766,33.898799896240234,33.4955940246582,33.73161697387695,625529
2004-03-24,12.243409156799316,33.99714279174805,34.1249885559082,33.68244552612305,34.1249885559082,345856
2004-03-25,12.254035949707031,34.02664566040039,34.02664566040039,33.662776947021484,33.977474212646484,523983
2004-03-26,12.409869194030762,34.459354400634766,34.51836013793945,34.02664566040039,34.1249885559082,787062
2004-03-29,12.547991752624512,34.842891693115234,34.89206314086914,34.2823371887207,34.2823371887207,799437
2004-03-30,12.664861679077148,35.167423248291016,35.26576614379883,34.96090316772461,34.96090316772461,745441
2004-03-31,12.679033279418945,35.20676040649414,35.34444046020508,34.80355453491211,35.246097564697266,362480
2004-04-01,12.820697784423828,35.60013198852539,35.60013198852539,35.20676040649414,35.20676040649414,650416
2004-04-02,13.104025840759277,36.38687515258789,36.4360466003418,35.403446197509766,35.403446197509766,1001275
2004-04-05,13.146525382995605,36.504886627197266,36.583560943603516,36.14101791381836,36.23936080932617,512486
2004-04-06,13.06860637664795,36.28853225708008,36.78024673461914,36.20985794067383,36.78024673461914,818807
2004-04-07,13.001322746276855,36.101680755615234,36.35737228393555,36.09184646606445,36.20002365112305,739269
2004-04-08,12.969439506530762,36.0131721496582,36.09184646606445,35.84598922729492,35.89516067504883,337841
2004-04-09,12.969439506530762,36.0131721496582,36.0131721496582,36.0131721496582,36.0131721496582,0
2004-04-12,12.969439506530762,36.0131721496582,36.0131721496582,36.0131721496582,36.0131721496582,0
2004-04-13,12.873821258544922,35.74764633178711,35.99350357055664,35.65913772583008,35.99350357055664,412083
2004-04-14,12.820697784423828,35.60013198852539,35.6493034362793,35.37394332885742,35.60013198852539,454093
2004-04-15,12.484238624572754,34.66587448120117,35.52145767211914,34.51836013793945,35.403446197509766,841876
2004-04-16,12.46652889251709,34.616703033447266,35.010074615478516,34.42001724243164,34.5970344543457,818432
2004-04-19,12.608199119567871,35.010074615478516,35.088748931884766,34.72488021850586,34.81338882446289,528692
2004-04-20,12.714445114135742,35.30510330200195,35.60013198852539,35.14775466918945,35.14775466918945,434742
2004-04-21,12.679033279418945,35.20676040649414,35.60013198852539,35.04941177368164,35.60013198852539,345365
2004-04-22,12.696741104125977,35.25593185424805,35.403446197509766,35.11825180053711,35.403446197509766,309225
2004-04-23,12.643611907958984,35.10841751098633,35.403446197509766,35.05924606323242,35.30510330200195,443378
2004-04-26,12.608199119567871,35.010074615478516,35.25593185424805,35.010074615478516,35.19692611694336,53321
2004-04-27,12.516114234924316,34.7543830871582,34.9117317199707,34.63637161254883,34.90189743041992,402760
2004-04-28,12.501948356628418,34.71504592895508,34.9117317199707,34.7052116394043,34.9117317199707,345126
2004-04-29,12.39570140838623,34.42001724243164,34.51836013793945,34.18399429321289,34.32167434692383,499644
2004-04-30,12.271743774414062,34.0758171081543,34.42001724243164,34.04631423950195,34.223331451416016,645714
2004-05-03,12.115913391113281,33.64310836791992,33.92830276489258,33.54476547241211,33.92830276489258,502901
2004-05-04,12.222161293029785,33.93813705444336,34.03647994995117,33.6037712097168,33.6037712097168,710594
2004-05-05,12.360284805297852,34.32167434692383,34.32167434692383,33.9676399230957,33.9676399230957,707375
2004-05-06,12.342578887939453,34.27250289916992,34.42001724243164,34.213497161865234,34.223331451416016,720666
2004-05-07,12.346118927001953,34.2823371887207,34.42985153198242,34.1249885559082,34.27250289916992,786710
2004-05-10,12.324871063232422,34.223331451416016,34.32167434692383,34.04631423950195,34.10531997680664,439024
2004-05-11,12.26820182800293,34.065982818603516,34.134822845458984,33.87913131713867,33.93813705444336,712836
2004-05-12,12.392162322998047,34.41018295288086,34.5478630065918,34.0758171081543,34.0758171081543,742718
2004-05-13,12.420493125915527,34.48885726928711,34.51836013793945,34.42001724243164,34.42001724243164,579123
2004-05-14,12.3709077835083,34.35117721557617,34.46918869018555,34.27250289916992,34.449520111083984,517955
2004-05-17,12.3709077835083,34.35117721557617,34.64620590209961,34.213497161865234,34.42001724243164,694454
2004-05-18,12.048622131347656,33.45625686645508,34.1249885559082,33.29890823364258,33.87913131713867,2205264
2004-05-19,11.86445426940918,32.94487380981445,33.23990249633789,32.649845123291016,33.23990249633789,2750044
2004-05-20,11.722790718078613,32.5515022277832,33.00387954711914,32.482662200927734,32.94487380981445,2238007
2004-05-21,11.843205451965332,32.885868072509766,32.91537094116211,32.35481643676758,32.45315933227539,1244972
2004-05-24,11.957046508789062,32.45315933227539,32.45315933227539,32.15813064575195,32.3449821472168,3303473
2004-05-25,11.866463661193848,32.20730209350586,32.45315933227539,32.05978775024414,32.45315933227539,1320747
2004-05-26,11.862835884094238,32.19746780395508,32.53183364868164,31.990947723388672,32.45315933227539,2842226
2004-05-27,11.920814514160156,32.35481643676758,32.47282791137695,32.15813064575195,32.19746780395508,1570229
2004-05-28,12.091106414794922,32.8170280456543,32.89570236206055,32.45315933227539,32.492496490478516,3300987
2004-05-31,12.141837120056152,32.954708099365234,33.07271957397461,32.84653091430664,32.84653091430664,899379
2004-06-01,12.10197925567627,32.84653091430664,32.93503952026367,32.66951370239258,32.93503952026367,445426
2004-06-02,12.141837120056152,32.954708099365234,33.112056732177734,32.74818801879883,32.8170280456543,626234
2004-06-03,12.138213157653809,32.94487380981445,33.25957107543945,32.82686233520508,32.964542388916016,589445
2004-06-04,12.083864212036133,32.797359466552734,33.17106246948242,32.797359466552734,32.94487380981445,569824
2004-06-07,12.464313507080078,33.829959869384766,33.987308502197266,33.436588287353516,33.63327407836914,1477398
2004-06-08,12.58751106262207,34.16432571411133,34.292171478271484,33.977474212646484,34.11515426635742,1348482
2004-06-09,12.449821472167969,33.79062271118164,34.302005767822266,33.63327407836914,34.19382858276367,921547
2004-06-10,12.482428550720215,33.87913131713867,33.94797134399414,33.662776947021484,33.8102912902832,1535436
2004-06-11,12.482428550720215,33.87913131713867,34.02664566040039,33.70211410522461,34.02664566040039,608856
2004-06-14,12.482428550720215,33.87913131713867,33.87913131713867,33.87913131713867,33.87913131713867,0
2004-06-15,12.355610847473145,33.53493118286133,33.68244552612305,33.46609115600586,33.68244552612305,563329
2004-06-16,12.319382667541504,33.436588287353516,33.57426834106445,33.37758255004883,33.38741683959961,879369
2004-06-17,12.500548362731934,33.92830276489258,34.04631423950195,33.436588287353516,33.436588287353516,2144273
2004-06-18,12.486052513122559,33.88896560668945,33.9676399230957,33.79062271118164,33.9676399230957,964826
2004-06-21,12.471559524536133,33.84962844848633,33.94797134399414,33.78078842163086,33.87913131713867,503269
2004-06-22,12.283148765563965,33.3382453918457,33.80045700073242,33.22023391723633,33.80045700073242,1138210
2004-06-23,12.337494850158691,33.48575973510742,33.593936920166016,33.38741683959961,33.426753997802734,700785
2004-06-24,12.301264762878418,33.38741683959961,33.68244552612305,33.2890739440918,33.68244552612305,583987
2004-06-25,12.228798866271973,33.190731048583984,33.3382453918457,33.05305099487305,33.3382453918457,2329983
2004-06-28,12.188939094543457,33.08255386352539,33.14155960083008,32.94487380981445,33.043216705322266,374117
2004-06-29,12.315756797790527,33.426753997802734,33.48575973510742,33.00387954711914,33.00387954711914,508895
2004-06-30,12.275899887084961,33.31857681274414,33.436588287353516,33.190731048583984,33.436588287353516,674949
2004-07-01,12.228798866271973,33.190731048583984,33.38741683959961,33.09238815307617,33.38741683959961,468806
2004-07-02,12.24691390991211,33.23990249633789,33.3382453918457,32.9743766784668,32.9743766784668,2041559
2004-07-05,12.094734191894531,32.82686233520508,33.23990249633789,32.797359466552734,33.23990249633789,1222942
2004-07-06,12.159951210021973,33.00387954711914,33.043216705322266,32.84653091430664,32.98421096801758,1363051
2004-07-07,12.174446105957031,33.043216705322266,33.06288528442383,32.83669662475586,32.84653091430664,776192
2004-07-08,12.239664077758789,33.22023391723633,33.29890823364258,32.89570236206055,32.92520523071289,705236
2004-07-09,12.265029907226562,33.2890739440918,33.32841110229492,33.09238815307617,33.22023391723633,404295
2004-07-12,12.359236717224121,33.54476547241211,33.6037712097168,33.30874252319336,33.30874252319336,642303
2004-07-13,12.181694030761719,33.06288528442383,33.436588287353516,32.964542388916016,33.41691970825195,1168625
2004-07-14,11.957046508789062,32.45315933227539,32.92520523071289,32.31547927856445,32.876033782958984,1463870
2004-07-15,12.011392593383789,32.60067367553711,32.60067367553711,32.10895919799805,32.42365646362305,1901836
2004-07-16,12.06574821472168,32.74818801879883,32.807193756103516,32.37448501586914,32.45315933227539,802354
2004-07-19,12.072993278503418,32.76785659790039,32.83669662475586,32.6596794128418,32.76785659790039,550508
2004-07-20,11.957046508789062,32.45315933227539,32.78752517700195,32.335147857666016,32.78752517700195,1587925
2004-07-21,11.928062438964844,32.37448501586914,32.5515022277832,32.246639251708984,32.37448501586914,1043640
2004-07-22,11.830231666564941,32.10895919799805,32.19746780395508,31.961444854736328,32.1876335144043,1183182
2004-07-23,11.572969436645508,31.410724639892578,32.19746780395508,31.086193084716797,32.19746780395508,5095895
2004-07-26,11.496881484985352,31.204204559326172,31.43039321899414,31.18453598022461,31.361553192138672,1155768
2004-07-27,11.522242546081543,31.27304458618164,31.459896087646484,31.174701690673828,31.27304458618164,1478239
2004-07-28,11.674427032470703,31.686084747314453,31.81393051147461,31.568073272705078,31.66641616821289,1302643
2004-07-29,11.848346710205078,32.15813064575195,32.5515022277832,32.05978775024414,32.05978775024414,1156194
2004-07-30,11.964293479919434,32.47282791137695,32.561336517333984,32.3449821472168,32.35481643676758,2181199
2004-08-02,12.022265434265137,32.63017654418945,32.649845123291016,32.482662200927734,32.5023307800293,436442
2004-08-03,12.040384292602539,32.67934799194336,32.73835372924805,32.63017654418945,32.63017654418945,445032
2004-08-04,11.862835884094238,32.19746780395508,32.728519439697266,32.1876335144043,32.728519439697266,728759
2004-08-05,11.743268013000488,31.872936248779297,32.20730209350586,31.863101959228516,32.20730209350586,646602
2004-08-06,11.710657119750977,31.784427642822266,31.912273406982422,31.636913299560547,31.764759063720703,895312
2004-08-09,11.594714164733887,31.469730377197266,31.686084747314453,31.35171890258789,31.686084747314453,1005209
2004-08-10,11.471516609191895,31.135364532470703,31.391056060791016,31.11569595336914,31.332050323486328,1441272
2004-08-11,11.587467193603516,31.450061798095703,31.548404693603516,31.371387481689453,31.371387481689453,1705525
2004-08-12,11.630946159362793,31.568073272705078,31.607410430908203,31.391056060791016,31.42055892944336,752083
2004-08-13,11.580219268798828,31.43039321899414,31.50906753540039,31.282878875732422,31.450061798095703,617272
2004-08-16,11.670802116394043,31.676250457763672,31.804096221923828,31.489398956298828,31.489398956298828,1134684
2004-08-17,11.663555145263672,31.65658187866211,31.863101959228516,31.65658187866211,31.754924774169922,1205531
2004-08-18,11.703408241271973,31.764759063720703,31.764759063720703,31.568073272705078,31.65658187866211,573061
2004-08-19,11.667177200317383,31.66641616821289,31.81393051147461,31.518901824951172,31.764759063720703,542443
2004-08-20,11.594714164733887,31.469730377197266,31.65658187866211,31.43039321899414,31.627079010009766,1542377
2004-08-23,11.649060249328613,31.617244720458984,31.764759063720703,31.528736114501953,31.528736114501953,1080222
2004-08-24,11.721528053283691,31.81393051147461,31.912273406982422,31.50906753540039,31.597576141357422,590617
2004-08-25,11.851967811584473,32.167964935302734,32.256473541259766,31.961444854736328,31.990947723388672,1009727
2004-08-26,11.938926696777344,32.403987884521484,32.60067367553711,32.36465072631836,32.45315933227539,948673
2004-08-27,12.076615333557129,32.77769088745117,32.807193756103516,32.561336517333984,32.61050796508789,2089413
2004-08-30,12.228798866271973,33.190731048583984,33.2890739440918,32.8661994934082,32.94487380981445,998016
2004-08-31,12.283148765563965,33.3382453918457,33.38741683959961,32.9743766784668,33.190731048583984,590939
2004-09-01,12.500548362731934,33.92830276489258,34.09548568725586,33.31857681274414,33.31857681274414,1434927
2004-09-02,12.580256462097168,34.144657135009766,34.35117721557617,33.87913131713867,34.17416000366211,1437960
2004-09-03,12.53678035736084,34.02664566040039,34.56753158569336,33.87913131713867,34.10531997680664,865217
2004-09-06,12.467939376831055,33.83979415893555,34.24300003051758,33.829959869384766,34.04631423950195,363002
2004-09-07,12.594752311706543,34.18399429321289,34.223331451416016,33.79062271118164,33.87913131713867,417959
2004-09-08,12.5911283493042,34.17416000366211,34.32167434692383,33.977474212646484,34.27250289916992,440034
2004-09-09,12.460693359375,33.820125579833984,34.26266860961914,33.584102630615234,34.2331657409668,645488
2004-09-10,12.547654151916504,34.056148529052734,34.10531997680664,33.92830276489258,34.09548568725586,982999
2004-09-13,12.707077980041504,34.48885726928711,34.48885726928711,34.144657135009766,34.17416000366211,729661
2004-09-14,12.862881660461426,34.9117317199707,35.0199089050293,34.5970344543457,34.71504592895508,1065113
2004-09-15,12.881003379821777,34.96090316772461,35.03957748413086,34.62653732299805,34.96090316772461,805326
2004-09-16,12.732439994812012,34.55769729614258,34.8625602722168,34.380680084228516,34.66587448120117,1187335
2004-09-17,12.754179954528809,34.616703033447266,34.67570877075195,34.50852584838867,34.51836013793945,313594
2004-09-20,12.699835777282715,34.46918869018555,34.685543060302734,34.42001724243164,34.616703033447266,200983
2004-09-21,12.699835777282715,34.46918869018555,34.81338882446289,34.24300003051758,34.24300003051758,585695
2004-09-22,12.97158432006836,35.20676040649414,35.20676040649414,34.51836013793945,34.51836013793945,657418
2004-09-23,12.862881660461426,34.9117317199707,35.05924606323242,34.8625602722168,34.96090316772461,712714
2004-09-24,12.819400787353516,34.79372024536133,34.9117317199707,34.62653732299805,34.9117317199707,1275176
2004-09-27,12.862881660461426,34.9117317199707,35.0690803527832,34.66587448120117,34.66587448120117,336278
2004-09-28,12.935346603393555,35.10841751098633,35.14775466918945,34.9117317199707,34.9117317199707,314543
2004-09-29,13.091151237487793,35.53129196166992,35.550960540771484,35.20676040649414,35.20676040649414,391895
2004-09-30,13.159997940063477,35.718143463134766,35.74764633178711,35.29526901245117,35.30510330200195,1124438
2004-10-01,13.348411560058594,36.22952651977539,36.4360466003418,36.04267501831055,36.09184646606445,959588
2004-10-04,13.406386375427246,36.38687515258789,36.39670944213867,36.111515045166016,36.190189361572266,369295
2004-10-05,13.424500465393066,36.4360466003418,36.662235260009766,36.13118362426758,36.662235260009766,424940
2004-10-06,13.460736274719238,36.53438949584961,36.83925247192383,36.28853225708008,36.4360466003418,619528
2004-10-07,13.38826847076416,36.337703704833984,36.56389236450195,36.0131721496582,36.54422378540039,520592
2004-10-08,13.370144844055176,36.28853225708008,36.347537994384766,36.14101791381836,36.190189361572266,392305
2004-10-11,13.38464069366455,36.3278694152832,36.46554946899414,36.268863677978516,36.28853225708008,572888
2004-10-12,13.500595092773438,36.6425666809082,36.82941818237305,36.38687515258789,36.38687515258789,517136
2004-10-13,13.696255683898926,37.17361831665039,37.203121185302734,36.86875534057617,36.87858963012695,526168
2004-10-14,14.116558074951172,38.314395904541016,38.59959030151367,37.61616134643555,37.763675689697266,2087166
2004-10-15,14.294107437133789,38.79627990722656,39.14047622680664,38.157047271728516,38.25539016723633,1077470
2004-10-18,14.23975658416748,38.64876174926758,38.83561325073242,38.43240737915039,38.74710464477539,921784
2004-10-19,14.402807235717773,39.091304779052734,39.091304779052734,38.550418853759766,38.550418853759766,956096
2004-10-20,14.402807235717773,39.091304779052734,39.091304779052734,39.091304779052734,39.091304779052734,0
2004-10-21,14.402807235717773,39.091304779052734,40.035396575927734,39.091304779052734,40.02556228637695,1895120
2004-10-22,14.250624656677246,38.67826461791992,38.99296188354492,38.50124740600586,38.963462829589844,597385
2004-10-25,14.149170875549316,38.40290451049805,38.45207595825195,38.157047271728516,38.45207595825195,1097243
2004-10-26,14.131051063537598,38.35373306274414,38.59959030151367,38.304561614990234,38.50124740600586,1662722
2004-10-27,14.178159713745117,38.4815788269043,38.550418853759766,38.304561614990234,38.34389877319336,1521324
2004-10-28,14.381068229675293,39.03230285644531,39.50434875488281,38.49141311645508,38.50124740600586,510009
2004-10-29,14.344827651977539,38.933956146240234,39.77970886230469,38.697933197021484,39.22898483276367,1484002
2004-11-01,14.558609962463379,39.51417922973633,39.51417922973633,38.87495040893555,38.90445327758789,247210
2004-11-02,14.424548149108887,39.15031051635742,39.53384780883789,39.15031051635742,39.53384780883789,175668
2004-11-03,14.710786819458008,39.92721939086914,39.92721939086914,38.89461898803711,39.14047622680664,593037
2004-11-04,15.091238021850586,40.95982360839844,41.11716842651367,40.02556228637695,40.07473373413086,1611343
2004-11-05,14.667314529418945,39.80921173095703,41.215511322021484,39.80921173095703,41.1565055847168,949871
2004-11-08,14.73978042602539,40.00589370727539,40.320594787597656,39.43550491333008,39.43550491333008,498572
2004-11-09,14.667314529418945,39.80921173095703,40.517276763916016,39.80921173095703,40.517276763916016,410150
2004-11-10,14.7252836227417,39.966556549072266,39.966556549072266,39.46500778198242,39.6321907043457,511914
2004-11-11,15.076751708984375,40.92048263549805,40.92048263549805,39.966556549072266,39.966556549072266,493891
2004-11-12,14.95717716217041,40.59595489501953,41.0483283996582,40.46810531616211,41.0483283996582,396932
2004-11-15,15.123852729797363,41.0483283996582,41.08766555786133,40.61561965942383,40.95982360839844,1099046
2004-11-16,15.163702964782715,41.1565055847168,42.287452697753906,41.058162689208984,42.09076690673828,1975659
2004-11-17,15.297765731811523,41.5203742980957,42.01209259033203,41.166343688964844,41.166343688964844,941030
2004-11-18,15.515174865722656,42.110435485839844,42.189109802246094,41.54987716674805,41.54987716674805,919685
2004-11-19,15.381108283996582,41.74656677246094,42.13993835449219,41.697391510009766,42.13993835449219,909066
2004-11-22,15.243908882141113,40.7336311340332,41.00899124145508,40.556617736816406,41.00899124145508,5740680
2004-11-23,15.494171142578125,41.402366638183594,41.43186950683594,41.058162689208984,41.10733413696289,767493
2004-11-24,15.722355842590332,42.01209259033203,42.159603118896484,41.84490966796875,41.84490966796875,619277
2004-11-25,15.961581230163574,42.65132141113281,42.97584915161133,42.189109802246094,42.189109802246094,1103869
2004-11-26,16.112468719482422,43.054527282714844,43.074195861816406,42.287452697753906,42.661155700683594,760965
2004-11-29,16.255998611450195,43.43806457519531,43.43806457519531,43.15286636352539,43.19220733642578,776241
2004-11-30,16.182397842407227,43.24137878417969,43.43806457519531,43.24137878417969,43.418392181396484,1146420
2004-12-01,16.138225555419922,43.12336730957031,43.62491226196289,43.03485870361328,43.310218811035156,1061955
2004-12-02,16.561464309692383,44.254310607910156,44.35265350341797,43.379058837890625,43.467567443847656,2235713
2004-12-03,16.579872131347656,44.30348205566406,45.28691101074219,44.155967712402344,44.942710876464844,945594
2004-12-06,16.561464309692383,44.254310607910156,44.726356506347656,43.88060760498047,44.35265350341797,950223
2004-12-07,16.498903274536133,44.087127685546875,44.647682189941406,44.087127685546875,44.26414489746094,1175705
2004-12-08,16.35904884338379,43.71342468261719,44.10679626464844,43.369224548339844,44.10679626464844,953741
2004-12-09,16.152952194213867,43.16270446777344,43.56591033935547,42.877506256103516,43.16270446777344,711932
2004-12-10,16.340652465820312,43.66425323486328,43.811767578125,43.28071212768555,43.28071212768555,649890
2004-12-13,16.487865447998047,44.05762481689453,44.549339294433594,43.91011047363281,43.95927810668945,325315
2004-12-14,16.377458572387695,43.762596130371094,44.26414489746094,43.762596130371094,44.26414489746094,394690
2004-12-15,16.38481330871582,43.782264709472656,44.155967712402344,43.75276184082031,44.05762481689453,774351
2004-12-16,16.451061248779297,43.95927810668945,44.69685363769531,43.782264709472656,44.155967712402344,733542
2004-12-17,16.543060302734375,44.20513916015625,44.74602508544922,43.56591033935547,43.56591033935547,607971
2004-12-20,16.727087020874023,44.69685363769531,44.795196533203125,44.411659240722656,44.411659240722656,317690
2004-12-21,16.892702102661133,45.13939666748047,45.434425354003906,44.68701934814453,44.92304229736328,665596
2004-12-22,17.07303810119629,45.62127685546875,45.729454040527344,45.414756774902344,45.48359680175781,645531
2004-12-23,17.109834671020508,45.71961975097656,45.749122619628906,45.513099670410156,45.660614013671875,278071
2004-12-24,17.142961502075195,45.808128356933594,45.965476989746094,45.48359680175781,45.77862548828125,833536
2004-12-27,17.142961502075195,45.808128356933594,45.808128356933594,45.808128356933594,45.808128356933594,0
2004-12-28,17.142961502075195,45.808128356933594,45.808128356933594,45.808128356933594,45.808128356933594,0
2004-12-29,17.07303810119629,45.62127685546875,45.699951171875,45.38525390625,45.53276824951172,74626
2004-12-30,17.07671546936035,45.63111114501953,45.729454040527344,45.53276824951172,45.71961975097656,93152
2004-12-31,17.1135196685791,45.729454040527344,45.729454040527344,45.581939697265625,45.63111114501953,90288
2005-01-04,17.223928451538086,46.02448272705078,46.122825622558594,45.5426025390625,45.729454040527344,111913
2005-01-05,17.161367416381836,45.8572998046875,45.92613983154297,45.48359680175781,45.91630554199219,488510
2005-01-06,17.275449752807617,46.16216278076172,46.368682861328125,46.16216278076172,46.221168518066406,707370
2005-01-07,17.426345825195312,46.56536865234375,46.81122589111328,46.280174255371094,46.41785430908203,545171
2005-01-10,17.904788970947266,47.84382629394531,47.89299774169922,46.594871520996094,46.614540100097656,555249
2005-01-11,17.982074737548828,48.05034637451172,48.571563720703125,47.932334899902344,48.178192138671875,1506278
2005-01-12,17.978389739990234,48.04051208496094,48.36504364013672,47.99134063720703,47.99134063720703,1157258
2005-01-13,17.95631217956543,47.98150634765625,48.62073516845703,47.84382629394531,48.581398010253906,1024821
2005-01-14,17.83118438720703,47.64714050292969,48.030677795410156,47.548797607421875,48.030677795410156,412312
2005-01-17,17.845901489257812,47.68647766113281,47.99134063720703,47.66680908203125,47.75531768798828,762811
2005-01-18,17.982074737548828,48.05034637451172,48.247032165527344,47.706146240234375,47.706146240234375,949563
2005-01-19,18.00048065185547,48.099517822265625,48.581398010253906,47.90283203125,48.19786071777344,457506
2005-01-20,17.764934539794922,47.470123291015625,47.942169189453125,47.401283264160156,47.75531768798828,716530
2005-01-21,17.647165298461914,47.155426025390625,47.49962615966797,47.155426025390625,47.479957580566406,387458
2005-01-24,17.665563583374023,47.20459747314453,47.302940368652344,46.58503723144531,47.09642028808594,412149
2005-01-25,17.94158935546875,47.942169189453125,48.20769500732422,47.60780334472656,47.794654846191406,470998
2005-01-27,18.06672477722168,48.27653503417969,48.581398010253906,48.099517822265625,48.335540771484375,611885
2005-01-28,17.886381149291992,47.794654846191406,48.188026428222656,47.794654846191406,48.188026428222656,1190791
2005-01-31,17.978389739990234,48.04051208496094,48.345375061035156,47.7454833984375,47.794654846191406,521404
2005-02-01,18.401634216308594,49.17145538330078,49.368141174316406,48.335540771484375,48.38471221923828,1022440
2005-02-02,18.40531349182129,49.18128967285156,49.56482696533203,49.053443908691406,49.56482696533203,611495
2005-02-03,18.033599853515625,48.188026428222656,49.122283935546875,48.188026428222656,49.122283935546875,799370
2005-02-04,17.92319107055664,47.89299774169922,48.38471221923828,47.80448913574219,48.28636932373047,309783
2005-02-07,18.007837295532227,48.11918640136719,48.483055114746094,47.99134063720703,48.43388366699219,404548
2005-02-08,17.959993362426758,47.99134063720703,48.089683532714844,47.81432342529297,48.030677795410156,394227
2005-02-09,17.809101104736328,47.588134765625,48.247032165527344,47.558631896972656,48.14868927001953,339539
2005-02-10,17.437381744384766,46.594871520996094,47.82415771484375,46.594871520996094,47.696311950683594,845668
2005-02-11,17.407943725585938,46.516197204589844,47.007911682128906,45.985145568847656,46.82106018066406,664801
2005-02-14,17.275449752807617,46.16216278076172,46.909568786621094,46.16216278076172,46.79155731201172,417747
2005-02-15,17.13192367553711,45.77862548828125,46.063819885253906,45.77862548828125,45.92613983154297,756658
2005-02-16,17.761255264282227,47.460289001464844,47.548797607421875,46.221168518066406,46.221168518066406,1255005
2005-02-17,17.672929763793945,47.224266052246094,47.64714050292969,46.81122589111328,47.64714050292969,811713
2005-02-18,18.144006729125977,48.483055114746094,48.92559814453125,48.089683532714844,48.089683532714844,1370627
2005-02-21,18.60405158996582,49.71234130859375,50.19422149658203,49.09278106689453,49.09278106689453,914515
2005-02-22,18.401634216308594,49.17145538330078,51.089141845703125,48.67974090576172,50.65643310546875,905477
2005-02-23,17.739177703857422,47.401283264160156,48.728912353515625,47.401283264160156,48.67974090576172,784779
2005-02-24,18.081449508666992,48.31587219238281,48.38471221923828,47.696311950683594,47.696311950683594,878766
2005-02-25,18.081449508666992,48.31587219238281,48.67974090576172,48.13885498046875,48.13885498046875,3856525
2005-02-28,18.107200622558594,48.38471221923828,48.45355224609375,47.873329162597656,48.28636932373047,335048
2005-03-01,17.838546752929688,47.66680908203125,48.188026428222656,47.37178039550781,48.188026428222656,505824
2005-03-02,17.73550033569336,47.391448974609375,48.05034637451172,47.391448974609375,47.59796905517578,486161
2005-03-03,18.132972717285156,48.45355224609375,48.85675811767578,47.60780334472656,48.089683532714844,767327
2005-03-04,18.364830017089844,49.07311248779297,49.07311248779297,48.650238037109375,48.67974090576172,444341
2005-03-07,18.43843650817871,49.269798278808594,49.40747833251953,49.08294677734375,49.17145538330078,504019
2005-03-08,18.530439376831055,49.515655517578125,49.71234130859375,49.3189697265625,49.368141174316406,456949
2005-03-09,18.328025817871094,48.974769592285156,49.81068420410156,48.77808380126953,49.61399841308594,297067
2005-03-10,18.23233413696289,48.719078063964844,48.82725524902344,48.63056945800781,48.660072326660156,538129
2005-03-11,18.258100509643555,48.78791809082031,48.78791809082031,48.345375061035156,48.728912353515625,345872
2005-03-14,18.144006729125977,48.483055114746094,48.719078063964844,48.38471221923828,48.67974090576172,622768
2005-03-15,18.110885620117188,48.39454650878906,48.650238037109375,48.345375061035156,48.483055114746094,628590
2005-03-16,18.26913833618164,48.817420959472656,48.91576385498047,48.38471221923828,48.39454650878906,421490
2005-03-17,18.224977493286133,48.69940948486328,49.01410675048828,47.99134063720703,48.66990661621094,581762
2005-03-18,18.180810928344727,48.581398010253906,49.07311248779297,48.483055114746094,48.54206085205078,301396
2005-03-21,18.26913833618164,48.817420959472656,48.91576385498047,48.67974090576172,48.67974090576172,330533
2005-03-22,18.180810928344727,48.581398010253906,48.974769592285156,48.28636932373047,48.896095275878906,557656
2005-03-23,17.57356071472168,46.958740234375,48.3748779296875,46.958740234375,48.3748779296875,1107297
2005-03-24,17.371145248413086,46.41785430908203,47.48979187011719,45.87696838378906,46.72271728515625,2078514
2005-03-29,17.301212310791016,46.23100280761719,47.68647766113281,45.975311279296875,46.693214416503906,503143
2005-03-30,17.37850570678711,46.437522888183594,46.437522888183594,45.47376251220703,46.0146484375,490782
2005-03-31,17.676607131958008,47.234100341796875,47.49962615966797,46.70304870605469,47.01774597167969,659617
2005-04-01,17.809101104736328,47.588134765625,47.715980529785156,47.45045471191406,47.696311950683594,454070
2005-04-04,17.51835060119629,46.81122589111328,47.155426025390625,46.56536865234375,47.05708312988281,402256
2005-04-05,17.628761291503906,47.10625457763672,47.20459747314453,46.762054443359375,47.007911682128906,725706
2005-04-06,17.588279724121094,46.998077392578125,47.35211181640625,46.762054443359375,47.302940368652344,540448
2005-04-07,17.628761291503906,47.10625457763672,47.302940368652344,46.66371154785156,47.10625457763672,299241
2005-04-08,17.628761291503906,47.10625457763672,47.25376892089844,46.93907165527344,47.10625457763672,268590
2005-04-11,17.389541625976562,46.46702575683594,47.28327178955078,46.437522888183594,46.958740234375,309915
2005-04-12,17.07671546936035,45.63111114501953,46.31951141357422,45.5426025390625,46.31951141357422,1157857
2005-04-13,17.15032196044922,45.827796936035156,46.41785430908203,45.77862548828125,45.92613983154297,1270347
2005-04-14,16.73812484741211,44.726356506347656,45.434425354003906,44.5985107421875,45.38525390625,1910780
2005-04-15,16.292802810668945,43.536407470703125,44.155967712402344,43.290550231933594,44.155967712402344,1843404
2005-04-18,16.267044067382812,43.467567443847656,43.762596130371094,42.78900146484375,42.78900146484375,1138609
2005-04-19,16.67923927307129,44.569007873535156,44.569007873535156,43.91011047363281,43.94944763183594,1154203
2005-04-20,16.682920455932617,44.57884216308594,45.13939666748047,44.30348205566406,45.13939666748047,680009
2005-04-21,16.487865447998047,44.05762481689453,44.45099639892578,43.75276184082031,43.762596130371094,1060269
2005-04-22,16.863262176513672,45.06072235107422,45.188568115234375,44.47066116333008,44.726356506347656,733639
2005-04-26,16.855894088745117,45.041053771972656,45.670448303222656,44.795196533203125,45.48359680175781,841167
2005-04-27,16.587236404418945,44.323150634765625,44.864036560058594,44.323150634765625,44.84436798095703,836102
2005-04-28,16.635074615478516,44.45099639892578,44.84436798095703,44.30348205566406,44.30348205566406,738631
2005-04-29,16.837495803833008,44.99188232421875,44.99188232421875,44.008453369140625,44.30348205566406,1596941
2005-05-02,16.929502487182617,45.23773956298828,45.23773956298828,44.74602508544922,45.20823669433594,469896
2005-05-03,16.91109848022461,45.188568115234375,45.670448303222656,44.883705139160156,45.434425354003906,1024514
2005-05-04,16.782291412353516,44.84436798095703,45.178733825683594,44.549339294433594,45.178733825683594,712705
2005-05-05,16.638751983642578,44.46083068847656,45.041053771972656,43.91011047363281,44.952545166015625,671654
2005-05-06,17.098796844482422,45.69011688232422,45.69011688232422,44.46083068847656,44.46083068847656,452448
2005-05-09,17.205530166625977,45.975311279296875,46.516197204589844,45.69011688232422,45.699951171875,559896
2005-05-10,16.9442195892334,45.277076721191406,46.526031494140625,44.34281921386719,46.221168518066406,549757
2005-05-11,17.047271728515625,45.55243682861328,45.78845977783203,45.08039093017578,45.277076721191406,500436
2005-05-12,17.352737426757812,46.368682861328125,46.41785430908203,45.513099670410156,45.513099670410156,535372
2005-05-13,17.614046096801758,47.066917419433594,47.34227752685547,46.08348846435547,46.211334228515625,500723
2005-05-16,17.665563583374023,47.20459747314453,47.873329162597656,46.958740234375,47.302940368652344,603691
2005-05-17,18.328025817871094,48.974769592285156,49.07311248779297,47.84382629394531,48.109352111816406,2395729
2005-05-18,18.758621215820312,50.12538146972656,50.695770263671875,49.761512756347656,49.761512756347656,2295256
2005-05-19,18.740224838256836,50.076210021972656,50.49908447265625,49.64350128173828,50.49908447265625,1153782
2005-05-20,18.89847755432129,50.49908447265625,50.79411315917969,50.302398681640625,50.302398681640625,1298634
2005-05-23,18.92060661315918,49.07311248779297,49.64350128173828,48.67974090576172,49.07311248779297,6203955
2005-05-24,19.204980850219727,49.81068420410156,49.918861389160156,49.122283935546875,49.122283935546875,969467
2005-05-25,19.261859893798828,49.95819854736328,50.18438720703125,49.85985565185547,49.997535705566406,450079
2005-05-26,18.985063552856445,49.24029541015625,50.056541442871094,49.17145538330078,50.056541442871094,571018
2005-05-27,19.14810562133789,49.663169860839844,49.87952423095703,49.358306884765625,49.368141174316406,790633
2005-05-30,19.432483673095703,50.40074157714844,50.50891876220703,49.515655517578125,49.77134704589844,431381
2005-05-31,19.09123420715332,49.515655517578125,50.59742736816406,49.515655517578125,50.59742736816406,535904
2005-06-01,19.470407485961914,50.49908447265625,50.64659881591797,49.791015625,49.791015625,496765
2005-06-02,19.906448364257812,51.630027770996094,51.630027770996094,50.843284606933594,50.8924560546875,915390
2005-06-03,20.399370193481445,52.908485412597656,52.908485412597656,51.315330505371094,51.43334197998047,659424
2005-06-06,20.92641258239746,54.27545166015625,54.560646057128906,53.055999755859375,53.055999755859375,1458448
2005-06-07,20.922626495361328,54.26561737060547,55.13103485107422,54.18694305419922,54.472137451171875,739687
2005-06-08,20.778535842895508,53.89191436767578,54.37379455566406,53.64605712890625,54.33445739746094,848277
2005-06-09,20.933996200561523,54.29512023925781,54.33445739746094,53.81324005126953,54.167274475097656,806335
2005-06-10,21.999467849731445,57.058555603027344,57.530601501464844,55.268714904785156,55.327720642089844,1436072
2005-06-14,22.067716598510742,57.235572814941406,59.23193359375,57.235572814941406,58.12065887451172,1399037
2005-06-15,21.840213775634766,56.64551544189453,57.392921447753906,56.350486755371094,56.73402404785156,1269859
2005-06-16,21.885723114013672,56.763526916503906,57.03888702392578,56.54717254638672,56.54717254638672,1542806
2005-06-17,22.257301330566406,57.72728729248047,58.12065887451172,56.79302978515625,56.989715576171875,1000774
2005-06-20,21.870546340942383,56.72418975830078,57.79612731933594,56.72418975830078,57.72728729248047,464164
2005-06-21,21.844009399414062,56.65534973144531,56.94054412841797,56.25214385986328,56.743858337402344,1411220
2005-06-22,22.071510314941406,57.24540710449219,57.43225860595703,56.30131530761719,56.30131530761719,304742
2005-06-23,22.200428009033203,57.57977294921875,57.89447021484375,57.235572814941406,57.235572814941406,472557
2005-06-24,22.071510314941406,57.24540710449219,57.619110107421875,57.03888702392578,57.03888702392578,951362
2005-06-27,22.090463638305664,57.294578552246094,57.74695587158203,57.03888702392578,57.24540710449219,440567
2005-06-28,22.42792320251465,58.169830322265625,58.51403045654297,57.72728729248047,57.82563018798828,389389
2005-06-29,22.77297592163086,59.06475067138672,59.202430725097656,58.799224853515625,58.99591064453125,781213
2005-06-30,22.65543556213379,58.7598876953125,59.69414520263672,58.710716247558594,58.710716247558594,1325036
2005-07-01,22.750221252441406,59.00574493408203,59.00574493408203,58.51403045654297,59.00574493408203,445777
2005-07-04,22.72368049621582,58.93690490722656,59.37944793701172,58.75005340576172,58.99591064453125,320205
2005-07-05,23.011857986450195,59.68431091308594,59.979339599609375,58.99591064453125,59.00574493408203,733299
2005-07-06,23.09148406982422,59.890830993652344,60.284202575683594,59.595802307128906,59.94000244140625,894077
2005-07-07,22.674392700195312,58.809059143066406,60.176025390625,58.61237335205078,60.176025390625,1178093
2005-07-08,22.674392700195312,58.809059143066406,59.25160217285156,58.53369903564453,58.563201904296875,617522
2005-07-11,22.674392700195312,58.809059143066406,59.546630859375,58.651710510253906,58.956573486328125,737028
2005-07-12,22.738849639892578,58.97624206542969,59.202430725097656,58.917236328125,59.00574493408203,449023
2005-07-13,22.9398136138916,59.497459411621094,59.595802307128906,58.85823059082031,59.05491638183594,708325
2005-07-14,23.284854888916016,60.39237976074219,60.48088836669922,59.595802307128906,59.79248809814453,774496
2005-07-15,23.588197708129883,61.17912292480469,61.36597442626953,60.66773986816406,60.66773986816406,889367
2005-07-18,23.99390411376953,62.23139190673828,62.821449279785156,61.41514587402344,61.41514587402344,607956
2005-07-19,23.830862045288086,61.80851745605469,62.103546142578125,61.464317321777344,61.956031799316406,1035686
2005-07-20,23.96356773376465,62.15271759033203,62.408409118652344,61.857688903808594,61.857688903808594,763337
2005-07-21,24.020450592041016,62.30023193359375,63.4803466796875,62.28056335449219,62.93946075439453,1320940
2005-07-22,24.19106674194336,62.742774963378906,63.08697509765625,62.15271759033203,62.15271759033203,943957
2005-07-25,24.11903190612793,62.55592346191406,63.23448944091797,62.55592346191406,63.23448944091797,522926
2005-07-26,23.698152542114258,61.464317321777344,62.742774963378906,61.18895721435547,62.55592346191406,901194
2005-07-27,24.137983322143555,62.60509490966797,62.732940673828125,61.474151611328125,61.474151611328125,629379
2005-07-28,24.270700454711914,62.94929504394531,63.56885528564453,62.15271759033203,63.23448944091797,732011
2005-07-29,23.887731552124023,61.956031799316406,63.09680938720703,61.5921630859375,62.968963623046875,2097585
2005-08-01,23.868776321411133,61.9068603515625,62.349403381347656,61.80851745605469,61.956031799316406,462889
2005-08-02,23.99390411376953,62.23139190673828,62.44774627685547,61.857688903808594,61.857688903808594,809696
2005-08-03,23.546478271484375,61.070945739746094,62.44774627685547,60.98243713378906,62.44774627685547,762904
2005-08-04,23.531309127807617,61.03160858154297,61.74951171875,60.97260284423828,61.12995147705078,442900
2005-08-05,23.167314529418945,60.08751678466797,60.775917053222656,59.753150939941406,60.775917053222656,1075333
2005-08-08,23.375856399536133,60.62840270996094,60.78575134277344,60.08751678466797,60.43171691894531,583230
2005-08-09,23.504776000976562,60.9627685546875,61.090614318847656,60.65790557861328,60.992271423339844,592733
2005-08-10,23.459272384643555,60.844757080078125,60.97260284423828,60.65790557861328,60.923431396484375,471286
2005-08-11,23.751235961914062,61.60199737548828,61.779014587402344,60.697242736816406,60.697242736816406,791623
2005-08-12,24.10007095336914,62.506752014160156,62.732940673828125,61.80851745605469,61.88719177246094,1152163
2005-08-15,24.4185733795166,63.33283233642578,63.49018096923828,62.59526062011719,62.59526062011719,749875
2005-08-16,24.05836296081543,62.39857482910156,63.450843811035156,62.192054748535156,63.40167236328125,774862
2005-08-17,24.05836296081543,62.39857482910156,62.742774963378906,61.956031799316406,62.742774963378906,578913
2005-08-18,23.819490432739258,61.779014587402344,62.44774627685547,61.65116882324219,62.44774627685547,569986
2005-08-19,23.887731552124023,61.956031799316406,62.28056335449219,61.66100311279297,61.779014587402344,444481
2005-08-22,23.98253059387207,62.20188903808594,62.59526062011719,62.113380432128906,62.15271759033203,264907
2005-08-23,23.937030792236328,62.08387756347656,62.496917724609375,62.034706115722656,62.349403381347656,370601
2005-08-24,23.622312545776367,61.26763153076172,62.08387756347656,61.03160858154297,62.064208984375,702131
2005-08-25,23.773988723754883,61.66100311279297,61.9068603515625,61.26763153076172,61.26763153076172,441930
2005-08-26,23.902904510498047,61.99536895751953,62.07404327392578,61.74951171875,61.76918029785156,4714296
2005-08-29,23.394813537597656,60.677574157714844,61.857688903808594,60.47105407714844,61.76918029785156,673982
2005-08-30,23.74365234375,61.58232879638672,61.66100311279297,61.03160858154297,61.03160858154297,337219
2005-08-31,23.933231353759766,62.07404327392578,62.36907196044922,61.69050598144531,61.69050598144531,617663
2005-09-01,24.797744750976562,64.3162612915039,64.80797576904297,62.76244354248047,62.93946075439453,1175428
2005-09-02,24.957000732421875,64.72930145263672,65.28985595703125,64.09990692138672,65.0046615600586,717011
2005-09-05,24.82428741455078,64.38510131835938,64.90631866455078,63.991729736328125,64.90631866455078,289607
2005-09-06,24.953203201293945,64.71946716308594,65.44720458984375,64.3162612915039,64.61128997802734,512190
2005-09-07,24.835657119750977,64.41460418701172,65.20134735107422,64.26708984375,64.91615295410156,424611
2005-09-08,24.691574096679688,64.04090118408203,64.62112426757812,63.78520965576172,64.51294708251953,529168
2005-09-09,24.34653091430664,63.14598083496094,64.04090118408203,62.76244354248047,63.97206115722656,636653
2005-09-12,24.342742919921875,63.136146545410156,63.62786102294922,62.959129333496094,63.56885528564453,319272
2005-09-13,24.809118270874023,64.34576416015625,64.41460418701172,62.93946075439453,63.25415802001953,584837
2005-09-14,24.94562339782715,64.69979858398438,64.90631866455078,63.94255828857422,64.34576416015625,462457
2005-09-15,24.801546096801758,64.32609558105469,64.91615295410156,64.16874694824219,64.16874694824219,1221565
2005-09-16,25.02524757385254,64.90631866455078,65.08333587646484,64.41460418701172,64.88665008544922,565238
2005-09-19,25.38545799255371,65.840576171875,66.13560485839844,64.99482727050781,65.0046615600586,616788
2005-09-20,26.04522705078125,67.55174255371094,67.73859405517578,66.03726196289062,66.08643341064453,698450
2005-09-21,26.01866912841797,67.48290252685547,68.21063995361328,66.68632507324219,67.3648910522461,623353
2005-09-22,26.276514053344727,68.1516342163086,68.44666290283203,67.4632339477539,67.4632339477539,623016
2005-09-23,26.568466186523438,68.90887451171875,68.90887451171875,68.1516342163086,68.16146850585938,554111
2005-09-26,28.07378387451172,72.8130874633789,72.86225891113281,69.616943359375,69.62677764892578,1469263
2005-09-27,28.30128288269043,73.40314483642578,76.93365478515625,73.27529907226562,73.72767639160156,1463594
2005-09-28,29.08237075805664,75.42900848388672,75.42900848388672,72.94093322753906,74.24889373779297,852527
2005-09-29,29.36674690246582,76.16658020019531,76.66812896728516,74.83895111083984,75.62569427490234,589845
2005-09-30,28.57048988342285,74.10137939453125,76.70746612548828,74.10137939453125,76.1174087524414,2232254
2005-10-03,28.536361694335938,74.01287078857422,75.76337432861328,73.26546478271484,74.10137939453125,558317
2005-10-04,28.540149688720703,74.022705078125,74.74060821533203,73.78668212890625,73.78668212890625,401755
2005-10-05,27.372312545776367,70.99374389648438,74.09154510498047,70.5118637084961,74.05220794677734,1131005
2005-10-06,26.162763595581055,67.85660552978516,69.57760620117188,66.9911880493164,68.84003448486328,1996666
2005-10-07,26.12484359741211,67.75826263427734,68.8302001953125,66.6764907836914,68.34832000732422,1410039
2005-10-10,26.54572105407715,68.84986877441406,69.62677764892578,67.75826263427734,67.75826263427734,881477
2005-10-11,26.181718826293945,67.90577697753906,68.84003448486328,67.84677124023438,68.79086303710938,817597
2005-10-12,26.12484359741211,67.75826263427734,68.44666290283203,67.61074829101562,68.10246276855469,548660
2005-10-13,25.612960815429688,66.43063354492188,67.51240539550781,65.98809051513672,67.51240539550781,525629
2005-10-14,24.9114990234375,64.61128997802734,66.18477630615234,64.07040405273438,65.92908477783203,1133864
2005-10-17,23.792943954467773,61.710174560546875,65.29969024658203,61.51348876953125,65.0046615600586,2125266
2005-10-18,24.99490737915039,64.82764434814453,65.40786743164062,62.84111785888672,62.93946075439453,2034482
2005-10-19,24.081111907958984,62.45758056640625,64.36543273925781,61.867523193359375,64.36543273925781,1267719
2005-10-20,24.043201446533203,62.35923767089844,65.32919311523438,61.857688903808594,64.95549011230469,1242557
2005-10-21,23.66023826599121,61.36597442626953,61.36597442626953,60.3333740234375,60.95293426513672,1299235
2005-10-24,24.145572662353516,62.62476348876953,62.62476348876953,60.87425994873047,60.97260284423828,1422438
2005-10-25,24.70294952392578,64.07040405273438,64.80797576904297,63.73603820800781,64.04090118408203,915281
2005-10-26,24.797744750976562,64.3162612915039,64.896484375,63.49018096923828,64.86698150634766,787715
2005-10-27,24.76741600036621,64.23758697509766,64.75880432128906,63.85404968261719,64.75880432128906,871801
2005-10-28,24.077320098876953,62.44774627685547,64.01139831542969,61.956031799316406,63.214820861816406,4044632
2005-10-31,24.520954132080078,63.598358154296875,64.8473129272461,63.08697509765625,64.2179183959961,723672
2005-11-01,24.93045997619629,64.66046142578125,64.69979858398438,63.598358154296875,63.922889709472656,374998
2005-11-02,24.835657119750977,64.41460418701172,65.69306182861328,64.16874694824219,64.66046142578125,544283
2005-11-03,25.101083755493164,65.1030044555664,65.45703887939453,64.95549011230469,65.34886169433594,436710
2005-11-04,25.480249404907227,66.08643341064453,66.08643341064453,65.29969024658203,65.33902740478516,731441
2005-11-07,25.575044631958008,66.33229064941406,67.21737670898438,65.71273040771484,66.82400512695312,701118
2005-11-08,25.92388153076172,67.23704528808594,67.23704528808594,66.44046783447266,66.87317657470703,673543
2005-11-09,25.5864200592041,66.3617935180664,67.51240539550781,66.25361633300781,67.51240539550781,500443
2005-11-10,25.908714294433594,67.19770812988281,67.35505676269531,66.55847930908203,66.82400512695312,467430
2005-11-11,26.54192352294922,68.84003448486328,69.23340606689453,67.8861083984375,67.8861083984375,627330
2005-11-14,26.50401496887207,68.74169158935547,69.7251205444336,68.29914855957031,69.7251205444336,1032980
2005-11-15,25.973169326782227,67.3648910522461,69.52843475341797,66.9420166015625,68.59417724609375,1670435
2005-11-16,26.52297019958496,68.79086303710938,68.8793716430664,67.3648910522461,67.3648910522461,791285
2005-11-17,26.731517791748047,69.33174896240234,69.52843475341797,68.84003448486328,68.84003448486328,539735
2005-11-18,27.26235008239746,70.70854949951172,70.70854949951172,69.47926330566406,69.47926330566406,748124
2005-11-21,27.02777099609375,69.15473175048828,70.80689239501953,69.15473175048828,70.15782928466797,4886318
2005-11-22,26.39742660522461,67.54190826416016,69.70545196533203,67.24687957763672,69.28257751464844,1088530
2005-11-23,26.55116844177246,67.9352798461914,68.39749145507812,67.55174255371094,68.34832000732422,943222
2005-11-24,26.27058982849121,67.21737670898438,67.80743408203125,67.06986236572266,67.3648910522461,1048255
2005-11-25,26.21294403076172,67.06986236572266,67.73859405517578,66.97151947021484,67.4140625,996395
2005-11-28,26.14760398864746,66.90267944335938,67.68942260742188,66.53881072998047,67.42389678955078,489720
2005-11-29,25.867023468017578,66.18477630615234,66.90267944335938,65.49637603759766,66.88301086425781,887136
2005-11-30,26.066869735717773,66.69615936279297,67.54190826416016,66.47980499267578,66.87317657470703,1178885
2005-12-01,25.770936965942383,65.93891906738281,66.44046783447266,65.74223327636719,66.11593627929688,623515
2005-12-02,25.943889617919922,66.38146209716797,66.87317657470703,66.06676483154297,66.59781646728516,592942
2005-12-05,26.178340911865234,66.98135375976562,67.02069091796875,66.38146209716797,66.38146209716797,469572
2005-12-06,26.0438289642334,66.63715362548828,67.24687957763672,66.47980499267578,66.98135375976562,683601
2005-12-07,26.25520896911621,67.17803955078125,67.17803955078125,66.77483367919922,66.77483367919922,429251
2005-12-08,26.182186126708984,66.9911880493164,67.08953094482422,66.77483367919922,66.77483367919922,710070
2005-12-09,26.21294403076172,67.06986236572266,67.28621673583984,66.78466796875,66.87317657470703,523475
2005-12-12,25.732492446899414,65.840576171875,67.02069091796875,65.59471893310547,66.90267944335938,1367921
2005-12-13,25.386577606201172,64.95549011230469,65.82090759277344,64.82764434814453,65.82090759277344,1686751
2005-12-14,25.751707077026367,65.8897476196289,66.06676483154297,65.25051879882812,65.34886169433594,881657
2005-12-15,26.097618103027344,66.77483367919922,66.92234802246094,66.43063354492188,66.88301086425781,1100560
2005-12-16,25.867023468017578,66.18477630615234,67.26654815673828,66.08643341064453,66.75516510009766,785969
2005-12-19,25.99770164489746,66.5191421508789,67.1485366821289,66.37162780761719,66.92234802246094,657982
2005-12-20,25.828577041625977,66.08643341064453,66.76499938964844,65.69306182861328,66.76499938964844,501262
2005-12-21,26.06303596496582,66.68632507324219,66.86334228515625,66.53881072998047,66.6273193359375,530199
2005-12-22,25.98232078552246,66.47980499267578,66.98135375976562,66.469970703125,66.82400512695312,474397
2005-12-23,25.947736740112305,66.39129638671875,66.81417083740234,66.13560485839844,66.5781478881836,537543
2005-12-28,26.074562072753906,66.71582794189453,66.76499938964844,66.08643341064453,66.6273193359375,257919
2005-12-29,26.136066436767578,66.87317657470703,66.98135375976562,66.6764907836914,66.87317657470703,235952
2005-12-30,26.193716049194336,67.02069091796875,67.099365234375,66.77483367919922,66.9911880493164,182914
2006-01-03,26.013071060180664,66.55847930908203,66.87317657470703,66.33229064941406,66.87317657470703,148133
2006-01-04,25.828577041625977,66.08643341064453,66.84367370605469,65.96842193603516,66.84367370605469,683765
2006-01-05,26.02460289001465,66.58798217773438,66.85350799560547,66.28311920166016,66.5191421508789,399353
2006-01-06,26.013071060180664,66.55847930908203,66.85350799560547,66.55847930908203,66.6764907836914,560497
2006-01-09,25.955415725708008,66.41096496582031,66.8338394165039,66.40113067626953,66.8338394165039,492848
2006-01-10,26.02460289001465,66.58798217773438,66.97151947021484,66.34212493896484,66.52897644042969,608286
2006-01-11,25.90545082092285,66.28311920166016,66.69615936279297,66.28311920166016,66.38146209716797,550975
2006-01-12,26.366682052612305,67.4632339477539,67.4632339477539,66.43063354492188,66.8338394165039,808684
2006-01-13,26.39742660522461,67.54190826416016,67.81726837158203,67.06002807617188,67.51240539550781,807708
2006-01-16,26.774097442626953,68.50566864013672,68.53517150878906,67.75826263427734,68.34832000732422,569284
2006-01-17,27.28912925720215,69.8234634399414,69.87263488769531,68.84986877441406,68.94821166992188,1071833
2006-01-18,27.02777099609375,69.15473175048828,69.616943359375,68.80069732666016,69.34158325195312,1401628
2006-01-19,27.350629806518555,69.9808120727539,70.31517791748047,68.82036590576172,69.26290893554688,816190
2006-01-20,27.231473922729492,69.67594909667969,70.26600646972656,69.33174896240234,70.02014923095703,682496
2006-01-23,26.712596893310547,68.34832000732422,68.84003448486328,68.1516342163086,68.44666290283203,948458
2006-01-24,26.37436294555664,67.48290252685547,68.54500579833984,67.16820526123047,68.34832000732422,967484
2006-01-25,26.309022903442383,67.31571960449219,67.84677124023438,67.00102233886719,67.49273681640625,1156033
2006-01-27,26.443544387817383,67.65991973876953,67.8369369506836,67.3648910522461,67.80743408203125,1841253
2006-01-30,26.478137969970703,67.74842834472656,68.03362274169922,67.74842834472656,68.00411987304688,506192
2006-01-31,26.282121658325195,67.24687957763672,68.2008056640625,67.17803955078125,68.2008056640625,1078237
2006-02-01,24.387252807617188,62.39857482910156,65.28985595703125,62.30023193359375,64.61128997802734,4558876
2006-02-02,24.214290618896484,61.956031799316406,63.57868957519531,61.75934600830078,63.431175231933594,3622953
2006-02-03,23.637765884399414,60.48088836669922,61.956031799316406,60.23503112792969,61.956031799316406,3021456
2006-02-06,24.425687789916992,62.496917724609375,62.84111785888672,60.08751678466797,60.72674560546875,1833223
2006-02-07,24.483348846435547,62.644432067871094,63.08697509765625,62.39857482910156,63.08697509765625,1200968
2006-02-08,24.075927734375,61.60199737548828,62.29039764404297,61.26763153076172,62.260894775390625,1409736
2006-02-09,24.40263557434082,62.43791198730469,62.43791198730469,61.720008850097656,61.96586608886719,891594
2006-02-10,24.786983489990234,63.42134094238281,63.56885528564453,62.93946075439453,62.94929504394531,1560377
2006-02-13,24.541004180908203,62.79194641113281,63.55902099609375,62.46741485595703,63.431175231933594,630651
2006-02-14,24.145116806030273,61.779014587402344,62.91979217529297,61.10044860839844,62.103546142578125,1722540
2006-02-15,23.79150390625,60.87425994873047,62.064208984375,60.87425994873047,61.96586608886719,1201224
2006-02-16,23.003576278686523,58.85823059082031,60.48088836669922,58.58287048339844,60.284202575683594,2628251
2006-02-17,22.899810791015625,58.59270477294922,59.576133728027344,58.553367614746094,59.47779083251953,1472361
2006-02-20,22.934396743774414,58.68121337890625,59.15325927734375,58.159996032714844,58.956573486328125,1050747
2006-02-21,23.972150802612305,61.33647155761719,61.33647155761719,59.30077362060547,59.30077362060547,1365825
2006-02-22,24.34882354736328,62.30023193359375,62.575592041015625,61.58232879638672,61.946197509765625,1566472
2006-02-23,24.448753356933594,62.55592346191406,63.136146545410156,62.270729064941406,63.136146545410156,1369544
2006-02-24,24.09899139404297,61.66100311279297,62.20188903808594,61.36597442626953,62.20188903808594,3053970
2006-02-27,23.983688354492188,61.36597442626953,61.98553466796875,60.923431396484375,61.464317321777344,1519322
2006-02-28,24.687053680419922,63.1656494140625,63.41150665283203,60.90376281738281,61.05127716064453,977707
2006-03-01,23.695417404174805,60.62840270996094,62.45758056640625,60.530059814453125,62.349403381347656,1705555
2006-03-02,23.695417404174805,60.62840270996094,61.159454345703125,60.294036865234375,61.070945739746094,1154087
2006-03-03,23.73386573791504,60.72674560546875,61.36597442626953,60.57923126220703,60.57923126220703,520698
2006-03-06,23.376401901245117,59.812156677246094,60.72674560546875,59.349945068359375,60.72674560546875,1185344
2006-03-07,22.984365463256836,58.809059143066406,59.15325927734375,58.553367614746094,59.15325927734375,1725936
2006-03-08,22.600011825561523,57.82563018798828,58.7598876953125,57.80596160888672,58.641876220703125,1811480
2006-03-09,23.19575309753418,59.349945068359375,59.349945068359375,57.058555603027344,57.82563018798828,1654003
2006-03-10,23.7838191986084,60.854591369628906,60.90376281738281,59.37944793701172,59.507293701171875,1446713
2006-03-13,24.00290298461914,61.41514587402344,61.867523193359375,61.169288635253906,61.169288635253906,535562
2006-03-14,23.695417404174805,60.62840270996094,61.21846008300781,60.382545471191406,61.21846008300781,620895
2006-03-15,23.906818389892578,61.169288635253906,61.57249450683594,60.47105407714844,60.87425994873047,1018173
2006-03-16,23.960622787475586,61.306968688964844,61.61183166503906,60.9627685546875,61.61183166503906,1100232
2006-03-17,23.65313720703125,60.520225524902344,61.51348876953125,60.43171691894531,61.464317321777344,864192
2006-03-20,23.829944610595703,60.97260284423828,61.228294372558594,60.78575134277344,60.97260284423828,591038
2006-03-21,23.714632034301758,60.677574157714844,60.913597106933594,60.441551208496094,60.81525421142578,530006
2006-03-22,23.633922576904297,60.47105407714844,60.62840270996094,60.215362548828125,60.48088836669922,595629
2006-03-23,23.79150390625,60.87425994873047,60.9627685546875,60.461219787597656,60.48088836669922,1492461
2006-03-24,23.676197052001953,60.57923126220703,60.97260284423828,60.40221405029297,60.97260284423828,706976
2006-03-27,24.660144805908203,63.09680938720703,63.09680938720703,60.97260284423828,60.97260284423828,1753408
2006-03-28,24.883075714111328,63.667198181152344,63.88355255126953,63.08697509765625,63.09680938720703,1224463
2006-03-29,24.829267501831055,63.529518127441406,63.53935241699219,62.693603515625,63.23448944091797,833564
2006-03-30,24.983003616333008,63.922889709472656,64.4736099243164,63.88355255126953,63.94255828857422,1061149
2006-03-31,24.86001205444336,63.608192443847656,64.40476989746094,62.86078643798828,63.922889709472656,2137505
2006-04-03,24.963783264160156,63.87371826171875,63.87371826171875,63.33283233642578,63.33283233642578,470194
2006-04-04,25.386577606201172,64.95549011230469,65.49637603759766,64.20808410644531,64.2179183959961,1116995
2006-04-05,26.0438289642334,66.63715362548828,66.63715362548828,64.90631866455078,64.95549011230469,1378991
2006-04-06,26.52042579650879,67.85660552978516,67.90577697753906,66.64698791503906,67.26654815673828,1700556
2006-04-07,26.52042579650879,67.85660552978516,68.50566864013672,67.40422821044922,68.44666290283203,2315317
2006-04-10,26.432018280029297,67.63041687011719,68.05329132080078,67.34522247314453,67.56157684326172,1081759
2006-04-11,26.52042579650879,67.85660552978516,68.2499771118164,67.48290252685547,67.80743408203125,833930
2006-04-12,26.193716049194336,67.02069091796875,67.56157684326172,66.97151947021484,67.56157684326172,1341528
2006-04-13,26.005386352539062,66.53881072998047,67.17803955078125,66.40113067626953,67.02069091796875,690161
2006-04-18,26.170652389526367,66.96168518066406,67.15837097167969,66.55847930908203,66.55847930908203,670038
2006-04-19,26.52042579650879,67.85660552978516,68.00411987304688,67.3648910522461,67.65991973876953,1189444
2006-04-20,26.52042579650879,67.85660552978516,68.05329132080078,67.56157684326172,67.85660552978516,473518
2006-04-21,26.52042579650879,67.85660552978516,68.19097137451172,67.5714111328125,67.84677124023438,417495
2006-04-24,26.820219039916992,68.6236801147461,68.7220230102539,67.75826263427734,68.10246276855469,514287
2006-04-26,27.096952438354492,69.33174896240234,69.73495483398438,68.75152587890625,68.84003448486328,904504
2006-04-27,27.339096069335938,69.95130920410156,70.36434936523438,69.33174896240234,69.33174896240234,1202519
2006-04-28,27.44286346435547,70.21683502197266,70.30534362792969,69.52843475341797,69.92180633544922,1567886
2006-05-01,27.085426330566406,69.30224609375,70.78722381591797,69.18423461914062,70.65937805175781,1243796
2006-05-02,26.79331398010254,68.55484008789062,69.8234634399414,68.33848571777344,68.84003448486328,661518
2006-05-03,26.904767990112305,68.84003448486328,69.0367202758789,67.90577697753906,69.0367202758789,292863
2006-05-04,26.71643829345703,68.358154296875,68.9383773803711,68.34832000732422,68.84003448486328,572245
2006-05-05,27.13538932800293,69.43009185791016,69.71528625488281,68.84003448486328,68.84003448486328,545602
2006-05-08,27.28912925720215,69.8234634399414,70.31517791748047,69.23340606689453,69.92180633544922,566746
2006-05-09,26.966262817382812,68.99738311767578,69.80379486083984,68.39749145507812,69.0957260131836,811465
2006-05-10,27.25068473815918,69.7251205444336,70.27584075927734,69.43009185791016,69.8234634399414,512194
2006-05-11,27.139238357543945,69.43992614746094,70.0398178100586,69.10556030273438,69.73495483398438,527376
2006-05-12,27.046977996826172,69.20390319824219,69.43009185791016,68.69252014160156,68.69252014160156,491787
2006-05-15,26.770263671875,68.49583435058594,68.9383773803711,67.86643981933594,67.90577697753906,1022037
2006-05-16,26.770263671875,68.49583435058594,68.49583435058594,68.49583435058594,68.49583435058594,0
2006-05-17,26.589601516723633,68.03362274169922,68.1516342163086,66.81417083740234,66.86334228515625,1784077
2006-05-18,26.151437759399414,66.91251373291016,67.4632339477539,66.08643341064453,66.87317657470703,2693911
2006-05-19,26.136066436767578,66.87317657470703,67.89594268798828,66.87317657470703,67.31571960449219,1570651
2006-05-22,25.29172706604004,63.431175231933594,66.19461059570312,63.431175231933594,65.64389038085938,3558744
2006-05-23,24.840795516967773,62.30023193359375,63.65736389160156,62.21172332763672,63.136146545410156,2505176
2006-05-24,25.154489517211914,63.08697509765625,63.362335205078125,62.349403381347656,62.93946075439453,2360986
2006-05-25,25.095672607421875,62.93946075439453,63.56885528564453,62.742774963378906,62.98863220214844,959279
2006-05-26,25.762277603149414,64.61128997802734,65.1030044555664,63.598358154296875,64.08023834228516,2910712
2006-05-29,25.840700149536133,64.80797576904297,65.24068450927734,64.67029571533203,64.95549011230469,712167
2006-05-30,25.840700149536133,64.80797576904297,64.81781005859375,64.41460418701172,64.80797576904297,521144
2006-05-31,25.091753005981445,62.92962646484375,64.41460418701172,62.92962646484375,64.41460418701172,924603
2006-06-01,25.409372329711914,63.72620391845703,63.87371826171875,63.441009521484375,63.519683837890625,871426
2006-06-02,25.585817337036133,64.16874694824219,64.46377563476562,63.677032470703125,63.913055419921875,710088
2006-06-05,26.16223907470703,65.61438751220703,65.61438751220703,64.20808410644531,64.66046142578125,595310
2006-06-06,25.683855056762695,64.41460418701172,64.896484375,64.16874694824219,64.3162612915039,949402
2006-06-07,25.723060607910156,64.51294708251953,64.81781005859375,64.2179183959961,64.70963287353516,674615
2006-06-08,24.62512969970703,61.75934600830078,64.43427276611328,61.75934600830078,64.41460418701172,1118652
2006-06-09,25.232913970947266,63.283660888671875,63.431175231933594,61.946197509765625,61.946197509765625,942532
2006-06-13,23.919309616088867,59.989173889160156,62.92962646484375,59.989173889160156,62.693603515625,1022701
2006-06-14,24.703556060791016,61.956031799316406,62.39857482910156,59.104087829589844,59.24176788330078,2433049
2006-06-15,24.79374122619629,62.182220458984375,62.496917724609375,61.75934600830078,62.44774627685547,2464256
2006-06-16,25.879913330078125,64.90631866455078,65.29969024658203,63.18531799316406,63.23448944091797,1471615
2006-06-19,25.507400512695312,63.97206115722656,64.70963287353516,63.77537536621094,64.41460418701172,685036
2006-06-20,25.507400512695312,63.97206115722656,64.80797576904297,63.441009521484375,64.3162612915039,945196
2006-06-21,25.801488876342773,64.70963287353516,65.44720458984375,63.80487823486328,64.36543273925781,1054285
2006-06-22,26.88374137878418,67.42389678955078,67.42389678955078,64.80797576904297,65.37836456298828,1619855
2006-06-23,26.554363250732422,66.59781646728516,67.06002807617188,65.98809051513672,66.87317657470703,879180
2006-06-26,27.017061233520508,67.75826263427734,67.75826263427734,66.09626770019531,66.59781646728516,609404
2006-06-27,27.158226013183594,68.11229705810547,68.64334869384766,67.65991973876953,68.13196563720703,1054679
2006-06-28,26.683753967285156,66.92234802246094,67.76809692382812,66.5781478881836,67.76809692382812,792375
2006-06-29,27.389570236206055,68.69252014160156,68.69252014160156,67.38455963134766,67.75826263427734,664669
2006-06-30,27.0562744140625,67.85660552978516,69.28257751464844,67.3648910522461,69.28257751464844,3004138
2006-07-03,27.307228088378906,68.48600006103516,68.48600006103516,66.97151947021484,67.3648910522461,968346
2006-07-04,27.0562744140625,67.85660552978516,68.84003448486328,67.61074829101562,68.79086303710938,859984
2006-07-05,26.942562103271484,67.5714111328125,68.27947998046875,67.4140625,67.61074829101562,354381
2006-07-06,26.405344009399414,66.22411346435547,66.87317657470703,65.53571319580078,66.87317657470703,1237240
2006-07-07,26.46025276184082,66.3617935180664,66.66665649414062,66.2044448852539,66.22411346435547,473725
2006-07-10,26.671995162963867,66.8928451538086,67.13870239257812,65.97825622558594,66.17494201660156,360532
2006-07-11,26.475934982299805,66.40113067626953,66.78466796875,65.93891906738281,66.6764907836914,455658
2006-07-12,26.722959518432617,67.02069091796875,67.50257110595703,66.58798217773438,66.77483367919922,562520
2006-07-13,26.487695693969727,66.43063354492188,66.78466796875,66.2044448852539,66.77483367919922,809534
2006-07-14,25.581905364990234,64.1589126586914,65.54554748535156,64.1589126586914,65.54554748535156,895504
2006-07-17,25.095672607421875,62.93946075439453,64.07040405273438,62.21172332763672,63.922889709472656,900822
2006-07-18,25.19370460510254,63.18531799316406,63.64752960205078,62.496917724609375,62.959129333496094,1164175
2006-07-19,24.632970809936523,61.779014587402344,63.72620391845703,61.75934600830078,63.72620391845703,976491
2006-07-20,24.6839542388916,61.9068603515625,62.76244354248047,61.316802978515625,62.43791198730469,1562241
2006-07-21,24.056562423706055,60.3333740234375,61.36597442626953,60.3333740234375,60.97260284423828,1810728
2006-07-24,24.448678970336914,61.316802978515625,61.857688903808594,59.87116241455078,60.47105407714844,981620
2006-07-25,24.703556060791016,61.956031799316406,62.742774963378906,61.385643005371094,62.44774627685547,1280880
2006-07-26,23.848730087280273,59.812156677246094,61.97570037841797,59.79248809814453,61.956031799316406,1472624
2006-07-27,24.546707153320312,61.562660217285156,61.83802032470703,59.60563659667969,59.812156677246094,1281803
2006-07-28,23.97813606262207,60.136688232421875,61.562660217285156,59.99900817871094,61.552825927734375,1613523
2006-07-31,24.25261878967285,60.82508850097656,61.67083740234375,60.57923126220703,61.070945739746094,1882746
2006-08-01,24.370248794555664,61.1201171875,61.552825927734375,60.90376281738281,60.97260284423828,568477
2006-08-02,24.017337799072266,60.23503112792969,60.66773986816406,60.02851104736328,60.57923126220703,1010029
2006-08-03,23.950679779052734,60.067848205566406,60.775917053222656,59.743316650390625,60.48088836669922,1399295
2006-08-04,23.605619430541992,59.202430725097656,59.93016815185547,58.82872772216797,59.69414520263672,1056462
2006-08-07,23.723249435424805,59.497459411621094,60.176025390625,59.25160217285156,59.48762512207031,575061
2006-08-08,24.111446380615234,60.47105407714844,60.81525421142578,59.47779083251953,59.890830993652344,1339544
2006-08-09,23.762466430664062,59.595802307128906,60.136688232421875,59.261436462402344,60.09735107421875,1099362
2006-08-10,23.44093132019043,58.789390563964844,59.47779083251953,58.68121337890625,59.16309356689453,1447781
2006-08-11,23.378190994262695,58.632041931152344,58.789390563964844,58.317344665527344,58.74021911621094,1470382
2006-08-14,23.68404769897461,59.39911651611328,59.595802307128906,58.317344665527344,58.317344665527344,647289
2006-08-15,23.605619430541992,59.202430725097656,60.294036865234375,59.00574493408203,60.284202575683594,656302
2006-08-16,23.57032585144043,59.113922119140625,59.93016815185547,59.113922119140625,59.497459411621094,1528265
2006-08-17,23.89971351623535,59.94000244140625,60.176025390625,59.25160217285156,59.64497375488281,1467916
2006-08-18,24.107526779174805,60.461219787597656,60.72674560546875,59.890830993652344,60.07768249511719,1019223
2006-08-21,24.307512283325195,60.9627685546875,61.149620056152344,60.461219787597656,60.81525421142578,672611
2006-08-22,24.27222442626953,60.87425994873047,60.97260284423828,60.58906555175781,60.97260284423828,642574
2006-08-23,24.51141929626465,61.474151611328125,61.562660217285156,60.51039123535156,61.02177429199219,654711
2006-08-24,24.6839542388916,61.9068603515625,62.329734802246094,61.83802032470703,61.956031799316406,2772255
2006-08-25,24.84471893310547,62.31006622314453,62.644432067871094,60.97260284423828,61.080780029296875,2402883
2006-08-28,25.056467056274414,62.84111785888672,62.98863220214844,62.35923767089844,62.35923767089844,841075
2006-08-29,25.19370460510254,63.18531799316406,63.677032470703125,62.76244354248047,62.93946075439453,698951
2006-08-30,25.295654296875,63.441009521484375,63.77537536621094,63.23448944091797,63.33283233642578,929892
2006-08-31,25.409372329711914,63.72620391845703,63.7950439453125,63.57868957519531,63.77537536621094,854654
2006-09-01,25.56621742248535,64.11957550048828,64.26708984375,63.62786102294922,63.72620391845703,1077476
2006-09-04,25.56621742248535,64.11957550048828,64.39493560791016,63.78520965576172,64.16874694824219,304240
2006-09-05,25.672086715698242,64.38510131835938,64.41460418701172,63.922889709472656,64.11957550048828,340894
2006-09-06,25.44857406616211,63.824546813964844,64.65062713623047,63.53935241699219,64.51294708251953,647788
2006-09-07,24.970191955566406,62.62476348876953,63.431175231933594,62.46741485595703,63.431175231933594,1159533
2006-09-08,25.134883880615234,63.037803649902344,63.81471252441406,61.956031799316406,62.496917724609375,563933
2006-09-11,24.789813995361328,62.172386169433594,63.431175231933594,62.07404327392578,63.431175231933594,541502
2006-09-12,24.574155807495117,61.631500244140625,62.251060485839844,60.97260284423828,62.15271759033203,993209
2006-09-13,24.860401153564453,62.349403381347656,63.08697509765625,62.04454040527344,62.251060485839844,731404
2006-09-14,24.958423614501953,62.59526062011719,63.42134094238281,62.51658630371094,62.93946075439453,733970
2006-09-15,24.919221878051758,62.496917724609375,63.037803649902344,61.641334533691406,63.037803649902344,706789
2006-09-18,25.056467056274414,62.84111785888672,62.92962646484375,62.55592346191406,62.742774963378906,772688
2006-09-19,25.295654296875,63.441009521484375,63.55902099609375,63.10664367675781,63.18531799316406,745207
2006-09-20,25.6171932220459,64.24742126464844,64.54244995117188,63.677032470703125,64.17858123779297,1405050
2006-09-21,26.472017288208008,66.39129638671875,66.43063354492188,64.90631866455078,65.15217590332031,2442769
2006-09-22,26.63669776916504,66.80433654785156,66.87317657470703,65.93891906738281,66.28311920166016,1273363
2006-09-25,26.503387451171875,66.469970703125,66.86334228515625,65.64389038085938,66.77483367919922,616518
2006-09-26,26.581806182861328,66.66665649414062,66.95185089111328,66.18477630615234,66.63715362548828,774099
2006-09-27,27.036663055419922,67.80743408203125,67.85660552978516,66.91251373291016,66.91251373291016,1266413
2006-09-28,26.793546676635742,67.19770812988281,67.90577697753906,67.19770812988281,67.85660552978516,484090
2006-09-29,27.115089416503906,68.00411987304688,68.00411987304688,67.37472534179688,67.37472534179688,1568031
2006-10-02,27.22096061706543,68.26964569091797,68.7220230102539,67.84677124023438,68.00411987304688,532447
2006-10-03,27.26801300048828,68.38765716552734,68.74169158935547,67.65991973876953,68.54500579833984,581518
2006-10-04,27.064115524291992,67.87627410888672,68.48600006103516,67.87627410888672,68.2499771118164,862580
2006-10-05,27.33076286315918,68.54500579833984,68.79086303710938,68.2008056640625,68.44666290283203,910185
2006-10-06,27.27193832397461,68.39749145507812,68.49583435058594,68.1516342163086,68.34832000732422,615336
2006-10-09,27.13469696044922,68.05329132080078,68.63351440429688,67.86643981933594,68.10246276855469,780914
2006-10-10,27.405263900756836,68.73185729980469,68.84003448486328,68.54500579833984,68.59417724609375,1241131
2006-10-11,27.440561294555664,68.82036590576172,68.9383773803711,68.71218872070312,68.9383773803711,1033432
2006-10-12,27.605234146118164,69.23340606689453,69.43009185791016,68.84986877441406,68.9383773803711,1242889
2006-10-13,27.836589813232422,69.81362915039062,69.95130920410156,69.42025756835938,69.47926330566406,1522699
2006-10-16,27.644454956054688,69.33174896240234,70.5118637084961,69.1940689086914,70.28567504882812,1118007
2006-10-17,27.860116958618164,69.87263488769531,70.36434936523438,69.43992614746094,70.06932067871094,1174696
2006-10-18,28.03657341003418,70.31517791748047,70.875732421875,69.96114349365234,70.09882354736328,1436757
2006-10-19,28.03657341003418,70.31517791748047,71.00357818603516,70.11849212646484,71.00357818603516,928097
2006-10-20,28.699254989624023,71.9771728515625,72.20336151123047,70.75772094726562,70.79705810546875,3049579
2006-10-23,29.095294952392578,72.9704360961914,73.61949920654297,72.23286437988281,72.38037872314453,809975
2006-10-24,29.060001373291016,72.88192749023438,74.4947509765625,72.8720932006836,74.4947509765625,1241193
2006-10-25,28.977657318115234,72.67540740966797,73.54082489013672,71.79032135009766,73.46215057373047,566986
2006-10-26,28.95806312561035,72.62623596191406,73.06877899169922,72.47872161865234,72.77375030517578,583839
2006-10-27,28.86395263671875,72.39021301269531,73.14745330810547,72.1836929321289,72.78358459472656,1936391
2006-10-30,29.095294952392578,72.9704360961914,73.36380767822266,72.03617858886719,72.28203582763672,616463
2006-10-31,29.2325382232666,73.31463623046875,73.69817352294922,72.94093322753906,73.01960754394531,652304
2006-11-01,28.98941993713379,72.70491027832031,73.6588363647461,72.0853500366211,73.6588363647461,592216
2006-11-02,28.38948631286621,71.20026397705078,72.0853500366211,70.91506958007812,71.79032135009766,849891
2006-11-03,28.3698787689209,71.15109252929688,71.49529266357422,70.84622955322266,71.1412582397461,790209
2006-11-06,28.840417861938477,72.33120727539062,72.63607025146484,70.97407531738281,71.00357818603516,405703
2006-11-07,29.365856170654297,73.64900207519531,73.71784210205078,72.62623596191406,72.6557388305664,553861
2006-11-08,29.114896774291992,73.01960754394531,73.74734497070312,72.77375030517578,73.74734497070312,502755
2006-11-09,28.663965225219727,71.88866424560547,73.25563049316406,71.31827545166016,72.96060180664062,499799
2006-11-10,28.918842315673828,72.52789306640625,72.72457885742188,71.78048706054688,71.79032135009766,499512
2006-11-13,29.244293212890625,73.3441390991211,73.7080078125,72.67540740966797,73.16712188720703,645990
2006-11-14,29.561908721923828,74.14071655273438,75.18315124511719,73.68833923339844,74.75044250488281,1841253
2006-11-15,29.769737243652344,74.66193389892578,74.86845397949219,74.15055084228516,74.23905944824219,1327388
2006-11-16,29.726604461669922,74.55375671386719,74.74060821533203,74.34723663330078,74.5439224243164,1608804
2006-11-17,29.852092742919922,74.86845397949219,75.3306655883789,74.56359100341797,74.74060821533203,899719
2006-11-20,29.244029998779297,72.04601287841797,74.00303649902344,71.98700714111328,73.8653564453125,3911465
2006-11-21,29.140239715576172,71.79032135009766,72.42955017089844,71.35761260986328,71.80015563964844,1077063
2006-11-22,29.539426803588867,72.77375030517578,73.14745330810547,71.2986068725586,71.2986068725586,910636
2006-11-23,29.299917221069336,72.1836929321289,72.77375030517578,71.44612121582031,72.04601287841797,788828
2006-11-24,29.100330352783203,71.69197845458984,72.28203582763672,71.3969497680664,72.28203582763672,1242079
2006-11-27,28.860816955566406,71.10192108154297,71.62313842773438,70.91506958007812,71.54446411132812,721984
2006-11-28,28.30196189880371,69.7251205444336,70.42335510253906,69.47926330566406,70.41352081298828,1056098
2006-11-29,28.880781173706055,71.15109252929688,71.2986068725586,69.62677764892578,70.11849212646484,825078
2006-11-30,29.068397521972656,71.6133041381836,72.1836929321289,71.12158966064453,72.1836929321289,704237
2006-12-01,28.593368530273438,70.44302368164062,71.64280700683594,70.41352081298828,71.59363555908203,518470
2006-12-04,28.441680908203125,70.06932067871094,70.31517791748047,69.931640625,70.02014923095703,669565
2006-12-05,28.665220260620117,70.62004089355469,71.02324676513672,70.46269226074219,70.90523529052734,1035652
2006-12-06,28.920684814453125,71.24943542480469,71.25926971435547,70.26600646972656,70.26600646972656,797643
2006-12-07,28.940662384033203,71.2986068725586,71.44612121582031,71.10192108154297,71.24943542480469,834830
2006-12-08,28.661231994628906,70.6102066040039,71.3969497680664,70.15782928466797,71.3969497680664,589418
2006-12-11,29.18016815185547,71.88866424560547,72.14435577392578,70.81672668457031,71.00357818603516,559408
2006-12-12,29.830829620361328,73.49165344238281,73.7571792602539,72.46888732910156,72.52789306640625,863870
2006-12-13,29.43963623046875,72.52789306640625,73.76701354980469,72.48855590820312,73.74734497070312,383701
2006-12-14,29.970539093017578,73.83585357666016,74.43574523925781,73.60966491699219,74.24889373779297,1069853
2006-12-15,29.934616088867188,73.74734497070312,74.24889373779297,73.38347625732422,74.24889373779297,801230
2006-12-18,29.98651123046875,73.87519073486328,74.09154510498047,73.7080078125,73.94403076171875,622530
2006-12-19,29.782926559448242,73.37364196777344,74.32756805419922,73.37364196777344,74.19972229003906,832805
2006-12-20,30.15816307067871,74.29806518554688,74.69143676757812,73.62933349609375,73.74734497070312,814151
2006-12-21,30.23799705505371,74.4947509765625,74.63243103027344,74.11121368408203,74.4947509765625,1922025
2006-12-22,30.337797164916992,74.74060821533203,74.83895111083984,74.1308822631836,74.64226531982422,1871340
2006-12-27,30.996435165405273,76.36326599121094,76.77630615234375,74.93729400634766,74.93729400634766,247768
2006-12-28,31.136154174804688,76.70746612548828,77.67122650146484,76.6976318359375,77.67122650146484,291659
2006-12-29,31.50739097595215,77.62205505371094,77.68106079101562,77.24835205078125,77.35652923583984,305825
2007-01-02,31.794797897338867,78.33012390136719,79.1660385131836,77.799072265625,77.799072265625,533633
2007-01-03,31.53534507751465,77.69090270996094,78.80216979980469,76.8058090209961,78.67433166503906,523734
2007-01-04,30.936555862426758,76.21575164794922,78.33012390136719,76.21575164794922,78.33012390136719,680773
2007-01-05,31.136154174804688,76.70746612548828,77.35652923583984,76.1174087524414,77.19918060302734,668049
2007-01-08,30.23399543762207,74.48491668701172,76.70746612548828,74.29806518554688,76.70746612548828,663688
2007-01-09,30.577301025390625,75.3306655883789,75.71420288085938,74.05220794677734,74.98646545410156,980915
2007-01-10,30.537382125854492,75.2323226928711,76.36326599121094,75.22248840332031,75.60602569580078,927332
2007-01-11,30.68109130859375,75.58635711669922,76.0190658569336,74.652099609375,75.92072296142578,753894
2007-01-12,31.60719108581543,77.86791229248047,77.86791229248047,75.96989440917969,76.15674591064453,604983
2007-01-15,31.695009231567383,78.08426666259766,78.24161529541016,77.5335464477539,77.89742279052734,448458
2007-01-16,31.695009231567383,78.08426666259766,78.45796966552734,77.70072937011719,77.70072937011719,548690
2007-01-17,31.45549964904785,77.49420928955078,78.10393524169922,77.19918060302734,78.08426666259766,853150
2007-01-18,31.555288314819336,77.74006652832031,78.01542663574219,77.22868347167969,77.93675231933594,1221775
2007-01-19,31.675048828125,78.03509521484375,78.3792953491211,77.6417236328125,77.70072937011719,547847
2007-01-22,32.21393966674805,79.36272430419922,79.5299072265625,78.28095245361328,78.66448974609375,681643
2007-01-23,32.166046142578125,79.24472045898438,79.35289764404297,78.54647827148438,78.93001556396484,626239
2007-01-24,32.33768844604492,79.66758728027344,79.77576446533203,79.24472045898438,79.65776062011719,804449
2007-01-25,32.33369064331055,79.65776062011719,80.34615325927734,79.65776062011719,80.34615325927734,1289871
2007-01-29,32.33369064331055,79.65776062011719,80.32649230957031,78.68415832519531,80.32649230957031,962553
2007-01-30,32.69297409057617,80.5428466796875,80.5428466796875,79.77576446533203,79.77576446533203,736629
2007-01-31,32.3297004699707,79.64791870117188,80.5428466796875,79.64791870117188,80.5428466796875,808328
2007-02-01,33.04025650024414,81.39842224121094,81.52627563476562,80.28714752197266,80.44450378417969,1168637
2007-02-02,33.259796142578125,81.93931579589844,82.35234832763672,81.3787612915039,81.62461853027344,819529
2007-02-05,33.483341217041016,82.49003601074219,82.92274475097656,81.958984375,82.59821319580078,984252
2007-02-06,32.49336242675781,80.0511245727539,82.49003601074219,79.1660385131836,82.49003601074219,1561186
2007-02-07,32.6490478515625,80.4346694946289,81.23123931884766,79.67742156982422,81.23123931884766,754916
2007-02-08,33.21189498901367,81.82130432128906,82.0474853515625,80.48383331298828,80.73953247070312,809701
2007-02-09,33.33165740966797,82.11632537841797,82.60804748535156,81.62461853027344,82.60804748535156,526776
2007-02-12,33.3436279296875,82.14582824707031,82.59821319580078,81.82130432128906,82.46053314208984,553067
2007-02-13,32.98835372924805,81.27057647705078,82.41136169433594,80.86737823486328,82.14582824707031,1352444
2007-02-14,32.7448616027832,80.67069244384766,82.01799011230469,80.46417236328125,82.01799011230469,562776
2007-02-15,33.22787094116211,81.86064147949219,82.21466827392578,81.27057647705078,81.62461853027344,1080719
2007-02-16,33.38753890991211,82.25401306152344,82.26384735107422,81.65412139892578,82.14582824707031,960340
2007-02-19,33.47935104370117,82.4802017211914,83.08992767333984,82.01799011230469,82.54904174804688,349013
2007-02-20,33.527252197265625,82.59821319580078,83.09976196289062,82.26384735107422,83.09976196289062,440525
2007-02-21,33.16001510620117,81.6934585571289,82.56871032714844,81.68362426757812,82.56871032714844,1081972
2007-02-22,33.45539855957031,82.42119598388672,82.42119598388672,81.52627563476562,82.01799011230469,1415248
2007-02-23,33.83062744140625,83.34561920166016,83.34561920166016,82.54904174804688,82.56871032714844,2548172
2007-02-26,34.0501823425293,83.88650512695312,84.0045166015625,83.34561920166016,83.59147644042969,641260
2007-02-27,33.70689392089844,83.04075622558594,84.17169952392578,82.6375503540039,83.90617370605469,1402814
2007-02-28,31.531335830688477,77.68106079101562,79.90361022949219,76.91398620605469,78.62515258789062,2894622
2007-03-01,31.934511184692383,78.67433166503906,79.80526733398438,78.19244384765625,78.77267456054688,1698533
2007-03-02,32.473411560058594,80.00196075439453,80.7493667602539,79.756103515625,80.73953247070312,2367548
2007-03-05,30.932571411132812,76.20591735839844,78.67433166503906,76.1764144897461,78.67433166503906,1426618
2007-03-06,31.774845123291016,78.28095245361328,78.28095245361328,76.10757446289062,76.1174087524414,1330371
2007-03-07,32.225929260253906,79.3922348022461,79.90361022949219,78.52680969238281,79.1660385131836,1409720
2007-03-08,32.166046142578125,79.24472045898438,79.55941772460938,78.2317886352539,79.36272430419922,884415
2007-03-09,32.28179931640625,79.5299072265625,80.10030364990234,79.36272430419922,79.9527816772461,506211
2007-03-12,32.57320022583008,80.24781036376953,80.83787536621094,80.0511245727539,80.5428466796875,672306
2007-03-13,32.23390197753906,79.41189575195312,80.83787536621094,79.0775375366211,80.83787536621094,796663
2007-03-14,31.136154174804688,76.70746612548828,77.88758087158203,76.50094604492188,77.68106079101562,1378884
2007-03-15,32.05427932739258,78.96935272216797,79.057861328125,77.10083770751953,78.40879821777344,2573552
2007-03-16,31.695009231567383,78.08426666259766,79.13653564453125,77.10083770751953,78.96935272216797,1001992
2007-03-19,31.60719108581543,77.86791229248047,78.87100982666016,77.58271789550781,78.17277526855469,488203
2007-03-20,31.814762115478516,78.3792953491211,79.09719848632812,78.33995819091797,78.92018127441406,376452
2007-03-21,31.79878807067871,78.33995819091797,79.1660385131836,78.33995819091797,79.1660385131836,433555
2007-03-22,32.59716796875,80.30682373046875,80.30682373046875,79.53974151611328,80.0511245727539,726596
2007-03-23,32.63308334350586,80.39533233642578,81.13289642333984,79.2643814086914,80.83787536621094,921420
2007-03-26,32.81671142578125,80.84770965576172,81.1230697631836,80.56251525878906,80.88704681396484,644660
2007-03-27,32.712913513183594,80.59201049804688,80.88704681396484,80.17897033691406,80.83787536621094,791665
2007-03-28,32.59716796875,80.30682373046875,80.98538970947266,79.97245025634766,80.64118957519531,870909
2007-03-29,32.732879638671875,80.64118957519531,80.82803344726562,80.07080078125,80.2281494140625,499723
2007-03-30,33.03226852416992,81.3787612915039,81.52627563476562,80.8968734741211,81.02471923828125,1548912
2007-04-02,32.29376983642578,79.55941772460938,81.51644134521484,79.55941772460938,81.51644134521484,606072
2007-04-03,32.92848205566406,81.1230697631836,81.16239929199219,79.8446044921875,80.5428466796875,519732
2007-04-04,33.60309982299805,82.78506469726562,83.12925720214844,82.13600158691406,82.13600158691406,982144
2007-04-05,33.67893981933594,82.97191619873047,83.00141906738281,82.28350830078125,82.98175048828125,277291
2007-04-10,34.7327766418457,85.56816864013672,85.86319732666016,83.81766510009766,83.93567657470703,1485815
2007-04-11,34.92837905883789,86.050048828125,87.1514892578125,86.050048828125,87.03347778320312,909645
2007-04-12,34.42540740966797,84.81092834472656,86.65977478027344,84.6830825805664,86.65977478027344,623726
2007-04-13,34.18988800048828,84.23070526123047,85.75502014160156,83.88650512695312,85.75502014160156,493499
2007-04-16,34.79266357421875,85.71568298339844,86.23690032958984,84.64374542236328,84.91910552978516,1024937
2007-04-17,34.628990173339844,85.3124771118164,86.44342041015625,84.73225402832031,85.76485443115234,721187
2007-04-18,35.008216857910156,86.24673461914062,87.1514892578125,85.36164855957031,85.36164855957031,658874
2007-04-19,34.64895248413086,85.36164855957031,86.45325469970703,85.34197998046875,86.36474609375,757854
2007-04-20,35.183868408203125,86.679443359375,86.68927764892578,86.0992202758789,86.29590606689453,446205
2007-04-23,35.52315902709961,87.5153579711914,88.31193542480469,86.73844909667969,87.03347778320312,661975
2007-04-24,35.315589904785156,87.00397491455078,88.40044403076172,86.64010620117188,87.5743637084961,661744
2007-04-26,36.026123046875,88.75447845458984,88.9905014038086,87.52519226074219,87.63336944580078,830053
2007-04-27,35.068084716796875,86.39424896240234,88.4102783203125,86.30574035644531,88.11524963378906,2229059
2007-04-30,34.728790283203125,85.55833435058594,87.1023178100586,85.45015716552734,86.44342041015625,1274994
2007-05-01,34.828582763671875,85.80419158935547,87.22032928466797,85.67634582519531,86.04021453857422,583218
2007-05-02,35.487220764160156,87.42684936523438,87.71204376220703,86.7286148071289,87.52519226074219,924345
2007-05-03,35.814571380615234,88.23326110839844,88.6167984008789,87.6727066040039,87.77104949951172,572916
2007-05-04,36.32550811767578,89.49205017089844,89.73790740966797,89.197021484375,89.197021484375,715347
2007-05-07,36.046085357666016,88.80364990234375,89.00033569335938,88.50862121582031,88.50862121582031,604842
2007-05-08,35.91834259033203,88.48895263671875,88.79381561279297,87.4170150756836,88.79381561279297,799045
2007-05-09,35.72675323486328,88.01690673828125,88.44961547851562,87.16132354736328,87.91856384277344,766759
2007-05-10,35.994197845458984,88.6758041381836,88.76431274414062,87.5153579711914,88.40044403076172,599664
2007-05-11,35.487220764160156,87.42684936523438,87.86939239501953,86.29590606689453,87.5743637084961,1017374
2007-05-14,35.72675323486328,88.01690673828125,88.79381561279297,87.52519226074219,87.52519226074219,687621
2007-05-15,35.72675323486328,88.01690673828125,88.01690673828125,88.01690673828125,88.01690673828125,0
2007-05-16,36.804534912109375,90.67216491699219,90.88851928710938,89.50188446044922,90.01326751708984,1435131
2007-05-17,38.521018981933594,94.90090942382812,97.00544738769531,92.44233703613281,92.9242172241211,2726132
2007-05-18,38.760520935058594,95.490966796875,96.81859588623047,94.83206939697266,95.4417953491211,1759695
2007-05-21,39.554481506347656,95.39262390136719,95.87450408935547,94.2813491821289,94.42886352539062,4864780
2007-05-22,38.61661148071289,93.1307373046875,95.15660095214844,93.03239440917969,94.50753784179688,1664175
2007-05-23,38.00901794433594,91.6654281616211,93.32742309570312,91.34089660644531,93.1307373046875,2319518
2007-05-24,37.51559829711914,90.47547912597656,91.4490737915039,89.59039306640625,91.4490737915039,1175261
2007-05-25,36.475765228271484,87.96773529052734,88.70530700683594,87.23016357421875,88.1447525024414,3638615
2007-05-28,35.75400161743164,86.22706604003906,88.4102783203125,86.02054595947266,88.4102783203125,1951629
2007-05-29,36.365665435791016,87.70220947265625,88.37094116210938,85.45999145507812,86.050048828125,1471259
2007-05-30,35.74992370605469,86.21723175048828,87.54486083984375,85.06661987304688,87.40718078613281,2478585
2007-05-31,35.721370697021484,86.14839172363281,87.39734649658203,85.80419158935547,86.97447204589844,1531221
2007-06-01,36.10468673706055,87.07281494140625,87.24983215332031,86.1582260131836,87.02364349365234,1033867
2007-06-04,36.43497848510742,87.86939239501953,88.02674102783203,87.4661865234375,87.90872955322266,1220280
2007-06-05,36.08837127685547,87.03347778320312,87.72187805175781,86.71878051757812,87.52519226074219,1182874
2007-06-06,36.169925689697266,87.23016357421875,87.54486083984375,86.64010620117188,87.09248352050781,1151957
2007-06-07,35.83962631225586,86.43358612060547,86.68927764892578,86.02054595947266,86.24673461914062,1202628
2007-06-08,35.10155487060547,84.65357971191406,85.3714828491211,84.02418518066406,85.36164855957031,2276981
2007-06-12,35.374759674072266,85.3124771118164,85.63700866699219,84.72241973876953,85.53866577148438,1275983
2007-06-13,34.991451263427734,84.38805389404297,85.03711700439453,83.82749938964844,85.03711700439453,1402428
2007-06-14,36.0272102355957,86.8859634399414,87.03347778320312,85.36164855957031,85.95170593261719,2169625
2007-06-15,36.31265640258789,87.5743637084961,88.42994689941406,87.02364349365234,88.21359252929688,1735779
2007-06-18,36.74082565307617,88.60696411132812,89.23635864257812,87.63336944580078,87.91856384277344,1169170
2007-06-19,37.107810974121094,89.49205017089844,89.73790740966797,87.90872955322266,88.78398132324219,844352
2007-06-20,37.75619888305664,91.05570220947266,91.16387939453125,88.80364990234375,89.49205017089844,1385107
2007-06-21,37.723567962646484,90.9770278930664,91.04586791992188,89.73790740966797,91.04586791992188,2797009
2007-06-22,37.14859390258789,89.59039306640625,90.47547912597656,88.54795837402344,89.73790740966797,1101051
2007-06-25,36.25147247314453,87.42684936523438,88.57746124267578,87.11215209960938,88.50862121582031,1584985
2007-06-26,35.84371566772461,86.44342041015625,86.50242614746094,85.35181427001953,86.050048828125,1707785
2007-06-27,34.710086822509766,83.70948791503906,85.54850006103516,83.51280212402344,85.03711700439453,3789287
2007-06-28,35.040382385253906,84.50606536865234,85.06661987304688,84.15203094482422,84.92893981933594,2364499
2007-06-29,34.66115951538086,83.59147644042969,84.81092834472656,83.00141906738281,84.76175689697266,3108110
2007-07-02,34.09025192260742,82.21466827392578,83.62097930908203,82.21466827392578,83.56197357177734,1702770
2007-07-03,34.90582275390625,84.18153381347656,84.2700424194336,82.59821319580078,83.39479064941406,1815172
2007-07-04,35.47671127319336,85.55833435058594,85.86319732666016,84.33888244628906,84.81092834472656,2016597
2007-07-05,36.29226303100586,87.52519226074219,87.53502655029297,86.44342041015625,86.4729232788086,1628653
2007-07-06,35.96604919433594,86.73844909667969,87.23016357421875,86.050048828125,87.13182067871094,1467175
2007-07-09,36.29226303100586,87.52519226074219,87.52519226074219,86.24673461914062,86.54176330566406,1041302
2007-07-10,36.0272102355957,86.8859634399414,87.31867218017578,86.62043762207031,87.31867218017578,855275
2007-07-11,35.493011474609375,85.59767150878906,86.21723175048828,84.30937957763672,85.16496276855469,1403910
2007-07-12,36.08837127685547,87.03347778320312,87.5743637084961,86.64010620117188,87.03347778320312,1766603
2007-07-13,36.4716911315918,87.95790100097656,88.1447525024414,87.14165496826172,87.82022094726562,1658140
2007-07-16,37.25053787231445,89.83625030517578,90.13127899169922,88.567626953125,88.567626953125,1503343
2007-07-17,37.60529327392578,90.69183349609375,91.34089660644531,89.88542175292969,90.47547912597656,1573287
2007-07-18,37.06704330444336,89.39370727539062,89.9837646484375,88.1447525024414,89.97393035888672,1809032
2007-07-19,37.409576416015625,90.21978759765625,90.94752502441406,89.9837646484375,90.47547912597656,1332486
2007-07-20,36.883544921875,88.95116424560547,89.9837646484375,88.49878692626953,89.69857025146484,2176573
2007-07-23,36.52877426147461,88.0955810546875,88.80364990234375,87.14165496826172,87.14165496826172,1561312
2007-07-24,36.496158599853516,88.01690673828125,89.33470153808594,88.01690673828125,88.5184555053711,1548464
2007-07-25,35.47671127319336,85.55833435058594,86.54176330566406,85.50916290283203,86.050048828125,2629327
2007-07-26,35.142330169677734,84.75192260742188,86.22706604003906,84.50606536865234,86.1582260131836,2413333
2007-07-27,33.09120559692383,79.80526733398438,81.31975555419922,79.36272430419922,79.36272430419922,6516554
2007-07-30,32.622257232666016,78.67433166503906,78.87100982666016,77.54338073730469,78.18260955810547,5318929
2007-07-31,33.64170455932617,81.13289642333984,81.13289642333984,79.12670135498047,79.9527816772461,4005390
2007-08-01,30.053253173828125,72.47872161865234,76.70746612548828,72.44921875,74.74060821533203,11216496
2007-08-02,30.012474060058594,72.38037872314453,76.20591735839844,70.9839096069336,75.4880142211914,6893603
2007-08-03,30.583377838134766,73.7571792602539,75.13397979736328,72.57706451416016,73.7571792602539,3411624
2007-08-06,28.56486701965332,68.88920593261719,70.28567504882812,68.14179992675781,70.28567504882812,7185427
2007-08-07,30.310155868530273,73.09828186035156,73.85552215576172,72.41971588134766,72.77375030517578,6814453
2007-08-08,32.00651931762695,77.18934631347656,77.56304931640625,74.55375671386719,74.74060821533203,3293222
2007-08-09,31.615041732788086,76.24525451660156,79.45124053955078,75.55685424804688,78.72349548339844,3605056
2007-08-10,29.400806427001953,70.90523529052734,71.93783569335938,70.60037231445312,71.0330810546875,4915594
2007-08-13,29.17654037475586,70.36434936523438,73.05894470214844,69.8234634399414,71.20026397705078,3652019
2007-08-14,28.638263702392578,69.06622314453125,70.59053802490234,68.73185729980469,70.31517791748047,3259035
2007-08-15,27.190650939941406,65.5750503540039,67.34522247314453,64.70963287353516,66.71582794189453,7429741
2007-08-16,26.097808837890625,62.93946075439453,66.37162780761719,60.87425994873047,64.41460418701172,8988648
2007-08-17,26.399560928344727,63.667198181152344,66.6273193359375,63.53935241699219,65.8897476196289,5728341
2007-08-20,28.850303649902344,69.57760620117188,69.57760620117188,67.3648910522461,68.34832000732422,4748388
2007-08-21,29.298864364624023,70.65937805175781,70.80689239501953,68.0926284790039,68.8302001953125,2915113
2007-08-22,30.522205352783203,73.60966491699219,74.63243103027344,70.69871520996094,70.80689239501953,4740568
2007-08-23,31.48047637939453,75.92072296142578,78.31045532226562,74.92745971679688,76.73696899414062,5286055
2007-08-24,30.420251846313477,73.36380767822266,74.7012710571289,72.78358459472656,74.2292251586914,2673314
2007-08-27,31.01561737060547,74.79961395263672,76.6976318359375,74.39640808105469,75.910888671875,1707960
2007-08-28,30.310155868530273,73.09828186035156,74.00303649902344,73.01960754394531,73.6588363647461,2182996
2007-08-29,29.156147003173828,70.31517791748047,70.43318939208984,69.33174896240234,69.43992614746094,3207549
2007-08-30,29.04197120666504,70.0398178100586,72.28203582763672,69.92180633544922,71.98700714111328,2502187
2007-08-31,29.89015007019043,72.0853500366211,72.50822448730469,68.84003448486328,68.84003448486328,6603227
2007-09-03,29.828977584838867,71.93783569335938,73.58999633789062,71.74114990234375,72.57706451416016,1604583
2007-09-04,29.290706634521484,70.63970947265625,72.16402435302734,70.56103515625,71.59363555908203,2367289
2007-09-05,29.376340866088867,70.84622955322266,72.42955017089844,70.78722381591797,72.23286437988281,2846717
2007-09-06,29.029733657836914,70.01031494140625,70.31517791748047,68.91870880126953,69.43992614746094,2124268
2007-09-07,29.111289978027344,70.20700073242188,70.46269226074219,69.62677764892578,69.62677764892578,728084
2007-09-10,28.48738670349121,68.70235443115234,69.07605743408203,67.95494842529297,68.84003448486328,2323804
2007-09-11,29.033817291259766,70.02014923095703,70.32501220703125,68.84986877441406,69.22357177734375,1207736
2007-09-12,29.421205520629883,70.95440673828125,71.58380126953125,70.65937805175781,71.49529266357422,2020634
2007-09-13,29.563928604125977,71.2986068725586,71.3969497680664,69.97097778320312,70.65937805175781,1868591
2007-09-14,31.390779495239258,75.7043685913086,76.08790588378906,72.48855590820312,72.9212646484375,6322938
2007-09-17,30.607839584350586,73.8161849975586,76.55995178222656,73.11795043945312,76.23542022705078,3041216
2007-09-18,29.91461181640625,72.14435577392578,73.94403076171875,71.64280700683594,73.74734497070312,2757336
2007-09-19,31.4397029876709,75.82238006591797,76.6976318359375,75.13397979736328,76.55995178222656,4467280
2007-09-20,31.562034606933594,76.1174087524414,76.55011749267578,75.32083129882812,76.55011749267578,3835583
2007-09-21,31.398916244506836,75.72403717041016,75.88138580322266,74.92745971679688,75.52735137939453,1445235
2007-09-24,31.806703567504883,76.70746612548828,76.70746612548828,76.14691162109375,76.31409454345703,2060437
2007-09-25,32.78536605834961,79.06769561767578,79.21521759033203,76.20591735839844,76.20591735839844,3172756
2007-09-26,32.732357025146484,78.93984985351562,80.44450378417969,78.72349548339844,79.06769561767578,1772599
2007-09-27,34.171817779541016,82.41136169433594,82.41136169433594,80.10030364990234,80.10030364990234,2932884
2007-09-28,34.416481018066406,83.00141906738281,83.532470703125,82.13600158691406,83.39479064941406,4056493
2007-10-01,33.927146911621094,81.82130432128906,83.38495635986328,81.63444519042969,83.3751220703125,939325
2007-10-02,34.85280227661133,84.0536880493164,84.4765625,83.35545349121094,83.6898193359375,1874238
2007-10-03,35.517486572265625,85.65667724609375,85.81402587890625,84.09302520751953,85.01744842529297,2215884
2007-10-04,35.097476959228516,84.64374542236328,85.55833435058594,84.35855102539062,85.50916290283203,1584506
2007-10-05,35.04854202270508,84.5257339477539,85.32231140136719,84.2110366821289,84.77159118652344,621420
2007-10-08,35.57864761352539,85.80419158935547,86.17789459228516,85.20429992675781,85.56816864013672,1344458
2007-10-09,35.68059539794922,86.050048828125,86.050048828125,85.16496276855469,85.2141342163086,1214835
2007-10-10,35.92526626586914,86.64010620117188,87.2596664428711,86.58110046386719,87.19082641601562,1435146
2007-10-11,35.68059539794922,86.050048828125,86.43358612060547,85.44032287597656,86.29590606689453,1200191
2007-10-12,35.23204803466797,84.96827697753906,86.14839172363281,84.57490539550781,85.91236877441406,1797829
2007-10-15,34.95475387573242,84.29954528808594,85.86319732666016,83.49313354492188,85.85336303710938,963844
2007-10-16,34.546974182128906,83.31611633300781,83.49313354492188,82.31301879882812,82.9522476196289,1791835
2007-10-17,34.237060546875,82.56871032714844,82.97191619873047,81.2804183959961,82.41136169433594,3028208
2007-10-18,34.6203727722168,83.49313354492188,83.87667083740234,82.62771606445312,83.49313354492188,1208695
2007-10-19,33.85374450683594,81.644287109375,83.49313354492188,81.42793273925781,83.49313354492188,1524493
2007-10-22,32.479530334472656,78.33012390136719,78.77267456054688,77.72039794921875,77.72039794921875,3599329
2007-10-23,33.32771682739258,80.37566375732422,80.5821762084961,78.67433166503906,79.1660385131836,1531767
2007-10-24,32.57332229614258,78.55631256103516,81.23123931884766,78.33012390136719,80.93621826171875,2610395
2007-10-25,33.03003692626953,79.65776062011719,80.41499328613281,78.57598876953125,78.67433166503906,2406419
2007-10-26,33.55607223510742,80.92637634277344,81.1230697631836,80.13964080810547,80.5428466796875,3632586
2007-10-29,34.52250289916992,83.25711059570312,83.25711059570312,82.09666442871094,82.903076171875,2308277
2007-10-30,34.253379821777344,82.60804748535156,83.54230499267578,82.35234832763672,83.35545349121094,1040459
2007-10-31,34.27376937866211,82.65721130371094,83.07025909423828,81.67378234863281,82.00814819335938,1086082
2007-11-01,34.68153762817383,83.6406478881836,84.08319091796875,83.46363067626953,83.6406478881836,1938299
2007-11-02,33.560142517089844,80.93621826171875,80.93621826171875,80.07080078125,80.63135528564453,2270956
2007-11-05,31.806703567504883,76.70746612548828,80.88704681396484,76.70746612548828,80.88704681396484,1907842
2007-11-06,32.23079299926758,77.73023223876953,77.73023223876953,76.1174087524414,77.10083770751953,2086019
2007-11-07,33.21354675292969,80.10030364990234,80.93621826171875,78.61531829833984,79.2643814086914,1379787
2007-11-08,32.03505325317383,77.25818634033203,77.87774658203125,76.70746612548828,77.69090270996094,2613990
2007-11-09,32.98925018310547,79.55941772460938,80.00196075439453,77.29752349853516,77.29752349853516,2339498
2007-11-12,33.44189453125,80.65101623535156,82.20484161376953,79.31356048583984,79.38240051269531,1892212
2007-11-13,32.21448516845703,77.69090270996094,79.38240051269531,76.48127746582031,79.38240051269531,3488040
2007-11-14,33.580543518066406,80.98538970947266,81.03455352783203,79.9626235961914,80.63135528564453,3610061
2007-11-15,33.356258392333984,80.44450378417969,81.23123931884766,80.01178741455078,80.24781036376953,2906387
2007-11-16,32.82614517211914,79.1660385131836,80.04129028320312,78.7038345336914,79.80526733398438,1056012
2007-11-19,32.82614517211914,79.1660385131836,79.9626235961914,78.77267456054688,79.65776062011719,969463
2007-11-20,31.96980857849121,77.10083770751953,78.20228576660156,76.55995178222656,77.86791229248047,2176735
2007-11-21,31.101240158081055,75.00613403320312,77.08116912841797,74.84878540039062,76.70746612548828,2535996
2007-11-22,30.87289047241211,74.45541381835938,74.9176254272461,73.27529907226562,74.00303649902344,3351227
2007-11-23,31.19095230102539,75.22248840332031,75.69453430175781,74.74060821533203,75.24215698242188,1017347
2007-11-26,31.647666931152344,76.32392883300781,76.9041519165039,75.58635711669922,76.75663757324219,1601353
2007-11-27,31.888261795043945,76.9041519165039,76.9041519165039,73.77684783935547,74.5439224243164,2810941
2007-11-28,30.991151809692383,74.74060821533203,76.85498046875,74.27839660644531,76.70746612548828,2095546
2007-11-29,32.271575927734375,77.82858276367188,78.61531829833984,77.19918060302734,77.41553497314453,4712426
2007-11-30,32.744598388671875,78.96935272216797,79.06769561767578,76.51078033447266,77.45487976074219,4634307
2007-12-03,32.64264678955078,78.72349548339844,79.11687469482422,78.1334457397461,78.96935272216797,1123036
2007-12-04,32.1737060546875,77.59255981445312,78.6939926147461,77.31719207763672,78.67433166503906,2397506
2007-12-05,32.1329231262207,77.49420928955078,77.54338073730469,76.18624877929688,77.29752349853516,1669827
2007-12-06,32.70381546020508,78.87100982666016,79.14637756347656,78.18260955810547,78.24161529541016,1263993
2007-12-07,32.72419738769531,78.92018127441406,79.83477020263672,78.33995819091797,79.46106719970703,1455334
2007-12-10,32.385746002197266,78.10393524169922,78.67433166503906,77.6417236328125,78.67433166503906,1087469
2007-12-11,33.68247985839844,81.23123931884766,81.47710418701172,78.78250122070312,78.86117553710938,1677369
2007-12-12,33.238014221191406,80.15930938720703,80.44450378417969,78.18260955810547,78.67433166503906,3365060
2007-12-13,33.09120559692383,79.80526733398438,80.83787536621094,79.47090148925781,80.45433044433594,1306158
2007-12-14,32.654876708984375,78.75299835205078,80.14946746826172,77.40570068359375,79.85444641113281,2037562
2007-12-17,31.03192901611328,74.83895111083984,78.33012390136719,74.42591094970703,78.19244384765625,3930238
2007-12-18,29.881996154785156,72.06568145751953,73.74734497070312,71.2986068725586,73.74734497070312,4125073
2007-12-19,30.297924041748047,73.06877899169922,73.94403076171875,72.52789306640625,72.8720932006836,3279210
2007-12-20,29.83713150024414,71.95750427246094,73.95386505126953,71.83949279785156,73.51132202148438,3622446
2007-12-21,31.027841567993164,74.82911682128906,75.3306655883789,71.89849853515625,72.6557388305664,4403774
2007-12-24,31.570186614990234,76.13707733154297,76.70746612548828,75.50768280029297,76.21575164794922,654880
2007-12-27,31.178726196289062,75.19298553466797,76.59928894042969,75.19298553466797,75.7535400390625,528069
2007-12-28,31.207265853881836,75.26182556152344,75.26182556152344,73.9735336303711,74.73077392578125,732887
2007-12-31,31.072702407836914,74.93729400634766,75.92072296142578,74.84878540039062,75.281494140625,715981
2008-01-02,31.398916244506836,75.72403717041016,76.02890014648438,74.83895111083984,74.83895111083984,1907042
2008-01-03,30.675621032714844,72.47872161865234,73.25563049316406,72.38037872314453,72.78358459472656,1470209
2008-01-04,30.467506408691406,71.98700714111328,73.06877899169922,71.79032135009766,73.03927612304688,1418114
2008-01-07,29.71414566040039,70.20700073242188,70.41352081298828,68.85970306396484,69.43009185791016,2466726
2008-01-08,29.34370994567871,69.33174896240234,70.36434936523438,69.06622314453125,69.92180633544922,1760681
2008-01-09,29.014892578125,68.55484008789062,68.74169158935547,67.3648910522461,68.74169158935547,3363622
2008-01-10,29.67669105529785,70.11849212646484,70.52169799804688,68.89904022216797,69.8234634399414,2505690
2008-01-11,29.085655212402344,68.7220230102539,70.70854949951172,68.7220230102539,70.16766357421875,2662276
2008-01-14,29.593446731567383,69.92180633544922,70.10865783691406,67.06986236572266,67.95494842529297,2331705
2008-01-15,29.093975067138672,68.74169158935547,70.69871520996094,68.37782287597656,70.02014923095703,1609987
2008-01-16,27.57476234436035,65.15217590332031,67.27638244628906,65.15217590332031,66.38146209716797,3658036
2008-01-17,27.816173553466797,65.72256469726562,66.5191421508789,65.15217590332031,65.54554748535156,2534348
2008-01-18,28.39472007751465,67.08953094482422,68.2008056640625,63.922889709472656,64.1589126586914,3087261
2008-01-21,27.349998474121094,64.62112426757812,66.87317657470703,63.94255828857422,66.38146209716797,3109130
2008-01-22,24.22417449951172,57.235572814941406,61.070945739746094,57.235572814941406,60.9627685546875,5394921
2008-01-23,24.54050064086914,57.98297882080078,62.43791198730469,57.550270080566406,60.9627685546875,4609695
2008-01-24,26.65074920654297,62.968963623046875,63.77537536621094,59.979339599609375,60.57923126220703,4357725
2008-01-25,28.72770118713379,67.87627410888672,68.03362274169922,64.8473129272461,64.90631866455078,4795398
2008-01-29,27.075298309326172,63.97206115722656,66.93218231201172,63.97206115722656,66.5191421508789,2284400
2008-01-30,27.179351806640625,64.2179183959961,66.37162780761719,63.283660888671875,65.8897476196289,1855146
2008-01-31,27.05449104309082,63.922889709472656,63.94255828857422,61.02177429199219,61.66100311279297,3203673
2008-02-01,28.719377517700195,67.85660552978516,68.05329132080078,64.64079284667969,65.39803314208984,2894085
2008-02-04,28.669435501098633,67.73859405517578,69.92180633544922,66.5781478881836,68.8302001953125,2400737
2008-02-05,27.953519821166992,66.0470962524414,67.61074829101562,65.39803314208984,67.3648910522461,1663451
2008-02-06,25.431222915649414,60.08751678466797,62.07404327392578,59.743316650390625,60.97260284423828,5846550
2008-02-07,25.764202117919922,60.87425994873047,61.710174560546875,60.067848205566406,60.08751678466797,2965539
2008-02-08,26.01392936706543,61.464317321777344,61.946197509765625,61.169288635253906,61.34630584716797,2536209
2008-02-11,25.006669998168945,59.08441925048828,61.66100311279297,59.00574493408203,61.66100311279297,1921971
2008-02-12,24.727806091308594,58.42552185058594,59.281105041503906,57.687950134277344,59.104087829589844,4266475
2008-02-13,23.662261962890625,55.90794372558594,58.710716247558594,55.662086486816406,58.022315979003906,3511352
2008-02-14,24.473901748657227,57.82563018798828,57.99281311035156,56.54717254638672,56.5570068359375,2855510
2008-02-15,23.100370407104492,54.58031463623047,56.64551544189453,54.3541259765625,56.64551544189453,3623960
2008-02-18,23.100370407104492,54.58031463623047,55.170372009277344,54.088600158691406,54.088600158691406,1953617
2008-02-19,23.616487503051758,55.799766540527344,56.212806701660156,55.07202911376953,55.268714904785156,2169001
2008-02-20,21.934946060180664,51.82671356201172,55.583412170410156,51.82671356201172,55.07202911376953,4193605
2008-02-21,22.517658233642578,53.203514099121094,53.79357147216797,51.82671356201172,53.10517120361328,3951262
2008-02-22,22.850631713867188,53.990257263183594,53.990257263183594,52.36759948730469,52.810142517089844,3518992
2008-02-25,23.083723068237305,54.540977478027344,55.249046325683594,54.11810302734375,54.58031463623047,2542638
2008-02-26,24.40730857849121,57.66828155517578,58.573036193847656,55.27854919433594,55.740760803222656,3762988
2008-02-27,25.006669998168945,59.08441925048828,59.674476623535156,58.07148742675781,58.12065887451172,2554291
2008-02-28,23.741357803344727,56.09479522705078,58.327178955078125,55.85877227783203,58.022315979003906,1992875
2008-02-29,22.31371307373047,52.72163391113281,54.96385192871094,52.515113830566406,54.96385192871094,5101122
2008-03-03,21.22736358642578,50.154884338378906,51.43334197998047,50.154884338378906,50.34173583984375,3400420
2008-03-04,21.123306274414062,49.909027099609375,51.561187744140625,49.22062683105469,51.561187744140625,4430595
2008-03-05,20.207616806030273,47.7454833984375,51.098976135253906,47.7454833984375,49.909027099609375,3683415
2008-03-06,19.562475204467773,46.221168518066406,49.436981201171875,45.13939666748047,49.17145538330078,6330050
2008-03-07,18.909006118774414,44.67718505859375,45.09022521972656,43.467567443847656,44.84436798095703,5170242
2008-03-10,19.104623794555664,45.13939666748047,45.739288330078125,42.61198043823242,42.97584915161133,3745770
2008-03-11,19.562475204467773,46.221168518066406,46.221168518066406,43.074195861816406,43.3397216796875,5011179
2008-03-12,21.019258499145508,49.663169860839844,51.69886779785156,48.63056945800781,51.630027770996094,4303734
2008-03-13,19.250308990478516,45.48359680175781,49.17145538330078,45.48359680175781,49.17145538330078,2084968
2008-03-14,19.770587921142578,46.71288299560547,47.696311950683594,46.02448272705078,46.211334228515625,2658724
2008-03-17,18.52191734313965,43.762596130371094,45.729454040527344,42.238277435302734,44.254310607910156,5745638
2008-03-18,18.75916290283203,44.323150634765625,45.975311279296875,43.467567443847656,43.91011047363281,3738845
2008-03-19,21.3314208984375,50.40074157714844,51.06947326660156,47.84382629394531,48.974769592285156,6350201
2008-03-20,20.6030330657959,48.67974090576172,49.32880401611328,47.696311950683594,47.89299774169922,3756768
2008-03-25,23.017126083374023,54.383628845214844,54.383628845214844,52.22991943359375,53.10517120361328,4472477
2008-03-26,22.525981903076172,53.223182678222656,54.068931579589844,52.36759948730469,54.068931579589844,2408908
2008-03-27,22.600900650024414,53.40019989013672,53.55754852294922,51.315330505371094,52.121742248535156,1716629
2008-03-28,21.968242645263672,51.90538787841797,52.99699401855469,51.51201629638672,52.61345672607422,4233546
2008-03-31,21.984886169433594,51.944725036621094,53.07566833496094,51.74803924560547,51.90538787841797,1905391
2008-04-01,21.597801208496094,51.03013610839844,52.259422302246094,51.03013610839844,51.334999084472656,2352778
2008-04-02,23.733034133911133,56.07512664794922,56.30131530761719,54.18694305419922,54.18694305419922,6388034
2008-04-03,24.215839385986328,57.215904235839844,57.43225860595703,55.101531982421875,56.055458068847656,2770140
2008-04-04,23.433345794677734,55.36705780029297,57.97314453125,54.97368621826172,57.57977294921875,2009945
2008-04-07,23.658103942871094,55.898109436035156,56.743858337402344,53.606719970703125,55.85877227783203,2854749
2008-04-08,23.595674514770508,55.75059509277344,56.753692626953125,54.74749755859375,54.97368621826172,2300371
2008-04-09,23.017126083374023,54.383628845214844,55.809600830078125,54.28528594970703,55.563743591308594,1518044
2008-04-10,21.830886840820312,51.58085632324219,53.695228576660156,51.58085632324219,53.695228576660156,1521186
2008-04-11,22.804851531982422,53.882080078125,54.481971740722656,52.61345672607422,53.282188415527344,2773573
2008-04-14,22.101436614990234,52.22008514404297,52.357765197753906,51.58085632324219,52.033233642578125,1919377
2008-04-15,23.283512115478516,55.013023376464844,55.05236053466797,52.61345672607422,52.86914825439453,2103691
2008-04-16,24.136760711669922,57.029052734375,57.03888702392578,55.730926513671875,56.07512664794922,2816268
2008-04-17,24.561311721801758,58.03215026855469,59.25160217285156,57.90430450439453,58.887733459472656,2632608
2008-04-18,24.35736656188965,57.550270080566406,58.396018981933594,56.10462951660156,58.012481689453125,1311544
2008-04-21,25.119050979614258,59.349945068359375,59.546630859375,58.956573486328125,59.48762512207031,3011964
2008-04-22,24.973365783691406,59.00574493408203,59.00574493408203,58.27800750732422,58.641876220703125,2039492
2008-04-23,25.298025131225586,59.77281951904297,59.77281951904297,58.415687561035156,58.573036193847656,1562824
2008-04-24,24.719480514526367,58.405853271484375,59.64497375488281,58.27800750732422,58.287841796875,3677089
2008-04-28,26.11798858642578,61.710174560546875,62.575592041015625,59.989173889160156,60.27436828613281,2248466
2008-04-29,25.94317054748535,61.29713439941406,61.857688903808594,60.40221405029297,61.2774658203125,1550545
2008-04-30,26.39685821533203,62.36907196044922,63.38200378417969,60.677574157714844,61.26763153076172,3261850
2008-05-01,25.593544006347656,60.47105407714844,62.575592041015625,60.23503112792969,61.956031799316406,1155139
2008-05-02,27.2584285736084,64.40476989746094,64.40476989746094,62.251060485839844,62.251060485839844,2374200
2008-05-05,27.179351806640625,64.2179183959961,65.28002166748047,63.25415802001953,65.03416442871094,1761405
2008-05-06,26.434309005737305,62.45758056640625,63.765541076660156,62.24122619628906,63.765541076660156,1569827
2008-05-07,25.285537719726562,59.743316650390625,62.46741485595703,59.72364807128906,62.21172332763672,2880768
2008-05-08,25.285537719726562,59.743316650390625,60.677574157714844,57.923973083496094,58.51403045654297,1875273
2008-05-09,25.639320373535156,60.57923126220703,62.064208984375,59.79248809814453,61.06111145019531,1563546
2008-05-12,26.055551528930664,61.562660217285156,62.61492919921875,60.98243713378906,61.36597442626953,861717
2008-05-13,26.700695037841797,63.08697509765625,63.372169494628906,61.956031799316406,62.693603515625,1458452
2008-05-14,27.137727737426758,64.11957550048828,64.62112426757812,62.664100646972656,63.06730651855469,2169783
2008-05-15,27.050325393676758,63.913055419921875,64.69979858398438,63.34266662597656,64.11957550048828,1595091
2008-05-16,27.5955753326416,65.20134735107422,65.70289611816406,64.2179183959961,64.3162612915039,1440859
2008-05-19,27.512325286865234,65.0046615600586,66.08643341064453,64.87681579589844,65.80123901367188,2269787
2008-05-20,25.493650436401367,60.23503112792969,63.441009521484375,60.23503112792969,63.441009521484375,3962740
2008-05-21,24.349035263061523,57.530601501464844,58.51403045654297,56.360321044921875,58.1304931640625,5916460
2008-05-22,24.066009521484375,56.86186981201172,57.1864013671875,55.39656066894531,55.721092224121094,4217989
2008-05-23,24.307416915893555,57.43225860595703,58.29767608642578,57.24540710449219,58.022315979003906,2559651
2008-05-26,23.821138381958008,54.20661163330078,55.268714904785156,54.10826873779297,54.12793731689453,2073367
2008-05-27,23.877317428588867,54.33445739746094,55.022857666015625,54.0394287109375,55.022857666015625,1787492
2008-05-28,24.15822982788086,54.97368621826172,56.25214385986328,54.3541259765625,55.268714904785156,2256306
2008-05-29,23.76495933532715,54.078765869140625,54.629486083984375,53.35102844238281,54.21644592285156,2491772
2008-05-30,23.553194046020508,53.596885681152344,54.796669006347656,52.908485412597656,54.50164031982422,3329063
2008-06-02,23.017303466796875,52.37743377685547,53.292022705078125,51.44317626953125,53.292022705078125,2556681
2008-06-03,21.634366989135742,49.23046112060547,50.66626739501953,49.043609619140625,50.25322723388672,4196114
2008-06-04,22.256683349609375,50.64659881591797,50.64659881591797,49.3189697265625,49.3189697265625,3387743
2008-06-05,23.29389190673828,53.00682830810547,53.685394287109375,51.394004821777344,51.394004821777344,2404356
2008-06-06,24.197126388549805,55.06219482421875,55.662086486816406,54.383628845214844,55.07202911376953,1814846
2008-06-10,22.3863468170166,50.941627502441406,52.180747985839844,50.49908447265625,52.121742248535156,3440041
2008-06-11,23.207456588745117,52.810142517089844,53.046165466308594,50.774444580078125,51.708702087402344,2060193
2008-06-12,21.90662956237793,49.85002136230469,50.71543884277344,49.191123962402344,50.17455291748047,3608583
2008-06-13,21.249732971191406,48.35520935058594,49.997535705566406,45.975311279296875,49.997535705566406,5840932
2008-06-16,21.02501106262207,47.84382629394531,49.65333557128906,46.38835144042969,49.07311248779297,3096812
2008-06-17,21.824520111083984,49.663169860839844,49.663169860839844,46.97840881347656,48.188026428222656,3363224
2008-06-18,22.6024227142334,51.43334197998047,51.74803924560547,48.345375061035156,48.67974090576172,3443731
2008-06-19,21.068220138549805,47.942169189453125,50.64659881591797,47.942169189453125,50.64659881591797,4344430
2008-06-20,20.13906478881836,45.827796936035156,48.44371795654297,44.52967071533203,48.30603790283203,4727407
2008-06-23,20.52801513671875,46.71288299560547,46.71288299560547,44.155967712402344,44.254310607910156,4107952
2008-06-24,20.454540252685547,46.54570007324219,47.29310607910156,45.28691101074219,45.92613983154297,2361162
2008-06-25,20.70088005065918,47.10625457763672,47.942169189453125,45.817962646484375,45.817962646484375,2346347
2008-06-26,21.18058967590332,48.19786071777344,49.07311248779297,47.67664337158203,48.188026428222656,2566374
2008-06-27,20.761384963989258,47.243934631347656,47.863494873046875,39.33716583251953,45.5426025390625,4976369
2008-06-30,21.020687103271484,47.83399200439453,50.449913024902344,47.83399200439453,50.154884338378906,2824295
2008-07-01,20.601484298706055,46.88006591796875,48.38471221923828,46.41785430908203,48.188026428222656,2128934
2008-07-02,20.21253776550293,45.99497985839844,47.49962615966797,45.28691101074219,46.88006591796875,1970115
2008-07-03,20.33786392211914,46.280174255371094,46.771888732910156,44.952545166015625,45.827796936035156,2016806
2008-07-04,21.016359329223633,47.82415771484375,48.14868927001953,46.594871520996094,46.958740234375,1865127
2008-07-07,20.852140426635742,47.45045471191406,47.84382629394531,46.71288299560547,47.470123291015625,1218750
2008-07-08,19.8797607421875,45.23773956298828,47.863494873046875,45.23773956298828,47.36194610595703,2098745
2008-07-09,21.098478317260742,48.011009216308594,48.43388366699219,46.82106018066406,47.03741455078125,3143970
2008-07-10,20.79163932800293,47.312774658203125,47.37178039550781,46.437522888183594,47.007911682128906,1914114
2008-07-11,21.241092681884766,48.335540771484375,49.14195251464844,45.79829406738281,47.59796905517578,1791029
2008-07-14,21.522003173828125,48.974769592285156,48.974769592285156,47.05708312988281,47.50946044921875,2335502
2008-07-15,19.927297592163086,45.345916748046875,48.424049377441406,45.345916748046875,47.794654846191406,2133344
2008-07-16,20.061269760131836,45.650779724121094,46.142494201660156,44.637847900390625,45.84746551513672,2121460
2008-07-17,20.636051177978516,46.958740234375,48.483055114746094,46.958740234375,48.23719787597656,2327579
2008-07-18,19.845184326171875,45.15906524658203,47.59796905517578,45.13939666748047,47.145591735839844,2267881
2008-07-21,20.787315368652344,47.302940368652344,48.23719787597656,45.5426025390625,46.221168518066406,2388625
2008-07-22,20.134735107421875,45.817962646484375,47.10625457763672,45.591773986816406,47.007911682128906,2204550
2008-07-23,22.4727783203125,51.13831329345703,52.111907958984375,47.64714050292969,47.99134063720703,5577927
2008-07-24,23.034591674804688,52.416770935058594,52.583953857421875,51.13831329345703,51.630027770996094,3932662
2008-07-25,21.772655487060547,49.54515838623047,50.449913024902344,49.16162109375,49.427146911621094,3458337
2008-07-28,21.608440399169922,49.17145538330078,49.46648406982422,48.23719787597656,49.46648406982422,1264444
2008-07-29,20.96018409729004,47.696311950683594,47.76515197753906,46.27033996582031,47.234100341796875,1462114
2008-07-30,22.191862106323242,50.49908447265625,51.28582763671875,50.302398681640625,50.49908447265625,2722130
2008-07-31,22.226436614990234,50.5777587890625,51.53168487548828,50.20405578613281,51.236656188964844,1666284
2008-08-01,21.392353057861328,48.67974090576172,49.85985565185547,48.188026428222656,49.85985565185547,1269342
2008-08-04,21.392353057861328,48.67974090576172,50.941627502441406,48.256866455078125,49.46648406982422,1318416
2008-08-05,21.323205947875977,48.52239227294922,49.033775329589844,47.80448913574219,48.335540771484375,1437142
2008-08-06,22.278297424316406,50.695770263671875,51.325164794921875,50.25322723388672,50.538421630859375,2015896
2008-08-07,22.248044967651367,50.626930236816406,51.11864471435547,49.663169860839844,50.25322723388672,1836457
2008-08-08,23.09941864013672,52.56428527832031,52.63312530517578,49.38780975341797,49.62383270263672,1642967
2008-08-11,23.445146560668945,53.35102844238281,54.43280029296875,52.48561096191406,53.97058868408203,1772021
2008-08-12,23.860031127929688,54.29512023925781,54.97368621826172,53.675559997558594,54.05909729003906,2257949
2008-08-13,23.380327224731445,53.203514099121094,53.27235412597656,52.23975372314453,53.00682830810547,2876251
2008-08-14,23.025941848754883,52.39710235595703,52.652793884277344,52.043067932128906,52.47577667236328,2831518
2008-08-15,22.624034881591797,51.482513427734375,53.380531311035156,51.482513427734375,53.00682830810547,2734491
2008-08-18,21.876379013061523,49.78118133544922,50.705604553222656,49.73200988769531,50.16471862792969,2938339
2008-08-19,21.00339698791504,47.794654846191406,49.269798278808594,47.243934631347656,49.17145538330078,3068136
2008-08-20,21.318878173828125,48.51255798339844,49.15178680419922,47.460289001464844,47.82415771484375,2779409
2008-08-21,20.52801513671875,46.71288299560547,48.955101013183594,46.23100280761719,48.51255798339844,3886299
2008-08-22,20.18227767944336,45.92613983154297,46.437522888183594,45.76879119873047,46.221168518066406,3763558
2008-08-25,20.549625396728516,46.762054443359375,47.401283264160156,46.65387725830078,47.20459747314453,1866765
2008-08-26,19.901363372802734,45.28691101074219,45.70978546142578,44.99188232421875,45.434425354003906,3624132
2008-08-27,17.98253631591797,40.92048263549805,44.65751647949219,40.625457763671875,44.38215637207031,8855606
2008-08-28,18.18565559387207,41.382694244384766,42.48413848876953,39.327327728271484,39.5830192565918,7293094
2008-08-29,19.032716751098633,43.310218811035156,43.67408752441406,42.36612319946289,42.680824279785156,6625846
2008-09-01,19.443273544311523,44.244476318359375,44.40182113647461,43.182369232177734,43.51673889160156,2081676
2008-09-02,20.03533935546875,45.591773986816406,45.906471252441406,44.38215637207031,44.5985107421875,3031067
2008-09-03,19.758756637573242,44.962379455566406,46.73255157470703,44.805030822753906,46.063819885253906,2383770
2008-09-04,19.054323196411133,43.35939025878906,45.434425354003906,43.35939025878906,45.13939666748047,2532459
2008-09-05,18.151084899902344,41.30402374267578,42.29728317260742,40.94998550415039,41.07783126831055,3338635
2008-09-08,20.878068923950195,47.50946044921875,47.50946044921875,44.74602508544922,44.74602508544922,4963862
2008-09-09,19.36115837097168,44.05762481689453,46.88990020751953,43.703590393066406,46.683380126953125,3968407
2008-09-10,18.799339294433594,42.7791633605957,45.13939666748047,41.18600845336914,42.26778030395508,5259343
2008-09-11,18.155406951904297,41.3138542175293,42.552978515625,41.1368408203125,42.287452697753906,2696150
2008-09-12,19.01974868774414,43.28071212768555,43.418392181396484,41.933414459228516,42.877506256103516,2281271
2008-09-15,17.053380966186523,38.80611038208008,41.569549560546875,38.471744537353516,39.33716583251953,7656075
2008-09-16,15.903804779052734,36.190189361572266,36.62289810180664,35.60013198852539,36.426212310791016,5602378
2008-09-17,14.663482666015625,33.36774826049805,37.81284713745117,32.728519439697266,37.81284713745117,8541199
2008-09-18,11.257993698120117,25.618328094482422,29.316020965576172,25.559322357177734,26.690265655517578,19075949
2008-09-19,15.514852523803711,35.30510330200195,38.8454475402832,30.928844451904297,32.45315933227539,23522746
2008-09-22,16.335975646972656,37.17361831665039,41.54987716674805,35.91482925415039,41.30402374267578,8690431
2008-09-23,15.601288795471191,35.50178909301758,36.38687515258789,34.08565139770508,36.38687515258789,3326837
2008-09-24,17.286752700805664,39.33716583251953,39.33716583251953,36.38687515258789,36.40654373168945,2996858
2008-09-25,16.962617874145508,38.59959030151367,40.517276763916016,37.46864700317383,38.45207595825195,3162975
2008-09-26,16.55637550354004,37.675167083740234,40.123905181884766,35.60013198852539,40.123905181884766,3868991
2008-09-29,16.076677322387695,36.583560943603516,39.091304779052734,36.583560943603516,38.471744537353516,1839696
2008-09-30,15.990236282348633,36.38687515258789,36.38687515258789,31.076358795166016,31.42055892944336,3365278
2008-10-01,16.530452728271484,37.61616134643555,38.13737869262695,35.51162338256836,37.47848129272461,2143567
2008-10-02,16.62120819091797,37.82268142700195,39.22898483276367,37.66533279418945,38.75693893432617,2261236
2008-10-03,16.897794723510742,38.45207595825195,38.45207595825195,37.82268142700195,38.45207595825195,1714576
2008-10-06,15.12590503692627,34.42001724243164,37.56698989868164,34.42001724243164,37.124446868896484,1714384
2008-10-07,15.471644401550293,35.20676040649414,35.944332122802734,32.35481643676758,33.63327407836914,2668483
2008-10-08,14.04548454284668,31.961444854736328,33.80045700073242,31.961444854736328,32.94487380981445,2308111
2008-10-09,13.61331558227539,30.978015899658203,32.60067367553711,30.978015899658203,31.97127914428711,2698540
2008-10-10,12.32545280456543,28.04739761352539,29.207843780517578,26.060871124267578,28.027729034423828,5840014
2008-10-13,13.721356391906738,31.223873138427734,31.617244720458984,29.994586944580078,29.994586944580078,4818363
2008-10-14,15.3895263671875,35.0199089050293,36.190189361572266,34.66587448120117,35.20676040649414,4478954
2008-10-15,15.048114776611328,34.24300003051758,34.63637161254883,33.92830276489258,34.42001724243164,1770656
2008-10-16,13.851005554199219,31.518901824951172,31.754924774169922,31.076358795166016,31.479564666748047,2456303
2008-10-17,13.552806854248047,30.840335845947266,33.09238815307617,29.896244049072266,32.5515022277832,2000535
2008-10-20,13.78618049621582,31.371387481689453,31.912273406982422,30.55514144897461,31.322216033935547,1743762
2008-10-21,14.827710151672363,33.741451263427734,33.84962844848633,31.528736114501953,32.74818801879883,1526855
2008-10-22,14.257245063781738,32.44332504272461,34.17416000366211,32.27614212036133,32.63017654418945,1297498
2008-10-23,13.829397201538086,31.469730377197266,31.961444854736328,30.87967300415039,31.764759063720703,982887
2008-10-24,12.424849510192871,28.27358627319336,32.3449821472168,28.27358627319336,32.3449821472168,1656201
2008-10-27,11.668556213378906,26.55258560180664,28.234249114990234,26.365734100341797,28.224414825439453,1661999
2008-10-28,11.888959884643555,27.054134368896484,27.063968658447266,25.99203109741211,26.562419891357422,2373401
2008-10-29,12.31680679321289,28.027729034423828,29.886409759521484,27.909717559814453,29.502872467041016,2175569
2008-10-30,12.541535377502441,28.539112091064453,29.14883804321289,28.03756332397461,28.952152252197266,1931102
2008-10-31,12.705756187438965,28.91281509399414,29.207843780517578,28.244083404541016,28.568614959716797,4051148
2008-11-03,14.283171653747559,32.5023307800293,32.5023307800293,29.906078338623047,29.994586944580078,1206853
2008-11-04,14.693732261657715,33.436588287353516,33.57426834106445,31.174701690673828,32.35481643676758,1287889
2008-11-05,15.12590503692627,34.42001724243164,34.695377349853516,33.190731048583984,34.223331451416016,1378288
2008-11-06,13.742966651916504,31.27304458618164,33.21039962768555,31.27304458618164,32.35481643676758,1512464
2008-11-07,13.02556037902832,29.640552520751953,29.896244049072266,28.391597747802734,28.725963592529297,1740090
2008-11-10,12.882949829101562,29.316020965576172,31.253376007080078,29.119335174560547,31.223873138427734,1278266
2008-11-11,11.58643913269043,26.365734100341797,28.175243377685547,26.365734100341797,28.027729034423828,2567449
2008-11-12,11.64694595336914,26.503414154052734,27.427837371826172,25.775676727294922,26.060871124267578,1444002
2008-11-13,10.199180603027344,23.208925247192383,25.549488067626953,23.208925247192383,25.549488067626953,3089527
2008-11-14,9.82319450378418,22.353342056274414,25.333133697509766,22.353342056274414,24.831584930419922,1875265
2008-11-17,8.902674674987793,20.258638381958008,21.733783721923828,19.747255325317383,21.635440826416016,3113372
2008-11-18,10.372048377990723,23.602298736572266,25.59865951538086,21.202730178833008,21.202730178833008,4155427
2008-11-19,10.873363494873047,24.74307632446289,26.060871124267578,24.33987045288086,26.051036834716797,2163093
2008-11-20,11.668556213378906,26.55258560180664,26.55258560180664,22.49102210998535,23.602298736572266,2696977
2008-11-21,11.69448471069336,26.611591339111328,27.349163055419922,24.97909927368164,25.323299407958984,3187413
2008-11-24,12.635736465454102,27.09347152709961,27.09347152709961,25.67733383178711,26.060871124267578,1801523
2008-11-25,13.598892211914062,29.158672332763672,29.719226837158203,28.371929168701172,28.51944351196289,4651136
2008-11-26,13.328293800354004,28.578449249267578,29.207843780517578,28.11623764038086,29.207843780517578,2017160
2008-11-27,13.548442840576172,29.050495147705078,29.92574691772461,28.617786407470703,29.493038177490234,1296111
2008-11-28,13.621825218200684,29.207843780517578,29.827404022216797,28.44076919555664,28.44076919555664,2951891
2008-12-01,13.814457893371582,29.62088394165039,30.191272735595703,28.814472198486328,29.502872467041016,1034962
2008-12-02,12.021149635314941,25.775676727294922,28.411266326904297,25.775676727294922,27.132808685302734,1888119
2008-12-03,12.644906044006348,27.113140106201172,28.12607192993164,26.827945709228516,26.837779998779297,1401113
2008-12-04,12.979719161987305,27.831043243408203,28.27358627319336,27.358997344970703,28.027729034423828,1287144
2008-12-05,13.796111106872559,29.581546783447266,29.797901153564453,27.231151580810547,27.536014556884766,1314251
2008-12-08,13.713558197021484,29.404529571533203,30.24044418334961,28.716129302978516,30.043758392333984,1241409
2008-12-09,13.782353401184082,29.552043914794922,30.535472869873047,29.207843780517578,30.48630142211914,1520831
2008-12-10,13.988743782043457,29.994586944580078,30.48630142211914,29.07016372680664,29.493038177490234,1187996
2008-12-11,13.759418487548828,29.502872467041016,30.40762710571289,29.22751235961914,30.40762710571289,1418519
2008-12-12,12.956786155700684,27.781871795654297,29.188175201416016,27.211483001708984,29.011157989501953,1637430
2008-12-15,13.530097007751465,29.011157989501953,29.601215362548828,28.627620697021484,29.099666595458984,1498240
2008-12-16,12.84212875366211,27.536014556884766,28.371929168701172,27.240985870361328,28.371929168701172,1465338
2008-12-17,12.580697059631348,26.975460052490234,28.51944351196289,26.680431365966797,28.175243377685547,1619110
2008-12-18,12.741222381591797,27.319660186767578,27.437671661376953,26.30672836303711,26.94595718383789,2891344
2008-12-19,13.103555679321289,28.096569061279297,28.322757720947266,26.493579864501953,26.77877426147461,3300507
2008-12-22,12.681594848632812,27.191814422607422,28.096569061279297,27.054134368896484,28.096569061279297,712879
2008-12-23,13.071446418762207,28.027729034423828,28.027729034423828,26.85744857788086,27.044300079345703,506541
2008-12-24,13.071446418762207,28.027729034423828,28.027729034423828,26.85744857788086,27.044300079345703,506541
2008-12-29,12.846713066101074,27.545848846435547,28.322757720947266,27.10330581665039,28.027729034423828,613670
2008-12-30,13.213628768920898,28.332592010498047,28.617786407470703,28.322757720947266,28.499774932861328,420512
2008-12-31,13.213628768920898,28.332592010498047,28.617786407470703,28.322757720947266,28.499774932861328,420512
2009-01-02,13.374153137207031,28.67679214477539,28.99148941040039,28.401432037353516,28.51944351196289,498109
2009-01-05,13.695213317871094,29.365192413330078,29.640552520751953,29.266849517822266,29.502872467041016,1264546
2009-01-06,14.245587348937988,30.545307159423828,30.928844451904297,29.670055389404297,29.69955825805664,995355
2009-01-07,15.479351043701172,33.190731048583984,33.72178268432617,30.87967300415039,30.978015899658203,2108204
2009-01-08,14.906037330627441,31.961444854736328,32.59083938598633,30.673152923583984,30.978015899658203,2512112
2009-01-09,14.392350196838379,30.860004425048828,31.804096221923828,30.417461395263672,31.804096221923828,1328114
2009-01-12,14.089648246765137,30.210941314697266,30.446964263916016,30.00442123413086,30.25027847290039,551663
2009-01-13,14.089648246765137,30.210941314697266,30.741992950439453,29.955249786376953,30.47646713256836,547774
2009-01-14,14.039199829101562,30.102764129638672,30.761661529541016,29.62088394165039,30.25027847290039,881097
2009-01-15,13.250327110290527,28.411266326904297,29.257015228271484,28.214580535888672,29.257015228271484,885452
2009-01-16,12.920099258422852,27.703197479248047,28.814472198486328,27.437671661376953,28.50960922241211,955898
2009-01-19,12.92468547821045,27.713031768798828,27.909717559814453,27.536014556884766,27.791706085205078,916293
2009-01-20,12.365129470825195,26.513248443603516,27.270488739013672,26.454242706298828,27.240985870361328,1062648
2009-01-21,11.819340705871582,25.342966079711914,26.110042572021484,25.12661361694336,26.060871124267578,2569312
2009-01-22,11.741374969482422,25.175785064697266,26.39523696899414,25.087276458740234,25.864185333251953,2276146
2009-01-23,11.259793281555176,24.143184661865234,25.04793930053711,23.79898452758789,25.04793930053711,1978545
2009-01-27,11.580846786499023,24.831584930419922,25.077442169189453,24.625064849853516,25.077442169189453,2106540
2009-01-28,12.016557693481445,25.76584243774414,25.91335678100586,24.782413482666016,24.929927825927734,1706012
2009-01-29,12.369721412658691,26.523082733154297,26.63125991821289,25.933025360107422,26.62142562866211,2391509
2009-01-30,11.920245170593262,25.559322357177734,25.933025360107422,25.097110748291016,25.933025360107422,2441016
2009-02-02,11.328588485717773,24.29069709777832,25.04793930053711,24.29069709777832,24.929927825927734,904817
2009-02-03,11.342348098754883,24.320201873779297,24.792247772216797,24.202190399169922,24.58572769165039,1478083
2009-02-04,10.489265441894531,22.49102210998535,24.428377151489258,22.49102210998535,24.428377151489258,2778543
2009-02-05,11.067158699035645,23.730144500732422,24.280864715576172,22.786052703857422,23.258098602294922,1539916
2009-02-06,10.727761268615723,23.002405166625977,24.438213348388672,22.913898468017578,24.084178924560547,1327455
2009-02-09,10.631442070007324,22.79588508605957,23.838321685791016,22.68770980834961,23.700641632080078,994649
2009-02-10,10.85159969329834,23.267932891845703,23.307268142700195,22.61886978149414,22.61886978149414,1479277
2009-02-11,10.66355037689209,22.86472511291504,22.913898468017578,22.30417251586914,22.61886978149414,1130802
2009-02-12,10.732348442077637,23.012239456176758,23.267932891845703,22.579532623291016,22.579532623291016,1021030
2009-02-13,11.044225692749023,23.680971145629883,23.838321685791016,23.218761444091797,23.454784393310547,786139
2009-02-16,11.044225692749023,23.680971145629883,23.779315948486328,23.08108139038086,23.602298736572266,583268
2009-02-17,10.732348442077637,23.012239456176758,23.94649887084961,22.904062271118164,23.720308303833008,855614
2009-02-18,10.232423782348633,21.940303802490234,22.520526885986328,21.586267471313477,22.47135353088379,1288577
2009-02-19,10.03979206085205,21.527263641357422,22.009143829345703,21.527263641357422,21.93046760559082,1723608
2009-02-20,9.47106647491455,20.307809829711914,21.30107307434082,20.042285919189453,21.222400665283203,2896071
2009-02-23,9.127083778381348,19.57023811340332,20.258638381958008,19.24570655822754,20.258638381958008,2691322
2009-02-24,8.71888542175293,18.69498634338379,19.275209426879883,18.685152053833008,18.69498634338379,1599486
2009-02-25,8.475804328918457,18.173768997192383,19.314546585083008,18.173768997192383,19.078523635864258,1921807
2009-02-26,8.021740913391113,17.20017433166504,18.331117630004883,15.980722427368164,18.193437576293945,4093818
2009-02-27,7.787832260131836,16.698625564575195,17.013322830200195,16.403596878051758,16.7477970123291,4191229
2009-03-02,7.223696708679199,15.489007949829102,16.128236770629883,14.800606727600098,16.128236770629883,4499557
2009-03-03,7.980461120605469,17.111665725708008,17.20017433166504,14.751436233520508,15.144807815551758,3230776
2009-03-04,8.209786415100098,17.60338020324707,17.662385940551758,16.472436904907227,17.259180068969727,1951495
2009-03-05,8.301517486572266,17.800065994262695,18.439294815063477,16.914979934692383,18.38028907775879,2255482
2009-03-06,7.916253566741943,16.97398567199707,17.111665725708008,16.128236770629883,17.101831436157227,2087414
2009-03-09,7.916253566741943,16.97398567199707,17.6918888092041,16.787134170532227,17.485368728637695,1542527
2009-03-10,8.017156600952148,17.190340042114258,17.35752296447754,16.629785537719727,17.013322830200195,1208118
2009-03-11,8.37490177154541,17.957414627075195,18.193437576293945,17.819734573364258,17.898408889770508,2014278
2009-03-12,8.049261093139648,17.259180068969727,18.370454788208008,17.229677200317383,18.193437576293945,1331570
2009-03-13,8.948208808898926,19.18670082092285,19.226037979125977,17.75089454650879,17.76072883605957,2552864
2009-03-16,9.191291809082031,19.707918167114258,20.19963264465332,19.373552322387695,19.471895217895508,2155252
2009-03-17,10.021445274353027,21.487924575805664,21.517427444458008,19.904605865478516,19.904605865478516,2022715
2009-03-18,10.379189491271973,22.2549991607666,23.130252838134766,21.90096664428711,22.61886978149414,2167464
2009-03-19,11.282724380493164,24.192354202270508,24.261194229125977,22.86472511291504,23.258098602294922,4291088
2009-03-20,10.778214454650879,23.11058235168457,23.88749122619629,22.32383918762207,23.700641632080078,1731396
2009-03-23,10.915809631347656,23.40561294555664,23.56296157836914,22.422182083129883,22.61886978149414,1204792
2009-03-24,11.466184616088867,24.58572769165039,25.421642303466797,24.22185707092285,25.05777359008789,2275079
2009-03-25,10.915809631347656,23.40561294555664,24.58572769165039,23.356441497802734,24.389041900634766,1571498
2009-03-26,11.42949104309082,24.50705337524414,24.536556243896484,23.64163589477539,23.79898452758789,1642030
2009-03-27,11.677159309387207,25.038103103637695,25.274126052856445,24.82175064086914,25.038103103637695,3259758
2009-03-30,11.466184616088867,24.58572769165039,24.82175064086914,24.389041900634766,24.782413482666016,710202
2009-03-31,12.406413078308105,26.601757049560547,27.742534637451172,23.602298736572266,23.857990264892578,3760806
2009-04-01,12.108284950256348,25.962528228759766,27.378665924072266,25.323299407958984,27.132808685302734,1825562
2009-04-02,12.920099258422852,27.703197479248047,27.703197479248047,26.86728286743164,27.044300079345703,1790256
2009-04-03,13.507163047790527,28.961986541748047,29.29635238647461,28.12607192993164,28.20474624633789,2428500
2009-04-06,14.218066215515137,30.48630142211914,31.096027374267578,29.424198150634766,29.493038177490234,2292823
2009-04-07,13.525508880615234,29.001323699951172,30.86983871459961,29.001323699951172,30.437129974365234,1709858
2009-04-08,12.727462768554688,27.290157318115234,27.95888900756836,26.680431365966797,27.73270034790039,1411792
2009-04-09,13.250327110290527,28.411266326904297,29.011157989501953,27.64419174194336,27.64419174194336,1025356
2009-04-14,14.447393417358398,30.978015899658203,31.174701690673828,30.24044418334961,30.289615631103516,1315639
2009-04-15,14.240997314453125,30.535472869873047,31.223873138427734,29.994586944580078,30.48630142211914,1385968
2009-04-16,14.172204971313477,30.387958526611328,31.636913299560547,29.994586944580078,31.469730377197266,1597852
2009-04-17,14.126333236694336,30.289615631103516,31.489398956298828,30.289615631103516,30.987850189208984,1218688
2009-04-20,14.286863327026367,30.63381576538086,30.978015899658203,29.906078338623047,30.968181610107422,875762
2009-04-21,13.603477478027344,29.168506622314453,29.709392547607422,29.158672332763672,29.502872467041016,1264438
2009-04-22,13.89242935180664,29.788066864013672,30.25027847290039,29.709392547607422,30.191272735595703,1532136
2009-04-23,14.850996017456055,31.843433380126953,31.843433380126953,29.866741180419922,29.994586944580078,1883289
2009-04-24,14.6033296585083,31.312381744384766,31.568073272705078,30.56497573852539,31.27304458618164,3052722
2009-04-27,14.68588638305664,31.489398956298828,32.05978775024414,30.682987213134766,31.469730377197266,1401269
2009-04-28,14.584982872009277,31.27304458618164,32.45315933227539,31.03702163696289,31.50906753540039,1630144
2009-04-29,14.612504005432129,31.332050323486328,31.90243911743164,30.79116439819336,30.79116439819336,1712747
2009-04-30,15.35551643371582,32.92520523071289,32.94487380981445,32.05978775024414,32.11879348754883,2184762
2009-05-01,15.35551643371582,32.92520523071289,32.92520523071289,32.92520523071289,32.92520523071289,0
2009-05-04,15.603181838989258,33.45625686645508,33.45625686645508,29.709392547607422,30.48630142211914,5715525
2009-05-05,16.181079864501953,34.695377349853516,35.84598922729492,33.93813705444336,34.764217376708984,3570743
2009-05-06,15.777463912963867,33.829959869384766,34.538028717041016,33.751285552978516,34.223331451416016,1917094
2009-05-07,16.144386291503906,34.616703033447266,35.10841751098633,33.92830276489258,33.977474212646484,3343548
2009-05-08,16.281980514526367,34.9117317199707,35.28543472290039,33.63327407836914,33.73161697387695,2665358
2009-05-11,17.62420654296875,37.33096694946289,37.33096694946289,34.51836013793945,35.41328048706055,4279465
2009-05-12,16.644567489624023,35.25593185424805,36.31803512573242,34.94123458862305,35.6984748840332,2800426
2009-05-13,16.13385772705078,34.17416000366211,35.078914642333984,33.9676399230957,34.96090316772461,1872787
2009-05-14,15.558145523071289,32.954708099365234,33.52509689331055,32.482662200927734,33.25957107543945,3002718
2009-05-15,16.064210891723633,34.02664566040039,34.213497161865234,33.593936920166016,33.92830276489258,1491605
2009-05-18,15.567431449890137,32.9743766784668,33.53493118286133,32.807193756103516,33.436588287353516,1351367
2009-05-19,15.878499984741211,33.63327407836914,34.065982818603516,33.37758255004883,33.80045700073242,1352675
2009-05-20,15.906354904174805,33.69227981567383,33.829959869384766,33.348079681396484,33.62343978881836,1137073
2009-05-21,15.901716232299805,33.68244552612305,33.85946273803711,33.2890739440918,33.77095413208008,1656011
2009-05-22,15.548860549926758,32.93503952026367,33.190731048583984,32.35481643676758,33.06288528442383,1895285
2009-05-25,14.522791862487793,30.761661529541016,32.403987884521484,30.515804290771484,31.636913299560547,2985102
2009-05-26,14.624935150146484,30.978015899658203,30.978015899658203,30.09292984008789,30.39779281616211,2541279
2009-05-27,14.476362228393555,30.663318634033203,31.646747589111328,30.387958526611328,31.223873138427734,2341316
2009-05-28,14.17922306060791,30.033924102783203,30.63381576538086,29.552043914794922,30.24044418334961,1897994
2009-05-29,14.694572448730469,31.125530242919922,31.361553192138672,30.63381576538086,31.214038848876953,2865018
2009-06-01,16.430994033813477,34.80355453491211,34.842891693115234,31.74509048461914,31.74509048461914,3565643
2009-06-02,16.853492736816406,35.6984748840332,36.6425666809082,35.30510330200195,35.42311477661133,4014700
2009-06-03,16.969566345214844,35.944332122802734,36.4360466003418,34.95106887817383,35.708309173583984,2631778
2009-06-04,16.807064056396484,35.60013198852539,36.504886627197266,35.53129196166992,36.4852180480957,2828849
2009-06-05,17.12278175354004,36.268863677978516,36.93759536743164,36.06234359741211,36.583560943603516,2454422
2009-06-09,17.104211807250977,36.22952651977539,37.09494400024414,35.9640007019043,36.09184646606445,2242685
2009-06-10,17.944562911987305,38.0095329284668,38.28489303588867,36.40654373168945,36.68190383911133,2458566
2009-06-11,18.283491134643555,38.727439880371094,40.02556228637695,38.18655014038086,39.21915054321289,2565693
2009-06-12,18.181350708007812,38.51108169555664,39.6321907043457,38.25539016723633,39.47484588623047,1592415
2009-06-15,18.139564514160156,38.422576904296875,39.35683059692383,38.157047271728516,38.35373306274414,1529292
2009-06-16,17.457061767578125,36.976932525634766,38.3734016418457,36.416378021240234,38.10787582397461,2275806
2009-06-17,16.69099235534668,35.35427474975586,36.731075286865234,35.35427474975586,36.426212310791016,2402992
2009-06-18,17.164566040039062,36.35737228393555,36.78024673461914,35.60013198852539,35.93449783325195,2088328
2009-06-19,17.29456329345703,36.63273239135742,37.41947555541992,36.495052337646484,36.495052337646484,1544927
2009-06-22,17.5592098236084,37.19328689575195,37.26212692260742,35.99350357055664,36.54422378540039,1812163
2009-06-23,16.602781295776367,35.167423248291016,36.190189361572266,34.921566009521484,35.83615493774414,2209214
2009-06-24,16.430994033813477,34.80355453491211,35.59029769897461,34.2331657409668,35.41328048706055,2041629
2009-06-25,16.686351776123047,35.34444046020508,35.482120513916016,34.83305740356445,35.0690803527832,1831143
2009-06-26,17.53598976135254,37.14411544799805,37.34080123901367,35.944332122802734,36.37704086303711,3438740
2009-06-29,17.5499210357666,37.17361831665039,38.078372955322266,36.9572639465332,37.25229263305664,2143901
2009-06-30,18.153488159179688,38.45207595825195,39.20931625366211,38.078372955322266,38.18655014038086,2392117
2009-07-01,17.387418746948242,36.82941818237305,37.61616134643555,36.39670944213867,37.18345260620117,1809362
2009-07-02,17.642776489257812,37.370304107666016,37.54732131958008,36.92776107788086,37.03593826293945,952889
2009-07-03,17.183135986328125,36.39670944213867,36.573726654052734,35.93449783325195,36.4360466003418,1273209
2009-07-06,16.8813533782959,35.75748062133789,36.1705207824707,35.58046340942383,35.796817779541016,897270
2009-07-07,16.92313575744629,35.84598922729492,36.55405807495117,35.6493034362793,35.6493034362793,1026849
2009-07-08,16.872068405151367,35.73781204223633,35.796817779541016,34.774051666259766,34.82322311401367,1400077
2009-07-09,16.612070083618164,35.18709182739258,35.37394332885742,34.89206314086914,35.20676040649414,1023506
2009-07-10,16.751352310180664,35.482120513916016,35.482120513916016,34.695377349853516,34.78388595581055,1269555
2009-07-13,16.421709060668945,34.78388595581055,35.72797775268555,34.616703033447266,35.403446197509766,981800
2009-07-14,17.178491592407227,36.38687515258789,36.38687515258789,35.6493034362793,35.6984748840332,1584773
2009-07-15,17.60099220275879,37.281795501708984,37.61616134643555,36.77041244506836,37.1146125793457,1922178
2009-07-16,18.134918212890625,38.41273880004883,39.091304779052734,37.989864349365234,38.66843032836914,1957073
2009-07-17,17.610275268554688,37.30146408081055,38.943790435791016,37.30146408081055,38.92412185668945,1623253
2009-07-20,17.735639572143555,37.56698989868164,38.59959030151367,37.50798416137695,37.61616134643555,2081147
2009-07-21,18.01420021057129,38.157047271728516,38.34389877319336,37.3801383972168,37.97019577026367,1460373
2009-07-22,18.52491569519043,39.23881912231445,39.36666488647461,38.01936721801758,38.10787582397461,2371007
2009-07-23,19.407054901123047,41.10733413696289,41.54004669189453,39.07163619995117,39.22898483276367,1774053
2009-07-24,18.571348190307617,39.33716583251953,41.697391510009766,39.14047622680664,41.697391510009766,2791084
2009-07-27,19.47669792175293,41.25484848022461,41.294185638427734,40.035396575927734,40.517276763916016,1919128
2009-07-28,19.931699752807617,42.21861267089844,42.238277435302734,40.625457763671875,41.24501419067383,1988941
2009-07-29,20.094202041625977,42.56281280517578,44.10679626464844,41.402366638183594,41.55971145629883,2885287
2009-07-30,20.289188385009766,42.97584915161133,43.998619079589844,41.91374969482422,42.041595458984375,3040057
2009-07-31,20.437759399414062,43.290550231933594,43.95927810668945,43.19220733642578,43.526573181152344,4175492
2009-08-03,20.493480682373047,43.40856170654297,43.87077331542969,43.182369232177734,43.369224548339844,1836373
2009-08-04,20.744192123413086,43.939613342285156,44.14613342285156,43.74292755126953,44.087127685546875,1821231
2009-08-05,20.0106258392334,42.38579559326172,44.13629913330078,42.24811553955078,44.12646484375,2122610
2009-08-06,20.665260314941406,43.772430419921875,43.841270446777344,42.38579559326172,42.60214614868164,1947093
2009-08-07,20.409910202026367,43.231544494628906,43.95927810668945,42.62181854248047,43.95927810668945,1716897
2009-08-10,20.655977249145508,43.75276184082031,44.43132781982422,43.51673889160156,43.55607223510742,2578239
2009-08-11,21.110971450805664,44.716522216796875,44.716522216796875,43.762596130371094,43.91011047363281,1691055
2009-08-12,21.03204917907715,44.549339294433594,45.119728088378906,44.04779052734375,44.726356506347656,1984776
2009-08-13,21.473119735717773,45.48359680175781,45.48359680175781,44.795196533203125,45.05088806152344,1625914
2009-08-14,21.825973510742188,46.23100280761719,46.929237365722656,46.07365417480469,46.10315704345703,2235423
2009-08-17,21.064552307128906,44.61817932128906,46.1719970703125,44.35265350341797,45.68028259277344,1347354
2009-08-18,20.65134048461914,43.74292755126953,44.19530487060547,43.51673889160156,43.66425323486328,1977032
2009-08-19,21.17597770690918,44.85420227050781,46.26050567626953,44.74602508544922,45.23773956298828,2973901
2009-08-20,21.199190139770508,44.90337371826172,46.614540100097656,44.51000213623047,46.56536865234375,1339266
2009-08-21,20.69776725769043,43.841270446777344,45.28691101074219,43.08402633666992,44.99188232421875,1750273
2009-08-24,21.630970001220703,45.817962646484375,45.975311279296875,45.13939666748047,45.13939666748047,1527095
2009-08-25,22.08597183227539,46.78172302246094,47.20459747314453,45.63111114501953,45.729454040527344,1530585
2009-08-26,22.304189682006836,47.243934631347656,47.67664337158203,47.03741455078125,47.243934631347656,1409200
2009-08-27,22.304189682006836,47.243934631347656,47.696311950683594,46.97840881347656,47.243934631347656,1149267
2009-08-28,22.7266845703125,48.13885498046875,48.13885498046875,47.36194610595703,47.45045471191406,2478365
2009-08-31,23.58560562133789,49.95819854736328,50.853118896484375,48.67974090576172,48.896095275878906,2350344
2009-09-01,23.701683044433594,50.20405578613281,50.941627502441406,49.33863830566406,49.40747833251953,1949791
2009-09-02,22.903114318847656,48.51255798339844,49.525489807128906,48.28636932373047,48.404380798339844,2781990
2009-09-03,22.85668182373047,48.414215087890625,48.728912353515625,47.76515197753906,48.266700744628906,1610799
2009-09-04,22.610610961914062,47.89299774169922,49.41731262207031,47.88316345214844,49.17145538330078,2297622
2009-09-07,22.550262451171875,47.76515197753906,48.876426696777344,47.696311950683594,48.188026428222656,1002002
2009-09-08,23.399898529052734,49.56482696533203,49.62383270263672,47.84382629394531,47.84382629394531,1479078
2009-09-09,23.084178924560547,48.896095275878906,49.71234130859375,48.44371795654297,49.71234130859375,1655075
2009-09-10,23.181686401367188,49.10261535644531,49.54515838623047,48.61090087890625,49.07311248779297,1397522
2009-09-11,23.098112106323242,48.92559814453125,49.54515838623047,48.728912353515625,49.53532409667969,1602868
2009-09-14,22.64775276184082,47.97167205810547,48.76824951171875,47.59796905517578,48.581398010253906,1825958
2009-09-15,22.861326217651367,48.424049377441406,48.43388366699219,47.696311950683594,48.217529296875,1826935
2009-09-16,23.771320343017578,50.35157012939453,50.705604553222656,48.817420959472656,48.91576385498047,2475244
2009-09-17,24.83917808532715,52.61345672607422,53.10517120361328,51.334999084472656,51.44317626953125,3283586
2009-09-18,25.28023910522461,53.54771423339844,53.54771423339844,51.875885009765625,52.111907958984375,4108009
2009-09-21,25.229175567626953,53.439537048339844,53.89191436767578,52.85931396484375,53.252685546875,1384033
2009-09-22,25.4381046295166,53.882080078125,53.90174865722656,52.574119567871094,52.77080535888672,1389525
2009-09-23,26.756668090820312,56.675018310546875,56.675018310546875,54.88517761230469,54.954017639160156,1940912
2009-09-24,26.4084529876709,55.93744659423828,57.029052734375,55.268714904785156,55.36705780029297,2418829
2009-09-25,26.45952796936035,56.045623779296875,56.920875549316406,55.08186340332031,55.31788635253906,4884570
2009-09-28,26.492021560668945,56.114463806152344,56.23247528076172,55.08186340332031,55.51457214355469,1758460
2009-09-29,26.710233688354492,56.57667541503906,57.43225860595703,56.54717254638672,56.79302978515625,1683620
2009-09-30,27.29524040222168,57.8157958984375,57.82563018798828,56.57667541503906,56.57667541503906,2273187
2009-10-01,26.844884872436523,56.86186981201172,57.776458740234375,56.271812438964844,57.137229919433594,1868556
2009-10-02,25.44273567199707,53.89191436767578,54.72782897949219,53.842742919921875,54.393463134765625,2341536
2009-10-05,24.119531631469727,51.089141845703125,52.987159729003906,50.96129608154297,52.416770935058594,2557212
2009-10-06,24.607032775878906,52.121742248535156,53.01666259765625,51.69886779785156,52.76097106933594,1646647
2009-10-07,26.02309799194336,55.12120056152344,55.20970916748047,53.223182678222656,53.223182678222656,1628321
2009-10-08,26.19488525390625,55.485069274902344,55.53424072265625,54.09843444824219,55.032691955566406,1337283
2009-10-09,26.649883270263672,56.448829650878906,56.842201232910156,54.80650329589844,56.00628662109375,2057717
2009-10-12,25.990598678588867,55.05236053466797,56.901206970214844,54.59998321533203,56.77336120605469,1327830
2009-10-13,25.684175491333008,54.403297424316406,55.878440856933594,54.393463134765625,55.21954345703125,1666233
2009-10-14,26.120595932006836,55.327720642089844,55.6129150390625,54.09843444824219,54.403297424316406,1198671
2009-10-15,26.120595932006836,55.327720642089844,56.448829650878906,55.00318908691406,56.055458068847656,1592215
2009-10-16,25.577390670776367,54.17710876464844,55.170372009277344,54.147605895996094,54.875343322753906,918816
2009-10-19,25.131675720214844,53.23301696777344,53.773902893066406,52.810142517089844,53.773902893066406,1334664
2009-10-20,25.326669692993164,53.64605712890625,54.43280029296875,53.64605712890625,54.18694305419922,1387505
2009-10-21,25.062028884887695,53.08550262451172,53.19367980957031,52.495445251464844,52.515113830566406,1196036
2009-10-22,24.653459548950195,52.22008514404297,52.898651123046875,52.121742248535156,52.23975372314453,1582877
2009-10-23,24.71845817565918,52.357765197753906,53.10517120361328,51.728370666503906,53.055999755859375,1741306
2009-10-26,24.699888229370117,52.31842803955078,52.593788146972656,51.22682189941406,51.630027770996094,1980829
2009-10-27,24.2263240814209,51.315330505371094,51.90538787841797,51.21698760986328,51.42350769042969,1733623
2009-10-28,23.645967483520508,50.08604431152344,51.718536376953125,50.08604431152344,51.13831329345703,2045613
2009-10-29,22.865966796875,48.43388366699219,49.17145538330078,47.99134063720703,48.738746643066406,3668846
2009-10-30,23.21418571472168,49.17145538330078,50.40074157714844,48.974769592285156,50.32206726074219,4596156
2009-11-02,22.076688766479492,46.762054443359375,47.20459747314453,46.368682861328125,47.05708312988281,2185272
2009-11-03,21.85382843017578,46.290008544921875,47.09642028808594,46.23100280761719,46.830894470214844,1393027
2009-11-04,22.327402114868164,47.29310607910156,47.29310607910156,45.95564270019531,46.063819885253906,2434274
2009-11-05,22.12311363220215,46.86039733886719,47.59796905517578,46.46702575683594,47.59796905517578,1782264
2009-11-06,23.028467178344727,48.77808380126953,48.86659240722656,47.45045471191406,48.28636932373047,1964739
2009-11-09,23.58039665222168,49.01410675048828,49.02394104003906,48.581398010253906,48.82725524902344,2944797
2009-11-10,23.81695556640625,49.505821228027344,50.25322723388672,49.10261535644531,49.918861389160156,2380726
2009-11-11,23.19243812561035,48.20769500732422,49.515655517578125,47.84382629394531,49.08294677734375,1827745
2009-11-12,23.40534019470215,48.650238037109375,49.0042724609375,48.089683532714844,48.728912353515625,1558328
2009-11-13,23.112009048461914,48.04051208496094,48.483055114746094,47.794654846191406,48.404380798339844,1551122
2009-11-16,23.239748001098633,48.30603790283203,48.502723693847656,48.07984924316406,48.07984924316406,1510721
2009-11-17,23.05050277709961,47.91266632080078,48.86659240722656,47.73564910888672,48.86659240722656,1756970
2009-11-18,23.09781265258789,48.011009216308594,48.63056945800781,47.706146240234375,47.81432342529297,1785400
2009-11-19,23.15458869934082,48.12902069091797,48.55189514160156,47.794654846191406,48.22736358642578,1082679
2009-11-20,22.714584350585938,47.21443176269531,47.7454833984375,47.007911682128906,47.706146240234375,1542696
2009-11-23,22.757165908813477,47.302940368652344,47.7454833984375,47.17509460449219,47.7454833984375,759185
2009-11-24,22.62468719482422,47.02758026123047,48.011009216308594,46.89973449707031,47.41111755371094,1506362
2009-11-25,22.61049461364746,46.998077392578125,47.19476318359375,46.30967712402344,47.02758026123047,1799086
2009-11-26,22.591567993164062,46.958740234375,47.312774658203125,46.604705810546875,47.1160888671875,1120445
2009-11-27,21.45134735107422,44.58867645263672,45.13939666748047,44.155967712402344,44.942710876464844,3274800
2009-11-30,22.709848403930664,47.20459747314453,47.28327178955078,45.77862548828125,45.77862548828125,3929402
2009-12-01,22.946413040161133,47.696311950683594,47.696311950683594,46.64404296875,46.97840881347656,1931552
2009-12-02,22.757165908813477,47.302940368652344,48.483055114746094,47.243934631347656,48.38471221923828,1960893
2009-12-03,23.225557327270508,48.27653503417969,48.36504364013672,47.312774658203125,47.312774658203125,1863996
2009-12-04,22.932218551635742,47.66680908203125,48.14868927001953,47.322608947753906,47.706146240234375,1144572
2009-12-07,22.709848403930664,47.20459747314453,48.27653503417969,46.78172302246094,48.13885498046875,1282446
2009-12-08,22.875444412231445,47.548797607421875,47.67664337158203,46.909568786621094,46.998077392578125,937053
2009-12-09,22.78555679321289,47.36194610595703,47.59796905517578,46.71288299560547,46.81122589111328,1130216
2009-12-10,22.18941879272461,46.122825622558594,47.35211181640625,46.11299133300781,47.19476318359375,1849063
2009-12-11,22.657806396484375,47.09642028808594,47.381614685058594,46.56536865234375,46.71288299560547,1529814
2009-12-14,22.520606994628906,46.81122589111328,47.10625457763672,46.16216278076172,47.10625457763672,1059259
2009-12-15,22.487485885620117,46.74238586425781,47.09642028808594,46.42768859863281,46.71288299560547,1049485
2009-12-16,22.4969482421875,46.762054443359375,46.89973449707031,46.290008544921875,46.71288299560547,1273343
2009-12-17,21.929197311401367,45.581939697265625,47.1160888671875,45.45409393310547,46.81122589111328,3144324
2009-12-18,21.739953994750977,45.188568115234375,45.345916748046875,44.254310607910156,44.30348205566406,3097520
2009-12-21,21.67844581604004,45.06072235107422,46.16216278076172,45.06072235107422,45.975311279296875,816048
2009-12-22,22.09952163696289,45.93597412109375,46.00481414794922,45.513099670410156,45.739288330078125,1016141
2009-12-23,22.444904327392578,46.65387725830078,46.87023162841797,45.77862548828125,45.93597412109375,955783
2009-12-24,22.709848403930664,47.20459747314453,47.25376892089844,46.56536865234375,46.840728759765625,558214
2009-12-29,22.7902774810791,47.37178039550781,47.96183776855469,47.302940368652344,47.64714050292969,660180
2009-12-30,22.705120086669922,47.19476318359375,47.588134765625,47.13575744628906,47.49962615966797,439866
2009-12-31,22.89910125732422,47.59796905517578,47.637306213378906,46.929237365722656,47.05708312988281,653966
2010-01-04,22.709848403930664,47.20459747314453,47.548797607421875,47.05708312988281,47.35211181640625,689670
2010-01-05,23.14985466003418,48.11918640136719,48.20769500732422,47.696311950683594,47.696311950683594,2344178
2010-01-06,23.28232192993164,48.39454650878906,48.47322082519531,48.325706481933594,48.345375061035156,2496391
2010-01-07,22.941680908203125,47.68647766113281,48.63056945800781,47.312774658203125,48.63056945800781,2070003
2010-01-08,23.135662078857422,48.089683532714844,48.178192138671875,47.90283203125,48.04051208496094,1486022
2010-01-11,23.135662078857422,48.089683532714844,48.15852355957031,47.97167205810547,48.15852355957031,2373034
2010-01-12,22.894367218017578,47.588134765625,48.089683532714844,47.50946044921875,48.00117492675781,1208268
2010-01-13,23.007915496826172,47.82415771484375,47.82415771484375,47.322608947753906,47.57830047607422,1973673
2010-01-14,23.859539031982422,49.594329833984375,49.594329833984375,47.72581481933594,47.7454833984375,2765603
2010-01-15,23.944698333740234,49.77134704589844,50.154884338378906,49.23046112060547,50.076210021972656,2349190
2010-01-18,24.460403442382812,50.843284606933594,51.079307556152344,49.0042724609375,49.07311248779297,2661799
2010-01-19,24.460403442382812,50.843284606933594,51.472679138183594,50.43024444580078,51.325164794921875,1901530
2010-01-20,24.928791046142578,51.81687927246094,52.14141082763672,51.334999084472656,51.82671356201172,2389100
2010-01-21,25.217397689819336,52.416770935058594,52.77080535888672,51.13831329345703,51.58085632324219,3087186
2010-01-22,24.413087844848633,50.74494171142578,51.30549621582031,50.076210021972656,51.13831329345703,3474633
2010-01-25,24.271154403686523,50.449913024902344,50.705604553222656,49.08294677734375,49.17145538330078,1908079
2010-01-27,24.290084838867188,50.48925018310547,50.853118896484375,49.673004150390625,50.449913024902344,3081671
2010-01-28,24.138681411743164,50.17455291748047,50.66626739501953,49.77134704589844,50.548255920410156,1986133
2010-01-29,23.731796264648438,49.32880401611328,49.95819854736328,49.25996398925781,49.87952423095703,3567987
2010-02-01,23.561471939086914,48.974769592285156,50.51875305175781,48.82725524902344,49.053443908691406,1905061
2010-02-02,23.84534454345703,49.56482696533203,50.302398681640625,49.18128967285156,50.145050048828125,1598725
2010-02-03,25.07546043395996,52.121742248535156,52.22008514404297,49.85002136230469,50.154884338378906,2986304
2010-02-04,25.174816131591797,52.32826232910156,52.32826232910156,51.403839111328125,51.8365478515625,2400513
2010-02-05,23.764911651611328,49.39764404296875,50.548255920410156,49.043609619140625,50.28273010253906,3249815
2010-02-08,23.821683883666992,49.515655517578125,50.381072998046875,49.33863830566406,49.55499267578125,1434696
2010-02-09,22.36920928955078,46.49652862548828,47.20459747314453,45.896636962890625,47.01774597167969,4701334
2010-02-10,22.165767669677734,46.07365417480469,47.48979187011719,45.76879119873047,47.10625457763672,3156662
2010-02-11,22.582107543945312,46.93907165527344,47.18492889404297,45.45409393310547,45.63111114501953,2087428
2010-02-12,22.402320861816406,46.56536865234375,47.92250061035156,46.02448272705078,47.89299774169922,1527652
2010-02-15,22.3408203125,46.437522888183594,46.830894470214844,46.053985595703125,46.211334228515625,944177
2010-02-16,21.96232032775879,45.650779724121094,47.007911682128906,45.267242431640625,46.8013916015625,1565687
2010-02-17,22.37866973876953,46.516197204589844,46.762054443359375,45.87696838378906,46.594871520996094,1611142
2010-02-18,22.32189178466797,46.39818572998047,46.919403076171875,46.02448272705078,46.919403076171875,2323214
2010-02-19,21.88188362121582,45.48359680175781,46.71288299560547,45.257408142089844,46.71288299560547,1919860
2010-02-22,22.284034729003906,46.31951141357422,46.368682861328125,46.044151306152344,46.27033996582031,1445157
2010-02-23,22.4969482421875,46.762054443359375,47.18492889404297,46.132659912109375,46.299842834472656,1718640
2010-02-24,21.91973876953125,45.56227111816406,46.30967712402344,45.32624816894531,46.132659912109375,1768678
2010-02-25,21.385112762451172,44.45099639892578,46.211334228515625,44.323150634765625,46.211334228515625,2000967
2010-02-26,21.413494110107422,44.51000213623047,45.100059509277344,44.02811813354492,45.031219482421875,3204344
2010-03-01,21.763608932495117,45.23773956298828,45.30657958984375,44.549339294433594,44.73619079589844,1304188
2010-03-02,21.84403419494629,45.40492248535156,45.91630554199219,45.30657958984375,45.827796936035156,1173107
2010-03-03,22.047483444213867,45.827796936035156,45.92613983154297,45.28691101074219,45.40492248535156,1624223
2010-03-04,22.3597412109375,46.47686004638672,46.65387725830078,45.87696838378906,46.19166564941406,2328581
2010-03-05,22.73824119567871,47.26360321044922,47.588134765625,46.66371154785156,46.683380126953125,2399596
2010-03-08,23.44319725036621,48.728912353515625,48.98460388183594,48.109352111816406,48.35520935058594,3053747
2010-03-09,23.1025447845459,48.020843505859375,48.38471221923828,47.853660583496094,48.31587219238281,1935231
2010-03-10,23.206632614135742,48.23719787597656,48.719078063964844,48.00117492675781,48.011009216308594,1627837
2010-03-11,23.37222671508789,48.581398010253906,48.85675811767578,48.335540771484375,48.335540771484375,1505908
2010-03-12,23.54254913330078,48.93543243408203,49.3189697265625,48.66990661621094,48.6895751953125,1470666
2010-03-15,23.13092803955078,48.07984924316406,48.896095275878906,47.942169189453125,48.492889404296875,1315285
2010-03-16,23.012643814086914,47.83399200439453,48.44371795654297,47.49962615966797,48.28636932373047,1499357
2010-03-17,23.35802459716797,48.55189514160156,48.719078063964844,48.188026428222656,48.325706481933594,1522326
2010-03-18,23.495235443115234,48.83708953857422,49.132118225097656,48.69940948486328,48.876426696777344,2157467
2010-03-19,23.38167953491211,48.60106658935547,49.584495544433594,48.55189514160156,48.974769592285156,1433401
2010-03-22,23.28706169128418,48.404380798339844,48.581398010253906,47.637306213378906,48.188026428222656,1030677
2010-03-23,23.575664520263672,49.0042724609375,49.25012969970703,48.728912353515625,48.876426696777344,1304192
2010-03-24,23.613515853881836,49.08294677734375,49.9483642578125,49.053443908691406,49.269798278808594,1575351
2010-03-25,23.495235443115234,48.83708953857422,49.06327819824219,48.62073516845703,48.85675811767578,1003560
2010-03-26,23.608783721923828,49.07311248779297,49.14195251464844,48.089683532714844,48.59123229980469,3067038
2010-03-29,23.414804458618164,48.66990661621094,49.01410675048828,48.43388366699219,48.92559814453125,1081064
2010-03-30,23.02684211730957,47.863494873046875,48.719078063964844,47.696311950683594,48.66990661621094,2085804
2010-03-31,22.355010986328125,46.46702575683594,47.60780334472656,46.41785430908203,47.44062042236328,2696964
2010-04-01,22.288780212402344,46.329345703125,46.850563049316406,46.19166564941406,46.368682861328125,2040365
2010-04-06,22.79501724243164,47.381614685058594,47.80448913574219,47.007911682128906,47.05708312988281,1790688
2010-04-07,23.301254272460938,48.43388366699219,48.44371795654297,47.696311950683594,48.13885498046875,2519951
2010-04-08,23.26340675354004,48.35520935058594,48.60106658935547,48.0601806640625,48.23719787597656,1617010
2010-04-09,23.35802459716797,48.55189514160156,48.86659240722656,48.5322265625,48.67974090576172,1630952
2010-04-12,23.3958797454834,48.63056945800781,48.974769592285156,48.39454650878906,48.78791809082031,1346958
2010-04-13,23.656095504760742,49.17145538330078,49.515655517578125,48.581398010253906,48.640403747558594,2315309
2010-04-14,23.84534454345703,49.56482696533203,49.65333557128906,49.37797546386719,49.64350128173828,1099686
2010-04-15,24.5692195892334,51.06947326660156,51.10881042480469,50.11554718017578,50.154884338378906,2050164
2010-04-16,24.40835952758789,50.735107421875,51.03013610839844,50.41057586669922,50.8924560546875,947619
2010-04-19,23.774368286132812,49.41731262207031,49.525489807128906,49.122283935546875,49.3189697265625,1604420
2010-04-20,23.689212799072266,49.24029541015625,50.18438720703125,49.191123962402344,50.12538146972656,1195873
2010-04-21,24.05824851989746,50.00736999511719,50.469581604003906,49.71234130859375,49.761512756347656,1961869
2010-04-22,23.868999481201172,49.61399841308594,49.77134704589844,49.18128967285156,49.38780975341797,852578
2010-04-23,23.656095504760742,49.17145538330078,49.48615264892578,48.974769592285156,49.39764404296875,2526043
2010-04-27,23.679750442504883,49.22062683105469,49.663169860839844,49.09278106689453,49.38780975341797,1683585
2010-04-28,23.310720443725586,48.45355224609375,48.660072326660156,47.75531768798828,48.178192138671875,1641841
2010-04-29,22.875444412231445,47.548797607421875,48.45355224609375,47.548797607421875,48.28636932373047,1679341
2010-04-30,23.793298721313477,49.45664978027344,49.820518493652344,48.089683532714844,48.178192138671875,5420627
2010-05-03,23.452651977539062,48.74858093261719,49.15178680419922,48.188026428222656,48.67974090576172,1654872
2010-05-04,23.135662078857422,48.089683532714844,49.40747833251953,47.853660583496094,49.17145538330078,1348642
2010-05-05,22.686199188232422,47.155426025390625,47.57830047607422,46.50636291503906,47.21443176269531,2420361
2010-05-06,22.137380599975586,46.0146484375,46.78172302246094,45.739288330078125,46.71288299560547,2242472
2010-05-07,21.541234970092773,44.7755241394043,45.699951171875,43.28071212768555,43.89044189453125,4558241
2010-05-10,22.59153938293457,45.84746551513672,46.19166564941406,44.82469940185547,45.24757385253906,2426041
2010-05-11,22.25232696533203,45.15906524658203,46.516197204589844,44.83453369140625,46.516197204589844,1977524
2010-05-12,21.99065399169922,44.628013610839844,45.414756774902344,44.30348205566406,44.549339294433594,2089722
2010-05-13,22.96467399597168,46.604705810546875,46.70304870605469,45.45409393310547,45.63111114501953,1933026
2010-05-14,22.79991912841797,46.27033996582031,46.693214416503906,45.64094543457031,45.827796936035156,1327339
2010-05-17,22.276552200317383,45.20823669433594,45.94580841064453,44.883705139160156,45.63111114501953,1515194
2010-05-18,22.339550018310547,45.336082458496094,45.77862548828125,44.74602508544922,45.76879119873047,1531315
2010-05-19,21.947032928466797,44.53950500488281,44.716522216796875,43.585575103759766,43.91011047363281,2557507
2010-05-20,21.564207077026367,43.762596130371094,45.13939666748047,43.457733154296875,44.087127685546875,3194686
2010-05-21,21.1959228515625,43.01518630981445,43.113529205322266,40.861480712890625,40.861480712890625,4255238
2010-05-24,21.583593368530273,43.80193328857422,43.80193328857422,42.43496322631836,43.51673889160156,6562553
2010-05-25,20.5708065032959,41.74656677246094,43.2512092590332,41.500709533691406,42.97584915161133,2325436
2010-05-26,20.658031463623047,41.923580169677734,43.21187210083008,41.89407730102539,42.7791633605957,2562315
2010-05-27,20.973018646240234,42.56281280517578,42.72999572753906,41.382694244384766,41.75639724731445,2152057
2010-05-28,21.370376586914062,43.369224548339844,43.7232551574707,43.310218811035156,43.43806457519531,2901361
2010-05-31,20.997241973876953,42.61198043823242,43.074195861816406,42.0809326171875,42.0809326171875,2247583
2010-06-01,20.67256736755371,41.953086853027344,42.50380325317383,41.59904861450195,42.38579559326172,2299572
2010-06-02,20.75494956970215,42.120269775390625,42.749664306640625,41.65805435180664,41.67772674560547,2048510
2010-06-03,21.30738067626953,43.24137878417969,43.379058837890625,42.680824279785156,43.113529205322266,2067243
2010-06-04,21.443065643310547,43.51673889160156,43.66425323486328,43.074195861816406,43.12336730957031,1895834
2010-06-07,20.532041549682617,41.66789245605469,42.48413848876953,41.30402374267578,42.277618408203125,2766228
2010-06-08,20.72587013244629,42.06126022338867,42.356292724609375,41.00899124145508,41.24501419067383,2482025
2010-06-09,20.449655532836914,41.500709533691406,41.94325256347656,41.215511322021484,41.82523727416992,2057664
2010-06-10,20.851863861083984,42.31695556640625,42.405460357666016,41.41219711303711,41.41219711303711,2308789
2010-06-11,21.670820236206055,43.97895050048828,43.97895050048828,42.995521545410156,43.27088165283203,2524775
2010-06-15,21.830730438232422,44.30348205566406,44.82469940185547,43.7232551574707,44.2838134765625,2125631
2010-06-16,22.073028564453125,44.795196533203125,45.257408142089844,44.69685363769531,45.109893798828125,1960886
2010-06-17,21.535137176513672,43.703590393066406,45.31641387939453,43.4970703125,45.021385192871094,2483677
2010-06-18,21.627208709716797,43.89044189453125,44.155967712402344,43.43806457519531,44.05762481689453,1879313
2010-06-21,21.76774024963379,44.175636291503906,44.73619079589844,43.87077331542969,44.05762481689453,2429779
2010-06-22,21.346141815185547,43.32004928588867,43.97895050048828,43.074195861816406,43.66425323486328,2093598
2010-06-23,20.67741584777832,41.96291732788086,42.85784149169922,41.923580169677734,42.7791633605957,2008388
2010-06-24,19.69854164123535,39.97639083862305,40.80247116088867,39.82887649536133,40.17307662963867,5234297
2010-06-25,19.14126205444336,38.8454475402832,39.62235641479492,38.461910247802734,39.34699630737305,5698005
2010-06-28,18.874746322631836,38.304561614990234,39.19948196411133,38.04887008666992,39.169979095458984,2860893
2010-06-29,18.45314598083496,37.448978424072266,38.36356735229492,37.33096694946289,38.17671585083008,2939055
2010-06-30,17.987943649291992,36.504886627197266,36.63273239135742,35.708309173583984,35.954166412353516,4578214
2010-07-01,17.658422470092773,35.83615493774414,36.268863677978516,35.10841751098633,35.89516067504883,2861346
2010-07-02,17.44520378112793,35.403446197509766,36.4852180480957,35.1772575378418,36.4852180480957,2580618
2010-07-05,17.227136611938477,34.96090316772461,35.708309173583984,34.764217376708984,35.30510330200195,1257863
2010-07-06,17.987943649291992,36.504886627197266,36.583560943603516,34.42985153198242,34.764217376708984,2236784
2010-07-07,17.595426559448242,35.708309173583984,37.00643539428711,35.52145767211914,36.4852180480957,2723812
2010-07-08,18.6954402923584,37.94069290161133,38.19638442993164,36.72124099731445,36.976932525634766,4147315
2010-07-09,19.21394920349121,38.99296188354492,39.0027961730957,37.50798416137695,38.147212982177734,4120419
2010-07-12,19.189725875854492,38.943790435791016,39.19948196411133,38.58975601196289,39.14047622680664,2061641
2010-07-13,18.898969650268555,38.35373306274414,38.98312759399414,38.11771011352539,38.304561614990234,1537615
2010-07-14,19.339946746826172,39.248653411865234,39.494510650634766,39.022464752197266,39.06180191040039,1309325
2010-07-15,19.461088180541992,39.494510650634766,39.956722259521484,38.855281829833984,39.33716583251953,1578478
2010-07-16,19.126724243164062,38.81594467163086,39.81904220581055,38.727439880371094,39.53384780883789,1749255
2010-07-19,18.646984100341797,37.842350006103516,38.11771011352539,37.3801383972168,37.41947555541992,2160646
2010-07-20,18.777820587158203,38.10787582397461,38.49141311645508,37.675167083740234,37.87185287475586,2673548
2010-07-21,18.874746322631836,38.304561614990234,38.73727035522461,38.02920150756836,38.45207595825195,1343438
2010-07-22,18.656675338745117,37.86201858520508,38.36356735229492,37.675167083740234,38.157047271728516,1696998
2010-07-23,19.107341766357422,38.776607513427734,39.06180191040039,38.50124740600586,38.59959030151367,1502429
2010-07-26,19.257564544677734,39.08147048950195,39.23881912231445,38.90445327758789,38.99296188354492,1024449
2010-07-27,19.044347763061523,38.64876174926758,39.59285354614258,38.393070220947266,39.39616775512695,1931350
2010-07-28,18.831127166748047,38.2160530090332,38.52091598510742,37.79317855834961,38.35373306274414,2312167
2010-07-29,18.60336685180664,37.753841400146484,38.10787582397461,37.47848129272461,37.47848129272461,1674100
2010-07-30,18.02671241760254,36.583560943603516,36.85892105102539,35.20676040649414,35.550960540771484,7152487
2010-08-02,18.25446319580078,37.045772552490234,37.360469818115234,36.4852180480957,36.4852180480957,2512683
2010-08-03,19.165494918823242,38.89461898803711,39.0027961730957,37.94069290161133,38.157047271728516,3703561
2010-08-04,19.020124435424805,38.59959030151367,39.03230285644531,38.57992172241211,38.79627990722656,2528003
2010-08-05,19.359331130981445,39.28799057006836,39.51417922973633,38.9536247253418,39.091304779052734,2061258
2010-08-06,19.165494918823242,38.89461898803711,39.012630462646484,38.41273880004883,38.90445327758789,1385554
2010-08-09,19.533782958984375,39.64202880859375,39.76987075805664,38.40290451049805,38.44224166870117,1327427
2010-08-10,19.180028915405273,38.92412185668945,40.01573181152344,38.88478469848633,39.64202880859375,2088871
2010-08-11,18.690593719482422,37.93085861206055,38.73727035522461,37.78334426879883,38.73727035522461,2865799
2010-08-12,18.36591911315918,37.2719612121582,37.46864700317383,36.85892105102539,37.08510971069336,2410121
2010-08-13,18.6324462890625,37.81284713745117,37.8521842956543,36.976932525634766,37.08510971069336,1630007
2010-08-16,18.385305404663086,37.31129837036133,37.527652740478516,37.02610397338867,37.26212692260742,1257789
2010-08-17,18.617908477783203,37.78334426879883,37.97019577026367,37.1146125793457,37.66533279418945,1424872
2010-08-18,18.850509643554688,38.25539016723633,38.5307502746582,37.88168716430664,38.2160530090332,1364013
2010-08-19,18.947423934936523,38.45207595825195,38.57992172241211,38.0587043762207,38.34389877319336,1646529
2010-08-20,18.482221603393555,37.50798416137695,38.12754440307617,37.41947555541992,37.79317855834961,1331085
2010-08-23,18.554912567138672,37.65549850463867,37.95052719116211,37.25229263305664,37.32113265991211,1144075
2010-08-24,18.09454917907715,36.72124099731445,37.517818450927734,36.55405807495117,37.124446868896484,1390477
2010-08-25,17.745649337768555,36.0131721496582,36.72124099731445,35.99350357055664,36.4360466003418,2039896
2010-08-26,17.82802963256836,36.180355072021484,36.37704086303711,35.786983489990234,36.24919509887695,2192858
2010-08-27,17.6874942779541,35.89516067504883,36.032840728759766,35.50178909301758,35.91482925415039,3021028
2010-08-30,18.336851119995117,37.212955474853516,37.2719612121582,36.740909576416016,36.82941818237305,1935714
2010-08-31,18.15270233154297,36.83925247192383,37.09494400024414,36.51472091674805,36.51472091674805,2987658
2010-09-01,18.317461013793945,37.17361831665039,37.73417282104492,37.10477828979492,37.45881271362305,2595921
2010-09-02,18.123624801635742,36.78024673461914,37.95052719116211,36.61306381225586,37.921024322509766,2174456
2010-09-03,17.924945831298828,36.37704086303711,37.596492767333984,36.259029388427734,37.370304107666016,3526436
2010-09-06,17.08176040649414,34.66587448120117,35.13792037963867,33.436588287353516,33.83979415893555,7802800
2010-09-07,16.70378303527832,33.898799896240234,34.5478630065918,33.63327407836914,34.42001724243164,5871044
2010-09-08,16.495410919189453,33.47592544555664,33.78078842163086,33.190731048583984,33.73161697387695,3871260
2010-09-09,16.776470184326172,34.04631423950195,34.48885726928711,33.8102912902832,33.829959869384766,4604252
2010-09-10,16.689247131347656,33.86929702758789,34.213497161865234,33.71194839477539,34.02664566040039,3260326
2010-09-13,17.08176040649414,34.66587448120117,34.8625602722168,34.41018295288086,34.46918869018555,3224883
2010-09-14,17.299827575683594,35.10841751098633,35.324771881103516,35.000240325927734,35.13792037963867,2466667
2010-09-15,17.813493728637695,36.15085220336914,36.16068649291992,35.25593185424805,35.37394332885742,3574631
2010-09-16,17.45973777770996,35.43294906616211,36.46554946899414,35.314937591552734,36.4360466003418,3512277
2010-09-17,17.769878387451172,36.06234359741211,36.06234359741211,35.34444046020508,35.68864059448242,2414991
2010-09-20,17.682655334472656,35.88532638549805,35.92466354370117,35.550960540771484,35.718143463134766,1492504
2010-09-21,17.60996437072754,35.73781204223633,36.51472091674805,35.65913772583008,36.38687515258789,1456792
2010-09-22,17.765031814575195,36.05250930786133,36.38687515258789,35.76731491088867,35.796817779541016,1545363
2010-09-23,17.803796768188477,36.13118362426758,36.13118362426758,35.60013198852539,35.73781204223633,1453327
2010-09-24,17.61480712890625,35.74764633178711,36.04267501831055,35.60996627807617,35.708309173583984,2327401
2010-09-27,18.075172424316406,36.68190383911133,36.98676681518555,36.29836654663086,36.39670944213867,2222776
2010-09-28,18.075172424316406,36.68190383911133,37.00643539428711,36.45571517944336,36.495052337646484,1259247
2010-09-29,17.929792404174805,36.38687515258789,37.0654411315918,36.22952651977539,37.00643539428711,1301925
2010-09-30,17.5760440826416,35.66897201538086,36.426212310791016,35.550960540771484,36.2786979675293,2795639
2010-10-01,17.522737503051758,35.560794830322266,36.07217788696289,35.403446197509766,35.8066520690918,1439436
2010-10-04,17.66327667236328,35.84598922729492,36.15085220336914,35.629634857177734,35.796817779541016,705270
2010-10-05,17.49850845336914,35.51162338256836,35.61980056762695,35.2264289855957,35.52145767211914,1404224
2010-10-06,17.765031814575195,36.05250930786133,36.22952651977539,35.89516067504883,36.09184646606445,1605036
2010-10-07,17.745649337768555,36.0131721496582,36.0131721496582,35.57062911987305,35.796817779541016,2057536
2010-10-08,17.396743774414062,35.30510330200195,35.90499496459961,35.157588958740234,35.796817779541016,2604810
2010-10-11,17.135066986083984,34.774051666259766,35.60013198852539,34.616703033447266,35.482120513916016,2334115
2010-10-12,16.795848846435547,34.08565139770508,34.66587448120117,34.02664566040039,34.66587448120117,3077581
2010-10-13,16.611705780029297,33.71194839477539,34.370845794677734,33.71194839477539,34.0758171081543,4040158
2010-10-14,16.42756462097168,33.3382453918457,33.86929702758789,33.1808967590332,33.64310836791992,5290878
2010-10-15,16.60201644897461,33.69227981567383,33.9184684753418,32.90553665161133,33.08255386352539,2564292
2010-10-18,16.46148681640625,33.40708541870117,34.223331451416016,33.2890739440918,33.92830276489258,3307220
2010-10-19,16.36457061767578,33.21039962768555,33.584102630615234,33.10222244262695,33.53493118286133,2685135
2010-10-20,16.243425369262695,32.964542388916016,33.09238815307617,32.67934799194336,32.94487380981445,2253364
2010-10-21,16.03989028930664,32.5515022277832,33.24973678588867,32.46299362182617,33.112056732177734,2741315
2010-10-22,16.27734375,33.033382415771484,33.033382415771484,32.51216506958008,32.5515022277832,2262650
2010-10-25,16.946077346801758,34.3905143737793,34.56753158569336,33.23006820678711,33.436588287353516,5204198
2010-10-26,16.795848846435547,34.08565139770508,34.27250289916992,33.85946273803711,34.08565139770508,2560391
2010-10-27,16.645627975463867,33.78078842163086,34.35117721557617,33.73161697387695,33.92830276489258,2450736
2010-10-28,16.7425479888916,33.977474212646484,34.03647994995117,33.79062271118164,33.92830276489258,2392955
2010-10-29,17.542118072509766,35.60013198852539,35.66897201538086,33.79062271118164,33.92830276489258,8227892
2010-11-01,17.6390323638916,35.796817779541016,36.22952651977539,35.35427474975586,35.60013198852539,2037576
2010-11-02,17.517892837524414,35.550960540771484,35.550960540771484,35.30510330200195,35.45261764526367,1461384
2010-11-03,17.542118072509766,35.60013198852539,35.93449783325195,35.30510330200195,35.57062911987305,1257341
2010-11-04,17.46942901611328,35.45261764526367,36.0131721496582,35.25593185424805,35.629634857177734,1897087
2010-11-05,18.133316040039062,36.7999153137207,36.976932525634766,36.1705207824707,36.23936080932617,3876715
2010-11-08,18.399927139282227,36.416378021240234,36.62289810180664,36.1705207824707,36.268863677978516,3167042
2010-11-09,17.987512588500977,35.60013198852539,36.22952651977539,35.37394332885742,36.06234359741211,3874748
2010-11-10,17.763912200927734,35.157588958740234,36.08201217651367,35.03957748413086,35.403446197509766,2196838
2010-11-11,18.007389068603516,35.639469146728516,36.00333786010742,35.42311477661133,35.51162338256836,1855758
2010-11-12,17.982545852661133,35.59029769897461,35.92466354370117,35.34444046020508,35.5411262512207,1412211
2010-11-15,17.96266746520996,35.550960540771484,35.88532638549805,35.36410903930664,35.550960540771484,1307448
2010-11-16,18.111743927001953,35.84598922729492,35.90499496459961,34.98057174682617,35.46245193481445,2037266
2010-11-17,17.917945861816406,35.46245193481445,35.65913772583008,35.14775466918945,35.157588958740234,2024735
2010-11-18,18.13657569885254,35.89516067504883,35.89516067504883,35.28543472290039,35.30510330200195,2317674
2010-11-19,18.11670684814453,35.8558235168457,36.62289810180664,35.629634857177734,36.35737228393555,2751699
2010-11-22,18.2359561920166,36.09184646606445,36.36720657348633,36.00333786010742,36.36720657348633,1755796
2010-11-23,17.908002853393555,35.44278335571289,36.09184646606445,35.36410903930664,35.90499496459961,1275244
2010-11-24,17.734094619750977,35.09858322143555,35.26576614379883,34.842891693115234,35.03957748413086,2794216
2010-11-25,17.70428466796875,35.03957748413086,35.3837776184082,34.931400299072266,35.20676040649414,1606631
2010-11-26,17.62478256225586,34.88222885131836,35.3837776184082,34.528194427490234,35.3837776184082,2529723
2010-11-29,17.674468994140625,34.98057174682617,35.12808609008789,34.2823371887207,34.66587448120117,1532811
2010-11-30,17.61484146118164,34.8625602722168,35.157588958740234,34.62653732299805,35.010074615478516,1483933
2010-12-01,17.356456756591797,34.35117721557617,34.47902297973633,34.056148529052734,34.17416000366211,1495550
2010-12-02,17.62478256225586,34.88222885131836,35.13792037963867,34.64620590209961,34.73471450805664,1696367
2010-12-03,17.788761138916016,35.20676040649414,35.314937591552734,35.0690803527832,35.28543472290039,1780160
2010-12-06,17.69931411743164,35.02974319458008,35.37394332885742,34.9117317199707,35.3346061706543,697681
2010-12-07,17.75397300720215,35.13792037963867,35.403446197509766,34.921566009521484,35.12808609008789,1514109
2010-12-08,17.83347511291504,35.29526901245117,35.5411262512207,34.82322311401367,35.28543472290039,1830709
2010-12-09,18.20614242553711,36.032840728759766,36.20002365112305,35.53129196166992,35.60996627807617,2221630
2010-12-10,18.280681610107422,36.180355072021484,36.52455520629883,36.15085220336914,36.36720657348633,1520191
2010-12-13,18.399927139282227,36.416378021240234,36.77041244506836,36.347537994384766,36.38687515258789,1358820
2010-12-14,18.40987205505371,36.4360466003418,36.61306381225586,36.30820083618164,36.44588088989258,761439
2010-12-15,18.514223098754883,36.6425666809082,36.819583892822266,36.55405807495117,36.731075286865234,1647093
2010-12-16,18.70303726196289,37.01626968383789,37.10477828979492,36.7507438659668,36.87858963012695,2448443
2010-12-17,18.623531341552734,36.85892105102539,37.25229263305664,36.7999153137207,36.976932525634766,895806
2010-12-20,18.479434967041016,36.573726654052734,36.87858963012695,36.4360466003418,36.87858963012695,960135
2010-12-21,18.385026931762695,36.38687515258789,36.76057815551758,36.347537994384766,36.740909576416016,979040
2010-12-22,18.494342803955078,36.60322952270508,36.68190383911133,36.40654373168945,36.4360466003418,819165
2010-12-23,18.633472442626953,36.87858963012695,37.17361831665039,36.60322952270508,36.60322952270508,1179668
2010-12-24,18.504281997680664,36.62289810180664,37.1146125793457,36.45571517944336,37.0654411315918,2451503
2010-12-29,18.504281997680664,36.62289810180664,36.78024673461914,36.46554946899414,36.6425666809082,409510
2010-12-30,18.608627319335938,36.82941818237305,37.03593826293945,36.67206954956055,36.68190383911133,512769
2010-12-31,18.389991760253906,36.39670944213867,36.82941818237305,36.39670944213867,36.82941818237305,763631
2011-01-04,18.693099975585938,36.99660110473633,37.02610397338867,36.259029388427734,36.78024673461914,894981
2011-01-05,18.633472442626953,36.87858963012695,37.03593826293945,36.662235260009766,36.78024673461914,1077156
2011-01-06,18.73781967163086,37.08510971069336,37.2227897644043,36.86875534057617,37.1146125793457,1059156
2011-01-07,18.822288513183594,37.25229263305664,37.31129837036133,36.898258209228516,36.898258209228516,835991
2011-01-10,18.842166900634766,37.291629791259766,37.39980697631836,36.976932525634766,37.124446868896484,594716
2011-01-11,18.688133239746094,36.98676681518555,37.370304107666016,36.87858963012695,37.370304107666016,1522298
2011-01-12,18.76763343811035,37.14411544799805,37.203121185302734,36.85892105102539,37.02610397338867,947474
2011-01-13,19.458316802978516,38.51108169555664,38.619258880615234,37.32113265991211,37.370304107666016,3483956
2011-01-14,19.676952362060547,38.943790435791016,38.97329330444336,38.6389274597168,38.74710464477539,1784411
2011-01-17,19.935335159301758,39.45517349243164,40.02556228637695,39.179813385009766,39.33716583251953,2911732
2011-01-18,20.26327896118164,40.1042366027832,40.153411865234375,39.37649917602539,39.6321907043457,1783196
2011-01-19,20.561420440673828,40.694297790527344,40.95982360839844,39.38633346557617,40.06489944458008,1898995
2011-01-20,19.771358489990234,39.13064193725586,40.222251892089844,39.1109733581543,40.222251892089844,3034614
2011-01-21,19.81110954284668,39.20931625366211,39.59285354614258,38.89461898803711,39.33716583251953,1615568
2011-01-24,20.17384147644043,39.92721939086914,39.97639083862305,39.21915054321289,39.406005859375,1297147
2011-01-25,20.47197914123535,40.517276763916016,40.54677963256836,39.92721939086914,39.92721939086914,1797001
2011-01-27,20.606138229370117,40.78280258178711,40.83197784423828,40.16324234008789,40.61561965942383,1377416
2011-01-28,20.516698837280273,40.60578536987305,40.87131118774414,40.44843673706055,40.694297790527344,4631447
2011-01-31,20.183780670166016,39.94689178466797,39.97639083862305,39.33716583251953,39.43550491333008,2110795
2011-02-01,20.26327896118164,40.1042366027832,40.47793960571289,40.035396575927734,40.07473373413086,1681675
2011-02-02,20.362661361694336,40.30092239379883,40.81230545043945,40.123905181884766,40.72380065917969,1148818
2011-02-03,20.442161560058594,40.458274841308594,40.8418083190918,40.04523468017578,40.28125762939453,1243496
2011-02-04,20.760175704956055,41.08766555786133,41.25484848022461,40.56644821166992,40.5762825012207,2145285
2011-02-07,20.486888885498047,40.54677963256836,41.058162689208984,40.458274841308594,41.058162689208984,1549876
2011-02-08,20.42229461669922,40.41893768310547,40.5762825012207,39.51417922973633,39.82887649536133,4296351
2011-02-09,19.751482009887695,39.091304779052734,40.320594787597656,39.04213333129883,40.28125762939453,4088584
2011-02-10,19.57756805419922,38.74710464477539,39.35683059692383,38.6880989074707,38.8454475402832,2903128
2011-02-11,19.562660217285156,38.71760177612305,39.091304779052734,38.65859603881836,38.786441802978516,1005627
2011-02-14,19.830984115600586,39.248653411865234,39.27815628051758,38.9536247253418,39.03230285644531,1235587
2011-02-15,19.676952362060547,38.943790435791016,39.23881912231445,38.79627990722656,39.14047622680664,1433557
2011-02-16,19.681917190551758,38.9536247253418,39.08147048950195,38.65859603881836,38.83561325073242,1193450
2011-02-17,19.622285842895508,38.83561325073242,39.10114288330078,38.727439880371094,38.97329330444336,775792
2011-02-18,19.54278564453125,38.67826461791992,38.82577896118164,38.57008743286133,38.75693893432617,971972
2011-02-21,19.279436111450195,38.157047271728516,38.776607513427734,38.157047271728516,38.697933197021484,1863130
2011-02-22,19.06080436706543,37.72433853149414,38.3242301940918,37.57682418823242,38.17671585083008,1657355
2011-02-23,18.921669006347656,37.448978424072266,37.94069290161133,37.281795501708984,37.38997268676758,2187664
2011-02-24,18.78750991821289,37.18345260620117,37.517818450927734,37.18345260620117,37.370304107666016,2097956
2011-02-25,18.921669006347656,37.448978424072266,37.596492767333984,36.94742965698242,37.02610397338867,4000848
2011-02-28,18.81732749938965,37.24245834350586,37.517818450927734,37.055606842041016,37.25229263305664,749239
2011-03-01,18.896825790405273,37.39980697631836,37.4293098449707,37.09494400024414,37.4293098449707,2576813
2011-03-02,18.55893898010254,36.731075286865234,37.25229263305664,36.63273239135742,37.25229263305664,1875741
2011-03-03,18.355213165283203,36.3278694152832,36.67206954956055,36.111515045166016,36.5933952331543,2413553
2011-03-04,18.404903411865234,36.426212310791016,36.78024673461914,36.180355072021484,36.68190383911133,2025652
2011-03-07,18.081918716430664,35.786983489990234,36.09184646606445,35.65913772583008,36.023006439208984,1594455
2011-03-08,18.24092674255371,36.101680755615234,36.22952651977539,35.53129196166992,35.53129196166992,2176293
2011-03-09,18.057079315185547,35.73781204223633,36.28853225708008,35.560794830322266,36.28853225708008,2217435
2011-03-10,17.858322143554688,35.34444046020508,35.786983489990234,35.2264289855957,35.550960540771484,2321080
2011-03-11,17.58005714416504,34.79372024536133,34.921566009521484,34.5478630065918,34.63637161254883,2374174
2011-03-15,16.934099197387695,33.515262603759766,34.46918869018555,33.05305099487305,34.34134292602539,3312004
2011-03-16,17.23223304748535,34.10531997680664,34.72488021850586,33.348079681396484,33.436588287353516,3003355
2011-03-17,17.247140884399414,34.134822845458984,34.33150863647461,33.24973678588867,33.436588287353516,3483824
2011-03-18,17.480684280395508,34.5970344543457,34.79372024536133,33.94797134399414,34.449520111083984,1877079
2011-03-21,17.510498046875,34.65604019165039,34.81338882446289,34.449520111083984,34.764217376708984,747734
2011-03-22,17.664531707763672,34.96090316772461,35.4919548034668,34.7052116394043,35.30510330200195,1623411
2011-03-23,17.585025787353516,34.80355453491211,35.167423248291016,34.63637161254883,34.96090316772461,1066104
2011-03-24,17.749000549316406,35.12808609008789,35.28543472290039,34.83305740356445,35.000240325927734,1160402
2011-03-25,18.04714012145996,35.718143463134766,35.89516067504883,35.324771881103516,35.393611907958984,3794541
2011-03-28,17.932859420776367,35.4919548034668,35.74764633178711,35.37394332885742,35.708309173583984,1099653
2011-03-29,17.972610473632812,35.57062911987305,36.14101791381836,35.45261764526367,35.89516067504883,1984576
2011-03-30,18.151487350463867,35.92466354370117,35.944332122802734,35.52145767211914,35.796817779541016,1758257
2011-03-31,18.18627166748047,35.99350357055664,36.28853225708008,35.8066520690918,35.90499496459961,1919912
2011-04-01,18.121673583984375,35.865657806396484,36.07217788696289,35.77714920043945,35.99350357055664,1528613
2011-04-04,17.982545852661133,35.59029769897461,36.15085220336914,35.41328048706055,35.9640007019043,1134615
2011-04-05,18.03719711303711,35.6984748840332,35.865657806396484,35.52145767211914,35.550960540771484,1183474
2011-04-06,17.972610473632812,35.57062911987305,35.68864059448242,35.246097564697266,35.60013198852539,1542623
2011-04-07,17.669504165649414,34.97073745727539,35.4919548034668,34.79372024536133,35.1772575378418,2351441
2011-04-08,17.57012367248535,34.774051666259766,34.97073745727539,34.606868743896484,34.9117317199707,2082534
2011-04-11,17.411115646362305,34.459354400634766,34.7052116394043,34.32167434692383,34.606868743896484,2255546
2011-04-12,17.142797470092773,33.92830276489258,34.55769729614258,33.71194839477539,34.32167434692383,1884888
2011-04-13,17.435964584350586,34.50852584838867,34.65604019165039,33.72178268432617,33.7611198425293,2633255
2011-04-14,17.25210952758789,34.144657135009766,34.48885726928711,33.977474212646484,34.42985153198242,1230299
2011-04-15,17.142797470092773,33.92830276489258,34.26266860961914,33.829959869384766,34.08565139770508,1647464
2011-04-18,17.222293853759766,34.08565139770508,34.27250289916992,33.64310836791992,33.977474212646484,1607352
2011-04-19,17.122922897338867,33.88896560668945,33.99714279174805,33.741451263427734,33.77095413208008,1557942
2011-04-20,17.450868606567383,34.538028717041016,34.58720016479492,33.9676399230957,33.977474212646484,1552506
2011-04-21,17.52043342590332,34.67570877075195,34.9117317199707,34.55769729614258,34.9117317199707,1212781
2011-04-27,17.40117835998535,34.4396858215332,34.99040603637695,34.20366287231445,34.71504592895508,2161893
2011-04-28,17.341554641723633,34.32167434692383,34.81338882446289,34.2823371887207,34.616703033447266,1773991
2011-04-29,17.470745086669922,34.57736587524414,35.010074615478516,34.31184005737305,34.921566009521484,4021941
2011-05-02,18.032228469848633,35.68864059448242,35.84598922729492,34.79372024536133,34.89206314086914,2837190
2011-05-03,17.763912200927734,35.157588958740234,35.36410903930664,34.931400299072266,35.30510330200195,1928799
2011-05-04,17.346519470214844,34.33150863647461,35.35427474975586,34.33150863647461,35.35427474975586,2660807
2011-05-05,17.13782501220703,33.9184684753418,34.36101150512695,33.79062271118164,34.33150863647461,2382843
2011-05-06,17.505529403686523,34.64620590209961,34.95106887817383,33.86929702758789,33.95780563354492,2471960
2011-05-09,17.811735153198242,34.17416000366211,34.459354400634766,34.04631423950195,34.223331451416016,3081567
2011-05-10,17.71434783935547,33.987308502197266,34.370845794677734,33.95780563354492,34.370845794677734,2566116
2011-05-11,17.965503692626953,34.46918869018555,34.48885726928711,34.0758171081543,34.1249885559082,2233936
2011-05-12,17.765602111816406,34.08565139770508,34.370845794677734,34.01681137084961,34.11515426635742,2009710
2011-05-13,17.796358108520508,34.144657135009766,34.42001724243164,33.78078842163086,34.302005767822266,1772478
2011-05-16,17.627212524414062,33.820125579833984,33.9184684753418,33.56443405151367,33.829959869384766,1854108
2011-05-17,17.678462982177734,33.9184684753418,33.99714279174805,33.56443405151367,33.593936920166016,1563563
2011-05-18,17.74510383605957,34.04631423950195,34.2823371887207,33.829959869384766,33.829959869384766,1558714
2011-05-19,17.89887237548828,34.34134292602539,34.47902297973633,34.15449142456055,34.32167434692383,1943578
2011-05-20,17.862985610961914,34.27250289916992,34.34134292602539,34.1249885559082,34.31184005737305,988672
2011-05-23,17.509319305419922,33.593936920166016,34.134822845458984,33.48575973510742,34.0758171081543,2185495
2011-05-24,17.28379249572754,33.16122817993164,33.55459976196289,32.876033782958984,33.348079681396484,2249687
2011-05-25,16.812227249145508,32.256473541259766,33.06288528442383,31.872936248779297,33.043216705322266,3910845
2011-05-26,17.309417724609375,33.21039962768555,33.21039962768555,32.37448501586914,32.413822174072266,3309276
2011-05-27,17.391429901123047,33.36774826049805,33.70211410522461,33.21039962768555,33.41691970825195,4067769
2011-05-30,17.23253059387207,33.06288528442383,33.46609115600586,32.964542388916016,33.36774826049805,1390945
2011-05-31,17.427309036254883,33.436588287353516,33.70211410522461,33.112056732177734,33.112056732177734,1646156
2011-06-01,17.627212524414062,33.820125579833984,33.94797134399414,33.29890823364258,33.6037712097168,1874164
2011-06-02,16.863483428955078,32.35481643676758,33.16122817993164,32.11879348754883,33.10222244262695,3234476
2011-06-03,16.735342025756836,32.10895919799805,32.66951370239258,32.06962203979492,32.5515022277832,2027689
2011-06-06,16.760971069335938,32.15813064575195,32.246639251708984,32.0302848815918,32.167964935302734,1445894
2011-06-07,16.402172088623047,31.469730377197266,31.617244720458984,31.19437026977539,31.568073272705078,2529453
2011-06-08,15.894732475280762,30.496135711669922,31.440227508544922,30.387958526611328,31.42055892944336,3577232
2011-06-09,16.084379196166992,30.860004425048828,30.978015899658203,30.260112762451172,30.387958526611328,3453283
2011-06-10,16.417552947998047,31.49923324584961,31.548404693603516,31.34188461303711,31.450061798095703,2970491
2011-06-14,16.60720443725586,31.863101959228516,31.912273406982422,30.95834732055664,31.371387481689453,2690955
2011-06-15,16.55082130432129,31.754924774169922,32.04011917114258,31.646747589111328,31.961444854736328,2499486
2011-06-16,16.299663543701172,31.27304458618164,31.627079010009766,31.076358795166016,31.528736114501953,3726151
2011-06-17,16.089506149291992,30.86983871459961,31.558238983154297,30.63381576538086,31.469730377197266,2776594
2011-06-20,15.956239700317383,30.614147186279297,31.568073272705078,30.56497573852539,30.928844451904297,2067742
2011-06-21,16.2022762298584,31.086193084716797,31.27304458618164,30.781330108642578,30.87967300415039,1688273
2011-06-22,15.96649169921875,30.63381576538086,31.50906753540039,30.56497573852539,31.469730377197266,1748370
2011-06-23,15.9511137008667,30.604312896728516,30.987850189208984,30.456798553466797,30.535472869873047,2503881
2011-06-24,16.007497787475586,30.71249008178711,31.086193084716797,30.437129974365234,30.87967300415039,4092833
2011-06-27,15.735838890075684,30.191272735595703,30.63381576538086,30.191272735595703,30.31911849975586,1736857
2011-06-28,15.730710983276367,30.181438446044922,30.456798553466797,29.974918365478516,30.39779281616211,2003187
2011-06-29,15.792214393615723,30.299449920654297,30.358455657958984,29.650386810302734,30.09292984008789,2482716
2011-06-30,16.017749786376953,30.732158660888672,30.810832977294922,30.102764129638672,30.191272735595703,1991576
2011-07-01,15.956239700317383,30.614147186279297,31.056690216064453,30.545307159423828,30.978015899658203,1773823
2011-07-04,16.145893096923828,30.978015899658203,31.086193084716797,30.850170135498047,31.007518768310547,1205345
2011-07-05,15.961363792419434,30.623981475830078,31.155033111572266,30.623981475830078,31.086193084716797,1815253
2011-07-06,15.91523265838623,30.535472869873047,30.673152923583984,30.260112762451172,30.623981475830078,1376396
2011-07-07,15.904984474182129,30.515804290771484,30.653484344482422,30.24044418334961,30.289615631103516,789234
2011-07-08,15.889607429504395,30.48630142211914,30.781330108642578,30.368289947509766,30.781330108642578,978840
2011-07-11,15.392412185668945,29.53237533569336,30.31911849975586,29.53237533569336,30.210941314697266,2709423
2011-07-12,14.464666366577148,27.752368927001953,29.099666595458984,27.752368927001953,29.040660858154297,5256101
2011-07-13,14.659441947937012,28.12607192993164,28.293254852294922,27.585186004638672,27.585186004638672,3464875
2011-07-14,14.300643920898438,27.437671661376953,28.11623764038086,26.896785736083984,28.057231903076172,2627206
2011-07-15,14.864473342895508,28.51944351196289,28.58828353881836,27.40816879272461,27.73270034790039,2982273
2011-07-18,14.669692993164062,28.145740509033203,28.460437774658203,27.840877532958984,28.35226058959961,1255791
2011-07-19,14.387781143188477,27.604854583740234,27.89004898071289,27.585186004638672,27.860546112060547,1817266
2011-07-20,14.613310813903809,28.03756332397461,28.322757720947266,27.88021469116211,27.909717559814453,2507745
2011-07-21,14.915728569030762,28.617786407470703,28.775135040283203,28.19491195678711,28.28342056274414,2766034
2011-07-22,15.407792091369629,29.561878204345703,29.955249786376953,29.109500885009766,29.109500885009766,2672188
2011-07-25,14.895225524902344,28.578449249267578,29.355358123779297,28.578449249267578,29.325855255126953,1620713
2011-07-26,15.120757102966309,29.011157989501953,29.276683807373047,28.82430648803711,28.90298080444336,2091137
2011-07-27,15.03361701965332,28.843975067138672,29.188175201416016,28.814472198486328,29.011157989501953,1419533
2011-07-28,14.346774101257324,27.526180267333984,28.224414825439453,27.349163055419922,28.224414825439453,3742850
2011-07-29,14.131497383117676,27.113140106201172,27.447505950927734,26.62142562866211,27.40816879272461,6492735
2011-08-02,13.839333534240723,26.55258560180664,26.926288604736328,26.55258560180664,26.886951446533203,1837125
2011-08-03,13.152494430541992,25.234790802001953,25.805179595947266,25.038103103637695,25.76584243774414,3197677
2011-08-04,12.839825630187988,24.634897232055664,25.903522491455078,24.58572769165039,25.470813751220703,4370738
2011-08-05,11.917205810546875,22.86472511291504,22.92373275756836,21.83212661743164,21.959970474243164,8231154
2011-08-08,11.717302322387695,22.481189727783203,23.602298736572266,22.33367347717285,22.49102210998535,4550417
2011-08-09,12.0453462600708,23.11058235168457,23.199092864990234,20.89786720275879,21.320741653442383,6081207
2011-08-10,12.004341125488281,23.031909942626953,24.094011306762695,22.776216506958008,23.79898452758789,3705460
2011-08-11,11.773686408996582,22.589366912841797,22.717212677001953,21.59610366821289,21.7829532623291,3709715
2011-08-12,12.086353302001953,23.189258575439453,23.592464447021484,23.051578521728516,23.208925247192383,2664214
2011-08-15,12.44002628326416,23.86782455444336,24.094011306762695,23.5137882232666,23.612131118774414,1493564
2011-08-16,12.860331535339355,24.674236297607422,24.998767852783203,24.094011306762695,24.22185707092285,2766052
2011-08-17,13.214000701904297,25.352802276611328,25.500316619873047,24.389041900634766,24.733240127563477,2503767
2011-08-18,12.978219032287598,24.900423049926758,25.460979461669922,24.536556243896484,25.37247085571289,3439955
2011-08-19,12.229867935180664,23.464618682861328,24.044841766357422,23.435115814208984,23.9858341217041,2368198
2011-08-22,12.029973030090332,23.08108139038086,23.56296157836914,22.677875518798828,23.130252838134766,2269786
2011-08-23,12.527159690856934,24.03500747680664,24.03500747680664,23.061412811279297,23.356441497802734,2306064
2011-08-24,12.306754112243652,23.612131118774414,24.57589340209961,23.5137882232666,24.389041900634766,1848138
2011-08-25,12.506658554077148,23.995670318603516,24.18252182006836,23.671138763427734,23.94649887084961,1253218
2011-08-26,12.429771423339844,23.848154067993164,23.966167449951172,23.5137882232666,23.897327423095703,2713927
2011-08-29,12.757816314697266,24.477550506591797,24.81191635131836,24.143184661865234,24.143184661865234,1580020
2011-08-30,13.16274356842041,25.254459381103516,25.382305145263672,24.929927825927734,25.018436431884766,2072215
2011-08-31,13.24475383758545,25.411806106567383,25.470813751220703,25.175785064697266,25.175785064697266,1538108
2011-09-01,13.362646102905273,25.637996673583984,26.139545440673828,25.539653778076172,25.854351043701172,1748329
2011-09-02,12.891085624694824,24.733240127563477,25.51998519897461,24.58572769165039,25.470813751220703,1922426
2011-09-05,12.322135925292969,23.64163589477539,24.18252182006836,23.64163589477539,23.769481658935547,2508492
2011-09-06,11.871072769165039,22.776216506958008,23.248262405395508,22.62870216369629,22.697542190551758,2485201
2011-09-07,12.060724258422852,23.140085220336914,23.17942237854004,22.37301254272461,22.86472511291504,3421378
2011-09-08,11.89157485961914,22.815555572509766,23.700641632080078,22.658206939697266,23.572795867919922,2530411
2011-09-09,11.78905963897705,22.61886978149414,22.982738494873047,22.54019546508789,22.815555572509766,2345385
2011-09-12,11.291871070861816,21.66494369506836,22.009143829345703,21.419084548950195,22.009143829345703,2278877
2011-09-13,11.30724811553955,21.69444465637207,22.107486724853516,21.487924575805664,21.812456130981445,1747834
2011-09-14,10.886944770812988,20.88803482055664,22.028810501098633,20.858531951904297,21.773120880126953,2111957
2011-09-15,10.994584083557129,21.094554901123047,21.822290420532227,20.553667068481445,21.507593154907227,2893145
2011-09-16,11.537904739379883,22.13698959350586,22.195993423461914,21.517427444458008,21.68461036682129,2039550
2011-09-19,11.16885757446289,21.42892074584961,22.038646697998047,21.37974739074707,22.01897621154785,1320922
2011-09-20,10.912571907043457,20.937204360961914,21.635440826416016,20.878198623657227,21.330577850341797,1411946
2011-09-21,11.27136516571045,21.6256046295166,21.6256046295166,20.91753578186035,21.19289779663086,1586602
2011-09-22,10.840813636779785,20.799524307250977,20.9962100982666,20.60283851623535,20.848695755004883,1913653
2011-09-23,10.61528205871582,20.3668155670166,20.927370071411133,20.061952590942383,20.327478408813477,3226662
2011-09-26,10.26673412322998,19.698083877563477,20.89786720275879,19.609575271606445,20.750354766845703,2353990
2011-09-27,11.235490798950195,21.556764602661133,21.556764602661133,20.28814125061035,20.347148895263672,2742480
2011-09-28,11.55328369140625,22.16649055480957,22.16649055480957,21.1535587310791,21.340410232543945,2994284
2011-09-29,11.537904739379883,22.13698959350586,22.13698959350586,21.44858741760254,21.93046760559082,3191712
2011-09-30,11.722428321838379,22.49102210998535,22.79588508605957,22.048479080200195,22.176326751708984,4264094
2011-10-04,10.661412239074707,20.455324172973633,20.853614807128906,20.19963264465332,20.750354766845703,3752181
2011-10-05,10.804929733276367,20.730684280395508,21.242067337036133,20.455324172973633,21.173227310180664,2880915
2011-10-06,11.55328369140625,22.16649055480957,22.16649055480957,20.88803482055664,21.291240692138672,2983830
2011-10-07,12.332387924194336,23.661304473876953,23.730144500732422,22.16649055480957,22.668039321899414,3062628
2011-10-10,12.527159690856934,24.03500747680664,24.241527557373047,23.11058235168457,23.503955841064453,2290181
2011-10-11,12.870582580566406,24.693904876708984,24.880756378173828,24.251361846923828,24.634897232055664,2441299
2011-10-12,12.67580509185791,24.320201873779297,24.536556243896484,23.88749122619629,24.487384796142578,3091254
2011-10-13,12.691181182861328,24.34970474243164,24.81191635131836,24.22185707092285,24.546390533447266,2585459
2011-10-14,12.409270286560059,23.808818817138672,24.477550506591797,23.808818817138672,24.094011306762695,3534755
2011-10-17,12.732186317443848,24.428377151489258,24.58572769165039,24.22185707092285,24.369373321533203,1119238
2011-10-18,12.404142379760742,23.79898452758789,24.03500747680664,23.79898452758789,23.897327423095703,2201830
2011-10-19,12.199117660522461,23.40561294555664,24.389041900634766,23.376108169555664,24.29069709777832,2242909
2011-10-20,11.78905963897705,22.61886978149414,23.267932891845703,22.461519241333008,23.267932891845703,2885036
2011-10-21,11.54815673828125,22.15665626525879,22.982738494873047,22.06814956665039,22.5696964263916,2023316
2011-10-24,11.963335990905762,22.953235626220703,23.0417423248291,22.62870216369629,22.766382217407227,2233647
2011-10-25,11.840319633483887,22.717212677001953,23.15975570678711,22.648372650146484,23.120418548583984,2607585
2011-10-26,11.845444679260254,22.7270450592041,22.835222244262695,22.195993423461914,22.422182083129883,1664201
2011-10-27,12.48102855682373,23.94649887084961,24.148101806640625,22.432016372680664,22.432016372680664,2900337
2011-10-28,12.891085624694824,24.733240127563477,25.342966079711914,24.300533294677734,25.13644790649414,5792264
2011-10-31,12.76806640625,24.497217178344727,24.851253509521484,24.330034255981445,24.58572769165039,2373029
2011-11-02,12.106856346130371,23.228595733642578,23.474451065063477,22.825389862060547,23.11058235168457,2292597
2011-11-03,11.912081718444824,22.85489273071289,23.258098602294922,22.550029754638672,22.972902297973633,2367004
2011-11-04,12.301630020141602,23.602298736572266,23.671138763427734,23.317102432250977,23.454784393310547,1400540
2011-11-07,12.164519309997559,22.658206939697266,23.199092864990234,22.550029754638672,23.012239456176758,1492697
2011-11-08,12.122281074523926,22.579532623291016,22.84505844116211,22.284503936767578,22.766382217407227,3031383
2011-11-09,12.481304168701172,23.248262405395508,23.297435760498047,22.963069915771484,23.061412811279297,2184781
2011-11-10,12.248997688293457,22.815555572509766,22.85489273071289,22.127153396606445,22.127153396606445,2028109
2011-11-11,12.449627876281738,23.189258575439453,23.189258575439453,22.441852569580078,22.815555572509766,1646213
2011-11-14,12.608016967773438,23.484285354614258,23.74981117248535,23.474451065063477,23.602298736572266,1967343
2011-11-15,12.687213897705078,23.63180160522461,23.739978790283203,22.982738494873047,23.307268142700195,2780080
2011-11-16,12.433784484863281,23.15975570678711,23.848154067993164,23.140085220336914,23.700641632080078,2045546
2011-11-17,12.644978523254395,23.553125381469727,23.720308303833008,22.87455940246582,23.11058235168457,1914225
2011-11-18,12.270118713378906,22.85489273071289,23.907161712646484,22.79588508605957,22.963069915771484,1848768
2011-11-21,12.344033241271973,22.992572784423828,23.115501403808594,22.7270450592041,22.815555572509766,1050007
2011-11-22,12.090606689453125,22.520526885986328,22.953235626220703,22.30417251586914,22.599199295043945,1738152
2011-11-23,11.779102325439453,21.940303802490234,22.461519241333008,21.871463775634766,22.37301254272461,1785225
2011-11-24,11.578471183776855,21.566600799560547,21.802623748779297,21.44858741760254,21.723947525024414,2039708
2011-11-25,11.28808307647705,21.025714874267578,21.45842170715332,20.868364334106445,21.45842170715332,2215688
2011-11-28,11.916372299194336,22.195993423461914,22.21566390991211,21.350244522094727,21.438753128051758,1559964
2011-11-29,12.270118713378906,22.85489273071289,22.85489273071289,22.205829620361328,22.599199295043945,2798600
2011-11-30,12.217315673828125,22.756549835205078,22.766382217407227,22.274669647216797,22.766382217407227,2059579
2011-12-01,12.85616683959961,23.94649887084961,23.94649887084961,23.40561294555664,23.602298736572266,2196526
2011-12-02,12.866726875305176,23.966167449951172,23.966167449951172,23.503955841064453,23.897327423095703,1498030
2011-12-05,12.988161087036133,24.192354202270508,24.389041900634766,24.094011306762695,24.094011306762695,1466583
2011-12-06,12.951203346252441,24.12351417541504,24.379207611083984,23.94649887084961,24.064510345458984,1734509
2011-12-07,13.157111167907715,24.50705337524414,24.920093536376953,24.18252182006836,24.33987045288086,1510156
2011-12-08,13.18879222869873,24.566057205200195,24.723407745361328,24.192354202270508,24.50705337524414,2824480
2011-12-09,12.872003555297852,23.976001739501953,24.389041900634766,23.838321685791016,24.074344635009766,2182741
2011-12-12,12.972322463989258,24.162853240966797,24.467716217041016,24.05467414855957,24.398876190185547,1494027
2011-12-13,12.755851745605469,23.759647369384766,24.03500747680664,23.621967315673828,23.71047592163086,1416345
2011-12-14,12.740011215209961,23.730144500732422,23.995670318603516,23.64163589477539,23.700641632080078,1294670
2011-12-15,12.85616683959961,23.94649887084961,24.05467414855957,23.503955841064453,23.690807342529297,3020834
2011-12-16,12.73473072052002,23.720308303833008,24.044841766357422,23.621967315673828,23.87765884399414,1433952
2011-12-19,12.407390594482422,23.11058235168457,23.680971145629883,23.031909942626953,23.602298736572266,1818892
2011-12-20,12.365148544311523,23.031909942626953,23.258098602294922,22.815555572509766,23.10074806213379,937089
2011-12-21,12.718893051147461,23.690807342529297,23.995670318603516,23.503955841064453,23.65146827697754,1774388
2011-12-22,12.613295555114746,23.494121551513672,23.700641632080078,23.385944366455078,23.602298736572266,1571883
2011-12-23,12.761134147644043,23.769481658935547,23.94649887084961,23.5137882232666,23.700641632080078,2325701
2011-12-28,12.592182159423828,23.454784393310547,23.9858341217041,23.27776527404785,23.81865119934082,804162
2011-12-29,12.608016967773438,23.484285354614258,23.700641632080078,23.248262405395508,23.41544532775879,604901
2011-12-30,12.560502052307129,23.39577865600586,23.700641632080078,23.336772918701172,23.503955841064453,357732
2012-01-03,12.666098594665527,23.592464447021484,23.690807342529297,23.56296157836914,23.690807342529297,995585
2012-01-04,12.961760520935059,24.143184661865234,24.35953712463379,23.769481658935547,23.789148330688477,1585901
2012-01-05,12.961760520935059,24.143184661865234,24.143184661865234,23.700641632080078,23.730144500732422,970887
2012-01-06,12.803367614746094,23.848154067993164,24.438213348388672,23.759647369384766,24.33987045288086,1920730
2012-01-09,12.560502052307129,23.39577865600586,23.926830291748047,23.39577865600586,23.907161712646484,2020995
2012-01-10,12.539382934570312,23.356441497802734,23.65146827697754,23.32693862915039,23.454784393310547,2797221
2012-01-11,12.48658561706543,23.258098602294922,23.523624420166016,23.189258575439453,23.376108169555664,1997413
2012-01-12,12.449627876281738,23.189258575439453,23.39577865600586,23.140085220336914,23.258098602294922,1486661
2012-01-13,12.386271476745605,23.071245193481445,23.39577865600586,23.002405166625977,23.39577865600586,1240620
2012-01-16,12.074761390686035,22.49102210998535,22.79588508605957,22.412349700927734,22.736879348754883,1574916
2012-01-17,12.317632675170898,22.94339942932129,23.051578521728516,22.62870216369629,22.63853645324707,1186710
2012-01-18,12.27539348602295,22.86472511291504,22.953235626220703,22.510692596435547,22.87455940246582,1718030
2012-01-19,12.534100532531738,23.34660530090332,23.474451065063477,23.11058235168457,23.435115814208984,3260746
2012-01-20,12.935359954833984,24.094011306762695,24.094011306762695,23.700641632080078,23.74981117248535,3424764
2012-01-23,13.162391662597656,24.516887664794922,24.546390533447266,23.857990264892578,24.044841766357422,2880117
2012-01-24,13.199350357055664,24.58572769165039,24.910259246826172,24.330034255981445,24.516887664794922,2863673
2012-01-25,13.50029468536377,25.146282196044922,25.156116485595703,24.536556243896484,24.58572769165039,3324942
2012-01-27,13.47917366027832,25.106943130493164,25.401973724365234,25.018436431884766,25.12661361694336,1805677
2012-01-30,13.52141284942627,25.185619354248047,25.20528793334961,24.723407745361328,24.733240127563477,1009380
2012-01-31,13.463335990905762,25.077442169189453,25.254459381103516,24.910259246826172,25.067607879638672,1928845
2012-02-01,13.209904670715332,24.605396270751953,25.067607879638672,24.566057205200195,25.008602142333984,1647097
2012-02-02,13.29438591003418,24.762744903564453,25.04793930053711,24.556224822998047,24.959430694580078,3169882
2012-02-03,13.19406795501709,24.57589340209961,24.74307632446289,24.41854476928711,24.59556007385254,1436951
2012-02-06,13.780119895935059,25.667499542236328,25.883853912353516,25.008602142333984,25.067607879638672,3839404
2012-02-07,13.674527168273926,25.470813751220703,25.67733383178711,24.34970474243164,24.556224822998047,5826276
2012-02-08,14.102185249328613,26.267391204833984,26.532917022705078,25.421642303466797,25.500316619873047,3290326
2012-02-09,14.181382179260254,26.414905548095703,26.601757049560547,25.864185333251953,26.267391204833984,3250898
2012-02-10,14.323934555053711,26.680431365966797,26.818111419677734,26.247722625732422,26.601757049560547,3321036
2012-02-13,14.492889404296875,26.995128631591797,27.083637237548828,26.257556915283203,26.680431365966797,1847585
2012-02-14,14.139141082763672,26.336231231689453,26.985294342041016,26.090373992919922,26.70009994506836,1877068
2012-02-15,14.012434005737305,26.100208282470703,26.46407699584961,25.893688201904297,26.46407699584961,2310543
2012-02-16,13.991312026977539,26.060871124267578,26.218219757080078,25.618328094482422,25.893688201904297,2248358
2012-02-17,13.917393684387207,25.92319107055664,26.424739837646484,25.864185333251953,26.38540267944336,1203613
2012-02-20,14.313374519348145,26.660762786865234,26.759105682373047,26.198551177978516,26.326396942138672,1272807
2012-02-21,14.577363014221191,27.152477264404297,27.162311553955078,26.572254180908203,26.572254180908203,2096823
2012-02-22,14.413688659667969,26.847614288330078,27.044300079345703,26.444408416748047,27.044300079345703,1235942
2012-02-23,14.128583908081055,26.31656265258789,26.55258560180664,26.15921401977539,26.405071258544922,1315038
2012-02-24,14.260575294494629,26.562419891357422,26.749271392822266,26.31656265258789,26.54275131225586,3632036
2012-02-27,14.260575294494629,26.562419891357422,26.641094207763672,26.326396942138672,26.375568389892578,847603
2012-02-28,14.408407211303711,26.837779998779297,26.965625762939453,26.434574127197266,26.78860855102539,967247
2012-02-29,14.133865356445312,26.326396942138672,26.70993423461914,26.287059783935547,26.641094207763672,2465356
2012-03-01,13.890997886657715,25.874019622802734,26.46407699584961,25.775676727294922,26.188716888427734,1201887
2012-03-02,14.096907615661621,26.257556915283203,26.346065521240234,26.060871124267578,26.060871124267578,1051282
2012-03-05,14.149703979492188,26.355899810791016,26.38540267944336,25.982196807861328,26.375568389892578,785456
2012-03-06,13.848756790161133,25.795345306396484,26.30672836303711,25.657665252685547,26.08053970336914,1387782
2012-03-07,13.473898887634277,25.097110748291016,26.213302612304688,25.097110748291016,25.421642303466797,1766163
2012-03-08,13.526693344116211,25.195453643798828,25.510150909423828,25.05777359008789,25.254459381103516,1585255
2012-03-09,13.621731758117676,25.37247085571289,25.549488067626953,25.116779327392578,25.44131088256836,1722402
2012-03-12,13.8593168258667,25.815013885498047,26.021533966064453,25.431476593017578,25.431476593017578,1587348
2012-03-13,14.081067085266113,26.22805404663086,26.39523696899414,25.667499542236328,26.011699676513672,1967084
2012-03-14,14.376730918884277,26.77877426147461,26.94595718383789,26.46407699584961,26.660762786865234,2163391
2012-03-15,14.45592975616455,26.926288604736328,26.985294342041016,26.729602813720703,26.93612289428711,1880430
2012-03-16,14.535124778747559,27.073802947998047,27.073802947998047,26.719768524169922,26.94595718383789,1634682
2012-03-19,14.793828964233398,27.555683135986328,28.017894744873047,26.955791473388672,27.073802947998047,2169618
2012-03-20,14.767434120178223,27.506511688232422,27.703197479248047,27.201648712158203,27.703197479248047,1485888
2012-03-21,14.925825119018555,27.80154037475586,27.998226165771484,27.378665924072266,27.506511688232422,1478257
2012-03-22,15.369324684143066,28.627620697021484,28.863643646240234,27.614688873291016,27.614688873291016,2608313
2012-03-23,15.189812660217285,28.293254852294922,28.460437774658203,27.96872329711914,28.401432037353516,1837951
2012-03-26,15.089498519897461,28.106403350830078,28.58828353881836,28.106403350830078,28.27358627319336,939285
2012-03-27,15.601628303527832,29.06032943725586,29.198009490966797,28.28342056274414,28.303089141845703,2528771
2012-03-28,15.796982765197754,29.424198150634766,29.670055389404297,28.932483673095703,29.06032943725586,2506898
2012-03-29,15.543551445007324,28.952152252197266,29.601215362548828,28.90298080444336,29.14883804321289,2229940
2012-03-30,15.353484153747559,28.59811782836914,29.099666595458984,28.489940643310547,28.489940643310547,5788922
2012-04-02,15.232048034667969,28.371929168701172,29.06032943725586,28.293254852294922,28.961986541748047,2015137
2012-04-03,15.3904390335083,28.66695785522461,28.725963592529297,28.322757720947266,28.568614959716797,1181118
2012-04-04,15.32708740234375,28.548946380615234,28.843975067138672,28.371929168701172,28.460437774658203,1041012
2012-04-05,15.158137321472168,28.234249114990234,28.43093490600586,27.998226165771484,28.332592010498047,1558329
2012-04-10,15.226771354675293,28.36209487915039,28.44076919555664,27.772037506103516,27.81137466430664,982320
2012-04-11,14.735751152038574,27.447505950927734,28.106403350830078,27.270488739013672,27.929386138916016,2056537
2012-04-12,14.88886833190918,27.73270034790039,27.73270034790039,27.211483001708984,27.32949447631836,1395410
2012-04-13,15.305963516235352,28.50960922241211,28.568614959716797,28.145740509033203,28.303089141845703,1791067
2012-04-16,15.06309700012207,28.057231903076172,28.312923431396484,27.909717559814453,28.20474624633789,1767834
2012-04-17,15.374601364135742,28.637454986572266,28.843975067138672,28.12607192993164,28.185077667236328,2010372
2012-04-18,15.717787742614746,29.276683807373047,29.571712493896484,28.98165512084961,29.011157989501953,2919271
2012-04-19,15.453801155090332,28.784969329833984,29.45370101928711,28.617786407470703,29.37502670288086,2424915
2012-04-20,15.269006729125977,28.44076919555664,28.765300750732422,28.303089141845703,28.75546646118164,1298886
2012-04-23,15.226771354675293,28.36209487915039,28.725963592529297,28.106403350830078,28.28342056274414,2201167
2012-04-24,14.994462013244629,27.929386138916016,28.303089141845703,27.73270034790039,28.12607192993164,2798789
2012-04-26,15.010297775268555,27.95888900756836,28.450603485107422,27.831043243408203,28.391597747802734,1924743
2012-04-27,15.453801155090332,28.784969329833984,29.129169464111328,28.214580535888672,28.253917694091797,4769041
2012-04-30,15.422119140625,28.725963592529297,28.932483673095703,28.332592010498047,28.66695785522461,1419256
2012-05-01,15.406281471252441,28.696460723876953,28.716129302978516,28.342426300048828,28.696460723876953,1181496
2012-05-02,15.601628303527832,29.06032943725586,29.129169464111328,28.607952117919922,28.814472198486328,1253080
2012-05-03,15.364042282104492,28.617786407470703,28.942317962646484,28.539112091064453,28.814472198486328,1880406
2012-05-04,15.210929870605469,28.332592010498047,28.499774932861328,28.253917694091797,28.342426300048828,1396213
2012-05-07,14.862215995788574,26.906620025634766,27.526180267333984,26.85744857788086,27.437671661376953,3673752
2012-05-08,14.927404403686523,27.02463150024414,27.467174530029297,26.70993423461914,27.152477264404297,3143258
2012-05-09,14.911104202270508,26.995128631591797,26.995128631591797,26.572254180908203,26.85744857788086,2323415
2012-05-10,15.237030982971191,27.585186004638672,27.64419174194336,27.09347152709961,27.270488739013672,2065575
2012-05-11,15.399996757507324,27.88021469116211,27.899883270263672,27.32949447631836,27.358997344970703,2026705
2012-05-14,15.639010429382324,28.312923431396484,28.36209487915039,27.939220428466797,28.027729034423828,1582945
2012-05-15,15.160984992980957,27.447505950927734,27.88021469116211,27.113140106201172,27.742534637451172,2497037
2012-05-16,14.574320793151855,26.38540267944336,27.231151580810547,26.326396942138672,27.142642974853516,2829185
2012-05-17,14.335305213928223,25.952693939208984,26.38540267944336,25.667499542236328,26.060871124267578,2672276
2012-05-18,14.041971206665039,25.421642303466797,25.470813751220703,24.733240127563477,25.224956512451172,3622638
2012-05-21,14.101724624633789,25.52981948852539,25.805179595947266,25.28396224975586,25.460979461669922,2477697
2012-05-22,14.357032775878906,25.99203109741211,25.99203109741211,25.465896606445312,25.775676727294922,2732262
2012-05-23,14.112585067749023,25.549488067626953,25.83468246459961,25.401973724365234,25.815013885498047,1610023
2012-05-24,14.199501037597656,25.706836700439453,25.962528228759766,25.401973724365234,25.401973724365234,2462096
2012-05-25,14.031106948852539,25.401973724365234,25.864185333251953,25.244625091552734,25.569156646728516,2607894
2012-05-28,14.405920028686523,26.08053970336914,26.247722625732422,25.51998519897461,25.569156646728516,1623303
2012-05-29,14.596044540405273,26.424739837646484,26.886951446533203,25.76584243774414,25.893688201904297,1340920
2012-05-30,14.699254989624023,26.611591339111328,26.660762786865234,26.110042572021484,26.39523696899414,1429198
2012-05-31,14.65036392211914,26.523082733154297,26.70009994506836,26.051036834716797,26.060871124267578,4600544
2012-06-01,14.579748153686523,26.39523696899414,26.493579864501953,26.247722625732422,26.39523696899414,2275343
2012-06-04,14.150612831115723,25.618328094482422,25.697002410888672,25.401973724365234,25.559322357177734,3390256
2012-06-05,14.242955207824707,25.785511016845703,26.178882598876953,25.716670989990234,25.864185333251953,2410990
2012-06-06,14.221227645874023,25.746173858642578,26.336231231689453,25.578990936279297,25.775676727294922,2444850
2012-06-07,14.503697395324707,26.257556915283203,26.39523696899414,26.090373992919922,26.39523696899414,3071655
2012-06-08,14.286413192749023,25.864185333251953,26.267391204833984,25.76584243774414,26.051036834716797,1820825
2012-06-12,14.29184627532959,25.874019622802734,26.326396942138672,25.795345306396484,25.962528228759766,1401079
2012-06-13,14.014811515808105,25.37247085571289,26.08053970336914,24.988933563232422,25.83468246459961,2133908
2012-06-14,13.656296730041504,24.723407745361328,25.37247085571289,24.713573455810547,25.077442169189453,1750026
2012-06-15,13.835555076599121,25.04793930053711,25.264293670654297,24.74307632446289,24.97909927368164,2598323
2012-06-18,14.199501037597656,25.706836700439453,25.874019622802734,25.554405212402344,25.647829055786133,1139697
2012-06-19,14.123451232910156,25.569156646728516,25.83468246459961,25.165950775146484,25.165950775146484,1052098
2012-06-20,14.123451232910156,25.569156646728516,26.041202545166016,25.342966079711914,26.011699676513672,1431354
2012-06-21,13.851848602294922,25.077442169189453,25.28396224975586,24.792247772216797,24.97909927368164,3193533
2012-06-22,13.889872550964355,25.146282196044922,25.146282196044922,24.693904876708984,24.910259246826172,1467472
2012-06-25,13.835555076599121,25.04793930053711,25.05777359008789,24.713573455810547,25.018436431884766,1657588
2012-06-26,13.770367622375488,24.929927825927734,24.929927825927734,24.59556007385254,24.684070587158203,2080625
2012-06-27,13.906167030334473,25.175785064697266,25.175785064697266,24.792247772216797,24.929927825927734,741535
2012-06-28,13.884442329406738,25.13644790649414,25.460979461669922,25.087276458740234,25.37247085571289,3313566
2012-06-29,14.123451232910156,25.569156646728516,26.090373992919922,24.97909927368164,24.97909927368164,3122759
2012-07-02,14.558026313781738,26.355899810791016,26.46407699584961,25.83468246459961,25.982196807861328,1735733
2012-07-03,14.509132385253906,26.267391204833984,26.70993423461914,26.198551177978516,26.405071258544922,1030689
2012-07-04,14.384194374084473,26.041202545166016,26.444408416748047,25.982196807861328,26.444408416748047,1409492
2012-07-05,14.297280311584473,25.883853912353516,26.08053970336914,25.795345306396484,26.021533966064453,1244934
2012-07-06,14.210367202758789,25.726505279541016,26.011699676513672,25.411806106567383,25.893688201904297,1240640
2012-07-09,13.987649917602539,25.323299407958984,25.716670989990234,25.313465118408203,25.470813751220703,1812327
2012-07-10,13.835555076599121,25.04793930053711,25.539653778076172,24.998767852783203,25.303630828857422,1623845
2012-07-11,13.754068374633789,24.900423049926758,25.244625091552734,24.723407745361328,24.97909927368164,1202277
2012-07-12,13.743207931518555,24.880756378173828,25.274126052856445,24.81191635131836,24.959430694580078,1286890
2012-07-13,13.770367622375488,24.929927825927734,25.008602142333984,24.792247772216797,24.929927825927734,1093950
2012-07-16,13.770367622375488,24.929927825927734,25.254459381103516,24.841419219970703,25.224956512451172,1541493
2012-07-17,13.775800704956055,24.939762115478516,25.018436431884766,24.831584930419922,24.831584930419922,1868785
2012-07-18,13.439006805419922,24.330034255981445,24.939762115478516,24.22185707092285,24.880756378173828,4282279
2012-07-19,13.477031707763672,24.398876190185547,24.625064849853516,23.926830291748047,24.605396270751953,2752373
2012-07-20,13.417281150817871,24.29069709777832,24.74307632446289,24.10384750366211,24.241527557373047,2662234
2012-07-23,13.286909103393555,24.05467414855957,24.18252182006836,23.65146827697754,24.005504608154297,1907412
2012-07-24,13.199996948242188,23.897327423095703,24.094011306762695,23.730144500732422,23.94649887084961,1691387
2012-07-25,12.96641731262207,23.474451065063477,23.720308303833008,23.169588088989258,23.602298736572266,1610448
2012-07-26,13.254318237304688,23.995670318603516,24.044841766357422,23.34660530090332,23.34660530090332,2689122
2012-07-27,13.536787986755371,24.50705337524414,24.615230560302734,24.29069709777832,24.330034255981445,2848075
2012-07-30,13.520489692687988,24.477550506591797,24.664400100708008,24.241527557373047,24.59556007385254,1999276
2012-07-31,13.569375991821289,24.566057205200195,24.57589340209961,24.015338897705078,24.192354202270508,2297060
2012-08-01,13.574810028076172,24.57589340209961,24.57589340209961,24.192354202270508,24.33987045288086,2060835
2012-08-02,13.531354904174805,24.497217178344727,24.58572769165039,24.320201873779297,24.50705337524414,1734717
2012-08-03,13.449872970581055,24.34970474243164,24.369373321533203,23.857990264892578,23.995670318603516,1410222
2012-08-06,13.661727905273438,24.733240127563477,24.861087799072266,24.50705337524414,24.684070587158203,683045
2012-08-07,13.737774848937988,24.870920181274414,24.949596405029297,24.605396270751953,24.703739166259766,589002
2012-08-08,13.933328628540039,25.224956512451172,25.264293670654297,24.841419219970703,24.841419219970703,1033121
2012-08-09,13.976784706115723,25.303630828857422,25.352802276611328,25.028270721435547,25.224956512451172,1315581
2012-08-10,14.101724624633789,25.52981948852539,25.559322357177734,25.185619354248047,25.185619354248047,1388123
2012-08-13,14.145181655883789,25.60849380493164,25.76584243774414,25.500316619873047,25.569156646728516,653394
2012-08-14,14.11801815032959,25.559322357177734,25.805179595947266,25.411806106567383,25.539653778076172,874459
2012-08-15,14.07999324798584,25.490482330322266,25.972362518310547,25.37247085571289,25.92319107055664,985971
2012-08-16,14.286413192749023,25.864185333251953,25.893688201904297,25.578990936279297,25.864185333251953,1022322
2012-08-17,14.416783332824707,26.100208282470703,26.22805404663086,25.68716812133789,25.785511016845703,1020997
2012-08-20,14.53629207611084,26.31656265258789,26.523082733154297,26.00186538696289,26.08053970336914,952577
2012-08-21,14.56345272064209,26.365734100341797,26.680431365966797,26.257556915283203,26.277225494384766,765265
2012-08-22,14.51999282836914,26.287059783935547,26.62142562866211,26.041202545166016,26.483745574951172,747522
2012-08-23,14.449379920959473,26.15921401977539,26.493579864501953,26.00186538696289,26.493579864501953,750443
2012-08-24,14.194068908691406,25.697002410888672,26.00678253173828,25.59374237060547,25.76584243774414,1426328
2012-08-27,14.27011775970459,25.83468246459961,26.060871124267578,25.815013885498047,25.903522491455078,576060
2012-08-28,14.509132385253906,26.267391204833984,26.38540267944336,25.83468246459961,25.83468246459961,908933
2012-08-29,14.62320327758789,26.47391128540039,26.54275131225586,26.119876861572266,26.277225494384766,1070168
2012-08-30,14.720988273620605,26.650928497314453,26.70993423461914,26.355899810791016,26.454242706298828,1364016
2012-08-31,14.59061336517334,26.414905548095703,26.582088470458984,26.22805404663086,26.513248443603516,2401851
2012-09-03,14.965429306030273,27.09347152709961,27.132808685302734,26.208385467529297,26.336231231689453,1224564
2012-09-04,14.824190139770508,26.837779998779297,27.290157318115234,26.650928497314453,27.290157318115234,1540775
2012-09-05,14.813328742980957,26.818111419677734,26.818111419677734,26.365734100341797,26.454242706298828,1242895
2012-09-06,14.976295471191406,27.113140106201172,27.201648712158203,26.759105682373047,26.93612289428711,2313622
2012-09-07,15.106661796569824,27.349163055419922,27.624523162841797,27.191814422607422,27.526180267333984,3629294
2012-09-10,15.427155494689941,27.929386138916016,28.027729034423828,27.34424591064453,27.516345977783203,1397612
2012-09-11,15.524932861328125,28.106403350830078,28.35226058959961,27.634357452392578,27.88021469116211,1476638
2012-09-12,15.524932861328125,28.106403350830078,28.19491195678711,27.89004898071289,27.988391876220703,1507674
2012-09-13,15.345674514770508,27.781871795654297,28.017894744873047,27.663860321044922,27.831043243408203,1094184
2012-09-14,15.731351852416992,28.480106353759766,28.706295013427734,27.96872329711914,28.076900482177734,2001269
2012-09-17,15.997522354125977,28.961986541748047,29.22751235961914,28.332592010498047,28.499774932861328,1736580
2012-09-18,15.81826400756836,28.637454986572266,28.725963592529297,28.43093490600586,28.67679214477539,1064823
2012-09-19,15.93233871459961,28.843975067138672,29.001323699951172,28.322757720947266,28.617786407470703,2216677
2012-09-20,15.943202018737793,28.863643646240234,29.37010955810547,28.775135040283203,29.011157989501953,2203385
2012-09-21,15.78567123413086,28.578449249267578,28.853809356689453,28.548946380615234,28.804637908935547,1466652
2012-09-24,15.753079414367676,28.51944351196289,28.617786407470703,28.11623764038086,28.411266326904297,1427248
2012-09-25,15.698763847351074,28.421100616455078,28.647289276123047,28.36209487915039,28.51944351196289,1458507
2012-09-26,15.508641242980957,28.076900482177734,28.224414825439453,27.821208953857422,28.086734771728516,1335243
2012-09-27,15.481473922729492,28.027729034423828,28.027729034423828,27.791706085205078,27.821208953857422,1067356
2012-09-28,15.459752082824707,27.988391876220703,28.057231903076172,27.703197479248047,27.870380401611328,2529420
2012-10-01,15.48691177368164,28.03756332397461,28.342426300048828,27.89004898071289,28.027729034423828,527072
2012-10-02,15.535795211791992,28.12607192993164,28.312923431396484,27.949054718017578,28.312923431396484,1407301
2012-10-03,15.943202018737793,28.863643646240234,28.961986541748047,28.19491195678711,28.293254852294922,2063513
2012-10-04,15.905177116394043,28.794803619384766,29.040660858154297,28.58828353881836,28.725963592529297,1260186
2012-10-05,16.10616683959961,29.158672332763672,29.335689544677734,28.784969329833984,28.784969329833984,1399090
2012-10-08,15.975800514221191,28.922649383544922,29.089832305908203,28.804637908935547,29.011157989501953,639857
2012-10-09,15.943202018737793,28.863643646240234,29.001323699951172,28.75546646118164,28.814472198486328,650093
2012-10-10,15.780241966247559,28.568614959716797,28.853809356689453,28.499774932861328,28.607952117919922,894762
2012-10-11,15.796537399291992,28.59811782836914,28.696460723876953,28.28342056274414,28.35226058959961,464510
2012-10-12,15.758514404296875,28.529277801513672,28.74563217163086,28.322757720947266,28.51944351196289,511136
2012-10-15,15.796537399291992,28.59811782836914,28.637454986572266,28.303089141845703,28.303089141845703,463368
2012-10-16,15.970367431640625,28.91281509399414,29.22751235961914,28.725963592529297,28.99148941040039,1380727
2012-10-17,16.138757705688477,29.21767807006836,29.325855255126953,28.961986541748047,29.129169464111328,1134011
2012-10-18,16.681968688964844,30.201107025146484,30.40762710571289,29.404529571533203,29.443866729736328,2267421
2012-10-19,17.007892608642578,30.79116439819336,30.79116439819336,30.289615631103516,30.338787078857422,2848695
2012-10-22,16.839500427246094,30.48630142211914,30.48630142211914,30.16176986694336,30.48630142211914,1503201
2012-10-23,16.64937973022461,30.142101287841797,30.387958526611328,30.142101287841797,30.260112762451172,1330607
2012-10-24,16.279996871948242,29.473369598388672,29.896244049072266,29.434032440185547,29.797901153564453,1894048
2012-10-25,16.193082809448242,29.316020965576172,29.69955825805664,29.22751235961914,29.679889678955078,1128276
2012-10-26,16.758018493652344,30.338787078857422,30.673152923583984,29.571712493896484,29.571712493896484,4116114
2012-10-29,16.68740463256836,30.210941314697266,30.63381576538086,29.807735443115234,29.994586944580078,1777357
2012-10-30,16.948143005371094,30.682987213134766,30.72232437133789,30.08309555053711,30.122432708740234,1833238
2012-10-31,17.328393936157227,31.371387481689453,31.459896087646484,30.860004425048828,30.87967300415039,2758573
2012-11-01,17.11110496520996,30.978015899658203,31.33696746826172,30.79116439819336,31.322216033935547,2199672
2012-11-02,17.093292236328125,30.151935577392578,30.909175872802734,30.151935577392578,30.604312896728516,4504554
2012-11-05,17.360897064208984,30.623981475830078,30.761661529541016,30.122432708740234,30.191272735595703,1250496
2012-11-06,17.405502319335938,30.702655792236328,30.820667266845703,30.40762710571289,30.47646713256836,739546
2012-11-07,17.695402145385742,31.214038848876953,31.35171890258789,30.496135711669922,30.505970001220703,1523673
2012-11-08,17.450105667114258,30.781330108642578,30.86983871459961,30.358455657958984,30.732158660888672,1814120
2012-11-09,17.37204933166504,30.64365005493164,30.663318634033203,30.39779281616211,30.39779281616211,972380
2012-11-12,17.299571990966797,30.515804290771484,30.673152923583984,30.437129974365234,30.437129974365234,807595
2012-11-13,16.84241485595703,29.709392547607422,30.64365005493164,29.552043914794922,30.584644317626953,2161394
2012-11-14,16.93718910217285,29.876575469970703,30.112598419189453,29.365192413330078,29.709392547607422,1109214
2012-11-15,16.8591365814209,29.738895416259766,29.77823257446289,29.394695281982422,29.53237533569336,1626564
2012-11-16,17.004093170166016,29.994586944580078,30.39779281616211,29.483203887939453,29.660221099853516,1717539
2012-11-19,16.909317016601562,29.827404022216797,30.073261260986328,29.640552520751953,30.073261260986328,1311607
2012-11-20,17.031965255737305,30.043758392333984,30.151935577392578,29.650386810302734,29.827404022216797,1155326
2012-11-21,17.16019630432129,30.269947052001953,30.358455657958984,29.866741180419922,29.866741180419922,1421619
2012-11-22,17.33860206604004,30.584644317626953,30.623981475830078,30.16176986694336,30.378124237060547,933459
2012-11-23,17.321870803833008,30.55514144897461,30.761661529541016,30.151935577392578,30.535472869873047,874938
2012-11-26,17.366470336914062,30.63381576538086,30.860004425048828,30.496135711669922,30.781330108642578,794080
2012-11-27,17.49469566345215,30.860004425048828,31.02718734741211,30.387958526611328,30.387958526611328,1370201
2012-11-28,17.589479446411133,31.02718734741211,31.02718734741211,30.682987213134766,30.810832977294922,835705
2012-11-29,17.784605026245117,31.371387481689453,31.459896087646484,30.95834732055664,31.076358795166016,1048033
2012-11-30,18.264068603515625,32.21713638305664,32.35481643676758,31.57790756225586,31.57790756225586,3803963
2012-12-03,18.29194450378418,32.26630783081055,32.45315933227539,32.167964935302734,32.30564498901367,1417973
2012-12-04,18.11911392211914,31.961444854736328,32.26630783081055,31.686084747314453,32.0302848815918,952022
2012-12-05,18.31981658935547,32.31547927856445,32.718685150146484,31.57790756225586,31.607410430908203,850991
2012-12-06,18.581844329833984,32.77769088745117,32.90553665161133,32.31547927856445,32.31547927856445,1318028
2012-12-07,18.804855346679688,33.17106246948242,33.23006820678711,32.77769088745117,32.83669662475586,1456100
2012-12-10,18.453617095947266,32.5515022277832,33.3382453918457,32.492496490478516,33.190731048583984,1411609
2012-12-11,18.7769718170166,33.121891021728516,33.23990249633789,32.5515022277832,32.876033782958984,1125903
2012-12-12,18.715654373168945,33.01371383666992,33.436588287353516,32.77769088745117,33.3382453918457,1646211
2012-12-13,18.620874404907227,32.84653091430664,33.00387954711914,32.7088508605957,32.76785659790039,1686249
2012-12-14,18.581844329833984,32.77769088745117,33.043216705322266,32.60067367553711,32.85636520385742,2028349
2012-12-17,18.56511878967285,32.74818801879883,32.797359466552734,32.51216506958008,32.5515022277832,892485
2012-12-18,18.944229125976562,33.41691970825195,33.72178268432617,32.876033782958984,32.94487380981445,1398169
2012-12-19,19.412534713745117,34.24300003051758,34.370845794677734,33.70211410522461,33.908634185791016,2279472
2012-12-20,19.45713996887207,34.32167434692383,34.9117317199707,34.27250289916992,34.42001724243164,2546979
2012-12-21,19.434846878051758,34.2823371887207,35.0199089050293,33.977474212646484,34.40034866333008,4373863
2012-12-24,19.38466453552246,34.19382858276367,34.35117721557617,33.829959869384766,34.223331451416016,329362
2012-12-27,19.691295623779297,34.73471450805664,34.852725982666016,33.829959869384766,34.19382858276367,692925
2012-12-28,19.79164695739746,34.9117317199707,35.0199089050293,34.528194427490234,34.528194427490234,398600
2012-12-31,19.786069869995117,34.90189743041992,35.088748931884766,34.538028717041016,34.81338882446289,476851
2013-01-02,20.03695297241211,35.34444046020508,35.3837776184082,34.73471450805664,35.09858322143555,588749
2013-01-03,19.97562599182129,35.236263275146484,35.50178909301758,35.12808609008789,35.403446197509766,1039305
2013-01-04,19.9143009185791,35.12808609008789,35.25593185424805,35.0690803527832,35.236263275146484,610546
2013-01-07,20.075977325439453,35.41328048706055,35.6493034362793,35.29526901245117,35.403446197509766,982191
2013-01-08,19.858552932739258,35.02974319458008,35.6984748840332,34.926483154296875,35.41328048706055,1264728
2013-01-09,19.986780166625977,35.25593185424805,35.35427474975586,34.79372024536133,34.921566009521484,1107238
2013-01-10,20.248807907104492,35.718143463134766,35.7525634765625,35.078914642333984,35.157588958740234,1038139
2013-01-11,20.042530059814453,35.35427474975586,35.6984748840332,35.2264289855957,35.65913772583008,684295
2013-01-14,20.014652252197266,35.30510330200195,35.59029769897461,35.18709182739258,35.45261764526367,729442
2013-01-15,19.83625030517578,34.99040603637695,35.3346061706543,34.79372024536133,34.9117317199707,1017782
2013-01-16,19.86412811279297,35.03957748413086,35.29526901245117,34.83305740356445,35.2264289855957,1159191
2013-01-17,20.181901931762695,35.60013198852539,36.09184646606445,34.97073745727539,35.18709182739258,1672338
2013-01-18,20.38260841369629,35.954166412353516,35.97383499145508,35.74764633178711,35.74764633178711,784178
2013-01-21,20.63348960876465,36.39670944213867,36.578643798828125,35.88532638549805,35.89516067504883,822038
2013-01-22,20.68366813659668,36.4852180480957,36.93759536743164,36.38687515258789,36.38687515258789,1444135
2013-01-23,20.48853302001953,36.14101791381836,36.55405807495117,36.09184646606445,36.38687515258789,730849
2013-01-24,20.66693878173828,36.45571517944336,36.583560943603516,35.6493034362793,35.8558235168457,1055146
2013-01-25,21.179851531982422,37.360469818115234,37.370304107666016,36.68190383911133,36.82941818237305,3715254
2013-01-29,21.308080673217773,37.5866584777832,37.685001373291016,37.2227897644043,37.370304107666016,1415505
2013-01-30,21.54222869873047,37.999698638916016,38.04887008666992,37.61616134643555,37.61616134643555,1384718
2013-01-31,21.46417999267578,37.86201858520508,38.147212982177734,37.57682418823242,38.078372955322266,2103295
2013-02-01,21.904613494873047,38.6389274597168,38.6389274597168,37.87185287475586,37.89152145385742,1322355
2013-02-04,21.592411041259766,38.08820724487305,39.03230285644531,37.675167083740234,38.6389274597168,2230310
2013-02-05,20.717117309570312,36.54422378540039,37.30146408081055,36.35737228393555,36.84908676147461,4309588
2013-02-06,20.767290115356445,36.63273239135742,36.99660110473633,35.99350357055664,36.54422378540039,2738305
2013-02-07,20.906673431396484,36.87858963012695,36.87858963012695,36.032840728759766,36.63273239135742,1541743
2013-02-08,21.062772750854492,37.15394973754883,37.2719612121582,36.7999153137207,37.25229263305664,786360
2013-02-11,21.1854248046875,37.370304107666016,37.40964126586914,36.78024673461914,36.888423919677734,797248
2013-02-12,21.174278259277344,37.35063552856445,37.70466995239258,37.124446868896484,37.26212692260742,1027137
2013-02-13,21.36383056640625,37.685001373291016,37.79317855834961,36.819583892822266,37.25229263305664,1423164
2013-02-14,21.241174697875977,37.46864700317383,37.66533279418945,37.10477828979492,37.39980697631836,1532761
2013-02-15,21.07392692565918,37.17361831665039,37.46864700317383,37.02610397338867,37.09494400024414,907283
2013-02-18,21.659303665161133,38.20621871948242,38.235721588134766,37.3260498046875,37.35063552856445,1030407
2013-02-19,21.988245010375977,38.786441802978516,38.786441802978516,38.28489303588867,38.35373306274414,1176429
2013-02-20,22.188941955566406,39.14047622680664,39.14047622680664,38.12754440307617,38.786441802978516,1209781
2013-02-21,21.324804306030273,37.61616134643555,38.99296188354492,37.61616134643555,38.36356735229492,2191846
2013-02-22,21.497634887695312,37.921024322509766,38.41273880004883,37.517818450927734,38.0587043762207,3331508
2013-02-25,21.692758560180664,38.26522445678711,38.44224166870117,37.96036148071289,37.96036148071289,572640
2013-02-26,21.196571350097656,37.38997268676758,37.95052719116211,37.16378402709961,37.77350997924805,1002296
2013-02-27,20.923397064208984,36.9080924987793,37.5866584777832,36.740909576416016,37.448978424072266,1146782
2013-02-28,21.029321670532227,37.09494400024414,37.6948356628418,37.09494400024414,37.360469818115234,2007454
2013-03-01,20.711538314819336,36.53438949584961,37.055606842041016,36.53438949584961,36.93759536743164,1391212
2013-03-04,20.572158813476562,36.28853225708008,37.055606842041016,36.09184646606445,36.82941818237305,824266
2013-03-05,20.945695877075195,36.94742965698242,37.31129837036133,36.68190383911133,36.68190383911133,1212365
2013-03-06,21.230024337768555,37.448978424072266,37.78334426879883,37.18345260620117,37.370304107666016,1200137
2013-03-07,20.979148864746094,37.00643539428711,37.73417282104492,36.93759536743164,37.17361831665039,1193709
2013-03-08,21.62586212158203,38.147212982177734,38.17671585083008,37.40964126586914,37.56698989868164,1178739
2013-03-11,22.01611328125,38.83561325073242,38.83561325073242,38.0587043762207,38.10787582397461,2085481
2013-03-12,21.820985794067383,38.49141311645508,39.1109733581543,38.44224166870117,38.8454475402832,1253481
2013-03-13,21.408428192138672,37.763675689697266,38.41273880004883,37.72433853149414,38.40290451049805,896554
2013-03-14,20.867639541625977,36.809749603271484,37.78334426879883,36.809749603271484,37.763675689697266,1310996
2013-03-15,21.38055419921875,37.71450424194336,37.72433853149414,36.78024673461914,36.809749603271484,1643734
2013-03-18,20.767290115356445,36.63273239135742,37.07527542114258,36.63273239135742,36.91792678833008,1049790
2013-03-19,20.544286727905273,36.23936080932617,37.055606842041016,36.23936080932617,36.69173812866211,941158
2013-03-20,20.616762161254883,36.36720657348633,36.55405807495117,35.58046340942383,35.98366928100586,1291804
2013-03-21,19.9143009185791,35.12808609008789,36.63273239135742,35.078914642333984,36.45571517944336,2853389
2013-03-22,19.763771057128906,34.8625602722168,35.99350357055664,34.7052116394043,34.81338882446289,1991588
2013-03-25,20.19305419921875,35.61980056762695,36.032840728759766,34.774051666259766,35.010074615478516,1422820
2013-03-26,20.109434127807617,35.472286224365234,35.6493034362793,35.088748931884766,35.324771881103516,995061
2013-03-27,20.772863388061523,36.6425666809082,36.70157241821289,35.954166412353516,36.1705207824707,1318846
2013-03-28,20.711538314819336,36.53438949584961,36.84908676147461,36.1705207824707,36.416378021240234,4259238
2013-04-02,20.856491088867188,36.79008102416992,36.87858963012695,36.30820083618164,36.87858963012695,987812
2013-04-03,20.873218536376953,36.819583892822266,37.62599563598633,35.944332122802734,37.606327056884766,1545760
2013-04-04,20.399333953857422,35.98366928100586,36.62289810180664,35.67388916015625,36.62289810180664,1217106
2013-04-05,20.4216365814209,36.023006439208984,36.06234359741211,35.550960540771484,36.04267501831055,1591678
2013-04-08,20.070404052734375,35.403446197509766,35.944332122802734,34.99040603637695,35.944332122802734,1533678
2013-04-09,20.689241409301758,36.495052337646484,36.573726654052734,35.35427474975586,35.403446197509766,2239323
2013-04-10,20.845346450805664,36.77041244506836,36.91792678833008,36.0131721496582,36.14101791381836,1266917
2013-04-11,21.07392692565918,37.17361831665039,37.54732131958008,36.809749603271484,36.809749603271484,1191168
2013-04-12,21.280197143554688,37.5374870300293,37.71450424194336,37.09494400024414,37.09494400024414,882139
2013-04-15,20.68366813659668,36.4852180480957,37.23262405395508,36.1213493347168,36.98676681518555,1358817
2013-04-16,20.48853302001953,36.14101791381836,36.14101791381836,35.66897201538086,35.81648635864258,1159311
2013-04-17,20.739416122436523,36.583560943603516,37.124446868896484,36.3278694152832,36.495052337646484,1252085
2013-04-18,20.209781646728516,35.6493034362793,36.47538375854492,35.60013198852539,36.1705207824707,2015629
2013-04-19,20.059249877929688,35.3837776184082,36.14101791381836,35.236263275146484,35.6493034362793,1217901
2013-04-22,20.4049072265625,35.99350357055664,36.13118362426758,35.30510330200195,35.60013198852539,989462
2013-04-23,20.655792236328125,36.4360466003418,36.60322952270508,36.13118362426758,36.21969223022461,1156490
2013-04-24,20.951274871826172,36.9572639465332,37.24245834350586,36.731075286865234,37.16378402709961,3263049
2013-04-26,21.174278259277344,37.35063552856445,37.40964126586914,36.898258209228516,37.07527542114258,1283596
2013-04-29,21.11294937133789,37.24245834350586,37.606327056884766,37.14411544799805,37.26212692260742,533547
2013-04-30,21.848865509033203,38.540584564208984,38.550418853759766,37.31129837036133,37.32113265991211,1853327
2013-05-01,21.458600997924805,37.8521842956543,38.383235931396484,37.842350006103516,38.35373306274414,2619661
2013-05-02,21.676034927368164,38.235721588134766,38.5307502746582,37.80301284790039,37.80301284790039,1842302
2013-05-03,24.034311294555664,42.3956298828125,42.91684341430664,41.451534271240234,42.7791633605957,5561047
2013-05-06,24.58624839782715,43.369224548339844,43.56591033935547,42.513641357421875,42.7791633605957,2535863
2013-05-07,24.870580673217773,43.87077331542969,43.919944763183594,42.53330612182617,42.60214614868164,2196773
2013-05-08,25.13260269165039,44.33298110961914,44.60834503173828,43.90027618408203,43.92977523803711,1693535
2013-05-09,25.311019897460938,44.647682189941406,44.90337371826172,43.9691162109375,43.9691162109375,1987568
2013-05-10,25.6287841796875,45.20823669433594,45.37050247192383,45.070556640625,45.13939666748047,2654892
2013-05-13,26.120851516723633,44.726356506347656,44.83453369140625,43.62491226196289,43.97895050048828,4592386
2013-05-14,26.632017135620117,45.60160827636719,45.60160827636719,44.73619079589844,44.795196533203125,1548816
2013-05-15,26.982357025146484,46.201499938964844,46.58503723144531,45.827796936035156,46.10315704345703,2473818
2013-05-16,25.776247024536133,44.13629913330078,45.8572998046875,44.018287658691406,45.729454040527344,2900244
2013-05-17,25.58671760559082,43.811767578125,44.716522216796875,43.17253875732422,43.56591033935547,2167631
2013-05-20,26.212749481201172,44.883705139160156,45.21807098388672,44.42149353027344,44.52967071533203,1456477
2013-05-21,26.22998046875,44.9132080078125,45.23773956298828,44.795196533203125,44.84436798095703,1302154
2013-05-22,26.189769744873047,44.84436798095703,45.355751037597656,44.61817932128906,45.23773956298828,1560613
2013-05-23,25.339750289916992,43.38888931274414,44.716522216796875,43.32988739013672,44.569007873535156,1851579
2013-05-24,24.443788528442383,41.854740142822266,43.762596130371094,41.225345611572266,43.467567443847656,2985691
2013-05-27,24.880285263061523,42.60214614868164,42.60214614868164,41.27452087402344,41.82523727416992,1472158
2013-05-28,24.851573944091797,42.552978515625,42.985687255859375,42.002254486083984,42.710323333740234,1419048
2013-05-29,25.081300735473633,42.946346282958984,43.182369232177734,42.33662033081055,42.7791633605957,1744582
2013-05-30,24.811368942260742,42.48413848876953,43.08402633666992,41.77606964111328,42.37595748901367,1231715
2013-05-31,24.79413414001465,42.45463562011719,43.26104736328125,42.287452697753906,42.287452697753906,4996091
2013-06-03,23.926881790161133,40.96965789794922,42.513641357421875,40.96965789794922,41.8350715637207,1170843
2013-06-04,24.19682502746582,41.43186950683594,41.697391510009766,40.271419525146484,40.81230545043945,816530
2013-06-05,23.40423583984375,40.07473373413086,40.87131118774414,39.94689178466797,40.52711486816406,2066761
2013-06-06,23.220447540283203,39.76003646850586,40.664791107177734,39.53384780883789,39.64202880859375,2112531
2013-06-07,23.16301727294922,39.66169357299805,40.084571838378906,39.52401351928711,39.966556549072266,1175112
2013-06-11,23.921144485473633,40.95982360839844,41.07783126831055,40.00589370727539,40.320594787597656,1743707
2013-06-12,23.794782638549805,40.743465423583984,41.579383850097656,40.34025955200195,40.910648345947266,2198773
2013-06-13,23.501874923706055,40.24191665649414,40.61070251464844,40.084571838378906,40.41893768310547,2017443
2013-06-14,23.863710403442383,40.861480712890625,41.028663635253906,40.53694534301758,40.674625396728516,2363318
2013-06-17,24.564393997192383,42.06126022338867,42.06126022338867,40.07473373413086,40.320594787597656,2030127
2013-06-18,24.22553825378418,41.48103713989258,42.110435485839844,40.94998550415039,41.74656677246094,1240801
2013-06-19,24.748184204101562,42.37595748901367,42.444801330566406,41.648223876953125,42.041595458984375,1546798
2013-06-20,24.219802856445312,41.47120666503906,41.697391510009766,41.0483283996582,41.60888671875,1934036
2013-06-21,24.018775939941406,41.12700653076172,41.569549560546875,40.674625396728516,40.81230545043945,1378416
2013-06-24,23.777559280395508,40.71396255493164,41.146671295166016,40.48777770996094,41.058162689208984,998793
2013-06-25,23.099836349487305,39.55351638793945,40.60578536987305,39.26832580566406,40.320594787597656,1732442
2013-06-26,23.972829818725586,41.0483283996582,41.66789245605469,40.02556228637695,40.30092239379883,1842532
2013-06-27,23.921144485473633,40.95982360839844,41.84490966796875,40.930320739746094,41.79573440551758,1202920
2013-06-28,24.047496795654297,41.17617416381836,41.66789245605469,41.07783126831055,41.500709533691406,2347145
2013-07-01,23.260652542114258,39.82887649536133,40.81230545043945,39.54368209838867,40.54677963256836,1445639
2013-07-02,23.926881790161133,40.96965789794922,40.96965789794922,39.94689178466797,40.41893768310547,1230585
2013-07-03,23.203224182128906,39.730533599853516,40.47793960571289,39.38633346557617,40.33042526245117,1163889
2013-07-04,23.58803367614746,40.389434814453125,40.71396255493164,40.01573181152344,40.46810531616211,1038525
2013-07-05,24.09918785095215,41.264686584472656,41.39252853393555,40.76313781738281,40.94015121459961,913729
2013-07-08,23.823503494262695,40.792640686035156,41.7859001159668,40.61561965942383,41.59904861450195,1134071
2013-07-09,24.989412307739258,42.78900146484375,43.074195861816406,41.48103713989258,41.697391510009766,2144966
2013-07-10,25.781993865966797,44.14613342285156,44.559173583984375,43.12336730957031,43.182369232177734,2174874
2013-07-11,25.84517478942871,44.254310607910156,44.68701934814453,43.536407470703125,44.155967712402344,1553290
2013-07-12,25.695846557617188,43.998619079589844,45.109893798828125,43.7232551574707,44.755859375,1088069
2013-07-15,25.93706512451172,44.411659240722656,44.74602508544922,43.851104736328125,43.86093521118164,1525090
2013-07-16,25.90260124206543,44.35265350341797,44.716522216796875,43.98878479003906,44.52967071533203,642282
2013-07-17,25.46036148071289,43.59541320800781,44.254310607910156,43.43806457519531,44.02811813354492,850310
2013-07-18,25.328266143798828,43.369224548339844,44.05762481689453,43.231544494628906,43.98878479003906,761811
2013-07-19,25.305294036865234,43.32988739013672,44.10679626464844,43.27088165283203,44.09695816040039,647555
2013-07-22,26.132341384887695,44.74602508544922,45.15906524658203,44.155967712402344,44.155967712402344,1346918
2013-07-23,26.609045028686523,45.56227111816406,45.91630554199219,44.47066116333008,44.795196533203125,1940677
2013-07-24,26.258695602416992,44.962379455566406,45.434425354003906,44.313316345214844,45.23773956298828,1933716
2013-07-25,25.644147872924805,43.91011047363281,43.9691162109375,43.310218811035156,43.66425323486328,2041691
2013-07-26,24.70223617553711,42.29728317260742,43.26104736328125,42.208778381347656,43.0250244140625,4186833
2013-07-29,24.4954776763916,41.94325256347656,42.238277435302734,41.648223876953125,41.75639724731445,1258155
2013-07-30,24.937719345092773,42.70049285888672,42.93651580810547,41.884246826171875,41.884246826171875,1338697
2013-07-31,25.207651138305664,43.16270446777344,43.3397216796875,42.710323333740234,42.7791633605957,1657309
2013-08-01,24.977924346923828,42.76933288574219,43.300384521484375,42.01209259033203,43.26104736328125,972096
2013-08-02,25.960041046142578,44.45099639892578,44.45099639892578,43.48723220825195,43.51673889160156,1465316
2013-08-05,26.086393356323242,44.66735076904297,44.66735076904297,44.008453369140625,44.018287658691406,973918
2013-08-06,25.856657028198242,44.27397918701172,44.50016784667969,44.008453369140625,44.008453369140625,1296470
2013-08-07,25.08704376220703,42.95618438720703,43.90027618408203,42.84800338745117,43.51673889160156,1263950
2013-08-08,25.53502655029297,43.7232551574707,44.04779052734375,43.20204162597656,43.26104736328125,985346
2013-08-09,25.127248764038086,43.0250244140625,43.38888931274414,42.828338623046875,43.28071212768555,813315
2013-08-12,24.949214935302734,42.72016143798828,43.074195861816406,42.287452697753906,42.877506256103516,788805
2013-08-13,25.48908805847168,43.64458465576172,43.74784469604492,42.09076690673828,42.09076690673828,1044701
2013-08-14,25.632659912109375,43.89044189453125,44.155967712402344,43.48723220825195,43.66425323486328,1963894
2013-08-15,25.810712814331055,44.19530487060547,44.411659240722656,43.47740173339844,43.64458465576172,1322241
2013-08-16,25.51205062866211,43.683921813964844,44.05762481689453,43.32004928588867,43.379058837890625,1363394
2013-08-19,25.37421989440918,43.447898864746094,43.683921813964844,43.00535583496094,43.56591033935547,723416
2013-08-20,25.155973434448242,43.074195861816406,43.40856170654297,42.78900146484375,42.97584915161133,544726
2013-08-21,25.615436553955078,43.86093521118164,44.003536224365234,43.01518630981445,43.467567443847656,727926
2013-08-22,25.18468475341797,43.12336730957031,43.221710205078125,42.680824279785156,43.08402633666992,1150511
2013-08-23,25.632659912109375,43.89044189453125,44.244476318359375,43.16270446777344,43.28071212768555,914137
2013-08-26,25.759016036987305,44.10679626464844,44.441162109375,43.95927810668945,44.10679626464844,610167
2013-08-27,25.804967880249023,44.18547058105469,44.46083068847656,43.546241760253906,43.762596130371094,679371
2013-08-28,24.99515151977539,42.79883575439453,43.64458465576172,42.79883575439453,43.26104736328125,1531483
2013-08-29,24.97218132019043,42.759498596191406,43.3397216796875,42.06126022338867,43.15286636352539,1170795
2013-08-30,25.190431594848633,43.133201599121094,43.27088165283203,42.513641357421875,42.513641357421875,2363946
2013-09-02,25.724565505981445,44.04779052734375,44.09695816040039,43.38888931274414,43.64458465576172,868428
2013-09-03,25.6498966217041,43.919944763183594,44.38215637207031,43.82160186767578,44.05762481689453,1145386
2013-09-04,25.868141174316406,44.29364776611328,44.58867645263672,43.59541320800781,43.98878479003906,1044466
2013-09-05,26.132341384887695,44.74602508544922,45.20823669433594,44.5985107421875,44.785362243652344,1459032
2013-09-06,26.517147064208984,45.40492248535156,45.45409393310547,44.85420227050781,45.041053771972656,1196438
2013-09-09,26.33336067199707,45.09022521972656,45.68028259277344,44.962379455566406,45.48359680175781,1147596
2013-09-10,26.97087287902832,46.18183135986328,46.26050567626953,45.09022521972656,45.09022521972656,2030394
2013-09-11,27.88406753540039,47.7454833984375,47.82415771484375,46.64404296875,46.71288299560547,2167465
2013-09-12,28.297590255737305,48.45355224609375,49.15178680419922,47.7454833984375,47.75531768798828,2083936
2013-09-13,28.02765655517578,47.99134063720703,48.45355224609375,47.715980529785156,48.0601806640625,1523523
2013-09-16,28.716859817504883,49.17145538330078,49.17145538330078,48.335540771484375,48.335540771484375,1663728
2013-09-17,28.62496566772461,49.01410675048828,49.46156692504883,48.660072326660156,49.17145538330078,1337538
2013-09-18,28.1942138671875,48.27653503417969,48.82725524902344,48.247032165527344,48.74858093261719,1446882
2013-09-19,28.716859817504883,49.17145538330078,49.49598693847656,49.10261535644531,49.269798278808594,2423154
2013-09-20,28.716859817504883,49.17145538330078,49.17145538330078,48.5322265625,48.846923828125,1407434
2013-09-23,28.211442947387695,48.30603790283203,48.846923828125,48.089683532714844,48.5322265625,1219372
2013-09-24,28.010421752929688,47.96183776855469,48.36504364013672,47.538963317871094,47.774986267089844,1048554
2013-09-25,28.176986694335938,48.247032165527344,48.581398010253906,47.715980529785156,47.715980529785156,1861846
2013-09-26,28.044879913330078,48.020843505859375,48.12902069091797,47.42095184326172,47.460289001464844,1556594
2013-09-27,28.085086822509766,48.089683532714844,48.39454650878906,47.80448913574219,48.15852355957031,3791456
2013-09-30,27.516498565673828,47.1160888671875,47.715980529785156,47.1160888671875,47.64714050292969,1141789
2013-10-01,27.562442779541016,47.19476318359375,47.45045471191406,46.41785430908203,46.73255157470703,1043252
2013-10-02,27.700279235839844,47.4307861328125,47.57830047607422,47.09642028808594,47.51929473876953,618286
2013-10-03,28.176986694335938,48.247032165527344,48.561729431152344,47.4307861328125,47.49962615966797,1243607
2013-10-04,27.88406753540039,47.7454833984375,47.75531768798828,47.33244323730469,47.68647766113281,843167
2013-10-07,27.36716651916504,46.86039733886719,47.932334899902344,46.8013916015625,47.715980529785156,747343
2013-10-08,27.26953125,46.693214416503906,47.02758026123047,46.16216278076172,46.693214416503906,1144794
2013-10-09,27.062767028808594,46.33917999267578,46.50636291503906,46.044151306152344,46.221168518066406,1085980
2013-10-10,26.99384307861328,46.221168518066406,46.358848571777344,45.79829406738281,46.1719970703125,901594
2013-10-11,27.59690284729004,47.25376892089844,47.44062042236328,46.909568786621094,47.007911682128906,1020218
2013-10-14,27.418861389160156,46.94890594482422,47.165260314941406,46.65387725830078,47.155426025390625,687862
2013-10-15,28.085086822509766,48.089683532714844,48.21261215209961,47.2734375,47.558631896972656,1125327
2013-10-16,28.108060836791992,48.12902069091797,48.29620361328125,47.401283264160156,47.548797607421875,901074
2013-10-17,28.395233154296875,48.62073516845703,49.122283935546875,48.51255798339844,48.581398010253906,1175966
2013-10-18,28.81449317932129,49.33863830566406,49.61399841308594,48.43388366699219,48.728912353515625,1302055
2013-10-21,29.291194915771484,50.154884338378906,50.25322723388672,49.54515838623047,49.663169860839844,1213676
2013-10-22,29.268224716186523,50.11554718017578,50.36140441894531,49.909027099609375,50.105712890625,878277
2013-10-23,29.101654052734375,49.830352783203125,50.843284606933594,49.663169860839844,50.27289581298828,1003795
2013-10-24,29.26248550415039,50.105712890625,50.47941589355469,49.92869567871094,50.24339294433594,1092328
2013-10-25,29.40606117248535,50.35157012939453,50.5777587890625,49.987701416015625,50.25322723388672,3195625
2013-10-28,29.842552185058594,51.098976135253906,51.21698760986328,50.528587341308594,50.64659881591797,1725828
2013-10-29,29.744918823242188,50.931793212890625,51.157981872558594,50.685935974121094,51.03997039794922,880983
2013-10-30,29.750669479370117,50.941627502441406,51.394004821777344,50.81378173828125,51.157981872558594,873652
2013-10-31,29.26248550415039,50.105712890625,50.843284606933594,49.65333557128906,50.80394744873047,1630825
2013-11-01,30.49730682373047,52.22008514404297,52.55445098876953,50.64659881591797,50.74494171142578,2456372
2013-11-04,30.956771850585938,53.00682830810547,53.41986846923828,52.200416564941406,52.22008514404297,1628932
2013-11-05,30.727033615112305,52.61345672607422,53.065834045410156,52.426605224609375,52.623291015625,954245
2013-11-06,30.566226959228516,52.338096618652344,52.71179962158203,51.787376403808594,52.13157653808594,1751744
2013-11-07,31.358810424804688,53.695228576660156,53.882080078125,52.810142517089844,52.85931396484375,2454342
2013-11-08,31.335838317871094,53.65589141845703,53.882080078125,52.99699401855469,53.10517120361328,1456865
2013-11-11,31.74445152282715,53.282188415527344,53.616554260253906,52.99699401855469,53.0953369140625,3803091
2013-11-12,31.592117309570312,53.02649688720703,53.79357147216797,52.810142517089844,53.49854278564453,1598943
2013-11-13,31.252275466918945,52.45610809326172,53.528045654296875,52.111907958984375,52.898651123046875,1653602
2013-11-14,31.42806053161621,52.751136779785156,53.08550262451172,52.47577667236328,52.61345672607422,1344852
2013-11-15,31.961238861083984,53.64605712890625,53.80340576171875,52.63312530517578,52.731468200683594,1539906
2013-11-18,31.41634178161621,52.731468200683594,53.596885681152344,52.63312530517578,53.35102844238281,1248534
2013-11-19,31.117528915405273,52.22991943359375,52.85931396484375,52.121742248535156,52.85931396484375,885309
2013-11-20,31.099956512451172,52.200416564941406,52.44627380371094,51.728370666503906,51.92505645751953,1229306
2013-11-21,31.28743553161621,52.515113830566406,52.731468200683594,51.334999084472656,51.45301055908203,995090
2013-11-22,31.93193244934082,53.596885681152344,53.7247314453125,52.87898254394531,52.908485412597656,1685856
2013-11-25,32.260040283203125,54.147605895996094,54.245948791503906,53.842742919921875,53.86241149902344,1327469
2013-11-26,32.24246597290039,54.11810302734375,54.481971740722656,53.931251525878906,54.12793731689453,1132543
2013-11-27,32.04325485229492,53.78373718261719,54.383628845214844,53.15434265136719,53.842742919921875,950818
2013-11-28,31.82061767578125,53.4100341796875,54.068931579589844,53.4100341796875,53.459205627441406,1453069
2013-11-29,31.74445152282715,53.282188415527344,53.62638854980469,53.0953369140625,53.50837707519531,2231334
2013-12-02,31.381189346313477,52.672462463378906,53.78373718261719,52.32826232910156,53.596885681152344,1129337
2013-12-03,31.410470962524414,52.72163391113281,52.85931396484375,52.29875946044922,52.32826232910156,950847
2013-12-04,31.346025466918945,52.61345672607422,52.95765686035156,52.180747985839844,52.22008514404297,796082
2013-12-05,30.81870460510254,51.728370666503906,52.56428527832031,51.728370666503906,52.54461669921875,1308187
2013-12-06,30.379289627075195,50.99079895019531,51.59069061279297,50.5777587890625,51.157981872558594,1381389
2013-12-09,30.203510284423828,50.695770263671875,51.718536376953125,50.5777587890625,51.28582763671875,1252012
2013-12-10,30.5726318359375,51.315330505371094,51.51201629638672,50.71543884277344,50.72527313232422,1102167
2013-12-11,30.713254928588867,51.551353454589844,52.121742248535156,50.64659881591797,50.64659881591797,1133275
2013-12-12,30.068742752075195,50.469581604003906,51.42350769042969,50.09587860107422,50.99079895019531,1562694
2013-12-13,30.5843505859375,51.334999084472656,51.334999084472656,50.16471862792969,50.28273010253906,1516416
2013-12-16,30.682653427124023,51.5,52.9900016784668,51.02000045776367,52.90999984741211,373879
2013-12-17,31.04012680053711,52.099998474121094,52.875,51.720001220703125,52.119998931884766,937029
2013-12-18,31.105663299560547,52.209999084472656,52.65999984741211,51.93000030517578,52.65999984741211,980393
2013-12-19,32.261470794677734,54.150001525878906,54.29999923706055,52.77000045776367,53.099998474121094,1561029
2013-12-20,32.64872360229492,54.79999923706055,55.41999816894531,54.20000076293945,54.20000076293945,2925659
2013-12-23,32.767887115478516,55.0,55.31999969482422,54.380001068115234,55.0,469939
2013-12-24,33.3338737487793,55.95000076293945,55.959999084472656,55.33000183105469,55.75,533384
2013-12-27,32.738094329833984,54.95000076293945,56.20000076293945,54.59000015258789,56.20000076293945,625345
2013-12-30,32.779808044433594,55.02000045776367,55.33000183105469,54.599998474121094,55.0,242558
2013-12-31,32.75000762939453,54.970001220703125,55.35499954223633,54.599998474121094,54.599998474121094,209080
2014-01-02,32.815547943115234,55.08000183105469,55.95000076293945,54.86000061035156,55.099998474121094,216170
2014-01-03,32.767887115478516,55.0,55.0,54.15999984741211,54.5,392641
2014-01-06,32.85130310058594,55.13999938964844,55.470001220703125,54.619998931884766,54.81999969482422,344592
2014-01-07,32.380615234375,54.349998474121094,55.16999816894531,54.27000045776367,55.060001373291016,677412
2014-01-08,32.39849853515625,54.380001068115234,54.880001068115234,53.869998931884766,54.63999938964844,587532
2014-01-09,32.45807647705078,54.47999954223633,54.79999923706055,54.04999923706055,54.56999969482422,466807
2014-01-10,32.65468215942383,54.810001373291016,54.900001525878906,53.5099983215332,53.9900016784668,785775
2014-01-13,32.160186767578125,53.97999954223633,54.150001525878906,53.650001525878906,54.11000061035156,638369
2014-01-14,31.242685317993164,52.439998626708984,53.029998779296875,52.439998626708984,53.0,1072439
2014-01-15,31.64186668395996,53.11000061035156,53.40999984741211,52.95500183105469,53.20000076293945,746241
2014-01-16,32.21380615234375,54.06999969482422,54.39500045776367,53.31999969482422,53.63999938964844,990137
2014-01-17,32.14827346801758,53.959999084472656,53.9900016784668,53.38999938964844,53.9900016784668,581062
2014-01-20,31.78484535217285,53.349998474121094,53.70000076293945,52.7599983215332,53.650001525878906,679571
2014-01-21,32.08273696899414,53.849998474121094,54.279998779296875,53.130001068115234,53.25,512054
2014-01-22,32.72618103027344,54.93000030517578,54.95000076293945,53.459999084472656,53.959999084472656,1355477
2014-01-23,33.214717864990234,55.75,56.040000915527344,54.89500045776367,55.0,2046906
2014-01-24,33.292171478271484,55.880001068115234,56.0,55.5,55.54999923706055,1179650
2014-01-28,32.380615234375,54.349998474121094,54.65999984741211,54.029998779296875,54.09000015258789,1779286
2014-01-29,32.95257568359375,55.310001373291016,55.400001525878906,54.70000076293945,54.779998779296875,1219550
2014-01-30,32.5653190612793,54.65999984741211,54.709999084472656,54.029998779296875,54.25,903703
2014-01-31,32.225711822509766,54.09000015258789,54.900001525878906,54.09000015258789,54.70000076293945,1763211
2014-02-03,32.076778411865234,53.84000015258789,54.0099983215332,53.380001068115234,53.79999923706055,699727
2014-02-04,31.52866554260254,52.91999816894531,53.150001525878906,52.5099983215332,52.59000015258789,2152029
2014-02-05,31.64186668395996,53.11000061035156,53.7599983215332,52.91999816894531,53.0,1268772
2014-02-06,32.17210388183594,54.0,54.1150016784668,53.2400016784668,53.2400016784668,1116537
2014-02-07,32.6904296875,54.869998931884766,54.95000076293945,53.75,54.0,1272685
2014-02-10,33.137271881103516,55.619998931884766,55.88999938964844,55.099998474121094,55.209999084472656,941599
2014-02-11,31.886123657226562,53.52000045776367,54.4900016784668,53.349998474121094,54.099998474121094,2392935
2014-02-12,32.535526275634766,54.61000061035156,54.689998626708984,53.650001525878906,53.650001525878906,1889758
2014-02-13,32.630855560302734,54.77000045776367,55.189998626708984,54.02000045776367,54.02000045776367,847879
2014-02-14,32.982364654541016,55.36000061035156,55.665000915527344,55.029998779296875,55.29999923706055,1149439
2014-02-17,33.1193962097168,55.59000015258789,55.779998779296875,55.13999938964844,55.65999984741211,819593
2014-02-18,33.35770797729492,55.9900016784668,56.290000915527344,55.83000183105469,55.849998474121094,863809
2014-02-19,33.34579086303711,55.970001220703125,56.65999984741211,55.540000915527344,56.09000015258789,1345226
2014-02-20,32.92279052734375,55.2599983215332,56.33000183105469,55.16999816894531,55.7400016784668,1238264
2014-02-21,32.9704475402832,55.34000015258789,56.099998474121094,55.130001068115234,56.0,982187
2014-02-24,32.946617126464844,55.29999923706055,55.869998931884766,55.040000915527344,55.81999969482422,590306
2014-02-25,33.25642013549805,55.81999969482422,56.02000045776367,55.540000915527344,55.900001525878906,856793
2014-02-26,33.131317138671875,55.61000061035156,55.88999938964844,55.2400016784668,55.61000061035156,702013
2014-02-27,33.1491813659668,55.63999938964844,55.79999923706055,55.560001373291016,55.70000076293945,528188
2014-02-28,33.5245246887207,56.27000045776367,56.4900016784668,56.02000045776367,56.20000076293945,2099644
2014-03-03,32.976409912109375,55.349998474121094,56.0,54.65999984741211,56.0,1019818
2014-03-04,33.131317138671875,55.61000061035156,55.71500015258789,54.900001525878906,55.0099983215332,635907
2014-03-05,33.691341400146484,56.54999923706055,56.709999084472656,55.959999084472656,56.0,1624549
2014-03-06,33.792625427246094,56.720001220703125,56.88999938964844,56.220001220703125,56.54999923706055,833226
2014-03-07,33.86411666870117,56.84000015258789,57.04999923706055,56.56999969482422,56.81999969482422,472732
2014-03-10,33.72113037109375,56.599998474121094,56.97999954223633,56.38999938964844,56.599998474121094,1061421
2014-03-11,33.774757385253906,56.689998626708984,57.04999923706055,56.58000183105469,56.95000076293945,778486
2014-03-12,33.321956634521484,55.93000030517578,56.119998931884766,55.439998626708984,56.119998931884766,917560
2014-03-13,33.006202697753906,55.400001525878906,55.91999816894531,55.310001373291016,55.75,1113771
2014-03-14,32.321048736572266,54.25,54.400001525878906,53.93000030517578,54.20000076293945,1147963
2014-03-17,32.416378021240234,54.40999984741211,54.65999984741211,53.91999816894531,53.91999816894531,632142
2014-03-18,32.46999740600586,54.5,55.20000076293945,54.38999938964844,54.86000061035156,705256
2014-03-19,32.49978256225586,54.54999923706055,54.68000030517578,54.11000061035156,54.25,1333590
2014-03-20,32.30913543701172,54.22999954223633,54.83000183105469,54.0,54.0,1538575
2014-03-21,32.66659927368164,54.83000183105469,54.9900016784668,54.400001525878906,54.9900016784668,1041002
2014-03-24,33.6138916015625,56.41999816894531,57.040000915527344,55.459999084472656,55.459999084472656,2379453
2014-03-25,33.67942810058594,56.529998779296875,56.88999938964844,55.59000015258789,55.790000915527344,1651511
2014-03-26,34.22158432006836,57.439998626708984,57.560001373291016,56.810001373291016,56.900001525878906,1740710
2014-03-27,34.173919677734375,57.36000061035156,57.380001068115234,56.220001220703125,56.9900016784668,1866736
2014-03-28,34.34670639038086,57.650001525878906,57.79999923706055,57.130001068115234,57.599998474121094,2491705
2014-03-31,34.513519287109375,57.93000030517578,58.369998931884766,57.849998474121094,57.900001525878906,1041626
2014-04-01,34.52543258666992,57.95000076293945,57.959999084472656,57.20000076293945,57.810001373291016,742517
2014-04-02,34.436065673828125,57.79999923706055,58.0,57.33000183105469,58.0,1047589
2014-04-03,34.46585464477539,57.849998474121094,58.0,57.56999969482422,57.70000076293945,869357
2014-04-04,34.53139114379883,57.959999084472656,57.97999954223633,57.560001373291016,57.599998474121094,543126
2014-04-07,34.16796112060547,57.349998474121094,57.68000030517578,57.11000061035156,57.15999984741211,557352
2014-04-08,33.74496078491211,56.63999938964844,57.599998474121094,56.459999084472656,57.11000061035156,1392390
2014-04-09,33.93560028076172,56.959999084472656,57.25,56.79999923706055,56.79999923706055,877917
2014-04-10,34.23350143432617,57.459999084472656,57.599998474121094,57.38999938964844,57.599998474121094,1102596
2014-04-11,33.5840950012207,56.369998931884766,56.650001525878906,56.209999084472656,56.310001373291016,1446106
2014-04-14,32.767887115478516,55.0,55.90999984741211,55.0,55.79999923706055,1274065
2014-04-15,32.85725784301758,55.150001525878906,55.939998626708984,55.029998779296875,55.5,1251603
2014-04-16,33.244503021240234,55.79999923706055,55.880001068115234,55.220001220703125,55.22999954223633,883185
2014-04-17,33.34579086303711,55.970001220703125,56.380001068115234,55.77000045776367,55.93000030517578,718238
2014-04-22,33.220672607421875,55.7599983215332,56.189998626708984,55.63999938964844,55.95000076293945,774191
2014-04-23,33.822418212890625,56.77000045776367,56.84000015258789,55.93000030517578,56.16999816894531,1213135
2014-04-24,33.685386657714844,56.540000915527344,56.91999816894531,56.36000061035156,56.790000915527344,1792043
2014-04-28,34.01901626586914,57.099998474121094,57.099998474121094,56.75,56.7599983215332,930567
2014-04-29,34.41819381713867,57.77000045776367,58.25,57.27000045776367,57.68000030517578,1424050
2014-04-30,34.37649154663086,57.70000076293945,58.27000045776367,56.915000915527344,58.189998626708984,998474
2014-05-01,34.67438507080078,58.20000076293945,58.22999954223633,57.59000015258789,58.0,998787
2014-05-02,34.97227478027344,58.70000076293945,58.95000076293945,57.02000045776367,57.29999923706055,2057843
2014-05-05,36.020835876464844,60.459999084472656,60.4900016784668,58.79999923706055,59.04999923706055,1766455
2014-05-06,36.074459075927734,60.54999923706055,60.880001068115234,60.0099983215332,60.0099983215332,994282
2014-05-07,35.68720626831055,59.900001525878906,60.45000076293945,59.16999816894531,60.45000076293945,1326864
2014-05-08,35.818267822265625,60.119998931884766,60.29999923706055,59.849998474121094,60.2599983215332,1072160
2014-05-09,35.818267822265625,60.119998931884766,60.529998779296875,59.849998474121094,59.849998474121094,1095890
2014-05-12,35.65144729614258,59.84000015258789,60.31999969482422,59.59000015258789,60.09000015258789,874049
2014-05-13,35.74678421020508,60.0,60.2400016784668,59.90999984741211,60.0,1336645
2014-05-14,36.21198272705078,59.15999984741211,59.58000183105469,58.5,58.5,4523923
2014-05-15,36.22422790527344,59.18000030517578,59.34000015258789,58.7400016784668,59.02000045776367,1220029
2014-05-16,36.04059600830078,58.880001068115234,59.0,58.779998779296875,58.9900016784668,702338
2014-05-19,35.88143539428711,58.619998931884766,59.029998779296875,58.595001220703125,58.880001068115234,784706
2014-05-20,35.93041229248047,58.70000076293945,58.88999938964844,58.2400016784668,58.810001373291016,1259424
2014-05-21,35.75902557373047,58.41999816894531,58.45000076293945,58.099998474121094,58.099998474121094,1135160
2014-05-22,36.38949203491211,59.45000076293945,59.54999923706055,58.529998779296875,58.58000183105469,1100352
2014-05-23,36.29767608642578,59.29999923706055,59.54999923706055,59.040000915527344,59.29999923706055,710602
2014-05-26,36.88529968261719,60.2599983215332,60.29999923706055,59.619998931884766,59.70000076293945,840279
2014-05-27,36.86692810058594,60.22999954223633,60.349998474121094,59.7599983215332,60.099998474121094,752602
2014-05-28,37.00159454345703,60.45000076293945,60.56999969482422,60.29999923706055,60.29999923706055,693468
2014-05-29,36.92814254760742,60.33000183105469,60.529998779296875,60.189998626708984,60.459999084472656,861770
2014-05-30,36.744503021240234,60.029998779296875,60.54999923706055,59.95000076293945,60.54999923706055,2172110
2014-06-02,36.84856414794922,60.20000076293945,60.279998779296875,60.0,60.029998779296875,1062584
2014-06-03,36.273189544677734,59.2599983215332,60.13999938964844,59.15999984741211,59.810001373291016,1234061
2014-06-04,36.230342864990234,59.189998626708984,59.4900016784668,59.0099983215332,59.20000076293945,1226865
2014-06-05,36.17526626586914,59.099998474121094,59.290000915527344,59.0099983215332,59.150001525878906,847890
2014-06-06,36.787357330322266,60.099998474121094,60.59000015258789,59.400001525878906,59.869998931884766,1227453
2014-06-10,37.032188415527344,60.5,60.790000915527344,60.33000183105469,60.54999923706055,732187
2014-06-11,37.142372131347656,60.68000030517578,60.709999084472656,60.220001220703125,60.25,628261
2014-06-12,37.00159454345703,60.45000076293945,60.7400016784668,60.244998931884766,60.400001525878906,612376
2014-06-13,36.713897705078125,59.97999954223633,60.20000076293945,59.70000076293945,60.029998779296875,1163020
2014-06-16,36.6526985168457,59.880001068115234,59.959999084472656,59.619998931884766,59.900001525878906,756923
2014-06-17,36.720035552978516,59.9900016784668,60.290000915527344,59.56999969482422,59.56999969482422,521080
2014-06-18,36.76899337768555,60.06999969482422,60.20500183105469,59.790000915527344,60.0,686374
2014-06-19,37.35660934448242,61.029998779296875,61.189998626708984,60.209999084472656,60.599998474121094,1366883
2014-06-20,37.032188415527344,60.5,61.099998474121094,60.5,60.880001068115234,1226885
2014-06-23,37.16072463989258,60.709999084472656,61.15999984741211,60.18000030517578,60.560001373291016,929790
2014-06-24,36.84856414794922,60.20000076293945,60.599998474121094,60.06999969482422,60.20000076293945,778635
2014-06-25,36.60372543334961,59.79999923706055,60.099998474121094,59.61000061035156,60.0,1010954
2014-06-26,36.94649887084961,60.36000061035156,60.38999938964844,59.900001525878906,59.91999816894531,807354
2014-06-27,37.00771713256836,60.459999084472656,60.939998626708984,60.130001068115234,60.7599983215332,2876985
2014-06-30,36.499671936035156,59.630001068115234,60.59000015258789,59.619998931884766,60.59000015258789,924135
2014-07-01,36.10792541503906,58.9900016784668,60.04999923706055,58.83000183105469,59.79999923706055,999492
2014-07-02,36.72614288330078,60.0,60.040000915527344,59.48500061035156,59.93000030517578,854057
2014-07-03,36.97098159790039,60.400001525878906,60.65999984741211,60.33000183105469,60.650001525878906,581794
2014-07-04,36.99546432495117,60.439998626708984,60.880001068115234,60.43000030517578,60.70000076293945,482215
2014-07-07,36.842437744140625,60.189998626708984,60.599998474121094,60.04999923706055,60.52000045776367,483250
2014-07-08,36.560874938964844,59.72999954223633,60.45000076293945,59.71500015258789,60.45000076293945,612756
2014-07-09,36.218101501464844,59.16999816894531,59.540000915527344,58.900001525878906,59.459999084472656,768272
2014-07-10,36.12628936767578,59.02000045776367,59.5,58.900001525878906,59.5,423765
2014-07-11,36.273189544677734,59.2599983215332,59.45000076293945,58.529998779296875,58.689998626708984,636716
2014-07-14,36.29155731201172,59.290000915527344,59.66999816894531,59.18000030517578,59.369998931884766,700464
2014-07-15,36.12016296386719,59.0099983215332,59.400001525878906,58.810001373291016,59.400001525878906,685975
2014-07-16,36.72614288330078,60.0,60.165000915527344,59.66999816894531,59.70000076293945,1560272
2014-07-17,36.55475616455078,59.720001220703125,60.02000045776367,59.540000915527344,60.02000045776367,1177906
2014-07-18,36.72614288330078,60.0,60.0,59.11000061035156,59.400001525878906,747963
2014-07-21,36.891414642333984,60.27000045776367,60.459999084472656,59.939998626708984,60.2599983215332,692391
2014-07-22,37.12400817871094,60.650001525878906,60.650001525878906,59.970001220703125,60.0099983215332,806243
2014-07-23,37.50351333618164,61.27000045776367,61.27000045776367,60.72999954223633,60.72999954223633,1034544
2014-07-24,36.42621612548828,59.5099983215332,60.459999084472656,59.375,59.810001373291016,2118628
2014-07-25,35.88143539428711,58.619998931884766,59.439998626708984,58.380001068115234,58.95000076293945,3185713
2014-07-28,35.36115646362305,57.77000045776367,58.04999923706055,57.59000015258789,57.709999084472656,2032299
2014-07-29,35.526424407958984,58.040000915527344,58.189998626708984,57.099998474121094,57.099998474121094,1447724
2014-07-30,35.64271545410156,58.22999954223633,58.439998626708984,57.77000045776367,57.79999923706055,1240328
2014-07-31,35.82023239135742,58.52000045776367,58.529998779296875,57.97999954223633,58.08000183105469,1067002
2014-08-01,35.324424743652344,57.709999084472656,57.93000030517578,57.43000030517578,57.59000015258789,921995
2014-08-04,35.38563919067383,57.810001373291016,57.9900016784668,57.40999984741211,57.54999923706055,887317
2014-08-05,35.128562927246094,57.38999938964844,57.83000183105469,57.189998626708984,57.63999938964844,842099
2014-08-06,34.84087371826172,56.91999816894531,57.0099983215332,56.709999084472656,57.0,911428
2014-08-07,34.596031188964844,56.52000045776367,56.88999938964844,56.22999954223633,56.79999923706055,1116767
2014-08-08,34.06349563598633,55.650001525878906,56.22999954223633,55.29999923706055,55.81999969482422,1418474
2014-08-11,34.43687438964844,56.2599983215332,56.81999969482422,55.97999954223633,56.20000076293945,1240147
2014-08-12,34.68172073364258,56.65999984741211,57.41999816894531,56.2599983215332,56.2599983215332,1211618
2014-08-13,34.60215377807617,56.529998779296875,56.63999938964844,56.11000061035156,56.31999969482422,915378
2014-08-14,34.95716857910156,57.11000061035156,57.119998931884766,56.470001220703125,56.93000030517578,1566764
2014-08-15,34.908203125,57.029998779296875,57.279998779296875,56.81999969482422,57.0,1159969
2014-08-18,35.09794616699219,57.34000015258789,57.47999954223633,56.84000015258789,56.959999084472656,612755
2014-08-19,35.65496826171875,58.25,58.439998626708984,57.90999984741211,57.939998626708984,1108850
2014-08-20,35.89980697631836,58.650001525878906,58.880001068115234,58.4900016784668,58.650001525878906,773810
2014-08-21,35.7651481628418,58.43000030517578,59.209999084472656,58.349998474121094,59.20000076293945,1223713
2014-08-22,35.73453903198242,58.380001068115234,58.880001068115234,58.33000183105469,58.650001525878906,660357
2014-08-25,35.538673400878906,58.060001373291016,58.720001220703125,57.93000030517578,58.47999954223633,986874
2014-08-26,35.61824417114258,58.189998626708984,58.5099983215332,58.119998931884766,58.349998474121094,828647
2014-08-27,35.838600158691406,58.54999923706055,58.7400016784668,58.2599983215332,58.400001525878906,570158
2014-08-28,35.67945098876953,58.290000915527344,58.540000915527344,58.09000015258789,58.52000045776367,849380
2014-08-29,35.68556594848633,58.29999923706055,58.38999938964844,57.790000915527344,58.189998626708984,1811100
2014-09-01,35.66107940673828,58.2599983215332,58.61000061035156,58.099998474121094,58.4900016784668,434744
2014-09-02,35.60599136352539,58.16999816894531,58.279998779296875,57.75,58.2599983215332,655168
2014-09-03,36.02834701538086,58.86000061035156,59.18000030517578,58.02000045776367,58.099998474121094,1040168
2014-09-04,35.58763122558594,58.13999938964844,58.7599983215332,57.93000030517578,58.529998779296875,665763
2014-09-05,35.348915100097656,57.75,58.314998626708984,57.560001373291016,58.29999923706055,676594
2014-09-08,35.06122970581055,57.279998779296875,57.77000045776367,57.02000045776367,57.709999084472656,571167
2014-09-09,35.52030944824219,58.029998779296875,58.029998779296875,57.0099983215332,57.0099983215332,825676
2014-09-10,35.27546691894531,57.630001068115234,57.939998626708984,57.25,57.869998931884766,839035
2014-09-11,35.740657806396484,58.38999938964844,58.46500015258789,57.79999923706055,58.09000015258789,1196140
2014-09-12,35.47133255004883,57.95000076293945,58.38999938964844,57.65999984741211,58.16999816894531,755758
2014-09-15,35.838600158691406,58.54999923706055,59.06999969482422,57.790000915527344,57.83000183105469,1206517
2014-09-16,35.912052154541016,58.66999816894531,59.13999938964844,58.529998779296875,59.119998931884766,1027449
2014-09-17,36.0589599609375,58.90999984741211,59.0,58.75,58.95000076293945,1704897
2014-09-18,35.95491027832031,58.7400016784668,59.09000015258789,58.22999954223633,58.849998474121094,1337412
2014-09-19,35.75902557373047,58.41999816894531,58.9900016784668,57.849998474121094,58.70000076293945,1847173
2014-09-22,35.440731048583984,57.900001525878906,58.45000076293945,57.560001373291016,58.45000076293945,968845
2014-09-23,35.9365348815918,58.709999084472656,58.81999969482422,57.58000183105469,57.58000183105469,1062730
2014-09-24,35.88143539428711,58.619998931884766,58.790000915527344,58.31999969482422,58.5,1032328
2014-09-25,35.87532424926758,58.61000061035156,59.13999938964844,58.52000045776367,58.91999816894531,997325
2014-09-26,35.3734016418457,57.790000915527344,58.0,57.59000015258789,58.0,1976721
2014-09-29,35.10407638549805,57.349998474121094,57.81999969482422,57.11000061035156,57.5,633418
2014-09-30,35.2509765625,57.59000015258789,57.59000015258789,57.060001373291016,57.25,1020997
2014-10-01,35.27546691894531,57.630001068115234,57.84000015258789,56.75,57.0,860558
2014-10-02,34.90208053588867,57.02000045776367,57.38999938964844,56.70000076293945,56.70000076293945,1101281
2014-10-03,35.02450942993164,57.220001220703125,57.310001373291016,56.720001220703125,56.849998474121094,664452
2014-10-06,35.07958984375,57.310001373291016,57.470001220703125,56.810001373291016,57.220001220703125,338108
2014-10-07,34.88985061645508,57.0,57.54999923706055,56.189998626708984,57.459999084472656,1063653
2014-10-08,34.38792419433594,56.18000030517578,56.61000061035156,55.90999984741211,56.220001220703125,953685
2014-10-09,34.94492721557617,57.09000015258789,57.19499969482422,56.41999816894531,56.560001373291016,1036927
2014-10-10,34.173683166503906,55.83000183105469,56.18000030517578,55.58000183105469,55.90999984741211,1271040
2014-10-13,34.198158264160156,55.869998931884766,56.0,54.650001525878906,55.16999816894531,1003062
2014-10-14,34.45524215698242,56.290000915527344,56.459999084472656,55.16999816894531,55.209999084472656,1236503
2014-10-15,34.736812591552734,56.75,56.95000076293945,56.25,56.290000915527344,717685
2014-10-16,34.71232223510742,56.709999084472656,56.7599983215332,55.63999938964844,56.369998931884766,1089111
2014-10-17,35.18975830078125,57.4900016784668,57.79999923706055,56.939998626708984,57.0,1452821
2014-10-20,35.752906799316406,58.40999984741211,58.720001220703125,58.04999923706055,58.099998474121094,894700
2014-10-21,35.752906799316406,58.40999984741211,58.869998931884766,58.29999923706055,58.70000076293945,756309
2014-10-22,36.242584228515625,59.209999084472656,59.36000061035156,58.83000183105469,58.9900016784668,1310261
2014-10-23,36.438453674316406,59.529998779296875,59.529998779296875,58.88999938964844,59.029998779296875,1002809
2014-10-24,36.57311248779297,59.75,59.97999954223633,59.630001068115234,59.79999923706055,638899
2014-10-27,36.90977478027344,60.29999923706055,60.5,59.93000030517578,60.0,913725
2014-10-28,36.76899337768555,60.06999969482422,60.29999923706055,59.91999816894531,60.06999969482422,775420
2014-10-29,36.481300354003906,59.599998474121094,60.25,59.38999938964844,60.220001220703125,1117068
2014-10-30,36.63432693481445,59.849998474121094,60.154998779296875,59.599998474121094,60.099998474121094,747659
2014-10-31,37.44231033325195,61.16999816894531,61.619998931884766,60.70000076293945,60.70000076293945,2746510
2014-11-03,37.24643325805664,60.849998474121094,61.849998474121094,60.619998931884766,61.349998474121094,917358
2014-11-04,37.736122131347656,61.650001525878906,61.7400016784668,60.529998779296875,60.529998779296875,772882
2014-11-05,37.797325134277344,61.75,61.75,61.040000915527344,61.18000030517578,932646
2014-11-06,37.95035171508789,62.0,62.15999984741211,61.52000045776367,62.0,1037280
2014-11-07,38.17070388793945,62.36000061035156,62.4900016784668,62.02000045776367,62.400001525878906,997588
2014-11-10,37.82792663574219,61.79999923706055,62.22999954223633,61.45000076293945,62.02000045776367,737871
2014-11-11,37.85853576660156,61.849998474121094,62.02000045776367,61.70000076293945,61.84000015258789,696483
2014-11-12,37.54591369628906,60.04999923706055,60.689998626708984,59.91999816894531,60.29999923706055,1628715
2014-11-13,37.5146484375,60.0,60.29999923706055,59.43000030517578,60.2400016784668,900740
2014-11-14,37.727230072021484,60.34000015258789,60.4900016784668,59.93000030517578,59.95000076293945,605275
2014-11-17,37.34583282470703,59.72999954223633,60.369998931884766,59.560001373291016,60.29999923706055,662318
2014-11-18,37.13325119018555,59.38999938964844,59.70000076293945,59.11000061035156,59.5,951574
2014-11-19,37.01445770263672,59.20000076293945,59.7400016784668,59.130001068115234,59.41999816894531,654161
2014-11-20,36.76435470581055,58.79999923706055,59.20000076293945,58.650001525878906,58.939998626708984,786156
2014-11-21,36.5455207824707,58.45000076293945,58.86000061035156,58.099998474121094,58.650001525878906,907024
2014-11-24,36.59553909301758,58.529998779296875,59.18000030517578,58.459999084472656,58.900001525878906,701439
2014-11-25,36.6080436706543,58.54999923706055,58.7599983215332,58.119998931884766,58.349998474121094,650250
2014-11-26,37.302059173583984,59.65999984741211,59.65999984741211,58.54999923706055,58.54999923706055,915409
2014-11-27,37.01445770263672,59.20000076293945,59.79999923706055,58.97999954223633,59.470001220703125,1046524
2014-11-28,36.53301239013672,58.43000030517578,58.9900016784668,58.189998626708984,58.9900016784668,1250563
2014-12-01,36.23915100097656,57.959999084472656,59.38999938964844,57.72999954223633,59.38999938964844,873364
2014-12-02,36.4954948425293,58.369998931884766,58.439998626708984,57.470001220703125,57.9900016784668,952773
2014-12-03,37.43336486816406,59.869998931884766,59.880001068115234,58.0,58.0,1502357
2014-12-04,37.75223922729492,60.380001068115234,60.63999938964844,59.95000076293945,60.0,951258
2014-12-05,37.764739990234375,60.400001525878906,60.900001525878906,59.84000015258789,59.880001068115234,850191
2014-12-08,38.17741394042969,61.060001373291016,61.400001525878906,60.79999923706055,60.869998931884766,1049929
2014-12-09,37.927310943603516,60.65999984741211,60.959999084472656,60.20000076293945,60.31999969482422,814109
2014-12-10,37.32082748413086,59.689998626708984,60.20000076293945,59.31999969482422,60.0,964106
2014-12-11,36.73935317993164,58.7599983215332,59.029998779296875,57.95000076293945,58.06999969482422,1237167
2014-12-12,36.45173263549805,58.29999923706055,58.75,57.900001525878906,57.900001525878906,1127796
2014-12-15,36.01406478881836,57.599998474121094,57.81999969482422,56.790000915527344,57.130001068115234,933583
2014-12-16,35.270023345947266,56.40999984741211,57.40999984741211,56.150001525878906,57.310001373291016,1773143
2014-12-17,34.876121520996094,55.779998779296875,56.66999816894531,55.59000015258789,56.22999954223633,1695610
2014-12-18,34.988670349121094,55.959999084472656,56.959999084472656,55.75,55.79999923706055,1987037
2014-12-19,36.151611328125,57.81999969482422,57.81999969482422,56.439998626708984,57.15999984741211,2710534
2014-12-22,36.482994079589844,58.349998474121094,58.58000183105469,58.060001373291016,58.099998474121094,1288972
2014-12-23,36.4329719543457,58.27000045776367,58.630001068115234,58.119998931884766,58.5099983215332,784143
2014-12-24,36.482994079589844,58.349998474121094,58.66999816894531,58.209999084472656,58.66999816894531,350278
2014-12-29,36.6893310546875,58.68000030517578,58.81999969482422,58.209999084472656,58.5,603125
2014-12-30,36.357948303222656,58.150001525878906,58.810001373291016,58.040000915527344,58.68000030517578,504067
2014-12-31,36.44548416137695,58.290000915527344,58.529998779296875,58.18000030517578,58.349998474121094,359075
2015-01-02,36.60178756713867,58.540000915527344,58.7400016784668,57.47999954223633,57.90999984741211,470769
2015-01-05,36.526763916015625,58.41999816894531,58.779998779296875,58.150001525878906,58.34000015258789,312727
2015-01-06,35.68893814086914,57.08000183105469,58.040000915527344,56.81999969482422,57.540000915527344,1141307
2015-01-07,35.90152359008789,57.41999816894531,57.52000045776367,55.97999954223633,56.779998779296875,970874
2015-01-08,36.18914031982422,57.880001068115234,57.880001068115234,57.11000061035156,57.61000061035156,811953
2015-01-09,36.22665786743164,57.939998626708984,58.540000915527344,57.68000030517578,58.25,981797
2015-01-12,35.76396179199219,57.20000076293945,57.68000030517578,57.029998779296875,57.150001525878906,534460
2015-01-13,35.632667541503906,56.9900016784668,57.130001068115234,56.46500015258789,56.880001068115234,856978
2015-01-14,34.96364974975586,55.91999816894531,56.900001525878906,55.849998474121094,56.88999938964844,1410958
2015-01-15,34.919883728027344,55.849998474121094,55.90999984741211,55.040000915527344,55.61000061035156,1464350
2015-01-16,34.56974792480469,55.290000915527344,55.619998931884766,54.810001373291016,55.5,1478789
2015-01-19,36.42048263549805,58.25,59.02000045776367,57.810001373291016,58.97999954223633,2817465
2015-01-20,37.38960266113281,59.79999923706055,60.25,58.70000076293945,58.70000076293945,2497264
2015-01-21,37.35833740234375,59.75,60.459999084472656,59.5,60.20000076293945,1250808
2015-01-22,37.202030181884766,59.5,60.0099983215332,59.349998474121094,59.90999984741211,1048388
2015-01-23,38.158653259277344,61.029998779296875,61.31999969482422,60.150001525878906,60.29999923706055,1715473
2015-01-27,38.32120895385742,61.290000915527344,61.439998626708984,60.939998626708984,61.41999816894531,1016938
2015-01-28,38.48377227783203,61.54999923706055,61.689998626708984,60.86000061035156,61.0,650249
2015-01-29,38.608829498291016,61.75,61.900001525878906,61.040000915527344,61.119998931884766,1400345
2015-01-30,38.85892868041992,62.150001525878906,62.65999984741211,61.9900016784668,62.0,2412153
2015-02-02,39.027732849121094,62.41999816894531,62.68000030517578,61.95000076293945,62.0,879209
2015-02-03,39.934349060058594,63.869998931884766,64.04000091552734,62.619998931884766,62.95000076293945,1653887
2015-02-04,40.48456573486328,64.75,65.27999877929688,64.41000366210938,65.0,1177830
2015-02-05,40.909725189208984,65.43000030517578,65.58999633789062,64.19000244140625,64.19000244140625,1201646
2015-02-06,41.641265869140625,66.5999984741211,67.0,65.58000183105469,66.0,1345328
2015-02-09,42.04140853881836,67.23999786376953,67.23999786376953,66.26499938964844,66.2699966430664,688550
2015-02-10,42.2039794921875,67.5,67.5,66.30999755859375,67.30000305175781,1481477
2015-02-11,42.147708892822266,67.41000366210938,69.19000244140625,66.9000015258789,68.06999969482422,845039
2015-02-12,41.159812927246094,65.83000183105469,67.5999984741211,65.7699966430664,67.44000244140625,1342411
2015-02-13,42.5978889465332,68.12999725341797,68.55999755859375,67.19999694824219,67.36000061035156,1262146
2015-02-16,42.81672286987305,68.4800033569336,68.56999969482422,67.05000305175781,67.69000244140625,890232
2015-02-17,44.32982635498047,70.9000015258789,71.0999984741211,68.95999908447266,69.0,1618365
2015-02-18,44.82375717163086,71.69000244140625,71.76000213623047,70.69999694824219,71.30000305175781,1579336
2015-02-19,44.73621368408203,71.55000305175781,72.94999694824219,71.33000183105469,71.94999694824219,1603026
2015-02-20,44.517372131347656,71.19999694824219,71.70999908447266,70.3499984741211,70.70999908447266,742872
2015-02-23,44.67994689941406,71.45999908447266,72.30000305175781,70.68000030517578,71.36000061035156,713651
2015-02-24,44.68620300292969,71.47000122070312,72.1500015258789,70.91000366210938,71.5,1041714
2015-02-25,45.16138458251953,72.2300033569336,72.86000061035156,71.4800033569336,71.7300033569336,1391262
2015-02-26,44.898780822753906,71.80999755859375,72.38999938964844,71.4000015258789,71.98999786376953,774212
2015-02-27,45.5552978515625,72.86000061035156,72.94999694824219,71.4000015258789,72.18000030517578,2882656
2015-03-02,46.88706588745117,74.98999786376953,75.06999969482422,72.83000183105469,73.0,1370060
2015-03-03,45.96794509887695,73.5199966430664,75.62999725341797,72.4000015258789,75.0999984741211,1341647
2015-03-04,45.96794509887695,73.5199966430664,73.5199966430664,73.5199966430664,73.5199966430664,0
2015-03-05,46.580692291259766,74.5,74.76000213623047,73.38999938964844,73.5199966430664,1952104
2015-03-06,47.12464904785156,75.37000274658203,75.80999755859375,74.80500030517578,74.8499984741211,982415
2015-03-09,46.08049392700195,73.69999694824219,74.5,73.55999755859375,73.75,742372
2015-03-10,46.42438507080078,74.25,74.51000213623047,73.69000244140625,73.69999694824219,1035335
2015-03-11,46.31809616088867,74.08000183105469,74.08999633789062,72.79000091552734,73.41999816894531,777565
2015-03-12,47.89369583129883,76.5999984741211,76.8499984741211,74.18000030517578,74.5,1418988
2015-03-13,47.137149810791016,75.38999938964844,77.37999725341797,75.05999755859375,77.37999725341797,1132645
2015-03-16,47.1746711730957,75.44999694824219,75.80999755859375,74.5,74.5,731460
2015-03-17,47.381004333496094,75.77999877929688,76.69000244140625,75.68000030517578,76.30000305175781,1085156
2015-03-18,47.368499755859375,75.76000213623047,76.5,75.27999877929688,75.93000030517578,905941
2015-03-19,47.949974060058594,76.69000244140625,76.7300033569336,75.25,75.25,1252345
2015-03-20,48.70653533935547,77.9000015258789,77.95999908447266,75.93000030517578,76.0,1566181
2015-03-23,48.95036315917969,78.29000091552734,78.69000244140625,77.9800033569336,78.04000091552734,726422
2015-03-24,49.0816650390625,78.5,78.73999786376953,77.9000015258789,78.26000213623047,724837
2015-03-25,48.975379943847656,78.33000183105469,78.81999969482422,78.1500015258789,78.45999908447266,790633
2015-03-26,48.32511520385742,77.29000091552734,78.03500366210938,77.20999908447266,77.91000366210938,758772
2015-03-27,48.32511520385742,77.29000091552734,77.73999786376953,77.01000213623047,77.01000213623047,3434671
2015-03-30,47.781158447265625,76.41999816894531,76.79000091552734,75.61000061035156,76.63999938964844,870239
2015-03-31,47.93748092651367,76.66999816894531,77.52999877929688,76.43000030517578,76.94999694824219,1091959
2015-04-01,48.51893615722656,77.5999984741211,77.76000213623047,75.95999908447266,76.19999694824219,693975
2015-04-02,49.09416961669922,78.5199966430664,78.83999633789062,77.33999633789062,77.80000305175781,787235
2015-04-07,49.413047790527344,79.02999877929688,79.70999908447266,78.58999633789062,78.70999908447266,808289
2015-04-08,49.52558517456055,79.20999908447266,79.29000091552734,78.25,79.20999908447266,881112
2015-04-09,49.83195495605469,79.69999694824219,80.9000015258789,79.29000091552734,79.30000305175781,909563
2015-04-10,50.257118225097656,80.37999725341797,80.5999984741211,80.12000274658203,80.26000213623047,760924
2015-04-13,50.77607727050781,81.20999908447266,81.58999633789062,80.7699966430664,80.87999725341797,596585
2015-04-14,50.88862609863281,81.38999938964844,81.80999755859375,80.75,80.87000274658203,622431
2015-04-15,51.15747833251953,81.81999969482422,82.77999877929688,81.0999984741211,82.77999877929688,948551
2015-04-16,51.42008972167969,82.23999786376953,82.80000305175781,81.88999938964844,81.88999938964844,693487
2015-04-17,50.77607727050781,81.20999908447266,82.55999755859375,81.01000213623047,82.33999633789062,956208
2015-04-20,50.1883544921875,80.2699966430664,80.5999984741211,79.9800033569336,80.5,859829
2015-04-21,50.91362762451172,81.43000030517578,81.43000030517578,80.88999938964844,80.88999938964844,805729
2015-04-22,50.857364654541016,81.33999633789062,82.12999725341797,81.06999969482422,81.86000061035156,1101207
2015-04-23,51.33879470825195,82.11000061035156,82.19999694824219,81.18000030517578,81.62999725341797,916420
2015-04-24,52.145362854003906,83.4000015258789,83.43000030517578,82.41999816894531,82.41999816894531,3079670
2015-04-27,52.4892463684082,83.94999694824219,84.19000244140625,83.37999725341797,83.4000015258789,777373
2015-04-28,52.001548767089844,83.16999816894531,83.83999633789062,82.58999633789062,83.48999786376953,1008846
2015-04-29,49.48808288574219,79.1500015258789,82.93000030517578,79.1500015258789,82.73999786376953,1806988
2015-04-30,48.75027847290039,77.97000122070312,78.33999633789062,76.66000366210938,78.0,1871171
2015-05-01,49.187957763671875,78.66999816894531,78.83000183105469,77.83000183105469,77.97000122070312,1221581
2015-05-04,48.825313568115234,78.08999633789062,79.48999786376953,78.02999877929688,78.5,859236
2015-05-05,49.26924133300781,78.80000305175781,80.0,78.33999633789062,78.98999786376953,1100240
2015-05-06,48.06875991821289,76.87999725341797,78.30000305175781,76.83999633789062,77.87999725341797,1170564
2015-05-07,47.83118438720703,76.5,76.76000213623047,74.5999984741211,75.04000091552734,1567825
2015-05-08,49.5068359375,79.18000030517578,80.8499984741211,79.12999725341797,80.30999755859375,1472858
2015-05-11,49.25672912597656,78.77999877929688,80.87999725341797,78.69999694824219,80.0,1275313
2015-05-12,50.48845672607422,80.75,80.79000091552734,78.4000015258789,78.4000015258789,1337617
2015-05-13,51.28877258300781,82.02999877929688,82.02999877929688,80.31999969482422,80.41000366210938,1142147
2015-05-14,51.038673400878906,81.62999725341797,81.66500091552734,80.69999694824219,81.4000015258789,1277159
2015-05-15,51.61389923095703,82.55000305175781,83.0,81.8499984741211,82.4000015258789,1271536
2015-05-18,50.947513580322266,79.51000213623047,81.19000244140625,79.48999786376953,80.41000366210938,2610296
2015-05-19,50.556636810302734,78.9000015258789,80.41000366210938,78.68000030517578,80.4000015258789,1584556
2015-05-20,50.67198181152344,79.08000183105469,79.80000305175781,78.6500015258789,78.80000305175781,1003351
2015-05-21,51.101287841796875,79.75,79.9000015258789,79.06999969482422,79.08000183105469,1179085
2015-05-22,51.03079605102539,79.63999938964844,80.05999755859375,79.0,79.80000305175781,834371
2015-05-25,51.69720458984375,80.68000030517578,80.95999908447266,79.5999984741211,79.94999694824219,956657
2015-05-26,51.665157318115234,80.62999725341797,81.19999694824219,80.4000015258789,80.4000015258789,831883
2015-05-27,51.357608795166016,80.1500015258789,80.69999694824219,79.69000244140625,80.44000244140625,1181206
2015-05-28,51.902252197265625,81.0,81.16500091552734,79.93000030517578,80.6500015258789,1163434
2015-05-29,52.3828239440918,81.75,82.05500030517578,80.5999984741211,80.5999984741211,1976710
2015-06-01,52.478946685791016,81.9000015258789,81.93000030517578,81.08000183105469,81.5,676043
2015-06-02,51.895843505859375,80.98999786376953,82.56999969482422,80.87999725341797,82.5,919066
2015-06-03,51.2614860534668,80.0,81.20999908447266,79.23999786376953,81.0,1305430
2015-06-04,50.825748443603516,79.31999969482422,80.44499969482422,79.13999938964844,79.97000122070312,1206630
2015-06-05,50.704017639160156,79.12999725341797,80.08000183105469,78.51000213623047,79.08000183105469,748257
2015-06-09,50.42848587036133,78.69999694824219,79.81999969482422,78.5999984741211,79.13999938964844,955007
2015-06-10,49.967140197753906,77.9800033569336,78.97000122070312,77.41000366210938,78.5999984741211,1016765
2015-06-11,50.93467712402344,79.48999786376953,79.61000061035156,78.86000061035156,79.05999755859375,823607
2015-06-12,50.98595428466797,79.56999969482422,80.25,79.2699966430664,79.4000015258789,810325
2015-06-15,50.75527572631836,79.20999908447266,79.4000015258789,78.33000183105469,78.4000015258789,663654
2015-06-16,50.825748443603516,79.31999969482422,79.4000015258789,78.72000122070312,79.0199966430664,871650
2015-06-17,51.76127243041992,80.77999877929688,81.01499938964844,80.0,80.0,1157310
2015-06-18,51.00517272949219,79.5999984741211,80.55000305175781,79.13999938964844,80.5,1476941
2015-06-19,52.11371994018555,81.33000183105469,81.68000030517578,81.08999633789062,81.19000244140625,1552569
2015-06-22,52.14574432373047,81.37999725341797,81.80000305175781,80.94000244140625,81.80000305175781,679021
2015-06-23,52.882633209228516,82.52999877929688,82.80000305175781,81.91000366210938,82.5,963323
2015-06-24,53.215816497802734,83.05000305175781,83.3499984741211,82.63999938964844,82.63999938964844,693985
2015-06-25,53.20301818847656,83.02999877929688,83.37000274658203,82.4000015258789,82.5,1050352
2015-06-26,52.8634033203125,82.5,83.0,81.66000366210938,82.0,1958110
2015-06-29,51.58186340332031,80.5,80.98999786376953,80.16000366210938,80.58000183105469,1233461
2015-06-30,52.158565521240234,81.4000015258789,81.55000305175781,79.7300033569336,80.0,1093897
2015-07-01,52.89543914794922,82.55000305175781,82.66999816894531,81.58999633789062,82.5,675405
2015-07-02,53.31193923950195,83.19999694824219,83.5,82.44999694824219,82.56999969482422,1005299
2015-07-03,52.8890380859375,82.54000091552734,82.75,81.69999694824219,82.7300033569336,554769
2015-07-06,52.350791931152344,81.69999694824219,82.05999755859375,80.79000091552734,81.37000274658203,567188
2015-07-07,53.029998779296875,82.76000213623047,83.55000305175781,82.26000213623047,82.5,972662
2015-07-08,51.03079605102539,79.63999938964844,81.83999633789062,79.63999938964844,81.19999694824219,1310275
2015-07-09,51.06283950805664,79.69000244140625,80.05000305175781,77.76000213623047,78.51000213623047,1139699
2015-07-10,51.645938873291016,80.5999984741211,81.6500015258789,80.5999984741211,80.97000122070312,1126390
2015-07-13,51.325565338134766,80.0999984741211,81.26000213623047,80.0999984741211,80.94000244140625,838356
2015-07-14,52.485347747802734,81.91000366210938,82.0999984741211,81.70999908447266,82.0199966430664,1139411
2015-07-15,52.72883987426758,82.29000091552734,82.80000305175781,82.05999755859375,82.5,767749
2015-07-16,53.25426483154297,83.11000061035156,83.5,83.11000061035156,83.16000366210938,1277351
2015-07-17,53.51058578491211,83.51000213623047,83.91999816894531,83.19999694824219,83.87999725341797,634507
2015-07-20,54.561439514160156,85.1500015258789,85.44000244140625,83.54000091552734,83.80000305175781,1261283
2015-07-21,54.8433723449707,85.58999633789062,86.19000244140625,85.19999694824219,85.56999969482422,686350
2015-07-22,54.11932373046875,84.45999908447266,84.91000366210938,84.23999786376953,84.86000061035156,1000320
2015-07-23,54.34357833862305,84.80999755859375,86.19999694824219,84.47000122070312,86.12000274658203,1261432
2015-07-24,52.22265625,81.5,83.66000366210938,81.5,83.27999877929688,2919342
2015-07-27,52.09449005126953,81.30000305175781,81.43000030517578,79.9000015258789,79.98999786376953,1586929
2015-07-28,52.440494537353516,81.83999633789062,82.2699966430664,80.08999633789062,80.08999633789062,1268579
2015-07-29,52.31235122680664,81.63999938964844,82.69999694824219,81.58000183105469,82.16999816894531,1032015
2015-07-30,52.54302215576172,82.0,82.48999786376953,81.94999694824219,82.0,1029289
2015-07-31,52.639156341552734,82.1500015258789,82.6500015258789,82.12000274658203,82.1500015258789,2204866
2015-08-03,52.754478454589844,82.33000183105469,82.58999633789062,82.01000213623047,82.08000183105469,502565
2015-08-04,53.02359390258789,82.75,83.26000213623047,81.5999984741211,81.5999984741211,1336837
2015-08-05,52.645538330078125,82.16000366210938,82.43000030517578,81.72000122070312,82.05000305175781,968953
2015-08-06,51.902252197265625,81.0,82.33999633789062,80.81500244140625,82.0,979291
2015-08-07,51.312747955322266,80.08000183105469,80.93000030517578,80.0,80.08999633789062,755989
2015-08-10,50.902652740478516,79.44000244140625,80.0,79.0,79.8499984741211,1164019
2015-08-11,50.69119644165039,79.11000061035156,79.9800033569336,78.30000305175781,79.55000305175781,1149901
2015-08-12,50.39004898071289,78.63999938964844,79.68000030517578,78.01000213623047,78.44999694824219,1610807
2015-08-13,50.44771194458008,78.7300033569336,79.25,78.0999984741211,78.58000183105469,1468118
2015-08-14,50.57585144042969,78.93000030517578,79.30999755859375,78.5,78.5,935062
2015-08-17,50.6078987121582,78.9800033569336,79.55500030517578,78.79000091552734,79.05000305175781,532887
2015-08-18,50.52458953857422,78.8499984741211,79.91999816894531,78.41999816894531,78.94000244140625,1051756
2015-08-19,50.85139465332031,79.36000061035156,79.66999816894531,78.29000091552734,79.38999938964844,1102043
2015-08-20,49.614707946777344,77.43000030517578,78.70999908447266,77.0999984741211,78.66000366210938,1466768
2015-08-21,47.85260009765625,74.68000030517578,75.77999877929688,73.7699966430664,75.5999984741211,2207737
2015-08-24,45.06525802612305,70.33000183105469,73.44999694824219,70.0999984741211,71.0999984741211,3199061
2015-08-25,47.7052116394043,74.44999694824219,74.9000015258789,69.48999786376953,69.5,3149573
2015-08-26,48.172969818115234,75.18000030517578,75.26000213623047,73.01000213623047,73.5,1813279
2015-08-27,48.85219192504883,76.23999786376953,77.5,76.11000061035156,77.5,1347673
2015-08-28,49.28791809082031,76.91999816894531,77.80000305175781,76.36000061035156,76.69999694824219,2679236
2015-08-31,48.653564453125,75.93000030517578,76.69000244140625,75.20999908447266,76.5,1371002
2015-09-01,47.7052116394043,74.44999694824219,76.19999694824219,73.9800033569336,75.54000091552734,978204
2015-09-02,47.442508697509766,74.04000091552734,74.41999816894531,71.94499969482422,72.58000183105469,1648528
2015-09-03,46.71843338012695,72.91000366210938,75.94999694824219,72.91000366210938,75.91999816894531,945389
2015-09-04,46.660762786865234,72.81999969482422,74.3499984741211,72.58999633789062,72.70999908447266,1253363
2015-09-07,46.96833419799805,73.30000305175781,74.25,72.06999969482422,73.18000030517578,635582
2015-09-08,47.7564697265625,74.52999877929688,74.61000061035156,73.3499984741211,74.0,841999
2015-09-09,49.557037353515625,77.33999633789062,77.45999908447266,75.8499984741211,75.94999694824219,1391638
2015-09-10,48.64714050292969,75.91999816894531,76.29000091552734,75.19000244140625,75.19999694824219,897490
2015-09-11,48.570247650146484,75.80000305175781,76.47000122070312,74.73999786376953,75.5999984741211,806592
2015-09-14,49.70439529418945,77.56999969482422,78.25,77.05999755859375,77.37000274658203,1344311
2015-09-15,49.33917999267578,77.0,78.31999969482422,76.97000122070312,78.0,1273379
2015-09-16,50.1273193359375,78.2300033569336,78.5,77.30000305175781,78.3499984741211,1558530
2015-09-17,49.97995376586914,78.0,79.41000366210938,77.69000244140625,79.0,1490400
2015-09-18,50.43489074707031,78.70999908447266,79.18000030517578,77.33000183105469,78.4000015258789,1196428
2015-09-21,49.6082878112793,77.41999816894531,77.73999786376953,76.62000274658203,77.01000213623047,888030
2015-09-22,49.96072006225586,77.97000122070312,78.48999786376953,77.55999755859375,78.19000244140625,617948
2015-09-23,49.33917999267578,77.0,77.79000091552734,76.66000366210938,77.79000091552734,1208270
2015-09-24,49.69800567626953,77.55999755859375,78.0199966430664,77.16000366210938,77.73999786376953,962807
2015-09-25,49.595481872558594,77.4000015258789,78.2699966430664,77.31999969482422,77.83999633789062,2305153
2015-09-28,50.582271575927734,78.94000244140625,79.05000305175781,77.5,77.5,957340
2015-09-29,48.057647705078125,75.0,77.26000213623047,75.0,77.19999694824219,1728463
2015-09-30,49.12131118774414,76.66000366210938,76.83000183105469,75.5250015258789,76.0,1165940
2015-10-01,49.49936294555664,77.25,78.30000305175781,76.91000366210938,77.29000091552734,998630
2015-10-02,48.88422393798828,76.29000091552734,77.08000183105469,75.80000305175781,75.80000305175781,858284
2015-10-05,49.44170379638672,77.16000366210938,77.5,76.61000061035156,77.5,538409
2015-10-06,49.34559631347656,77.01000213623047,78.1500015258789,76.93000030517578,78.1500015258789,840682
2015-10-07,49.87741470336914,77.83999633789062,77.92500305175781,76.63999938964844,77.5199966430664,824669
2015-10-08,49.87741470336914,77.83999633789062,77.83999633789062,77.83999633789062,77.83999633789062,0
2015-10-09,51.86381149291992,80.94000244140625,81.05999755859375,80.08999633789062,80.94000244140625,1722343
2015-10-12,51.7548828125,80.7699966430664,82.22000122070312,80.05000305175781,81.13999938964844,1944210
2015-10-13,51.36399459838867,80.16000366210938,81.1500015258789,79.47000122070312,81.11000061035156,1094839
2015-10-14,51.06283950805664,79.69000244140625,79.76000213623047,79.12000274658203,79.1500015258789,1085064
2015-10-15,51.902252197265625,81.0,81.05500030517578,79.56999969482422,80.2699966430664,1157059
2015-10-16,52.824974060058594,82.44000244140625,82.6500015258789,81.48999786376953,82.0,1594401
2015-10-19,52.86981201171875,82.51000213623047,83.01000213623047,81.8499984741211,82.83999633789062,860279
2015-10-20,52.49175262451172,81.91999816894531,82.66999816894531,81.87999725341797,82.62999725341797,591972
2015-10-21,52.79933166503906,82.4000015258789,82.54000091552734,81.41000366210938,81.94999694824219,601504
2015-10-22,52.575069427490234,82.05000305175781,82.33999633789062,81.66999816894531,82.30000305175781,522242
2015-10-23,53.33757781982422,83.23999786376953,83.6449966430664,83.05000305175781,83.08000183105469,1055675
2015-10-26,52.95951843261719,82.6500015258789,83.68000030517578,82.5199966430664,83.33999633789062,737716
2015-10-27,53.382415771484375,83.30999755859375,83.54000091552734,82.79000091552734,83.01000213623047,751756
2015-10-28,53.56825256347656,83.5999984741211,83.7300033569336,82.91999816894531,83.37000274658203,533396
2015-10-29,53.830970764160156,84.01000213623047,84.41999816894531,83.6500015258789,83.93000030517578,947213
2015-10-30,54.91386413574219,85.69999694824219,86.72000122070312,84.5,84.83999633789062,3153558
2015-11-02,52.4981689453125,81.93000030517578,85.0,81.30999755859375,85.0,2145286
2015-11-03,53.151737213134766,82.94999694824219,83.75,82.69999694824219,82.83000183105469,1082593
2015-11-04,53.12613296508789,82.91000366210938,83.87999725341797,82.83000183105469,83.51000213623047,950622
2015-11-05,52.6647834777832,82.19000244140625,82.83999633789062,81.30999755859375,82.1500015258789,850988
2015-11-06,52.81855392456055,82.43000030517578,83.08000183105469,81.54000091552734,82.12000274658203,939351
2015-11-09,52.47222137451172,80.30000305175781,81.91000366210938,80.16000366210938,80.38999938964844,1321043
2015-11-10,52.40686798095703,80.19999694824219,80.37000274658203,79.16999816894531,79.61000061035156,1100838
2015-11-11,53.184478759765625,81.38999938964844,81.5999984741211,80.52999877929688,80.63999938964844,931164
2015-11-12,53.328250885009766,81.61000061035156,82.0999984741211,80.9000015258789,80.97000122070312,820486
2015-11-13,52.11935806274414,79.76000213623047,80.26000213623047,79.33000183105469,80.0,1200451
2015-11-16,51.74036407470703,79.18000030517578,79.18000030517578,78.25,78.45999908447266,846444
2015-11-17,52.72706604003906,80.69000244140625,80.69000244140625,79.44000244140625,79.91000366210938,998059
2015-11-18,53.217166900634766,81.44000244140625,81.69999694824219,80.66999816894531,80.68000030517578,918846
2015-11-19,53.89022445678711,82.47000122070312,82.63999938964844,81.7300033569336,82.41999816894531,1193682
2015-11-20,54.23654556274414,83.0,83.5,82.04000091552734,82.04000091552734,1151460
2015-11-23,54.1777458190918,82.91000366210938,83.8499984741211,82.19999694824219,82.25,849748
2015-11-24,53.51774978637695,81.9000015258789,82.86000061035156,81.61000061035156,82.0,1249161
2015-11-25,53.06032943725586,81.19999694824219,81.9800033569336,81.18000030517578,81.5,846879
2015-11-26,53.38705825805664,81.69999694824219,82.30999755859375,81.23999786376953,81.23999786376953,939284
2015-11-27,53.256385803222656,81.5,82.56999969482422,81.05000305175781,81.81999969482422,1317367
2015-11-30,53.19755935668945,81.41000366210938,81.9800033569336,80.94000244140625,81.41999816894531,1020791
2015-12-01,54.03397750854492,82.69000244140625,82.95999908447266,81.5,81.66000366210938,974832
2015-12-02,54.131996154785156,82.83999633789062,83.29000091552734,82.33999633789062,82.83999633789062,720024
2015-12-03,54.19081115722656,82.93000030517578,83.0999984741211,81.69999694824219,81.69999694824219,654476
2015-12-04,53.47201156616211,81.83000183105469,81.98999786376953,81.25,81.5,1010586
2015-12-07,53.83140563964844,82.37999725341797,83.20999908447266,82.12000274658203,83.16999816894531,726098
2015-12-08,53.851009368896484,82.41000366210938,82.88999938964844,81.5199966430664,81.54000091552734,879119
2015-12-09,52.798954010009766,80.80000305175781,82.43000030517578,80.58000183105469,81.81999969482422,1115437
2015-12-10,52.753211975097656,80.7300033569336,81.04000091552734,79.3499984741211,80.5,1348044
2015-12-11,52.92310333251953,80.98999786376953,81.0999984741211,79.5999984741211,80.08999633789062,974310
2015-12-14,51.06076431274414,78.13999938964844,79.66999816894531,77.86000061035156,79.5,1489853
2015-12-15,50.6948356628418,77.58000183105469,78.9800033569336,77.5,78.47000122070312,1736731
2015-12-16,51.642333984375,79.02999877929688,79.11000061035156,78.1500015258789,78.5,1479582
2015-12-17,51.77956771850586,79.23999786376953,80.63999938964844,79.08999633789062,79.55000305175781,2012964
2015-12-18,51.165313720703125,78.30000305175781,78.7300033569336,77.88999938964844,78.33999633789062,3517984
2015-12-21,51.09996795654297,78.19999694824219,78.48999786376953,77.68000030517578,78.0,926672
2015-12-22,51.243736267089844,78.41999816894531,79.0999984741211,78.2300033569336,79.02999877929688,705445
2015-12-23,52.367671966552734,80.13999938964844,80.26000213623047,79.0999984741211,79.23999786376953,725357
2015-12-24,52.75973892211914,80.73999786376953,81.0999984741211,80.69000244140625,81.0,395453
2015-12-28,52.75973892211914,80.73999786376953,80.73999786376953,80.73999786376953,80.73999786376953,0
2015-12-29,53.62882995605469,82.06999969482422,82.16000366210938,80.80000305175781,80.80000305175781,795419
2015-12-30,54.216941833496094,82.97000122070312,83.23999786376953,82.55000305175781,82.94999694824219,798931
2015-12-31,54.086246490478516,82.7699966430664,83.0999984741211,82.51000213623047,82.5999984741211,403922
2016-01-04,53.38050842285156,81.69000244140625,83.01000213623047,81.4800033569336,82.62000274658203,563515
2016-01-05,52.2827262878418,80.01000213623047,81.18000030517578,79.86000061035156,81.0,767235
2016-01-06,51.746883392333984,79.19000244140625,80.45999908447266,78.70999908447266,80.38999938964844,785492
2016-01-07,50.7928581237793,77.7300033569336,79.73999786376953,77.5999984741211,79.0,1211182
2016-01-08,50.25048828125,76.9000015258789,77.66999816894531,76.06999969482422,76.7699966430664,1573339
2016-01-11,48.551509857177734,74.30000305175781,76.04000091552734,73.36000061035156,75.77999877929688,1663767
2016-01-12,48.59724807739258,74.37000274658203,75.91999816894531,73.9000015258789,75.30000305175781,1399574
2016-01-13,49.62971115112305,75.94999694824219,76.30999755859375,75.0,75.19999694824219,1183021
2016-01-14,48.51884078979492,74.25,74.44000244140625,73.47000122070312,74.0,1159656
2016-01-15,48.04180908203125,73.5199966430664,75.83999633789062,73.0199966430664,75.5,1349086
2016-01-18,47.349151611328125,72.45999908447266,72.79000091552734,71.69000244140625,72.31999969482422,979263
2016-01-19,48.29665756225586,73.91000366210938,73.91000366210938,72.13999938964844,72.44000244140625,981929
2016-01-20,47.27728271484375,72.3499984741211,75.31999969482422,72.06999969482422,74.1500015258789,1515864
2016-01-21,47.84576416015625,73.22000122070312,74.0,72.9000015258789,73.19000244140625,1567274
2016-01-22,48.00262451171875,73.45999908447266,74.33000183105469,73.13999938964844,74.04000091552734,1189058
2016-01-25,49.263763427734375,75.38999938964844,75.55000305175781,74.6500015258789,74.81999969482422,948165
2016-01-27,48.23131561279297,73.80999755859375,75.94999694824219,73.40499877929688,75.30000305175781,1289514
2016-01-28,47.99607467651367,73.44999694824219,73.93000030517578,72.5199966430664,73.75,1308787
2016-01-29,46.77411651611328,71.58000183105469,73.37999725341797,70.61000061035156,73.29000091552734,3686053
2016-02-01,47.074710845947266,72.04000091552734,72.58999633789062,71.54000091552734,72.0999984741211,1356141
2016-02-02,46.101070404052734,70.55000305175781,72.4000015258789,70.41999816894531,72.2699966430664,1247907
2016-02-03,44.60466003417969,68.26000213623047,69.76000213623047,68.16999816894531,69.58000183105469,1851795
2016-02-04,42.382911682128906,64.86000061035156,66.19999694824219,61.880001068115234,65.0,3339071
2016-02-05,41.65105056762695,63.7400016784668,66.66000366210938,63.2400016784668,65.5,2724942
2016-02-08,41.28511428833008,63.18000030517578,63.790000915527344,62.7599983215332,63.20000076293945,1337793
2016-02-09,39.63841247558594,60.65999984741211,62.18000030517578,60.38999938964844,62.119998931884766,2789673
2016-02-10,39.161399841308594,59.93000030517578,62.54999923706055,58.70000076293945,61.099998474121094,2648816
2016-02-11,39.55999755859375,60.540000915527344,60.869998931884766,59.400001525878906,60.40999984741211,1327747
2016-02-12,38.12240219116211,58.34000015258789,60.099998474121094,58.279998779296875,59.65999984741211,1739192
2016-02-15,38.99150085449219,59.66999816894531,60.75,59.4900016784668,60.45000076293945,1974859
2016-02-16,41.32432556152344,63.2400016784668,63.2400016784668,60.11000061035156,60.900001525878906,1806437
2016-02-17,40.96492385864258,62.689998626708984,63.25,61.56999969482422,63.20000076293945,1761484
2016-02-18,42.618167877197266,65.22000122070312,65.22000122070312,63.040000915527344,63.79999923706055,1624087
2016-02-19,41.75560760498047,63.900001525878906,64.80000305175781,63.38999938964844,64.19999694824219,1161016
2016-02-22,42.70310974121094,65.3499984741211,65.43000030517578,63.689998626708984,63.79999923706055,1295143
2016-02-23,42.80765914916992,65.51000213623047,66.48999786376953,65.31999969482422,66.0,1523688
2016-02-24,41.820953369140625,64.0,64.66000366210938,63.86000061035156,64.5,1114412
2016-02-25,41.925498962402344,64.16000366210938,64.80999755859375,63.189998626708984,64.6500015258789,1014649
2016-02-26,41.768672943115234,63.91999816894531,64.5,63.0,64.30999755859375,2532452
2016-02-29,41.9908561706543,64.26000213623047,65.19000244140625,64.08000183105469,64.0999984741211,1514807
2016-03-01,42.565879821777344,65.13999938964844,65.13999938964844,62.59000015258789,63.75,1527517
2016-03-02,43.53953170776367,66.62999725341797,67.16000366210938,65.66000366210938,66.43000030517578,1764471
2016-03-03,42.761924743652344,65.44000244140625,66.7300033569336,65.41000366210938,66.52999877929688,1875044
2016-03-04,43.3434944152832,66.33000183105469,66.58999633789062,65.44000244140625,65.88999938964844,1703243
2016-03-07,44.02307891845703,67.37000274658203,67.69000244140625,66.76000213623047,66.98999786376953,1098246
2016-03-08,43.09518051147461,65.94999694824219,67.7300033569336,65.81999969482422,67.7300033569336,1134749
2016-03-09,43.16706085205078,66.05999755859375,66.33000183105469,65.19000244140625,65.5,1058260
2016-03-10,42.89260482788086,65.63999938964844,66.58999633789062,65.5,66.48999786376953,691430
2016-03-11,43.748634338378906,66.94999694824219,67.33999633789062,65.41999816894531,65.95999908447266,818701
2016-03-14,44.99019241333008,68.8499984741211,69.0,67.81999969482422,67.9000015258789,1673239
2016-03-15,44.3432731628418,67.86000061035156,69.0,67.5,69.0,1216712
2016-03-16,44.826820373535156,68.5999984741211,68.76000213623047,67.30999755859375,67.31999969482422,918664
2016-03-17,45.67631912231445,69.9000015258789,70.08000183105469,68.91000366210938,69.08000183105469,2240151
2016-03-18,44.62425994873047,68.29000091552734,70.47000122070312,68.29000091552734,70.1500015258789,3182727
2016-03-21,44.15377426147461,67.56999969482422,68.25,66.41000366210938,68.16000366210938,1382818
2016-03-22,44.02961349487305,67.37999725341797,67.80000305175781,66.6500015258789,67.80000305175781,850650
2016-03-23,44.0818977355957,67.45999908447266,67.62000274658203,66.95999908447266,67.37000274658203,711624
2016-03-24,43.003700256347656,65.80999755859375,66.87999725341797,65.72000122070312,66.68000030517578,2579704
2016-03-29,41.88629150390625,64.0999984741211,66.11000061035156,63.91999816894531,66.11000061035156,1575824
2016-03-30,42.199954986572266,64.58000183105469,65.0999984741211,64.19000244140625,64.5999984741211,1148435
2016-03-31,43.186668395996094,66.08999633789062,66.0999984741211,64.76000213623047,65.55999755859375,1189494
2016-04-01,41.95164108276367,64.19999694824219,66.0,63.77000045776367,65.54000091552734,1061500
2016-04-04,42.265296936035156,64.68000030517578,65.43000030517578,64.5199966430664,64.54000091552734,738414
2016-04-05,41.63798522949219,63.720001220703125,65.06999969482422,62.970001220703125,64.56999969482422,1532893
2016-04-06,41.592247009277344,63.650001525878906,64.80999755859375,62.869998931884766,63.209999084472656,1665773
2016-04-07,41.47462463378906,63.470001220703125,64.1500015258789,63.04999923706055,63.70000076293945,1226385
2016-04-08,40.736209869384766,62.34000015258789,63.43000030517578,61.56999969482422,62.2599983215332,1127478
2016-04-11,40.34415054321289,61.7400016784668,62.540000915527344,61.369998931884766,62.41999816894531,799616
2016-04-12,41.076019287109375,62.86000061035156,63.33000183105469,61.529998779296875,61.529998779296875,800156
2016-04-13,42.154205322265625,64.51000213623047,64.56999969482422,63.52000045776367,64.27999877929688,856913
2016-04-14,42.80765914916992,65.51000213623047,66.23500061035156,64.63999938964844,66.16999816894531,1124648
2016-04-15,42.827266693115234,65.54000091552734,66.0999984741211,64.9000015258789,65.25,755235
2016-04-18,41.8666877746582,64.06999969482422,65.37999725341797,63.869998931884766,65.3499984741211,772437
2016-04-19,43.06251525878906,65.9000015258789,66.33000183105469,65.2699966430664,65.4000015258789,1313965
2016-04-20,43.27814865112305,66.2300033569336,66.62999725341797,65.5999984741211,65.5999984741211,1062587
2016-04-21,43.84665298461914,67.0999984741211,67.38999938964844,66.5199966430664,67.38999938964844,1095603
2016-04-22,43.81398391723633,67.05000305175781,67.5199966430664,66.27999877929688,66.91999816894531,872991
2016-04-26,43.53953170776367,66.62999725341797,67.4000015258789,66.08499908447266,67.4000015258789,1222315
2016-04-27,43.04943084716797,65.87999725341797,67.02999877929688,65.56999969482422,66.9800033569336,1385671
2016-04-28,42.67043685913086,65.30000305175781,66.4800033569336,64.98999786376953,66.26000213623047,1313025
2016-04-29,41.49421691894531,63.5,64.4000015258789,63.5,64.3499984741211,3164573
2016-05-02,40.821163177490234,62.470001220703125,63.2400016784668,61.04999923706055,63.209999084472656,1690375
2016-05-03,42.05619430541992,64.36000061035156,64.55000305175781,62.130001068115234,62.16999816894531,1434503
2016-05-04,41.47462463378906,63.470001220703125,64.37999725341797,62.5099983215332,64.13999938964844,1528761
2016-05-05,42.67043685913086,65.30000305175781,65.4000015258789,63.5,63.5,1221978
2016-05-06,42.53974914550781,65.0999984741211,66.68000030517578,64.51000213623047,66.08999633789062,2377084
2016-05-09,43.78131103515625,67.0,67.75,65.30000305175781,65.4000015258789,2400985
2016-05-10,45.6697883605957,69.88999938964844,69.98999786376953,66.7699966430664,66.94000244140625,2312049
2016-05-11,46.17293930053711,70.66000366210938,71.88999938964844,70.3499984741211,70.3499984741211,1918512
2016-05-12,46.460453033447266,71.0999984741211,71.31999969482422,69.69999694824219,69.69999694824219,1783747
2016-05-13,46.85253143310547,71.69999694824219,71.76000213623047,70.36000061035156,71.30000305175781,2097671
2016-05-16,47.10084533691406,72.08000183105469,72.27999877929688,71.08999633789062,71.5999984741211,1507815
2016-05-17,48.00662612915039,71.0199966430664,71.26000213623047,69.33000183105469,69.8499984741211,4945197
2016-05-18,46.87778091430664,69.3499984741211,70.87999725341797,69.25,70.16000366210938,2238292
2016-05-19,47.38473892211914,70.0999984741211,70.29000091552734,69.31999969482422,69.3499984741211,1735168
2016-05-20,47.080570220947266,69.6500015258789,70.29000091552734,69.45999908447266,70.26000213623047,1074408
2016-05-23,47.10084533691406,69.68000030517578,70.55000305175781,69.33000183105469,70.25,907606
2016-05-24,47.6754035949707,70.52999877929688,70.92500305175781,69.93000030517578,70.08999633789062,1610966
2016-05-25,48.97324752807617,72.44999694824219,72.6500015258789,71.51000213623047,71.66000366210938,2128768
2016-05-26,49.453182220458984,73.16000366210938,73.47000122070312,72.0,72.9000015258789,1666320
2016-05-27,49.60865783691406,73.38999938964844,74.16999816894531,73.29000091552734,73.29000091552734,3074976
2016-05-30,50.26432800292969,74.36000061035156,74.81999969482422,73.33999633789062,73.81999969482422,1216109
2016-05-31,50.609073638916016,74.87000274658203,75.11000061035156,74.0,74.3499984741211,1950907
2016-06-01,49.81819534301758,73.69999694824219,74.80000305175781,73.0199966430664,74.05000305175781,1510375
2016-06-02,49.385589599609375,73.05999755859375,74.18000030517578,72.54000091552734,73.69999694824219,1168584
2016-06-03,50.42655563354492,74.5999984741211,74.69999694824219,73.375,73.5,1677896
2016-06-06,49.683013916015625,73.5,74.30999755859375,73.19999694824219,73.56999969482422,1254369
2016-06-07,49.88580322265625,73.80000305175781,74.09500122070312,73.05000305175781,73.94999694824219,1549204
2016-06-08,49.784400939941406,73.6500015258789,73.6500015258789,72.5,73.19999694824219,1357106
2016-06-09,50.14266586303711,74.18000030517578,74.55999755859375,73.62000274658203,73.75,1610450
2016-06-10,49.649208068847656,73.44999694824219,73.55000305175781,72.80999755859375,73.51000213623047,900303
2016-06-14,48.60147476196289,71.9000015258789,72.25,71.5999984741211,72.05000305175781,1903182
2016-06-15,48.466278076171875,71.69999694824219,72.36000061035156,71.54000091552734,71.83000183105469,1980251
2016-06-16,48.297298431396484,71.44999694824219,72.29000091552734,70.66000366210938,72.0,1604768
2016-06-17,49.15576171875,72.72000122070312,72.80999755859375,71.29000091552734,71.5,1679457
2016-06-20,50.60231399536133,74.86000061035156,74.86000061035156,73.37999725341797,73.38999938964844,1442971
2016-06-21,51.325584411621094,75.93000030517578,76.73999786376953,74.95500183105469,75.0,1450774
2016-06-22,51.45402908325195,76.12000274658203,76.68000030517578,76.05999755859375,76.30000305175781,851539
2016-06-23,51.76496505737305,76.58000183105469,76.66000366210938,75.94999694824219,76.38999938964844,884277
2016-06-24,48.12830352783203,71.19999694824219,77.44999694824219,70.75,76.91000366210938,4709579
2016-06-27,45.28927230834961,67.0,69.79000091552734,66.81999969482422,69.0999984741211,3990206
2016-06-28,45.90439987182617,67.91000366210938,68.19000244140625,65.01000213623047,65.02999877929688,2603212
2016-06-29,46.40459442138672,68.6500015258789,70.37000274658203,68.63999938964844,70.0,1533407
2016-06-30,46.5735969543457,68.9000015258789,70.5,68.9000015258789,70.0999984741211,1838260
2016-07-01,46.23562240600586,68.4000015258789,69.79000091552734,68.19999694824219,69.04000091552734,1112386
2016-07-04,46.33024978637695,68.54000091552734,68.75,67.75,68.4000015258789,1001410
2016-07-05,45.762447357177734,67.69999694824219,69.2300033569336,67.58999633789062,69.2300033569336,812822
2016-07-06,45.12028121948242,66.75,67.5,65.5199966430664,67.43000030517578,1371108
2016-07-07,44.72822952270508,66.16999816894531,67.77999877929688,65.80000305175781,67.4800033569336,1291227
2016-07-08,45.424468994140625,67.19999694824219,67.77999877929688,66.04000091552734,66.22000122070312,1189613
2016-07-11,46.620914459228516,68.97000122070312,69.48999786376953,68.5,69.06999969482422,917908
2016-07-12,46.85749816894531,69.31999969482422,69.9800033569336,69.0,69.73999786376953,1083970
2016-07-13,48.2161865234375,71.33000183105469,71.5199966430664,69.58000183105469,70.22000122070312,1410450
2016-07-14,48.16210174560547,71.25,71.62000274658203,70.62000274658203,71.5,894558
2016-07-15,48.66230773925781,71.98999786376953,73.12000274658203,71.63999938964844,71.9000015258789,979062
2016-07-18,49.04085159301758,72.55000305175781,72.69999694824219,71.81999969482422,72.4000015258789,595831
2016-07-19,49.16252517700195,72.7300033569336,73.06999969482422,72.06999969482422,72.81999969482422,530511
2016-07-20,49.50724792480469,73.23999786376953,73.29000091552734,72.5199966430664,73.0,769424
2016-07-21,50.054786682128906,74.05000305175781,75.0,73.7300033569336,75.0,1116740
2016-07-22,49.88580322265625,73.80000305175781,73.91000366210938,73.30000305175781,73.75,565716
2016-07-25,49.892547607421875,73.80999755859375,74.29000091552734,73.76000213623047,73.80000305175781,636269
2016-07-26,49.85200119018555,73.75,73.88999938964844,73.27999877929688,73.88999938964844,902384
2016-07-27,49.88580322265625,73.80000305175781,74.3499984741211,73.48999786376953,73.83999633789062,897033
2016-07-28,50.56175231933594,74.80000305175781,75.44000244140625,74.19999694824219,74.19999694824219,1385250
2016-07-29,50.28460693359375,74.38999938964844,74.38999938964844,72.66000366210938,74.06999969482422,3474106
2016-08-01,50.41304016113281,74.58000183105469,75.0999984741211,73.7699966430664,73.7699966430664,774080
2016-08-02,50.4197998046875,74.58999633789062,74.87999725341797,73.55000305175781,73.55000305175781,802889
2016-08-03,49.67625427246094,73.48999786376953,74.25,73.12999725341797,73.72000122070312,1076342
2016-08-04,50.027748107910156,74.01000213623047,74.4800033569336,73.68000030517578,73.81999969482422,698696
2016-08-05,50.89973831176758,75.30000305175781,75.33999633789062,74.11000061035156,74.12000274658203,961105
2016-08-08,52.37331771850586,77.4800033569336,77.58000183105469,76.16999816894531,76.18000030517578,1553233
2016-08-09,52.75861740112305,78.05000305175781,78.30000305175781,77.6500015258789,77.94000244140625,1348840
2016-08-10,52.82622528076172,78.1500015258789,78.25,77.29000091552734,77.69999694824219,1247932
2016-08-11,52.18405532836914,77.19999694824219,77.91000366210938,76.77999877929688,77.5,910648
2016-08-12,52.41387939453125,77.54000091552734,78.33000183105469,77.2699966430664,77.83999633789062,1156374
2016-08-15,52.819461822509766,78.13999938964844,78.30000305175781,76.79000091552734,77.02999877929688,825482
2016-08-16,52.6234245300293,77.8499984741211,78.88999938964844,77.62999725341797,78.04000091552734,821467
2016-08-17,53.02900314331055,78.44999694824219,78.5199966430664,77.62999725341797,78.01000213623047,647799
2016-08-18,53.08984375,78.54000091552734,78.73999786376953,77.69000244140625,78.55000305175781,733270
2016-08-19,53.4683837890625,79.0999984741211,79.29000091552734,78.12999725341797,78.12999725341797,731823
2016-08-22,53.671173095703125,79.4000015258789,79.79000091552734,79.08000183105469,79.0999984741211,829147
2016-08-23,54.2119255065918,80.19999694824219,80.68000030517578,79.30000305175781,79.79000091552734,775966
2016-08-24,54.44853210449219,80.55000305175781,80.79000091552734,80.0199966430664,80.19999694824219,647478
2016-08-25,54.64454650878906,80.83999633789062,80.83999633789062,80.02999877929688,80.25,814652
2016-08-26,53.90776062011719,79.75,80.68000030517578,79.58000183105469,80.48999786376953,2179482
2016-08-29,53.51569747924805,79.16999816894531,80.22000122070312,78.68000030517578,79.80999755859375,535147
2016-08-30,54.428245544433594,80.5199966430664,80.95999908447266,79.48500061035156,79.52999877929688,1443525
2016-08-31,54.5499153137207,80.69999694824219,81.25,79.44999694824219,80.87000274658203,1270887
2016-09-01,54.948734283447266,81.29000091552734,81.66000366210938,80.12999725341797,80.5999984741211,1041872
2016-09-02,54.48908615112305,80.61000061035156,81.36000061035156,79.76000213623047,81.01000213623047,1320326
2016-09-05,55.523284912109375,82.13999938964844,82.3499984741211,80.80000305175781,80.81999969482422,978654
2016-09-06,55.57061004638672,82.20999908447266,82.47000122070312,81.5999984741211,81.62999725341797,756441
2016-09-07,56.064064025878906,82.94000244140625,83.31999969482422,81.80999755859375,81.86000061035156,1215122
2016-09-08,55.01631546020508,81.38999938964844,82.73999786376953,80.80000305175781,82.5,1148680
2016-09-09,54.3200798034668,80.36000061035156,80.62000274658203,79.73999786376953,80.61000061035156,998631
2016-09-12,52.319244384765625,77.4000015258789,78.98999786376953,76.81999969482422,78.02999877929688,1902385
2016-09-13,52.555843353271484,77.75,78.8499984741211,77.75,78.77999877929688,1320086
2016-09-14,52.91408920288086,78.27999877929688,78.87000274658203,77.5199966430664,77.61000061035156,1282741
2016-09-15,53.184471130371094,78.68000030517578,78.7699966430664,77.72000122070312,77.98999786376953,1124074
2016-09-16,55.01631546020508,81.38999938964844,81.55999755859375,79.22000122070312,79.23999786376953,1616875
2016-09-19,54.908172607421875,81.2300033569336,81.24500274658203,79.6500015258789,79.83000183105469,470870
2016-09-20,54.840572357177734,81.12999725341797,81.80999755859375,80.5,81.1500015258789,1214086
2016-09-21,55.448936462402344,82.02999877929688,82.31999969482422,80.54000091552734,80.54000091552734,878767
2016-09-22,54.5161247253418,80.6500015258789,82.5,80.6500015258789,82.30999755859375,1331592
2016-09-23,55.50978088378906,82.12000274658203,82.33999633789062,80.94999694824219,81.0,1162481
2016-09-26,55.219120025634766,81.69000244140625,82.58000183105469,81.54000091552734,82.19000244140625,834368
2016-09-27,55.88154602050781,82.66999816894531,82.66999816894531,80.5,80.69000244140625,2615248
2016-09-28,55.82070541381836,82.58000183105469,83.12999725341797,82.13999938964844,82.83000183105469,1241919
2016-09-29,56.29389190673828,83.27999877929688,83.68000030517578,82.94000244140625,83.25,1230322
2016-09-30,55.38812255859375,81.94000244140625,82.66000366210938,80.3499984741211,81.94999694824219,3752276
2016-10-03,55.61793518066406,82.27999877929688,82.93000030517578,82.0999984741211,82.0999984741211,628543
2016-10-04,55.874786376953125,82.66000366210938,82.8499984741211,81.80000305175781,81.80000305175781,640686
2016-10-05,55.597652435302734,82.25,83.25,82.12000274658203,82.55000305175781,624973
2016-10-06,56.375003814697266,83.4000015258789,83.87999725341797,82.80500030517578,82.9800033569336,1150213
2016-10-07,56.58456039428711,83.70999908447266,83.94999694824219,83.0999984741211,83.8499984741211,773647
2016-10-10,56.73326110839844,83.93000030517578,84.19000244140625,83.66000366210938,83.94000244140625,369773
2016-10-11,56.4088020324707,83.44999694824219,84.05000305175781,83.2300033569336,83.6500015258789,669386
2016-10-12,56.557518005371094,83.66999816894531,83.80000305175781,82.37999725341797,82.93000030517578,870252
2016-10-13,55.38812255859375,81.94000244140625,83.4800033569336,81.72000122070312,83.33999633789062,1051196
2016-10-14,55.394859313964844,81.94999694824219,82.44999694824219,81.36000061035156,82.0,704846
2016-10-17,55.12448501586914,81.55000305175781,82.56500244140625,81.55000305175781,81.9000015258789,683039
2016-10-18,55.38134765625,81.93000030517578,82.58999633789062,81.5199966430664,82.06999969482422,866800
2016-10-19,55.800437927246094,82.55000305175781,83.47000122070312,82.37999725341797,82.5,693685
2016-10-20,55.77340316772461,82.51000213623047,83.27999877929688,82.23999786376953,83.13999938964844,590106
2016-10-21,55.57061004638672,82.20999908447266,82.93000030517578,81.80000305175781,82.66000366210938,518606
2016-10-24,55.868038177490234,82.6500015258789,83.27999877929688,81.8550033569336,82.33000183105469,966274
2016-10-25,55.9761962890625,82.80999755859375,83.33999633789062,82.38999938964844,83.19999694824219,759145
2016-10-26,54.786502838134766,81.05000305175781,82.45999908447266,80.69000244140625,82.05000305175781,1205657
2016-10-27,54.347129821777344,80.4000015258789,81.52999877929688,80.26000213623047,80.7300033569336,850904
2016-10-28,55.26642608642578,81.76000213623047,83.28500366210938,80.38999938964844,80.4000015258789,2579517
2016-10-31,53.94155502319336,79.80000305175781,81.9800033569336,79.11000061035156,81.5,1708085
2016-11-01,53.61033630371094,79.30999755859375,79.5,78.76000213623047,79.30999755859375,698568
2016-11-02,52.58963394165039,77.80000305175781,78.8499984741211,77.51000213623047,78.5,1327091
2016-11-03,52.41387939453125,77.54000091552734,77.98999786376953,76.80999755859375,77.1500015258789,883580
2016-11-04,52.116458892822266,77.0999984741211,78.25,77.05000305175781,77.0999984741211,1255004
2016-11-07,53.657630920410156,79.37999725341797,79.54000091552734,77.66999816894531,77.98999786376953,1480108
2016-11-08,53.59531784057617,77.38999938964844,79.19999694824219,77.0199966430664,77.62000274658203,1648694
2016-11-09,51.31687545776367,74.0999984741211,78.77999877929688,71.73999786376953,78.01000213623047,2526726
2016-11-10,55.59675216674805,80.27999877929688,80.52999877929688,78.54000091552734,78.93000030517578,3437162
2016-11-11,56.76713562011719,81.97000122070312,82.08499908447266,80.0,80.4000015258789,2353256
2016-11-14,56.65632629394531,81.80999755859375,82.08000183105469,81.29000091552734,81.8499984741211,1340184
2016-11-15,56.97489929199219,82.2699966430664,82.75,81.33999633789062,81.5,1429049
2016-11-16,56.99567413330078,82.30000305175781,82.91999816894531,82.05000305175781,82.75,1139900
2016-11-17,57.3765754699707,82.8499984741211,83.0,81.44999694824219,81.44999694824219,1339750
2016-11-18,57.9721565246582,83.70999908447266,83.93000030517578,82.91999816894531,82.94999694824219,1141294
2016-11-21,57.799007415771484,83.45999908447266,83.78500366210938,82.33000183105469,82.98999786376953,905404
2016-11-22,58.089874267578125,83.87999725341797,84.16000366210938,83.5,83.5,784707
2016-11-23,58.43614196777344,84.37999725341797,84.6050033569336,83.44000244140625,83.44000244140625,1027803
2016-11-24,58.796268463134766,84.9000015258789,84.94000244140625,84.16000366210938,84.4000015258789,1125567
2016-11-25,57.979068756103516,83.72000122070312,84.83000183105469,83.48999786376953,84.5,2273061
2016-11-28,57.72977066040039,83.36000061035156,84.13999938964844,83.12999725341797,83.5,566503
2016-11-29,57.56354522705078,83.12000274658203,84.1449966430664,83.06999969482422,83.5,940414
2016-11-30,58.103721618652344,83.9000015258789,84.0999984741211,83.25,83.30000305175781,1892047
2016-12-01,58.85166931152344,84.9800033569336,84.9800033569336,83.95999908447266,84.58999633789062,1077920
2016-12-02,58.332252502441406,84.2300033569336,85.0,84.0,84.9800033569336,754333
2016-12-05,57.224212646484375,82.62999725341797,83.97000122070312,82.08000183105469,83.9000015258789,1145934
2016-12-06,57.10647964477539,82.45999908447266,84.16000366210938,82.45999908447266,83.9000015258789,1349621
2016-12-07,57.314239501953125,82.76000213623047,83.94000244140625,82.68000030517578,83.38999938964844,1039506
2016-12-08,58.117576599121094,83.91999816894531,84.31999969482422,83.31999969482422,83.48999786376953,1218732
2016-12-09,59.03171920776367,85.23999786376953,85.44000244140625,84.11000061035156,84.2300033569336,1891872
2016-12-12,59.76580810546875,86.30000305175781,86.69000244140625,85.23999786376953,85.44999694824219,997339
2016-12-13,59.43340301513672,85.81999969482422,86.44000244140625,85.38999938964844,85.80000305175781,832250
2016-12-14,60.437564849853516,87.2699966430664,87.5,86.30999755859375,86.41000366210938,1281894
2016-12-15,60.4237174987793,87.25,87.48999786376953,86.58499908447266,87.33999633789062,1682343
2016-12-16,60.62454605102539,87.54000091552734,88.22000122070312,87.38999938964844,87.76000213623047,1093147
2016-12-19,60.87386703491211,87.9000015258789,88.18000030517578,87.37999725341797,87.7300033569336,698303
2016-12-20,60.4237174987793,87.25,88.23999786376953,87.12000274658203,88.19999694824219,1017374
2016-12-21,60.077449798583984,86.75,87.9800033569336,86.7300033569336,87.25,802163
2016-12-22,60.721519470214844,87.68000030517578,87.68000030517578,86.05000305175781,86.55000305175781,835299
2016-12-23,60.20210266113281,86.93000030517578,87.69999694824219,86.81999969482422,87.01000213623047,2180738
2016-12-28,60.54838943481445,87.43000030517578,87.79000091552734,86.93000030517578,87.0,534275
2016-12-29,60.95005798339844,88.01000213623047,88.0999984741211,86.75,87.43000030517578,549142
2016-12-30,60.33369827270508,87.12000274658203,87.95999908447266,86.87000274658203,87.61000061035156,410671
2017-01-03,60.86693572998047,87.88999938964844,88.2699966430664,87.33999633789062,87.43000030517578,562804
2017-01-04,60.9985237121582,88.08000183105469,88.5,87.41000366210938,87.41000366210938,623649
2017-01-05,60.83230972290039,87.83999633789062,88.44999694824219,87.65499877929688,88.0,498270
2017-01-06,60.80461502075195,87.80000305175781,87.9800033569336,86.73999786376953,87.55000305175781,647303
2017-01-09,61.497169494628906,88.80000305175781,89.48999786376953,87.87999725341797,88.0,878412
2017-01-10,60.76306915283203,87.73999786376953,88.80000305175781,87.54000091552734,88.79000091552734,1157909
2017-01-11,60.077449798583984,86.75,88.41000366210938,86.47000122070312,88.0,893041
2017-01-12,59.80735778808594,86.36000061035156,86.7699966430664,86.0999984741211,86.26000213623047,825821
2017-01-13,59.48187255859375,85.88999938964844,86.58999633789062,85.36000061035156,86.08999633789062,614509
2017-01-16,59.689640045166016,86.19000244140625,86.76000213623047,86.05000305175781,86.1500015258789,379425
2017-01-17,58.865509033203125,85.0,85.69000244140625,84.62000274658203,85.5,1151801
2017-01-18,58.733924865722656,84.80999755859375,84.80999755859375,83.7699966430664,84.25,944555
2017-01-19,58.893218994140625,85.04000091552734,85.80000305175781,84.79000091552734,85.38999938964844,538333
2017-01-20,58.7477912902832,84.83000183105469,85.29000091552734,84.56999969482422,84.76000213623047,618350
2017-01-23,58.07603073120117,83.86000061035156,85.58999633789062,83.70500183105469,85.12000274658203,946535
2017-01-24,57.98598861694336,83.7300033569336,84.43000030517578,83.62000274658203,83.9800033569336,1084887
2017-01-25,58.276859283447266,84.1500015258789,85.23999786376953,83.97000122070312,84.70999908447266,2492389
2017-01-27,59.39876174926758,85.7699966430664,85.97000122070312,84.72000122070312,85.0,589958
2017-01-30,58.5123291015625,84.48999786376953,85.91999816894531,84.0999984741211,85.48999786376953,579820
2017-01-31,58.588504791259766,84.5999984741211,84.88999938964844,83.79000091552734,84.0,677578
2017-02-01,58.61620330810547,84.63999938964844,84.77999877929688,83.58000183105469,83.80999755859375,598806
2017-02-02,58.117576599121094,83.91999816894531,84.91000366210938,83.61000061035156,84.91000366210938,638962
2017-02-03,57.83363342285156,83.51000213623047,84.33999633789062,83.38999938964844,83.69999694824219,488832
2017-02-06,58.131431579589844,83.94000244140625,85.24500274658203,83.80999755859375,84.62999725341797,712249
2017-02-07,57.30729675292969,82.75,82.81999969482422,81.0999984741211,82.45999908447266,1431756
2017-02-08,57.9721565246582,83.70999908447266,83.91999816894531,82.30999755859375,82.5,800572
2017-02-09,57.889034271240234,83.58999633789062,83.94000244140625,82.98999786376953,83.33000183105469,619605
2017-02-10,58.9278450012207,85.08999633789062,85.91999816894531,84.55999755859375,85.08999633789062,886451
2017-02-13,59.253326416015625,85.55999755859375,85.58000183105469,84.87000274658203,85.19999694824219,1134761
2017-02-14,59.440330505371094,85.83000183105469,86.5,85.69000244140625,86.0,756938
2017-02-15,60.673038482666016,87.61000061035156,87.70999908447266,86.0999984741211,86.19999694824219,1298096
2017-02-16,61.074710845947266,88.19000244140625,88.31999969482422,87.55000305175781,88.0,995740
2017-02-17,60.29213333129883,87.05999755859375,88.38999938964844,86.80999755859375,87.98999786376953,789167
2017-02-20,60.49296951293945,87.3499984741211,87.38999938964844,86.54000091552734,86.9000015258789,677982
2017-02-21,60.16748046875,86.87999725341797,87.33999633789062,86.51000213623047,87.0,893030
2017-02-22,60.2159538269043,86.94999694824219,87.43000030517578,86.69000244140625,87.43000030517578,593818
2017-02-23,60.229820251464844,86.97000122070312,87.30999755859375,86.4800033569336,86.63999938964844,586478
2017-02-24,59.7727165222168,86.30999755859375,87.16999816894531,85.86000061035156,87.0,2487772
2017-02-27,60.05667495727539,86.72000122070312,87.0999984741211,85.88999938964844,86.0199966430664,703481
2017-02-28,60.008201599121094,86.6500015258789,87.55000305175781,86.3499984741211,86.76000213623047,821969
2017-03-01,60.001285552978516,86.63999938964844,87.0199966430664,86.0,86.5999984741211,724302
2017-03-02,60.901573181152344,87.94000244140625,88.5199966430664,87.76000213623047,87.97000122070312,798777
2017-03-03,60.74922180175781,87.72000122070312,87.79000091552734,86.44999694824219,87.02999877929688,661993
2017-03-06,60.472198486328125,87.31999969482422,87.79000091552734,86.69999694824219,87.76000213623047,350564
2017-03-07,60.375244140625,87.18000030517578,87.80999755859375,86.69999694824219,87.23999786376953,681791
2017-03-08,60.52067184448242,87.38999938964844,87.38999938964844,86.69999694824219,86.69999694824219,528278
2017-03-09,60.437564849853516,87.2699966430664,87.5999984741211,86.9800033569336,87.11000061035156,430947
2017-03-10,61.60102081298828,88.94999694824219,89.4000015258789,87.5199966430664,87.80000305175781,817584
2017-03-13,61.92652893066406,89.41999816894531,89.87999725341797,88.80000305175781,88.94999694824219,834944
2017-03-14,61.635658264160156,89.0,89.80000305175781,88.54000091552734,89.41999816894531,706633
2017-03-15,61.774147033691406,89.19999694824219,89.19999694824219,88.30000305175781,88.5,640579
2017-03-16,61.116249084472656,88.25,89.12000274658203,87.66999816894531,88.93000030517578,1819728
2017-03-17,61.56639862060547,88.9000015258789,89.16000366210938,87.5,88.06999969482422,797128
2017-03-20,61.33787155151367,88.56999969482422,89.0,88.20999908447266,88.20999908447266,354057
2017-03-21,61.358642578125,88.5999984741211,88.76000213623047,87.69000244140625,88.62999725341797,719732
2017-03-22,59.86277389526367,86.44000244140625,87.52999877929688,85.93000030517578,87.19999694824219,1108885
2017-03-23,60.14670944213867,86.8499984741211,87.29000091552734,86.5199966430664,87.0,1184711
2017-03-24,60.96389389038086,88.02999877929688,88.33999633789062,87.02999877929688,87.02999877929688,614947
2017-03-27,60.499900817871094,87.36000061035156,87.5999984741211,86.62999725341797,87.0999984741211,681214
2017-03-28,61.01237487792969,88.0999984741211,88.6500015258789,87.6500015258789,87.98999786376953,758857
2017-03-29,61.80880355834961,89.25,89.55999755859375,88.54000091552734,88.7699966430664,967144
2017-03-30,62.36282730102539,90.05000305175781,90.31500244140625,89.36000061035156,89.9000015258789,714731
2017-03-31,62.466697692871094,90.19999694824219,90.93000030517578,89.87999725341797,90.0,2003435
2017-04-03,62.05118942260742,89.5999984741211,90.5999984741211,89.44000244140625,89.91999816894531,631582
2017-04-04,61.4625244140625,88.75,89.54000091552734,88.37000274658203,89.19999694824219,642815
2017-04-05,61.614891052246094,88.97000122070312,89.30999755859375,88.24500274658203,89.1500015258789,692669
2017-04-06,60.94313430786133,88.0,88.55000305175781,87.83000183105469,88.19999694824219,577254
2017-04-07,60.89464569091797,87.93000030517578,88.75,87.30999755859375,88.58999633789062,537711
2017-04-10,61.427894592285156,88.69999694824219,88.97000122070312,88.19999694824219,88.5,574185
2017-04-11,61.87804412841797,89.3499984741211,89.5999984741211,88.51000213623047,88.6500015258789,585692
2017-04-12,61.37943649291992,88.62999725341797,89.54000091552734,88.16000366210938,89.44999694824219,1252445
2017-04-13,60.87386703491211,87.9000015258789,88.48999786376953,87.16000366210938,88.08999633789062,803568
2017-04-18,60.354488372802734,87.1500015258789,87.86000061035156,86.3550033569336,87.6500015258789,1288791
2017-04-19,60.001285552978516,86.63999938964844,87.06999969482422,86.1500015258789,86.9000015258789,965634
2017-04-20,60.160560607910156,86.87000274658203,87.48999786376953,86.7699966430664,87.0,640266
2017-04-21,60.75613021850586,87.7300033569336,87.79000091552734,87.02999877929688,87.19999694824219,730810
2017-04-24,61.70491027832031,89.0999984741211,89.19999694824219,87.83999633789062,88.16000366210938,994784
2017-04-26,63.283897399902344,91.37999725341797,92.05000305175781,90.0,90.1500015258789,1629219
2017-04-27,63.907169342041016,92.27999877929688,92.47000122070312,91.27999877929688,91.37999725341797,1168495
2017-04-28,64.40579223632812,93.0,93.16999816894531,92.12000274658203,92.5,2950701
2017-05-01,65.16065216064453,94.08999633789062,94.3499984741211,93.0,93.16999816894531,947081
2017-05-02,64.19804382324219,92.69999694824219,94.75,92.54000091552734,94.5,1100483
2017-05-03,63.394691467285156,91.54000091552734,93.0999984741211,91.41999816894531,92.05000305175781,1107496
2017-05-04,63.657859802246094,91.91999816894531,92.22000122070312,90.33000183105469,91.94000244140625,1048424
2017-05-05,65.71468353271484,94.88999938964844,96.0199966430664,94.8499984741211,95.58000183105469,2191790
2017-05-08,65.32687377929688,94.33000183105469,96.37000274658203,94.2699966430664,96.0,1754555
2017-05-09,64.03182983398438,92.45999908447266,93.69000244140625,91.76000213623047,93.0999984741211,1555535
2017-05-10,63.671714782714844,91.94000244140625,92.69000244140625,90.30999755859375,90.31999969482422,1706404
2017-05-11,64.82130432128906,93.5999984741211,93.91999816894531,92.47000122070312,92.47000122070312,1347712
2017-05-12,64.14955139160156,92.62999725341797,93.48999786376953,91.77999877929688,92.98999786376953,878634
2017-05-15,63.60245132446289,91.83999633789062,92.76000213623047,91.12000274658203,92.0,1196843
2017-05-16,64.23818969726562,89.93000030517578,91.12000274658203,89.68499755859375,90.27999877929688,2788041
2017-05-17,63.431026458740234,88.80000305175781,89.80000305175781,88.45999908447266,89.63999938964844,1374085
2017-05-18,62.6595573425293,87.72000122070312,87.86000061035156,86.68000030517578,87.58999633789062,1896484
2017-05-19,62.702415466308594,87.77999877929688,88.13999938964844,87.25,87.58999633789062,867026
2017-05-22,63.32389450073242,88.6500015258789,89.08999633789062,88.45999908447266,88.58000183105469,927813
2017-05-23,62.98815155029297,88.18000030517578,89.72000122070312,87.9000015258789,88.91000366210938,930149
2017-05-24,63.46671676635742,88.8499984741211,89.4800033569336,88.5199966430664,89.4800033569336,900869
2017-05-25,63.431026458740234,88.80000305175781,89.36000061035156,88.08000183105469,89.19999694824219,965440
2017-05-26,63.4453125,88.81999969482422,89.08000183105469,88.25,88.88999938964844,2389749
2017-05-29,62.68099594116211,87.75,89.0,87.31999969482422,89.0,929755
2017-05-30,63.173885345458984,88.44000244140625,89.0199966430664,87.19999694824219,87.70999908447266,877949
2017-05-31,64.0381851196289,89.6500015258789,90.19000244140625,88.54000091552734,89.0999984741211,3961769
2017-06-01,63.87388229370117,89.41999816894531,90.06999969482422,88.91999816894531,89.66999816894531,1103104
2017-06-02,64.26676177978516,89.97000122070312,91.19000244140625,89.86499786376953,90.87000274658203,1209414
2017-06-05,63.00243377685547,88.19999694824219,89.9000015258789,87.50499725341797,89.5199966430664,1600398
2017-06-06,61.559513092041016,86.18000030517578,87.80000305175781,86.08000183105469,87.75,2067046
2017-06-07,61.966678619384766,86.75,87.33000183105469,86.3499984741211,86.66999816894531,915413
2017-06-08,62.20240020751953,87.08000183105469,87.29000091552734,86.05000305175781,86.75,663329
2017-06-09,61.79523849487305,86.51000213623047,87.05999755859375,86.16000366210938,86.44000244140625,1081985
2017-06-13,63.502464294433594,88.9000015258789,88.9000015258789,86.47000122070312,87.01000213623047,1716731
2017-06-14,64.50250244140625,90.30000305175781,90.45999908447266,89.19999694824219,89.23999786376953,1502642
2017-06-15,64.17389678955078,89.83999633789062,90.55000305175781,89.3499984741211,90.16000366210938,2189298
2017-06-16,64.53821563720703,90.3499984741211,90.83999633789062,90.01000213623047,90.16999816894531,862011
2017-06-19,65.01679992675781,91.0199966430664,91.38999938964844,90.29000091552734,90.29000091552734,622964
2017-06-20,64.50962829589844,90.30999755859375,91.44999694824219,90.22000122070312,91.4000015258789,798984
2017-06-21,63.738189697265625,89.2300033569336,89.56999969482422,88.63999938964844,89.41999816894531,875217
2017-06-22,64.43106842041016,90.19999694824219,90.69999694824219,89.4800033569336,89.70999908447266,846648
2017-06-23,63.85960388183594,89.4000015258789,90.26000213623047,88.63999938964844,90.19999694824219,773908
2017-06-26,63.83818435668945,89.37000274658203,90.19999694824219,89.16999816894531,89.44999694824219,444775
2017-06-27,63.22388458251953,88.51000213623047,89.55000305175781,88.2699966430664,89.43000030517578,903820
2017-06-28,62.859580993652344,88.0,88.83999633789062,87.54000091552734,88.33999633789062,1114730
2017-06-29,64.21676635742188,89.9000015258789,90.0,89.26000213623047,89.98999786376953,1236371
2017-06-30,63.216739654541016,88.5,89.16000366210938,87.8499984741211,89.1500015258789,2221411
2017-07-03,63.07386016845703,88.30000305175781,89.06999969482422,88.02999877929688,88.45999908447266,629217
2017-07-04,64.109619140625,89.75,90.13999938964844,89.31999969482422,89.38999938964844,698238
2017-07-05,63.6953125,89.16999816894531,89.75,88.9000015258789,89.43000030517578,673084
2017-07-06,63.973899841308594,89.55999755859375,89.95999908447266,88.91000366210938,89.56999969482422,643082
2017-07-07,62.895294189453125,88.05000305175781,88.5999984741211,87.5199966430664,88.3499984741211,1247904
2017-07-10,62.709564208984375,87.79000091552734,88.55999755859375,87.6500015258789,88.33999633789062,780973
2017-07-11,63.373870849609375,88.72000122070312,88.80000305175781,87.62000274658203,87.80000305175781,877292
2017-07-12,62.53098678588867,87.54000091552734,88.62000274658203,87.1500015258789,88.20999908447266,926292
2017-07-13,62.60957717895508,87.6500015258789,88.27999877929688,87.36000061035156,88.11000061035156,694860
2017-07-14,62.859580993652344,88.0,88.55000305175781,87.56999969482422,88.19999694824219,636002
2017-07-17,62.909568786621094,88.06999969482422,88.30999755859375,87.52999877929688,87.75,346787
2017-07-18,62.03095245361328,86.83999633789062,88.0,86.56999969482422,88.0,1268789
2017-07-19,62.23811721801758,87.12999725341797,87.83000183105469,86.87000274658203,87.69000244140625,1132625
2017-07-20,61.50236892700195,86.0999984741211,87.45999908447266,85.86000061035156,87.45999908447266,1435009
2017-07-21,61.07378387451172,85.5,86.11499786376953,84.7300033569336,85.5999984741211,1021821
2017-07-24,60.48091125488281,84.66999816894531,85.1500015258789,84.23999786376953,85.0,781075
2017-07-25,61.188087463378906,85.66000366210938,86.11000061035156,85.22000122070312,85.47000122070312,678841
2017-07-26,61.66666030883789,86.33000183105469,86.83999633789062,86.1500015258789,86.33999633789062,679385
2017-07-27,62.40956115722656,87.37000274658203,87.87000274658203,86.05000305175781,86.55000305175781,1146471
2017-07-28,60.752349853515625,85.05000305175781,86.62000274658203,84.93000030517578,86.55000305175781,2214750
2017-07-31,61.309513092041016,85.83000183105469,85.9800033569336,85.0,85.0,952840
2017-08-01,62.01668930053711,86.81999969482422,86.8499984741211,85.55000305175781,85.70999908447266,865098
2017-08-02,61.480953216552734,86.06999969482422,87.0199966430664,85.87999725341797,86.9800033569336,559286
2017-08-03,61.538082122802734,86.1500015258789,86.27999877929688,85.41999816894531,85.75,453449
2017-08-04,61.66666030883789,86.33000183105469,87.25,85.62999725341797,85.70999908447266,670521
2017-08-07,62.1309700012207,86.9800033569336,87.30000305175781,86.69999694824219,86.9800033569336,354319
2017-08-08,61.85238265991211,86.58999633789062,87.27999877929688,85.75,87.27999877929688,686932
2017-08-09,62.045257568359375,86.86000061035156,87.25,86.33999633789062,86.33999633789062,612164
2017-08-10,62.03095245361328,86.83999633789062,87.45999908447266,86.58999633789062,86.98999786376953,485511
2017-08-11,61.68809127807617,86.36000061035156,86.43000030517578,85.30000305175781,85.41999816894531,942956
2017-08-14,62.39527130126953,87.3499984741211,87.5,86.30999755859375,86.72000122070312,599018
2017-08-15,62.688140869140625,87.76000213623047,88.23999786376953,87.4800033569336,87.5,682720
2017-08-16,63.3095817565918,88.62999725341797,88.69000244140625,87.87999725341797,87.91999816894531,729021
2017-08-17,63.352447509765625,88.69000244140625,89.3499984741211,87.91999816894531,89.0,996315
2017-08-18,62.423831939697266,87.38999938964844,87.7699966430664,86.5999984741211,87.30000305175781,1087809
2017-08-21,62.488121032714844,87.4800033569336,87.63999938964844,86.80000305175781,87.4000015258789,585723
2017-08-22,62.83101272583008,87.95999908447266,88.44000244140625,87.48999786376953,87.5999984741211,790100
2017-08-23,62.88100051879883,88.02999877929688,88.69000244140625,87.68000030517578,88.5,542583
2017-08-24,62.59526824951172,87.62999725341797,88.11000061035156,87.5,87.54000091552734,728591
2017-08-25,62.84530258178711,87.9800033569336,88.21499633789062,87.0,87.58000183105469,1240755
2017-08-28,62.85242462158203,87.98999786376953,88.5,87.5,88.11000061035156,500909
2017-08-29,61.5238037109375,86.12999725341797,87.0999984741211,85.33999633789062,87.0999984741211,1175585
2017-08-30,61.54524230957031,86.16000366210938,86.9000015258789,86.01000213623047,86.29000091552734,564034
2017-08-31,62.00239944458008,86.80000305175781,86.91999816894531,86.31999969482422,86.75,724021
2017-09-01,62.00953674316406,86.80999755859375,87.48999786376953,86.12999725341797,87.0199966430664,379966
2017-09-04,61.71666717529297,86.4000015258789,86.66000366210938,85.83000183105469,86.43000030517578,447602
2017-09-05,61.39522171020508,85.94999694824219,86.4000015258789,84.69999694824219,86.1500015258789,1062818
2017-09-06,60.002323150634766,84.0,84.62999725341797,83.55000305175781,84.01000213623047,1562707
2017-09-07,59.416587829589844,83.18000030517578,84.68000030517578,83.0199966430664,84.29000091552734,1304374
2017-09-08,59.073707580566406,82.69999694824219,83.93000030517578,82.27999877929688,83.30000305175781,958321
2017-09-11,60.82377624511719,85.1500015258789,85.6500015258789,84.05000305175781,85.0999984741211,1319075
2017-09-12,62.21669387817383,87.0999984741211,87.87000274658203,86.76000213623047,86.79000091552734,1751104
2017-09-13,62.452415466308594,87.43000030517578,88.44999694824219,87.41999816894531,88.02999877929688,881254
2017-09-14,63.173885345458984,88.44000244140625,88.44000244140625,87.2300033569336,87.5,845185
2017-09-15,62.509552001953125,87.51000213623047,88.58999633789062,87.51000213623047,88.12999725341797,2602291
2017-09-18,62.98815155029297,88.18000030517578,88.91000366210938,88.05999755859375,88.33000183105469,754756
2017-09-19,63.22388458251953,88.51000213623047,88.93000030517578,88.12999725341797,88.80000305175781,800466
2017-09-20,63.166725158691406,88.43000030517578,88.56999969482422,87.87000274658203,88.37999725341797,586244
2017-09-21,62.8095588684082,87.93000030517578,88.87999725341797,87.41999816894531,88.20999908447266,996326
2017-09-22,63.31671905517578,88.63999938964844,88.83000183105469,87.81999969482422,88.5,552103
2017-09-25,63.673892974853516,89.13999938964844,89.52999877929688,89.08999633789062,89.19999694824219,686385
2017-09-26,63.666748046875,89.12999725341797,89.44999694824219,88.83000183105469,89.4000015258789,547487
2017-09-27,63.516746520996094,88.91999816894531,89.4000015258789,88.68000030517578,89.38999938964844,509808
2017-09-28,64.96678924560547,90.94999694824219,90.99500274658203,89.7300033569336,89.73999786376953,2186074
2017-09-29,64.94537353515625,90.91999816894531,91.37000274658203,90.33000183105469,91.0,2335477
2017-10-02,65.40253448486328,91.55999755859375,92.0999984741211,90.9800033569336,91.20999908447266,583380
2017-10-03,66.04541015625,92.45999908447266,92.83999633789062,92.0999984741211,92.0999984741211,980468
2017-10-04,65.6739730834961,91.94000244140625,92.26000213623047,91.55000305175781,92.0,675420
2017-10-05,65.5596694946289,91.77999877929688,92.5199966430664,91.7699966430664,92.0,466970
2017-10-06,66.44542694091797,93.0199966430664,93.3499984741211,92.62999725341797,93.16999816894531,869650
2017-10-09,66.13114166259766,92.58000183105469,93.1500015258789,92.54499816894531,92.80999755859375,545755
2017-10-10,66.04541015625,92.45999908447266,93.16000366210938,92.2699966430664,92.47000122070312,517793
2017-10-11,66.39542388916016,92.94999694824219,93.26000213623047,92.33999633789062,92.33999633789062,425971
2017-10-12,66.53829193115234,93.1500015258789,93.44999694824219,92.73999786376953,93.19000244140625,834377
2017-10-13,66.28113555908203,92.79000091552734,93.44999694824219,92.3499984741211,93.20999908447266,546590
2017-10-16,66.15255737304688,92.61000061035156,93.26000213623047,92.61000061035156,92.79000091552734,594182
2017-10-17,66.35970306396484,92.9000015258789,93.20999908447266,92.76000213623047,92.8499984741211,582352
2017-10-18,66.38111877441406,92.93000030517578,93.25,92.66999816894531,93.12000274658203,555744
2017-10-19,66.94544982910156,93.72000122070312,93.98999786376953,93.5,93.69000244140625,844358
2017-10-20,67.04544830322266,93.86000061035156,94.0,93.1500015258789,93.33999633789062,583640
2017-10-23,67.00259399414062,93.80000305175781,94.5,93.77999877929688,94.0999984741211,483597
2017-10-24,66.7883071899414,93.5,94.05999755859375,93.30000305175781,93.80000305175781,695718
2017-10-25,67.03829956054688,93.8499984741211,94.0999984741211,93.4749984741211,94.0,1126990
2017-10-26,67.30259704589844,94.22000122070312,94.38999938964844,93.5999984741211,94.0,715757
2017-10-27,69.93841552734375,97.91000366210938,98.27999877929688,96.52999877929688,98.0,2902626
2017-10-30,70.60273742675781,98.83999633789062,99.37999725341797,98.44000244140625,98.5,1263761
2017-10-31,70.2527084350586,98.3499984741211,98.91000366210938,98.19999694824219,98.80000305175781,767764
2017-11-01,70.2527084350586,98.3499984741211,98.8499984741211,97.26000213623047,98.0,882953
2017-11-02,70.99559783935547,99.38999938964844,99.38999938964844,97.80999755859375,98.4800033569336,1035467
2017-11-03,70.83843994140625,99.16999816894531,99.75,99.0,99.62999725341797,836822
2017-11-06,71.00273895263672,99.4000015258789,99.5,98.94000244140625,99.18000030517578,704526
2017-11-07,71.42577362060547,97.93000030517578,98.5,97.66999816894531,98.08999633789062,3345428
2017-11-08,70.9225082397461,97.23999786376953,97.91999816894531,97.0,97.18000030517578,671352
2017-11-09,71.29449462890625,97.75,97.80000305175781,96.68000030517578,97.4000015258789,837796
2017-11-10,71.4330825805664,97.94000244140625,97.94000244140625,97.37999725341797,97.73999786376953,442678
2017-11-13,71.71021270751953,98.31999969482422,98.62000274658203,97.77999877929688,97.97000122070312,551807
2017-11-14,71.32366180419922,97.79000091552734,98.3550033569336,97.68000030517578,97.91000366210938,436692
2017-11-15,71.76856994628906,98.4000015258789,98.76000213623047,97.98999786376953,98.4000015258789,833207
2017-11-16,71.46952819824219,97.98999786376953,98.43000030517578,97.62999725341797,98.4000015258789,661569
2017-11-17,72.16970825195312,98.94999694824219,99.36000061035156,97.9000015258789,97.9000015258789,813500
2017-11-20,71.78315734863281,98.41999816894531,98.70999908447266,98.02999877929688,98.18000030517578,562514
2017-11-21,72.54168701171875,99.45999908447266,99.51000213623047,98.08999633789062,98.4000015258789,767083
2017-11-22,72.57085418701172,99.5,99.70999908447266,98.80999755859375,98.95999908447266,943959
2017-11-23,72.6948471069336,99.66999816894531,99.94000244140625,98.66999816894531,98.69999694824219,597360
2017-11-24,72.45416259765625,99.33999633789062,99.87000274658203,98.80999755859375,99.2699966430664,1754489
2017-11-27,73.08140563964844,100.19999694824219,100.3499984741211,99.4000015258789,99.5,650885
2017-11-28,72.57085418701172,99.5,101.06500244140625,99.4000015258789,100.83000183105469,1183461
2017-11-29,72.76777648925781,99.7699966430664,101.12000274658203,99.5199966430664,100.79000091552734,922407
2017-11-30,71.64457702636719,98.2300033569336,99.58999633789062,98.2300033569336,99.44999694824219,2246658
2017-12-01,71.62268829345703,98.19999694824219,99.05500030517578,98.11000061035156,98.80000305175781,901581
2017-12-04,71.07568359375,97.44999694824219,98.30000305175781,97.0199966430664,98.04000091552734,1106275
2017-12-05,70.15670013427734,96.19000244140625,96.98999786376953,96.12000274658203,96.80000305175781,1317332
2017-12-06,70.01082611083984,95.98999786376953,96.52999877929688,95.48999786376953,96.06999969482422,987235
2017-12-07,70.59429931640625,96.79000091552734,97.08999633789062,95.76000213623047,95.76000213623047,802489
2017-12-08,71.95091247558594,98.6500015258789,98.7300033569336,97.06999969482422,97.48999786376953,836988
2017-12-11,71.40390014648438,97.9000015258789,99.0,97.33000183105469,99.0,696468
2017-12-12,71.72482299804688,98.33999633789062,98.62000274658203,97.8499984741211,98.5,574364
2017-12-13,71.47681427001953,98.0,98.58999633789062,97.94999694824219,98.5,676300
2017-12-14,71.0392074584961,97.4000015258789,98.05000305175781,97.37999725341797,97.66999816894531,822745
2017-12-15,70.65994262695312,96.87999725341797,97.5,96.55999755859375,97.27999877929688,773869
2017-12-18,71.98736572265625,98.69999694824219,98.77999877929688,97.3499984741211,97.4800033569336,1615505
2017-12-19,72.65837860107422,99.62000274658203,99.91000366210938,99.2699966430664,99.3499984741211,878686
2017-12-20,73.0011978149414,100.08999633789062,100.22000122070312,99.61000061035156,99.66000366210938,807219
2017-12-21,73.05223846435547,100.16000366210938,100.6500015258789,99.94000244140625,100.08999633789062,1289711
2017-12-22,72.88448333740234,99.93000030517578,100.5,99.83000183105469,100.37999725341797,2434212
2017-12-27,72.65108489990234,99.61000061035156,99.98999786376953,99.5,99.98999786376953,276251
2017-12-28,72.527099609375,99.44000244140625,99.8499984741211,99.01000213623047,99.8499984741211,235341
2017-12-29,72.6656723022461,99.62999725341797,99.88999938964844,98.7300033569336,99.75,463485
2018-01-02,72.24263763427734,99.05000305175781,99.5,98.5199966430664,99.25,376505
2018-01-03,72.08219909667969,98.83000183105469,99.25,98.80000305175781,99.0,411003
2018-01-04,72.78965759277344,99.80000305175781,99.80000305175781,99.05999755859375,99.5,678219
2018-01-05,73.9128646850586,101.33999633789062,101.33999633789062,99.9000015258789,99.94999694824219,730481
2018-01-08,74.37965393066406,101.9800033569336,102.05000305175781,101.43000030517578,101.5,464544
2018-01-09,74.40882110595703,102.0199966430664,102.5,101.56999969482422,102.26000213623047,777613
2018-01-10,74.34320068359375,101.93000030517578,103.0,101.81999969482422,102.12000274658203,577052
2018-01-11,73.76701354980469,101.13999938964844,102.08000183105469,100.80999755859375,101.93000030517578,460022
2018-01-12,74.0076904296875,101.47000122070312,102.43000030517578,101.33999633789062,101.4800033569336,520010
2018-01-15,73.65760803222656,100.98999786376953,102.23999786376953,100.87999725341797,102.0,439583
2018-01-16,73.63571166992188,100.95999908447266,101.4800033569336,100.37999725341797,100.55999755859375,515049
2018-01-17,74.39425659179688,102.0,102.38999938964844,100.5999984741211,100.66000366210938,808002
2018-01-18,74.5036392211914,102.1500015258789,102.98999786376953,102.0,102.98999786376953,593168
2018-01-19,74.42342376708984,102.04000091552734,102.81999969482422,101.80000305175781,102.11000061035156,455321
2018-01-22,74.10977935791016,101.61000061035156,102.63999938964844,101.5199966430664,102.51000213623047,388855
2018-01-23,74.91938781738281,102.72000122070312,102.7300033569336,101.87000274658203,102.16999816894531,532308
2018-01-24,76.14468383789062,104.4000015258789,104.7699966430664,102.7699966430664,103.0,1113759
2018-01-25,76.55313110351562,104.95999908447266,105.06999969482422,104.06999969482422,104.23999786376953,2492997
2018-01-29,76.7136001586914,105.18000030517578,105.54000091552734,104.70999908447266,105.12999725341797,816280
2018-01-30,75.47370147705078,103.4800033569336,105.12999725341797,103.36499786376953,104.52999877929688,832555
2018-01-31,75.21839904785156,103.12999725341797,103.33000183105469,102.0199966430664,102.4800033569336,1029265
2018-02-01,75.64142608642578,103.70999908447266,103.9800033569336,103.29000091552734,103.7300033569336,793371
2018-02-02,76.57500457763672,104.98999786376953,104.98999786376953,103.0199966430664,104.0,591277
2018-02-05,75.38615417480469,103.36000061035156,104.19000244140625,103.0,103.0,788736
2018-02-06,71.38929748535156,97.87999725341797,100.25,96.81999969482422,100.08000183105469,2536020
2018-02-07,74.19731903076172,101.7300033569336,102.80000305175781,100.25,102.0,2011065
2018-02-08,75.18195343017578,103.08000183105469,103.08000183105469,100.86000061035156,101.0999984741211,946737
2018-02-09,73.32209777832031,100.52999877929688,101.86000061035156,99.51000213623047,101.80000305175781,1221288
2018-02-12,73.84722137451172,101.25,101.58000183105469,99.26000213623047,99.9000015258789,784675
2018-02-13,74.68598175048828,102.4000015258789,103.05000305175781,101.37000274658203,102.0,840090
2018-02-14,74.46717834472656,102.0999984741211,102.93000030517578,101.62000274658203,102.80999755859375,435246
2018-02-15,75.41532897949219,103.4000015258789,103.5999984741211,102.30000305175781,103.0,683843
2018-02-16,75.16007232666016,103.05000305175781,104.23999786376953,103.05000305175781,103.80000305175781,440557
2018-02-19,75.53203582763672,103.55999755859375,104.0,103.22000122070312,103.5999984741211,1600832
2018-02-20,75.37887573242188,103.3499984741211,104.1500015258789,103.0199966430664,103.0199966430664,456695
2018-02-21,75.08712768554688,102.94999694824219,103.33999633789062,102.62000274658203,103.0,621992
2018-02-22,74.91938781738281,102.72000122070312,103.58000183105469,102.72000122070312,103.25,507719
2018-02-23,74.37238311767578,101.97000122070312,102.72000122070312,100.81500244140625,102.0199966430664,1919108
2018-02-26,74.75891876220703,102.5,102.98999786376953,101.93000030517578,102.62999725341797,498771
2018-02-27,75.55391693115234,103.58999633789062,104.3499984741211,102.98999786376953,103.5,654081
2018-02-28,75.59767150878906,103.6500015258789,104.83999633789062,103.51000213623047,103.91999816894531,696390
2018-03-01,75.07254791259766,102.93000030517578,104.4800033569336,102.58000183105469,103.81999969482422,819706
2018-03-02,74.85372924804688,102.62999725341797,103.27999877929688,101.56999969482422,102.83999633789062,990525
2018-03-05,74.5036392211914,102.1500015258789,103.1500015258789,101.7699966430664,103.0199966430664,363899
2018-03-06,75.53934478759766,103.56999969482422,104.0,103.41000366210938,104.0,670878
2018-03-07,74.5036392211914,102.1500015258789,103.20999908447266,101.69000244140625,102.87000274658203,663525
2018-03-08,75.86754608154297,104.0199966430664,104.33999633789062,102.69999694824219,102.98999786376953,1323258
2018-03-09,76.91781616210938,105.45999908447266,105.94999694824219,103.90499877929688,104.58999633789062,777785
2018-03-12,77.76388549804688,106.62000274658203,107.68000030517578,106.41000366210938,107.54000091552734,751920
2018-03-13,77.74927520751953,106.5999984741211,106.98999786376953,105.80000305175781,106.0,863535
2018-03-14,77.07827758789062,105.68000030517578,106.50499725341797,105.47000122070312,106.48999786376953,476609
2018-03-15,77.19496154785156,105.83999633789062,106.33999633789062,105.08000183105469,106.22000122070312,969403
2018-03-16,76.5093765258789,104.9000015258789,106.16000366210938,104.23999786376953,105.66999816894531,923627
2018-03-19,76.86676025390625,105.38999938964844,105.9800033569336,105.13999938964844,105.80000305175781,487472
2018-03-20,76.60418701171875,105.02999877929688,105.43000030517578,104.62999725341797,105.02999877929688,422333
2018-03-21,77.173095703125,105.80999755859375,106.11000061035156,105.5,105.58000183105469,479023
2018-03-22,77.81493377685547,106.69000244140625,106.83999633789062,105.23999786376953,105.5,864431
2018-03-23,75.83836364746094,103.9800033569336,105.0,103.5999984741211,105.0,912702
2018-03-26,75.04336547851562,102.88999938964844,104.59500122070312,102.51000213623047,103.43000030517578,835938
2018-03-27,75.92589569091797,104.0999984741211,104.61499786376953,103.55000305175781,104.5,750430
2018-03-28,74.98501586914062,102.80999755859375,103.9000015258789,102.54000091552734,103.5999984741211,669804
2018-03-29,75.05066680908203,102.9000015258789,103.66000366210938,102.58000183105469,103.0,2811068
2018-04-03,74.45259094238281,102.08000183105469,102.63999938964844,101.25,102.0,654488
2018-04-04,73.60655212402344,100.91999816894531,102.08000183105469,100.80000305175781,101.75,801837
2018-04-05,73.53359985351562,100.81999969482422,101.87000274658203,100.68000030517578,101.75,1027213
2018-04-06,73.92015838623047,101.3499984741211,101.69000244140625,100.69999694824219,100.8499984741211,584582
2018-04-09,74.10250091552734,101.5999984741211,102.16000366210938,100.5999984741211,100.88999938964844,451034
2018-04-10,75.1892318725586,103.08999633789062,103.25,101.26000213623047,101.55000305175781,616851
2018-04-11,75.69978332519531,103.79000091552734,104.13999938964844,103.05999755859375,103.2300033569336,586577
2018-04-12,75.38615417480469,103.36000061035156,104.22000122070312,102.95999908447266,103.97000122070312,562039
2018-04-13,76.00611114501953,104.20999908447266,104.5999984741211,103.66999816894531,104.19999694824219,430032
2018-04-16,76.24679565429688,104.54000091552734,104.80999755859375,103.66999816894531,104.45999908447266,386092
2018-04-17,76.08634185791016,104.31999969482422,105.33999633789062,104.31999969482422,104.98999786376953,477394
2018-04-18,76.39996337890625,104.75,105.0,103.80000305175781,104.37999725341797,535164
2018-04-19,76.18116760253906,104.44999694824219,105.25,104.2300033569336,105.25,733581
2018-04-20,76.43644714355469,104.80000305175781,105.19000244140625,104.25,104.44000244140625,323203
2018-04-23,76.96155548095703,105.5199966430664,105.79000091552734,105.0,105.1500015258789,453269
2018-04-24,77.22412872314453,105.87999725341797,106.30000305175781,105.52999877929688,105.75,506795
2018-04-26,76.88864135742188,105.41999816894531,106.16999816894531,105.1500015258789,106.0,924587
2018-04-27,78.84332275390625,108.0999984741211,108.45999908447266,105.80999755859375,105.80999755859375,1974833
2018-04-30,79.27362060546875,108.69000244140625,109.4800033569336,108.16000366210938,108.73999786376953,760978
2018-05-01,78.566162109375,107.72000122070312,108.77999877929688,106.30999755859375,108.5,808851
2018-05-02,78.01914978027344,106.97000122070312,107.98999786376953,106.18000030517578,107.88999938964844,1303886
2018-05-03,78.5880355834961,107.75,107.86000061035156,106.19999694824219,107.68000030517578,815885
2018-05-04,78.7776870727539,108.01000213623047,110.94999694824219,107.75,110.62000274658203,1158690
2018-05-07,80.29473114013672,110.08999633789062,110.8499984741211,109.20999908447266,109.9000015258789,1182415
2018-05-08,81.68780517578125,112.0,112.08000183105469,110.80999755859375,110.98999786376953,1310429
2018-05-09,82.32234954833984,112.87000274658203,113.30999755859375,111.31999969482422,111.9000015258789,953593
2018-05-10,83.13921356201172,113.98999786376953,114.11000061035156,112.0,113.5,1111532
2018-05-11,82.70890045166016,113.4000015258789,114.4000015258789,113.4000015258789,114.08000183105469,883770
2018-05-14,83.87222290039062,111.75,112.11000061035156,109.75,110.0,3194866
2018-05-15,84.63777160644531,112.7699966430664,113.25,111.47000122070312,112.08999633789062,785500
2018-05-16,86.23640441894531,114.9000015258789,115.0,113.2699966430664,113.38999938964844,1055449
2018-05-17,85.32826232910156,113.69000244140625,113.69999694824219,112.7699966430664,113.31999969482422,707823
2018-05-18,85.97372436523438,114.55000305175781,114.63999938964844,113.01000213623047,114.0,673789
2018-05-21,86.566650390625,115.33999633789062,115.54000091552734,113.75,114.63999938964844,819181
2018-05-22,85.87615966796875,114.41999816894531,115.48999786376953,113.91999816894531,115.25,545113
2018-05-23,87.38471984863281,116.43000030517578,116.52999877929688,114.37000274658203,114.97000122070312,843283
2018-05-24,87.24212646484375,116.23999786376953,116.23999786376953,115.08999633789062,116.0,700723
2018-05-25,87.72248840332031,116.87999725341797,117.06999969482422,115.25,115.9000015258789,1503806
2018-05-28,86.8593521118164,115.7300033569336,116.80999755859375,115.3499984741211,116.76000213623047,510119
2018-05-29,87.13705444335938,116.0999984741211,116.55000305175781,115.37999725341797,115.69999694824219,589891
2018-05-30,84.9980239868164,113.25,113.68000030517578,111.76000213623047,112.95999908447266,1875646
2018-05-31,85.80859375,114.33000183105469,115.69999694824219,114.20999908447266,114.97000122070312,1404426
2018-06-01,84.69029998779297,112.83999633789062,114.33999633789062,112.58999633789062,114.20999908447266,516573
2018-06-04,84.88545989990234,113.0999984741211,114.0,113.01000213623047,114.0,562280
2018-06-05,84.28502655029297,112.30000305175781,113.22000122070312,112.06999969482422,112.5,966530
2018-06-06,84.93047332763672,113.16000366210938,113.93000030517578,112.06999969482422,112.22000122070312,903863
2018-06-07,85.17816162109375,113.48999786376953,114.62000274658203,113.33000183105469,113.62000274658203,691104
2018-06-08,84.8629379272461,113.06999969482422,113.58000183105469,112.62000274658203,113.37000274658203,524901
2018-06-12,84.96051025390625,113.19999694824219,113.48500061035156,112.62999725341797,113.0999984741211,989596
2018-06-13,85.41082000732422,113.80000305175781,113.80000305175781,113.05000305175781,113.30000305175781,595326
2018-06-14,85.14813232421875,113.44999694824219,113.94000244140625,113.0,113.30000305175781,603888
2018-06-15,87.95513916015625,117.19000244140625,117.3499984741211,113.94999694824219,113.94999694824219,1413072
2018-06-18,87.36222076416016,116.4000015258789,117.63999938964844,115.7300033569336,117.5199966430664,569450
2018-06-19,88.93832397460938,118.5,120.24500274658203,118.5,118.80000305175781,1252482
2018-06-20,91.35505676269531,121.72000122070312,121.76000213623047,120.16999816894531,121.0,1245666
2018-06-21,92.11308288574219,122.7300033569336,123.98999786376953,121.72000122070312,123.91000366210938,1258856
2018-06-22,91.58771514892578,122.02999877929688,122.68000030517578,121.58000183105469,122.55000305175781,748663
2018-06-25,92.00800323486328,122.58999633789062,122.7300033569336,121.20999908447266,122.22000122070312,805850
2018-06-26,90.79216003417969,120.97000122070312,121.62000274658203,120.0,121.19999694824219,921512
2018-06-27,91.72282409667969,122.20999908447266,122.72000122070312,121.44999694824219,121.4800033569336,750028
2018-06-28,95.09272003173828,126.69999694824219,126.7699966430664,123.0,123.0,1562069
2018-06-29,92.80358123779297,123.6500015258789,127.0,123.5,126.25,2725340
2018-07-02,92.37577819824219,123.08000183105469,125.0,122.81999969482422,124.01000213623047,633112
2018-07-03,92.39078521728516,123.0999984741211,124.77999877929688,122.7300033569336,124.23999786376953,825017
2018-07-04,90.85968017578125,121.05999755859375,121.79000091552734,120.58000183105469,121.5,866181
2018-07-05,91.90293884277344,122.44999694824219,122.9800033569336,121.69000244140625,121.75,596811
2018-07-06,92.28570556640625,122.95999908447266,123.1500015258789,121.68000030517578,122.12999725341797,579259
2018-07-09,92.78855895996094,123.62999725341797,123.87000274658203,122.69999694824219,123.02999877929688,594221
2018-07-10,91.95549011230469,122.5199966430664,124.4749984741211,122.5,124.3499984741211,676210
2018-07-11,91.55770111083984,121.98999786376953,122.75,120.91999816894531,122.41000366210938,713701
2018-07-12,92.0005111694336,122.58000183105469,123.05999755859375,121.69999694824219,122.5,738062
2018-07-13,92.32322692871094,123.01000213623047,123.63999938964844,121.86000061035156,123.0,639501
2018-07-16,91.95549011230469,122.5199966430664,124.27999877929688,121.93000030517578,123.58000183105469,566932
2018-07-17,91.06234741210938,121.33000183105469,122.31999969482422,120.8499984741211,121.0,593212
2018-07-18,93.14132690429688,124.0999984741211,124.0999984741211,121.87000274658203,122.0,721243
2018-07-19,93.21636199951172,124.19999694824219,124.87999725341797,123.41000366210938,124.5,829666
2018-07-20,93.99691772460938,125.23999786376953,125.37999725341797,124.0,124.37000274658203,663832
2018-07-23,93.06627655029297,124.0,124.55999755859375,123.61000061035156,124.36000061035156,442432
2018-07-24,94.28964233398438,125.62999725341797,125.69000244140625,124.16999816894531,125.0,493577
2018-07-25,93.76426696777344,124.93000030517578,126.58999633789062,124.80000305175781,126.58999633789062,647328
2018-07-26,91.34003448486328,121.69999694824219,122.25,119.11000061035156,120.13999938964844,1675791
2018-07-27,93.0812759399414,124.0199966430664,124.52999877929688,121.1500015258789,122.25,2601346
2018-07-30,92.3082275390625,122.98999786376953,123.2300033569336,122.16500091552734,123.0,508017
2018-07-31,92.1806411743164,122.81999969482422,123.16999816894531,122.01000213623047,122.58000183105469,684006
2018-08-01,91.73782348632812,122.2300033569336,122.98999786376953,121.69999694824219,122.81999969482422,669648
2018-08-02,91.1148910522461,121.4000015258789,122.7300033569336,121.4000015258789,122.2300033569336,700749
2018-08-03,91.2800064086914,121.62000274658203,122.30000305175781,121.0199966430664,122.29000091552734,492889
2018-08-06,91.91044616699219,122.45999908447266,122.80000305175781,121.26000213623047,122.23999786376953,370395
2018-08-07,92.20315551757812,122.8499984741211,123.36000061035156,122.45999908447266,122.45999908447266,633344
2018-08-08,91.43009948730469,121.81999969482422,123.16000366210938,121.70999908447266,122.55000305175781,456967
2018-08-09,92.02303314208984,122.61000061035156,123.05999755859375,121.48999786376953,122.37999725341797,623158
2018-08-10,91.7828598022461,122.29000091552734,122.7300033569336,121.4000015258789,122.62000274658203,574184
2018-08-13,91.92547607421875,122.4800033569336,122.8499984741211,121.51000213623047,121.69000244140625,548188
2018-08-14,93.05876159667969,123.98999786376953,123.98999786376953,122.91999816894531,123.0,759074
2018-08-15,94.19207000732422,125.5,125.5,123.80000305175781,124.73999786376953,596153
2018-08-16,93.62166595458984,124.73999786376953,126.0,123.12999725341797,125.5,768651
2018-08-17,93.48656463623047,124.55999755859375,124.80000305175781,123.06999969482422,123.5,613365
2018-08-20,93.49408721923828,124.56999969482422,125.54000091552734,123.80999755859375,125.23999786376953,572018
2018-08-21,93.62166595458984,124.73999786376953,124.9800033569336,123.80999755859375,124.87000274658203,517070
2018-08-22,93.29143524169922,124.30000305175781,124.5999984741211,123.51000213623047,123.87000274658203,384982
2018-08-23,93.02873992919922,123.94999694824219,124.5199966430664,123.25,124.0,675881
2018-08-24,94.05697631835938,125.31999969482422,126.1500015258789,124.33499908447266,124.58000183105469,659825
2018-08-27,94.15454864501953,125.44999694824219,125.91000366210938,124.31999969482422,125.0,310214
2018-08-28,93.48656463623047,124.55999755859375,126.77999877929688,124.55999755859375,125.5999984741211,621420
2018-08-29,94.65741729736328,126.12000274658203,126.13999938964844,124.37000274658203,124.38999938964844,846508
2018-08-30,96.41366577148438,128.4600067138672,128.66000366210938,125.5,126.66999816894531,931212
2018-08-31,97.1191635131836,129.39999389648438,129.75,128.49000549316406,128.5500030517578,1677505
2018-09-03,97.08162689208984,129.35000610351562,129.8699951171875,128.82000732421875,129.8699951171875,384498
2018-09-04,96.34611511230469,128.3699951171875,129.1999969482422,127.9000015258789,129.0,384840
2018-09-05,95.73816680908203,127.55999755859375,128.2899932861328,127.33000183105469,127.6500015258789,468822
2018-09-06,93.45653533935547,124.5199966430664,126.5999984741211,124.30000305175781,126.0,796067
2018-09-07,92.07556915283203,122.68000030517578,123.54000091552734,121.69999694824219,122.77999877929688,790684
2018-09-10,92.04556274414062,122.63999938964844,122.91999816894531,121.55000305175781,122.0,584503
2018-09-11,93.71923828125,124.87000274658203,125.2699966430664,123.22000122070312,123.22000122070312,790967
2018-09-12,94.9500961303711,126.51000213623047,126.70999908447266,125.16999816894531,125.5,708464
2018-09-13,92.9461669921875,123.83999633789062,125.83999633789062,123.62000274658203,125.83999633789062,738996
2018-09-14,93.38900756835938,124.43000030517578,124.88999938964844,123.58999633789062,123.83999633789062,678448
2018-09-17,93.8918685913086,125.0999984741211,125.5,123.4000015258789,124.29000091552734,600026
2018-09-18,93.23139190673828,124.22000122070312,125.4000015258789,124.07499694824219,124.37000274658203,584489
2018-09-19,94.55232238769531,125.9800033569336,126.08999633789062,124.30999755859375,124.55000305175781,627331
2018-09-20,95.02515411376953,126.61000061035156,127.38999938964844,124.62999725341797,125.16999816894531,1292835
2018-09-21,95.9558334350586,127.8499984741211,128.22000122070312,127.16999816894531,127.5,1543883
2018-09-24,95.2278060913086,126.87999725341797,127.44999694824219,126.41999816894531,127.33000183105469,693542
2018-09-25,95.80571746826172,127.6500015258789,127.69999694824219,126.20999908447266,126.5,629173
2018-09-26,95.2353286743164,126.88999938964844,127.62999725341797,126.11000061035156,127.18000030517578,638251
2018-09-27,95.88078308105469,127.75,128.50999450683594,127.08999633789062,128.10000610351562,719174
2018-09-28,94.59735107421875,126.04000091552734,129.0,126.04000091552734,128.3000030517578,1771784
2018-10-01,93.49408721923828,124.56999969482422,126.0,123.62000274658203,125.0,543547
2018-10-02,92.03802490234375,122.62999725341797,125.76000213623047,122.19999694824219,125.0,832827
2018-10-03,91.85040283203125,122.37999725341797,123.80000305175781,121.94999694824219,122.61000061035156,583949
2018-10-04,92.83360290527344,123.69000244140625,124.05999755859375,122.61000061035156,122.62999725341797,755251
2018-10-05,94.01943969726562,125.2699966430664,125.87999725341797,122.80000305175781,122.8499984741211,829279
2018-10-08,92.85612487792969,123.72000122070312,124.19000244140625,123.08999633789062,123.41999816894531,942959
2018-10-09,91.98551177978516,122.55999755859375,124.1500015258789,122.38999938964844,123.4000015258789,1152181
2018-10-10,92.24819946289062,122.91000366210938,123.0,121.7699966430664,122.5,594479
2018-10-11,86.67921447753906,115.48999786376953,119.52999877929688,115.48999786376953,118.0199966430664,2007983
2018-10-12,86.70923614501953,115.52999877929688,115.72000122070312,112.33000183105469,112.5999984741211,1935320
2018-10-15,86.18387603759766,114.83000183105469,115.05000305175781,112.33000183105469,115.0,835934
2018-10-16,85.89866638183594,114.44999694824219,115.30000305175781,113.83000183105469,114.44999694824219,876087
2018-10-17,88.08271026611328,117.36000061035156,118.44999694824219,116.69000244140625,117.80000305175781,880624
2018-10-18,87.27214050292969,116.27999877929688,118.91999816894531,115.2699966430664,118.91000366210938,931859
2018-10-19,87.71495819091797,116.87000274658203,116.87000274658203,114.0999984741211,114.5,753192
2018-10-22,86.28144073486328,114.95999908447266,116.2699966430664,114.19000244140625,115.80000305175781,935263
2018-10-23,85.48587799072266,113.9000015258789,115.98999786376953,113.8499984741211,114.80000305175781,997464
2018-10-24,85.35828399658203,113.7300033569336,114.73999786376953,113.30999755859375,113.63999938964844,746159
2018-10-25,82.65634155273438,110.12999725341797,112.76000213623047,110.12999725341797,111.86000061035156,1389435
2018-10-26,83.43692016601562,111.16999816894531,113.08999633789062,110.27999877929688,111.55000305175781,2000604
2018-10-29,84.66778564453125,112.80999755859375,113.06999969482422,111.41000366210938,111.87000274658203,618467
2018-10-30,86.54412078857422,115.30999755859375,115.38999938964844,112.06999969482422,112.33999633789062,958863
2018-10-31,87.96263122558594,117.19999694824219,117.66000366210938,115.91000366210938,117.0,1339139
2018-11-01,88.46549224853516,117.87000274658203,117.87999725341797,116.33999633789062,116.51000213623047,1119055
2018-11-02,91.88041687011719,122.41999816894531,122.62000274658203,119.55999755859375,121.0,2097747
2018-11-05,91.35505676269531,121.72000122070312,124.47000122070312,121.72000122070312,124.0,962633
2018-11-06,91.18992614746094,121.5,121.80999755859375,120.58999633789062,121.22000122070312,615454
2018-11-07,90.67207336425781,120.80999755859375,122.0999984741211,119.56999969482422,121.12000274658203,966684
2018-11-08,92.3832778930664,123.08999633789062,123.33000183105469,121.25,121.25,975108
2018-11-09,92.79608917236328,123.63999938964844,124.69999694824219,122.1500015258789,122.2300033569336,825766
2018-11-12,93.20854949951172,122.02999877929688,122.38999938964844,121.0199966430664,121.0199966430664,1192639
2018-11-13,91.22261810302734,119.43000030517578,120.79000091552734,118.81999969482422,120.23999786376953,840408
2018-11-14,90.7032241821289,118.75,120.23500061035156,118.25,119.36000061035156,1681856
2018-11-15,90.74905395507812,118.80999755859375,119.18000030517578,117.8499984741211,118.98999786376953,862201
2018-11-16,90.89415740966797,119.0,122.86000061035156,118.8499984741211,122.79000091552734,696777
2018-11-19,88.77841186523438,116.2300033569336,118.68000030517578,115.76000213623047,117.36000061035156,877712
2018-11-20,87.78543853759766,114.93000030517578,116.5,114.38999938964844,116.01000213623047,972155
2018-11-21,86.13558959960938,112.7699966430664,113.2699966430664,111.69000244140625,112.7699966430664,1175503
2018-11-22,87.22784423828125,114.19999694824219,114.19999694824219,112.44999694824219,113.0,807272
2018-11-23,87.47990417480469,114.52999877929688,115.29000091552734,113.6500015258789,114.13999938964844,522888
2018-11-26,86.6626205444336,113.45999908447266,114.58999633789062,112.5999984741211,113.20999908447266,697164
2018-11-27,87.83126068115234,114.98999786376953,115.18000030517578,113.5,113.5199966430664,784533
2018-11-28,87.86946105957031,115.04000091552734,115.76000213623047,114.68000030517578,115.48999786376953,635946
2018-11-29,89.22142028808594,116.80999755859375,117.25,115.7699966430664,115.7699966430664,982203
2018-11-30,87.39590454101562,114.41999816894531,116.22000122070312,114.08000183105469,116.0999984741211,2105958
2018-12-03,89.83246612548828,117.61000061035156,118.05999755859375,116.0,116.3499984741211,714498
2018-12-04,88.87007141113281,116.3499984741211,118.44999694824219,116.3499984741211,118.0,808495
2018-12-05,86.62444305419922,113.41000366210938,114.41999816894531,111.6500015258789,114.41999816894531,1150821
2018-12-06,85.58564758300781,112.05000305175781,113.58999633789062,111.31999969482422,112.9000015258789,1029658
2018-12-07,86.5556869506836,113.31999969482422,114.77999877929688,112.72000122070312,114.5,815670
2018-12-10,83.93580627441406,109.88999938964844,112.30999755859375,109.54499816894531,111.73999786376953,1034484
2018-12-11,83.8441390991211,109.7699966430664,111.5999984741211,109.12000274658203,110.20999908447266,711080
2018-12-12,86.44112396240234,113.16999816894531,113.16999816894531,109.62999725341797,109.86000061035156,1172574
2018-12-13,87.0750961303711,114.0,114.56999969482422,112.68000030517578,113.18000030517578,738241
2018-12-14,86.44876861572266,113.18000030517578,114.18000030517578,112.1500015258789,114.16000366210938,956113
2018-12-17,86.5098648071289,113.26000213623047,113.58000183105469,111.66999816894531,112.19999694824219,593819
2018-12-18,84.50103759765625,110.62999725341797,111.91000366210938,110.4000015258789,111.36000061035156,1027491
2018-12-19,83.95108795166016,109.91000366210938,111.5,109.31999969482422,110.51000213623047,862598
2018-12-20,81.94989013671875,107.29000091552734,109.87000274658203,107.12999725341797,108.81999969482422,1589106
2018-12-21,80.06326293945312,104.81999969482422,107.56999969482422,103.48999786376953,106.69999694824219,2953491
2018-12-24,80.53681945800781,105.44000244140625,105.93000030517578,103.30000305175781,103.83999633789062,515822
2018-12-27,80.99510955810547,106.04000091552734,108.08999633789062,105.61000061035156,107.0,759837
2018-12-28,82.94283294677734,108.58999633789062,108.58999633789062,106.0,106.0,774497
2018-12-31,82.98867797851562,108.6500015258789,109.62999725341797,108.23999786376953,109.1500015258789,505822
2019-01-02,81.61380004882812,106.8499984741211,109.08999633789062,106.76000213623047,108.19000244140625,497113
2019-01-03,83.88997650146484,109.83000183105469,110.55999755859375,106.73999786376953,106.8499984741211,937058
2019-01-04,83.5691909790039,109.41000366210938,109.41000366210938,107.41000366210938,108.7300033569336,680663
2019-01-07,84.4552001953125,110.56999969482422,111.63999938964844,110.44999694824219,111.5,560126
2019-01-08,86.05923461914062,112.66999816894531,113.1500015258789,109.77999877929688,110.55000305175781,747179
2019-01-09,87.059814453125,113.9800033569336,114.11499786376953,112.7300033569336,113.54000091552734,754958
2019-01-10,87.03690338134766,113.94999694824219,115.25,112.70999908447266,115.23999786376953,529886
2019-01-11,86.47167205810547,113.20999908447266,114.4800033569336,113.16000366210938,114.25,469455
2019-01-14,86.52513122558594,113.27999877929688,114.04000091552734,113.11000061035156,113.4800033569336,299426
2019-01-15,87.82362365722656,114.9800033569336,115.13999938964844,114.06999969482422,114.5,535732
2019-01-16,88.60271453857422,116.0,116.3499984741211,115.04000091552734,115.20999908447266,701639
2019-01-17,89.5040283203125,117.18000030517578,118.3499984741211,116.73999786376953,118.3499984741211,763013
2019-01-18,90.28311920166016,118.19999694824219,118.31999969482422,117.30999755859375,117.8499984741211,602853
2019-01-21,89.88594055175781,117.68000030517578,119.4000015258789,117.68000030517578,118.51000213623047,407141
2019-01-22,88.83950805664062,116.30999755859375,117.66000366210938,115.58499908447266,117.12999725341797,419524
2019-01-23,88.82421875,116.29000091552734,116.66999816894531,114.51000213623047,115.5,518098
2019-01-24,90.05396270751953,117.9000015258789,118.2300033569336,116.51000213623047,117.5999984741211,781681
2019-01-25,89.98522186279297,117.80999755859375,118.55000305175781,117.2699966430664,118.55000305175781,1650274
2019-01-29,88.94644165039062,116.44999694824219,118.30999755859375,116.36000061035156,118.0199966430664,456374
2019-01-30,89.18321228027344,116.76000213623047,116.93000030517578,115.68000030517578,116.93000030517578,425208
2019-01-31,88.9693603515625,116.4800033569336,117.41999816894531,116.41000366210938,117.12999725341797,715590
2019-02-01,88.91587829589844,116.41000366210938,116.94999694824219,115.20999908447266,116.0,440252
2019-02-04,89.13739776611328,116.69999694824219,117.01000213623047,115.69999694824219,116.75,535082
2019-02-05,90.49700927734375,118.4800033569336,120.23999786376953,117.75,118.0,1123876
2019-02-06,92.08572387695312,120.55999755859375,121.23999786376953,118.3499984741211,119.0,754185
2019-02-07,94.0181884765625,123.08999633789062,123.5,121.1500015258789,121.5,852954
2019-02-08,92.85717010498047,121.56999969482422,122.80000305175781,120.5999984741211,122.80000305175781,728086
2019-02-11,93.17034149169922,121.9800033569336,122.8499984741211,120.94999694824219,122.0999984741211,431324
2019-02-12,95.17155456542969,124.5999984741211,126.22000122070312,122.69999694824219,123.5,1124508
2019-02-13,96.46240234375,126.29000091552734,127.5199966430664,125.38999938964844,126.01000213623047,1143772
2019-02-14,95.82078552246094,125.44999694824219,126.4000015258789,125.0199966430664,125.43000030517578,792849
2019-02-15,94.88130187988281,124.22000122070312,125.25,123.69999694824219,125.08000183105469,851162
2019-02-18,95.32430267333984,124.80000305175781,125.5,124.11000061035156,125.1500015258789,753300
2019-02-19,96.36310577392578,126.16000366210938,126.19499969482422,124.43000030517578,124.43000030517578,537173
2019-02-20,96.24088287353516,126.0,127.0,125.41000366210938,126.1500015258789,645291
2019-02-21,97.74562072753906,127.97000122070312,128.39999389648438,125.56999969482422,126.4800033569336,1004630
2019-02-22,97.49354553222656,127.63999938964844,128.72000122070312,127.51000213623047,128.5,1849578
2019-02-25,98.21916961669922,128.58999633789062,128.58999633789062,127.63999938964844,127.73999786376953,532879
2019-02-26,97.1956558227539,127.25,128.32000732421875,126.27999877929688,128.1999969482422,588816
2019-02-27,97.43244171142578,127.55999755859375,127.91999816894531,125.81999969482422,125.81999969482422,586467
2019-02-28,98.25735473632812,128.63999938964844,128.63999938964844,127.01000213623047,127.01000213623047,786309
2019-03-01,98.70801544189453,129.22999572753906,129.5399932861328,128.33999633789062,128.63999938964844,672214
2019-03-04,99.21976470947266,129.89999389648438,130.8800048828125,129.67999267578125,129.99000549316406,466117
2019-03-05,98.1886215209961,128.5500030517578,129.1300048828125,127.51000213623047,128.33999633789062,617805
2019-03-06,99.02119445800781,129.63999938964844,129.69000244140625,127.93000030517578,128.25,650758
2019-03-07,99.21212768554688,129.88999938964844,130.02000427246094,129.0800018310547,130.0,714364
2019-03-08,98.15043640136719,128.5,129.72500610351562,128.47999572753906,129.1999969482422,809392
2019-03-11,95.92771911621094,125.58999633789062,128.91000366210938,125.30000305175781,127.51000213623047,1121341
2019-03-12,96.04230499267578,125.73999786376953,126.72000122070312,125.66000366210938,125.87000274658203,1013439
2019-03-13,95.9124526977539,125.56999969482422,126.26000213623047,124.94999694824219,125.05000305175781,959800
2019-03-14,96.79849243164062,126.7300033569336,126.87000274658203,125.70999908447266,125.97000122070312,670833
2019-03-15,97.56993865966797,127.73999786376953,128.25,126.80000305175781,127.5,2987991
2019-03-18,98.36429595947266,128.77999877929688,129.11000061035156,128.10000610351562,128.38999938964844,449905
2019-03-19,98.60871887207031,129.10000610351562,129.5,127.83000183105469,128.60000610351562,847352
2019-03-20,98.34902954101562,128.75999450683594,128.9949951171875,127.6500015258789,128.00999450683594,678642
2019-03-21,96.87484741210938,126.83000183105469,128.49000549316406,125.90499877929688,127.86000061035156,1184337
2019-03-22,96.9817886352539,126.97000122070312,128.1199951171875,126.58000183105469,127.38999938964844,517806
2019-03-25,96.33255004882812,126.12000274658203,126.12000274658203,124.83999633789062,125.5,836592
2019-03-26,95.85897827148438,125.5,126.19999694824219,125.23999786376953,126.0,787947
2019-03-27,96.68392944335938,126.58000183105469,126.80000305175781,124.9000015258789,125.02999877929688,659333
2019-03-28,98.45594787597656,128.89999389648438,128.91000366210938,126.5,126.5,807913
2019-03-29,98.85314178466797,129.4199981689453,130.5,128.33999633789062,128.97000122070312,1782802
2019-04-01,99.76971435546875,130.6199951171875,130.97999572753906,129.4499969482422,129.89999389648438,550659
2019-04-02,100.4418716430664,131.5,133.38999938964844,131.3800048828125,131.9499969482422,655839
2019-04-03,101.43482971191406,132.8000030517578,133.1999969482422,131.97000122070312,132.74000549316406,793372
2019-04-04,100.63284301757812,131.75,132.52999877929688,131.44000244140625,132.00999450683594,489809
2019-04-05,99.83084106445312,130.6999969482422,131.86000061035156,129.92999267578125,131.02000427246094,594454
2019-04-08,99.93012237548828,130.8300018310547,131.3800048828125,130.3000030517578,130.60000610351562,346109
2019-04-09,99.59403991699219,130.38999938964844,130.94000244140625,129.64999389648438,130.85000610351562,686517
2019-04-10,99.7468032836914,130.58999633789062,131.75,130.08999633789062,130.3699951171875,423278
2019-04-11,99.70861053466797,130.5399932861328,131.22999572753906,129.86000061035156,131.17999267578125,418682
2019-04-12,100.82379150390625,132.0,132.6300048828125,131.00999450683594,131.5,605114
2019-04-15,101.10639190673828,132.3699951171875,133.19000244140625,132.05999755859375,133.19000244140625,528451
2019-04-16,101.80911254882812,133.2899932861328,133.5399932861328,131.7899932861328,132.0,564626
2019-04-17,102.16810607910156,133.75999450683594,134.92999267578125,133.50999450683594,134.1699981689453,391487
2019-04-18,101.71746063232422,133.1699981689453,134.99000549316406,133.0500030517578,134.99000549316406,557861
2019-04-23,102.73332977294922,134.5,134.7100067138672,133.64999389648438,134.14999389648438,798142
2019-04-24,103.703369140625,135.77000427246094,136.47000122070312,135.1199951171875,135.9199981689453,1621393
2019-04-26,103.87142944335938,135.99000549316406,136.60000610351562,132.75,132.9499969482422,946881
2019-04-29,102.76388549804688,134.5399932861328,135.60000610351562,134.44000244140625,135.60000610351562,570691
2019-04-30,102.88610076904297,134.6999969482422,135.5,134.6699981689453,135.1999969482422,886242
2019-05-01,103.35966491699219,135.32000732421875,135.9499969482422,134.2100067138672,134.25999450683594,652910
2019-05-02,104.03179931640625,136.1999969482422,136.83999633789062,134.64999389648438,135.2100067138672,758644
2019-05-03,98.38720703125,128.80999755859375,129.5,126.62999725341797,127.01000213623047,2473250
2019-05-06,95.95064544677734,125.62000274658203,127.38999938964844,125.0,126.80000305175781,1639051
2019-05-07,95.3930435180664,124.88999938964844,125.91000366210938,124.69000244140625,125.52999877929688,1221371
2019-05-08,94.73617553710938,124.02999877929688,124.5,122.94999694824219,123.0,1480990
2019-05-09,94.99588775634766,124.37000274658203,124.55999755859375,123.27999877929688,123.30999755859375,1922123
2019-05-10,95.1944580078125,124.62999725341797,125.4800033569336,123.8499984741211,125.06999969482422,1341024
2019-05-13,94.51016998291016,120.16000366210938,121.05000305175781,119.54000091552734,121.0,1891860
2019-05-14,92.41799926757812,117.5,119.0,117.30999755859375,118.66000366210938,1825652
2019-05-15,93.68431854248047,119.11000061035156,119.9800033569336,116.7699966430664,117.0,1533307
2019-05-16,93.8652114868164,119.33999633789062,120.31999969482422,118.41999816894531,120.0,1459781
2019-05-17,94.32928466796875,119.93000030517578,120.63999938964844,119.58000183105469,120.37000274658203,1078137
2019-05-20,95.94166564941406,121.9800033569336,123.20999908447266,120.75,123.0,1396175
2019-05-21,96.85404205322266,123.13999938964844,123.29000091552734,121.26000213623047,122.02999877929688,1633192
2019-05-22,95.63490295410156,121.58999633789062,123.0,121.54000091552734,123.0,1106570
2019-05-23,95.72929382324219,121.70999908447266,122.04000091552734,120.0999984741211,121.5,1326065
2019-05-24,94.9899673461914,120.7699966430664,121.70500183105469,120.47000122070312,121.4800033569336,834278
2019-05-27,95.01355743408203,120.80000305175781,121.19000244140625,120.38999938964844,120.66999816894531,517884
2019-05-28,96.40572357177734,122.56999969482422,122.69000244140625,121.16000366210938,121.80000305175781,795280
2019-05-29,95.34391021728516,121.22000122070312,121.66000366210938,120.51000213623047,121.5,651886
2019-05-30,94.72252655029297,120.43000030517578,120.88500213623047,120.20999908447266,120.33999633789062,809586
2019-05-31,94.62815856933594,120.30999755859375,120.81999969482422,119.51000213623047,120.1500015258789,1280643
2019-06-03,91.23816680908203,116.0,119.4800033569336,116.0,119.37000274658203,1301801
2019-06-04,89.94039916992188,114.3499984741211,116.19000244140625,114.3499984741211,116.01000213623047,2392959
2019-06-05,91.91459655761719,116.86000061035156,117.73999786376953,115.5999984741211,115.5999984741211,1461979
2019-06-06,92.22135162353516,117.25,118.13999938964844,116.80999755859375,117.19999694824219,839487
2019-06-07,93.76296997070312,119.20999908447266,119.4000015258789,117.56999969482422,118.02999877929688,888851
2019-06-11,95.2888412475586,121.1500015258789,121.37999725341797,119.4800033569336,119.51000213623047,1558372
2019-06-12,95.17086791992188,121.0,122.29000091552734,120.86000061035156,121.0,881590
2019-06-13,96.083251953125,122.16000366210938,122.56999969482422,121.27999877929688,121.98999786376953,925716
2019-06-14,96.02818298339844,122.08999633789062,122.80000305175781,121.20999908447266,122.2699966430664,880874
2019-06-17,97.04280853271484,123.37999725341797,124.05999755859375,121.41000366210938,121.94999694824219,970682
2019-06-18,96.97988891601562,123.30000305175781,123.9800033569336,122.30999755859375,123.5999984741211,1525802
2019-06-19,98.61589813232422,125.37999725341797,125.6500015258789,124.56999969482422,125.0,1456035
2019-06-20,100.1496353149414,127.33000183105469,127.44999694824219,126.0,126.9000015258789,1479327
2019-06-21,99.10353088378906,126.0,127.41000366210938,125.79000091552734,127.4000015258789,1622200
2019-06-24,99.59120178222656,126.62000274658203,126.8499984741211,125.47000122070312,126.12999725341797,774312
2019-06-25,99.34738159179688,126.30999755859375,127.08999633789062,125.75,126.01000213623047,782153
2019-06-26,99.24513244628906,126.18000030517578,126.8499984741211,125.5999984741211,126.18000030517578,938485
2019-06-27,98.8675765991211,125.69999694824219,126.37000274658203,124.91000366210938,125.0,835536
2019-06-28,98.62376403808594,125.38999938964844,126.77999877929688,125.33000183105469,126.5999984741211,1852459
2019-07-01,100.08671569824219,127.25,127.81999969482422,126.02999877929688,126.02999877929688,619755
2019-07-02,99.98446655273438,127.12000274658203,128.35000610351562,126.91000366210938,127.41000366210938,812054
2019-07-03,100.1496353149414,127.33000183105469,127.55999755859375,125.91000366210938,126.37000274658203,622285
2019-07-04,101.37664031982422,128.88999938964844,129.07000732421875,127.3499984741211,127.37999725341797,539818
2019-07-05,102.08451843261719,129.7899932861328,130.32000732421875,128.60000610351562,129.35000610351562,564818
2019-07-08,101.08561706542969,128.52000427246094,130.3000030517578,128.14999389648438,130.0,586182
2019-07-09,100.47211456298828,127.73999786376953,128.4199981689453,127.2300033569336,128.0,529054
2019-07-10,100.6844711303711,128.00999450683594,128.85000610351562,127.4000015258789,127.79000091552734,597265
2019-07-11,99.90581512451172,127.0199966430664,129.0,126.66000366210938,129.0,1696058
2019-07-12,100.29121398925781,127.51000213623047,128.19000244140625,126.33000183105469,126.73999786376953,850445
2019-07-15,99.81929016113281,126.91000366210938,127.33999633789062,126.02999877929688,126.45999908447266,610429
2019-07-16,99.49681091308594,126.5,127.05999755859375,126.19999694824219,126.27999877929688,498355
2019-07-17,100.84178924560547,128.2100067138672,128.3000030517578,126.27999877929688,126.9800033569336,586465
2019-07-18,99.65410614013672,126.69999694824219,128.0,126.22000122070312,127.9000015258789,786285
2019-07-19,100.11817169189453,127.29000091552734,127.83999633789062,126.16999816894531,126.72000122070312,424021
2019-07-22,100.22042083740234,127.41999816894531,128.25999450683594,127.01000213623047,127.87000274658203,472462
2019-07-23,101.36878204345703,128.8800048828125,129.24000549316406,127.93000030517578,128.08999633789062,743259
2019-07-24,101.70699310302734,129.30999755859375,129.5,128.02000427246094,129.10000610351562,1269452
2019-07-25,102.6272201538086,130.47999572753906,130.47999572753906,128.24000549316406,129.64999389648438,813255
2019-07-26,101.2114486694336,128.67999267578125,129.41000366210938,128.3000030517578,128.97000122070312,1564264
2019-07-29,102.0216064453125,129.7100067138672,130.25999450683594,128.88999938964844,128.89999389648438,814808
2019-07-30,101.4788818359375,129.02000427246094,129.77000427246094,128.35000610351562,129.5,726832
2019-07-31,101.29796600341797,128.7899932861328,130.10000610351562,128.39999389648438,128.42999267578125,991586
2019-08-01,100.62155151367188,127.93000030517578,129.07000732421875,127.86000061035156,128.02000427246094,625163
2019-08-02,99.11141204833984,126.01000213623047,127.5,125.44999694824219,127.5,886376
2019-08-05,97.77822875976562,124.31500244140625,125.95500183105469,123.05999755859375,125.5,938516
2019-08-06,94.04611206054688,119.56999969482422,120.30000305175781,119.01000213623047,119.48999786376953,1881036
2019-08-07,94.92704010009766,120.69000244140625,120.9800033569336,119.05000305175781,120.58999633789062,1247233
2019-08-08,96.25627899169922,122.37999725341797,122.5,119.2699966430664,120.47000122070312,1121243
2019-08-09,96.57089233398438,122.77999877929688,123.11000061035156,122.25,122.44999694824219,651670
2019-08-12,96.24842834472656,122.37000274658203,122.7699966430664,121.56999969482422,122.0,626897
2019-08-13,95.01355743408203,120.80000305175781,121.48999786376953,119.51000213623047,121.48999786376953,1069155
2019-08-14,95.94166564941406,121.9800033569336,122.43000030517578,121.12999725341797,121.27999877929688,638471
2019-08-15,92.8112564086914,118.0,119.33000183105469,117.91999816894531,119.33000183105469,1567225
2019-08-16,93.2359848022461,118.54000091552734,118.83999633789062,117.81999969482422,117.81999969482422,735297
2019-08-19,96.13043975830078,122.22000122070312,122.38999938964844,120.13999938964844,120.5,955409
2019-08-20,97.04280853271484,123.37999725341797,123.54000091552734,122.08000183105469,122.26000213623047,959288
2019-08-21,97.47541046142578,123.93000030517578,124.54499816894531,121.83999633789062,122.55999755859375,973891
2019-08-22,97.93161010742188,124.51000213623047,124.98999786376953,123.93000030517578,124.98999786376953,542505
2019-08-23,98.1518325805664,124.79000091552734,124.98999786376953,123.2300033569336,124.12000274658203,740455
2019-08-26,96.00460052490234,122.05999755859375,122.12000274658203,120.01000213623047,121.0999984741211,1162135
2019-08-27,97.14507293701172,123.51000213623047,124.08999633789062,122.12999725341797,122.33000183105469,830958
2019-08-28,97.14507293701172,123.51000213623047,123.51000213623047,123.51000213623047,123.51000213623047,0
2019-08-29,96.37425994873047,122.52999877929688,123.23999786376953,121.9000015258789,122.0,1186977
2019-08-30,97.40461730957031,123.83999633789062,124.25,123.5,123.80000305175781,1606962
2019-09-02,97.13719940185547,123.5,124.0,122.97000122070312,123.5,579774
2019-09-03,97.13719940185547,123.5,124.31999969482422,122.91999816894531,123.5,446083
2019-09-04,96.69673919677734,122.94000244140625,122.9800033569336,121.6500015258789,122.0999984741211,799665
2019-09-05,98.52149963378906,125.26000213623047,125.30000305175781,123.19000244140625,123.69000244140625,979771
2019-09-06,99.9530029296875,127.08000183105469,127.73999786376953,125.5,125.5,952334
2019-09-09,100.45639038085938,127.72000122070312,127.73999786376953,126.38999938964844,126.72000122070312,710158
2019-09-10,100.29906463623047,127.5199966430664,127.70999908447266,126.5,126.52999877929688,876366
2019-09-11,101.06988525390625,128.5,128.8800048828125,127.61000061035156,127.80000305175781,1053262
2019-09-12,101.06988525390625,128.5,129.1999969482422,128.30999755859375,128.8699951171875,887854
2019-09-13,101.69124603271484,129.2899932861328,129.2899932861328,128.44000244140625,129.0,700767
2019-09-16,101.80136108398438,129.42999267578125,129.75,128.32000732421875,128.41000366210938,974908
2019-09-17,101.3136978149414,128.80999755859375,129.3000030517578,128.10000610351562,129.0500030517578,898102
2019-09-18,101.25865936279297,128.74000549316406,129.0,127.91999816894531,128.0,1097258
2019-09-19,103.64185333251953,131.77000427246094,131.77000427246094,129.80999755859375,130.14999389648438,2682725
2019-09-20,103.0755615234375,131.0500030517578,133.0850067138672,130.99000549316406,131.77999877929688,1405612
2019-09-23,103.32723999023438,131.3699951171875,132.30999755859375,130.39999389648438,131.86000061035156,756265
2019-09-24,103.9250259399414,132.1300048828125,132.75,131.08999633789062,131.61000061035156,924252
2019-09-25,103.76769256591797,131.92999267578125,132.75,130.0500030517578,130.0500030517578,925865
2019-09-26,103.83061981201172,132.00999450683594,132.6199951171875,130.91000366210938,132.35000610351562,698741
2019-09-27,103.89353942871094,132.08999633789062,132.5800018310547,131.3699951171875,131.97000122070312,1495537
2019-09-30,103.09915161132812,131.0800018310547,132.47000122070312,131.0800018310547,132.14999389648438,594031
2019-10-01,103.8149185180664,131.99000549316406,131.99000549316406,130.82000732421875,131.0,704584
2019-10-02,102.13172149658203,129.85000610351562,130.53500366210938,129.52000427246094,130.3000030517578,871666
2019-10-03,99.3158950805664,126.2699966430664,126.80999755859375,125.55999755859375,126.70999908447266,1254647
2019-10-04,99.44961547851562,126.44000244140625,127.23999786376953,125.83999633789062,126.97000122070312,693978
2019-10-07,98.9541015625,125.80999755859375,126.69999694824219,125.54000091552734,126.54000091552734,697567
2019-10-08,99.55975341796875,126.58000183105469,127.18000030517578,126.30999755859375,126.98999786376953,873589
2019-10-09,98.63948059082031,125.41000366210938,125.87000274658203,124.0199966430664,125.51000213623047,892170
2019-10-10,99.59906005859375,126.62999725341797,127.12999725341797,125.3499984741211,125.7699966430664,754860
2019-10-11,101.76990509033203,129.38999938964844,129.44000244140625,127.29000091552734,127.51000213623047,1014269
2019-10-14,103.22499084472656,131.24000549316406,131.6300048828125,130.5,130.5,800918
2019-10-15,103.95646667480469,132.1699981689453,132.6300048828125,131.07000732421875,131.33999633789062,626538
2019-10-16,105.60820770263672,134.27000427246094,134.42999267578125,132.5,132.5,870171
2019-10-17,105.12054443359375,133.64999389648438,134.67999267578125,133.33999633789062,134.1999969482422,908316
2019-10-18,105.2542724609375,133.82000732421875,134.2899932861328,133.00999450683594,133.49000549316406,1173961
2019-10-21,104.71940612792969,133.13999938964844,133.32000732421875,132.35000610351562,132.8000030517578,679804
2019-10-22,104.52279663085938,132.88999938964844,133.52999877929688,132.44000244140625,133.0,391896
2019-10-23,103.83061981201172,132.00999450683594,132.8800048828125,131.43499755859375,132.5,724701
2019-10-24,105.2935791015625,133.8699951171875,134.0800018310547,132.8800048828125,133.33999633789062,872085
2019-10-25,106.16663360595703,134.97999572753906,135.1999969482422,134.30999755859375,134.6999969482422,1302754
2019-10-28,106.48912048339844,135.38999938964844,135.99000549316406,134.8000030517578,134.89999389648438,586000
2019-10-29,106.95317840576172,135.97999572753906,136.64999389648438,135.4600067138672,136.0,615661
2019-10-30,105.35651397705078,133.9499969482422,135.89999389648438,133.66000366210938,135.5,612553
2019-10-31,105.3329086303711,133.9199981689453,134.86000061035156,133.0800018310547,134.0,621606
2019-11-01,105.69469451904297,134.3800048828125,134.77000427246094,130.91000366210938,134.27000427246094,1271713
2019-11-04,105.86775970458984,134.60000610351562,135.39999389648438,133.58999633789062,135.1199951171875,831263
2019-11-05,107.1812744140625,136.27000427246094,136.5,134.9499969482422,134.9600067138672,892632
2019-11-06,106.53631591796875,135.4499969482422,138.07000732421875,135.2100067138672,136.8300018310547,817130
2019-11-07,107.44869995117188,136.61000061035156,136.9600067138672,135.27999877929688,136.0,746404
2019-11-08,108.3375015258789,137.74000549316406,137.83999633789062,136.80999755859375,136.80999755859375,788573
2019-11-11,109.13855743408203,136.24000549316406,136.8800048828125,135.32000732421875,135.38999938964844,1257005
2019-11-12,109.52306365966797,136.72000122070312,137.3000030517578,135.3000030517578,137.0,696543
2019-11-13,109.22667694091797,136.35000610351562,137.0,135.8000030517578,136.07000732421875,713153
2019-11-14,109.65926361083984,136.88999938964844,137.6699981689453,136.00999450683594,136.14999389648438,827216
2019-11-15,110.51641845703125,137.9600067138672,138.58999633789062,136.69000244140625,136.88999938964844,599779
2019-11-18,109.46701049804688,136.64999389648438,137.7100067138672,136.02000427246094,137.2899932861328,530558
2019-11-19,110.39624786376953,137.80999755859375,137.80999755859375,136.2100067138672,136.63999938964844,610911
2019-11-20,108.16925048828125,135.02999877929688,136.8800048828125,134.61000061035156,136.22999572753906,931537
2019-11-21,107.68060302734375,134.4199981689453,136.10000610351562,134.14999389648438,134.2100067138672,983075
2019-11-22,108.04907989501953,134.8800048828125,135.8300018310547,133.88999938964844,134.0,983953
2019-11-25,108.38554382324219,135.3000030517578,135.9499969482422,134.5,134.89999389648438,571818
2019-11-26,109.1866226196289,136.3000030517578,136.67999267578125,135.72500610351562,136.13999938964844,787868
2019-11-27,110.03575897216797,137.36000061035156,137.36000061035156,135.11000061035156,135.1699981689453,643772
2019-11-28,110.58851623535156,138.0500030517578,138.52999877929688,137.0,137.0,653705
2019-11-29,110.58851623535156,138.0500030517578,138.8000030517578,137.85499572753906,138.0,1219025
2019-12-02,110.67662811279297,138.16000366210938,139.10000610351562,137.86000061035156,137.86000061035156,850539
2019-12-03,107.96099090576172,134.77000427246094,136.97000122070312,134.25999450683594,136.8000030517578,1113338
2019-12-04,106.14253234863281,132.5,133.4499969482422,131.61000061035156,133.16000366210938,1066451
2019-12-05,106.99166107177734,133.55999755859375,134.4499969482422,133.3000030517578,133.74000549316406,698642
2019-12-06,108.2253189086914,135.10000610351562,135.36000061035156,133.69000244140625,133.8000030517578,724975
2019-12-09,108.72999572753906,135.72999572753906,136.17999267578125,134.44000244140625,135.77999877929688,524448
2019-12-10,108.44964599609375,135.3800048828125,136.10000610351562,134.83999633789062,135.8000030517578,541565
2019-12-11,108.54576110839844,135.5,136.1999969482422,134.24000549316406,136.10000610351562,708107
2019-12-12,107.44026947021484,134.1199951171875,134.80999755859375,133.22999572753906,134.27000427246094,810224
2019-12-13,109.19462585449219,136.30999755859375,136.8800048828125,135.5500030517578,135.5500030517578,794889
2019-12-16,111.06916046142578,138.64999389648438,138.99000549316406,136.07000732421875,136.13999938964844,790806
2019-12-17,110.6285629272461,138.10000610351562,138.92999267578125,137.77999877929688,138.0,713272
2019-12-18,110.35619354248047,137.75999450683594,138.14999389648438,137.0500030517578,137.0500030517578,898304
2019-12-19,112.1585922241211,140.00999450683594,140.1699981689453,138.69500732421875,139.50999450683594,1595305
2019-12-20,112.3508529663086,140.25,140.74000549316406,139.32000732421875,140.02000427246094,2132617
2019-12-23,111.34953308105469,139.0,140.0,138.6999969482422,139.99000549316406,570330
2019-12-24,111.52577209472656,139.22000122070312,139.22000122070312,138.2100067138672,139.0,263017
2019-12-27,112.3348388671875,140.22999572753906,140.42999267578125,139.05999755859375,140.0,550316
2019-12-30,111.40560913085938,139.07000732421875,140.19000244140625,137.69000244140625,140.11000061035156,558215
2019-12-31,110.42828369140625,137.85000610351562,138.3699951171875,137.50999450683594,137.5800018310547,679526
2020-01-02,110.17194366455078,137.52999877929688,138.17999267578125,136.8699951171875,137.1999969482422,324707
2020-01-03,110.8448486328125,138.3699951171875,140.25999450683594,138.3699951171875,139.75,475051
2020-01-06,110.25204467773438,137.6300048828125,137.85000610351562,136.72000122070312,137.3000030517578,465385
2020-01-07,111.75806427001953,139.50999450683594,139.89999389648438,138.5800018310547,139.10000610351562,685484
2020-01-08,110.94898986816406,138.5,139.7899932861328,136.67999267578125,139.4600067138672,819707
2020-01-09,111.45365142822266,139.1300048828125,140.19000244140625,138.9499969482422,139.6199951171875,650919
2020-01-10,112.43097686767578,140.35000610351562,140.69000244140625,139.67999267578125,139.86000061035156,755233
2020-01-13,111.75004577636719,139.5,139.75,138.69000244140625,139.25,586634
2020-01-14,113.05581665039062,141.1300048828125,141.3300018310547,140.10000610351562,140.10000610351562,739250
2020-01-15,113.3602294921875,141.50999450683594,141.6699981689453,140.64999389648438,141.5,598295
2020-01-16,114.9303207397461,143.47000122070312,143.47999572753906,141.72999572753906,142.17999267578125,699778
2020-01-17,115.46705627441406,144.13999938964844,145.4600067138672,144.13999938964844,144.66000366210938,599485
2020-01-20,116.13994598388672,144.97999572753906,145.57000732421875,144.52000427246094,144.88999938964844,541545
2020-01-21,115.36293029785156,144.00999450683594,145.27999877929688,143.58999633789062,145.02000427246094,616415
2020-01-22,116.84488677978516,145.86000061035156,146.63999938964844,143.50999450683594,143.60000610351562,615007
2020-01-23,116.15596008300781,145.0,146.17999267578125,145.0,146.10000610351562,756611
2020-01-24,116.84488677978516,145.86000061035156,146.83999633789062,145.82000732421875,146.49000549316406,576151
2020-01-28,114.56183624267578,143.00999450683594,143.4600067138672,141.97999572753906,142.89999389648438,1065153
2020-01-29,115.8355712890625,144.60000610351562,144.6199951171875,143.1699981689453,143.5500030517578,950470
2020-01-30,116.73275756835938,145.72000122070312,145.97000122070312,143.9600067138672,144.24000549316406,1164079
2020-01-31,115.97173309326172,144.77000427246094,146.0500030517578,144.77000427246094,146.0,2035680
2020-02-03,113.63259887695312,141.85000610351562,142.0,140.4250030517578,142.0,1079923
2020-02-04,114.58586883544922,143.0399932861328,143.19000244140625,142.01499938964844,142.14999389648438,534519
2020-02-05,115.89161682128906,144.6699981689453,145.11000061035156,144.07000732421875,144.99000549316406,711975
2020-02-06,117.5338363647461,146.72000122070312,146.72000122070312,145.10000610351562,145.10000610351562,721965
2020-02-07,117.72611236572266,146.9600067138672,146.9600067138672,145.58999633789062,146.72000122070312,757347
2020-02-10,117.22941589355469,146.33999633789062,147.5500030517578,145.92999267578125,147.3699951171875,607588
2020-02-11,116.5805435180664,145.52999877929688,145.99000549316406,144.6699981689453,145.0,697260
2020-02-12,118.76749420166016,148.25999450683594,148.89999389648438,147.4199981689453,148.08999633789062,1097617
2020-02-13,119.60859680175781,149.30999755859375,149.47999572753906,147.74000549316406,148.1999969482422,780771
2020-02-14,119.0238265991211,148.5800018310547,149.3000030517578,148.50999450683594,148.72999572753906,700135
2020-02-17,119.135986328125,148.72000122070312,149.07000732421875,147.72999572753906,148.0,382244
2020-02-18,119.47242736816406,149.13999938964844,149.27999877929688,148.19000244140625,148.61000061035156,491199
2020-02-19,120.78618621826172,150.77999877929688,150.82000732421875,148.57000732421875,148.75,593559
2020-02-20,121.57925415039062,151.77000427246094,152.35000610351562,150.3800048828125,151.4600067138672,762828
2020-02-21,121.23478698730469,151.33999633789062,151.75,150.7100067138672,150.99000549316406,687465
2020-02-24,116.70870208740234,145.69000244140625,149.27999877929688,145.47000122070312,149.1699981689453,1047587
2020-02-25,115.95570373535156,144.75,145.60000610351562,141.00999450683594,141.61000061035156,1269473
2020-02-26,113.1839828491211,141.2899932861328,142.99000549316406,140.77000427246094,142.63999938964844,1272973
2020-02-27,111.68597412109375,139.4199981689453,141.5500030517578,139.0,140.02999877929688,1344408
2020-02-28,108.00904846191406,134.8300018310547,136.7100067138672,133.72000122070312,135.0,3936105
2020-03-02,107.3441390991211,134.0,134.75,130.5,132.85000610351562,1893205
2020-03-03,108.91425323486328,135.9600067138672,139.0,135.9600067138672,138.00999450683594,1269326
2020-03-04,106.49498748779297,132.94000244140625,135.38999938964844,132.94000244140625,134.89999389648438,1487104
2020-03-05,110.17194366455078,137.52999877929688,137.55999755859375,135.72999572753906,136.0,1342351
2020-03-06,105.68590545654297,131.92999267578125,135.94000244140625,131.72000122070312,135.19000244140625,1205177
2020-03-09,97.33069610595703,121.5,125.12000274658203,118.70999908447266,120.0,2438466
2020-03-10,101.37612915039062,126.55000305175781,126.55000305175781,115.66999816894531,115.83000183105469,2376949
2020-03-11,96.85005950927734,120.9000015258789,128.92999267578125,120.9000015258789,127.8499984741211,1729888
2020-03-12,89.54423522949219,111.77999877929688,120.66999816894531,111.77999877929688,116.5999984741211,2695345
2020-03-13,93.3093032836914,116.4800033569336,116.4800033569336,99.62000274658203,103.38999938964844,3617201
2020-03-16,82.1102523803711,102.5,110.5,102.5,110.5,2686369
2020-03-17,83.70438385009766,104.48999786376953,106.19999694824219,96.7699966430664,98.27999877929688,3250118
2020-03-18,72.93795776367188,91.05000305175781,105.0,89.30000305175781,104.63999938964844,3678861
2020-03-19,63.525306701660156,79.30000305175781,94.76000213623047,77.3499984741211,91.1500015258789,5097253
2020-03-20,68.1395034790039,85.05999755859375,93.30000305175781,81.94999694824219,85.0,3261091
2020-03-23,57.69346618652344,72.0199966430664,79.11000061035156,70.44999694824219,79.0,3894390
2020-03-24,64.00595092773438,79.9000015258789,79.9000015258789,72.58999633789062,74.4800033569336,3063123
2020-03-25,67.70691680908203,84.5199966430664,90.48999786376953,80.80000305175781,90.0,3522488
2020-03-26,68.21160125732422,85.1500015258789,86.75,83.33999633789062,86.0,2571100
2020-03-27,64.09407806396484,80.01000213623047,90.0,80.0,89.5,4053955
2020-03-30,68.61213684082031,85.6500015258789,85.73999786376953,80.05999755859375,80.06999969482422,2767649
2020-03-31,68.69222259521484,85.75,91.97000122070312,85.08000183105469,91.4000015258789,2756293
2020-04-01,71.56810760498047,89.33999633789062,90.5,87.30000305175781,88.9000015258789,1731573
2020-04-02,70.54273223876953,88.05999755859375,88.97000122070312,84.02999877929688,86.5,1727981
2020-04-03,67.53067779541016,84.30000305175781,91.58000183105469,82.7300033569336,89.0,2089398
2020-04-06,73.698974609375,92.0,92.0999984741211,85.5,85.55999755859375,1553767
2020-04-07,74.05944061279297,92.44999694824219,96.9000015258789,90.41999816894531,95.0999984741211,1652130
2020-04-08,74.41191864013672,92.88999938964844,95.69999694824219,88.12999725341797,89.69999694824219,2098452
2020-04-09,79.70703125,99.5,99.5,95.16999816894531,96.0,1706318
2020-04-14,81.55751037597656,101.80999755859375,102.0,96.8499984741211,99.5999984741211,2214582
2020-04-15,80.87660217285156,100.95999908447266,105.2300033569336,100.04000091552734,102.86000061035156,1937178
2020-04-16,79.30650329589844,99.0,100.0199966430664,97.12000274658203,98.31999969482422,2289965
2020-04-17,80.4360122680664,100.41000366210938,103.6500015258789,100.0199966430664,101.80000305175781,1727282
2020-04-20,80.2437515258789,100.16999816894531,103.19999694824219,100.0999984741211,100.4000015258789,1444536
2020-04-21,78.82584381103516,98.4000015258789,100.98999786376953,98.0999984741211,99.87999725341797,1262996
2020-04-22,78.4253158569336,97.9000015258789,98.54000091552734,95.22000122070312,97.4800033569336,1530439
2020-04-23,77.67229461669922,96.95999908447266,99.05999755859375,95.69999694824219,98.9000015258789,1458678
2020-04-24,76.1102066040039,95.01000213623047,96.66000366210938,95.01000213623047,95.66999816894531,2468855
2020-04-27,79.30650329589844,99.0,99.19999694824219,94.83999633789062,95.25,1285151
2020-04-28,78.2971420288086,97.73999786376953,100.48999786376953,96.87000274658203,99.19999694824219,1117808
2020-04-29,80.18767547607422,100.0999984741211,100.0999984741211,98.0,98.01000213623047,875837
2020-04-30,82.23844146728516,102.66000366210938,103.72000122070312,101.0999984741211,102.94000244140625,2025411
2020-05-01,77.6402587890625,96.91999816894531,100.9800033569336,96.91999816894531,100.9800033569336,1602078
2020-05-04,77.88858795166016,97.2300033569336,97.86000061035156,93.62000274658203,96.0,2114362
2020-05-05,80.2998275756836,100.23999786376953,100.58000183105469,98.02999877929688,98.02999877929688,1340239
2020-05-06,79.66698455810547,99.44999694824219,100.38999938964844,98.43000030517578,100.19999694824219,868205
2020-05-07,79.74708557128906,99.55000305175781,100.54000091552734,97.91000366210938,98.9000015258789,934125
2020-05-08,84.2651596069336,105.19000244140625,106.19999694824219,98.0,98.55000305175781,2234281
2020-05-11,89.35198974609375,111.54000091552734,112.44999694824219,106.69999694824219,106.88999938964844,2261961
2020-05-12,85.7231216430664,107.01000213623047,110.05999755859375,106.4000015258789,109.30000305175781,1871019
2020-05-13,85.22643280029297,106.38999938964844,106.4800033569336,102.0999984741211,104.41000366210938,1992208
2020-05-14,82.63897705078125,103.16000366210938,105.44000244140625,103.0999984741211,103.19999694824219,1515164
2020-05-15,84.1770248413086,105.08000183105469,106.33000183105469,104.30999755859375,105.20999908447266,1301349
2020-05-18,83.29678344726562,102.19999694824219,103.77999877929688,101.55000305175781,102.27999877929688,2015816
2020-05-19,86.23906707763672,105.80999755859375,106.30999755859375,103.9000015258789,104.20999908447266,2367653
2020-05-20,85.30178833007812,104.66000366210938,105.05999755859375,102.66000366210938,103.87999725341797,1225640
2020-05-21,84.73125457763672,103.95999908447266,106.63999938964844,103.95999908447266,106.16999816894531,1133071
2020-05-22,83.63912200927734,102.62000274658203,105.0,102.44999694824219,104.0,1055429
2020-05-25,86.53248596191406,106.16999816894531,106.16999816894531,103.5,103.51000213623047,1534646
2020-05-26,88.6026840209961,108.70999908447266,108.70999908447266,105.75,106.30999755859375,1580257
2020-05-27,90.42835998535156,110.94999694824219,113.44999694824219,107.02999877929688,108.44999694824219,2494714
2020-05-28,91.86283111572266,112.70999908447266,115.22000122070312,112.16999816894531,113.83999633789062,1658096
2020-05-29,89.62963104248047,109.97000122070312,111.87000274658203,109.83999633789062,111.05999755859375,2737262
2020-06-01,90.05343627929688,110.48999786376953,111.08999633789062,107.19000244140625,108.80999755859375,1092962
2020-06-02,92.35185241699219,113.30999755859375,113.66999816894531,111.01000213623047,111.80000305175781,1264081
2020-06-03,94.62580108642578,116.0999984741211,116.43000030517578,114.33000183105469,114.47000122070312,1397108
2020-06-04,95.77500915527344,117.51000213623047,119.5999984741211,115.80999755859375,118.01000213623047,2200003
2020-06-05,96.17437744140625,118.0,118.69000244140625,117.41000366210938,117.5,1244531
2020-06-09,101.39061737060547,124.4000015258789,124.83000183105469,120.9000015258789,120.93000030517578,1956523
2020-06-10,101.0645980834961,124.0,124.12999725341797,121.4800033569336,121.4800033569336,1090024
2020-06-11,96.5411376953125,118.44999694824219,122.08000183105469,118.44999694824219,121.18000030517578,1470362
2020-06-12,94.21827697753906,115.5999984741211,116.20999908447266,111.25,112.2699966430664,1948813
2020-06-15,92.2947998046875,113.23999786376953,117.41000366210938,113.23999786376953,115.29000091552734,1361862
2020-06-16,98.0815658569336,120.33999633789062,121.16999816894531,116.8499984741211,117.27999877929688,1768485
2020-06-17,98.61949157714844,121.0,121.20999908447266,118.43000030517578,120.98999786376953,1164359
2020-06-18,97.6251449584961,119.77999877929688,121.0999984741211,118.2699966430664,120.33000183105469,1785339
2020-06-19,99.05145263671875,121.52999877929688,122.5999984741211,119.97000122070312,121.02999877929688,2293760
2020-06-22,98.30162811279297,120.61000061035156,121.37999725341797,118.87999725341797,119.63999938964844,834941
2020-06-23,99.08406066894531,121.56999969482422,122.8499984741211,119.08000183105469,121.3499984741211,1212319
2020-06-24,99.10034942626953,121.58999633789062,122.75,121.26000213623047,121.56999969482422,808509
2020-06-25,95.51419830322266,117.19000244140625,120.58999633789062,117.19000244140625,119.0,1708052
2020-06-26,97.14427947998047,119.19000244140625,120.69999694824219,117.58000183105469,118.02999877929688,2220045
2020-06-29,94.894775390625,116.43000030517578,117.41999816894531,114.5,115.62000274658203,1320649
2020-06-30,96.66339111328125,118.5999984741211,119.81999969482422,117.88999938964844,118.30000305175781,1430991
2020-07-01,98.40757751464844,120.73999786376953,121.18000030517578,117.66000366210938,118.0,1333577
2020-07-02,99.40191650390625,121.95999908447266,122.30000305175781,119.5999984741211,120.5199966430664,1129629
2020-07-03,99.45083618164062,122.0199966430664,123.16000366210938,120.3499984741211,122.75,717602
2020-07-06,100.91789245605469,123.81999969482422,124.66999816894531,121.5,122.0,1018346
2020-07-07,100.0865478515625,122.80000305175781,124.97000122070312,122.58000183105469,124.30000305175781,890740
2020-07-08,99.13296508789062,121.62999725341797,122.80000305175781,121.02999877929688,121.5,905725
2020-07-09,99.16555786132812,121.66999816894531,123.0999984741211,121.43000030517578,122.5,702422
2020-07-10,97.6414566040039,119.80000305175781,121.58999633789062,118.91000366210938,120.55000305175781,946080
2020-07-13,99.5567855834961,122.1500015258789,123.30999755859375,121.0,122.12000274658203,942430
2020-07-14,99.0270004272461,121.5,122.5999984741211,120.44999694824219,120.51000213623047,667696
2020-07-15,100.90973663330078,123.80999755859375,124.16999816894531,122.0,122.0,989161
2020-07-16,101.667724609375,124.73999786376953,125.0,123.80999755859375,124.88999938964844,1123100
2020-07-17,102.02632904052734,125.18000030517578,125.9800033569336,124.23999786376953,124.83999633789062,1608669
2020-07-20,101.37432098388672,124.37999725341797,125.62000274658203,124.05999755859375,125.26000213623047,714938
2020-07-21,104.1943359375,127.83999633789062,128.6300048828125,124.75,125.06999969482422,944136
2020-07-22,103.34671020507812,126.80000305175781,128.13999938964844,126.51000213623047,127.0,629243
2020-07-23,103.19184875488281,126.61000061035156,127.5999984741211,125.80000305175781,126.5999984741211,617437
2020-07-24,102.52352142333984,125.79000091552734,126.30000305175781,124.8499984741211,125.68000030517578,502055
2020-07-27,103.18370819091797,126.5999984741211,126.97000122070312,124.9000015258789,125.01000213623047,548495
2020-07-28,101.5291748046875,124.56999969482422,127.83000183105469,124.18000030517578,126.62999725341797,974796
2020-07-29,101.86334228515625,124.9800033569336,125.97000122070312,124.4000015258789,124.5999984741211,766657
2020-07-30,102.69467163085938,126.0,127.91999816894531,125.22000122070312,125.81999969482422,1047505
2020-07-31,100.64892578125,123.48999786376953,125.0,122.55000305175781,124.01000213623047,1392431
2020-08-03,99.42637634277344,121.98999786376953,123.38999938964844,121.26499938964844,122.37999725341797,844380
2020-08-04,102.07524108886719,125.23999786376953,125.87999725341797,123.62999725341797,123.80000305175781,1164358
2020-08-05,101.42323303222656,124.44000244140625,125.08000183105469,123.58999633789062,123.5999984741211,664199
2020-08-06,101.81443786621094,124.91999816894531,126.2699966430664,124.20999908447266,124.91999816894531,646390
2020-08-07,101.61882019042969,124.68000030517578,125.16500091552734,123.51000213623047,123.51000213623047,601947
2020-08-10,103.03697967529297,126.41999816894531,127.37999725341797,125.26000213623047,125.62999725341797,927756
2020-08-11,102.86582946777344,126.20999908447266,127.98999786376953,126.20999908447266,126.52999877929688,805370
2020-08-12,103.45266723632812,126.93000030517578,128.25,126.0,127.41999816894531,609336
2020-08-13,102.49907684326172,125.76000213623047,127.87999725341797,125.4800033569336,127.16000366210938,929906
2020-08-14,102.84137725830078,126.18000030517578,126.95999908447266,125.58000183105469,125.68000030517578,606630
2020-08-17,103.25704193115234,126.69000244140625,127.26000213623047,125.25,125.37999725341797,952005
2020-08-18,104.01502990722656,127.62000274658203,128.09500122070312,126.0199966430664,126.7699966430664,871853
2020-08-19,104.38994598388672,128.0800018310547,129.24000549316406,127.05000305175781,127.0999984741211,741576
2020-08-20,105.54730987548828,129.5,129.72999572753906,127.12999725341797,127.25,965027
2020-08-21,103.86018371582031,127.43000030517578,130.24000549316406,127.30999755859375,129.89999389648438,1764535
2020-08-24,104.10469818115234,127.7300033569336,128.4949951171875,127.05000305175781,127.37000274658203,613791
2020-08-25,105.10718536376953,128.9600067138672,130.99000549316406,128.66000366210938,129.2899932861328,913538
2020-08-26,105.4168930053711,129.33999633789062,129.63999938964844,127.62999725341797,128.5,603414
2020-08-27,105.06643676757812,128.91000366210938,130.3300018310547,128.82000732421875,129.33999633789062,823974
2020-08-28,104.52037048339844,128.24000549316406,129.83999633789062,127.72000122070312,128.8000030517578,661877
2020-08-31,104.08023834228516,127.69999694824219,129.41000366210938,127.69999694824219,128.0,688587
2020-09-01,102.4012680053711,125.63999938964844,127.69000244140625,124.0199966430664,127.18000030517578,1133328
2020-09-02,104.08023834228516,127.69999694824219,127.97000122070312,125.0,125.16999816894531,863947
2020-09-03,106.1178207397461,130.1999969482422,131.75,128.55999755859375,129.1999969482422,1234849
2020-09-04,102.85768127441406,126.19999694824219,127.9000015258789,125.7699966430664,127.66999816894531,806346
2020-09-07,103.31410217285156,126.76000213623047,127.55999755859375,124.30999755859375,125.5,584994
2020-09-08,104.43885803222656,128.13999938964844,128.89999389648438,127.27999877929688,127.73999786376953,683382
2020-09-09,102.69467163085938,126.0,126.93000030517578,125.01000213623047,125.5,768182
2020-09-10,103.82756805419922,127.38999938964844,128.4499969482422,126.55999755859375,127.87999725341797,661728
2020-09-11,102.77618408203125,126.0999984741211,127.75,125.86000061035156,126.75,646091
2020-09-14,97.96746826171875,120.19999694824219,121.80000305175781,118.87000274658203,120.0,1811497
2020-09-15,96.73676300048828,118.69000244140625,120.8550033569336,118.36000061035156,120.38999938964844,1659786
2020-09-16,97.49474334716797,119.62000274658203,120.19000244140625,118.9000015258789,119.5,1465970
2020-09-17,97.50288391113281,119.62999725341797,120.3499984741211,119.11000061035156,119.4800033569336,1013690
2020-09-18,99.89095306396484,122.55999755859375,123.20999908447266,120.26000213623047,120.3499984741211,2820894
2020-09-21,98.73358917236328,121.13999938964844,122.5199966430664,120.52999877929688,122.45999908447266,878835
2020-09-22,97.80445861816406,120.0,120.61000061035156,119.3499984741211,120.26000213623047,832862
2020-09-23,99.62198638916016,122.2300033569336,122.69000244140625,120.55000305175781,121.3499984741211,918834
2020-09-24,99.21446228027344,121.7300033569336,121.93000030517578,119.6500015258789,120.68000030517578,904651
2020-09-25,99.16555786132812,121.66999816894531,123.0,121.18000030517578,122.12999725341797,761341
2020-09-28,99.1737060546875,121.68000030517578,123.04000091552734,121.13999938964844,121.79000091552734,523584
2020-09-29,99.77684783935547,122.41999816894531,124.41000366210938,121.95999908447266,122.30000305175781,726182
2020-09-30,97.45398712158203,119.56999969482422,121.93000030517578,119.56999969482422,121.18000030517578,1046507
2020-10-01,98.13861846923828,120.41000366210938,121.3499984741211,119.83000183105469,119.83000183105469,544689
2020-10-02,97.0709228515625,119.0999984741211,120.91000366210938,118.68000030517578,119.69999694824219,752734
2020-10-05,99.96430969238281,122.6500015258789,122.6500015258789,120.51000213623047,120.51000213623047,508417
2020-10-06,100.5755844116211,123.4000015258789,123.4000015258789,121.83000183105469,123.0199966430664,569462
2020-10-07,103.44451141357422,126.91999816894531,127.25,122.98999786376953,123.44999694824219,888346
2020-10-08,105.4902572631836,129.42999267578125,130.3000030517578,127.80000305175781,127.98999786376953,832842
2020-10-09,105.76737213134766,129.77000427246094,130.72999572753906,129.3300018310547,129.88999938964844,481818
2020-10-12,105.63695526123047,129.61000061035156,129.8800048828125,128.36000061035156,129.0,490579
2020-10-13,106.74540710449219,130.97000122070312,131.85000610351562,130.6699981689453,131.0500030517578,651011
2020-10-14,106.91656494140625,131.17999267578125,131.60000610351562,130.1999969482422,130.1999969482422,610001
2020-10-15,108.04946899414062,132.57000732421875,133.1300048828125,131.25999450683594,131.77000427246094,712218
2020-10-16,109.49208068847656,134.33999633789062,134.8699951171875,132.67999267578125,132.75,1222363
2020-10-19,110.87763977050781,136.0399932861328,136.74000549316406,134.5,134.58999633789062,670923
2020-10-20,109.86698913574219,134.8000030517578,137.47999572753906,134.3000030517578,135.5,627028
2020-10-21,110.95099639892578,136.1300048828125,136.39999389648438,134.4499969482422,134.52000427246094,648061
2020-10-22,110.91026306152344,136.0800018310547,136.52999877929688,134.74000549316406,134.8000030517578,907129
2020-10-23,110.99176025390625,136.17999267578125,137.33999633789062,136.17999267578125,136.75999450683594,977932
2020-10-26,111.21182250976562,136.4499969482422,136.6999969482422,135.25,135.77999877929688,834918
2020-10-27,110.16857147216797,135.1699981689453,136.27999877929688,134.64999389648438,134.9499969482422,506679
2020-10-28,107.2181396484375,131.5500030517578,133.94000244140625,131.22999572753906,133.60000610351562,859125
2020-10-29,104.1943359375,127.83999633789062,128.7899932861328,126.75,127.54000091552734,1106700
2020-10-30,103.30596160888672,126.75,128.7899932861328,126.75,127.62999725341797,905075
2020-11-02,103.81127166748047,127.37000274658203,127.7699966430664,125.55999755859375,126.31999969482422,757529
2020-11-03,106.63130950927734,130.8300018310547,131.9499969482422,128.0,128.10000610351562,863423
2020-11-04,108.29398345947266,132.8699951171875,134.55999755859375,130.4499969482422,131.11000061035156,788080
2020-11-05,107.95166778564453,132.4499969482422,133.52999877929688,131.30999755859375,132.32000732421875,871820
2020-11-06,110.39678192138672,135.4499969482422,136.4499969482422,132.61000061035156,133.0,1057587
2020-11-09,111.20365905761719,136.44000244140625,136.8800048828125,133.9600067138672,135.4499969482422,1095285
2020-11-10,113.43685913085938,139.17999267578125,143.97999572753906,138.3800048828125,140.0,1485566
2020-11-11,115.76785278320312,142.0399932861328,143.0,139.86000061035156,139.86000061035156,1043947
2020-11-12,114.9365463256836,141.02000427246094,143.3699951171875,140.25,142.97999572753906,856484
2020-11-13,115.05879211425781,141.1699981689453,142.05999755859375,139.75,140.0,810186
2020-11-16,115.56073760986328,140.42999267578125,141.47999572753906,140.0,141.10000610351562,492426
2020-11-17,114.94354248046875,139.67999267578125,141.2899932861328,139.4199981689453,140.8800048828125,1271055
2020-11-18,114.5321044921875,139.17999267578125,140.0399932861328,138.05999755859375,139.10000610351562,957523
2020-11-19,113.56929779052734,138.00999450683594,138.82000732421875,137.47000122070312,138.22999572753906,1096888
2020-11-20,112.46664428710938,136.6699981689453,137.7100067138672,136.17999267578125,137.0,1616572
2020-11-23,114.96002960205078,139.6999969482422,141.30999755859375,136.8699951171875,136.8699951171875,669995
2020-11-24,114.885986328125,139.61000061035156,140.2100067138672,137.2100067138672,137.2100067138672,787813
2020-11-25,116.06273651123047,141.0399932861328,141.72500610351562,139.63999938964844,139.77999877929688,853338
2020-11-26,113.78328704833984,138.27000427246094,140.5,137.92999267578125,140.22999572753906,1083694
2020-11-27,113.14141845703125,137.49000549316406,138.69000244140625,136.9499969482422,137.77999877929688,588000
2020-11-30,114.11245727539062,138.6699981689453,140.69000244140625,137.8300018310547,138.50999450683594,2141175
2020-12-01,115.3632583618164,140.19000244140625,142.13999938964844,138.0500030517578,138.0500030517578,1041883
2020-12-02,113.84089660644531,138.33999633789062,140.0500030517578,137.00999450683594,139.49000549316406,1021513
2020-12-03,114.05484008789062,138.60000610351562,139.0800018310547,137.33999633789062,137.69000244140625,732974
2020-12-04,116.70462036132812,141.82000732421875,142.47999572753906,139.24000549316406,139.5500030517578,982591
2020-12-07,115.98866271972656,140.9499969482422,142.5399932861328,139.5399932861328,142.25,610117
2020-12-08,116.05452728271484,141.02999877929688,141.4199981689453,140.0,140.0,646056
2020-12-09,115.01764678955078,139.77000427246094,141.4600067138672,139.6999969482422,141.4600067138672,609625
2020-12-10,114.5074462890625,139.14999389648438,141.4600067138672,139.02999877929688,141.22000122070312,922934
2020-12-11,113.62692260742188,138.0800018310547,138.89999389648438,137.5800018310547,138.1999969482422,617112
2020-12-14,113.39652252197266,137.8000030517578,139.75,137.72999572753906,138.5,468111
2020-12-15,113.17430877685547,137.52999877929688,138.25,137.13999938964844,137.83999633789062,513104
2020-12-16,113.90670776367188,138.4199981689453,139.67999267578125,138.2100067138672,139.00999450683594,654168
2020-12-17,116.50709533691406,141.5800018310547,141.5800018310547,139.11000061035156,139.41000366210938,1102187
2020-12-18,113.52819061279297,137.9600067138672,141.7899932861328,137.85000610351562,141.7899932861328,1888978
2020-12-21,113.27306365966797,137.64999389648438,138.3699951171875,136.86000061035156,137.75,436257
2020-12-22,112.94393157958984,137.25,137.5800018310547,136.32000732421875,137.5,562542
2020-12-23,114.28526306152344,138.8800048828125,140.5500030517578,137.80999755859375,138.14999389648438,539521
2020-12-24,115.29741668701172,140.11000061035156,141.16000366210938,139.77000427246094,140.1999969482422,327860
2020-12-29,115.63483428955078,140.52000427246094,141.1999969482422,140.1199951171875,140.7100067138672,272440
2020-12-30,115.61013793945312,140.49000549316406,140.49000549316406,139.02999877929688,140.0,316483
2020-12-31,113.95608520507812,138.47999572753906,140.82000732421875,138.47999572753906,140.25,276778
2021-01-04,115.2069320678711,140.0,140.25,138.30999755859375,138.5399932861328,322772
2021-01-05,114.47451782226562,139.11000061035156,139.9199981689453,138.11000061035156,138.64999389648438,577844
2021-01-06,111.76718139648438,135.82000732421875,138.8000030517578,135.1699981689453,138.16000366210938,941241
2021-01-07,113.93140411376953,138.4499969482422,139.99000549316406,137.1699981689453,139.0500030517578,835990
2021-01-08,115.98866271972656,140.9499969482422,140.9499969482422,139.5,139.69000244140625,723001
2021-01-11,115.21512603759766,140.00999450683594,142.3699951171875,139.72000122070312,141.0,507910
2021-01-12,114.2112045288086,138.7899932861328,140.8000030517578,138.7899932861328,140.00999450683594,585238
2021-01-13,112.70527648925781,136.9600067138672,138.25999450683594,136.91000366210938,138.0,896126
2021-01-14,113.80796813964844,138.3000030517578,138.66000366210938,136.00999450683594,136.00999450683594,559640
2021-01-15,113.0097427368164,137.3300018310547,138.5800018310547,137.3300018310547,137.75,348915
2021-01-18,112.4501724243164,136.64999389648438,137.5,136.27999877929688,136.9600067138672,353916
2021-01-19,114.2441177368164,138.8300018310547,139.7899932861328,136.75,136.91000366210938,661123
2021-01-20,113.92317962646484,138.44000244140625,139.44000244140625,138.11000061035156,138.58999633789062,521443
2021-01-21,114.75432586669922,139.4499969482422,140.3000030517578,138.36000061035156,138.6699981689453,639105
2021-01-22,112.82048034667969,137.10000610351562,138.94000244140625,136.8350067138672,138.94000244140625,911458
2021-01-25,112.80403900146484,137.0800018310547,137.53500366210938,136.3000030517578,137.00999450683594,452782
2021-01-27,111.6190414428711,135.63999938964844,136.4499969482422,135.5399932861328,136.0,851515
2021-01-28,109.77571105957031,133.39999389648438,135.13999938964844,132.1300048828125,135.0,1070049
2021-01-29,108.12991333007812,131.39999389648438,135.2899932861328,130.3800048828125,134.6699981689453,1179071
2021-02-01,108.73064422607422,132.1300048828125,132.7100067138672,126.51000213623047,129.22999572753906,791447
2021-02-02,110.50811004638672,134.2899932861328,134.82000732421875,132.52000427246094,133.0,560153
2021-02-03,111.18289184570312,135.11000061035156,136.3699951171875,134.36000061035156,135.89999389648438,613779
2021-02-04,110.84550476074219,134.6999969482422,136.27000427246094,134.1750030517578,136.07000732421875,448662
2021-02-05,110.69738006591797,134.52000427246094,136.25999450683594,134.4600067138672,135.97000122070312,660989
2021-02-08,110.4751968383789,134.25,135.13999938964844,133.19000244140625,134.52000427246094,846484
2021-02-09,117.79082489013672,143.13999938964844,144.89999389648438,141.8000030517578,143.0,2330170
2021-02-10,121.27172088623047,147.3699951171875,148.3800048828125,144.3000030517578,144.5,1251567
2021-02-11,120.31717681884766,146.2100067138672,146.9199981689453,145.1300048828125,145.6999969482422,530758
2021-02-12,118.72895050048828,144.27999877929688,146.0,143.60000610351562,145.3000030517578,443579
2021-02-15,119.63417053222656,145.3800048828125,146.0800018310547,144.52000427246094,144.6999969482422,386940
2021-02-16,120.95903015136719,146.99000549316406,147.3300018310547,145.9600067138672,146.5,570368
2021-02-17,119.87278747558594,145.6699981689453,147.44000244140625,145.1199951171875,146.4199981689453,696972
2021-02-18,119.78227233886719,145.55999755859375,146.6699981689453,144.32000732421875,146.3000030517578,695649
2021-02-19,117.06666564941406,142.25999450683594,144.67999267578125,141.02000427246094,144.35000610351562,1104038
2021-02-22,121.09068298339844,147.14999389648438,148.38999938964844,145.9199981689453,147.02000427246094,1101008
2021-02-23,122.09463500976562,148.3699951171875,149.0,145.92999267578125,148.5,724729
2021-02-24,120.88497924804688,146.89999389648438,147.89999389648438,145.4250030517578,147.30999755859375,741019
2021-02-25,119.58476257324219,145.32000732421875,147.55999755859375,145.32000732421875,146.30999755859375,824927
2021-02-26,117.24772644042969,142.47999572753906,143.9199981689453,140.8300018310547,143.1999969482422,1088034
2021-03-01,119.60945892333984,145.35000610351562,145.52999877929688,142.97000122070312,143.02999877929688,762056
2021-03-02,120.8355941772461,146.83999633789062,148.14999389648438,146.36000061035156,146.8000030517578,771521
2021-03-03,121.57621765136719,147.74000549316406,147.74000549316406,144.88999938964844,145.94000244140625,533069
2021-03-04,120.4981918334961,146.42999267578125,148.33999633789062,145.00999450683594,147.07000732421875,913071
2021-03-05,118.6631088256836,144.1999969482422,146.63999938964844,142.25999450683594,145.77999877929688,1038942
2021-03-08,122.16046905517578,148.4499969482422,148.80999755859375,146.57000732421875,146.85000610351562,851562
2021-03-09,125.12294006347656,152.0500030517578,152.88999938964844,150.0,150.0,1171049
2021-03-10,123.73223114013672,150.36000061035156,153.5,149.82000732421875,153.0,614970
2021-03-11,122.3250503540039,148.64999389648438,150.4499969482422,147.47999572753906,150.0500030517578,705095
2021-03-12,123.1068344116211,149.60000610351562,150.77000427246094,149.02000427246094,149.8300018310547,433121
2021-03-15,123.2220230102539,149.74000549316406,150.4499969482422,148.36000061035156,149.0,395808
2021-03-16,124.30825805664062,151.05999755859375,151.8800048828125,149.3800048828125,150.27999877929688,727445
2021-03-17,124.55510711669922,151.36000061035156,151.88999938964844,149.27999877929688,151.39999389648438,515211
2021-03-18,124.62097930908203,151.44000244140625,152.52000427246094,149.8300018310547,150.3000030517578,1047337
2021-03-19,122.44847869873047,148.8000030517578,150.64999389648438,148.5,150.64999389648438,2172434
2021-03-22,124.18484497070312,150.91000366210938,151.52999877929688,148.25,148.52999877929688,529256
2021-03-23,124.27533721923828,151.02000427246094,151.63999938964844,150.02000427246094,150.32000732421875,453825
2021-03-24,124.67855072021484,151.50999450683594,152.35000610351562,150.86000061035156,151.49000549316406,674880
2021-03-25,125.71544647216797,152.77000427246094,153.1699981689453,150.66000366210938,150.8000030517578,480073
2021-03-26,126.23384857177734,153.39999389648438,154.77000427246094,153.0800018310547,153.5,437674
2021-03-29,124.63744354248047,151.4600067138672,155.39999389648438,150.60000610351562,154.10000610351562,719362
2021-03-30,123.89681243896484,150.55999755859375,152.6199951171875,150.5399932861328,151.4600067138672,395787
2021-03-31,125.76481628417969,152.8300018310547,154.4600067138672,151.0,151.99000549316406,643897
2021-04-01,125.18052673339844,152.1199951171875,152.39999389648438,150.5399932861328,151.39999389648438,420122
2021-04-06,125.22991943359375,152.17999267578125,153.8800048828125,151.8000030517578,153.61000061035156,468274
2021-04-07,124.8266830444336,151.69000244140625,151.91000366210938,150.0399932861328,151.00999450683594,749355
2021-04-08,126.40666961669922,153.61000061035156,154.5,151.22999572753906,152.49000549316406,611826
2021-04-09,127.38593292236328,154.8000030517578,155.94000244140625,152.74000549316406,153.64999389648438,528540
2021-04-12,126.66175842285156,153.9199981689453,154.25999450683594,152.32000732421875,153.94000244140625,489014
2021-04-13,126.93329620361328,154.25,154.97000122070312,153.5399932861328,154.0,375621
2021-04-14,127.80562591552734,155.30999755859375,155.94000244140625,153.5800018310547,154.1999969482422,435460
2021-04-15,129.8957977294922,157.85000610351562,158.1999969482422,154.3699951171875,155.30999755859375,831298
2021-04-16,128.57913208007812,156.25,157.3800048828125,155.19000244140625,157.00999450683594,1344995
2021-04-19,129.42674255371094,157.27999877929688,158.0500030517578,155.86000061035156,156.88999938964844,342400
2021-04-20,128.3734130859375,156.0,156.94000244140625,155.4600067138672,156.61000061035156,410416
2021-04-21,128.2417449951172,155.83999633789062,155.83999633789062,151.14999389648438,153.17999267578125,847312
2021-04-22,128.7025604248047,156.39999389648438,156.83999633789062,154.74000549316406,156.0,533371
2021-04-23,130.38954162597656,158.4499969482422,158.5,156.0500030517578,156.19000244140625,498242
2021-04-26,130.2167205810547,158.24000549316406,159.63999938964844,157.49000549316406,159.5,424117
2021-04-27,130.71868896484375,158.85000610351562,159.0,157.17999267578125,158.0,515954
2021-04-28,132.38919067382812,160.8800048828125,161.47999572753906,158.33999633789062,159.6300048828125,742411
2021-04-29,132.0929412841797,160.52000427246094,162.05999755859375,160.36000061035156,161.5,491582
2021-04-30,132.0682830810547,160.49000549316406,161.1999969482422,159.67999267578125,160.8000030517578,478711
2021-05-03,131.82138061523438,160.19000244140625,161.42999267578125,159.39999389648438,160.6699981689453,420128
2021-05-04,131.8954315185547,160.27999877929688,160.52999877929688,159.5800018310547,160.17999267578125,370896
2021-05-05,132.57846069335938,161.11000061035156,161.7899932861328,159.5500030517578,160.11000061035156,400947
2021-05-06,130.84213256835938,159.0,161.72000122070312,158.47999572753906,160.72000122070312,535161
2021-05-07,130.38954162597656,158.4499969482422,160.30999755859375,157.14500427246094,159.0,670865
2021-05-10,130.19204711914062,158.2100067138672,159.5800018310547,157.25,157.6199951171875,607334
2021-05-11,128.3240509033203,155.94000244140625,158.5,154.5500030517578,157.4600067138672,1015366
2021-05-12,126.9415512084961,154.25999450683594,156.35000610351562,153.10000610351562,154.5,831299
2021-05-13,127.43528747558594,154.86000061035156,155.8350067138672,153.25,154.16000366210938,645347
2021-05-14,130.29901123046875,158.33999633789062,159.32000732421875,156.1999969482422,156.25999450683594,723630
2021-05-17,126.59996795654297,150.58999633789062,155.66000366210938,150.47000122070312,154.10000610351562,1862266
2021-05-18,129.57601928710938,154.1300048828125,154.5,149.5,149.58999633789062,1030281
2021-05-19,126.0787353515625,149.97000122070312,151.4499969482422,149.1199951171875,150.0500030517578,925543
2021-05-20,126.40660858154297,150.36000061035156,151.22999572753906,148.61000061035156,149.0,801324
2021-05-21,127.18004608154297,151.27999877929688,152.00999450683594,149.5500030517578,150.16000366210938,849849
2021-05-24,125.40618896484375,149.1699981689453,149.88999938964844,147.60000610351562,149.58999633789062,820014
2021-05-25,128.5587921142578,152.9199981689453,152.97999572753906,148.0,148.5,891769
2021-05-26,128.2981719970703,152.61000061035156,153.8000030517578,150.32000732421875,150.69000244140625,751448
2021-05-27,127.59198760986328,151.77000427246094,152.42999267578125,150.72999572753906,151.9199981689453,852056
2021-05-28,128.18048095703125,152.47000122070312,154.1999969482422,151.55999755859375,151.77000427246094,970754
2021-05-31,127.72647094726562,151.92999267578125,153.07000732421875,151.63999938964844,152.16000366210938,652573
2021-06-01,126.42343139648438,150.3800048828125,151.77499389648438,150.1199951171875,151.61000061035156,527253
2021-06-02,127.7769546508789,151.99000549316406,152.22999572753906,149.88999938964844,150.64999389648438,699334
2021-06-03,128.15524291992188,152.44000244140625,152.6999969482422,150.5,151.14999389648438,674573
2021-06-04,129.4667510986328,154.0,154.8699951171875,151.5399932861328,152.55999755859375,888419
2021-06-07,129.03797912597656,153.49000549316406,154.47999572753906,152.80999755859375,154.00999450683594,426056
2021-06-08,128.97914123535156,153.4199981689453,154.1999969482422,152.67999267578125,152.8800048828125,480826
2021-06-09,127.28934478759766,151.41000366210938,152.32000732421875,150.32000732421875,150.50999450683594,654847
2021-06-10,128.21409606933594,152.50999450683594,153.2100067138672,150.25,150.52000427246094,730271
2021-06-11,127.41543579101562,151.55999755859375,152.82000732421875,150.52999877929688,150.52999877929688,564357
2021-06-15,129.3658447265625,153.8800048828125,154.69000244140625,152.02000427246094,152.25999450683594,666470
2021-06-16,130.28219604492188,154.97000122070312,155.4499969482422,153.94000244140625,155.00999450683594,605822
2021-06-17,129.48355102539062,154.02000427246094,155.61000061035156,153.27999877929688,155.0,894531
2021-06-18,129.68528747558594,154.25999450683594,155.47999572753906,152.5500030517578,153.08999633789062,1712248
2021-06-21,126.86058044433594,150.89999389648438,152.22999572753906,149.00999450683594,152.0,756987
2021-06-22,129.09681701660156,153.55999755859375,154.39999389648438,152.57000732421875,153.33999633789062,598236
2021-06-23,128.96229553222656,153.39999389648438,153.86000061035156,152.4199981689453,153.67999267578125,551813
2021-06-24,128.16363525390625,152.4499969482422,153.33999633789062,151.58999633789062,152.9600067138672,540477
2021-06-25,130.2485809326172,154.92999267578125,156.3800048828125,153.97999572753906,154.25,804436
2021-06-28,130.22335815429688,154.89999389648438,155.5,154.42999267578125,155.5,328119
2021-06-29,130.72775268554688,155.5,155.74000549316406,153.89999389648438,153.89999389648438,462778
2021-06-30,131.50961303710938,156.42999267578125,158.60000610351562,156.11000061035156,157.0,522638
2021-07-01,130.08042907714844,154.72999572753906,156.92999267578125,154.67999267578125,156.6699981689453,420177
2021-07-02,131.9131622314453,156.91000366210938,157.47999572753906,155.52000427246094,155.52000427246094,491877
2021-07-05,131.95518493652344,156.9600067138672,157.25999450683594,156.0500030517578,156.33999633789062,391109
2021-07-06,130.97998046875,155.8000030517578,157.7100067138672,155.27000427246094,157.00999450683594,666084
2021-07-07,131.53485107421875,156.4600067138672,156.82000732421875,155.0800018310547,155.4199981689453,421684
2021-07-08,132.13174438476562,157.1699981689453,157.8699951171875,156.1999969482422,157.02999877929688,393519
2021-07-09,129.62648010253906,154.19000244140625,156.99000549316406,152.75999450683594,155.75999450683594,952675
2021-07-12,130.80343627929688,155.58999633789062,156.14999389648438,155.00999450683594,156.11000061035156,410376
2021-07-13,130.39991760253906,155.11000061035156,157.42999267578125,154.92999267578125,156.4199981689453,573131
2021-07-14,130.32424926757812,155.02000427246094,155.7899932861328,154.35499572753906,155.77999877929688,595732
2021-07-15,129.22293090820312,153.7100067138672,155.9499969482422,153.2100067138672,155.1999969482422,807775
2021-07-16,130.71934509277344,155.49000549316406,155.6300048828125,153.39999389648438,153.5,888594
2021-07-19,129.22293090820312,153.7100067138672,154.22999572753906,152.85000610351562,153.7100067138672,331560
2021-07-20,128.80259704589844,153.2100067138672,153.97999572753906,151.0500030517578,151.55999755859375,647048
2021-07-21,130.45034790039062,155.1699981689453,156.25,154.41000366210938,155.14999389648438,721162
2021-07-22,132.3839569091797,157.47000122070312,157.8699951171875,156.38999938964844,156.5,686283
2021-07-23,132.57728576660156,157.6999969482422,157.6999969482422,156.38999938964844,157.02000427246094,448430
2021-07-26,133.5693359375,158.8800048828125,159.2100067138672,157.6999969482422,158.0,660371
2021-07-27,132.6445770263672,157.77999877929688,159.67999267578125,157.2899932861328,159.0,569958
2021-07-28,131.71978759765625,156.67999267578125,158.75,156.50999450683594,157.72000122070312,453754
2021-07-29,132.09808349609375,157.1300048828125,157.5800018310547,155.8300018310547,156.60000610351562,480253
2021-07-30,131.9047088623047,156.89999389648438,157.75,155.8300018310547,157.10000610351562,545933
2021-08-02,132.661376953125,157.8000030517578,158.49000549316406,156.27999877929688,156.9499969482422,452206
2021-08-03,131.19854736328125,156.05999755859375,157.8000030517578,155.22999572753906,157.0,541512
2021-08-04,130.8202362060547,155.61000061035156,156.27000427246094,154.82000732421875,156.0,615320
2021-08-05,132.04766845703125,157.07000732421875,157.3300018310547,155.5,155.8699951171875,690358
2021-08-06,132.6445770263672,157.77999877929688,157.82000732421875,156.2899932861328,156.6300048828125,575163
2021-08-09,133.46002197265625,158.75,160.15499877929688,158.61000061035156,158.6199951171875,648307
2021-08-10,133.7542724609375,159.10000610351562,159.8699951171875,158.1699981689453,159.13999938964844,437067
2021-08-11,134.48568725585938,159.97000122070312,160.0,159.0,159.1199951171875,584453
2021-08-12,137.1422576904297,163.1300048828125,163.65499877929688,160.6999969482422,160.77000427246094,976433
2021-08-13,138.2771759033203,164.47999572753906,164.88999938964844,163.5399932861328,163.75999450683594,501995
2021-08-16,137.24313354492188,163.25,164.1699981689453,163.22999572753906,163.85000610351562,521564
2021-08-17,136.81439208984375,162.74000549316406,163.75999450683594,162.08999633789062,163.5,426631
2021-08-18,137.57940673828125,163.64999389648438,164.8699951171875,162.6199951171875,163.0,559300
2021-08-19,138.69752502441406,164.97999572753906,165.49000549316406,162.7899932861328,162.97000122070312,609719
2021-08-20,137.5121612548828,163.57000732421875,166.36000061035156,163.27999877929688,165.8800048828125,1235053
2021-08-23,137.9829559326172,164.1300048828125,164.49000549316406,162.97999572753906,163.8300018310547,301551
2021-08-24,138.71435546875,165.0,165.38999938964844,163.89999389648438,164.8000030517578,328677
2021-08-25,138.21835327148438,164.41000366210938,166.66000366210938,163.41000366210938,166.4600067138672,428281
2021-08-26,138.1763153076172,164.36000061035156,165.36000061035156,163.64999389648438,165.0,402606
2021-08-27,139.2187957763672,165.60000610351562,166.05999755859375,164.0,164.0,486096
2021-08-30,139.54666137695312,165.99000549316406,166.49000549316406,165.02000427246094,166.1999969482422,468524
2021-08-31,140.1771697998047,166.74000549316406,167.6199951171875,165.33999633789062,165.8800048828125,719905
2021-09-01,140.22760009765625,166.8000030517578,167.0399932861328,165.0500030517578,165.64999389648438,410609
2021-09-02,141.27845764160156,168.0500030517578,168.5,166.3699951171875,167.49000549316406,536435
2021-09-03,142.2284393310547,169.17999267578125,169.77000427246094,168.17999267578125,168.47999572753906,486075
2021-09-06,143.0019073486328,170.10000610351562,170.10000610351562,167.60000610351562,167.60000610351562,669791
2021-09-07,143.84259033203125,171.10000610351562,171.16000366210938,169.57000732421875,170.1999969482422,525116
2021-09-08,150.59335327148438,179.1300048828125,182.66000366210938,178.14999389648438,180.16000366210938,1282036
2021-09-09,147.40711975097656,175.33999633789062,179.0,174.30999755859375,178.17999267578125,851477
2021-09-10,146.47393798828125,174.22999572753906,176.94000244140625,173.33999633789062,176.3800048828125,702052
2021-09-13,147.17173767089844,175.05999755859375,175.1999969482422,172.32000732421875,172.3699951171875,532082
2021-09-14,149.90399169921875,178.30999755859375,179.25,174.85000610351562,175.9499969482422,664715
2021-09-15,149.6518096923828,178.00999450683594,178.88999938964844,175.1999969482422,177.07000732421875,742588
2021-09-16,151.20704650878906,179.86000061035156,181.60000610351562,178.72999572753906,178.77000427246094,893224
2021-09-17,151.4676513671875,180.1699981689453,180.39999389648438,178.75999450683594,180.0,2175973
2021-09-20,146.01995849609375,173.69000244140625,177.60000610351562,173.0500030517578,177.55999755859375,757861
2021-09-21,144.5403594970703,171.92999267578125,172.05999755859375,169.61000061035156,171.1999969482422,868546
2021-09-22,145.08682250976562,172.5800018310547,174.1699981689453,169.92999267578125,170.30999755859375,589230
2021-09-23,148.8699493408203,177.0800018310547,177.5500030517578,174.0399932861328,174.8000030517578,631306
2021-09-24,150.1477813720703,178.60000610351562,178.86000061035156,176.72000122070312,178.36000061035156,588488
2021-09-27,151.98048400878906,180.77999877929688,181.60000610351562,179.0,179.1999969482422,602106
2021-09-28,152.2243194580078,181.07000732421875,181.60000610351562,179.10000610351562,180.0,497194
2021-09-29,149.61814880371094,177.97000122070312,179.8300018310547,176.88999938964844,179.07000732421875,679810
2021-09-30,153.00613403320312,182.0,182.24000549316406,179.41000366210938,179.41000366210938,752144
2021-10-01,148.5504608154297,176.6999969482422,179.24000549316406,175.39500427246094,178.2899932861328,947940
2021-10-04,149.74424743652344,178.1199951171875,179.8699951171875,177.0399932861328,178.8800048828125,391439
2021-10-05,149.99642944335938,178.4199981689453,178.97999572753906,177.61000061035156,178.49000549316406,488148
2021-10-06,149.39955139160156,177.7100067138672,181.35000610351562,176.74000549316406,179.50999450683594,608530
2021-10-07,151.87960815429688,180.66000366210938,181.42999267578125,178.24000549316406,178.82000732421875,652394
2021-10-08,153.24154663085938,182.27999877929688,183.7100067138672,181.75,182.00999450683594,597083
2021-10-11,152.60260009765625,181.52000427246094,182.75999450683594,180.8000030517578,182.0,361852
2021-10-12,153.93931579589844,183.11000061035156,183.5,180.0,180.0,807421
2021-10-13,154.68753051757812,184.0,184.30999755859375,181.8699951171875,182.52999877929688,404230
2021-10-14,153.73753356933594,182.8699951171875,185.05999755859375,182.52000427246094,185.0,415886
2021-10-15,159.36178588867188,189.55999755859375,190.57000732421875,185.0,185.0800018310547,788488
2021-10-18,160.09317016601562,190.42999267578125,191.3800048828125,188.66000366210938,189.55999755859375,392169
2021-10-19,161.58119201660156,192.1999969482422,193.8800048828125,191.05999755859375,191.9600067138672,763658
2021-10-20,164.77584838867188,196.0,196.58999633789062,192.60000610351562,193.50999450683594,1005933
2021-10-21,166.3227081298828,197.83999633789062,198.8000030517578,196.8000030517578,196.8000030517578,992312
2021-10-22,167.34835815429688,199.05999755859375,199.13999938964844,195.99000549316406,197.60000610351562,1347436
2021-10-25,168.5337371826172,200.47000122070312,202.5,200.00999450683594,201.8000030517578,933860
2021-10-26,168.6177978515625,200.57000732421875,201.1300048828125,198.86000061035156,199.91000366210938,545560
2021-10-27,167.5585174560547,199.30999755859375,202.47999572753906,199.07000732421875,200.57000732421875,680869
2021-10-28,166.31430053710938,197.8300018310547,199.0,197.11000061035156,197.1300048828125,602053
2021-10-29,166.31430053710938,197.8300018310547,197.8300018310547,197.8300018310547,197.8300018310547,0
2021-11-01,167.02047729492188,198.6699981689453,199.00999450683594,193.25999450683594,194.0,1263014
2021-11-02,164.47317504882812,195.63999938964844,198.35000610351562,194.75,195.02999877929688,560141
2021-11-03,167.53330993652344,199.27999877929688,201.5,197.47000122070312,197.7899932861328,868520
2021-11-04,169.76954650878906,201.94000244140625,202.27999877929688,200.02000427246094,200.10000610351562,589134
2021-11-05,170.173095703125,202.4199981689453,204.22000122070312,202.00999450683594,202.00999450683594,1117476
2021-11-08,171.19564819335938,200.89999389648438,202.3800048828125,199.25,202.0,1287454
2021-11-09,170.42874145507812,200.0,201.6300048828125,199.57000732421875,201.0,586070
2021-11-10,170.4031524658203,199.97000122070312,201.82000732421875,199.55999755859375,200.89999389648438,376951
2021-11-11,169.1675567626953,198.52000427246094,200.19000244140625,196.16000366210938,199.5,564176
2021-11-12,171.50242614746094,201.25999450683594,201.8000030517578,198.6199951171875,199.0,512818
2021-11-15,173.12152099609375,203.16000366210938,203.44000244140625,199.60000610351562,199.60000610351562,515219
2021-11-16,172.55909729003906,202.5,203.60000610351562,201.97000122070312,203.02000427246094,618741
2021-11-17,173.5220184326172,203.6300048828125,204.39999389648438,202.27000427246094,202.7100067138672,1059915
2021-11-18,175.34561157226562,205.77000427246094,206.25,202.86000061035156,203.5,720518
2021-11-19,177.2458953857422,208.0,208.36000061035156,204.5500030517578,205.0,972866
2021-11-22,175.46490478515625,205.91000366210938,208.0,205.91000366210938,206.6199951171875,405767
2021-11-23,175.79722595214844,206.3000030517578,207.14999389648438,204.3699951171875,205.02000427246094,508940
2021-11-24,173.1981964111328,203.25,206.85000610351562,203.25,206.5,782723
2021-11-25,171.945556640625,201.77999877929688,203.05999755859375,199.17999267578125,203.0,772687
2021-11-26,166.4066162109375,195.27999877929688,201.0,193.3000030517578,200.6999969482422,1075832
2021-11-29,165.32437133789062,194.00999450683594,195.24000549316406,190.60000610351562,190.89500427246094,1331808
2021-11-30,167.6507568359375,196.74000549316406,200.1999969482422,196.63999938964844,197.3000030517578,1968886
2021-12-01,166.7559814453125,195.69000244140625,196.97000122070312,194.00999450683594,196.49000549316406,581089
2021-12-02,169.20162963867188,198.55999755859375,199.08999633789062,193.6999969482422,195.0,637209
2021-12-03,170.17308044433594,199.6999969482422,200.8699951171875,198.35000610351562,200.0,559734
2021-12-06,170.46279907226562,200.0399932861328,200.74000549316406,198.5,200.24000549316406,646691
2021-12-07,170.75254821777344,200.3800048828125,201.4600067138672,199.02000427246094,200.52999877929688,558959
2021-12-08,172.9766387939453,202.99000549316406,204.61000061035156,200.5,203.50999450683594,680839
2021-12-09,172.06484985351562,201.9199981689453,205.69000244140625,201.6999969482422,204.10000610351562,573930
2021-12-10,172.0989227294922,201.9600067138672,204.10000610351562,201.30999755859375,202.6199951171875,454525
2021-12-13,172.6443328857422,202.60000610351562,204.97000122070312,202.35000610351562,203.10000610351562,445975
2021-12-14,173.9565887451172,204.13999938964844,204.66000366210938,201.10000610351562,201.80999755859375,406030
2021-12-15,173.66688537597656,203.8000030517578,204.97999572753906,203.05999755859375,204.74000549316406,537396
2021-12-16,176.84536743164062,207.52999877929688,208.47000122070312,204.52999877929688,206.0,1112513
2021-12-17,175.00473022460938,205.3699951171875,208.19000244140625,205.22000122070312,207.8000030517578,2074778
2021-12-20,172.55909729003906,202.5,205.97000122070312,201.39999389648438,205.8300018310547,568028
2021-12-21,173.04481506347656,203.07000732421875,204.63999938964844,202.02999877929688,202.5,457265
2021-12-22,172.9851531982422,203.0,204.6199951171875,202.30999755859375,203.1999969482422,563304
2021-12-23,173.9992218017578,204.19000244140625,205.5500030517578,203.6199951171875,204.9499969482422,298322
2021-12-24,174.0503387451172,204.25,206.5,203.5800018310547,206.4199981689453,223101
2021-12-29,176.5726776123047,207.2100067138672,207.99000549316406,205.6300048828125,206.49000549316406,495643
2021-12-30,176.70050048828125,207.36000061035156,208.60000610351562,206.50999450683594,207.55999755859375,291897
2021-12-31,175.0303192138672,205.39999389648438,207.8000030517578,204.3000030517578,207.0500030517578,261468
2022-01-04,180.09202575683594,211.33999633789062,211.72999572753906,206.75,207.0,571552
2022-01-05,183.83291625976562,215.72999572753906,217.32000732421875,213.00999450683594,215.1999969482422,613931
2022-01-06,178.35366821289062,209.3000030517578,214.6300048828125,208.0399932861328,213.0,813695
2022-01-07,180.40733337402344,211.7100067138672,213.99000549316406,210.94000244140625,212.0,803089
2022-01-10,177.2288360595703,207.97999572753906,210.55999755859375,207.47999572753906,210.05999755859375,542423
2022-01-11,174.70651245117188,205.02000427246094,205.64999389648438,202.25,205.0500030517578,882719
2022-01-12,177.57821655273438,208.38999938964844,210.22000122070312,206.72999572753906,207.0,1086298
2022-01-13,177.9105682373047,208.77999877929688,209.74000549316406,207.55999755859375,208.50999450683594,393496
2022-01-14,176.1551513671875,206.72000122070312,208.39999389648438,205.69000244140625,208.39999389648438,616643
2022-01-17,176.9135284423828,207.61000061035156,208.77999877929688,206.75999450683594,208.77999877929688,607543
2022-01-18,176.27442932128906,206.86000061035156,208.7050018310547,206.0,208.3800048828125,382727
2022-01-19,169.73851013183594,199.19000244140625,204.32000732421875,198.02999877929688,203.92999267578125,1135650
2022-01-20,168.80113220214844,198.08999633789062,198.6300048828125,196.0,197.5500030517578,938023
2022-01-21,162.45266723632812,190.63999938964844,195.9600067138672,189.89999389648438,195.5,1720944
2022-01-24,161.8902587890625,189.97999572753906,190.0,180.58999633789062,185.11000061035156,1071229
2022-01-25,158.17491149902344,185.6199951171875,187.89999389648438,182.1199951171875,187.0,1455425
2022-01-27,153.2154541015625,179.8000030517578,185.9499969482422,176.19000244140625,185.0,1790252
2022-01-28,159.265625,186.89999389648438,188.2899932861328,180.0,183.0,3690658
2022-01-31,156.47061157226562,183.6199951171875,184.6699981689453,180.39999389648438,183.17999267578125,1122633
2022-02-01,160.7313232421875,188.6199951171875,190.36000061035156,185.27000427246094,186.0,877235
2022-02-02,163.97799682617188,192.42999267578125,193.7100067138672,190.85000610351562,192.0,830375
2022-02-03,161.44712829589844,189.4600067138672,192.0,188.25,191.2899932861328,738778
2022-02-04,163.9012908935547,192.33999633789062,193.47999572753906,189.47999572753906,189.6199951171875,918974
2022-02-07,165.33291625976562,194.02000427246094,194.69500732421875,190.1999969482422,191.77000427246094,744467
2022-02-08,171.76661682128906,201.57000732421875,204.8800048828125,196.8699951171875,203.6999969482422,1215651
2022-02-09,168.4261932373047,197.64999389648438,202.49000549316406,196.16000366210938,201.8699951171875,1433602
2022-02-10,164.7960662841797,193.38999938964844,199.00999450683594,191.52999877929688,198.97999572753906,1501314
2022-02-11,164.7023162841797,193.27999877929688,195.44000244140625,191.22999572753906,191.91000366210938,1259991
2022-02-14,165.50332641601562,194.22000122070312,194.9499969482422,191.24000549316406,192.41000366210938,529983
2022-02-15,165.213623046875,193.8800048828125,195.1199951171875,191.10000610351562,192.6699981689453,757712
2022-02-16,167.86376953125,196.99000549316406,200.89999389648438,195.4199981689453,199.69000244140625,742221
2022-02-17,166.72189331054688,195.64999389648438,198.6300048828125,195.52000427246094,197.60000610351562,716638
2022-02-18,162.85317993164062,191.11000061035156,193.25999450683594,191.11000061035156,193.25999450683594,1118217
2022-02-21,162.5123291015625,190.7100067138672,191.88999938964844,188.36000061035156,189.5,577329
2022-02-22,159.58944702148438,187.27999877929688,189.47000122070312,185.5399932861328,188.5800018310547,757207
2022-02-23,158.9248046875,186.5,188.52999877929688,185.85000610351562,186.39999389648438,728783
2022-02-24,151.1702880859375,177.39999389648438,184.0,175.64999389648438,181.8699951171875,1952192
2022-02-25,153.4029083251953,180.02000427246094,182.3000030517578,178.8300018310547,179.77000427246094,1447511
2022-02-28,154.05052185058594,180.77999877929688,182.49000549316406,177.02999877929688,181.27999877929688,2053508
2022-03-01,155.9849090576172,183.0500030517578,186.1999969482422,181.32000732421875,182.0,691580
2022-03-02,153.03648376464844,179.58999633789062,182.9600067138672,178.63999938964844,180.0,1084883
2022-03-03,154.23800659179688,181.0,183.38999938964844,181.0,181.82000732421875,850808
2022-03-04,153.59889221191406,180.25,180.67999267578125,176.80999755859375,180.0,1109362
2022-03-07,149.38929748535156,175.30999755859375,179.69000244140625,173.57000732421875,179.5,885836
2022-03-08,149.72161865234375,175.6999969482422,177.85000610351562,173.0,173.52000427246094,843995
2022-03-09,152.15025329589844,178.5500030517578,179.16000366210938,174.0,175.0500030517578,677927
2022-03-10,158.14932250976562,185.58999633789062,186.92999267578125,182.07000732421875,182.22999572753906,1032152
2022-03-11,155.37132263183594,182.3300018310547,186.49000549316406,181.47000122070312,186.0,1013800
2022-03-14,159.35084533691406,187.0,187.3000030517578,183.5399932861328,183.82000732421875,791838
2022-03-15,158.64358520507812,186.1699981689453,189.77000427246094,186.1699981689453,187.49000549316406,803490
2022-03-16,161.4300994873047,189.44000244140625,189.7100067138672,187.64999389648438,188.86000061035156,848142
2022-03-17,163.27073669433594,191.60000610351562,193.91000366210938,191.60000610351562,193.41000366210938,992960
2022-03-18,165.99757385253906,194.8000030517578,194.8000030517578,191.3000030517578,192.2100067138672,2232602
2022-03-21,166.17652893066406,195.00999450683594,198.57000732421875,195.00999450683594,196.5,569351
2022-03-22,168.36654663085938,197.5800018310547,199.72000122070312,195.38999938964844,196.97999572753906,633749
2022-03-23,170.47134399414062,200.0500030517578,201.89999389648438,200.02000427246094,200.02000427246094,665273
2022-03-24,167.52293395996094,196.58999633789062,197.9600067138672,196.1699981689453,197.4199981689453,883900
2022-03-25,168.61366271972656,197.8699951171875,199.30999755859375,197.0,197.0,722933
2022-03-28,170.5054168701172,200.08999633789062,200.77999877929688,198.3000030517578,199.13999938964844,425473
2022-03-29,172.84030151367188,202.8300018310547,203.3000030517578,201.0500030517578,201.3300018310547,617738
2022-03-30,176.47042846679688,207.08999633789062,207.7100067138672,204.05999755859375,205.0,754047
2022-03-31,173.21524047851562,203.27000427246094,208.0,203.27000427246094,207.83999633789062,860155
2022-04-01,175.5415802001953,206.0,207.64999389648438,202.0,202.82000732421875,853666
2022-04-04,175.61827087402344,206.08999633789062,207.3000030517578,205.2100067138672,207.14999389648438,478233
2022-04-05,176.4448699951172,207.05999755859375,208.0,206.3000030517578,207.10000610351562,567346
2022-04-06,174.8087615966797,205.13999938964844,205.6699981689453,203.5,205.6699981689453,495167
2022-04-07,172.17562866210938,202.0500030517578,203.3800048828125,200.7899932861328,202.02000427246094,700019
2022-04-08,173.530517578125,203.63999938964844,204.1300048828125,201.41000366210938,202.7899932861328,477448
2022-04-11,172.05633544921875,201.91000366210938,204.3699951171875,201.02999877929688,202.57000732421875,477457
2022-04-12,173.095947265625,203.1300048828125,203.61000061035156,201.30999755859375,201.89999389648438,337976
2022-04-13,172.93405151367188,202.94000244140625,203.50999450683594,201.57000732421875,203.05999755859375,450287
2022-04-14,173.56460571289062,203.67999267578125,204.0800018310547,202.66000366210938,203.5399932861328,423321
2022-04-19,175.15811157226562,205.5500030517578,206.83999633789062,203.52999877929688,204.0500030517578,688717
2022-04-20,176.11253356933594,206.6699981689453,208.89999389648438,205.55999755859375,208.49000549316406,730013
2022-04-21,179.75970458984375,210.9499969482422,211.4600067138672,207.97999572753906,209.0,941550
2022-04-22,176.905029296875,207.60000610351562,209.9600067138672,206.1999969482422,209.4199981689453,1519981
2022-04-26,173.99069213867188,204.17999267578125,205.55999755859375,202.1999969482422,203.25999450683594,883201
2022-04-27,171.04229736328125,200.72000122070312,203.0,198.4149932861328,202.10000610351562,903076
2022-04-28,173.21524047851562,203.27000427246094,204.0,200.52999877929688,202.1699981689453,674973
2022-04-29,176.3766632080078,206.97999572753906,207.94000244140625,203.6300048828125,204.89999389648438,868882
2022-05-02,173.13853454589844,203.17999267578125,205.5,202.1300048828125,204.22000122070312,495297
2022-05-03,173.35157775878906,203.42999267578125,205.5,202.35000610351562,203.75,447960
2022-05-04,174.45933532714844,204.72999572753906,207.17999267578125,204.4199981689453,204.80999755859375,532382
2022-05-05,172.6954345703125,202.66000366210938,206.91000366210938,201.61000061035156,206.91000366210938,1078985
2022-05-06,159.265625,186.89999389648438,192.3800048828125,185.1699981689453,192.0,2202025
2022-05-09,155.09014892578125,182.0,184.1300048828125,178.39999389648438,182.94000244140625,2080494
2022-05-10,153.4029083251953,180.02000427246094,180.36000061035156,176.10000610351562,178.50999450683594,1635982
2022-05-11,155.19239807128906,182.1199951171875,182.77999877929688,179.97000122070312,180.9600067138672,871733
2022-05-12,149.30409240722656,175.2100067138672,180.8800048828125,175.2100067138672,180.00999450683594,1332714
2022-05-13,156.03604125976562,183.11000061035156,183.58999633789062,176.50999450683594,177.0,1581336
2022-05-16,156.0794677734375,179.66000366210938,182.14999389648438,178.39999389648438,181.00999450683594,1758646
2022-05-17,156.800537109375,180.49000549316406,181.8300018310547,179.80999755859375,180.0,730836
2022-05-18,157.6779327392578,181.5,184.7899932861328,180.0,182.9499969482422,899125
2022-05-19,154.32460021972656,177.63999938964844,178.75999450683594,177.17999267578125,177.8699951171875,1220532
2022-05-20,157.56500244140625,181.3699951171875,181.86000061035156,178.0,178.0,1520989
2022-05-23,156.2705841064453,179.8800048828125,182.80999755859375,178.69500732421875,182.80999755859375,826096
2022-05-24,155.3410186767578,178.80999755859375,182.1999969482422,178.7899932861328,180.24000549316406,948301
2022-05-25,154.8719024658203,178.27000427246094,179.9499969482422,178.10000610351562,179.47999572753906,1419072
2022-05-26,154.47227478027344,177.80999755859375,178.97999572753906,177.05999755859375,178.88999938964844,878635
2022-05-27,158.9810791015625,183.0,183.44000244140625,180.1199951171875,180.8699951171875,1289935
2022-05-30,163.4290771484375,188.1199951171875,188.5,186.0500030517578,187.0,1060804
2022-05-31,161.56996154785156,185.97999572753906,191.13999938964844,185.97999572753906,188.8800048828125,4226894
2022-06-01,163.65496826171875,188.3800048828125,188.94000244140625,187.0,187.0,685954
2022-06-02,159.2330322265625,183.2899932861328,186.88999938964844,182.63999938964844,184.58999633789062,817694
2022-06-03,159.88458251953125,184.0399932861328,184.9600067138672,182.86000061035156,184.3800048828125,1093964
2022-06-06,158.89422607421875,182.89999389648438,184.0,181.1300048828125,184.0,441651
2022-06-07,154.19427490234375,177.49000549316406,184.1199951171875,177.13999938964844,183.57000732421875,1000655
2022-06-08,155.71458435058594,179.24000549316406,180.4199981689453,177.35000610351562,178.58999633789062,1006662
2022-06-09,155.2281036376953,178.67999267578125,180.75,178.32000732421875,179.16000366210938,1420842
2022-06-10,149.73760986328125,172.36000061035156,177.96499633789062,172.14999389648438,176.66000366210938,1207945
2022-06-14,141.91015625,163.35000610351562,163.75,160.19000244140625,163.75,2761452
2022-06-15,142.5617218017578,164.10000610351562,168.13999938964844,163.0,163.0,2330437
2022-06-16,143.05691528320312,164.6699981689453,166.9600067138672,163.7100067138672,166.35000610351562,2041764
2022-06-17,138.73922729492188,159.6999969482422,159.80999755859375,157.02999877929688,159.80999755859375,3246813
2022-06-20,140.30296325683594,161.5,162.63999938964844,159.94000244140625,161.80999755859375,980714
2022-06-21,142.474853515625,164.0,164.42999267578125,161.5800018310547,164.0,985837
2022-06-22,141.03271484375,162.33999633789062,165.89999389648438,161.47000122070312,165.05999755859375,903684
2022-06-23,142.1273651123047,163.60000610351562,166.02999877929688,163.0399932861328,163.50999450683594,638007
2022-06-24,143.6302947998047,165.3300018310547,165.41000366210938,163.25,163.66000366210938,746501
2022-06-27,144.43821716308594,166.25999450683594,168.94000244140625,164.65499877929688,168.00999450683594,919434
2022-06-28,145.28091430664062,167.22999572753906,167.6999969482422,165.39999389648438,167.14999389648438,770331
2022-06-29,146.0193634033203,168.0800018310547,168.6699981689453,164.24000549316406,165.0,624121
2022-06-30,142.9178924560547,164.50999450683594,167.50999450683594,164.50999450683594,167.22999572753906,1160600
2022-07-01,142.683349609375,164.24000549316406,166.75999450683594,164.24000549316406,166.75999450683594,623438
2022-07-04,145.21141052246094,167.14999389648438,167.97999572753906,165.69000244140625,167.14999389648438,795255
2022-07-05,146.54058837890625,168.67999267578125,169.52999877929688,166.96499633789062,167.4600067138672,546291
2022-07-06,147.39198303222656,169.66000366210938,171.7100067138672,167.5,167.57000732421875,676876
2022-07-07,148.2520294189453,170.64999389648438,171.16000366210938,169.35000610351562,170.77999877929688,757567
2022-07-08,148.28677368164062,170.69000244140625,171.75999450683594,169.1999969482422,171.25,396462
2022-07-11,145.8195343017578,167.85000610351562,171.5,167.4499969482422,171.1999969482422,445586
2022-07-12,145.66314697265625,167.6699981689453,171.27999877929688,166.8000030517578,170.3300018310547,648458
2022-07-13,148.90359497070312,171.39999389648438,171.7899932861328,167.83999633789062,169.42999267578125,967007
2022-07-14,148.5560760498047,171.0,171.0,169.25,169.6699981689453,932571
2022-07-15,145.941162109375,167.99000549316406,168.5399932861328,165.13999938964844,168.32000732421875,727083
2022-07-18,150.58029174804688,173.3300018310547,173.3300018310547,170.80999755859375,171.0,427938
2022-07-19,145.62843322753906,167.6300048828125,172.47999572753906,167.0800018310547,171.88999938964844,757359
2022-07-20,151.31004333496094,174.1699981689453,175.1199951171875,171.61000061035156,172.0,860505
2022-07-21,151.94422912597656,174.89999389648438,174.9199981689453,172.8000030517578,174.0,671367
2022-07-22,151.37083435058594,174.24000549316406,177.35000610351562,174.2100067138672,174.3000030517578,1390407
2022-07-25,151.33609008789062,174.1999969482422,174.6699981689453,172.8300018310547,174.05999755859375,597937
2022-07-26,152.5784149169922,175.6300048828125,176.41000366210938,173.14999389648438,173.14999389648438,552161
2022-07-27,150.9277801513672,173.72999572753906,175.41000366210938,171.0850067138672,174.05999755859375,819699
2022-07-28,155.41050720214844,178.88999938964844,179.42999267578125,176.0,176.97000122070312,1619662
2022-07-29,157.3565216064453,181.1300048828125,182.75999450683594,179.05999755859375,179.05999755859375,1201887
2022-08-01,156.28794860839844,179.89999389648438,180.60000610351562,176.77999877929688,180.0,731700
2022-08-02,155.3844451904297,178.86000061035156,178.97999572753906,177.36000061035156,177.36000061035156,516946
2022-08-03,153.2386474609375,176.38999938964844,178.5399932861328,175.91000366210938,177.80999755859375,651568
2022-08-04,152.81295776367188,175.89999389648438,178.6699981689453,175.89999389648438,178.0,824964
2022-08-05,153.707763671875,176.92999267578125,176.92999267578125,174.33999633789062,175.02000427246094,715982
2022-08-08,153.43846130371094,176.6199951171875,177.0800018310547,175.25,175.6999969482422,1120547
2022-08-09,154.74159240722656,178.1199951171875,179.625,176.94000244140625,176.97999572753906,613510
2022-08-10,153.0648956298828,176.19000244140625,177.7100067138672,176.07000732421875,177.17999267578125,469334
2022-08-11,155.9925994873047,179.55999755859375,179.92999267578125,177.8000030517578,179.92999267578125,642500
2022-08-12,155.14988708496094,178.58999633789062,179.97999572753906,177.6699981689453,179.00999450683594,553546
2022-08-15,157.1306610107422,180.8699951171875,181.35000610351562,178.72000122070312,179.0,447573
2022-08-16,158.76390075683594,182.75,183.80999755859375,181.3800048828125,181.75,625911
2022-08-17,159.6326446533203,183.75,183.75,181.22000122070312,182.9199981689453,614416
2022-08-18,158.2252655029297,182.1300048828125,183.6300048828125,181.6199951171875,183.49000549316406,632992
2022-08-19,158.3555908203125,182.27999877929688,183.49000549316406,182.00999450683594,182.67999267578125,672597
2022-08-22,155.16726684570312,178.61000061035156,180.2899932861328,178.4499969482422,180.00999450683594,587493
2022-08-23,149.9200439453125,172.57000732421875,176.36000061035156,172.10000610351562,176.32000732421875,988069
2022-08-24,150.5889434814453,173.33999633789062,174.69000244140625,172.8699951171875,173.0800018310547,686927
2022-08-25,153.16046142578125,176.3000030517578,176.75,173.8699951171875,174.75999450683594,496290
2022-08-26,155.07171630859375,178.5,179.35000610351562,176.02000427246094,176.8000030517578,513770
2022-08-29,151.21444702148438,174.05999755859375,174.67999267578125,171.55999755859375,173.02000427246094,562625
2022-08-30,152.17877197265625,175.1699981689453,176.94000244140625,174.1300048828125,175.7899932861328,451979
2022-08-31,153.99449157714844,177.25999450683594,177.47999572753906,174.88999938964844,174.88999938964844,865906
2022-09-01,151.55328369140625,174.4499969482422,175.47500610351562,172.66000366210938,174.17999267578125,782580
2022-09-02,153.9423370361328,177.1999969482422,178.49000549316406,175.5,175.5500030517578,719950
2022-09-05,155.8101348876953,179.35000610351562,179.35000610351562,177.3300018310547,178.83999633789062,449236
2022-09-06,154.793701171875,178.17999267578125,179.74000549316406,178.0,179.4499969482422,618984
2022-09-07,150.05035400390625,172.72000122070312,177.97999572753906,172.1999969482422,177.0500030517578,775520
2022-09-08,154.96746826171875,178.3800048828125,178.64999389648438,174.69000244140625,174.99000549316406,628830
2022-09-09,154.48963928222656,177.8300018310547,180.42999267578125,175.94000244140625,178.3699951171875,786891
2022-09-12,157.29568481445312,181.05999755859375,181.3699951171875,179.33999633789062,180.0,477015
2022-09-13,158.32952880859375,182.25,184.17999267578125,181.57000732421875,184.05999755859375,553095
2022-09-14,153.16046142578125,176.3000030517578,177.32000732421875,174.39999389648438,176.57000732421875,771626
2022-09-15,153.36895751953125,176.5399932861328,177.14999389648438,175.0500030517578,175.97000122070312,872720
2022-09-16,150.0069122314453,172.6699981689453,175.6999969482422,171.66000366210938,175.19000244140625,1655015
2022-09-19,150.2935791015625,173.0,173.0,170.6699981689453,171.94000244140625,494188
2022-09-20,150.1632843017578,172.85000610351562,175.24000549316406,172.05999755859375,174.83999633789062,471159
2022-09-21,148.43447875976562,170.86000061035156,172.30999755859375,170.39999389648438,170.5500030517578,628047
2022-09-23,143.8387908935547,165.57000732421875,167.49000549316406,163.75,167.16000366210938,1103349
2022-09-26,142.05783081054688,163.52000427246094,164.99000549316406,160.17999267578125,160.17999267578125,1062543
2022-09-27,140.7460174560547,162.00999450683594,162.74000549316406,160.72000122070312,161.8699951171875,1026550
2022-09-28,137.29708862304688,158.0399932861328,163.0,157.1199951171875,162.02999877929688,1107109
2022-09-29,138.57415771484375,159.50999450683594,161.16000366210938,159.22000122070312,160.07000732421875,966730
2022-09-30,132.69273376464844,152.74000549316406,157.91000366210938,152.10000610351562,157.57000732421875,1925648
2022-10-03,131.53729248046875,151.41000366210938,153.39999389648438,149.50999450683594,152.6999969482422,912445
2022-10-04,137.505615234375,158.27999877929688,158.27999877929688,153.50999450683594,154.0,956365
2022-10-05,140.82421875,162.10000610351562,164.58999633789062,161.02999877929688,162.50999450683594,1006463
2022-10-06,141.80589294433594,163.22999572753906,163.6999969482422,160.0,160.6199951171875,627553
2022-10-07,140.18133544921875,161.36000061035156,162.77000427246094,160.52000427246094,161.6699981689453,671982
2022-10-10,138.548095703125,159.47999572753906,159.92999267578125,157.3000030517578,158.0,575554
2022-10-11,137.7488555908203,158.55999755859375,162.16000366210938,158.55999755859375,160.97000122070312,684753
2022-10-12,137.55772399902344,158.33999633789062,159.83999633789062,157.42999267578125,159.02999877929688,772444
2022-10-13,136.56735229492188,157.1999969482422,159.5,156.6699981689453,158.25,746706
2022-10-14,139.79042053222656,160.91000366210938,161.27999877929688,159.60000610351562,160.80999755859375,766008
2022-10-17,133.9698028564453,154.2100067138672,159.19000244140625,154.11000061035156,158.07000732421875,774436
2022-10-18,141.01535034179688,162.32000732421875,162.69000244140625,157.72000122070312,158.0,916163
2022-10-19,141.03271484375,162.33999633789062,163.19000244140625,161.3699951171875,162.22999572753906,728004
2022-10-20,136.99302673339844,157.69000244140625,161.35499572753906,156.3000030517578,160.8300018310547,1041750
2022-10-21,136.99302673339844,157.69000244140625,158.1699981689453,155.3300018310547,156.27000427246094,1308149
2022-10-24,140.2682342529297,161.4600067138672,162.58999633789062,160.57000732421875,161.52999877929688,517056
2022-10-25,143.34359741210938,165.0,165.25,162.5399932861328,162.64999389648438,546362
2022-10-26,144.21234130859375,166.0,167.5,165.6300048828125,167.3300018310547,869005
2022-10-27,144.6814727783203,166.5399932861328,168.1999969482422,164.13999938964844,166.0500030517578,710489
2022-10-28,144.646728515625,166.5,173.1999969482422,165.0,169.5,1352665
2022-10-31,147.25296020507812,169.5,170.02000427246094,168.11000061035156,170.0,1009179
2022-11-01,149.4248504638672,172.0,172.0,169.0800018310547,169.9499969482422,716419
2022-11-02,146.71434020996094,168.8800048828125,172.58999633789062,168.7100067138672,172.0,840470
2022-11-03,144.60330200195312,166.4499969482422,167.74000549316406,165.39999389648438,165.82000732421875,718967
2022-11-04,148.00877380371094,170.3699951171875,170.3699951171875,164.10000610351562,164.9600067138672,1320706
2022-11-07,148.74276733398438,168.1999969482422,169.14999389648438,166.89999389648438,168.13999938964844,734560
2022-11-08,150.10462951660156,169.74000549316406,170.2899932861328,168.44000244140625,169.0,643163
2022-11-09,151.61680603027344,171.4499969482422,173.27999877929688,169.8699951171875,170.0,667940
2022-11-10,150.14883422851562,169.7899932861328,171.38999938964844,169.14999389648438,170.5,617115
2022-11-11,158.55874633789062,179.3000030517578,180.36000061035156,176.5,177.0,1703275
2022-11-14,157.16151428222656,177.72000122070312,180.2949981689453,177.5,180.08999633789062,866223
2022-11-15,158.85057067871094,179.6300048828125,179.8000030517578,176.50999450683594,177.0,686246
2022-11-16,157.36489868164062,177.9499969482422,181.0,176.6300048828125,180.00999450683594,755958
2022-11-17,159.0274200439453,179.8300018310547,179.9600067138672,177.74000549316406,178.49000549316406,743593
2022-11-18,158.576416015625,179.32000732421875,180.08999633789062,178.0800018310547,180.0,1050720
2022-11-21,157.02000427246094,177.55999755859375,179.66000366210938,177.1750030517578,178.1999969482422,619839
2022-11-22,155.64048767089844,176.0,177.4600067138672,175.8300018310547,177.38999938964844,692472
2022-11-23,158.0458221435547,178.72000122070312,179.33999633789062,177.02999877929688,177.3699951171875,567780
2022-11-24,157.4002685546875,177.99000549316406,179.38999938964844,177.25,178.61000061035156,519425
2022-11-25,157.36489868164062,177.9499969482422,178.7100067138672,177.47500610351562,177.69000244140625,445490
2022-11-28,157.8070526123047,178.4499969482422,178.8300018310547,176.52999877929688,177.42999267578125,507937
2022-11-29,157.4091033935547,178.0,178.11000061035156,176.6199951171875,177.74000549316406,500775
2022-11-30,158.03700256347656,178.7100067138672,179.69000244140625,176.75,177.25999450683594,2114525
2022-12-01,161.0348358154297,182.10000610351562,182.3000030517578,180.55999755859375,180.7899932861328,636585
2022-12-02,159.3900146484375,180.24000549316406,182.10000610351562,178.97000122070312,182.0,786263
2022-12-05,159.5933837890625,180.47000122070312,181.2899932861328,178.6699981689453,180.2899932861328,422540
2022-12-06,156.29489135742188,176.74000549316406,179.82000732421875,176.08999633789062,179.7899932861328,890141
2022-12-07,153.55349731445312,173.63999938964844,175.69000244140625,172.90499877929688,175.0,1060534
2022-12-08,151.36033630371094,171.16000366210938,173.75999450683594,170.64999389648438,173.22999572753906,648062
2022-12-09,148.60125732421875,168.0399932861328,171.75999450683594,166.0,170.08999633789062,1307702
2022-12-12,151.6610107421875,171.5,172.1199951171875,166.97000122070312,167.75,696532
2022-12-13,152.86370849609375,172.86000061035156,174.39999389648438,172.33999633789062,172.52000427246094,576141
2022-12-14,154.0575714111328,174.2100067138672,175.30999755859375,173.22999572753906,173.92999267578125,669906
2022-12-15,151.82904052734375,171.69000244140625,173.13499450683594,170.52999877929688,170.89999389648438,885805
2022-12-16,150.24610900878906,169.89999389648438,170.02000427246094,168.02999877929688,168.92999267578125,1597299
2022-12-19,149.24684143066406,168.77000427246094,169.10000610351562,167.5,168.02000427246094,433290
2022-12-20,146.8856964111328,166.10000610351562,169.13999938964844,165.27000427246094,168.38999938964844,544205
2022-12-21,148.36251831054688,167.77000427246094,168.67999267578125,166.27999877929688,167.0500030517578,533234
2022-12-22,149.1407012939453,168.64999389648438,169.75999450683594,168.52999877929688,169.24000549316406,1208237
2022-12-23,148.4951629638672,167.9199981689453,168.27000427246094,166.1999969482422,166.32000732421875,631234
2022-12-28,148.5482177734375,167.97999572753906,168.67999267578125,166.36000061035156,167.5,313542
2022-12-29,146.79725646972656,166.0,167.61000061035156,165.3000030517578,166.77000427246094,442859
2022-12-30,147.64622497558594,166.9600067138672,167.88999938964844,166.8300018310547,167.3300018310547,455019
2023-01-03,145.62112426757812,164.6699981689453,167.97999572753906,162.67999267578125,167.97999572753906,423539
2023-01-04,150.21957397460938,169.8699951171875,170.5500030517578,165.5,166.8000030517578,746284
2023-01-05,152.1208953857422,172.02000427246094,172.7899932861328,170.64999389648438,171.7899932861328,729959
2023-01-06,152.5099639892578,172.4600067138672,172.82000732421875,170.64999389648438,171.47000122070312,1088928
2023-01-09,153.96026611328125,174.10000610351562,175.19000244140625,173.22999572753906,174.41000366210938,368407
2023-01-10,153.44735717773438,173.52000427246094,175.0800018310547,173.10000610351562,174.67999267578125,585317
2023-01-11,154.02215576171875,174.1699981689453,174.2899932861328,172.63999938964844,173.89999389648438,989881
2023-01-12,156.52481079101562,177.0,177.74000549316406,174.39999389648438,175.72999572753906,622968
2023-01-13,157.6478729248047,178.27000427246094,179.0,177.61000061035156,178.5,616195
2023-01-16,159.17776489257812,180.0,180.63999938964844,178.83999633789062,179.55999755859375,524091
2023-01-17,158.5410614013672,179.27999877929688,180.47999572753906,178.64999389648438,179.9199981689453,718743
2023-01-18,158.8240203857422,179.60000610351562,180.38999938964844,177.8300018310547,179.05999755859375,430381
2023-01-19,160.92869567871094,181.97999572753906,182.4600067138672,178.41000366210938,181.38999938964844,914635
2023-01-20,159.8852081298828,180.8000030517578,181.47000122070312,180.02000427246094,181.0,1091244
2023-01-23,161.05250549316406,182.1199951171875,182.86000061035156,181.1699981689453,182.0,488584
2023-01-24,163.0952911376953,184.42999267578125,184.9199981689453,182.5,182.75999450683594,477089
2023-01-25,163.71432495117188,185.1300048828125,186.86000061035156,184.42999267578125,185.88999938964844,624789
2023-01-27,165.77479553222656,187.4600067138672,188.36000061035156,185.61000061035156,186.0,853569
2023-01-30,165.3414764404297,186.97000122070312,188.8000030517578,186.6300048828125,187.50999450683594,517343
2023-01-31,165.6686553955078,187.33999633789062,187.36000061035156,185.0,185.92999267578125,960647
2023-02-01,165.3679962158203,187.0,188.22999572753906,185.75,188.22999572753906,540285
2023-02-02,168.34815979003906,190.3699951171875,192.38999938964844,188.5500030517578,192.38999938964844,871734
2023-02-03,168.40122985839844,190.42999267578125,192.1699981689453,189.77000427246094,191.58999633789062,790011
2023-02-06,167.11012268066406,188.97000122070312,190.63999938964844,188.02000427246094,190.42999267578125,666192
2023-02-07,168.3127899169922,190.3300018310547,193.19000244140625,189.75,190.99000549316406,843831
2023-02-08,172.64596557617188,195.22999572753906,195.7449951171875,191.5500030517578,192.99000549316406,867310
2023-02-09,171.63783264160156,194.08999633789062,195.49000549316406,193.8300018310547,194.5,552283
2023-02-10,169.338623046875,191.49000549316406,194.0,190.66000366210938,192.50999450683594,802325
2023-02-13,168.37469482421875,190.39999389648438,191.27999877929688,189.5399932861328,191.0,474847
2023-02-14,169.48895263671875,191.66000366210938,192.83999633789062,191.3249969482422,192.05999755859375,378992
2023-02-15,168.81686401367188,190.89999389648438,192.91000366210938,189.75,191.97999572753906,513019
2023-02-16,171.65553283691406,194.11000061035156,194.11000061035156,190.85000610351562,191.19000244140625,903508
2023-02-17,167.1366424560547,189.0,193.57000732421875,188.6999969482422,192.69000244140625,1490260
2023-02-20,168.66653442382812,190.72999572753906,191.66000366210938,190.02000427246094,190.77999877929688,360358
2023-02-21,168.36585998535156,190.38999938964844,190.75,188.52999877929688,189.0,327686
2023-02-22,168.27740478515625,190.2899932861328,190.2899932861328,187.5399932861328,188.0,409607
2023-02-23,166.99514770507812,188.83999633789062,189.7100067138672,188.0500030517578,188.1999969482422,465360
2023-02-24,167.0570526123047,188.91000366210938,189.7899932861328,188.0500030517578,189.63999938964844,486443
2023-02-27,166.65025329589844,188.4499969482422,188.4499969482422,185.75999450683594,187.1999969482422,1636942
2023-02-28,167.5964813232422,189.52000427246094,190.22500610351562,188.75,188.8300018310547,882174
2023-03-01,167.04820251464844,188.89999389648438,189.5,187.52999877929688,188.8800048828125,463085
2023-03-02,163.47557067871094,184.86000061035156,187.30999755859375,184.02999877929688,185.5,992203
2023-03-03,164.01499938964844,185.47000122070312,186.0500030517578,183.52000427246094,185.72999572753906,672416
2023-03-06,168.01214599609375,189.99000549316406,191.6300048828125,186.89999389648438,187.77000427246094,760966
2023-03-07,170.67393493652344,193.0,194.4499969482422,191.5,192.00999450683594,788957
2023-03-08,168.7637939453125,190.83999633789062,193.5399932861328,189.56500244140625,192.1999969482422,484386
2023-03-09,168.7107391357422,190.77999877929688,192.97999572753906,190.39999389648438,192.97999572753906,411173
2023-03-10,163.29869079589844,184.66000366210938,187.0800018310547,183.82000732421875,186.02999877929688,969140
2023-03-13,161.06137084960938,182.1300048828125,183.89999389648438,180.67999267578125,182.82000732421875,1051930
2023-03-14,156.10916137695312,176.52999877929688,178.99000549316406,174.30499267578125,178.5,1501843
2023-03-15,157.49752807617188,178.10000610351562,179.49000549316406,176.0800018310547,178.55999755859375,893822
2023-03-16,154.87110900878906,175.1300048828125,175.5,170.375,170.9600067138672,2181554
2023-03-17,155.45477294921875,175.7899932861328,177.3000030517578,174.67999267578125,176.00999450683594,1458258
2023-03-20,148.37135314941406,167.77999877929688,173.97000122070312,167.2100067138672,173.22000122070312,1212093
2023-03-21,153.2793426513672,173.3300018310547,173.77999877929688,168.7899932861328,168.88999938964844,909359
2023-03-22,153.96026611328125,174.10000610351562,177.4499969482422,173.3699951171875,176.39999389648438,1169782
2023-03-23,151.21885681152344,171.0,172.0,170.39999389648438,171.5,870196
2023-03-24,149.9808349609375,169.60000610351562,171.0,168.72999572753906,168.72999572753906,942592
2023-03-27,147.68157958984375,167.0,170.72999572753906,167.0,169.6999969482422,983061
2023-03-28,150.679443359375,170.38999938964844,170.38999938964844,169.0,169.32000732421875,892192
2023-03-29,150.122314453125,169.75999450683594,170.5500030517578,168.3699951171875,169.1999969482422,723662
2023-03-30,151.89981079101562,171.77000427246094,172.38999938964844,170.74000549316406,171.42999267578125,1009467
2023-03-31,155.33981323242188,175.66000366210938,176.05999755859375,172.1999969482422,172.5,1228509
2023-04-03,156.49826049804688,176.97000122070312,178.3300018310547,175.57000732421875,176.05999755859375,585741
2023-04-04,158.70025634765625,179.4600067138672,179.4600067138672,175.75,175.97000122070312,705983
2023-04-05,157.5594482421875,178.1699981689453,179.44000244140625,177.35499572753906,179.0800018310547,712638
2023-04-06,156.4805908203125,176.9499969482422,177.91000366210938,175.6999969482422,177.5,560446
2023-04-11,158.2138671875,178.91000366210938,179.6999969482422,178.4499969482422,179.0,646980
2023-04-12,158.8240203857422,179.60000610351562,180.97000122070312,178.57000732421875,180.97000122070312,466681
2023-04-13,158.13427734375,178.82000732421875,179.77999877929688,178.05999755859375,178.89999389648438,526173
2023-04-14,159.19546508789062,180.02000427246094,180.60000610351562,178.5,179.02000427246094,480487
2023-04-17,159.7525634765625,180.64999389648438,182.49000549316406,180.64999389648438,181.99000549316406,506750
2023-04-18,159.3900146484375,180.24000549316406,180.3300018310547,179.0,179.5,423006
2023-04-19,159.4342041015625,180.2899932861328,180.67999267578125,179.3800048828125,179.6999969482422,251222
2023-04-20,160.6192169189453,181.6300048828125,182.0,180.33999633789062,180.8000030517578,547757
2023-04-21,161.90147399902344,183.0800018310547,183.11000061035156,180.5,181.0,1184145
2023-04-24,160.46002197265625,181.4499969482422,182.9499969482422,181.17999267578125,182.9499969482422,348056
2023-04-26,160.2831573486328,181.25,181.99000549316406,180.27000427246094,181.36000061035156,649800
2023-04-27,159.80563354492188,180.7100067138672,180.86000061035156,178.8699951171875,180.44000244140625,507310
2023-04-28,161.47698974609375,182.60000610351562,182.9199981689453,181.50999450683594,182.1300048828125,752231
2023-05-01,162.5116424560547,183.77000427246094,184.58999633789062,183.33999633789062,183.8000030517578,445518
2023-05-02,160.25662231445312,181.22000122070312,183.07000732421875,180.3699951171875,182.41000366210938,527829
2023-05-03,158.3818817138672,179.10000610351562,179.36000061035156,177.0800018310547,179.0,740676
2023-05-04,157.17919921875,177.74000549316406,178.6199951171875,172.89999389648438,175.85000610351562,859736
2023-05-05,156.8343048095703,177.35000610351562,179.2899932861328,171.7100067138672,178.4499969482422,1147573
2023-05-08,153.4296875,173.5,177.25,172.47999572753906,177.11000061035156,1213662
2023-05-09,156.90504455566406,177.42999267578125,177.42999267578125,171.38999938964844,172.4499969482422,1099497
2023-05-10,156.9492645263672,177.47999572753906,177.9199981689453,175.64999389648438,177.02000427246094,672367
2023-05-11,158.73558044433594,179.5,181.0,176.92999267578125,177.47999572753906,753802
2023-05-12,158.3641815185547,179.0800018310547,179.80999755859375,178.05999755859375,179.64999389648438,797018
2023-05-15,158.6000213623047,174.83999633789062,175.8000030517578,173.50999450683594,175.02000427246094,1558660
2023-05-16,158.15553283691406,174.35000610351562,177.5,174.27000427246094,174.27000427246094,770729
2023-05-17,156.15081787109375,172.13999938964844,174.2100067138672,172.13999938964844,173.99000549316406,913464
2023-05-18,157.46612548828125,173.58999633789062,174.8000030517578,173.3000030517578,173.38999938964844,697300
2023-05-19,160.11489868164062,176.50999450683594,178.11000061035156,174.8699951171875,175.2100067138672,963799
2023-05-22,160.1693572998047,176.57000732421875,178.07000732421875,174.8699951171875,177.99000549316406,1014491
2023-05-23,163.52566528320312,180.27000427246094,180.75,176.72000122070312,177.49000549316406,1211340
2023-05-24,160.95852661132812,177.44000244140625,179.66000366210938,177.05999755859375,179.66000366210938,1290344
2023-05-25,157.38450622558594,173.5,176.5500030517578,172.85000610351562,175.3000030517578,1054646
2023-05-26,157.83804321289062,174.0,174.97999572753906,172.64999389648438,172.6999969482422,1096852
2023-05-29,159.90626525878906,176.27999877929688,178.72000122070312,176.27999877929688,176.97999572753906,602762
2023-05-30,158.8358917236328,175.10000610351562,176.50999450683594,174.67999267578125,176.3300018310547,609418
2023-05-31,154.88087463378906,170.74000549316406,175.3000030517578,170.74000549316406,174.27999877929688,2845185
2023-06-01,154.65408325195312,170.49000549316406,172.0500030517578,169.1199951171875,170.0,955101
2023-06-02,155.11669921875,171.0,172.5800018310547,169.8699951171875,172.3300018310547,774646
2023-06-05,157.63848876953125,173.77999877929688,175.00999450683594,172.4600067138672,173.13999938964844,596701
2023-06-06,155.36163330078125,171.27000427246094,173.39999389648438,170.77000427246094,172.85000610351562,776176
2023-06-07,156.2415313720703,172.24000549316406,173.6649932861328,172.1999969482422,172.1999969482422,734166
2023-06-08,154.8083038330078,170.66000366210938,172.22999572753906,170.02000427246094,171.8699951171875,849048
2023-06-09,156.11453247070312,172.10000610351562,172.14999389648438,170.3000030517578,170.60000610351562,544780
2023-06-13,159.34388732910156,175.66000366210938,176.14999389648438,172.9199981689453,173.4499969482422,1074096
2023-06-14,161.51187133789062,178.0500030517578,178.8800048828125,176.5500030517578,178.8699951171875,1247459
2023-06-15,165.2764129638672,182.1999969482422,183.4499969482422,180.1999969482422,181.11000061035156,1815424
2023-06-16,167.2720489501953,184.39999389648438,185.8000030517578,184.19000244140625,185.25999450683594,3798423
2023-06-19,166.93643188476562,184.02999877929688,185.3000030517578,183.0500030517578,184.8300018310547,1512956
2023-06-20,167.99774169921875,185.1999969482422,186.2899932861328,184.17999267578125,184.75,1105250
2023-06-21,163.7070770263672,180.47000122070312,184.7899932861328,180.47000122070312,184.2100067138672,1526807
2023-06-22,159.35293579101562,175.6699981689453,179.81500244140625,175.02000427246094,179.52999877929688,1240681
2023-06-23,156.7313690185547,172.77999877929688,174.86500549316406,172.1999969482422,173.7100067138672,921195
2023-06-26,156.61343383789062,172.64999389648438,173.22000122070312,170.7899932861328,172.49000549316406,976535
2023-06-27,157.83804321289062,174.0,174.5,172.8000030517578,173.42999267578125,663560
2023-06-28,158.71795654296875,174.97000122070312,176.41000366210938,174.66000366210938,175.32000732421875,659557
2023-06-29,159.897216796875,176.27000427246094,177.85000610351562,175.1999969482422,175.80999755859375,490598
2023-06-30,161.12179565429688,177.6199951171875,178.0500030517578,175.7449951171875,177.5,771811
2023-07-03,161.1943817138672,177.6999969482422,178.2899932861328,176.75,177.00999450683594,509630
2023-07-04,161.9563446044922,178.5399932861328,179.0800018310547,176.91000366210938,177.60000610351562,360160
2023-07-05,161.1671600341797,177.6699981689453,178.5,177.19000244140625,178.3000030517578,498747
2023-07-06,158.3369903564453,174.5500030517578,176.97000122070312,174.50999450683594,175.1699981689453,697492
2023-07-07,156.34132385253906,172.35000610351562,173.0,171.4600067138672,172.1999969482422,672035
2023-07-10,155.37071228027344,171.27999877929688,173.8000030517578,170.9199981689453,172.9199981689453,367935
2023-07-11,158.59095764160156,174.8300018310547,174.8300018310547,172.47999572753906,172.91000366210938,579800
2023-07-12,159.960693359375,176.33999633789062,177.0,175.5,176.5,629531
2023-07-13,164.15158081054688,180.9600067138672,181.35000610351562,177.8000030517578,178.47999572753906,1010581
2023-07-14,165.72994995117188,182.6999969482422,183.47999572753906,181.3000030517578,182.1999969482422,718628
2023-07-17,166.02023315429688,183.02000427246094,183.38999938964844,181.2100067138672,182.66000366210938,422945
2023-07-18,164.76841735839844,181.63999938964844,183.25,180.83999633789062,183.25,437804
2023-07-19,166.8184814453125,183.89999389648438,184.17999267578125,182.5,183.0,641121
2023-07-20,168.2608184814453,185.49000549316406,185.97999572753906,184.1999969482422,184.9499969482422,795659
2023-07-21,165.84788513183594,182.8300018310547,185.39999389648438,182.35000610351562,185.39999389648438,984251
2023-07-24,166.53729248046875,183.58999633789062,184.49000549316406,182.38999938964844,183.85000610351562,608995
2023-07-25,165.02239990234375,181.9199981689453,184.3000030517578,180.47999572753906,184.1999969482422,1214514
2023-07-26,166.02023315429688,183.02000427246094,183.7100067138672,179.50999450683594,180.8000030517578,700692
2023-07-27,158.7723846435547,175.02999877929688,176.82000732421875,173.5500030517578,175.0,2392478
2023-07-28,160.29635620117188,176.7100067138672,176.77000427246094,173.0,173.0,1355819
2023-07-31,158.7542266845703,175.00999450683594,176.97000122070312,174.52999877929688,176.0,749723
2023-08-01,161.01295471191406,177.5,178.0,174.58999633789062,174.8000030517578,759898
2023-08-02,158.81773376464844,175.0800018310547,176.77000427246094,174.8000030517578,176.0399932861328,616318
2023-08-03,157.83804321289062,174.0,174.77000427246094,173.3000030517578,173.52000427246094,735889
2023-08-04,159.14430236816406,175.44000244140625,175.44000244140625,173.60000610351562,173.6699981689453,1362444
2023-08-07,159.724853515625,176.0800018310547,176.44000244140625,174.27999877929688,174.27999877929688,469382
2023-08-08,159.10800170898438,175.39999389648438,176.85000610351562,175.1199951171875,176.25,799948
2023-08-09,158.70887756347656,174.9600067138672,175.6999969482422,174.11000061035156,174.99000549316406,461485
2023-08-10,158.7270050048828,174.97999572753906,175.67999267578125,174.5,174.8000030517578,561169
2023-08-11,158.7996063232422,175.05999755859375,176.3000030517578,174.67999267578125,174.9600067138672,612399
2023-08-14,159.15335083007812,175.4499969482422,176.0,174.74000549316406,174.8800048828125,658446
2023-08-15,159.4708709716797,175.8000030517578,176.6999969482422,175.27000427246094,175.50999450683594,1554431
2023-08-16,157.10328674316406,173.19000244140625,174.36000061035156,172.5500030517578,173.8800048828125,721265
2023-08-17,153.98280334472656,169.75,171.91000366210938,169.52000427246094,171.6999969482422,1112197
2023-08-18,153.12106323242188,168.8000030517578,170.33999633789062,167.3000030517578,167.39999389648438,1086869
2023-08-21,154.3184356689453,170.1199951171875,171.1300048828125,168.25,168.25999450683594,516589
2023-08-22,155.171142578125,171.05999755859375,171.42999267578125,169.33999633789062,170.3000030517578,454913
2023-08-23,154.3093719482422,170.11000061035156,172.16000366210938,170.05999755859375,170.47000122070312,720697
2023-08-24,157.0125732421875,173.08999633789062,173.75,170.13999938964844,170.99000549316406,922163
2023-08-25,155.8333282470703,171.7899932861328,172.25999450683594,170.0,170.38999938964844,611406
2023-08-28,156.45924377441406,172.47999572753906,174.77999877929688,172.0,172.5800018310547,392709
2023-08-29,158.37326049804688,174.58999633789062,174.99000549316406,173.5,173.67999267578125,524756
2023-08-30,160.64105224609375,177.08999633789062,177.74000549316406,175.88999938964844,176.58999633789062,710253
2023-08-31,161.0401611328125,177.52999877929688,178.5,177.05999755859375,177.50999450683594,1029349
2023-09-01,160.34170532226562,176.75999450683594,177.88999938964844,176.39999389648438,177.25999450683594,539776
2023-09-04,161.14901733398438,177.64999389648438,178.25,177.00999450683594,177.39999389648438,496997
2023-09-05,160.48684692382812,176.9199981689453,177.75999450683594,175.83999633789062,177.5399932861328,383012
2023-09-06,154.4001007080078,170.2100067138672,175.4949951171875,170.1699981689453,174.97000122070312,1203275
2023-09-07,155.32534790039062,171.22999572753906,172.16000366210938,169.27000427246094,170.0,803933
2023-09-08,155.21649169921875,171.11000061035156,172.64999389648438,170.38999938964844,171.82000732421875,617962
2023-09-11,157.2847137451172,173.38999938964844,173.72000122070312,170.55999755859375,170.77999877929688,551957
2023-09-12,156.19619750976562,172.19000244140625,172.52999877929688,170.8000030517578,172.52000427246094,469871
2023-09-13,156.1236114501953,172.11000061035156,172.52999877929688,170.5,170.5,556104
2023-09-14,155.8333282470703,171.7899932861328,173.3249969482422,171.25999450683594,172.27999877929688,773467
2023-09-15,157.1304931640625,173.22000122070312,175.72000122070312,173.22000122070312,173.58999633789062,1468335
2023-09-18,156.32318115234375,172.3300018310547,174.39999389648438,171.55999755859375,174.39999389648438,386827
2023-09-19,156.85836791992188,172.9199981689453,173.9199981689453,171.52000427246094,171.69000244140625,527125
2023-09-20,157.1940155029297,173.2899932861328,173.32000732421875,171.1999969482422,171.60000610351562,720732
2023-09-21,154.1007537841797,169.8800048828125,172.3300018310547,168.8000030517578,171.60000610351562,1070293
2023-09-22,153.7560272216797,169.5,170.07000732421875,167.16000366210938,167.66000366210938,1420732
2023-09-25,152.10507202148438,167.67999267578125,168.5399932861328,167.0500030517578,168.0,482047
2023-09-26,151.96902465820312,167.52999877929688,168.3000030517578,166.5500030517578,167.5,638893
2023-09-27,150.91676330566406,166.3699951171875,167.1199951171875,165.85000610351562,165.91000366210938,531444
2023-09-28,149.6921844482422,165.02000427246094,167.07000732421875,165.0,165.67999267578125,839000
2023-09-29,152.1504364013672,167.72999572753906,167.94000244140625,165.4499969482422,166.11000061035156,659038
2023-10-02,152.25930786132812,167.85000610351562,168.27999877929688,167.0,167.0800018310547,504209
2023-10-03,151.36123657226562,166.86000061035156,166.86000061035156,164.41000366210938,165.0,1144586
2023-10-04,148.22262573242188,163.39999389648438,166.33999633789062,163.02000427246094,165.57000732421875,956092
2023-10-05,149.84637451171875,165.19000244140625,166.1699981689453,163.10000610351562,164.60000610351562,766531
2023-10-06,150.53578186035156,165.9499969482422,166.7100067138672,164.42999267578125,165.75,559109
2023-10-09,149.62864685058594,164.9499969482422,166.47000122070312,164.5,165.39999389648438,517875
2023-10-10,151.615234375,167.13999938964844,167.9499969482422,165.14999389648438,165.3699951171875,1005534
2023-10-11,154.15516662597656,169.94000244140625,169.9499969482422,167.9499969482422,168.10000610351562,728086
2023-10-12,154.83551025390625,170.69000244140625,171.64999389648438,169.77000427246094,170.07000732421875,656085
2023-10-13,154.17330932617188,169.9600067138672,171.19000244140625,168.99000549316406,169.5,505402
2023-10-16,152.09600830078125,167.6699981689453,169.27000427246094,167.4600067138672,168.99000549316406,392986
2023-10-17,152.93963623046875,168.60000610351562,170.65499877929688,168.55999755859375,169.0399932861328,443740
2023-10-18,152.93963623046875,168.60000610351562,170.49000549316406,167.8300018310547,170.36000061035156,438540
2023-10-19,148.85760498046875,164.10000610351562,165.49000549316406,162.5,164.5,1188720
2023-10-20,146.5807647705078,161.58999633789062,163.3300018310547,160.41000366210938,161.5,1346532
2023-10-23,147.12503051757812,162.19000244140625,162.9499969482422,159.75,159.97999572753906,705918
2023-10-24,147.9686279296875,163.1199951171875,165.5,162.30499267578125,162.5,1042650
2023-10-25,148.27708435058594,163.4600067138672,164.91000366210938,161.16000366210938,163.5399932861328,828500
2023-10-26,146.4084014892578,161.39999389648438,162.9499969482422,160.5800018310547,161.72999572753906,965796
2023-10-27,145.70086669921875,160.6199951171875,162.72999572753906,160.3300018310547,162.72999572753906,771396
2023-10-30,145.310791015625,160.19000244140625,160.67999267578125,158.61000061035156,159.3000030517578,656825
2023-10-31,146.02740478515625,160.97999572753906,162.5,160.3000030517578,162.0,1151593
2023-11-01,145.15660095214844,160.02000427246094,161.80499267578125,159.86000061035156,160.75,778961
2023-11-02,145.49221801757812,160.38999938964844,162.0,159.6300048828125,160.77999877929688,936664
2023-11-03,148.07749938964844,163.24000549316406,163.4600067138672,155.3000030517578,157.1999969482422,1915313
2023-11-06,146.64425659179688,161.66000366210938,163.08999633789062,161.16000366210938,161.88999938964844,825781
2023-11-07,144.494384765625,159.2899932861328,161.0,158.9499969482422,160.8000030517578,712880
2023-11-08,146.1362762451172,161.10000610351562,161.80999755859375,158.8000030517578,159.57000732421875,653213
2023-11-09,148.27708435058594,163.4600067138672,163.83999633789062,162.38999938964844,162.69000244140625,710522
2023-11-10,147.63299560546875,162.75,165.0399932861328,162.22999572753906,165.02999877929688,738767
2023-11-13,146.09402465820312,158.52999877929688,160.69000244140625,158.3000030517578,160.00999450683594,745355
2023-11-14,147.5592803955078,160.1199951171875,160.7899932861328,159.0800018310547,160.55999755859375,603235
2023-11-15,154.9317169189453,168.1199951171875,168.25,163.4499969482422,164.91000366210938,2101206
2023-11-16,154.88563537597656,168.07000732421875,169.86000061035156,167.9499969482422,169.8000030517578,1008204
2023-11-17,154.28662109375,167.4199981689453,168.75,166.17999267578125,168.47999572753906,1063366
2023-11-20,155.0238800048828,168.22000122070312,169.14999389648438,167.6300048828125,167.67999267578125,504626
2023-11-21,155.5030975341797,168.74000549316406,169.6999969482422,168.22999572753906,168.32000732421875,722380
2023-11-22,154.04702758789062,167.16000366210938,169.33999633789062,167.0850067138672,167.3699951171875,457229
2023-11-23,152.9227294921875,165.94000244140625,166.89999389648438,165.57000732421875,166.5800018310547,637197
2023-11-24,153.4203643798828,166.47999572753906,166.97000122070312,165.74000549316406,165.77999877929688,570034
2023-11-27,152.51722717285156,165.5,167.99000549316406,165.3000030517578,166.16000366210938,708286
2023-11-28,152.59097290039062,165.5800018310547,166.89999389648438,165.4499969482422,165.5500030517578,369349
2023-11-29,152.59097290039062,165.5800018310547,165.91000366210938,164.6300048828125,165.22999572753906,674240
2023-11-30,155.7887725830078,169.0500030517578,169.30999755859375,165.25,166.0,2160672
2023-12-01,154.6276092529297,167.7899932861328,168.49000549316406,166.60000610351562,168.0,634233
2023-12-04,155.7703399658203,169.02999877929688,170.75,169.00999450683594,170.38999938964844,654209
2023-12-05,154.6368408203125,167.8000030517578,169.17999267578125,167.1999969482422,168.91000366210938,575743
2023-12-06,157.4291534423828,170.8300018310547,171.38999938964844,168.3249969482422,168.6999969482422,1039352
2023-12-07,155.2266082763672,168.44000244140625,170.0,167.39999389648438,169.52000427246094,814417
2023-12-08,156.0652313232422,169.35000610351562,169.6300048828125,167.47000122070312,169.4499969482422,507025
2023-12-11,155.84405517578125,169.11000061035156,170.97999572753906,168.66000366210938,169.67999267578125,476532
2023-12-12,156.4799346923828,169.8000030517578,170.3000030517578,169.10000610351562,169.3000030517578,557994
2023-12-13,158.84832763671875,172.3699951171875,172.88999938964844,169.52000427246094,170.0,891808
2023-12-14,164.4698028564453,178.47000122070312,178.47000122070312,174.72000122070312,174.99000549316406,1521067
2023-12-15,165.3268585205078,179.39999389648438,180.75,176.4199981689453,178.50999450683594,2190318
2023-12-18,165.2715606689453,179.33999633789062,180.0,177.94000244140625,179.0,668687
2023-12-19,167.1239013671875,181.35000610351562,182.3300018310547,178.91000366210938,179.75999450683594,773122
2023-12-20,168.6628875732422,183.02000427246094,184.14999389648438,181.66000366210938,182.67999267578125,737275
2023-12-21,167.14230346679688,181.3699951171875,183.75,180.75,183.75,852938
2023-12-22,166.39585876464844,180.55999755859375,181.08999633789062,179.75,181.0,1283623
2023-12-27,168.34954833984375,182.67999267578125,183.52000427246094,181.7100067138672,183.30999755859375,389962
2023-12-28,169.92539978027344,184.38999938964844,184.82000732421875,183.6999969482422,184.35000610351562,415109
2023-12-29,169.22503662109375,183.6300048828125,184.13999938964844,182.5,182.8800048828125,538737
2024-01-02,170.10971069335938,184.58999633789062,184.97999572753906,183.1199951171875,183.41000366210938,270266
2024-01-03,167.14230346679688,181.3699951171875,183.08999633789062,180.67999267578125,181.83999633789062,491532
2024-01-04,165.87977600097656,180.0,180.6999969482422,179.32000732421875,180.4199981689453,543277
2024-01-05,165.74154663085938,179.85000610351562,181.17999267578125,179.8300018310547,180.8000030517578,300948
2024-01-08,164.37765502929688,178.3699951171875,180.22999572753906,178.0,179.61000061035156,301991
2024-01-09,165.42822265625,179.50999450683594,181.16000366210938,179.4499969482422,179.6699981689453,532173
2024-01-10,166.11940002441406,180.25999450683594,181.0800018310547,179.0,179.35000610351562,377800
2024-01-11,168.59835815429688,182.9499969482422,183.4499969482422,181.50999450683594,182.2899932861328,640105
2024-01-12,168.33111572265625,182.66000366210938,183.3300018310547,181.13999938964844,182.14999389648438,411718
2024-01-15,168.5062255859375,182.85000610351562,183.22999572753906,182.0,182.14999389648438,58740
2024-01-16,168.64443969726562,183.0,185.22999572753906,182.58999633789062,184.89999389648438,508030
2024-01-17,167.7044677734375,181.97999572753906,183.4199981689453,181.58999633789062,183.32000732421875,587943
2024-01-18,166.4788055419922,180.64999389648438,181.47999572753906,179.58999633789062,180.3699951171875,590536
2024-01-19,168.90249633789062,183.27999877929688,183.57000732421875,181.57000732421875,182.44000244140625,1289491
2024-01-22,169.56600952148438,184.0,185.60000610351562,183.88999938964844,184.6999969482422,548951
2024-01-23,172.20164489746094,186.86000061035156,188.5399932861328,184.80999755859375,185.49000549316406,779999
2024-01-24,172.31222534179688,186.97999572753906,187.3800048828125,185.9199981689453,187.3300018310547,417877
2024-01-25,171.96205139160156,186.60000610351562,187.3000030517578,186.00999450683594,186.91000366210938,547696
2024-01-29,172.9020233154297,187.6199951171875,188.22000122070312,186.86000061035156,188.22000122070312,479696
2024-01-30,173.2614288330078,188.00999450683594,188.77000427246094,187.2100067138672,188.00999450683594,472505
2024-01-31,175.510009765625,190.4499969482422,190.9499969482422,185.8000030517578,187.5500030517578,997674
2024-02-01,173.39968872070312,188.16000366210938,188.97000122070312,187.0,188.8800048828125,509337
2024-02-02,176.3025665283203,191.30999755859375,192.44000244140625,189.40499877929688,189.5,787506
2024-02-05,175.3441619873047,190.27000427246094,190.27999877929688,188.30999755859375,189.9499969482422,352635
2024-02-06,173.55633544921875,188.3300018310547,189.5749969482422,187.1999969482422,189.0,568351
2024-02-07,174.81884765625,189.6999969482422,191.58999633789062,189.5,190.0,588431
2024-02-08,176.31178283691406,191.32000732421875,191.77999877929688,189.8000030517578,190.3000030517578,413555
2024-02-09,175.91552734375,190.88999938964844,191.9499969482422,190.75,191.88999938964844,677060
2024-02-12,173.38124084472656,188.13999938964844,190.89999389648438,187.6999969482422,190.50999450683594,492006
2024-02-13,171.6394805908203,186.25,186.58999633789062,180.00999450683594,180.02999877929688,1173158
2024-02-14,171.3353729248047,185.9199981689453,186.3699951171875,182.89999389648438,183.27999877929688,722945
2024-02-15,177.0213623046875,192.08999633789062,192.08999633789062,186.4600067138672,187.3300018310547,1198282
2024-02-16,177.58352661132812,192.6999969482422,195.5,191.08999633789062,194.49000549316406,1375346
2024-02-19,176.94764709472656,192.00999450683594,192.5800018310547,190.52999877929688,192.0,375786
2024-02-20,176.0353240966797,191.02000427246094,192.13999938964844,189.97999572753906,191.22000122070312,508237
2024-02-21,175.95237731933594,190.92999267578125,193.7100067138672,189.50999450683594,189.50999450683594,694850
2024-02-22,176.80943298339844,191.86000061035156,192.58999633789062,190.72000122070312,191.99000549316406,448277
2024-02-23,177.93373107910156,193.0800018310547,194.33999633789062,193.02000427246094,193.80999755859375,567738
2024-02-26,178.9934844970703,194.22999572753906,194.99000549316406,193.39999389648438,194.0,404873
2024-02-27,180.32974243164062,195.67999267578125,196.0,193.75999450683594,195.0,511345
2024-02-28,178.5050811767578,193.6999969482422,196.4499969482422,192.72000122070312,196.0,471904
2024-02-29,179.5279998779297,194.80999755859375,195.0,192.82000732421875,193.69000244140625,1016420
2024-03-01,179.09487915039062,194.33999633789062,195.05999755859375,192.0,193.7100067138672,601026
2024-03-04,177.69410705566406,192.82000732421875,195.4499969482422,192.2100067138672,194.1999969482422,733558
2024-03-05,177.22410583496094,192.30999755859375,193.1999969482422,191.02999877929688,191.5800018310547,513619
2024-03-06,178.1732940673828,193.33999633789062,194.67999267578125,192.30999755859375,193.4600067138672,495079
2024-03-07,179.5740966796875,194.86000061035156,195.8800048828125,193.75,194.80999755859375,686350
2024-03-08,183.1865692138672,198.77999877929688,199.30999755859375,196.05999755859375,196.92999267578125,932197
2024-03-11,181.6015167236328,197.05999755859375,198.77000427246094,196.22999572753906,197.25999450683594,480979
2024-03-12,182.26502990722656,197.77999877929688,198.0,196.52000427246094,197.05999755859375,378657
2024-03-13,183.9514617919922,199.61000061035156,200.1999969482422,197.8699951171875,197.94000244140625,442539
2024-03-14,181.85031127929688,197.3300018310547,199.0,196.38499450683594,198.72000122070312,636787
2024-03-15,182.2005157470703,197.7100067138672,197.7100067138672,193.4199981689453,195.75,1273999
2024-03-18,182.9101104736328,198.47999572753906,198.47999572753906,196.10000610351562,196.6999969482422,401754
2024-03-19,181.8411102294922,197.32000732421875,198.39999389648438,196.86500549316406,198.39999389648438,370713
2024-03-20,181.29739379882812,196.72999572753906,198.77000427246094,196.6300048828125,197.91000366210938,427604
2024-03-21,183.85931396484375,199.50999450683594,199.72000122070312,197.8000030517578,199.5,865737
2024-03-22,183.38931274414062,199.0,199.6999969482422,198.07000732421875,199.6199951171875,1543376
2024-03-25,181.98855590820312,197.47999572753906,200.1699981689453,197.0,199.39999389648438,540627
2024-03-26,182.91932678222656,198.49000549316406,198.6999969482422,196.36500549316406,197.49000549316406,590175
2024-03-27,182.37559509277344,197.89999389648438,198.64999389648438,196.92999267578125,197.10000610351562,336599
2024-03-28,184.03440856933594,199.6999969482422,200.25,199.1699981689453,199.5800018310547,583211
2024-04-02,182.77188110351562,198.3300018310547,199.8000030517578,196.38999938964844,197.25,539360
2024-04-03,179.96115112304688,195.27999877929688,197.6999969482422,195.05999755859375,196.5,676202
2024-04-04,181.31582641601562,196.75,198.5,196.3800048828125,197.0,424931
2024-04-05,179.68466186523438,194.97999572753906,195.8800048828125,193.38999938964844,195.2899932861328,523162
2024-04-08,177.80471801757812,192.94000244140625,194.8000030517578,192.10000610351562,194.8000030517578,678219
2024-04-09,176.42239379882812,191.44000244140625,193.8000030517578,190.88999938964844,193.57000732421875,513909
2024-04-10,176.23806762695312,191.24000549316406,192.64999389648438,190.5500030517578,191.1300048828125,528643
2024-04-11,174.9939422607422,189.88999938964844,190.6300048828125,186.97999572753906,187.10000610351562,612374
2024-04-12,174.8833770751953,189.77000427246094,190.75999450683594,188.8699951171875,189.35000610351562,417103
2024-04-15,173.4641571044922,188.22999572753906,188.47000122070312,186.8000030517578,187.72999572753906,534523
2024-04-16,171.38145446777344,185.97000122070312,187.97000122070312,184.30999755859375,186.36000061035156,636375
2024-04-17,169.74110412597656,184.19000244140625,185.8000030517578,183.8350067138672,185.5,560749
2024-04-18,171.70401000976562,186.32000732421875,186.5800018310547,184.19000244140625,184.19000244140625,635891
2024-04-19,168.94854736328125,183.3300018310547,184.47999572753906,180.39999389648438,183.89999389648438,1206068
2024-04-22,171.97125244140625,186.61000061035156,187.0,185.0500030517578,185.49000549316406,527959
2024-04-23,174.0447540283203,188.86000061035156,189.11500549316406,187.9149932861328,188.75999450683594,392762
2024-04-24,172.8467254638672,187.55999755859375,191.42999267578125,187.55999755859375,190.5,562359
2024-04-26,171.7869415283203,186.41000366210938,186.66000366210938,184.39999389648438,185.0,545708
2024-04-29,172.89280700683594,187.61000061035156,188.4499969482422,187.0800018310547,188.3300018310547,545918
2024-04-30,172.76380920410156,187.47000122070312,188.10000610351562,186.22999572753906,187.80999755859375,550030
2024-05-01,171.27090454101562,185.85000610351562,186.22000122070312,184.0399932861328,184.75999450683594,548392
2024-05-02,173.25221252441406,188.0,188.6199951171875,185.52000427246094,185.77000427246094,627532
2024-05-03,169.4093475341797,183.8300018310547,187.69000244140625,183.36000061035156,187.10000610351562,950076
2024-05-06,171.8791046142578,186.50999450683594,186.50999450683594,180.85000610351562,181.86000061035156,896421
2024-05-07,176.1090545654297,191.10000610351562,191.10000610351562,187.22000122070312,187.3699951171875,1054409
2024-05-08,175.7404022216797,190.6999969482422,191.21499633789062,189.52000427246094,190.0,644973
2024-05-09,176.02609252929688,191.00999450683594,191.7100067138672,189.77000427246094,190.0,596729
2024-05-10,178.1088104248047,193.27000427246094,193.58999633789062,191.0,191.72999572753906,642169
2024-05-13,178.72000122070312,190.07000732421875,190.67999267578125,186.72999572753906,190.08999633789062,1816808
2024-05-14,178.5413360595703,189.8800048828125,189.99000549316406,188.00999450683594,189.3699951171875,517324
2024-05-15,176.75479125976562,187.97999572753906,191.5,187.58999633789062,191.35000610351562,405923
2024-05-16,181.79473876953125,193.33999633789062,193.82000732421875,190.02000427246094,190.8800048828125,942409
2024-05-17,179.46282958984375,190.86000061035156,191.60000610351562,190.11000061035156,191.2899932861328,814824
2024-05-20,182.5093536376953,194.10000610351562,194.10000610351562,191.27499389648438,191.32000732421875,642121
2024-05-21,181.6630859375,193.1999969482422,194.91000366210938,192.89999389648438,194.4600067138672,872565
2024-05-22,184.00439453125,195.69000244140625,196.17999267578125,194.0,194.80999755859375,595338
2024-05-23,182.17083740234375,193.74000549316406,194.49000549316406,193.16000366210938,194.49000549316406,563054
2024-05-24,180.73220825195312,192.2100067138672,193.1199951171875,190.61000061035156,192.6999969482422,590773
2024-05-27,182.02980041503906,193.58999633789062,194.4499969482422,193.02000427246094,194.0800018310547,345553
2024-05-28,180.50653076171875,191.97000122070312,193.35000610351562,191.32000732421875,193.0,486269
2024-05-29,178.16522216796875,189.47999572753906,190.17999267578125,188.38999938964844,189.5,575269
2024-05-30,177.1215057373047,188.3699951171875,188.6699981689453,187.5,187.58999633789062,475916
2024-05-31,179.54745483398438,190.9499969482422,190.9499969482422,188.6199951171875,189.97999572753906,1098501
2024-06-03,180.66636657714844,192.13999938964844,192.88999938964844,191.35000610351562,192.0,374482
2024-06-04,181.0142822265625,192.50999450683594,192.6999969482422,191.52000427246094,192.13999938964844,595750
2024-06-05,181.71009826660156,193.25,193.4600067138672,191.5500030517578,192.36000061035156,636407
2024-06-06,183.56246948242188,195.22000122070312,196.33999633789062,194.74000549316406,195.47000122070312,923816
2024-06-07,184.54977416992188,196.27000427246094,196.9600067138672,195.5,195.7899932861328,507671
2024-06-11,182.26487731933594,193.83999633789062,194.99000549316406,192.89999389648438,193.10000610351562,759923
2024-06-12,181.06129455566406,192.55999755859375,192.89999389648438,191.1999969482422,192.6199951171875,609220
2024-06-13,179.99876403808594,191.42999267578125,194.41000366210938,191.1999969482422,193.57000732421875,664420
2024-06-14,179.3499755859375,190.74000549316406,191.69000244140625,190.35000610351562,190.7100067138672,387375
2024-06-17,179.23715209960938,190.6199951171875,191.82000732421875,190.05999755859375,190.2100067138672,461747
2024-06-18,183.97621154785156,195.66000366210938,196.74000549316406,192.86500549316406,193.22000122070312,747452
2024-06-19,185.97898864746094,197.7899932861328,198.30999755859375,196.0800018310547,196.60000610351562,704122
2024-06-20,184.7660369873047,196.5,196.94000244140625,195.0,196.80999755859375,810850
2024-06-21,187.14495849609375,199.02999877929688,199.02999877929688,196.4499969482422,197.7100067138672,1516075
2024-06-24,187.37062072753906,199.27000427246094,201.17999267578125,198.5500030517578,199.02999877929688,673567
2024-06-25,191.75233459472656,203.92999267578125,203.92999267578125,200.6699981689453,201.5,779961
2024-06-26,191.5642852783203,203.72999572753906,203.72999572753906,201.6199951171875,203.38999938964844,551194
2024-06-27,191.63949584960938,203.80999755859375,203.88999938964844,200.47000122070312,201.5,656785
2024-06-28,192.4669647216797,204.69000244140625,207.57000732421875,204.00999450683594,205.91000366210938,819669
2024-07-01,191.02833557128906,203.16000366210938,204.19000244140625,201.52000427246094,202.22000122070312,448155
2024-07-02,191.06593322753906,203.1999969482422,203.77000427246094,201.92999267578125,202.5,393925
2024-07-03,191.45144653320312,203.61000061035156,204.86000061035156,202.94000244140625,204.0,399028
2024-07-04,192.75845336914062,205.0,205.49000549316406,203.89999389648438,204.99000549316406,334830
2024-07-05,192.28831481933594,204.5,205.38999938964844,204.25999450683594,204.89999389648438,422834
2024-07-08,192.18487548828125,204.38999938964844,205.3800048828125,204.32000732421875,204.39999389648438,305138
2024-07-09,190.70863342285156,202.82000732421875,205.38999938964844,201.91000366210938,205.3000030517578,744342
2024-07-10,190.9060821533203,203.02999877929688,203.27999877929688,201.5500030517578,201.97999572753906,563045
2024-07-11,190.7650604248047,202.8800048828125,204.3800048828125,202.7100067138672,204.3800048828125,401492
2024-07-12,191.25399780273438,203.39999389648438,204.49000549316406,202.5,204.17999267578125,520990
2024-07-15,192.1378631591797,204.33999633789062,204.5399932861328,203.55999755859375,204.3000030517578,518186
2024-07-16,192.45755004882812,204.67999267578125,205.0,203.72999572753906,205.0,628093
2024-07-17,197.18719482421875,209.7100067138672,209.7100067138672,206.02000427246094,206.35000610351562,791154
2024-07-18,197.19659423828125,209.72000122070312,211.5,208.0,209.50999450683594,608434
2024-07-19,197.5162811279297,210.05999755859375,210.75,207.5050048828125,208.47000122070312,941948
2024-07-22,196.61363220214844,209.10000610351562,209.10000610351562,207.2899932861328,208.5,386753
2024-07-23,195.43826293945312,207.85000610351562,209.5,207.14999389648438,208.5,449734
2024-07-24,196.26571655273438,208.72999572753906,209.89999389648438,207.6999969482422,208.0,365088
2024-07-25,189.5708770751953,201.61000061035156,205.0,200.0,204.60000610351562,999264
2024-07-26,192.4481658935547,204.6699981689453,206.0,201.0800018310547,201.5,750385
2024-07-29,194.78005981445312,207.14999389648438,207.9499969482422,206.3249969482422,206.5,444199
2024-07-30,194.68603515625,207.0500030517578,207.1999969482422,202.75,203.89999389648438,429427
2024-07-31,197.27183532714844,209.8000030517578,210.25,205.55999755859375,207.8000030517578,674389
2024-08-01,198.691650390625,211.30999755859375,212.8300018310547,210.0,210.69000244140625,660852
2024-08-02,194.35693359375,206.6999969482422,207.9600067138672,205.5,207.49000549316406,760093
2024-08-05,184.07020568847656,195.75999450683594,203.11000061035156,195.02999877929688,201.75,1214189
2024-08-06,186.44912719726562,198.2899932861328,199.82000732421875,195.60000610351562,195.6999969482422,1060059
2024-08-07,187.8971710205078,199.8300018310547,201.57000732421875,197.67999267578125,198.2899932861328,651809
2024-08-08,187.7843475341797,199.7100067138672,200.7100067138672,198.24000549316406,199.5,459643
2024-08-09,189.65550231933594,201.6999969482422,204.30499267578125,201.39999389648438,203.00999450683594,507369
2024-08-12,192.1284637451172,204.3300018310547,204.61000061035156,203.0,203.67999267578125,358029
2024-08-13,192.00621032714844,204.1999969482422,204.35000610351562,202.5399932861328,203.02999877929688,308195
2024-08-14,193.51068115234375,205.8000030517578,207.7100067138672,204.5,204.75,422896
2024-08-15,196.00244140625,208.4499969482422,209.8300018310547,206.4499969482422,206.5,685602
2024-08-16,197.2248077392578,209.75,211.22000122070312,207.89999389648438,210.00999450683594,976513
2024-08-19,197.17779541015625,209.6999969482422,210.80999755859375,208.64999389648438,209.0,327086
2024-08-20,197.5821075439453,210.1300048828125,210.83999633789062,209.25,210.5,331468
2024-08-21,197.57269287109375,210.1199951171875,210.3300018310547,207.39999389648438,209.3699951171875,565574
2024-08-22,197.08375549316406,209.60000610351562,211.66000366210938,209.52000427246094,210.63999938964844,331501
2024-08-23,198.62582397460938,211.24000549316406,211.24000549316406,209.5,209.6999969482422,399091
2024-08-26,200.60983276367188,213.35000610351562,213.5,210.6199951171875,210.72000122070312,450898
2024-08-27,199.5849151611328,212.25999450683594,213.67999267578125,211.2100067138672,212.5500030517578,222229
2024-08-28,200.43118286132812,213.16000366210938,213.16000366210938,210.14999389648438,211.5,626567
2024-08-29,201.81338500976562,214.6300048828125,214.6300048828125,212.6699981689453,212.7899932861328,486513
2024-08-30,202.77247619628906,215.64999389648438,216.91000366210938,214.52999877929688,216.0,826468
2024-09-02,204.07948303222656,217.0399932861328,217.89999389648438,213.92999267578125,214.60000610351562,309209
2024-09-03,206.68406677246094,219.80999755859375,220.5,215.99000549316406,216.8699951171875,452681
2024-09-04,204.15469360351562,217.1199951171875,217.9600067138672,215.16000366210938,217.2899932861328,627541
2024-09-05,206.82513427734375,219.9600067138672,221.10000610351562,217.61000061035156,217.61000061035156,510228
2024-09-06,211.7239990234375,225.1699981689453,226.19000244140625,220.69000244140625,220.89999389648438,984376
2024-09-09,210.360595703125,223.72000122070312,224.39999389648438,221.50999450683594,221.97000122070312,576719
2024-09-10,213.78323364257812,227.36000061035156,228.5,225.9600067138672,227.0,524550
2024-09-11,210.64266967773438,224.02000427246094,227.8800048828125,223.58999633789062,227.5,630259
2024-09-12,213.2566680908203,226.8000030517578,227.1199951171875,224.3000030517578,225.60000610351562,385400
2024-09-13,213.5857696533203,227.14999389648438,230.3300018310547,226.0800018310547,228.5,680996
2024-09-16,214.7611083984375,228.39999389648438,229.52999877929688,227.91000366210938,228.5500030517578,424987
2024-09-17,214.47901916503906,228.10000610351562,229.89999389648438,227.66000366210938,228.0,336967
2024-09-18,215.7578125,229.4600067138672,229.72999572753906,225.1999969482422,225.52999877929688,421674
2024-09-19,217.81704711914062,231.64999389648438,231.99000549316406,228.30999755859375,230.74000549316406,854673
2024-09-20,217.36570739746094,231.1699981689453,233.91000366210938,230.47000122070312,233.08999633789062,2939016
2024-09-23,217.2622528076172,231.05999755859375,232.05999755859375,229.02000427246094,229.63999938964844,395923
2024-09-24,219.3026885986328,233.22999572753906,233.9600067138672,228.77000427246094,232.0,646426
2024-09-25,214.49781799316406,228.1199951171875,233.13999938964844,228.0500030517578,233.13999938964844,585352
2024-09-26,218.3341827392578,232.1999969482422,233.39999389648438,229.8699951171875,230.4600067138672,522411
2024-09-27,219.5471954345703,233.49000549316406,233.6699981689453,231.22000122070312,231.5500030517578,520849
2024-09-30,218.4940643310547,232.3699951171875,234.9600067138672,231.57000732421875,233.49000549316406,621620
2024-10-01,214.71409606933594,228.35000610351562,232.3699951171875,226.8000030517578,232.3699951171875,561293
2024-10-02,212.65489196777344,226.16000366210938,227.32000732421875,223.72000122070312,225.35000610351562,803819
2024-10-03,213.02159118652344,226.5500030517578,226.75,224.52000427246094,226.75,409886
2024-10-04,211.4795379638672,224.91000366210938,224.91000366210938,222.11000061035156,224.0,627434
2024-10-07,215.07142639160156,228.72999572753906,228.85000610351562,224.22999572753906,224.83999633789062,411096
2024-10-08,215.87066650390625,229.5800018310547,230.17999267578125,226.16000366210938,227.99000549316406,470499
2024-10-09,216.37841796875,230.1199951171875,232.24000549316406,229.64999389648438,231.5,329945
2024-10-10,218.15553283691406,232.00999450683594,233.44000244140625,231.19000244140625,232.16000366210938,456406
2024-10-11,218.36239624023438,232.22999572753906,233.5,231.00999450683594,231.33999633789062,447889
2024-10-14,219.92327880859375,233.88999938964844,234.9499969482422,232.25,234.0,450764
2024-10-15,220.66610717773438,234.67999267578125,236.32000732421875,234.5,235.5,436754
2024-10-16,220.30880737304688,234.3000030517578,236.19000244140625,234.02000427246094,234.4499969482422,545044
2024-10-17,221.8790740966797,235.97000122070312,236.69000244140625,234.5,236.24000549316406,588948
2024-10-18,221.9355010986328,236.02999877929688,236.6199951171875,234.75999450683594,235.5500030517578,1015023
2024-10-21,224.91619873046875,239.1999969482422,240.6300048828125,237.00999450683594,238.80999755859375,423552
2024-10-22,218.64450073242188,232.52999877929688,236.22000122070312,232.52999877929688,235.85000610351562,733883
2024-10-23,218.2965850830078,232.16000366210938,233.3000030517578,231.0,232.55999755859375,337555
2024-10-24,219.36851501464844,233.3000030517578,234.97999572753906,231.55999755859375,232.24000549316406,297860
2024-10-25,219.29330444335938,233.22000122070312,235.6699981689453,232.69000244140625,233.13999938964844,390060
2024-10-28,218.6068878173828,232.49000549316406,233.9499969482422,231.1699981689453,233.27000427246094,246439
2024-10-29,219.01121520996094,232.9199981689453,234.44000244140625,232.65499877929688,234.44000244140625,441331
2024-10-30,217.5537567138672,231.3699951171875,232.32000732421875,229.77000427246094,230.0,383778
2024-10-31,217.68539428710938,231.50999450683594,231.50999450683594,228.42999267578125,230.0,697744
2024-11-01,209.8716278076172,223.1999969482422,226.22999572753906,220.61000061035156,222.02000427246094,1311585
2024-11-04,209.00657653808594,222.27999877929688,225.44000244140625,219.16000366210938,220.88999938964844,600693
2024-11-05,205.1796112060547,218.2100067138672,221.67999267578125,218.2100067138672,221.5,585281
2024-11-06,212.37278747558594,225.86000061035156,225.86000061035156,220.6300048828125,221.8000030517578,672897
2024-11-07,215.81423950195312,229.52000427246094,234.9199981689453,228.5399932861328,232.5,1020802
2024-11-08,214.8833770751953,228.52999877929688,230.58999633789062,228.3000030517578,229.9199981689453,442592
2024-11-11,217.63206481933594,228.82000732421875,228.82000732421875,225.0,227.0,795903
2024-11-12,219.89566040039062,231.1999969482422,233.3000030517578,229.4499969482422,231.72999572753906,553920
2024-11-13,216.80459594726562,227.9499969482422,230.66000366210938,226.82000732421875,229.97000122070312,498464
2024-11-14,218.53561401367188,229.77000427246094,230.1999969482422,227.3699951171875,228.49000549316406,440603
2024-11-15,218.28829956054688,229.50999450683594,232.3000030517578,228.8800048828125,230.60000610351562,415896
2024-11-18,218.6497344970703,229.88999938964844,230.58999633789062,227.75,228.5,278110
2024-11-19,219.75302124023438,231.0500030517578,234.0500030517578,227.30999755859375,227.33999633789062,463071
2024-11-20,218.66876220703125,229.91000366210938,231.60000610351562,229.0,229.0500030517578,369050
2024-11-21,218.15516662597656,229.3699951171875,230.44000244140625,228.60000610351562,229.1699981689453,472268
2024-11-22,220.2476043701172,231.57000732421875,233.5500030517578,229.5500030517578,230.0,729971
2024-11-25,219.3250274658203,230.60000610351562,235.0,230.60000610351562,234.99000549316406,1021139
2024-11-26,221.07505798339844,232.44000244140625,235.0,229.43499755859375,229.44000244140625,631466
2024-11-27,220.33319091796875,231.66000366210938,233.02999877929688,231.1999969482422,231.3300018310547,450861
2024-11-28,221.2272491455078,232.60000610351562,234.03500366210938,232.0,232.42999267578125,542750
2024-11-29,219.81008911132812,231.11000061035156,231.11000061035156,228.64999389648438,229.52999877929688,548548
2024-12-02,219.61985778808594,230.91000366210938,231.66000366210938,229.25999450683594,231.3800048828125,396317
2024-12-03,222.2068634033203,233.6300048828125,234.6999969482422,231.3699951171875,232.5,627844
2024-12-04,221.61717224121094,233.00999450683594,233.75999450683594,231.36000061035156,232.3000030517578,362726
2024-12-05,222.28297424316406,233.7100067138672,234.72000122070312,232.88999938964844,233.80999755859375,289341
2024-12-06,219.53427124023438,230.82000732421875,233.5800018310547,230.0,232.00999450683594,322410
2024-12-09,219.86715698242188,231.1699981689453,231.97999572753906,229.10000610351562,230.97999572753906,409543
2024-12-10,215.7583770751953,226.85000610351562,231.10000610351562,226.39999389648438,230.5,564820
2024-12-11,214.10345458984375,225.11000061035156,226.88999938964844,224.0,224.5,457402
2024-12-12,214.5409698486328,225.57000732421875,228.10000610351562,225.5500030517578,227.0,405581
2024-12-13,215.1591796875,226.22000122070312,227.0,223.39999389648438,223.5399932861328,469638
2024-12-16,214.1890411376953,225.1999969482422,226.16000366210938,224.0800018310547,225.72999572753906,347461
2024-12-17,216.30999755859375,227.42999267578125,227.82000732421875,224.57000732421875,224.67999267578125,408245
2024-12-18,215.95809936523438,227.05999755859375,228.16000366210938,226.0399932861328,227.39999389648438,534136
2024-12-19,213.05722045898438,224.00999450683594,224.1999969482422,221.22500610351562,221.75,868710
2024-12-20,208.19708251953125,218.89999389648438,224.0,218.33999633789062,223.75,1485367
2024-12-23,212.7338409423828,223.6699981689453,223.6699981689453,220.00999450683594,221.05999755859375,299744
2024-12-24,212.22024536132812,223.1300048828125,223.89999389648438,222.72000122070312,223.72000122070312,161036
2024-12-27,213.95126342773438,224.9499969482422,225.72000122070312,223.25,223.89999389648438,286117
2024-12-30,213.00015258789062,223.9499969482422,224.52999877929688,222.52999877929688,223.47999572753906,198085
2024-12-31,210.8126220703125,221.64999389648438,223.4600067138672,221.49000549316406,222.8000030517578,211637
2025-01-02,210.34657287597656,221.16000366210938,222.47000122070312,219.52999877929688,219.52999877929688,257258
2025-01-03,212.1822052001953,223.08999633789062,223.58999633789062,220.35000610351562,222.3800048828125,229467
2025-01-06,213.49472045898438,224.47000122070312,225.6199951171875,223.00999450683594,224.88999938964844,327704
2025-01-07,215.53961181640625,226.6199951171875,226.6199951171875,225.44000244140625,226.47000122070312,257864
2025-01-08,218.81141662597656,230.05999755859375,231.80999755859375,224.0,224.00999450683594,503610
2025-01-09,222.6538848876953,234.10000610351562,234.75,230.05999755859375,230.99000549316406,465805
2025-01-10,219.89566040039062,231.1999969482422,234.99000549316406,230.32000732421875,234.6999969482422,435099
2025-01-13,214.55047607421875,225.5800018310547,230.5,224.0800018310547,228.7100067138672,517114
2025-01-14,214.26513671875,225.27999877929688,227.82000732421875,224.6999969482422,226.3300018310547,394033
2025-01-15,213.23793029785156,224.1999969482422,227.8300018310547,224.1999969482422,227.0,345126
2025-01-16,220.02882385253906,231.33999633789062,232.8000030517578,230.00999450683594,231.2100067138672,673284
2025-01-17,219.79104614257812,231.08999633789062,232.25999450683594,230.1300048828125,231.3699951171875,555472
2025-01-20,223.92835998535156,235.44000244140625,235.44000244140625,231.5,232.02999877929688,335304
2025-01-21,225.72596740722656,237.3300018310547,239.11000061035156,235.5,236.0,322434
2025-01-22,227.0384979248047,238.7100067138672,241.72000122070312,236.8000030517578,237.3300018310547,409552
2025-01-23,227.16212463378906,238.83999633789062,239.97999572753906,237.60000610351562,238.9499969482422,361455
2025-01-24,227.6662139892578,239.3699951171875,239.89999389648438,238.75999450683594,239.0,425232
2025-01-28,224.34686279296875,235.8800048828125,238.49000549316406,233.58999633789062,236.6699981689453,555689
2025-01-29,226.0017852783203,237.6199951171875,238.77999877929688,236.07000732421875,237.1999969482422,391528
2025-01-30,229.2355499267578,241.02000427246094,242.14999389648438,237.6199951171875,238.0800018310547,356647
2025-01-31,229.0262908935547,240.8000030517578,242.89999389648438,240.00999450683594,241.9600067138672,564088
2025-02-03,225.402587890625,236.99000549316406,238.2050018310547,235.4199981689453,235.8800048828125,424510
2025-02-04,226.38223266601562,238.02000427246094,239.97000122070312,238.0,238.5800018310547,369721
2025-02-05,218.1646728515625,229.3800048828125,239.3699951171875,229.35000610351562,238.9199981689453,858584
2025-02-06,220.18101501464844,231.5,232.0399932861328,230.07000732421875,230.94000244140625,476571
2025-02-07,218.72581481933594,229.97000122070312,232.74000549316406,229.85000610351562,232.0,483780
2025-02-10,216.7475128173828,227.88999938964844,228.94000244140625,225.02000427246094,226.8800048828125,477476
2025-02-11,220.21905517578125,231.5399932861328,233.50999450683594,226.5399932861328,228.0,658402
2025-02-12,224.0139617919922,235.52999877929688,236.61000061035156,232.60000610351562,233.0,556801
2025-02-13,224.69876098632812,236.25,239.3800048828125,234.47000122070312,236.6300048828125,501682
2025-02-14,223.92835998535156,235.44000244140625,238.4499969482422,235.44000244140625,238.1999969482422,576028
2025-02-17,225.5167236328125,237.11000061035156,237.11000061035156,233.91000366210938,235.42999267578125,385088
2025-02-18,223.5764617919922,235.07000732421875,238.6300048828125,235.07000732421875,237.47999572753906,433103
2025-02-19,222.91067504882812,234.3699951171875,236.16000366210938,232.00999450683594,234.5,631125
2025-02-20,220.65655517578125,232.0,234.0,230.08999633789062,232.60000610351562,634901
2025-02-21,217.33718872070312,228.50999450683594,233.91000366210938,228.50999450683594,233.10000610351562,822484
2025-02-24,220.49488830566406,231.8300018310547,232.3800048828125,225.8000030517578,225.86000061035156,425116
2025-02-25,218.40245056152344,229.6300048828125,230.34500122070312,228.52000427246094,229.97000122070312,456730
2025-02-26,219.76251220703125,231.05999755859375,231.47000122070312,228.5,230.1999969482422,297547
2025-02-27,219.49623107910156,230.77999877929688,232.58999633789062,230.38999938964844,232.58999633789062,262718
2025-02-28,215.51107788085938,226.58999633789062,229.77999877929688,225.1999969482422,228.75,1178597
2025-03-03,215.91055297851562,227.00999450683594,227.94000244140625,224.57000732421875,227.67999267578125,482207
2025-03-04,213.3235321044922,224.2899932861328,225.07000732421875,222.02999877929688,224.22000122070312,474203
2025-03-05,210.61288452148438,221.44000244140625,223.30999755859375,219.8000030517578,222.5,510133
2025-03-06,209.71884155273438,220.5,222.0,219.25,221.0,480027
2025-03-07,198.8572235107422,209.0800018310547,217.7100067138672,208.0,217.27999877929688,1096977
2025-03-10,198.10585021972656,208.2899932861328,209.99000549316406,206.17999267578125,209.6999969482422,616325
2025-03-11,191.96170043945312,201.8300018310547,204.4499969482422,199.39999389648438,203.0,1185478
2025-03-12,189.3556671142578,199.08999633789062,200.8000030517578,197.1999969482422,199.10000610351562,952127
2025-03-13,187.10154724121094,196.72000122070312,201.8300018310547,196.0800018310547,201.0800018310547,1004977
2025-03-14,188.55674743652344,198.25,198.5800018310547,194.5399932861328,195.39999389648438,1111394
2025-03-17,190.9535369873047,200.77000427246094,201.3800048828125,199.50999450683594,199.9499969482422,540019
2025-03-18,186.51187133789062,196.10000610351562,202.8000030517578,195.50999450683594,201.0,703993
2025-03-19,184.88548278808594,194.38999938964844,195.25,193.10000610351562,194.0,951444
2025-03-20,191.92364501953125,201.7899932861328,202.10000610351562,195.52999877929688,195.5500030517578,1260163
2025-03-21,190.40188598632812,200.19000244140625,202.38999938964844,199.25,201.02000427246094,1606028
2025-03-24,189.71710205078125,199.47000122070312,200.75999450683594,198.9499969482422,199.6999969482422,495158
2025-03-25,194.6913604736328,204.6999969482422,206.05999755859375,199.8800048828125,200.0,717951
2025-03-26,195.57589721679688,205.6300048828125,206.1999969482422,204.6199951171875,206.0,599544
2025-03-27,193.34080505371094,203.27999877929688,204.25999450683594,202.30499267578125,203.39999389648438,409058
2025-03-28,193.5120086669922,203.4600067138672,204.10000610351562,201.63999938964844,204.10000610351562,576554
2025-03-31,187.0254669189453,196.63999938964844,199.0,196.22999572753906,197.9199981689453,756384
2025-04-01,187.42491149902344,197.05999755859375,198.61000061035156,194.80999755859375,197.39999389648438,482094
2025-04-02,187.33932495117188,196.97000122070312,199.52999877929688,195.9600067138672,198.5500030517578,575364
2025-04-03,181.91802978515625,191.27000427246094,192.75999450683594,187.1300048828125,189.05999755859375,1141792
2025-04-04,165.492431640625,174.0,185.8000030517578,172.5,185.0,2201489
2025-04-07,164.1038055419922,172.5399932861328,174.7899932861328,160.0,160.8800048828125,2153268
2025-04-08,170.2574462890625,179.00999450683594,179.00999450683594,174.17999267578125,176.0,1265460
2025-04-09,162.61058044433594,170.97000122070312,176.16000366210938,170.9199981689453,175.14999389648438,1154978
2025-04-10,171.52244567871094,180.33999633789062,195.5399932861328,180.33999633789062,195.47000122070312,1383810
2025-04-11,170.2099151611328,178.9600067138672,178.9600067138672,171.58999633789062,173.99000549316406,1833214
2025-04-14,169.91506958007812,178.64999389648438,180.4600067138672,174.4499969482422,175.50999450683594,876172
2025-04-15,171.34170532226562,180.14999389648438,181.88999938964844,178.08999633789062,179.39999389648438,794834
2025-04-16,170.9422607421875,179.72999572753906,181.72000122070312,179.22999572753906,181.25999450683594,690434
2025-04-17,171.02786254882812,179.82000732421875,180.33999633789062,176.6199951171875,178.77999877929688,692415
2025-04-22,171.98846435546875,180.8300018310547,183.66000366210938,179.11000061035156,179.1999969482422,1418302
2025-04-23,181.07154846191406,190.3800048828125,190.6699981689453,184.27999877929688,185.5,1016299
2025-04-24,183.29713439941406,192.72000122070312,193.14999389648438,189.50999450683594,190.05999755859375,813321
2025-04-28,183.4873504638672,192.9199981689453,198.94000244140625,192.9199981689453,198.94000244140625,945365
2025-04-29,184.9235076904297,194.42999267578125,195.30999755859375,192.8000030517578,192.9199981689453,614256
2025-04-30,183.99143981933594,193.4499969482422,194.9499969482422,190.88999938964844,194.05999755859375,1050549
2025-05-01,183.47784423828125,192.91000366210938,194.0500030517578,191.88999938964844,193.5,534481
2025-05-02,188.29043579101562,197.97000122070312,197.97000122070312,193.75999450683594,194.89999389648438,753622
2025-05-05,184.86643981933594,194.3699951171875,199.88999938964844,193.28500366210938,198.22000122070312,640586
2025-05-06,186.30262756347656,195.8800048828125,197.3699951171875,194.25999450683594,195.0,640358
2025-05-07,188.05267333984375,197.72000122070312,197.72000122070312,194.27999877929688,195.52999877929688,858503
2025-05-08,186.3121337890625,195.88999938964844,197.92999267578125,194.3699951171875,197.24000549316406,826745
2025-05-09,193.3693389892578,203.30999755859375,206.0800018310547,198.47999572753906,198.47999572753906,1127320
2025-05-12,197.4591064453125,207.61000061035156,209.25,205.93499755859375,206.6999969482422,850848
2025-05-13,204.77308654785156,215.3000030517578,217.44000244140625,214.0,215.0,1162605
2025-05-14,201.49179077148438,211.85000610351562,215.47000122070312,210.25,214.17999267578125,797908
2025-05-15,203.99319458007812,214.47999572753906,214.9499969482422,210.57000732421875,211.16000366210938,862886
2025-05-16,200.92111206054688,211.25,216.57000732421875,210.25,214.52999877929688,1140603
2025-05-19,197.65560913085938,203.97999572753906,208.64999389648438,202.89999389648438,207.74000549316406,1903255
2025-05-20,201.63816833496094,208.08999633789062,208.77999877929688,205.0,206.99000549316406,1027511
2025-05-21,203.74087524414062,210.25999450683594,211.13999938964844,207.7100067138672,210.0,705967
2025-05-22,199.16722106933594,205.5399932861328,208.0,204.3300018310547,205.00999450683594,950477
2025-05-23,199.8939666748047,206.2899932861328,208.24000549316406,204.75999450683594,207.49000549316406,585163
2025-05-26,200.78546142578125,207.2100067138672,209.44000244140625,206.72000122070312,207.0,557418
2025-05-27,203.48895263671875,210.0,210.8800048828125,207.1300048828125,207.91000366210938,653300
2025-05-28,203.47926330566406,209.99000549316406,213.75999450683594,208.3800048828125,212.52999877929688,751773
2025-05-29,206.98703002929688,213.61000061035156,214.13999938964844,210.56500244140625,212.0,806916
2025-05-30,207.5684356689453,214.2100067138672,214.52999877929688,211.19000244140625,214.17999267578125,3368505
2025-06-02,205.54322814941406,212.1199951171875,214.3000030517578,210.86000061035156,214.16000366210938,683421
2025-06-03,207.42306518554688,214.05999755859375,214.36500549316406,212.36000061035156,213.13999938964844,701039
2025-06-04,210.50448608398438,217.24000549316406,217.24000549316406,214.02999877929688,214.60000610351562,632927
2025-06-05,209.62269592285156,216.3300018310547,218.9949951171875,216.3300018310547,217.50999450683594,500687
2025-06-06,209.24478149414062,215.94000244140625,217.75999450683594,215.94000244140625,216.52999877929688,446488
2025-06-10,211.5703582763672,218.33999633789062,219.07000732421875,215.1999969482422,217.13999938964844,751873
2025-06-11,210.33004760742188,217.05999755859375,219.8800048828125,216.85000610351562,219.3800048828125,379768
2025-06-12,207.00640869140625,213.6300048828125,217.72000122070312,213.6300048828125,217.05999755859375,717380
2025-06-13,206.231201171875,212.8300018310547,215.27999877929688,210.6300048828125,214.5800018310547,835506
2025-06-16,206.3959503173828,213.0,213.30999755859375,211.3699951171875,212.7899932861328,402292
2025-06-17,205.55291748046875,212.1300048828125,214.27999877929688,211.24000549316406,213.0,664999
2025-06-18,205.9308319091797,212.52000427246094,213.5,211.42999267578125,211.6300048828125,866997
2025-06-19,206.2990264892578,212.89999389648438,213.80999755859375,212.00999450683594,213.47999572753906,595538
2025-06-20,202.4036865234375,208.8800048828125,213.0,208.52999877929688,212.2100067138672,1784571
2025-06-23,202.93663024902344,209.42999267578125,209.83999633789062,206.27999877929688,208.60000610351562,377787
2025-06-24,207.84942626953125,214.5,215.5,211.00999450683594,211.9499969482422,687976
2025-06-25,210.14593505859375,216.8699951171875,217.61000061035156,213.6999969482422,215.33999633789062,578172
2025-06-26,209.27386474609375,215.97000122070312,217.9199981689453,214.8300018310547,217.08999633789062,697282
2025-06-27,213.37269592285156,220.1999969482422,220.9499969482422,216.57000732421875,217.22000122070312,989611
2025-06-30,221.6382293701172,228.72999572753906,228.91000366210938,221.5749969482422,222.22000122070312,1153462
2025-07-01,219.44830322265625,226.47000122070312,230.38999938964844,226.47000122070312,228.27000427246094,631033
2025-07-02,221.91925048828125,229.02000427246094,230.1999969482422,226.83999633789062,228.0,809915
2025-07-03,220.2525634765625,227.3000030517578,228.99000549316406,224.74000549316406,228.99000549316406,601969
2025-07-04,221.99676513671875,229.10000610351562,229.39999389648438,225.8800048828125,227.39999389648438,451300
2025-07-07,221.51226806640625,228.60000610351562,230.17999267578125,227.3300018310547,229.3300018310547,291181
2025-07-08,221.8417205810547,228.94000244140625,229.1300048828125,223.8699951171875,226.0,512195
2025-07-09,216.3087615966797,223.22999572753906,228.30999755859375,223.22999572753906,226.50999450683594,679258
2025-07-10,217.1324005126953,224.0800018310547,225.55999755859375,223.1999969482422,223.22000122070312,521110
2025-07-11,213.9637908935547,220.80999755859375,224.77000427246094,219.5,224.25,826481
2025-07-14,214.41921997070312,221.27999877929688,222.30499267578125,219.8300018310547,220.6999969482422,268575
2025-07-15,217.4327850341797,224.38999938964844,225.0,222.10000610351562,223.6999969482422,420260
2025-07-16,215.7564239501953,222.66000366210938,224.25,222.02000427246094,224.25,291353
2025-07-17,217.6072235107422,224.57000732421875,225.32000732421875,223.17999267578125,224.8699951171875,447433
2025-07-18,220.33009338378906,227.3800048828125,229.97000122070312,225.1999969482422,225.5,1213324
2025-07-21,217.20022583007812,224.14999389648438,227.38999938964844,223.30999755859375,226.11000061035156,525398
2025-07-22,217.6944122314453,224.66000366210938,225.47999572753906,221.36000061035156,225.05999755859375,467011
2025-07-23,218.30487060546875,225.2899932861328,226.77999877929688,223.10000610351562,225.17999267578125,489698
2025-07-24,207.2098846435547,213.83999633789062,220.11000061035156,213.83999633789062,219.0,1512389
2025-07-25,207.51028442382812,214.14999389648438,215.1300048828125,212.80999755859375,214.39999389648438,773668
2025-07-28,209.52578735351562,216.22999572753906,217.72999572753906,213.36000061035156,213.36000061035156,684026
2025-07-29,208.69244384765625,215.3699951171875,216.27999877929688,213.52000427246094,215.1300048828125,435750
2025-07-30,210.4269561767578,217.16000366210938,217.38999938964844,212.97999572753906,214.02000427246094,465975
2025-07-31,210.64015197753906,217.3800048828125,217.3800048828125,215.38999938964844,215.77000427246094,510162
2025-08-01,207.15174865722656,213.77999877929688,215.57000732421875,212.7100067138672,213.88999938964844,648537
2025-08-04,206.53160095214844,213.13999938964844,213.13999938964844,210.82000732421875,212.60000610351562,487295
2025-08-05,208.421142578125,215.08999633789062,215.8000030517578,213.86000061035156,214.3800048828125,517215
2025-08-06,209.52578735351562,216.22999572753906,216.22999572753906,213.5500030517578,213.5500030517578,608522
2025-08-07,207.83004760742188,214.47999572753906,215.94000244140625,213.5800018310547,214.41000366210938,600182
2025-08-08,207.55873107910156,214.1999969482422,214.1999969482422,211.0500030517578,213.0,469844
2025-08-11,206.8610382080078,213.47999572753906,215.2100067138672,212.39999389648438,214.0,442894
2025-08-12,207.5296630859375,214.1699981689453,214.6199951171875,211.3300018310547,212.0,645385
2025-08-13,206.4928436279297,213.10000610351562,215.3000030517578,212.6300048828125,214.5399932861328,547705
2025-08-14,209.90370178222656,216.6199951171875,216.99000549316406,213.49000549316406,213.6199951171875,559335
2025-08-15,210.66920471191406,217.41000366210938,217.8249969482422,215.0,215.11000061035156,451801
2025-08-18,210.48509216308594,217.22000122070312,217.9499969482422,216.49000549316406,217.38999938964844,353948
2025-08-19,211.98704528808594,218.77000427246094,218.97999572753906,217.1300048828125,218.0,593261
2025-08-20,212.69439697265625,219.5,220.99000549316406,217.02000427246094,219.50999450683594,484866
2025-08-21,216.580078125,223.50999450683594,225.72000122070312,220.2100067138672,220.97999572753906,831003
2025-08-22,216.84170532226562,223.77999877929688,224.67999267578125,222.77999877929688,224.0,1116090
2025-08-25,218.15953063964844,225.13999938964844,231.8300018310547,225.13999938964844,227.9499969482422,930090
2025-08-26,217.6362762451172,224.60000610351562,226.8000030517578,223.6999969482422,226.5,624773
2025-08-27,218.45993041992188,225.4499969482422,225.72999572753906,222.47999572753906,225.0,329506
2025-08-28,217.58782958984375,224.5500030517578,226.2899932861328,224.1699981689453,226.27000427246094,501553
2025-08-29,218.17892456054688,225.16000366210938,226.22999572753906,223.2100067138672,223.66000366210938,711228
2025-09-01,216.6479034423828,223.5800018310547,224.24000549316406,221.5500030517578,223.72999572753906,350889
2025-09-02,215.6013946533203,222.5,224.69500732421875,221.75,221.75,478157
2025-09-03,210.09750366210938,216.82000732421875,222.0,215.0399932861328,221.1999969482422,801951
2025-09-04,214.34169006347656,221.1999969482422,221.7899932861328,217.25999450683594,217.5500030517578,559262
2025-09-05,214.91339111328125,221.7899932861328,225.0,221.6999969482422,223.91000366210938,460830
2025-09-08,214.29324340820312,221.14999389648438,221.1699981689453,219.1199951171875,220.5,389375
2025-09-09,212.04518127441406,218.8300018310547,220.59500122070312,217.52999877929688,220.1999969482422,521644
2025-09-10,213.94439697265625,220.7899932861328,221.91000366210938,218.7899932861328,219.14999389648438,427046
2025-09-11,213.09169006347656,219.91000366210938,220.77000427246094,218.625,220.5,432362
2025-09-12,217.14208984375,224.08999633789062,224.9499969482422,220.9199981689453,221.2899932861328,547929
2025-09-15,217.04519653320312,223.99000549316406,223.99000549316406,219.86000061035156,220.00999450683594,493590
2025-09-16,219.1575927734375,226.1699981689453,226.74000549316406,223.8699951171875,224.13999938964844,530624
2025-09-17,216.68666076660156,223.6199951171875,226.1199951171875,221.08999633789062,226.1199951171875,591041
2025-09-18,216.49285888671875,223.4199981689453,224.39999389648438,222.14999389648438,223.35000610351562,494891
2025-09-19,215.65953063964844,222.55999755859375,226.86000061035156,222.55999755859375,224.5,1422108
2025-09-22,214.98123168945312,221.86000061035156,224.38999938964844,220.94000244140625,223.33999633789062,519597
2025-09-23,215.5238800048828,222.4199981689453,223.25999450683594,219.6649932861328,221.5500030517578,588195
2025-09-24,211.65757751464844,218.42999267578125,222.4199981689453,217.0800018310547,221.50999450683594,621652
2025-09-25,209.17694091796875,215.8699951171875,218.63999938964844,215.3800048828125,217.0,558030
2025-09-26,210.55291748046875,217.2899932861328,217.47500610351562,213.8000030517578,214.5,621526
2025-09-29,213.37269592285156,220.1999969482422,220.8000030517578,217.52000427246094,217.94000244140625,453933
2025-09-30,212.52967834472656,219.3300018310547,222.16000366210938,218.39999389648438,219.4600067138672,619202
2025-10-01,212.87850952148438,219.69000244140625,220.00999450683594,216.59500122070312,217.25,475262
2025-10-02,214.1479034423828,221.0,224.0,220.11500549316406,221.41000366210938,584208
2025-10-03,217.95603942871094,224.92999267578125,224.92999267578125,219.35000610351562,221.0,763631
2025-10-06,216.7738800048828,223.7100067138672,226.0,222.4499969482422,226.0,319845
2025-10-07,216.61883544921875,223.5500030517578,223.77000427246094,222.25,223.0,403149
2025-10-08,215.27194213867188,222.16000366210938,223.5500030517578,220.35000610351562,222.0,452885
2025-10-09,215.7758026123047,222.67999267578125,224.47999572753906,221.92999267578125,224.0,459303
2025-10-10,214.1479034423828,221.0,222.0500030517578,219.22000122070312,221.0,508049
2025-10-13,205.55291748046875,212.1300048828125,219.6999969482422,212.02000427246094,219.11000061035156,929701
2025-10-14,208.03355407714844,214.69000244140625,214.9600067138672,209.60000610351562,213.0,645098
2025-10-15,211.06649780273438,217.82000732421875,217.82000732421875,216.0,216.4499969482422,731720
2025-10-16,221.8998565673828,229.0,231.47999572753906,219.00999450683594,219.86000061035156,1709525
2025-10-17,219.7292938232422,226.75999450683594,230.8800048828125,225.44000244140625,227.99000549316406,1045533
2025-10-20,219.8165283203125,226.85000610351562,227.99000549316406,225.55999755859375,227.0,480511
2025-10-21,221.13436889648438,228.2100067138672,229.38999938964844,225.3800048828125,226.5,358205
2025-10-22,221.7738800048828,228.8699951171875,229.9600067138672,228.10000610351562,228.74000549316406,401983
2025-10-23,218.98318481445312,225.99000549316406,228.3000030517578,225.44000244140625,227.07000732421875,461837
2025-10-24,218.02386474609375,225.0,227.60000610351562,225.0,226.0,386964
2025-10-27,218.02386474609375,225.0,227.7899932861328,225.0,226.6300048828125,330909
2025-10-28,219.42892456054688,226.4499969482422,228.47999572753906,225.14999389648438,226.8800048828125,496330
2025-10-29,217.19053649902344,224.13999938964844,227.89999389648438,222.82000732421875,226.8800048828125,522497
2025-10-30,214.63238525390625,221.5,223.7899932861328,221.24000549316406,221.89999389648438,821902
2025-10-31,211.78355407714844,218.55999755859375,223.75,218.0800018310547,222.66000366210938,913274
2025-11-03,212.1033172607422,218.88999938964844,219.1199951171875,216.8000030517578,218.0,455596
2025-11-04,210.4754180908203,217.2100067138672,218.8300018310547,216.4499969482422,218.27999877929688,490298
2025-11-05,209.71958923339844,216.42999267578125,217.89999389648438,213.89999389648438,215.6699981689453,630858
2025-11-06,210.51416015625,217.25,218.66000366210938,215.85000610351562,218.55999755859375,609979
2025-11-07,198.42111206054688,204.77000427246094,213.1199951171875,199.60000610351562,209.4199981689453,2061934
2025-11-10,199.5839080810547,205.97000122070312,208.7100067138672,205.52999877929688,207.88499450683594,919471
2025-11-11,201.0277099609375,207.4600067138672,209.75,203.35000610351562,205.27999877929688,907944
2025-11-12,198.479248046875,204.8300018310547,207.47000122070312,204.3699951171875,207.0,651065
2025-11-13,198.7408905029297,205.10000610351562,207.10000610351562,203.6300048828125,204.22000122070312,677325
2025-11-14,194.36102294921875,200.5800018310547,202.7899932861328,199.5399932861328,202.38999938964844,873051
2025-11-17,192.55282592773438,195.94000244140625,198.08999633789062,195.3000030517578,196.25,862459
2025-11-18,189.33935546875,192.6699981689453,194.6199951171875,190.91000366210938,194.39999389648438,1271362
2025-11-19,186.6172332763672,189.89999389648438,190.1999969482422,187.30999755859375,188.99000549316406,1188475
2025-11-20,191.1475372314453,194.50999450683594,194.50999450683594,191.5,191.5,907509
2025-11-21,190.73480224609375,194.08999633789062,194.49000549316406,187.74000549316406,188.0,1183089
2025-11-24,190.13534545898438,193.47999572753906,195.9499969482422,193.3800048828125,195.08999633789062,2825023
2025-11-25,188.59249877929688,191.91000366210938,194.08999633789062,190.19000244140625,194.0,860338
2025-11-26,193.93846130371094,197.35000610351562,197.7100067138672,194.14999389648438,194.14999389648438,1041126
2025-11-27,193.1031494140625,196.5,198.5,195.9600067138672,197.0,501205
2025-11-28,193.63380432128906,197.0399932861328,198.1999969482422,195.2100067138672,195.2100067138672,617643
2025-12-01,192.82798767089844,196.22000122070312,198.86000061035156,195.6300048828125,198.60000610351562,437407
2025-12-02,190.61688232421875,193.97000122070312,194.75,192.7100067138672,193.5,891661
2025-12-03,192.57249450683594,195.9600067138672,196.88999938964844,194.39999389648438,194.4199981689453,637697
2025-12-04,193.55520629882812,196.9600067138672,199.60000610351562,195.4499969482422,198.41000366210938,730085
2025-12-05,192.40541076660156,195.7899932861328,196.57000732421875,193.11000061035156,194.69000244140625,716411
2025-12-08,193.3095245361328,196.7100067138672,197.11000061035156,194.8300018310547,194.8300018310547,362678
2025-12-09,191.54063415527344,194.91000366210938,197.55999755859375,194.91000366210938,196.6300048828125,554825
2025-12-10,190.2827606201172,193.6300048828125,195.75999450683594,193.17999267578125,195.75999450683594,634967
2025-12-11,192.95574951171875,196.35000610351562,197.6699981689453,194.72000122070312,196.4199981689453,826762
2025-12-12,198.08551025390625,201.57000732421875,202.32000732421875,196.6999969482422,197.0,818661
2025-12-15,196.8472900390625,200.30999755859375,203.00999450683594,199.3800048828125,201.5,561639
2025-12-16,197.181396484375,200.64999389648438,202.01499938964844,200.1999969482422,202.0,671625
2025-12-17,196.07095336914062,199.52000427246094,200.5,197.5,200.41000366210938,724845
2025-12-18,194.18414306640625,197.60000610351562,198.94000244140625,196.0800018310547,196.8300018310547,1008324
2025-12-19,197.1126251220703,200.5800018310547,201.13999938964844,199.00999450683594,200.47999572753906,1444956
2025-12-22,198.350830078125,201.83999633789062,202.6699981689453,200.88999938964844,201.38999938964844,368135
2025-12-23,201.60360717773438,205.14999389648438,206.38999938964844,202.02999877929688,203.27999877929688,566632
2025-12-24,201.48568725585938,205.02999877929688,205.02999877929688,202.63999938964844,203.4199981689453,211655
2025-12-29,200.39488220214844,203.9199981689453,205.47999572753906,203.55999755859375,205.0,383349
2025-12-30,200.29661560058594,203.82000732421875,205.3000030517578,203.14999389648438,204.6999969482422,288264
2025-12-31,199.68731689453125,203.1999969482422,204.3300018310547,202.10000610351562,203.14999389648438,228506
2026-01-02,200.20816040039062,203.72999572753906,204.39999389648438,203.0,203.0,254336
2026-01-05,199.83474731445312,203.35000610351562,204.97999572753906,201.97000122070312,204.27999877929688,343306
2026-01-06,202.50772094726562,206.07000732421875,207.14999389648438,204.0399932861328,204.60000610351562,784775
2026-01-07,203.25457763671875,206.8300018310547,207.6999969482422,205.07000732421875,206.85000610351562,439985
2026-01-08,205.08242797851562,208.69000244140625,210.08999633789062,206.55999755859375,207.4199981689453,556962
2026-01-09,202.51754760742188,206.0800018310547,210.69000244140625,205.8000030517578,210.0,547797
2026-01-12,201.87876892089844,205.42999267578125,208.7899932861328,204.9149932861328,206.9199981689453,482008
2026-01-13,201.96722412109375,205.52000427246094,208.57000732421875,204.58999633789062,204.89999389648438,520300
2026-01-14,203.56903076171875,207.14999389648438,208.8800048828125,205.75999450683594,207.89999389648438,520915
2026-01-15,202.8418426513672,206.41000366210938,208.1199951171875,204.4199981689453,208.1199951171875,488376
2026-01-16,208.19761657714844,211.86000061035156,212.07000732421875,206.41000366210938,207.1300048828125,808170
2026-01-19,207.165771484375,210.80999755859375,212.11000061035156,208.32000732421875,212.0,315982
2026-01-20,203.39215087890625,206.97000122070312,210.50999450683594,206.07000732421875,210.0,437582
2026-01-21,202.29151916503906,205.85000610351562,206.5399932861328,204.17999267578125,205.8000030517578,541825
2026-01-22,207.2247314453125,210.8699951171875,211.67999267578125,209.14999389648438,209.4600067138672,534774
2026-01-23,206.77268981933594,210.41000366210938,211.64999389648438,208.97000122070312,211.39999389648438,534226
2026-01-27,211.47006225585938,215.19000244140625,216.0,211.0,214.0,703840
2026-01-28,209.16067504882812,212.83999633789062,215.0,211.8000030517578,214.0,667498
2026-01-29,208.4727783203125,212.13999938964844,214.24000549316406,211.30999755859375,214.24000549316406,492827
2026-01-30,208.5120849609375,212.17999267578125,215.0,211.6300048828125,214.27000427246094,684544
2026-02-02,208.1091766357422,211.77000427246094,214.47999572753906,210.35000610351562,213.0,522496
2026-02-03,213.09153747558594,216.83999633789062,218.0,212.5500030517578,214.9600067138672,578243
2026-02-04,210.13357543945312,213.8300018310547,214.64999389648438,212.0,214.0800018310547,768659
2026-02-05,208.76759338378906,212.44000244140625,213.97999572753906,210.5800018310547,212.5,872533
2026-02-06,204.23728942871094,207.8300018310547,210.99000549316406,206.75999450683594,210.0,896489
2026-02-09,209.22947692871094,212.91000366210938,213.91000366210938,209.3699951171875,210.4199981689453,525777
2026-02-10,210.7919921875,214.5,221.32000732421875,212.3800048828125,218.0,1445109
2026-02-11,216.49172973632812,220.3000030517578,221.5,215.1999969482422,217.0,1103233
2026-02-12,214.37889099121094,218.14999389648438,221.17999267578125,217.0,221.16000366210938,1057043
2026-02-13,212.43312072753906,216.1699981689453,218.13999938964844,215.5,218.13999938964844,761578
2026-02-16,213.2585906982422,217.00999450683594,218.88999938964844,216.42999267578125,217.0,523769
2026-02-17,214.58526611328125,218.36000061035156,219.19000244140625,215.77999877929688,216.89999389648438,442826
2026-02-18,215.8038330078125,219.60000610351562,220.5800018310547,219.10000610351562,219.9499969482422,509170
2026-02-19,219.14505004882812,223.0,223.5050048828125,219.60000610351562,219.60000610351562,751649
2026-02-20,215.5974578857422,219.38999938964844,221.6999969482422,218.0500030517578,221.5500030517578,1255947
2026-02-23,210.4283905029297,214.1300048828125,219.0,213.92999267578125,218.57000732421875,737215
2026-02-24,202.9204559326172,206.49000549316406,207.6300048828125,201.25,204.5,1171419
2026-02-25,203.53955078125,207.1199951171875,208.19000244140625,205.67999267578125,207.6999969482422,959862
2026-02-26,205.92755126953125,209.5500030517578,211.10000610351562,208.8800048828125,211.0,580711
2026-02-27,209.78961181640625,213.47999572753906,213.63999938964844,209.83999633789062,210.0,1178563
2026-03-02,196.40505981445312,199.86000061035156,204.4949951171875,198.5,204.00999450683594,1461442
2026-03-03,193.07366943359375,196.47000122070312,202.44000244140625,195.77999877929688,200.2100067138672,1168746
2026-03-04,188.21905517578125,191.52999877929688,196.89999389648438,191.52999877929688,196.02999877929688,1103437
2026-03-05,195.42234802246094,198.86000061035156,198.86000061035156,194.5399932861328,195.08999633789062,1246062
2026-03-06,196.83746337890625,200.3000030517578,201.27999877929688,194.8000030517578,196.6999969482422,979569
2026-03-09,192.0712890625,195.4499969482422,196.13999938964844,189.8699951171875,192.39999389648438,1142553
2026-03-10,195.09805297851562,198.52999877929688,201.7899932861328,197.0,200.11000061035156,914553
2026-03-11,197.6531219482422,201.1300048828125,201.72999572753906,199.05999755859375,199.5,685482
2026-03-12,192.36611938476562,195.75,200.0,194.08999633789062,197.5,1210960
2026-03-13,191.953369140625,195.3300018310547,197.0,192.57000732421875,192.91000366210938,933578
2026-03-16,190.61688232421875,193.97000122070312,196.16000366210938,193.97000122070312,194.6199951171875,609091
2026-03-17,192.28749084472656,195.6699981689453,197.89999389648438,194.0,194.0,499808
2026-03-18,193.9679412841797,197.3800048828125,198.6699981689453,196.22999572753906,197.49000549316406,628914
2026-03-19,192.70022583007812,196.08999633789062,197.16000366210938,194.33999633789062,194.33999633789062,911751
2026-03-20,191.6192626953125,194.99000549316406,197.69000244140625,194.99000549316406,195.9499969482422,1548048
2026-03-23,191.09841918945312,194.4600067138672,196.2899932861328,190.27000427246094,192.5,668800
2026-03-24,191.67822265625,195.0500030517578,198.47999572753906,194.5,197.99000549316406,574168
2026-03-25,201.45620727539062,205.0,205.27999877929688,196.85499572753906,197.4199981689453,915533
2026-03-26,202.2816925048828,205.83999633789062,209.3300018310547,205.57000732421875,208.1999969482422,765854
2026-03-27,197.93809509277344,201.4199981689453,206.63999938964844,200.6999969482422,205.0,939943
2026-03-30,196.0611114501953,199.50999450683594,200.80999755859375,193.1199951171875,199.99000549316406,851783
2026-03-31,198.43927001953125,201.92999267578125,203.74000549316406,197.89999389648438,199.6999969482422,1038310
2026-04-01,204.92518615722656,208.52999877929688,208.52999877929688,204.91000366210938,205.02000427246094,846127
2026-04-02,202.0360107421875,205.58999633789062,211.5,204.77000427246094,207.85000610351562,961490
2026-04-07,208.5219268798828,212.19000244140625,212.7949981689453,208.85000610351562,209.3000030517578,1086106
2026-04-08,220.22604370117188,224.10000610351562,227.8800048828125,220.44000244140625,223.2100067138672,1623655
2026-04-09,220.01966857910156,223.88999938964844,224.08999633789062,220.30999755859375,221.0800018310547,718271
2026-04-10,221.1104736328125,225.0,225.0,222.16000366210938,222.97000122070312,763391
2026-04-13,219.8722686767578,223.74000549316406,225.5500030517578,219.3000030517578,219.3000030517578,443308
2026-04-14,227.98947143554688,232.0,233.3000030517578,226.60000610351562,227.89999389648438,890451
2026-04-15,231.06536865234375,235.1300048828125,236.7899932861328,232.1999969482422,234.63999938964844,823786
2026-04-16,235.85116577148438,240.0,240.0,236.5399932861328,240.0,1244581
2026-04-17,235.73324584960938,239.8800048828125,240.55999755859375,235.30999755859375,235.8000030517578,1779723
2026-04-20,235.52687072753906,239.6699981689453,241.5,237.2100067138672,240.5,678846
2026-04-21,237.09922790527344,241.27000427246094,242.3000030517578,239.55999755859375,240.5,645953
2026-04-22,228.01895141601562,232.02999877929688,235.4499969482422,230.75,232.7899932861328,842414
2026-04-23,226.61367797851562,230.60000610351562,231.6199951171875,227.50999450683594,229.32000732421875,693482
2026-04-24,228.26463317871094,232.27999877929688,232.97999572753906,228.7899932861328,230.27999877929688,584268
2026-04-27,228.00912475585938,232.02000427246094,234.39999389648438,231.58999633789062,232.14999389648438,350511
2026-04-28,227.8518829345703,231.86000061035156,233.75999450683594,230.6300048828125,231.4199981689453,532391
2026-04-29,229.09994506835938,233.1300048828125,233.25,231.10000610351562,231.39999389648438,535692
2026-04-30,231.01622009277344,235.0800018310547,235.9199981689453,233.3800048828125,235.0,715291
2026-05-01,234.0724639892578,238.19000244140625,238.99000549316406,236.33999633789062,237.00999450683594,813515
2026-05-04,233.767822265625,237.8800048828125,240.0,237.14999389648438,238.82000732421875,277698
2026-05-05,232.89321899414062,236.99000549316406,237.3000030517578,235.6699981689453,236.6199951171875,327536
2026-05-06,236.4014892578125,240.55999755859375,241.19000244140625,236.72000122070312,238.0,718873
2026-05-07,237.6888427734375,241.8699951171875,243.25999450683594,241.22999572753906,241.4499969482422,956725
2026-05-08,235.094482421875,239.22999572753906,249.49000549316406,233.83999633789062,244.1999969482422,1523885
2026-05-11,235.20257568359375,239.33999633789062,239.33999633789062,230.44000244140625,235.0,1007557
2026-05-12,230.15142822265625,234.1999969482422,238.91000366210938,232.8000030517578,235.5500030517578,940540
2026-05-13,232.7064971923828,236.8000030517578,236.8000030517578,232.00999450683594,232.9600067138672,715310
2026-05-14,240.3028564453125,244.52999877929688,244.52999877929688,236.60499572753906,236.8000030517578,1272718
2026-05-15,238.760009765625,242.9600067138672,247.2100067138672,241.9499969482422,245.0,834410
2026-05-18,236.5500030517578,236.5500030517578,238.82000732421875,234.8800048828125,236.00999450683594,1868477
2026-05-19,240.97999572753906,240.97999572753906,240.97999572753906,237.6699981689453,239.0,847155
2026-05-20,236.08999633789062,236.08999633789062,242.0,234.82000732421875,241.1199951171875,983532
2026-05-21,240.19000244140625,240.19000244140625,240.9499969482422,238.47000122070312,240.39999389648438,800712
2026-05-22,240.1999969482422,240.1999969482422,241.60000610351562,238.83999633789062,241.0,979006
2026-05-25,237.60000610351562,237.60000610351562,239.61000061035156,236.5,238.9199981689453,526129
2026-05-26,233.8300018310547,233.8300018310547,237.0500030517578,233.65499877929688,236.80999755859375,699920
2026-05-27,236.2100067138672,236.2100067138672,236.2100067138672,231.86000061035156,234.60000610351562,535518
2026-05-28,236.05999755859375,236.05999755859375,236.07000732421875,233.5,235.42999267578125,732726
2026-05-29,238.5500030517578,238.5500030517578,239.0,235.83999633789062,236.39999389648438,1777173
2026-06-01,238.38999938964844,238.38999938964844,239.35499572753906,236.80999755859375,238.9499969482422,552074
2026-06-02,237.77000427246094,237.77000427246094,238.1999969482422,233.4199981689453,236.1999969482422,687158
2026-06-03,239.0,239.0,239.5,236.17999267578125,239.07000732421875,651172
2026-06-04,236.4600067138672,236.4600067138672,238.88999938964844,233.0800018310547,236.5800018310547,638138
2026-06-05,236.4199981689453,236.4199981689453,238.07000732421875,235.47999572753906,238.0,556751
2026-06-09,238.0399932861328,238.0399932861328,238.0399932861328,235.1699981689453,235.1999969482422,784156
2026-06-10,237.47000122070312,237.47000122070312,240.0,236.5500030517578,238.39999389648438,590374
2026-06-11,235.83999633789062,235.83999633789062,236.9499969482422,232.00999450683594,235.5,757635
2026-06-12,242.44000244140625,242.44000244140625,244.10000610351562,237.8699951171875,238.30999755859375,908093
2026-06-15,247.25,247.25,247.25,242.52999877929688,244.49000549316406,756249
2026-06-16,249.05999755859375,249.05999755859375,249.42999267578125,243.24000549316406,244.7100067138672,425816
2026-06-17,251.92999267578125,251.92999267578125,251.92999267578125,248.36000061035156,249.5800018310547,699685
2026-06-18,252.77999877929688,252.77999877929688,254.30999755859375,250.1300048828125,250.86000061035156,935498
2026-06-19,249.82000732421875,249.82000732421875,253.14999389648438,247.72999572753906,253.0,2387635
2026-06-22,247.9199981689453,247.9199981689453,250.24000549316406,247.0500030517578,249.1999969482422,495859
2026-06-23,249.61000061035156,249.61000061035156,252.97000122070312,248.58999633789062,249.9600067138672,546721
2026-06-24,250.1199951171875,250.1199951171875,250.7899932861328,248.42999267578125,249.44000244140625,622487
2026-06-25,249.99000549316406,249.99000549316406,252.47999572753906,248.0800018310547,251.0,753959
2026-06-26,249.36000061035156,249.36000061035156,250.58999633789062,247.8000030517578,249.99000549316406,673477
2026-06-29,250.00999450683594,250.00999450683594,250.97999572753906,247.19000244140625,249.58999633789062,527759
2026-06-30,250.2899932861328,250.2899932861328,253.75999450683594,250.2899932861328,251.0500030517578,767440
2026-07-01,247.17999267578125,247.17999267578125,252.10000610351562,247.08999633789062,251.5399932861328,597344
2026-07-02,250.25999450683594,250.25999450683594,251.16000366210938,245.75,247.17999267578125,811305
2026-07-03,251.64999389648438,251.64999389648438,251.8800048828125,248.875,251.0,525700
2026-07-06,250.72999572753906,250.72999572753906,251.64999389648438,249.52000427246094,250.1999969482422,287017
2026-07-07,253.33999633789062,253.33999633789062,254.1999969482422,251.32000732421875,253.22999572753906,500329
2026-07-08,252.0399932861328,252.0399932861328,252.0399932861328,245.92999267578125,250.8000030517578,708019
2026-07-09,252.1999969482422,252.1999969482422,252.1999969482422,249.36000061035156,252.0,448992
2026-07-10,254.49000549316406,254.49000549316406,254.49000549316406,250.7899932861328,252.57000732421875,419303
2026-07-13,254.00999450683594,254.00999450683594,254.61000061035156,251.02999877929688,251.02999877929688,410323
2026-07-14,253.0399932861328,253.0399932861328,254.64999389648438,251.19000244140625,254.49000549316406,317941
2026-07-15,258.1600036621094,258.1600036621094,258.1600036621094,254.4149932861328,255.22000122070312,657578
2026-07-16,256.7300109863281,256.7300109863281,260.57000732421875,256.5199890136719,260.0,554672
2026-07-17,258.4100036621094,258.4100036621094,258.80999755859375,253.8800048828125,257.7799987792969,911475
2026-07-20,256.29998779296875,256.29998779296875,259.6400146484375,256.0,258.1199951171875,475520
2026-07-21,254.75,254.75,257.42999267578125,253.1999969482422,256.5299987792969,433820
2026-07-22,254.92999267578125,254.92999267578125,255.66000366210938,253.1699981689453,253.50999450683594,404331
2026-07-23,253.75,253.75,258.55999755859375,251.47000122070312,255.6199951171875,739364
2026-07-24,255.0399932861328,255.0399932861328,258.6600036621094,252.0399932861328,252.89999389648438,917193
2026-07-27,257.92999267578125,257.92999267578125,258.0,254.85000610351562,254.8699951171875,568144
2026-07-28,256.4700012207031,256.4700012207031,258.44000244140625,253.25,255.80999755859375,471719
