"Date","Price","Open","High","Low","Vol.","Change %"
"28/05/2021","81,300.69","81,300.69","81,300.69","81,300.69","","1.20%"
"27/05/2021","80,335.66","80,335.66","80,335.66","80,335.66","","0.03%"
"26/05/2021","80,309.08","80,309.08","80,309.08","80,309.08","","-0.32%"
"25/05/2021","80,565.68","80,565.68","80,565.68","80,565.68","","0.99%"
"24/05/2021","79,776.55","79,776.55","79,776.55","79,776.55","","0.22%"
"21/05/2021","79,597.79","79,597.79","79,597.79","79,597.79","","0.15%"
"20/05/2021","79,476.74","79,476.74","79,476.74","79,476.74","","1.27%"
"19/05/2021","78,477.98","78,477.98","78,477.98","78,477.98","","-1.90%"
"18/05/2021","79,998.69","7,065.98","7,065.98","7,065.98","","0.60%"
"17/05/2021","79,518.45","79,518.45","79,518.45","79,518.45","","0.19%"
"14/05/2021","79,366.96","79,366.96","79,366.96","79,366.96","","0.45%"
"13/05/2021","79,010.30","79,010.30","79,010.30","79,010.30","","-0.67%"
"12/05/2021","79,544.60","79,544.60","79,544.60","79,544.60","","-0.73%"
"11/05/2021","80,132.14","80,132.14","80,132.14","80,132.14","","-1.06%"
"10/05/2021","80,988.38","80,988.38","80,988.38","80,988.38","","1.40%"
"07/05/2021","79,870.17","79,870.17","79,870.17","79,870.17","","0.27%"
"06/05/2021","79,654.34","79,654.34","79,654.34","79,654.34","","-0.48%"
"05/05/2021","80,039.23","80,039.23","80,039.23","80,039.23","","0.40%"
"04/05/2021","79,719.48","79,719.48","79,719.48","79,719.48","","0.56%"
"03/05/2021","79,278.95","79,278.95","79,278.95","79,278.95","","0.04%"
"30/04/2021","79,245.34","79,245.34","79,245.34","79,245.34","","-0.80%"
"29/04/2021","79,882.20","79,882.20","79,882.20","79,882.20","","0.25%"
"28/04/2021","79,683.54","79,683.54","79,683.54","79,683.54","","0.44%"
"27/04/2021","79,335.72","79,335.72","79,335.72","79,335.72","","-0.17%"
"26/04/2021","79,468.00","79,468.00","79,468.00","79,468.00","","-0.21%"
"23/04/2021","79,638.86","79,638.86","79,638.86","79,638.86","","0.07%"
"22/04/2021","79,579.56","79,579.56","79,579.56","79,579.56","","0.83%"
"21/04/2021","78,925.75","78,925.75","78,925.75","78,925.75","","-0.29%"
"20/04/2021","79,153.21","79,153.21","79,153.21","79,153.21","","-0.68%"
"19/04/2021","79,693.16","79,693.16","79,693.16","79,693.16","","0.03%"
"16/04/2021","79,668.54","79,668.54","79,668.54","79,668.54","","0.07%"
"15/04/2021","79,610.44","79,610.44","79,610.44","79,610.44","","0.51%"
"14/04/2021","79,209.78","79,209.78","79,209.78","79,209.78","","0.66%"
"13/04/2021","78,688.98","78,688.98","78,688.98","78,688.98","","0.04%"
"12/04/2021","78,655.52","78,655.52","78,655.52","78,655.52","","-0.30%"
"09/04/2021","78,894.12","78,894.12","78,894.12","78,894.12","","-0.05%"
"08/04/2021","78,934.66","78,934.66","78,934.66","78,934.66","","1.02%"
"07/04/2021","78,135.85","78,135.85","78,135.85","78,135.85","","0.61%"
"06/04/2021","77,659.34","77,659.34","77,659.34","77,659.34","","0.84%"
"01/04/2021","77,014.58","77,014.58","77,014.58","77,014.58","","0.56%"
"31/03/2021","76,585.70","76,585.70","76,585.70","76,585.70","","0.78%"
"30/03/2021","75,989.57","75,989.57","75,989.57","75,989.57","","-0.89%"
"29/03/2021","76,669.38","76,669.38","76,669.38","76,669.38","","-0.36%"
"26/03/2021","76,947.61","76,947.61","76,947.61","76,947.61","","0.50%"
"25/03/2021","76,567.95","76,567.95","76,567.95","76,567.95","","0.18%"
"24/03/2021","76,428.87","76,428.87","76,428.87","76,428.87","","0.49%"
"23/03/2021","76,052.65","76,052.65","76,052.65","76,052.65","","-0.10%"
"22/03/2021","76,129.71","76,129.71","76,129.71","76,129.71","","0.66%"
"19/03/2021","75,630.10","75,630.10","75,630.10","75,630.10","","-0.56%"
"18/03/2021","76,055.01","76,055.01","76,055.01","76,055.01","","-0.72%"
"17/03/2021","76,609.66","76,609.66","76,609.66","76,609.66","","-0.47%"
"16/03/2021","76,967.69","76,967.69","76,967.69","76,967.69","","0.80%"
"15/03/2021","76,354.71","76,354.71","76,354.71","76,354.71","","0.10%"
"12/03/2021","76,282.08","76,282.08","76,282.08","76,282.08","","0.79%"
"11/03/2021","75,685.11","75,685.11","75,685.11","75,685.11","","0.00%"
"10/03/2021","75,681.37","75,681.37","75,681.37","75,681.37","","-0.83%"
"09/03/2021","76,313.08","76,313.08","76,313.08","76,313.08","","0.48%"
"08/03/2021","75,947.91","75,947.91","75,947.91","75,947.91","","0.44%"
"05/03/2021","75,613.51","75,613.51","75,613.51","75,613.51","","-0.73%"
"04/03/2021","76,172.32","76,172.32","76,172.32","76,172.32","","-0.47%"
"03/03/2021","76,533.71","76,533.71","76,533.71","76,533.71","","0.86%"
"02/03/2021","75,882.91","75,882.91","75,882.91","75,882.91","","-0.39%"
"01/03/2021","76,183.53","76,183.53","76,183.53","76,183.53","","1.90%"
"26/02/2021","74,759.47","74,759.47","74,759.47","74,759.47","","-2.32%"
"25/02/2021","76,533.34","76,533.34","76,533.34","76,533.34","","0.85%"
"24/02/2021","75,885.39","75,885.39","75,885.39","75,885.39","","-0.83%"
"23/02/2021","76,519.63","76,519.63","76,519.63","76,519.63","","0.93%"
"22/02/2021","75,812.82","75,812.82","75,812.82","75,812.82","","-0.18%"
"19/02/2021","75,947.88","75,947.88","75,947.88","75,947.88","","-1.34%"
"18/02/2021","76,975.71","76,975.71","76,975.71","76,975.71","","0.04%"
"17/02/2021","76,945.87","76,945.87","76,945.87","76,945.87","","-0.46%"
"16/02/2021","77,304.09","77,304.09","77,304.09","77,304.09","","0.87%"
"15/02/2021","76,633.94","76,633.94","76,633.94","76,633.94","","0.93%"
"12/02/2021","75,927.11","75,927.11","75,927.11","75,927.11","","-0.61%"
"11/02/2021","76,396.27","76,396.27","76,396.27","76,396.27","","-0.10%"
"10/02/2021","76,472.04","76,472.04","76,472.04","76,472.04","","0.52%"
"09/02/2021","76,073.46","76,073.46","76,073.46","76,073.46","","-0.86%"
"08/02/2021","76,736.50","76,736.50","76,736.50","76,736.50","","0.59%"
"05/02/2021","76,288.77","76,288.77","76,288.77","76,288.77","","1.11%"
"04/02/2021","75,451.95","75,451.95","75,451.95","75,451.95","","-0.87%"
"03/02/2021","76,111.15","76,111.15","76,111.15","76,111.15","","0.92%"
"02/02/2021","75,419.66","75,419.66","75,419.66","75,419.66","","1.50%"
"01/02/2021","74,308.45","74,308.45","74,308.45","74,308.45","","0.84%"
"29/01/2021","73,688.30","73,688.30","73,688.30","73,688.30","","-0.64%"
"28/01/2021","74,160.47","74,160.47","74,160.47","74,160.47","","-1.93%"
"27/01/2021","75,620.01","75,620.01","75,620.01","75,620.01","","-0.65%"
"25/01/2021","76,112.36","76,112.36","76,112.36","76,112.36","","0.36%"
"22/01/2021","75,840.82","75,840.82","75,840.82","75,840.82","","-0.34%"
"21/01/2021","76,101.20","76,101.20","76,101.20","76,101.20","","0.79%"
"20/01/2021","75,506.65","75,506.65","75,506.65","75,506.65","","0.41%"
"19/01/2021","75,196.80","75,196.80","75,196.80","75,196.80","","1.19%"
"18/01/2021","74,309.26","74,309.26","74,309.26","74,309.26","","-0.78%"
"15/01/2021","74,893.60","74,893.60","74,893.60","74,893.60","","0.00%"
"14/01/2021","74,892.69","74,892.69","74,892.69","74,892.69","","0.43%"
"13/01/2021","74,570.75","74,570.75","74,570.75","74,570.75","","0.11%"
"12/01/2021","74,486.89","74,486.89","74,486.89","74,486.89","","-0.27%"
"11/01/2021","74,688.51","74,688.51","74,688.51","74,688.51","","-0.90%"
"08/01/2021","75,365.54","75,365.54","75,365.54","75,365.54","","0.68%"
"07/01/2021","74,853.47","74,853.47","74,853.47","74,853.47","","1.59%"
"06/01/2021","73,683.61","73,683.61","73,683.61","73,683.61","","-1.12%"
"05/01/2021","74,516.38","74,516.38","74,516.38","74,516.38","","-0.04%"
"04/01/2021","74,543.02","74,543.02","74,543.02","74,543.02","","1.47%"
"31/12/2020","73,459.59","73,459.59","73,459.59","73,459.59","","-1.43%"
"30/12/2020","74,522.79","74,522.79","74,522.79","74,522.79","","-0.14%"
"29/12/2020","74,624.69","74,624.69","74,624.69","74,624.69","","0.53%"
"24/12/2020","74,229.11","74,229.11","74,229.11","74,229.11","","0.33%"
"23/12/2020","73,988.12","73,988.12","73,988.12","73,988.12","","0.66%"
"22/12/2020","73,502.92","73,502.92","73,502.92","73,502.92","","-1.05%"
"21/12/2020","74,282.75","74,282.75","74,282.75","74,282.75","","-0.08%"
"18/12/2020","74,344.92","74,344.92","74,344.92","74,344.92","","-1.20%"
"17/12/2020","75,249.30","75,249.30","75,249.30","75,249.30","","1.16%"
"16/12/2020","74,386.77","74,386.77","74,386.77","74,386.77","","0.72%"
"15/12/2020","73,853.51","73,853.51","73,853.51","73,853.51","","-0.43%"
"14/12/2020","74,175.42","74,175.42","74,175.42","74,175.42","","0.27%"
"11/12/2020","73,978.65","73,978.65","73,978.65","73,978.65","","-0.61%"
"10/12/2020","74,429.74","74,429.74","74,429.74","74,429.74","","-0.67%"
"09/12/2020","74,934.81","74,934.81","74,934.81","74,934.81","","0.61%"
"08/12/2020","74,481.08","74,481.08","74,481.08","74,481.08","","0.19%"
"07/12/2020","74,339.51","74,339.51","74,339.51","74,339.51","","0.62%"
"04/12/2020","73,883.13","73,883.13","73,883.13","73,883.13","","0.28%"
"03/12/2020","73,673.62","73,673.62","73,673.62","73,673.62","","0.39%"
"02/12/2020","73,390.02","73,390.02","73,390.02","73,390.02","","0.03%"
"01/12/2020","73,371.45","73,371.45","73,371.45","73,371.45","","1.09%"
"30/11/2020","72,581.26","72,581.26","72,581.26","72,581.26","","-1.26%"
"27/11/2020","73,505.53","73,505.53","73,505.53","73,505.53","","-0.53%"
"26/11/2020","73,898.88","73,898.88","73,898.88","73,898.88","","-0.70%"
"25/11/2020","74,420.09","74,420.09","74,420.09","74,420.09","","0.59%"
"24/11/2020","73,982.23","73,982.23","73,982.23","73,982.23","","1.26%"
"23/11/2020","73,063.81","73,063.81","73,063.81","73,063.81","","0.35%"
"20/11/2020","72,807.80","72,807.80","72,807.80","72,807.80","","-0.12%"
"19/11/2020","72,895.69","72,895.69","72,895.69","72,895.69","","0.25%"
"18/11/2020","72,716.13","72,716.13","72,716.13","72,716.13","","0.51%"
"17/11/2020","72,349.97","72,349.97","72,349.97","72,349.97","","0.21%"
"16/11/2020","72,195.39","72,195.39","72,195.39","72,195.39","","1.27%"
"13/11/2020","71,293.02","71,293.02","71,293.02","71,293.02","","-0.20%"
"12/11/2020","71,437.73","71,437.73","71,437.73","71,437.73","","-0.43%"
"11/11/2020","71,748.09","71,748.09","71,748.09","71,748.09","","1.79%"
"10/11/2020","70,489.11","70,489.11","70,489.11","70,489.11","","0.66%"
"09/11/2020","70,025.13","70,025.13","70,025.13","70,025.13","","1.81%"
"06/11/2020","68,778.53","68,778.53","68,778.53","68,778.53","","0.83%"
"05/11/2020","68,214.38","68,214.38","68,214.38","68,214.38","","1.28%"
"04/11/2020","67,353.48","67,353.48","67,353.48","67,353.48","","-0.07%"
"03/11/2020","67,398.35","67,398.35","67,398.35","67,398.35","","1.93%"
"02/11/2020","66,119.95","66,119.95","66,119.95","66,119.95","","0.40%"
"30/10/2020","65,856.45","65,856.45","65,856.45","65,856.45","","-0.55%"
"29/10/2020","66,220.42","66,220.42","66,220.42","66,220.42","","-1.61%"
"28/10/2020","67,302.54","67,302.54","67,302.54","67,302.54","","0.11%"
"27/10/2020","67,227.89","67,227.89","67,227.89","67,227.89","","-1.70%"
"26/10/2020","68,390.10","68,390.10","68,390.10","68,390.10","","-0.19%"
"23/10/2020","68,516.97","68,516.97","68,516.97","68,516.97","","-0.11%"
"22/10/2020","68,591.48","68,591.48","68,591.48","68,591.48","","-0.29%"
"21/10/2020","68,792.02","68,792.02","68,792.02","68,792.02","","0.12%"
"20/10/2020","68,711.74","68,711.74","68,711.74","68,711.74","","-0.72%"
"19/10/2020","69,209.53","69,209.53","69,209.53","69,209.53","","0.85%"
"16/10/2020","68,625.24","68,625.24","68,625.24","68,625.24","","-0.54%"
"15/10/2020","68,997.52","68,997.52","68,997.52","68,997.52","","0.50%"
"14/10/2020","68,651.63","68,651.63","68,651.63","68,651.63","","-0.27%"
"13/10/2020","68,834.52","68,834.52","68,834.52","68,834.52","","1.04%"
"12/10/2020","68,125.91","68,125.91","68,125.91","68,125.91","","0.49%"
"09/10/2020","67,794.87","67,794.87","67,794.87","67,794.87","","0.01%"
"08/10/2020","67,788.52","67,788.52","67,788.52","67,788.52","","1.09%"
"07/10/2020","67,057.93","67,057.93","67,057.93","67,057.93","","1.25%"
"06/10/2020","66,232.41","66,232.41","66,232.41","66,232.41","","0.34%"
"05/10/2020","66,004.80","66,004.80","66,004.80","66,004.80","","2.59%"
"02/10/2020","64,337.56","64,337.56","64,337.56","64,337.56","","-1.39%"
"01/10/2020","65,241.20","65,241.20","65,241.20","65,241.20","","0.98%"
"30/09/2020","64,608.07","64,608.07","64,608.07","64,608.07","","-2.29%"
"29/09/2020","66,120.13","66,120.13","66,120.13","66,120.13","","0.00%"
"28/09/2020","66,119.63","66,119.63","66,119.63","66,119.63","","-0.21%"
"25/09/2020","66,258.98","66,258.98","66,258.98","66,258.98","","1.52%"
"24/09/2020","65,264.84","65,264.84","65,264.84","65,264.84","","-0.81%"
"23/09/2020","65,797.78","65,797.78","65,797.78","65,797.78","","2.42%"
"22/09/2020","64,244.33","64,244.33","64,244.33","64,244.33","","-0.66%"
"21/09/2020","64,670.13","64,670.13","64,670.13","64,670.13","","-0.71%"
"18/09/2020","65,134.57","65,134.57","65,134.57","65,134.57","","-0.32%"
"17/09/2020","65,340.64","65,340.64","65,340.64","65,340.64","","-1.22%"
"16/09/2020","66,146.74","66,146.74","66,146.74","66,146.74","","1.04%"
"15/09/2020","65,465.29","65,465.29","65,465.29","65,465.29","","-0.08%"
"14/09/2020","65,515.41","65,515.41","65,515.41","65,515.41","","0.69%"
"11/09/2020","65,066.28","65,066.28","65,066.28","65,066.28","","-0.83%"
"10/09/2020","65,609.70","65,609.70","65,609.70","65,609.70","","0.56%"
"09/09/2020","65,246.00","65,246.00","65,246.00","65,246.00","","-2.14%"
"08/09/2020","66,671.02","66,671.02","66,671.02","66,671.02","","1.08%"
"07/09/2020","65,959.12","65,959.12","65,959.12","65,959.12","","0.37%"
"04/09/2020","65,717.30","65,717.30","65,717.30","65,717.30","","-3.06%"
"03/09/2020","67,791.65","67,791.65","67,791.65","67,791.65","","0.96%"
"02/09/2020","67,146.35","67,146.35","67,146.35","67,146.35","","1.87%"
"01/09/2020","65,914.34","65,914.34","65,914.34","65,914.34","","-1.72%"
"31/08/2020","67,065.85","67,065.85","67,065.85","67,065.85","","-0.11%"
"28/08/2020","67,139.48","67,139.48","67,139.48","67,139.48","","-0.85%"
"27/08/2020","67,716.66","67,716.66","67,716.66","67,716.66","","0.19%"
"26/08/2020","67,589.09","67,589.09","67,589.09","67,589.09","","-0.65%"
"25/08/2020","68,030.17","68,030.17","68,030.17","68,030.17","","0.59%"
"24/08/2020","67,631.98","67,631.98","67,631.98","67,631.98","","0.39%"
"21/08/2020","67,370.30","67,370.30","67,370.30","67,370.30","","-0.13%"
"20/08/2020","67,459.09","67,459.09","67,459.09","67,459.09","","-0.77%"
"19/08/2020","67,981.58","67,981.58","67,981.58","67,981.58","","0.83%"
"18/08/2020","67,423.77","67,423.77","67,423.77","67,423.77","","0.78%"
"17/08/2020","66,901.89","66,901.89","66,901.89","66,901.89","","-0.80%"
"14/08/2020","67,443.70","67,443.70","67,443.70","67,443.70","","0.58%"
"13/08/2020","67,055.59","67,055.59","67,055.59","67,055.59","","-0.66%"
"12/08/2020","67,499.81","67,499.81","67,499.81","67,499.81","","-0.11%"
"11/08/2020","67,572.48","67,572.48","67,572.48","67,572.48","","0.47%"
"10/08/2020","67,259.30","67,259.30","67,259.30","67,259.30","","1.75%"
"07/08/2020","66,099.52","66,099.52","66,099.52","66,099.52","","-0.62%"
"06/08/2020","66,509.89","66,509.89","66,509.89","66,509.89","","0.73%"
"05/08/2020","66,027.75","66,027.75","66,027.75","66,027.75","","-0.60%"
"04/08/2020","66,426.67","66,426.67","66,426.67","66,426.67","","1.88%"
"03/08/2020","65,200.34","65,200.34","65,200.34","65,200.34","","-0.03%"
"31/07/2020","65,218.91","65,218.91","65,218.91","65,218.91","","-2.04%"
"30/07/2020","66,575.48","66,575.48","66,575.48","66,575.48","","0.75%"
"29/07/2020","66,082.43","66,082.43","66,082.43","66,082.43","","-0.24%"
"28/07/2020","66,238.27","66,238.27","66,238.27","66,238.27","","-0.39%"
"27/07/2020","66,498.17","66,498.17","66,498.17","66,498.17","","0.33%"
"24/07/2020","66,276.21","66,276.21","66,276.21","66,276.21","","-1.16%"
"23/07/2020","67,051.84","67,051.84","67,051.84","67,051.84","","0.32%"
"22/07/2020","66,838.04","66,838.04","66,838.04","66,838.04","","-1.32%"
"21/07/2020","67,731.77","67,731.77","67,731.77","67,731.77","","2.58%"
"20/07/2020","66,029.41","66,029.41","66,029.41","66,029.41","","-0.53%"
"17/07/2020","66,382.14","66,382.14","66,382.14","66,382.14","","0.38%"
"16/07/2020","66,131.70","66,131.70","66,131.70","66,131.70","","-0.69%"
"15/07/2020","66,594.45","66,594.45","66,594.45","66,594.45","","1.88%"
"14/07/2020","65,363.51","65,363.51","65,363.51","65,363.51","","-0.61%"
"13/07/2020","65,764.37","65,764.37","65,764.37","65,764.37","","0.98%"
"10/07/2020","65,122.96","65,122.96","65,122.96","65,122.96","","-0.61%"
"09/07/2020","65,521.65","65,521.65","65,521.65","65,521.65","","0.59%"
"08/07/2020","65,134.89","65,134.89","65,134.89","65,134.89","","-1.54%"
"07/07/2020","66,153.92","66,153.92","66,153.92","66,153.92","","-0.02%"
"06/07/2020","66,169.77","66,169.77","66,169.77","66,169.77","","-0.71%"
"03/07/2020","66,644.94","66,644.94","66,644.94","66,644.94","","0.40%"
"02/07/2020","66,376.38","66,376.38","66,376.38","66,376.38","","1.66%"
"01/07/2020","65,294.64","65,294.64","65,294.64","65,294.64","","0.62%"
"30/06/2020","64,892.86","64,892.86","64,892.86","64,892.86","","1.42%"
"29/06/2020","63,981.27","63,981.27","63,981.27","63,981.27","","-1.38%"
"26/06/2020","64,876.08","64,876.08","64,876.08","64,876.08","","1.49%"
"25/06/2020","63,926.65","63,926.65","63,926.65","63,926.65","","-2.48%"
"24/06/2020","65,553.69","65,553.69","65,553.69","65,553.69","","0.19%"
"23/06/2020","65,429.09","65,429.09","65,429.09","65,429.09","","0.17%"
"22/06/2020","65,320.72","65,320.72","65,320.72","65,320.72","","0.03%"
"19/06/2020","65,299.13","65,299.13","65,299.13","65,299.13","","0.10%"
"18/06/2020","65,231.98","65,231.98","65,231.98","65,231.98","","-0.92%"
"17/06/2020","65,839.69","65,839.69","65,839.69","65,839.69","","0.83%"
"16/06/2020","65,296.09","65,296.09","65,296.09","65,296.09","","3.89%"
"15/06/2020","62,851.48","62,851.48","62,851.48","62,851.48","","-2.19%"
"12/06/2020","64,257.81","64,257.81","64,257.81","64,257.81","","-1.89%"
"11/06/2020","65,497.59","65,497.59","65,497.59","65,497.59","","-3.05%"
"10/06/2020","67,561.05","67,561.05","67,561.05","67,561.05","","0.06%"
"09/06/2020","67,522.84","67,522.84","67,522.84","67,522.84","","2.44%"
"05/06/2020","65,915.98","65,915.98","65,915.98","65,915.98","","0.12%"
"04/06/2020","65,839.02","65,839.02","65,839.02","65,839.02","","0.85%"
"03/06/2020","65,287.15","65,287.15","65,287.15","65,287.15","","1.83%"
"02/06/2020","64,116.86","64,116.86","64,116.86","64,116.86","","0.27%"
"01/06/2020","63,941.68","63,941.68","63,941.68","63,941.68","","1.10%"
"29/05/2020","63,244.36","63,244.36","63,244.36","63,244.36","","-1.63%"
"28/05/2020","64,292.80","64,292.80","64,292.80","64,292.80","","1.32%"
"27/05/2020","63,453.68","63,453.68","63,453.68","63,453.68","","-0.08%"
"26/05/2020","63,501.84","63,501.84","63,501.84","63,501.84","","2.93%"
"25/05/2020","61,695.00","61,695.00","61,695.00","61,695.00","","2.16%"
"22/05/2020","60,391.92","60,391.92","60,391.92","60,391.92","","-0.96%"
"21/05/2020","60,978.63","60,978.63","60,978.63","60,978.63","","-0.40%"
"20/05/2020","61,225.57","61,225.57","61,225.57","61,225.57","","0.25%"
"19/05/2020","61,073.42","61,073.42","61,073.42","61,073.42","","1.81%"
"18/05/2020","59,986.08","59,986.08","59,986.08","59,986.08","","1.07%"
"15/05/2020","59,351.02","59,351.02","59,351.02","59,351.02","","1.43%"
"14/05/2020","58,514.65","58,514.65","58,514.65","58,514.65","","-1.72%"
"13/05/2020","59,537.36","59,537.36","59,537.36","59,537.36","","0.35%"
"12/05/2020","59,329.93","59,329.93","59,329.93","59,329.93","","-1.07%"
"11/05/2020","59,968.71","59,968.71","59,968.71","59,968.71","","1.30%"
"08/05/2020","59,198.48","59,198.48","59,198.48","59,198.48","","0.50%"
"07/05/2020","58,903.37","58,903.37","58,903.37","58,903.37","","-0.38%"
"06/05/2020","59,127.41","59,127.41","59,127.41","59,127.41","","-0.42%"
"05/05/2020","59,374.05","59,374.05","59,374.05","59,374.05","","1.64%"
"04/05/2020","58,416.29","58,416.29","58,416.29","58,416.29","","1.41%"
"01/05/2020","57,604.19","57,604.19","57,604.19","57,604.19","","-4.95%"
"30/04/2020","60,602.95","60,602.95","60,602.95","60,602.95","","2.39%"
"29/04/2020","59,188.08","59,188.08","59,188.08","59,188.08","","1.51%"
"28/04/2020","58,306.54","58,306.54","58,306.54","58,306.54","","-0.16%"
"27/04/2020","58,398.09","58,398.09","58,398.09","58,398.09","","1.50%"
"24/04/2020","57,533.15","57,533.15","57,533.15","57,533.15","","0.49%"
"23/04/2020","57,253.20","57,253.20","57,253.20","57,253.20","","-0.08%"
"22/04/2020","57,298.59","57,298.59","57,298.59","57,298.59","","0.00%"
"21/04/2020","57,297.94","57,297.94","57,297.94","57,297.94","","-2.46%"
"20/04/2020","58,743.32","58,743.32","58,743.32","58,743.32","","-2.45%"
"17/04/2020","60,218.62","60,218.62","60,218.62","60,218.62","","1.32%"
"16/04/2020","59,436.65","59,436.65","59,436.65","59,436.65","","-0.92%"
"15/04/2020","59,989.57","59,989.57","59,989.57","59,989.57","","-0.39%"
"14/04/2020","60,224.84","60,224.84","60,224.84","60,224.84","","1.87%"
"09/04/2020","59,119.61","59,119.61","59,119.61","59,119.61","","3.47%"
"08/04/2020","57,138.48","57,138.48","57,138.48","57,138.48","","-0.86%"
"07/04/2020","57,636.06","57,636.06","57,636.06","57,636.06","","-0.65%"
"06/04/2020","58,014.90","58,014.90","58,014.90","58,014.90","","4.33%"
"03/04/2020","55,608.12","55,608.12","55,608.12","55,608.12","","-1.69%"
"02/04/2020","56,565.34","56,565.34","56,565.34","56,565.34","","-1.98%"
"01/04/2020","57,706.52","57,706.52","57,706.52","57,706.52","","3.58%"
"31/03/2020","55,711.41","55,711.41","55,711.41","55,711.41","","-2.02%"
"30/03/2020","56,857.95","56,857.95","56,857.95","56,857.95","","7.00%"
"27/03/2020","53,135.96","53,135.96","53,135.96","53,135.96","","-5.30%"
"26/03/2020","56,109.26","56,109.26","56,109.26","56,109.26","","2.31%"
"25/03/2020","54,844.41","54,844.41","54,844.41","54,844.41","","5.55%"
"24/03/2020","51,962.09","51,962.09","51,962.09","51,962.09","","4.19%"
"23/03/2020","49,872.57","49,872.57","49,872.57","49,872.57","","-5.62%"
"20/03/2020","52,841.15","52,841.15","52,841.15","52,841.15","","0.70%"
"19/03/2020","52,471.57","52,471.57","52,471.57","52,471.57","","-3.43%"
"18/03/2020","54,333.28","54,333.28","54,333.28","54,333.28","","-6.42%"
"17/03/2020","58,062.82","58,062.82","58,062.82","58,062.82","","5.83%"
"16/03/2020","54,866.55","54,866.55","54,866.55","54,866.55","","-9.70%"
"13/03/2020","60,758.38","60,758.38","60,758.38","60,758.38","","4.43%"
"12/03/2020","58,178.27","58,178.27","58,178.27","58,178.27","","-7.35%"
"11/03/2020","62,796.32","62,796.32","62,796.32","62,796.32","","-3.54%"
"10/03/2020","65,101.08","65,101.08","65,101.08","65,101.08","","3.12%"
"09/03/2020","63,129.28","63,129.28","63,129.28","63,129.28","","-7.32%"
"06/03/2020","68,113.22","68,113.22","68,113.22","68,113.22","","-2.79%"
"05/03/2020","70,071.65","70,071.65","70,071.65","70,071.65","","1.43%"
"04/03/2020","69,087.05","69,087.05","69,087.05","69,087.05","","-1.66%"
"03/03/2020","70,255.27","70,255.27","70,255.27","70,255.27","","0.73%"
"02/03/2020","69,747.47","69,747.47","69,747.47","69,747.47","","-0.66%"
"28/02/2020","70,210.11","70,210.11","70,210.11","70,210.11","","-3.24%"
"27/02/2020","72,558.43","72,558.43","72,558.43","72,558.43","","-0.71%"
"26/02/2020","73,079.12","73,079.12","73,079.12","73,079.12","","-2.23%"
"25/02/2020","74,747.83","74,747.83","74,747.83","74,747.83","","-1.57%"
"24/02/2020","75,936.52","75,936.52","75,936.52","75,936.52","","-2.13%"
"21/02/2020","77,590.25","77,590.25","77,590.25","77,590.25","","-0.33%"
"20/02/2020","77,845.45","77,845.45","77,845.45","77,845.45","","0.26%"
"19/02/2020","77,641.67","77,641.67","77,641.67","77,641.67","","0.64%"
"18/02/2020","77,151.24","77,151.24","77,151.24","77,151.24","","-0.13%"
"17/02/2020","77,253.61","77,253.61","77,253.61","77,253.61","","-0.07%"
"14/02/2020","77,307.76","77,307.76","77,307.76","77,307.76","","0.38%"
"13/02/2020","77,014.41","77,014.41","77,014.41","77,014.41","","0.24%"
"12/02/2020","76,826.38","76,826.38","76,826.38","76,826.38","","0.47%"
"11/02/2020","76,468.60","76,468.60","76,468.60","76,468.60","","0.61%"
"10/02/2020","76,004.98","76,004.98","76,004.98","76,004.98","","-0.14%"
"07/02/2020","76,113.90","76,113.90","76,113.90","76,113.90","","-0.38%"
"06/02/2020","76,402.42","76,402.42","76,402.42","76,402.42","","1.05%"
"05/02/2020","75,609.63","75,609.63","75,609.63","75,609.63","","0.39%"
"04/02/2020","75,313.65","75,313.65","75,313.65","75,313.65","","0.37%"
"03/02/2020","75,037.36","75,037.36","75,037.36","75,037.36","","-1.34%"
"31/01/2020","76,055.84","76,055.84","76,055.84","76,055.84","","0.13%"
"30/01/2020","75,960.54","75,960.54","75,960.54","75,960.54","","-0.33%"
"29/01/2020","76,210.84","76,210.84","76,210.84","76,210.84","","0.53%"
"28/01/2020","75,809.08","75,809.08","75,809.08","75,809.08","","-1.36%"
"24/01/2020","76,850.52","76,850.52","76,850.52","76,850.52","","0.04%"
"23/01/2020","76,822.56","76,822.56","76,822.56","76,822.56","","-0.63%"
"22/01/2020","77,307.73","77,307.73","77,307.73","77,307.73","","0.94%"
"21/01/2020","76,588.26","76,588.26","76,588.26","76,588.26","","-0.19%"
"20/01/2020","76,730.99","76,730.99","76,730.99","76,730.99","","0.22%"
"17/01/2020","76,564.24","76,564.24","76,564.24","76,564.24","","0.32%"
"16/01/2020","76,322.01","76,322.01","76,322.01","76,322.01","","0.67%"
"15/01/2020","75,813.25","75,813.25","75,813.25","75,813.25","","0.47%"
"14/01/2020","75,458.96","75,458.96","75,458.96","75,458.96","","0.85%"
"13/01/2020","74,825.10","74,825.10","74,825.10","74,825.10","","-0.37%"
"10/01/2020","75,099.93","75,099.93","75,099.93","75,099.93","","0.80%"
"09/01/2020","74,506.03","74,506.03","74,506.03","74,506.03","","0.83%"
"08/01/2020","73,892.51","73,892.51","73,892.51","73,892.51","","-0.13%"
"07/01/2020","73,988.03","73,988.03","73,988.03","73,988.03","","1.35%"
"06/01/2020","73,004.64","73,004.64","73,004.64","73,004.64","","0.03%"
"03/01/2020","72,980.63","72,980.63","72,980.63","72,980.63","","0.64%"
"02/01/2020","72,515.57","72,515.57","72,515.57","72,515.57","","0.10%"
"31/12/2019","72,445.03","72,445.03","72,445.03","72,445.03","","-1.77%"
"30/12/2019","73,754.10","73,754.10","73,754.10","73,754.10","","-0.05%"
"27/12/2019","73,791.49","73,791.49","73,791.49","73,791.49","","0.40%"
"24/12/2019","73,494.06","73,494.06","73,494.06","73,494.06","","0.13%"
"23/12/2019","73,396.53","73,396.53","73,396.53","73,396.53","","-0.46%"
"20/12/2019","73,733.81","73,733.81","73,733.81","73,733.81","","-0.25%"
"19/12/2019","73,915.46","73,915.46","73,915.46","73,915.46","","-0.27%"
"18/12/2019","74,113.49","74,113.49","74,113.49","74,113.49","","0.06%"
"17/12/2019","74,068.74","74,068.74","74,068.74","74,068.74","","-0.03%"
"16/12/2019","74,092.80","74,092.80","74,092.80","74,092.80","","1.63%"
"13/12/2019","72,902.57","72,902.57","72,902.57","72,902.57","","0.46%"
"12/12/2019","72,568.90","72,568.90","72,568.90","72,568.90","","-0.65%"
"11/12/2019","73,042.75","73,042.75","73,042.75","73,042.75","","0.68%"
"10/12/2019","72,548.07","72,548.07","72,548.07","72,548.07","","-0.34%"
"09/12/2019","72,798.16","72,798.16","72,798.16","72,798.16","","0.34%"
"06/12/2019","72,549.27","72,549.27","72,549.27","72,549.27","","0.36%"
"05/12/2019","72,288.20","72,288.20","72,288.20","72,288.20","","1.16%"
"04/12/2019","71,458.47","71,458.47","71,458.47","71,458.47","","-1.58%"
"03/12/2019","72,602.65","72,602.65","72,602.65","72,602.65","","-2.19%"
"02/12/2019","74,224.81","74,224.81","74,224.81","74,224.81","","0.24%"
"29/11/2019","74,048.83","74,048.83","74,048.83","74,048.83","","-0.26%"
"28/11/2019","74,240.93","74,240.93","74,240.93","74,240.93","","0.21%"
"27/11/2019","74,086.40","74,086.40","74,086.40","74,086.40","","0.94%"
"26/11/2019","73,395.04","73,395.04","73,395.04","73,395.04","","0.83%"
"25/11/2019","72,788.19","72,788.19","72,788.19","72,788.19","","0.32%"
"22/11/2019","72,554.29","72,554.29","72,554.29","72,554.29","","0.55%"
"21/11/2019","72,155.65","72,155.65","72,155.65","72,155.65","","-0.74%"
"20/11/2019","72,691.02","72,691.02","72,691.02","72,691.02","","-1.35%"
"19/11/2019","73,683.64","73,683.64","73,683.64","73,683.64","","0.70%"
"18/11/2019","73,171.12","73,171.12","73,171.12","73,171.12","","-0.39%"
"15/11/2019","73,457.85","73,457.85","73,457.85","73,457.85","","0.88%"
"14/11/2019","72,819.28","72,819.28","72,819.28","72,819.28","","0.68%"
"13/11/2019","72,325.01","72,325.01","72,325.01","72,325.01","","-0.81%"
"12/11/2019","72,914.69","72,914.69","72,914.69","72,914.69","","-0.13%"
"11/11/2019","73,009.37","73,009.37","73,009.37","73,009.37","","0.89%"
"08/11/2019","72,362.94","72,362.94","72,362.94","72,362.94","","-0.03%"
"07/11/2019","72,387.10","72,387.10","72,387.10","72,387.10","","1.00%"
"06/11/2019","71,671.73","71,671.73","71,671.73","71,671.73","","-0.54%"
"05/11/2019","72,062.44","72,062.44","72,062.44","72,062.44","","0.15%"
"04/11/2019","71,952.07","71,952.07","71,952.07","71,952.07","","0.27%"
"01/11/2019","71,760.84","71,760.84","71,760.84","71,760.84","","0.09%"
"31/10/2019","71,699.29","71,699.29","71,699.29","71,699.29","","-0.39%"
"30/10/2019","71,980.22","71,980.22","71,980.22","71,980.22","","-0.83%"
"29/10/2019","72,582.10","72,582.10","72,582.10","72,582.10","","0.07%"
"28/10/2019","72,529.47","72,529.47","72,529.47","72,529.47","","0.02%"
"25/10/2019","72,513.48","72,513.48","72,513.48","72,513.48","","0.68%"
"24/10/2019","72,021.69","72,021.69","72,021.69","72,021.69","","0.31%"
"23/10/2019","71,800.52","71,800.52","71,800.52","71,800.52","","0.01%"
"22/10/2019","71,790.73","71,790.73","71,790.73","71,790.73","","0.30%"
"21/10/2019","71,579.04","71,579.04","71,579.04","71,579.04","","0.04%"
"18/10/2019","71,547.48","71,547.48","71,547.48","71,547.48","","-0.52%"
"17/10/2019","71,924.07","71,924.07","71,924.07","71,924.07","","-0.77%"
"16/10/2019","72,482.04","72,482.04","72,482.04","72,482.04","","1.27%"
"15/10/2019","71,572.47","71,572.47","71,572.47","71,572.47","","0.14%"
"14/10/2019","71,471.12","71,471.12","71,471.12","71,471.12","","0.54%"
"11/10/2019","71,085.87","71,085.87","71,085.87","71,085.87","","0.91%"
"10/10/2019","70,443.19","70,443.19","70,443.19","70,443.19","","0.01%"
"09/10/2019","70,433.75","70,433.75","70,433.75","70,433.75","","-0.71%"
"08/10/2019","70,936.18","70,936.18","70,936.18","70,936.18","","0.46%"
"07/10/2019","70,613.93","70,613.93","70,613.93","70,613.93","","0.71%"
"04/10/2019","70,113.86","70,113.86","70,113.86","70,113.86","","0.37%"
"03/10/2019","69,854.70","69,854.70","69,854.70","69,854.70","","-2.21%"
"02/10/2019","71,433.78","71,433.78","71,433.78","71,433.78","","-1.53%"
"01/10/2019","72,540.87","72,540.87","72,540.87","72,540.87","","0.81%"
"30/09/2019","71,954.54","71,954.54","71,954.54","71,954.54","","-0.41%"
"27/09/2019","72,253.29","72,253.29","72,253.29","72,253.29","","0.58%"
"26/09/2019","71,836.43","71,836.43","71,836.43","71,836.43","","-0.48%"
"25/09/2019","72,179.66","72,179.66","72,179.66","72,179.66","","-0.57%"
"24/09/2019","72,595.36","72,595.36","72,595.36","72,595.36","","-0.01%"
"23/09/2019","72,602.12","72,602.12","72,602.12","72,602.12","","0.28%"
"20/09/2019","72,396.70","72,396.70","72,396.70","72,396.70","","0.20%"
"19/09/2019","72,253.90","72,253.90","72,253.90","72,253.90","","0.55%"
"18/09/2019","71,857.52","71,857.52","71,857.52","71,857.52","","-0.20%"
"17/09/2019","72,003.71","72,003.71","72,003.71","72,003.71","","0.33%"
"16/09/2019","71,765.76","71,765.76","71,765.76","71,765.76","","0.07%"
"13/09/2019","71,716.26","71,716.26","71,716.26","71,716.26","","0.22%"
"12/09/2019","71,561.00","71,561.00","71,561.00","71,561.00","","0.28%"
"11/09/2019","71,364.59","71,364.59","71,364.59","71,364.59","","0.39%"
"10/09/2019","71,088.53","71,088.53","71,088.53","71,088.53","","-0.44%"
"09/09/2019","71,405.69","71,405.69","71,405.69","71,405.69","","0.02%"
"06/09/2019","71,391.13","71,391.13","71,391.13","71,391.13","","0.52%"
"05/09/2019","71,022.89","71,022.89","71,022.89","71,022.89","","1.14%"
"04/09/2019","70,219.41","70,219.41","70,219.41","70,219.41","","-0.28%"
"03/09/2019","70,415.23","70,415.23","70,415.23","70,415.23","","-0.03%"
"02/09/2019","70,434.33","70,434.33","70,434.33","70,434.33","","-0.31%"
"30/08/2019","70,654.10","70,654.10","70,654.10","70,654.10","","1.56%"
"29/08/2019","69,570.44","69,570.44","69,570.44","69,570.44","","0.11%"
"28/08/2019","69,492.91","69,492.91","69,492.91","69,492.91","","0.54%"
"27/08/2019","69,119.76","69,119.76","69,119.76","69,119.76","","0.51%"
"26/08/2019","68,771.13","68,771.13","68,771.13","68,771.13","","-1.22%"
"23/08/2019","69,623.14","69,623.14","69,623.14","69,623.14","","0.34%"
"22/08/2019","69,384.26","69,384.26","69,384.26","69,384.26","","0.32%"
"21/08/2019","69,163.50","69,163.50","69,163.50","69,163.50","","-0.90%"
"20/08/2019","69,792.26","69,792.26","69,792.26","69,792.26","","1.21%"
"19/08/2019","68,961.01","68,961.01","68,961.01","68,961.01","","0.99%"
"16/08/2019","68,281.78","68,281.78","68,281.78","68,281.78","","-0.03%"
"15/08/2019","68,300.84","68,300.84","68,300.84","68,300.84","","-2.85%"
"14/08/2019","70,301.46","70,301.46","70,301.46","70,301.46","","0.72%"
"13/08/2019","69,800.12","69,800.12","69,800.12","69,800.12","","-0.33%"
"12/08/2019","70,031.01","70,031.01","70,031.01","70,031.01","","0.09%"
"09/08/2019","69,969.03","69,969.03","69,969.03","69,969.03","","0.25%"
"08/08/2019","69,794.77","69,794.77","69,794.77","69,794.77","","0.79%"
"07/08/2019","69,245.05","69,245.05","69,245.05","69,245.05","","0.64%"
"06/08/2019","68,805.68","68,805.68","68,805.68","68,805.68","","-2.44%"
"05/08/2019","70,528.57","70,528.57","70,528.57","70,528.57","","-1.90%"
"02/08/2019","71,890.96","71,890.96","71,890.96","71,890.96","","-0.30%"
"01/08/2019","72,107.16","72,107.16","72,107.16","72,107.16","","-0.35%"
"31/07/2019","72,358.18","72,358.18","72,358.18","72,358.18","","-0.48%"
"30/07/2019","72,703.62","72,703.62","72,703.62","72,703.62","","0.28%"
"29/07/2019","72,498.78","72,498.78","72,498.78","72,498.78","","0.48%"
"26/07/2019","72,154.55","72,154.55","72,154.55","72,154.55","","-0.36%"
"25/07/2019","72,416.26","72,416.26","72,416.26","72,416.26","","0.61%"
"24/07/2019","71,977.02","71,977.02","71,977.02","71,977.02","","0.77%"
"23/07/2019","71,424.22","71,424.22","71,424.22","71,424.22","","0.50%"
"22/07/2019","71,069.58","71,069.58","71,069.58","71,069.58","","-0.14%"
"19/07/2019","71,166.33","71,166.33","71,166.33","71,166.33","","0.77%"
"18/07/2019","70,622.18","70,622.18","70,622.18","70,622.18","","-0.36%"
"17/07/2019","70,878.59","70,878.59","70,878.59","70,878.59","","0.49%"
"16/07/2019","70,535.69","70,535.69","70,535.69","70,535.69","","-0.18%"
"15/07/2019","70,663.33","70,663.33","70,663.33","70,663.33","","-0.65%"
"12/07/2019","71,125.98","71,125.98","71,125.98","71,125.98","","-0.29%"
"11/07/2019","71,334.07","71,334.07","71,334.07","71,334.07","","0.39%"
"10/07/2019","71,054.20","71,054.20","71,054.20","71,054.20","","0.36%"
"09/07/2019","70,798.24","70,798.24","70,798.24","70,798.24","","-0.09%"
"08/07/2019","70,865.36","70,865.36","70,865.36","70,865.36","","-1.17%"
"05/07/2019","71,704.78","71,704.78","71,704.78","71,704.78","","0.50%"
"04/07/2019","71,351.50","71,351.50","71,351.50","71,351.50","","0.49%"
"03/07/2019","71,005.65","71,005.65","71,005.65","71,005.65","","0.49%"
"02/07/2019","70,657.54","70,657.54","70,657.54","70,657.54","","0.08%"
"01/07/2019","70,602.86","70,602.86","70,602.86","70,602.86","","0.44%"
"28/06/2019","70,291.79","70,291.79","70,291.79","70,291.79","","-0.71%"
"27/06/2019","70,796.67","70,796.67","70,796.67","70,796.67","","0.59%"
"26/06/2019","70,381.99","70,381.99","70,381.99","70,381.99","","-0.26%"
"25/06/2019","70,567.93","70,567.93","70,567.93","70,567.93","","-0.11%"
"24/06/2019","70,646.45","70,646.45","70,646.45","70,646.45","","0.22%"
"21/06/2019","70,491.13","70,491.13","70,491.13","70,491.13","","-0.54%"
"20/06/2019","70,877.07","70,877.07","70,877.07","70,877.07","","0.59%"
"19/06/2019","70,460.73","70,460.73","70,460.73","70,460.73","","1.19%"
"18/06/2019","69,632.65","69,632.65","69,632.65","69,632.65","","0.60%"
"17/06/2019","69,218.40","69,218.40","69,218.40","69,218.40","","-0.35%"
"14/06/2019","69,463.05","69,463.05","69,463.05","69,463.05","","0.18%"
"13/06/2019","69,340.31","69,340.31","69,340.31","69,340.31","","-0.01%"
"12/06/2019","69,350.16","69,350.16","69,350.16","69,350.16","","-0.04%"
"11/06/2019","69,377.20","69,377.20","69,377.20","69,377.20","","1.59%"
"07/06/2019","68,291.95","68,291.95","68,291.95","68,291.95","","0.95%"
"06/06/2019","67,646.24","67,646.24","67,646.24","67,646.24","","0.38%"
"05/06/2019","67,387.19","67,387.19","67,387.19","67,387.19","","0.42%"
"04/06/2019","67,103.43","67,103.43","67,103.43","67,103.43","","0.19%"
"03/06/2019","66,977.37","66,977.37","66,977.37","66,977.37","","-1.19%"
"31/05/2019","67,783.66","67,783.66","67,783.66","67,783.66","","0.07%"
"30/05/2019","67,733.57","67,733.57","67,733.57","67,733.57","","-0.73%"
"29/05/2019","68,233.55","68,233.55","68,233.55","68,233.55","","-0.68%"
"28/05/2019","68,702.67","68,702.67","68,702.67","68,702.67","","0.51%"
"27/05/2019","68,353.67","68,353.67","68,353.67","68,353.67","","-0.06%"
"24/05/2019","68,397.24","68,397.24","68,397.24","68,397.24","","-0.55%"
"23/05/2019","68,775.99","68,775.99","68,775.99","68,775.99","","-0.29%"
"22/05/2019","68,974.42","68,974.42","68,974.42","68,974.42","","0.16%"
"21/05/2019","68,862.43","68,862.43","68,862.43","68,862.43","","0.38%"
"20/05/2019","68,604.93","68,604.93","68,604.93","68,604.93","","1.74%"
"17/05/2019","67,430.65","67,430.65","67,430.65","67,430.65","","0.59%"
"16/05/2019","67,033.77","67,033.77","67,033.77","67,033.77","","0.89%"
"15/05/2019","66,444.00","66,444.00","66,444.00","66,444.00","","0.71%"
"14/05/2019","65,975.70","65,975.70","65,975.70","65,975.70","","-0.78%"
"13/05/2019","66,494.73","66,494.73","66,494.73","66,494.73","","0.00%"
"10/05/2019","66,497.48","66,497.48","66,497.48","66,497.48","","0.25%"
"09/05/2019","66,332.59","66,332.59","66,332.59","66,332.59","","0.42%"
"08/05/2019","66,056.71","66,056.71","66,056.71","66,056.71","","-0.42%"
"07/05/2019","66,335.45","66,335.45","66,335.45","66,335.45","","0.19%"
"06/05/2019","66,209.49","66,209.49","66,209.49","66,209.49","","-0.82%"
"03/05/2019","66,758.17","66,758.17","66,758.17","66,758.17","","-0.04%"
"02/05/2019","66,785.67","66,785.67","66,785.67","66,785.67","","-0.59%"
"01/05/2019","67,180.01","67,180.01","67,180.01","67,180.01","","0.81%"
"30/04/2019","66,643.40","66,643.40","66,643.40","66,643.40","","-0.54%"
"29/04/2019","67,001.91","67,001.91","67,001.91","67,001.91","","-0.41%"
"26/04/2019","67,277.44","67,277.44","67,277.44","67,277.44","","0.07%"
"24/04/2019","67,232.70","67,232.70","67,232.70","67,232.70","","0.99%"
"23/04/2019","66,571.91","66,571.91","66,571.91","66,571.91","","0.95%"
"18/04/2019","65,944.03","65,944.03","65,944.03","65,944.03","","0.06%"
"17/04/2019","65,906.78","65,906.78","65,906.78","65,906.78","","-0.33%"
"16/04/2019","66,127.63","66,127.63","66,127.63","66,127.63","","0.42%"
"15/04/2019","65,853.63","65,853.63","65,853.63","65,853.63","","0.00%"
"12/04/2019","65,852.17","65,852.17","65,852.17","65,852.17","","0.85%"
"11/04/2019","65,297.53","65,297.53","65,297.53","65,297.53","","-0.40%"
"10/04/2019","65,559.54","65,559.54","65,559.54","65,559.54","","0.03%"
"09/04/2019","65,541.33","65,541.33","65,541.33","65,541.33","","0.01%"
"08/04/2019","65,536.44","65,536.44","65,536.44","65,536.44","","0.65%"
"05/04/2019","65,113.52","65,113.52","65,113.52","65,113.52","","-0.83%"
"04/04/2019","65,655.95","65,655.95","65,655.95","65,655.95","","-0.83%"
"03/04/2019","66,203.79","66,203.79","66,203.79","66,203.79","","0.69%"
"02/04/2019","65,752.81","65,752.81","65,752.81","65,752.81","","0.41%"
"01/04/2019","65,482.86","65,482.86","65,482.86","65,482.86","","0.59%"
"29/03/2019","65,101.27","65,101.27","65,101.27","65,101.27","","0.08%"
"28/03/2019","65,052.26","65,052.26","65,052.26","65,052.26","","0.66%"
"27/03/2019","64,628.02","64,628.02","64,628.02","64,628.02","","0.10%"
"26/03/2019","64,562.53","64,562.53","64,562.53","64,562.53","","0.07%"
"25/03/2019","64,516.42","64,516.42","64,516.42","64,516.42","","-1.10%"
"22/03/2019","65,234.92","65,234.92","65,234.92","65,234.92","","0.46%"
"21/03/2019","64,935.50","64,935.50","64,935.50","64,935.50","","0.03%"
"20/03/2019","64,913.93","64,913.93","64,913.93","64,913.93","","-0.31%"
"19/03/2019","65,113.92","65,113.92","65,113.92","65,113.92","","-0.09%"
"18/03/2019","65,172.37","65,172.37","65,172.37","65,172.37","","0.25%"
"15/03/2019","65,009.73","65,009.73","65,009.73","65,009.73","","-0.07%"
"14/03/2019","65,054.66","65,054.66","65,054.66","65,054.66","","0.30%"
"13/03/2019","64,857.56","64,857.56","64,857.56","64,857.56","","-0.18%"
"12/03/2019","64,976.44","64,976.44","64,976.44","64,976.44","","-0.08%"
"11/03/2019","65,028.81","65,028.81","65,028.81","65,028.81","","-0.38%"
"08/03/2019","65,274.97","65,274.97","65,274.97","65,274.97","","-0.95%"
"07/03/2019","65,901.51","65,901.51","65,901.51","65,901.51","","0.57%"
"06/03/2019","65,530.78","65,530.78","65,530.78","65,530.78","","0.77%"
"05/03/2019","65,028.77","65,028.77","65,028.77","65,028.77","","-0.26%"
"04/03/2019","65,196.29","65,196.29","65,196.29","65,196.29","","0.44%"
"01/03/2019","64,907.78","64,907.78","64,907.78","64,907.78","","0.43%"
"28/02/2019","64,627.01","64,627.01","64,627.01","64,627.01","","0.37%"
"27/02/2019","64,389.78","64,389.78","64,389.78","64,389.78","","0.43%"
"26/02/2019","64,112.65","64,112.65","64,112.65","64,112.65","","-0.80%"
"25/02/2019","64,630.65","64,630.65","64,630.65","64,630.65","","0.33%"
"22/02/2019","64,417.44","64,417.44","64,417.44","64,417.44","","0.54%"
"21/02/2019","64,073.07","64,073.07","64,073.07","64,073.07","","0.71%"
"20/02/2019","63,619.83","63,619.83","63,619.83","63,619.83","","-0.12%"
"19/02/2019","63,694.14","63,694.14","63,694.14","63,694.14","","0.29%"
"18/02/2019","63,507.34","63,507.34","63,507.34","63,507.34","","0.40%"
"15/02/2019","63,251.19","63,251.19","63,251.19","63,251.19","","0.11%"
"14/02/2019","63,181.16","63,181.16","63,181.16","63,181.16","","-0.07%"
"13/02/2019","63,222.73","63,222.73","63,222.73","63,222.73","","0.00%"
"12/02/2019","63,223.34","63,223.34","63,223.34","63,223.34","","0.32%"
"11/02/2019","63,022.12","63,022.12","63,022.12","63,022.12","","-0.17%"
"08/02/2019","63,132.43","63,132.43","63,132.43","63,132.43","","-0.34%"
"07/02/2019","63,350.86","63,350.86","63,350.86","63,350.86","","1.10%"
"06/02/2019","62,661.26","62,661.26","62,661.26","62,661.26","","0.34%"
"05/02/2019","62,449.88","62,449.88","62,449.88","62,449.88","","1.95%"
"04/02/2019","61,257.07","61,257.07","61,257.07","61,257.07","","0.48%"
"01/02/2019","60,962.08","60,962.08","60,962.08","60,962.08","","-0.03%"
"31/01/2019","60,981.04","60,981.04","60,981.04","60,981.04","","-0.37%"
"30/01/2019","61,210.41","61,210.41","61,210.41","61,210.41","","0.21%"
"29/01/2019","61,079.94","61,079.94","61,079.94","61,079.94","","-0.53%"
"25/01/2019","61,406.85","61,406.85","61,406.85","61,406.85","","0.68%"
"24/01/2019","60,991.83","60,991.83","60,991.83","60,991.83","","0.38%"
"23/01/2019","60,763.39","60,763.39","60,763.39","60,763.39","","-0.26%"
"22/01/2019","60,920.04","60,920.04","60,920.04","60,920.04","","-0.54%"
"21/01/2019","61,248.55","61,248.55","61,248.55","61,248.55","","0.18%"
"18/01/2019","61,136.38","61,136.38","61,136.38","61,136.38","","0.50%"
"17/01/2019","60,829.23","60,829.23","60,829.23","60,829.23","","0.26%"
"16/01/2019","60,672.79","60,672.79","60,672.79","60,672.79","","0.35%"
"15/01/2019","60,458.65","60,458.65","60,458.65","60,458.65","","0.71%"
"14/01/2019","60,030.34","60,030.34","60,030.34","60,030.34","","-0.02%"
"11/01/2019","60,042.94","60,042.94","60,042.94","60,042.94","","-0.36%"
"10/01/2019","60,258.03","60,258.03","60,258.03","60,258.03","","0.29%"
"09/01/2019","60,081.47","60,081.47","60,081.47","60,081.47","","0.98%"
"08/01/2019","59,500.75","59,500.75","59,500.75","59,500.75","","0.69%"
"07/01/2019","59,092.64","59,092.64","59,092.64","59,092.64","","1.14%"
"04/01/2019","58,428.90","58,428.90","58,428.90","58,428.90","","-0.25%"
"03/01/2019","58,574.99","58,574.99","58,574.99","58,574.99","","1.36%"
"02/01/2019","57,788.40","57,788.40","57,788.40","57,788.40","","-1.57%"
"31/12/2018","58,709.79","58,709.79","58,709.79","58,709.79","","-0.14%"
"28/12/2018","58,792.50","58,792.50","58,792.50","58,792.50","","1.24%"
"27/12/2018","58,070.37","58,070.37","58,070.37","58,070.37","","1.88%"
"24/12/2018","56,997.39","56,997.39","56,997.39","56,997.39","","0.48%"
"21/12/2018","56,725.81","56,725.81","56,725.81","56,725.81","","-0.69%"
"20/12/2018","57,121.94","57,121.94","57,121.94","57,121.94","","-1.34%"
"19/12/2018","57,897.71","57,897.71","57,897.71","57,897.71","","-0.16%"
"18/12/2018","57,989.77","57,989.77","57,989.77","57,989.77","","-1.22%"
"17/12/2018","58,703.60","58,703.60","58,703.60","58,703.60","","1.00%"
"14/12/2018","58,119.53","58,119.53","58,119.53","58,119.53","","-1.05%"
"13/12/2018","58,738.22","58,738.22","58,738.22","58,738.22","","0.15%"
"12/12/2018","58,650.41","58,650.41","58,650.41","58,650.41","","1.39%"
"11/12/2018","57,845.60","57,845.60","57,845.60","57,845.60","","0.43%"
"10/12/2018","57,600.65","57,600.65","57,600.65","57,600.65","","-2.27%"
"07/12/2018","58,938.79","58,938.79","58,938.79","58,938.79","","0.42%"
"06/12/2018","58,690.86","58,690.86","58,690.86","58,690.86","","-0.18%"
"05/12/2018","58,798.95","58,798.95","58,798.95","58,798.95","","-0.78%"
"04/12/2018","59,263.59","59,263.59","59,263.59","59,263.59","","-0.99%"
"03/12/2018","59,858.73","59,858.73","59,858.73","59,858.73","","1.84%"
"30/11/2018","58,779.99","58,779.99","58,779.99","58,779.99","","-1.58%"
"29/11/2018","59,726.53","59,726.53","59,726.53","59,726.53","","0.59%"
"28/11/2018","59,377.92","59,377.92","59,377.92","59,377.92","","-0.05%"
"27/11/2018","59,410.46","59,410.46","59,410.46","59,410.46","","1.00%"
"26/11/2018","58,822.27","58,822.27","58,822.27","58,822.27","","-0.78%"
"23/11/2018","59,285.19","59,285.19","59,285.19","59,285.19","","0.44%"
"22/11/2018","59,024.64","59,024.64","59,024.64","59,024.64","","0.87%"
"21/11/2018","58,517.59","58,517.59","58,517.59","58,517.59","","-0.51%"
"20/11/2018","58,818.47","58,818.47","58,818.47","58,818.47","","-0.38%"
"19/11/2018","59,045.31","59,045.31","59,045.31","59,045.31","","-0.64%"
"16/11/2018","59,424.25","59,424.25","59,424.25","59,424.25","","-0.09%"
"15/11/2018","59,479.45","59,479.45","59,479.45","59,479.45","","0.06%"
"14/11/2018","59,445.77","59,445.77","59,445.77","59,445.77","","-1.74%"
"13/11/2018","60,497.81","60,497.81","60,497.81","60,497.81","","-1.60%"
"12/11/2018","61,481.81","61,481.81","61,481.81","61,481.81","","0.52%"
"09/11/2018","61,161.56","61,161.56","61,161.56","61,161.56","","-0.10%"
"08/11/2018","61,223.32","61,223.32","61,223.32","61,223.32","","0.70%"
"07/11/2018","60,795.92","60,795.92","60,795.92","60,795.92","","0.37%"
"06/11/2018","60,570.28","60,570.28","60,570.28","60,570.28","","0.98%"
"05/11/2018","59,982.27","59,982.27","59,982.27","59,982.27","","-0.53%"
"02/11/2018","60,302.51","60,302.51","60,302.51","60,302.51","","0.14%"
"01/11/2018","60,215.80","60,215.80","60,215.80","60,215.80","","0.18%"
"31/10/2018","60,107.66","60,107.66","60,107.66","60,107.66","","0.43%"
"30/10/2018","59,847.81","59,847.81","59,847.81","59,847.81","","1.34%"
"29/10/2018","59,054.52","59,054.52","59,054.52","59,054.52","","1.11%"
"26/10/2018","58,405.07","58,405.07","58,405.07","58,405.07","","0.02%"
"25/10/2018","58,392.59","58,392.59","58,392.59","58,392.59","","-2.83%"
"24/10/2018","60,093.21","60,093.21","60,093.21","60,093.21","","-0.23%"
"23/10/2018","60,232.37","60,232.37","60,232.37","60,232.37","","-1.05%"
"22/10/2018","60,869.95","60,869.95","60,869.95","60,869.95","","-0.58%"
"19/10/2018","61,226.17","61,226.17","61,226.17","61,226.17","","-0.05%"
"18/10/2018","61,256.28","61,256.28","61,256.28","61,256.28","","0.06%"
"17/10/2018","61,222.06","61,222.06","61,222.06","61,222.06","","1.18%"
"16/10/2018","60,508.59","60,508.59","60,508.59","60,508.59","","0.56%"
"15/10/2018","60,170.67","60,170.67","60,170.67","60,170.67","","-0.99%"
"12/10/2018","60,774.17","60,774.17","60,774.17","60,774.17","","0.20%"
"11/10/2018","60,650.78","60,650.78","60,650.78","60,650.78","","-2.74%"
"10/10/2018","62,357.93","62,357.93","62,357.93","62,357.93","","0.14%"
"09/10/2018","62,267.88","62,267.88","62,267.88","62,267.88","","-0.97%"
"08/10/2018","62,878.46","62,878.46","62,878.46","62,878.46","","-1.38%"
"05/10/2018","63,756.43","63,756.43","63,756.43","63,756.43","","0.15%"
"04/10/2018","63,661.72","63,661.72","63,661.72","63,661.72","","0.50%"
"03/10/2018","63,346.23","63,346.23","63,346.23","63,346.23","","0.32%"
"02/10/2018","63,141.27","63,141.27","63,141.27","63,141.27","","-0.75%"
"01/10/2018","63,615.85","63,615.85","63,615.85","63,615.85","","-0.57%"
"28/09/2018","63,979.04","63,979.04","63,979.04","63,979.04","","0.43%"
"27/09/2018","63,707.50","63,707.50","63,707.50","63,707.50","","-0.18%"
"26/09/2018","63,820.09","63,820.09","63,820.09","63,820.09","","0.10%"
"25/09/2018","63,753.40","63,753.40","63,753.40","63,753.40","","-0.02%"
"24/09/2018","63,763.67","63,763.67","63,763.67","63,763.67","","-0.12%"
"21/09/2018","63,839.58","63,839.58","63,839.58","63,839.58","","0.41%"
"20/09/2018","63,577.82","63,577.82","63,577.82","63,577.82","","-0.32%"
"19/09/2018","63,783.14","63,783.14","63,783.14","63,783.14","","0.46%"
"18/09/2018","63,488.86","63,488.86","63,488.86","63,488.86","","-0.38%"
"17/09/2018","63,729.75","63,729.75","63,729.75","63,729.75","","0.33%"
"14/09/2018","63,522.77","63,522.77","63,522.77","63,522.77","","0.60%"
"13/09/2018","63,145.54","63,145.54","63,145.54","63,145.54","","-0.69%"
"12/09/2018","63,581.24","63,581.24","63,581.24","63,581.24","","-0.03%"
"11/09/2018","63,601.27","63,601.27","63,601.27","63,601.27","","0.67%"
"10/09/2018","63,177.68","63,177.68","63,177.68","63,177.68","","-0.02%"
"07/09/2018","63,188.29","63,188.29","63,188.29","63,188.29","","-0.24%"
"06/09/2018","63,339.73","63,339.73","63,339.73","63,339.73","","-0.93%"
"05/09/2018","63,934.43","63,934.43","63,934.43","63,934.43","","-0.96%"
"04/09/2018","64,551.80","64,551.80","64,551.80","64,551.80","","-0.25%"
"03/09/2018","64,714.42","64,714.42","64,714.42","64,714.42","","-0.13%"
"31/08/2018","64,795.65","64,795.65","64,795.65","64,795.65","","-0.48%"
"30/08/2018","65,109.79","65,109.79","65,109.79","65,109.79","","0.00%"
"29/08/2018","65,109.00","65,109.00","65,109.00","65,109.00","","0.82%"
"28/08/2018","64,577.34","64,577.34","64,577.34","64,577.34","","0.62%"
"27/08/2018","64,181.70","64,181.70","64,181.70","64,181.70","","0.37%"
"24/08/2018","63,944.92","63,944.92","63,944.92","63,944.92","","0.05%"
"23/08/2018","63,912.78","63,912.78","63,912.78","63,912.78","","-0.28%"
"22/08/2018","64,094.14","64,094.14","64,094.14","64,094.14","","-0.25%"
"21/08/2018","64,251.76","64,251.76","64,251.76","64,251.76","","-0.92%"
"20/08/2018","64,845.89","64,845.89","64,845.89","64,845.89","","0.18%"
"17/08/2018","64,730.96","64,730.96","64,730.96","64,730.96","","0.17%"
"16/08/2018","64,618.91","64,618.91","64,618.91","64,618.91","","-0.01%"
"15/08/2018","64,625.41","64,625.41","64,625.41","64,625.41","","0.75%"
"14/08/2018","64,142.81","64,142.81","64,142.81","64,142.81","","0.80%"
"13/08/2018","63,632.58","63,632.58","63,632.58","63,632.58","","-0.42%"
"10/08/2018","63,899.47","63,899.47","63,899.47","63,899.47","","-0.30%"
"09/08/2018","64,093.87","64,093.87","64,093.87","64,093.87","","0.51%"
"08/08/2018","63,770.85","63,770.85","63,770.85","63,770.85","","0.23%"
"07/08/2018","63,622.40","63,622.40","63,622.40","63,622.40","","-0.30%"
"06/08/2018","63,816.13","63,816.13","63,816.13","63,816.13","","0.61%"
"03/08/2018","63,427.49","63,427.49","63,427.49","63,427.49","","-0.10%"
"02/08/2018","63,489.40","63,489.40","63,489.40","63,489.40","","-0.56%"
"01/08/2018","63,843.99","63,843.99","63,843.99","63,843.99","","-0.07%"
"31/07/2018","63,889.60","63,889.60","63,889.60","63,889.60","","0.03%"
"30/07/2018","63,871.20","63,871.20","63,871.20","63,871.20","","-0.35%"
"27/07/2018","64,093.33","64,093.33","64,093.33","64,093.33","","0.89%"
"26/07/2018","63,526.38","63,526.38","63,526.38","63,526.38","","-0.05%"
"25/07/2018","63,558.41","63,558.41","63,558.41","63,558.41","","-0.29%"
"24/07/2018","63,743.52","63,743.52","63,743.52","63,743.52","","0.62%"
"23/07/2018","63,352.88","63,352.88","63,352.88","63,352.88","","-0.93%"
"20/07/2018","63,945.92","63,945.92","63,945.92","63,945.92","","0.37%"
"19/07/2018","63,710.41","63,710.41","63,710.41","63,710.41","","0.28%"
"18/07/2018","63,531.47","63,531.47","63,531.47","63,531.47","","0.67%"
"17/07/2018","63,109.59","63,109.59","63,109.59","63,109.59","","-0.61%"
"16/07/2018","63,494.92","63,494.92","63,494.92","63,494.92","","-0.43%"
"13/07/2018","63,768.30","63,768.30","63,768.30","63,768.30","","0.00%"
"12/07/2018","63,767.43","63,767.43","63,767.43","63,767.43","","0.85%"
"11/07/2018","63,231.25","63,231.25","63,231.25","63,231.25","","-0.68%"
"10/07/2018","63,663.58","63,663.58","63,663.58","63,663.58","","-0.44%"
"09/07/2018","63,945.26","63,945.26","63,945.26","63,945.26","","0.22%"
"06/07/2018","63,805.39","63,805.39","63,805.39","63,805.39","","0.91%"
"05/07/2018","63,227.88","63,227.88","63,227.88","63,227.88","","0.52%"
"04/07/2018","62,901.01","62,901.01","62,901.01","62,901.01","","-0.43%"
"03/07/2018","63,173.83","63,173.83","63,173.83","63,173.83","","0.52%"
"02/07/2018","62,844.09","62,844.09","62,844.09","62,844.09","","-0.27%"
"29/06/2018","63,015.41","63,015.41","63,015.41","63,015.41","","-0.33%"
"28/06/2018","63,225.85","63,225.85","63,225.85","63,225.85","","0.51%"
"27/06/2018","62,903.20","62,903.20","62,903.20","62,903.20","","-0.03%"
"26/06/2018","62,921.00","62,921.00","62,921.00","62,921.00","","-0.21%"
"25/06/2018","63,050.92","63,050.92","63,050.92","63,050.92","","-0.24%"
"22/06/2018","63,200.31","63,200.31","63,200.31","63,200.31","","-0.11%"
"21/06/2018","63,270.45","63,270.45","63,270.45","63,270.45","","0.97%"
"20/06/2018","62,665.05","62,665.05","62,665.05","62,665.05","","1.15%"
"19/06/2018","61,949.77","61,949.77","61,949.77","61,949.77","","-0.03%"
"18/06/2018","61,970.11","61,970.11","61,970.11","61,970.11","","0.17%"
"15/06/2018","61,867.58","61,867.58","61,867.58","61,867.58","","1.29%"
"14/06/2018","61,081.87","61,081.87","61,081.87","61,081.87","","-0.11%"
"13/06/2018","61,151.54","61,151.54","61,151.54","61,151.54","","-0.51%"
"12/06/2018","61,462.49","61,462.49","61,462.49","61,462.49","","0.15%"
"08/06/2018","61,368.54","61,368.54","61,368.54","61,368.54","","-0.20%"
"07/06/2018","61,491.47","61,491.47","61,491.47","61,491.47","","0.53%"
"06/06/2018","61,164.72","61,164.72","61,164.72","61,164.72","","0.52%"
"05/06/2018","60,849.57","60,849.57","60,849.57","60,849.57","","-0.51%"
"04/06/2018","61,160.90","61,160.90","61,160.90","61,160.90","","0.59%"
"01/06/2018","60,804.03","60,804.03","60,804.03","60,804.03","","-0.36%"
"31/05/2018","61,021.25","61,021.25","61,021.25","61,021.25","","0.46%"
"30/05/2018","60,740.01","60,740.01","60,740.01","60,740.01","","-0.48%"
"29/05/2018","61,032.55","61,032.55","61,032.55","61,032.55","","0.17%"
"28/05/2018","60,931.18","60,931.18","60,931.18","60,931.18","","-0.47%"
"25/05/2018","61,221.47","61,221.47","61,221.47","61,221.47","","-0.07%"
"24/05/2018","61,264.66","61,264.66","61,264.66","61,264.66","","0.08%"
"23/05/2018","61,216.18","61,216.18","61,216.18","61,216.18","","-0.15%"
"22/05/2018","61,311.21","61,311.21","61,311.21","61,311.21","","-0.69%"
"21/05/2018","61,737.76","61,737.76","61,737.76","61,737.76","","-0.05%"
"18/05/2018","61,766.87","61,766.87","61,766.87","61,766.87","","-0.11%"
"17/05/2018","61,835.33","61,835.33","61,835.33","61,835.33","","-0.01%"
"16/05/2018","61,843.36","61,843.36","61,843.36","61,843.36","","0.15%"
"15/05/2018","61,750.79","61,750.79","61,750.79","61,750.79","","-0.45%"
"14/05/2018","62,028.37","62,028.37","62,028.37","62,028.37","","0.52%"
"11/05/2018","61,709.71","61,709.71","61,709.71","61,709.71","","-0.04%"
"10/05/2018","61,735.55","61,735.55","61,735.55","61,735.55","","0.18%"
"09/05/2018","61,627.34","61,627.34","61,627.34","61,627.34","","0.27%"
"08/05/2018","61,463.62","61,463.62","61,463.62","61,463.62","","0.12%"
"07/05/2018","61,388.83","61,388.83","61,388.83","61,388.83","","0.36%"
"04/05/2018","61,171.10","61,171.10","61,171.10","61,171.10","","-0.58%"
"03/05/2018","61,528.09","61,528.09","61,528.09","61,528.09","","0.80%"
"02/05/2018","61,042.37","61,042.37","61,042.37","61,042.37","","0.58%"
"01/05/2018","60,689.74","60,689.74","60,689.74","60,689.74","","0.54%"
"30/04/2018","60,361.82","60,361.82","60,361.82","60,361.82","","0.49%"
"27/04/2018","60,067.31","60,067.31","60,067.31","60,067.31","","0.73%"
"26/04/2018","59,634.75","59,634.75","59,634.75","59,634.75","","-0.17%"
"24/04/2018","59,737.99","59,737.99","59,737.99","59,737.99","","0.60%"
"23/04/2018","59,379.45","59,379.45","59,379.45","59,379.45","","0.29%"
"20/04/2018","59,205.56","59,205.56","59,205.56","59,205.56","","-0.21%"
"19/04/2018","59,328.88","59,328.88","59,328.88","59,328.88","","0.33%"
"18/04/2018","59,131.36","59,131.36","59,131.36","59,131.36","","0.34%"
"17/04/2018","58,929.86","58,929.86","58,929.86","58,929.86","","0.00%"
"16/04/2018","58,927.76","58,927.76","58,927.76","58,927.76","","0.21%"
"13/04/2018","58,803.80","58,803.80","58,803.80","58,803.80","","0.23%"
"12/04/2018","58,667.16","58,667.16","58,667.16","58,667.16","","-0.23%"
"11/04/2018","58,799.84","58,799.84","58,799.84","58,799.84","","-0.48%"
"10/04/2018","59,085.18","59,085.18","59,085.18","59,085.18","","0.83%"
"09/04/2018","58,597.93","58,597.93","58,597.93","58,597.93","","0.35%"
"06/04/2018","58,396.36","58,396.36","58,396.36","58,396.36","","0.00%"
"05/04/2018","58,397.03","58,397.03","58,397.03","58,397.03","","0.49%"
"04/04/2018","58,112.53","58,112.53","58,112.53","58,112.53","","0.16%"
"03/04/2018","58,017.44","58,017.44","58,017.44","58,017.44","","-0.13%"
"29/03/2018","58,092.50","58,092.50","58,092.50","58,092.50","","-0.52%"
"28/03/2018","58,394.27","58,394.27","58,394.27","58,394.27","","-0.73%"
"27/03/2018","58,824.64","58,824.64","58,824.64","58,824.64","","0.73%"
"26/03/2018","58,396.16","58,396.16","58,396.16","58,396.16","","-0.51%"
"23/03/2018","58,697.31","58,697.31","58,697.31","58,697.31","","-1.96%"
"22/03/2018","59,871.35","59,871.35","59,871.35","59,871.35","","-0.22%"
"21/03/2018","60,000.48","60,000.48","60,000.48","60,000.48","","0.24%"
"20/03/2018","59,857.67","59,857.67","59,857.67","59,857.67","","-0.38%"
"19/03/2018","60,086.04","60,086.04","60,086.04","60,086.04","","0.17%"
"16/03/2018","59,981.34","59,981.34","59,981.34","59,981.34","","0.48%"
"15/03/2018","59,692.50","59,692.50","59,692.50","59,692.50","","-0.24%"
"14/03/2018","59,834.70","59,834.70","59,834.70","59,834.70","","-0.63%"
"13/03/2018","60,212.70","60,212.70","60,212.70","60,212.70","","-0.35%"
"12/03/2018","60,425.99","60,425.99","60,425.99","60,425.99","","0.56%"
"09/03/2018","60,087.64","60,087.64","60,087.64","60,087.64","","0.35%"
"08/03/2018","59,880.82","59,880.82","59,880.82","59,880.82","","0.88%"
"07/03/2018","59,357.02","59,357.02","59,357.02","59,357.02","","-0.98%"
"06/03/2018","59,943.79","59,943.79","59,943.79","59,943.79","","1.18%"
"05/03/2018","59,243.81","59,243.81","59,243.81","59,243.81","","-0.56%"
"02/03/2018","59,577.15","59,577.15","59,577.15","59,577.15","","-0.74%"
"01/03/2018","60,020.87","60,020.87","60,020.87","60,020.87","","-0.58%"
"28/02/2018","60,369.39","60,369.39","60,369.39","60,369.39","","-0.61%"
"27/02/2018","60,737.35","60,737.35","60,737.35","60,737.35","","0.30%"
"26/02/2018","60,554.02","60,554.02","60,554.02","60,554.02","","0.81%"
"23/02/2018","60,069.59","60,069.59","60,069.59","60,069.59","","0.84%"
"22/02/2018","59,570.99","59,570.99","59,570.99","59,570.99","","0.19%"
"21/02/2018","59,459.64","59,459.64","59,459.64","59,459.64","","0.11%"
"20/02/2018","59,396.78","59,396.78","59,396.78","59,396.78","","0.02%"
"19/02/2018","59,386.16","59,386.16","59,386.16","59,386.16","","0.65%"
"16/02/2018","59,005.42","59,005.42","59,005.42","59,005.42","","-0.08%"
"15/02/2018","59,053.52","59,053.52","59,053.52","59,053.52","","1.16%"
"14/02/2018","58,373.90","58,373.90","58,373.90","58,373.90","","-0.03%"
"13/02/2018","58,389.17","58,389.17","58,389.17","58,389.17","","0.68%"
"12/02/2018","57,996.20","57,996.20","57,996.20","57,996.20","","-0.30%"
"09/02/2018","58,168.34","58,168.34","58,168.34","58,168.34","","-0.89%"
"08/02/2018","58,691.38","58,691.38","58,691.38","58,691.38","","0.24%"
"07/02/2018","58,552.97","58,552.97","58,552.97","58,552.97","","0.75%"
"06/02/2018","58,118.96","58,118.96","58,118.96","58,118.96","","-3.20%"
"05/02/2018","60,040.78","60,040.78","60,040.78","60,040.78","","-1.55%"
"02/02/2018","60,988.85","60,988.85","60,988.85","60,988.85","","0.51%"
"01/02/2018","60,676.78","60,676.78","60,676.78","60,676.78","","0.87%"
"31/01/2018","60,154.88","60,154.88","60,154.88","60,154.88","","0.25%"
"30/01/2018","60,005.50","60,005.50","60,005.50","60,005.50","","-0.87%"
"29/01/2018","60,529.67","60,529.67","60,529.67","60,529.67","","0.42%"
"25/01/2018","60,276.75","60,276.75","60,276.75","60,276.75","","-0.08%"
"24/01/2018","60,322.93","60,322.93","60,322.93","60,322.93","","0.29%"
"23/01/2018","60,146.62","60,146.62","60,146.62","60,146.62","","0.75%"
"22/01/2018","59,697.79","59,697.79","59,697.79","59,697.79","","-0.23%"
"19/01/2018","59,836.21","59,836.21","59,836.21","59,836.21","","-0.15%"
"18/01/2018","59,923.48","59,923.48","59,923.48","59,923.48","","-0.02%"
"17/01/2018","59,935.48","59,935.48","59,935.48","59,935.48","","-0.54%"
"16/01/2018","60,261.41","60,261.41","60,261.41","60,261.41","","-0.47%"
"15/01/2018","60,544.79","60,544.79","60,544.79","60,544.79","","0.12%"
"12/01/2018","60,474.76","60,474.76","60,474.76","60,474.76","","0.04%"
"11/01/2018","60,450.55","60,450.55","60,450.55","60,450.55","","-0.48%"
"10/01/2018","60,740.03","60,740.03","60,740.03","60,740.03","","-0.64%"
"09/01/2018","61,129.86","61,129.86","61,129.86","61,129.86","","0.09%"
"08/01/2018","61,075.72","61,075.72","61,075.72","61,075.72","","0.13%"
"05/01/2018","60,995.77","60,995.77","60,995.77","60,995.77","","0.74%"
"04/01/2018","60,544.75","60,544.75","60,544.75","60,544.75","","0.11%"
"03/01/2018","60,478.05","60,478.05","60,478.05","60,478.05","","0.15%"
"02/01/2018","60,387.35","60,387.35","60,387.35","60,387.35","","-0.06%"
"29/12/2017","60,425.70","60,425.70","60,425.70","60,425.70","","-0.38%"
"28/12/2017","60,654.99","60,654.99","60,654.99","60,654.99","","0.49%"
"27/12/2017","60,357.81","60,357.81","60,357.81","60,357.81","","0.00%"
"22/12/2017","60,356.20","60,356.20","60,356.20","60,356.20","","0.15%"
"21/12/2017","60,263.20","60,263.20","60,263.20","60,263.20","","-0.25%"
"20/12/2017","60,414.96","60,414.96","60,414.96","60,414.96","","0.06%"
"19/12/2017","60,376.86","60,376.86","60,376.86","60,376.86","","0.54%"
"18/12/2017","60,050.12","60,050.12","60,050.12","60,050.12","","0.70%"
"15/12/2017","59,632.89","59,632.89","59,632.89","59,632.89","","-0.24%"
"14/12/2017","59,774.97","59,774.97","59,774.97","59,774.97","","-0.17%"
"13/12/2017","59,877.03","59,877.03","59,877.03","59,877.03","","0.14%"
"12/12/2017","59,791.26","59,791.26","59,791.26","59,791.26","","0.25%"
"11/12/2017","59,640.71","59,640.71","59,640.71","59,640.71","","0.07%"
"08/12/2017","59,601.79","59,601.79","59,601.79","59,601.79","","0.28%"
"07/12/2017","59,436.28","59,436.28","59,436.28","59,436.28","","0.54%"
"06/12/2017","59,115.53","59,115.53","59,115.53","59,115.53","","-0.44%"
"05/12/2017","59,375.18","59,375.18","59,375.18","59,375.18","","-0.22%"
"04/12/2017","59,506.74","59,506.74","59,506.74","59,506.74","","-0.07%"
"01/12/2017","59,548.19","59,548.19","59,548.19","59,548.19","","0.33%"
"30/11/2017","59,350.71","59,350.71","59,350.71","59,350.71","","-0.69%"
"29/11/2017","59,760.53","59,760.53","59,760.53","59,760.53","","0.45%"
"28/11/2017","59,490.69","59,490.69","59,490.69","59,490.69","","-0.07%"
"27/11/2017","59,535.16","59,535.16","59,535.16","59,535.16","","0.10%"
"24/11/2017","59,473.30","59,473.30","59,473.30","59,473.30","","-0.06%"
"23/11/2017","59,507.60","59,507.60","59,507.60","59,507.60","","0.00%"
"22/11/2017","59,506.70","59,506.70","59,506.70","59,506.70","","0.38%"
"21/11/2017","59,279.14","59,279.14","59,279.14","59,279.14","","0.30%"
"20/11/2017","59,101.71","59,101.71","59,101.71","59,101.71","","-0.19%"
"17/11/2017","59,213.83","59,213.83","59,213.83","59,213.83","","0.24%"
"16/11/2017","59,074.72","59,074.72","59,074.72","59,074.72","","0.16%"
"15/11/2017","58,982.52","58,982.52","58,982.52","58,982.52","","-0.58%"
"14/11/2017","59,325.54","59,325.54","59,325.54","59,325.54","","-0.87%"
"13/11/2017","59,848.61","59,848.61","59,848.61","59,848.61","","0.22%"
"10/11/2017","59,716.90","59,716.90","59,716.90","59,716.90","","-0.32%"
"09/11/2017","59,911.36","59,911.36","59,911.36","59,911.36","","0.72%"
"08/11/2017","59,483.85","59,483.85","59,483.85","59,483.85","","0.04%"
"07/11/2017","59,462.90","59,462.90","59,462.90","59,462.90","","1.06%"
"06/11/2017","58,839.67","58,839.67","58,839.67","58,839.67","","-0.10%"
"03/11/2017","58,899.91","58,899.91","58,899.91","58,899.91","","0.47%"
"02/11/2017","58,621.52","58,621.52","58,621.52","58,621.52","","-0.09%"
"01/11/2017","58,675.90","58,675.90","58,675.90","58,675.90","","0.49%"
"31/10/2017","58,391.81","58,391.81","58,391.81","58,391.81","","-0.17%"
"30/10/2017","58,488.57","58,488.57","58,488.57","58,488.57","","0.27%"
"27/10/2017","58,331.24","58,331.24","58,331.24","58,331.24","","-0.22%"
"26/10/2017","58,460.11","58,460.11","58,460.11","58,460.11","","0.18%"
"25/10/2017","58,354.38","58,354.38","58,354.38","58,354.38","","0.14%"
"24/10/2017","58,275.50","58,275.50","58,275.50","58,275.50","","0.06%"
"23/10/2017","58,239.41","58,239.41","58,239.41","58,239.41","","-0.22%"
"20/10/2017","58,368.13","58,368.13","58,368.13","58,368.13","","0.18%"
"19/10/2017","58,260.82","58,260.82","58,260.82","58,260.82","","0.10%"
"18/10/2017","58,204.97","58,204.97","58,204.97","58,204.97","","0.01%"
"17/10/2017","58,196.44","58,196.44","58,196.44","58,196.44","","0.73%"
"16/10/2017","57,773.03","57,773.03","57,773.03","57,773.03","","0.56%"
"13/10/2017","57,450.56","57,450.56","57,450.56","57,450.56","","0.34%"
"12/10/2017","57,256.02","57,256.02","57,256.02","57,256.02","","0.39%"
"11/10/2017","57,034.93","57,034.93","57,034.93","57,034.93","","0.59%"
"10/10/2017","56,698.63","56,698.63","56,698.63","56,698.63","","-0.02%"
"09/10/2017","56,709.97","56,709.97","56,709.97","56,709.97","","0.50%"
"06/10/2017","56,427.55","56,427.55","56,427.55","56,427.55","","1.04%"
"05/10/2017","55,845.47","55,845.47","55,845.47","55,845.47","","0.00%"
"04/10/2017","55,846.69","55,846.69","55,846.69","55,846.69","","-0.87%"
"03/10/2017","56,334.64","56,334.64","56,334.64","56,334.64","","-0.49%"
"02/10/2017","56,609.49","56,609.49","56,609.49","56,609.49","","0.84%"
"29/09/2017","56,137.99","56,137.99","56,137.99","56,137.99","","0.20%"
"28/09/2017","56,027.08","56,027.08","56,027.08","56,027.08","","0.11%"
"27/09/2017","55,963.33","55,963.33","55,963.33","55,963.33","","-0.12%"
"26/09/2017","56,028.98","56,028.98","56,028.98","56,028.98","","-0.22%"
"25/09/2017","56,153.36","56,153.36","56,153.36","56,153.36","","0.03%"
"22/09/2017","56,136.11","56,136.11","56,136.11","56,136.11","","0.47%"
"21/09/2017","55,872.16","55,872.16","55,872.16","55,872.16","","-0.92%"
"20/09/2017","56,393.21","56,393.21","56,393.21","56,393.21","","-0.07%"
"19/09/2017","56,431.15","56,431.15","56,431.15","56,431.15","","-0.11%"
"18/09/2017","56,496.06","56,496.06","56,496.06","56,496.06","","0.45%"
"15/09/2017","56,243.48","56,243.48","56,243.48","56,243.48","","-0.76%"
"14/09/2017","56,674.61","56,674.61","56,674.61","56,674.61","","-0.06%"
"13/09/2017","56,707.40","56,707.40","56,707.40","56,707.40","","-0.02%"
"12/09/2017","56,718.35","56,718.35","56,718.35","56,718.35","","0.62%"
"11/09/2017","56,370.72","56,370.72","56,370.72","56,370.72","","0.74%"
"08/09/2017","55,954.36","55,954.36","55,954.36","55,954.36","","-0.28%"
"07/09/2017","56,109.82","56,109.82","56,109.82","56,109.82","","0.18%"
"06/09/2017","56,008.40","56,008.40","56,008.40","56,008.40","","-0.23%"
"05/09/2017","56,137.62","56,137.62","56,137.62","56,137.62","","0.11%"
"04/09/2017","56,073.66","56,073.66","56,073.66","56,073.66","","-0.37%"
"01/09/2017","56,279.10","56,279.10","56,279.10","56,279.10","","0.24%"
"31/08/2017","56,146.82","56,146.82","56,146.82","56,146.82","","0.80%"
"30/08/2017","55,700.11","55,700.11","55,700.11","55,700.11","","0.14%"
"29/08/2017","55,619.82","55,619.82","55,619.82","55,619.82","","-0.70%"
"28/08/2017","56,014.04","56,014.04","56,014.04","56,014.04","","-0.57%"
"25/08/2017","56,333.68","56,333.68","56,333.68","56,333.68","","-0.02%"
"24/08/2017","56,345.98","56,345.98","56,345.98","56,345.98","","0.20%"
"23/08/2017","56,233.76","56,233.76","56,233.76","56,233.76","","-0.17%"
"22/08/2017","56,332.08","56,332.08","56,332.08","56,332.08","","0.52%"
"21/08/2017","56,039.07","56,039.07","56,039.07","56,039.07","","-0.37%"
"18/08/2017","56,246.06","56,246.06","56,246.06","56,246.06","","-0.55%"
"17/08/2017","56,558.26","56,558.26","56,558.26","56,558.26","","-0.09%"
"16/08/2017","56,611.46","56,611.46","56,611.46","56,611.46","","0.78%"
"15/08/2017","56,174.93","56,174.93","56,174.93","56,174.93","","0.48%"
"14/08/2017","55,907.37","55,907.37","55,907.37","55,907.37","","0.65%"
"11/08/2017","55,543.78","55,543.78","55,543.78","55,543.78","","-1.11%"
"10/08/2017","56,168.11","56,168.11","56,168.11","56,168.11","","-0.04%"
"09/08/2017","56,192.60","56,192.60","56,192.60","56,192.60","","0.38%"
"08/08/2017","55,979.10","55,979.10","55,979.10","55,979.10","","-0.52%"
"07/08/2017","56,269.57","56,269.57","56,269.57","56,269.57","","0.93%"
"04/08/2017","55,753.27","55,753.27","55,753.27","55,753.27","","-0.25%"
"03/08/2017","55,894.98","55,894.98","55,894.98","55,894.98","","-0.16%"
"02/08/2017","55,983.48","55,983.48","55,983.48","55,983.48","","-0.49%"
"01/08/2017","56,258.01","56,258.01","56,258.01","56,258.01","","0.91%"
"31/07/2017","55,753.35","55,753.35","55,753.35","55,753.35","","0.31%"
"28/07/2017","55,580.13","55,580.13","55,580.13","55,580.13","","-1.42%"
"27/07/2017","56,381.18","56,381.18","56,381.18","56,381.18","","0.15%"
"26/07/2017","56,299.46","56,299.46","56,299.46","56,299.46","","0.87%"
"25/07/2017","55,811.89","55,811.89","55,811.89","55,811.89","","0.68%"
"24/07/2017","55,435.36","55,435.36","55,435.36","55,435.36","","-0.61%"
"21/07/2017","55,774.22","55,774.22","55,774.22","55,774.22","","-0.67%"
"20/07/2017","56,150.53","56,150.53","56,150.53","56,150.53","","0.51%"
"19/07/2017","55,864.71","55,864.71","55,864.71","55,864.71","","0.79%"
"18/07/2017","55,428.74","55,428.74","55,428.74","55,428.74","","-1.18%"
"17/07/2017","56,092.21","56,092.21","56,092.21","56,092.21","","-0.17%"
"14/07/2017","56,186.25","56,186.25","56,186.25","56,186.25","","0.49%"
"13/07/2017","55,909.95","55,909.95","55,909.95","55,909.95","","1.11%"
"12/07/2017","55,296.58","55,296.58","55,296.58","55,296.58","","-0.96%"
"11/07/2017","55,833.52","55,833.52","55,833.52","55,833.52","","0.08%"
"10/07/2017","55,789.76","55,789.76","55,789.76","55,789.76","","0.37%"
"07/07/2017","55,586.38","55,586.38","55,586.38","55,586.38","","-0.96%"
"06/07/2017","56,124.31","56,124.31","56,124.31","56,124.31","","-0.07%"
"05/07/2017","56,165.52","56,165.52","56,165.52","56,165.52","","-0.36%"
"04/07/2017","56,365.94","56,365.94","56,365.94","56,365.94","","1.75%"
"03/07/2017","55,397.90","55,397.90","55,397.90","55,397.90","","-0.65%"
"30/06/2017","55,758.56","55,758.56","55,758.56","55,758.56","","-1.66%"
"29/06/2017","56,698.75","56,698.75","56,698.75","56,698.75","","1.28%"
"28/06/2017","55,979.53","55,979.53","55,979.53","55,979.53","","0.73%"
"27/06/2017","55,575.86","55,575.86","55,575.86","55,575.86","","-0.10%"
"26/06/2017","55,633.90","55,633.90","55,633.90","55,633.90","","0.07%"
"23/06/2017","55,592.21","55,592.21","55,592.21","55,592.21","","0.17%"
"22/06/2017","55,495.70","55,495.70","55,495.70","55,495.70","","0.71%"
"21/06/2017","55,103.47","55,103.47","55,103.47","55,103.47","","-1.59%"
"20/06/2017","55,993.68","55,993.68","55,993.68","55,993.68","","-0.83%"
"19/06/2017","56,459.75","56,459.75","56,459.75","56,459.75","","0.54%"
"16/06/2017","56,156.89","56,156.89","56,156.89","56,156.89","","0.19%"
"15/06/2017","56,051.42","56,051.42","56,051.42","56,051.42","","-1.21%"
"14/06/2017","56,738.56","56,738.56","56,738.56","56,738.56","","1.06%"
"13/06/2017","56,143.15","56,143.15","56,143.15","56,143.15","","1.68%"
"09/06/2017","55,217.39","55,217.39","55,217.39","55,217.39","","0.02%"
"08/06/2017","55,205.66","55,205.66","55,205.66","55,205.66","","0.17%"
"07/06/2017","55,113.99","55,113.99","55,113.99","55,113.99","","0.01%"
"06/06/2017","55,109.36","55,109.36","55,109.36","55,109.36","","-1.52%"
"05/06/2017","55,959.14","55,959.14","55,959.14","55,959.14","","-0.57%"
"02/06/2017","56,282.44","56,282.44","56,282.44","56,282.44","","0.87%"
"01/06/2017","55,796.38","55,796.38","55,796.38","55,796.38","","0.24%"
"31/05/2017","55,661.89","55,661.89","55,661.89","55,661.89","","0.12%"
"30/05/2017","55,593.62","55,593.62","55,593.62","55,593.62","","0.20%"
"29/05/2017","55,485.20","55,485.20","55,485.20","55,485.20","","-0.78%"
"26/05/2017","55,918.73","55,918.73","55,918.73","55,918.73","","-0.66%"
"25/05/2017","56,287.82","56,287.82","56,287.82","56,287.82","","0.36%"
"24/05/2017","56,085.83","56,085.83","56,085.83","56,085.83","","0.16%"
"23/05/2017","55,995.79","55,995.79","55,995.79","55,995.79","","-0.19%"
"22/05/2017","56,102.86","56,102.86","56,102.86","56,102.86","","0.77%"
"19/05/2017","55,674.34","55,674.34","55,674.34","55,674.34","","-0.19%"
"18/05/2017","55,780.33","55,780.33","55,780.33","55,780.33","","-0.62%"
"17/05/2017","56,126.20","56,126.20","56,126.20","56,126.20","","-1.10%"
"16/05/2017","56,751.77","56,751.77","56,751.77","56,751.77","","0.44%"
"15/05/2017","56,502.10","56,502.10","56,502.10","56,502.10","","0.03%"
"12/05/2017","56,487.58","56,487.58","56,487.58","56,487.58","","-0.70%"
"11/05/2017","56,888.57","56,888.57","56,888.57","56,888.57","","0.05%"
"10/05/2017","56,860.53","56,860.53","56,860.53","56,860.53","","0.61%"
"09/05/2017","56,515.69","56,515.69","56,515.69","56,515.69","","-0.53%"
"08/05/2017","56,815.60","56,815.60","56,815.60","56,815.60","","0.74%"
"05/05/2017","56,397.60","56,397.60","56,397.60","56,397.60","","-0.68%"
"04/05/2017","56,782.31","56,782.31","56,782.31","56,782.31","","-0.26%"
"03/05/2017","56,932.09","56,932.09","56,932.09","56,932.09","","-0.98%"
"02/05/2017","57,492.71","57,492.71","57,492.71","57,492.71","","-0.10%"
"01/05/2017","57,552.21","57,552.21","57,552.21","57,552.21","","0.55%"
"28/04/2017","57,238.59","57,238.59","57,238.59","57,238.59","","0.04%"
"27/04/2017","57,213.63","57,213.63","57,213.63","57,213.63","","0.16%"
"26/04/2017","57,121.47","57,121.47","57,121.47","57,121.47","","0.69%"
"24/04/2017","56,732.55","56,732.55","56,732.55","56,732.55","","0.30%"
"21/04/2017","56,562.08","56,562.08","56,562.08","56,562.08","","0.56%"
"20/04/2017","56,245.64","56,245.64","56,245.64","56,245.64","","0.31%"
"19/04/2017","56,072.36","56,072.36","56,072.36","56,072.36","","-0.56%"
"18/04/2017","56,388.57","56,388.57","56,388.57","56,388.57","","-0.90%"
"13/04/2017","56,901.62","56,901.62","56,901.62","56,901.62","","-0.74%"
"12/04/2017","57,326.78","57,326.78","57,326.78","57,326.78","","0.08%"
"11/04/2017","57,281.52","57,281.52","57,281.52","57,281.52","","0.28%"
"10/04/2017","57,123.18","57,123.18","57,123.18","57,123.18","","0.86%"
"07/04/2017","56,635.67","56,635.67","56,635.67","56,635.67","","0.11%"
"06/04/2017","56,575.93","56,575.93","56,575.93","56,575.93","","-0.33%"
"05/04/2017","56,763.30","56,763.30","56,763.30","56,763.30","","0.34%"
"04/04/2017","56,573.54","56,573.54","56,573.54","56,573.54","","-0.27%"
"03/04/2017","56,729.36","56,729.36","56,729.36","56,729.36","","0.14%"
"31/03/2017","56,652.87","56,652.87","56,652.87","56,652.87","","-0.53%"
"30/03/2017","56,955.44","56,955.44","56,955.44","56,955.44","","0.39%"
"29/03/2017","56,731.61","56,731.61","56,731.61","56,731.61","","0.90%"
"28/03/2017","56,226.61","56,226.61","56,226.61","56,226.61","","1.30%"
"27/03/2017","55,503.80","55,503.80","55,503.80","55,503.80","","-0.11%"
"24/03/2017","55,567.61","55,567.61","55,567.61","55,567.61","","0.80%"
"23/03/2017","55,126.39","55,126.39","55,126.39","55,126.39","","0.42%"
"22/03/2017","54,896.54","54,896.54","54,896.54","54,896.54","","-1.55%"
"21/03/2017","55,762.29","55,762.29","55,762.29","55,762.29","","-0.07%"
"20/03/2017","55,803.45","55,803.45","55,803.45","55,803.45","","-0.35%"
"17/03/2017","56,002.02","56,002.02","56,002.02","56,002.02","","0.24%"
"16/03/2017","55,865.34","55,865.34","55,865.34","55,865.34","","0.21%"
"15/03/2017","55,749.17","55,749.17","55,749.17","55,749.17","","0.29%"
"14/03/2017","55,587.79","55,587.79","55,587.79","55,587.79","","0.03%"
"13/03/2017","55,568.60","55,568.60","55,568.60","55,568.60","","-0.31%"
"10/03/2017","55,743.30","55,743.30","55,743.30","55,743.30","","0.60%"
"09/03/2017","55,411.17","55,411.17","55,411.17","55,411.17","","-0.14%"
"08/03/2017","55,488.70","55,488.70","55,488.70","55,488.70","","0.00%"
"07/03/2017","55,488.82","55,488.82","55,488.82","55,488.82","","0.30%"
"06/03/2017","55,322.81","55,322.81","55,322.81","55,322.81","","0.32%"
"03/03/2017","55,146.44","55,146.44","55,146.44","55,146.44","","-0.80%"
"02/03/2017","55,589.44","55,589.44","55,589.44","55,589.44","","1.37%"
"01/03/2017","54,837.39","54,837.39","54,837.39","54,837.39","","0.01%"
"28/02/2017","54,830.25","54,830.25","54,830.25","54,830.25","","-0.18%"
"27/02/2017","54,927.78","54,927.78","54,927.78","54,927.78","","-0.23%"
"24/02/2017","55,052.61","55,052.61","55,052.61","55,052.61","","-0.76%"
"23/02/2017","55,476.08","55,476.08","55,476.08","55,476.08","","-0.28%"
"22/02/2017","55,631.28","55,631.28","55,631.28","55,631.28","","0.49%"
"21/02/2017","55,357.43","55,357.43","55,357.43","55,357.43","","-0.02%"
"20/02/2017","55,368.89","55,368.89","55,368.89","55,368.89","","-0.11%"
"17/02/2017","55,429.06","55,429.06","55,429.06","55,429.06","","-0.18%"
"16/02/2017","55,527.86","55,527.86","55,527.86","55,527.86","","0.12%"
"15/02/2017","55,458.74","55,458.74","55,458.74","55,458.74","","0.94%"
"14/02/2017","54,942.95","54,942.95","54,942.95","54,942.95","","-0.09%"
"13/02/2017","54,993.54","54,993.54","54,993.54","54,993.54","","0.76%"
"10/02/2017","54,579.30","54,579.30","54,579.30","54,579.30","","0.99%"
"09/02/2017","54,045.07","54,045.07","54,045.07","54,045.07","","0.23%"
"08/02/2017","53,918.70","53,918.70","53,918.70","53,918.70","","0.53%"
"07/02/2017","53,636.82","53,636.82","53,636.82","53,636.82","","0.12%"
"06/02/2017","53,572.54","53,572.54","53,572.54","53,572.54","","-0.11%"
"03/02/2017","53,629.82","53,629.82","53,629.82","53,629.82","","-0.42%"
"02/02/2017","53,857.37","53,857.37","53,857.37","53,857.37","","-0.14%"
"01/02/2017","53,931.13","53,931.13","53,931.13","53,931.13","","0.57%"
"31/01/2017","53,623.43","53,623.43","53,623.43","53,623.43","","-0.72%"
"30/01/2017","54,010.78","54,010.78","54,010.78","54,010.78","","-0.92%"
"27/01/2017","54,511.41","54,511.41","54,511.41","54,511.41","","0.75%"
"25/01/2017","54,106.17","54,106.17","54,106.17","54,106.17","","0.38%"
"24/01/2017","53,901.88","53,901.88","53,901.88","53,901.88","","0.70%"
"23/01/2017","53,528.60","53,528.60","53,528.60","53,528.60","","-0.77%"
"20/01/2017","53,946.24","53,946.24","53,946.24","53,946.24","","-0.66%"
"19/01/2017","54,303.36","54,303.36","54,303.36","54,303.36","","0.24%"
"18/01/2017","54,174.45","54,174.45","54,174.45","54,174.45","","-0.36%"
"17/01/2017","54,371.61","54,371.61","54,371.61","54,371.61","","-0.85%"
"16/01/2017","54,838.38","54,838.38","54,838.38","54,838.38","","0.48%"
"13/01/2017","54,577.72","54,577.72","54,577.72","54,577.72","","-0.79%"
"12/01/2017","55,014.04","55,014.04","55,014.04","55,014.04","","-0.08%"
"11/01/2017","55,058.18","55,058.18","55,058.18","55,058.18","","0.19%"
"10/01/2017","54,955.35","54,955.35","54,955.35","54,955.35","","-0.80%"
"09/01/2017","55,401.26","55,401.26","55,401.26","55,401.26","","0.90%"
"06/01/2017","54,906.50","54,906.50","54,906.50","54,906.50","","0.04%"
"05/01/2017","54,885.21","54,885.21","54,885.21","54,885.21","","0.30%"
"04/01/2017","54,723.60","54,723.60","54,723.60","54,723.60","","0.06%"
"03/01/2017","54,692.82","54,692.82","54,692.82","54,692.82","","1.19%"
"30/12/2016","54,049.93","54,049.93","54,049.93","54,049.93","","-0.58%"
"29/12/2016","54,367.38","54,367.38","54,367.38","54,367.38","","0.45%"
"28/12/2016","54,122.52","54,122.52","54,122.52","54,122.52","","1.01%"
"23/12/2016","53,579.15","53,579.15","53,579.15","53,579.15","","-0.28%"
"22/12/2016","53,731.45","53,731.45","53,731.45","53,731.45","","0.54%"
"21/12/2016","53,441.34","53,441.34","53,441.34","53,441.34","","0.40%"
"20/12/2016","53,228.12","53,228.12","53,228.12","53,228.12","","0.53%"
"19/12/2016","52,949.90","52,949.90","52,949.90","52,949.90","","0.53%"
"16/12/2016","52,672.37","52,672.37","52,672.37","52,672.37","","-0.10%"
"15/12/2016","52,726.14","52,726.14","52,726.14","52,726.14","","-0.82%"
"14/12/2016","53,163.65","53,163.65","53,163.65","53,163.65","","0.72%"
"13/12/2016","52,785.53","52,785.53","52,785.53","52,785.53","","-0.32%"
"12/12/2016","52,954.81","52,954.81","52,954.81","52,954.81","","0.04%"
"09/12/2016","52,933.54","52,933.54","52,933.54","52,933.54","","0.31%"
"08/12/2016","52,771.84","52,771.84","52,771.84","52,771.84","","1.20%"
"07/12/2016","52,146.61","52,146.61","52,146.61","52,146.61","","0.91%"
"06/12/2016","51,676.26","51,676.26","51,676.26","51,676.26","","0.52%"
"05/12/2016","51,406.97","51,406.97","51,406.97","51,406.97","","-0.79%"
"02/12/2016","51,817.52","51,817.52","51,817.52","51,817.52","","-1.02%"
"01/12/2016","52,352.68","52,352.68","52,352.68","52,352.68","","1.10%"
"30/11/2016","51,783.78","51,783.78","51,783.78","51,783.78","","-0.31%"
"29/11/2016","51,945.85","51,945.85","51,945.85","51,945.85","","-0.13%"
"28/11/2016","52,011.30","52,011.30","52,011.30","52,011.30","","-0.79%"
"25/11/2016","52,423.85","52,423.85","52,423.85","52,423.85","","0.41%"
"24/11/2016","52,207.73","52,207.73","52,207.73","52,207.73","","0.02%"
"23/11/2016","52,198.18","52,198.18","52,198.18","52,198.18","","1.31%"
"22/11/2016","51,522.18","51,522.18","51,522.18","51,522.18","","1.16%"
"21/11/2016","50,932.12","50,932.12","50,932.12","50,932.12","","-0.15%"
"18/11/2016","51,009.01","51,009.01","51,009.01","51,009.01","","0.39%"
"17/11/2016","50,810.31","50,810.31","50,810.31","50,810.31","","0.20%"
"16/11/2016","50,706.90","50,706.90","50,706.90","50,706.90","","0.03%"
"15/11/2016","50,691.17","50,691.17","50,691.17","50,691.17","","-0.36%"
"14/11/2016","50,874.26","50,874.26","50,874.26","50,874.26","","-0.08%"
"11/11/2016","50,913.49","50,913.49","50,913.49","50,913.49","","0.79%"
"10/11/2016","50,513.86","50,513.86","50,513.86","50,513.86","","3.35%"
"09/11/2016","48,876.97","48,876.97","48,876.97","48,876.97","","-1.92%"
"08/11/2016","49,834.67","49,834.67","49,834.67","49,834.67","","0.18%"
"07/11/2016","49,745.13","49,745.13","49,745.13","49,745.13","","1.35%"
"04/11/2016","49,082.16","49,082.16","49,082.16","49,082.16","","-0.66%"
"03/11/2016","49,410.57","49,410.57","49,410.57","49,410.57","","-0.06%"
"02/11/2016","49,442.64","49,442.64","49,442.64","49,442.64","","-1.16%"
"01/11/2016","50,023.93","50,023.93","50,023.93","50,023.93","","-0.51%"
"31/10/2016","50,281.70","50,281.70","50,281.70","50,281.70","","0.65%"
"28/10/2016","49,957.59","49,957.59","49,957.59","49,957.59","","-0.22%"
"27/10/2016","50,067.41","50,067.41","50,067.41","50,067.41","","-1.19%"
"26/10/2016","50,669.70","50,669.70","50,669.70","50,669.70","","-1.53%"
"25/10/2016","51,454.65","51,454.65","51,454.65","51,454.65","","0.64%"
"24/10/2016","51,129.98","51,129.98","51,129.98","51,129.98","","-0.40%"
"21/10/2016","51,336.37","51,336.37","51,336.37","51,336.37","","-0.22%"
"20/10/2016","51,448.18","51,448.18","51,448.18","51,448.18","","0.12%"
"19/10/2016","51,384.07","51,384.07","51,384.07","51,384.07","","0.45%"
"18/10/2016","51,151.42","51,151.42","51,151.42","51,151.42","","0.41%"
"17/10/2016","50,942.29","50,942.29","50,942.29","50,942.29","","-0.83%"
"14/10/2016","51,370.18","51,370.18","51,370.18","51,370.18","","-0.03%"
"13/10/2016","51,384.46","51,384.46","51,384.46","51,384.46","","-0.71%"
"12/10/2016","51,753.38","51,753.38","51,753.38","51,753.38","","-0.09%"
"11/10/2016","51,802.41","51,802.41","51,802.41","51,802.41","","0.08%"
"10/10/2016","51,761.09","51,761.09","51,761.09","51,761.09","","0.15%"
"07/10/2016","51,685.07","51,685.07","51,685.07","51,685.07","","-0.29%"
"06/10/2016","51,832.93","51,832.93","51,832.93","51,832.93","","0.55%"
"05/10/2016","51,547.20","51,547.20","51,547.20","51,547.20","","-0.57%"
"04/10/2016","51,840.99","51,840.99","51,840.99","51,840.99","","0.10%"
"03/10/2016","51,788.64","51,788.64","51,788.64","51,788.64","","0.78%"
"30/09/2016","51,386.01","51,386.01","51,386.01","51,386.01","","-0.64%"
"29/09/2016","51,719.22","51,719.22","51,719.22","51,719.22","","1.10%"
"28/09/2016","51,158.03","51,158.03","51,158.03","51,158.03","","0.12%"
"27/09/2016","51,095.07","51,095.07","51,095.07","51,095.07","","-0.47%"
"26/09/2016","51,333.82","51,333.82","51,333.82","51,333.82","","0.00%"
"23/09/2016","51,332.65","51,332.65","51,332.65","51,332.65","","1.06%"
"22/09/2016","50,795.44","50,795.44","50,795.44","50,795.44","","0.67%"
"21/09/2016","50,457.00","50,457.00","50,457.00","50,457.00","","0.69%"
"20/09/2016","50,110.93","50,110.93","50,110.93","50,110.93","","0.17%"
"19/09/2016","50,026.26","50,026.26","50,026.26","50,026.26","","-0.03%"
"16/09/2016","50,042.36","50,042.36","50,042.36","50,042.36","","1.08%"
"15/09/2016","49,505.36","49,505.36","49,505.36","49,505.36","","0.25%"
"14/09/2016","49,381.49","49,381.49","49,381.49","49,381.49","","0.39%"
"13/09/2016","49,189.33","49,189.33","49,189.33","49,189.33","","-0.19%"
"12/09/2016","49,282.77","49,282.77","49,282.77","49,282.77","","-2.23%"
"09/09/2016","50,405.66","50,405.66","50,405.66","50,405.66","","-0.86%"
"08/09/2016","50,842.29","50,842.29","50,842.29","50,842.29","","-0.64%"
"07/09/2016","51,170.55","51,170.55","51,170.55","51,170.55","","0.24%"
"06/09/2016","51,046.58","51,046.58","51,046.58","51,046.58","","-0.22%"
"05/09/2016","51,156.95","51,156.95","51,156.95","51,156.95","","1.07%"
"02/09/2016","50,613.11","50,613.11","50,613.11","50,613.11","","-0.77%"
"01/09/2016","51,007.58","51,007.58","51,007.58","51,007.58","","-0.26%"
"31/08/2016","51,139.04","51,139.04","51,139.04","51,139.04","","-0.77%"
"30/08/2016","51,536.89","51,536.89","51,536.89","51,536.89","","0.18%"
"29/08/2016","51,443.18","51,443.18","51,443.18","51,443.18","","-0.72%"
"26/08/2016","51,817.82","51,817.82","51,817.82","51,817.82","","-0.48%"
"25/08/2016","52,065.84","52,065.84","52,065.84","52,065.84","","-0.33%"
"24/08/2016","52,237.27","52,237.27","52,237.27","52,237.27","","0.30%"
"23/08/2016","52,080.80","52,080.80","52,080.80","52,080.80","","0.71%"
"22/08/2016","51,715.02","51,715.02","51,715.02","51,715.02","","-0.21%"
"19/08/2016","51,823.18","51,823.18","51,823.18","51,823.18","","0.35%"
"18/08/2016","51,642.91","51,642.91","51,642.91","51,642.91","","-0.49%"
"17/08/2016","51,897.51","51,897.51","51,897.51","51,897.51","","0.33%"
"16/08/2016","51,728.09","51,728.09","51,728.09","51,728.09","","-0.14%"
"15/08/2016","51,798.39","51,798.39","51,798.39","51,798.39","","0.16%"
"12/08/2016","51,713.74","51,713.74","51,713.74","51,713.74","","0.49%"
"11/08/2016","51,462.06","51,462.06","51,462.06","51,462.06","","-0.61%"
"10/08/2016","51,775.36","51,775.36","51,775.36","51,775.36","","-0.15%"
"09/08/2016","51,854.34","51,854.34","51,854.34","51,854.34","","0.27%"
"08/08/2016","51,717.01","51,717.01","51,717.01","51,717.01","","0.74%"
"05/08/2016","51,339.41","51,339.41","51,339.41","51,339.41","","0.39%"
"04/08/2016","51,137.70","51,137.70","51,137.70","51,137.70","","0.18%"
"03/08/2016","51,043.44","51,043.44","51,043.44","51,043.44","","-1.35%"
"02/08/2016","51,742.19","51,742.19","51,742.19","51,742.19","","-0.84%"
"01/08/2016","52,179.75","52,179.75","52,179.75","52,179.75","","0.45%"
"29/07/2016","51,945.96","51,945.96","51,945.96","51,945.96","","0.10%"
"28/07/2016","51,891.77","51,891.77","51,891.77","51,891.77","","0.30%"
"27/07/2016","51,734.29","51,734.29","51,734.29","51,734.29","","0.04%"
"26/07/2016","51,713.57","51,713.57","51,713.57","51,713.57","","0.07%"
"25/07/2016","51,677.05","51,677.05","51,677.05","51,677.05","","0.64%"
"22/07/2016","51,346.68","51,346.68","51,346.68","51,346.68","","-0.26%"
"21/07/2016","51,479.38","51,479.38","51,479.38","51,479.38","","0.43%"
"20/07/2016","51,258.29","51,258.29","51,258.29","51,258.29","","0.69%"
"19/07/2016","50,908.36","50,908.36","50,908.36","50,908.36","","-0.13%"
"18/07/2016","50,975.74","50,975.74","50,975.74","50,975.74","","0.53%"
"15/07/2016","50,705.87","50,705.87","50,705.87","50,705.87","","0.33%"
"14/07/2016","50,538.12","50,538.12","50,538.12","50,538.12","","0.43%"
"13/07/2016","50,322.65","50,322.65","50,322.65","50,322.65","","0.66%"
"12/07/2016","49,992.82","49,992.82","49,992.82","49,992.82","","0.30%"
"11/07/2016","49,842.35","49,842.35","49,842.35","49,842.35","","2.04%"
"08/07/2016","48,847.14","48,847.14","48,847.14","48,847.14","","0.05%"
"07/07/2016","48,822.68","48,822.68","48,822.68","48,822.68","","0.58%"
"06/07/2016","48,539.05","48,539.05","48,539.05","48,539.05","","-0.58%"
"05/07/2016","48,822.62","48,822.62","48,822.62","48,822.62","","-1.02%"
"04/07/2016","49,324.81","49,324.81","49,324.81","49,324.81","","0.67%"
"01/07/2016","48,995.96","48,995.96","48,995.96","48,995.96","","0.25%"
"30/06/2016","48,872.37","48,872.37","48,872.37","48,872.37","","1.77%"
"29/06/2016","48,022.27","48,022.27","48,022.27","48,022.27","","0.99%"
"28/06/2016","47,550.96","47,550.96","47,550.96","47,550.96","","-0.66%"
"27/06/2016","47,867.35","47,867.35","47,867.35","47,867.35","","0.47%"
"24/06/2016","47,643.27","47,643.27","47,643.27","47,643.27","","-3.17%"
"23/06/2016","49,204.02","49,204.02","49,204.02","49,204.02","","0.18%"
"22/06/2016","49,113.29","49,113.29","49,113.29","49,113.29","","-0.06%"
"21/06/2016","49,145.11","49,145.11","49,145.11","49,145.11","","0.33%"
"20/06/2016","48,981.08","48,981.08","48,981.08","48,981.08","","1.82%"
"17/06/2016","48,104.34","48,104.34","48,104.34","48,104.34","","0.33%"
"16/06/2016","47,948.14","47,948.14","47,948.14","47,948.14","","-0.02%"
"15/06/2016","47,957.69","47,957.69","47,957.69","47,957.69","","-1.08%"
"14/06/2016","48,481.39","48,481.39","48,481.39","48,481.39","","-2.06%"
"10/06/2016","49,500.11","49,500.11","49,500.11","49,500.11","","-0.92%"
"09/06/2016","49,959.83","49,959.83","49,959.83","49,959.83","","-0.15%"
"08/06/2016","50,034.48","50,034.48","50,034.48","50,034.48","","-0.01%"
"07/06/2016","50,037.08","50,037.08","50,037.08","50,037.08","","0.20%"
"06/06/2016","49,938.30","49,938.30","49,938.30","49,938.30","","0.78%"
"03/06/2016","49,551.36","49,551.36","49,551.36","49,551.36","","0.76%"
"02/06/2016","49,177.45","49,177.45","49,177.45","49,177.45","","-0.83%"
"01/06/2016","49,589.98","49,589.98","49,589.98","49,589.98","","-1.02%"
"31/05/2016","50,101.44","50,101.44","50,101.44","50,101.44","","-0.54%"
"30/05/2016","50,373.13","50,373.13","50,373.13","50,373.13","","0.04%"
"27/05/2016","50,353.53","50,353.53","50,353.53","50,353.53","","0.33%"
"26/05/2016","50,187.51","50,187.51","50,187.51","50,187.51","","0.29%"
"25/05/2016","50,041.35","50,041.35","50,041.35","50,041.35","","1.45%"
"24/05/2016","49,324.71","49,324.71","49,324.71","49,324.71","","-0.44%"
"23/05/2016","49,542.41","49,542.41","49,542.41","49,542.41","","-0.60%"
"20/05/2016","49,839.82","49,839.82","49,839.82","49,839.82","","0.53%"
"19/05/2016","49,579.38","49,579.38","49,579.38","49,579.38","","-0.61%"
"18/05/2016","49,882.46","49,882.46","49,882.46","49,882.46","","-0.73%"
"17/05/2016","50,251.43","50,251.43","50,251.43","50,251.43","","0.93%"
"16/05/2016","49,786.81","49,786.81","49,786.81","49,786.81","","0.56%"
"13/05/2016","49,508.50","49,508.50","49,508.50","49,508.50","","-0.57%"
"12/05/2016","49,790.13","49,790.13","49,790.13","49,790.13","","-0.02%"
"11/05/2016","49,799.57","49,799.57","49,799.57","49,799.57","","0.55%"
"10/05/2016","49,526.05","49,526.05","49,526.05","49,526.05","","0.42%"
"09/05/2016","49,321.29","49,321.29","49,321.29","49,321.29","","0.71%"
"06/05/2016","48,973.66","48,973.66","48,973.66","48,973.66","","0.25%"
"05/05/2016","48,853.45","48,853.45","48,853.45","48,853.45","","0.16%"
"04/05/2016","48,776.88","48,776.88","48,776.88","48,776.88","","-1.54%"
"03/05/2016","49,542.18","49,542.18","49,542.18","49,542.18","","2.11%"
"02/05/2016","48,516.23","48,516.23","48,516.23","48,516.23","","-0.18%"
"29/04/2016","48,601.81","48,601.81","48,601.81","48,601.81","","0.51%"
"28/04/2016","48,353.92","48,353.92","48,353.92","48,353.92","","0.74%"
"27/04/2016","47,999.84","47,999.84","47,999.84","47,999.84","","-0.63%"
"26/04/2016","48,304.61","48,304.61","48,304.61","48,304.61","","-0.30%"
"22/04/2016","48,450.07","48,450.07","48,450.07","48,450.07","","-0.69%"
"21/04/2016","48,786.38","48,786.38","48,786.38","48,786.38","","1.09%"
"20/04/2016","48,260.46","48,260.46","48,260.46","48,260.46","","0.52%"
"19/04/2016","48,009.35","48,009.35","48,009.35","48,009.35","","1.01%"
"18/04/2016","47,530.46","47,530.46","47,530.46","47,530.46","","-0.39%"
"15/04/2016","47,718.72","47,718.72","47,718.72","47,718.72","","0.76%"
"14/04/2016","47,359.14","47,359.14","47,359.14","47,359.14","","1.27%"
"13/04/2016","46,767.30","46,767.30","46,767.30","46,767.30","","1.59%"
"12/04/2016","46,036.28","46,036.28","46,036.28","46,036.28","","0.89%"
"11/04/2016","45,628.12","45,628.12","45,628.12","45,628.12","","-0.12%"
"08/04/2016","45,683.98","45,683.98","45,683.98","45,683.98","","-0.53%"
"07/04/2016","45,928.82","45,928.82","45,928.82","45,928.82","","0.38%"
"06/04/2016","45,756.89","45,756.89","45,756.89","45,756.89","","0.44%"
"05/04/2016","45,556.60","45,556.60","45,556.60","45,556.60","","-1.41%"
"04/04/2016","46,209.44","46,209.44","46,209.44","46,209.44","","-0.08%"
"01/04/2016","46,247.06","46,247.06","46,247.06","46,247.06","","-1.64%"
"31/03/2016","47,018.56","47,018.56","47,018.56","47,018.56","","1.45%"
"30/03/2016","46,345.54","46,345.54","46,345.54","46,345.54","","0.12%"
"29/03/2016","46,291.38","46,291.38","46,291.38","46,291.38","","-1.57%"
"24/03/2016","47,028.51","47,028.51","47,028.51","47,028.51","","-1.13%"
"23/03/2016","47,564.96","47,564.96","47,564.96","47,564.96","","-0.43%"
"22/03/2016","47,771.75","47,771.75","47,771.75","47,771.75","","0.01%"
"21/03/2016","47,765.59","47,765.59","47,765.59","47,765.59","","-0.32%"
"18/03/2016","47,918.39","47,918.39","47,918.39","47,918.39","","0.29%"
"17/03/2016","47,777.57","47,777.57","47,777.57","47,777.57","","0.97%"
"16/03/2016","47,316.29","47,316.29","47,316.29","47,316.29","","0.16%"
"15/03/2016","47,242.88","47,242.88","47,242.88","47,242.88","","-1.42%"
"14/03/2016","47,924.56","47,924.56","47,924.56","47,924.56","","0.37%"
"11/03/2016","47,748.35","47,748.35","47,748.35","47,748.35","","0.32%"
"10/03/2016","47,596.75","47,596.75","47,596.75","47,596.75","","-0.03%"
"09/03/2016","47,609.14","47,609.14","47,609.14","47,609.14","","1.00%"
"08/03/2016","47,139.45","47,139.45","47,139.45","47,139.45","","-0.66%"
"07/03/2016","47,451.67","47,451.67","47,451.67","47,451.67","","1.04%"
"04/03/2016","46,964.60","46,964.60","46,964.60","46,964.60","","0.19%"
"03/03/2016","46,875.01","46,875.01","46,875.01","46,875.01","","1.20%"
"02/03/2016","46,317.15","46,317.15","46,317.15","46,317.15","","2.09%"
"01/03/2016","45,368.46","45,368.46","45,368.46","45,368.46","","1.06%"
"29/02/2016","44,893.36","44,893.36","44,893.36","44,893.36","","0.15%"
"26/02/2016","44,827.79","44,827.79","44,827.79","44,827.79","","0.01%"
"25/02/2016","44,824.71","44,824.71","44,824.71","44,824.71","","0.13%"
"24/02/2016","44,767.05","44,767.05","44,767.05","44,767.05","","-2.04%"
"23/02/2016","45,699.97","45,699.97","45,699.97","45,699.97","","-0.36%"
"22/02/2016","45,865.89","45,865.89","45,865.89","45,865.89","","1.02%"
"19/02/2016","45,401.12","45,401.12","45,401.12","45,401.12","","-0.78%"
"18/02/2016","45,758.95","45,758.95","45,758.95","45,758.95","","2.29%"
"17/02/2016","44,735.54","44,735.54","44,735.54","44,735.54","","-0.56%"
"16/02/2016","44,987.21","44,987.21","44,987.21","44,987.21","","1.65%"
"15/02/2016","44,255.84","44,255.84","44,255.84","44,255.84","","1.64%"
"12/02/2016","43,542.09","43,542.09","43,542.09","43,542.09","","-1.16%"
"11/02/2016","44,051.32","44,051.32","44,051.32","44,051.32","","1.03%"
"10/02/2016","43,604.03","43,604.03","43,604.03","43,604.03","","-1.17%"
"09/02/2016","44,118.95","44,118.95","44,118.95","44,118.95","","-2.87%"
"08/02/2016","45,422.76","45,422.76","45,422.76","45,422.76","","-0.02%"
"05/02/2016","45,429.91","45,429.91","45,429.91","45,429.91","","-0.08%"
"04/02/2016","45,468.10","45,468.10","45,468.10","45,468.10","","2.12%"
"03/02/2016","44,522.27","44,522.27","44,522.27","44,522.27","","-2.33%"
"02/02/2016","45,586.45","45,586.45","45,586.45","45,586.45","","-1.00%"
"01/02/2016","46,045.36","46,045.36","46,045.36","46,045.36","","0.76%"
"29/01/2016","45,697.84","45,697.84","45,697.84","45,697.84","","0.59%"
"28/01/2016","45,429.80","45,429.80","45,429.80","45,429.80","","0.60%"
"27/01/2016","45,157.88","45,157.88","45,157.88","45,157.88","","-1.20%"
"25/01/2016","45,706.76","45,706.76","45,706.76","45,706.76","","1.84%"
"22/01/2016","44,879.55","44,879.55","44,879.55","44,879.55","","1.07%"
"21/01/2016","44,405.28","44,405.28","44,405.28","44,405.28","","0.46%"
"20/01/2016","44,200.07","44,200.07","44,200.07","44,200.07","","-1.26%"
"19/01/2016","44,761.92","44,761.92","44,761.92","44,761.92","","0.91%"
"18/01/2016","44,356.88","44,356.88","44,356.88","44,356.88","","-0.70%"
"15/01/2016","44,668.18","44,668.18","44,668.18","44,668.18","","-0.34%"
"14/01/2016","44,818.75","44,818.75","44,818.75","44,818.75","","-1.57%"
"13/01/2016","45,531.35","45,531.35","45,531.35","45,531.35","","1.27%"
"12/01/2016","44,962.53","44,962.53","44,962.53","44,962.53","","-0.14%"
"11/01/2016","45,027.39","45,027.39","45,027.39","45,027.39","","-1.17%"
"08/01/2016","45,562.38","45,562.38","45,562.38","45,562.38","","-0.39%"
"07/01/2016","45,740.40","45,740.40","45,740.40","45,740.40","","-2.20%"
"06/01/2016","46,770.12","46,770.12","46,770.12","46,770.12","","-1.18%"
"05/01/2016","47,329.74","47,329.74","47,329.74","47,329.74","","-1.63%"
"04/01/2016","48,114.66","48,114.66","48,114.66","48,114.66","","-0.48%"
"31/12/2015","48,346.39","48,346.39","48,346.39","48,346.39","","-0.45%"
"30/12/2015","48,566.25","48,566.25","48,566.25","48,566.25","","1.00%"
"29/12/2015","48,086.08","48,086.08","48,086.08","48,086.08","","1.35%"
"24/12/2015","47,443.45","47,443.45","47,443.45","47,443.45","","1.28%"
"23/12/2015","46,843.35","46,843.35","46,843.35","46,843.35","","0.49%"
"22/12/2015","46,614.79","46,614.79","46,614.79","46,614.79","","0.15%"
"21/12/2015","46,545.17","46,545.17","46,545.17","46,545.17","","0.05%"
"18/12/2015","46,521.45","46,521.45","46,521.45","46,521.45","","0.09%"
"17/12/2015","46,479.08","46,479.08","46,479.08","46,479.08","","1.46%"
"16/12/2015","45,808.94","45,808.94","45,808.94","45,808.94","","2.42%"
"15/12/2015","44,725.08","44,725.08","44,725.08","44,725.08","","-0.39%"
"14/12/2015","44,898.57","44,898.57","44,898.57","44,898.57","","-2.01%"
"11/12/2015","45,817.31","45,817.31","45,817.31","45,817.31","","-0.16%"
"10/12/2015","45,892.62","45,892.62","45,892.62","45,892.62","","-0.84%"
"09/12/2015","46,281.93","46,281.93","46,281.93","46,281.93","","-0.55%"
"08/12/2015","46,538.22","46,538.22","46,538.22","46,538.22","","-0.91%"
"07/12/2015","46,967.21","46,967.21","46,967.21","46,967.21","","0.08%"
"04/12/2015","46,929.96","46,929.96","46,929.96","46,929.96","","-1.46%"
"03/12/2015","47,623.30","47,623.30","47,623.30","47,623.30","","-0.58%"
"02/12/2015","47,900.96","47,900.96","47,900.96","47,900.96","","-0.15%"
"01/12/2015","47,970.63","47,970.63","47,970.63","47,970.63","","1.93%"
"30/11/2015","47,063.16","47,063.16","47,063.16","47,063.16","","-0.69%"
"27/11/2015","47,389.50","47,389.50","47,389.50","47,389.50","","-0.16%"
"26/11/2015","47,463.24","47,463.24","47,463.24","47,463.24","","0.33%"
"25/11/2015","47,308.25","47,308.25","47,308.25","47,308.25","","-0.61%"
"24/11/2015","47,598.90","47,598.90","47,598.90","47,598.90","","-0.95%"
"23/11/2015","48,053.02","48,053.02","48,053.02","48,053.02","","0.39%"
"20/11/2015","47,868.34","47,868.34","47,868.34","47,868.34","","0.26%"
"19/11/2015","47,742.15","47,742.15","47,742.15","47,742.15","","2.14%"
"18/11/2015","46,741.15","46,741.15","46,741.15","46,741.15","","0.29%"
"17/11/2015","46,605.74","46,605.74","46,605.74","46,605.74","","2.29%"
"16/11/2015","45,562.72","45,562.72","45,562.72","45,562.72","","-0.94%"
"13/11/2015","45,994.66","45,994.66","45,994.66","45,994.66","","-1.45%"
"12/11/2015","46,672.45","46,672.45","46,672.45","46,672.45","","0.06%"
"11/11/2015","46,642.44","46,642.44","46,642.44","46,642.44","","0.70%"
"10/11/2015","46,320.45","46,320.45","46,320.45","46,320.45","","-0.40%"
"09/11/2015","46,504.50","46,504.50","46,504.50","46,504.50","","-1.79%"
"06/11/2015","47,353.08","47,353.08","47,353.08","47,353.08","","0.63%"
"05/11/2015","47,057.83","47,057.83","47,057.83","47,057.83","","-0.75%"
"04/11/2015","47,413.16","47,413.16","47,413.16","47,413.16","","0.06%"
"03/11/2015","47,385.33","47,385.33","47,385.33","47,385.33","","1.42%"
"02/11/2015","46,720.88","46,720.88","46,720.88","46,720.88","","-1.41%"
"30/10/2015","47,387.35","47,387.35","47,387.35","47,387.35","","-0.52%"
"29/10/2015","47,635.32","47,635.32","47,635.32","47,635.32","","-1.27%"
"28/10/2015","48,246.40","48,246.40","48,246.40","48,246.40","","-0.20%"
"27/10/2015","48,345.23","48,345.23","48,345.23","48,345.23","","-0.03%"
"26/10/2015","48,361.88","48,361.88","48,361.88","48,361.88","","-0.07%"
"23/10/2015","48,394.17","48,394.17","48,394.17","48,394.17","","1.67%"
"22/10/2015","47,600.91","47,600.91","47,600.91","47,600.91","","0.30%"
"21/10/2015","47,460.40","47,460.40","47,460.40","47,460.40","","0.24%"
"20/10/2015","47,345.27","47,345.27","47,345.27","47,345.27","","-0.65%"
"19/10/2015","47,653.96","47,653.96","47,653.96","47,653.96","","0.03%"
"16/10/2015","47,640.05","47,640.05","47,640.05","47,640.05","","0.73%"
"15/10/2015","47,294.94","47,294.94","47,294.94","47,294.94","","0.63%"
"14/10/2015","46,998.38","46,998.38","46,998.38","46,998.38","","-0.11%"
"13/10/2015","47,048.67","47,048.67","47,048.67","47,048.67","","-0.57%"
"12/10/2015","47,320.07","47,320.07","47,320.07","47,320.07","","-0.89%"
"09/10/2015","47,743.48","47,743.48","47,743.48","47,743.48","","1.33%"
"08/10/2015","47,116.28","47,116.28","47,116.28","47,116.28","","0.24%"
"07/10/2015","47,003.01","47,003.01","47,003.01","47,003.01","","0.59%"
"06/10/2015","46,725.93","46,725.93","46,725.93","46,725.93","","0.33%"
"05/10/2015","46,573.41","46,573.41","46,573.41","46,573.41","","1.95%"
"02/10/2015","45,682.57","45,682.57","45,682.57","45,682.57","","-1.17%"
"01/10/2015","46,223.29","46,223.29","46,223.29","46,223.29","","1.80%"
"30/09/2015","45,404.89","45,404.89","45,404.89","45,404.89","","2.10%"
"29/09/2015","44,471.39","44,471.39","44,471.39","44,471.39","","-3.81%"
"28/09/2015","46,234.36","46,234.36","46,234.36","46,234.36","","1.42%"
"25/09/2015","45,585.46","45,585.46","45,585.46","45,585.46","","-0.58%"
"24/09/2015","45,852.05","45,852.05","45,852.05","45,852.05","","1.47%"
"23/09/2015","45,187.24","45,187.24","45,187.24","45,187.24","","-2.05%"
"22/09/2015","46,134.70","46,134.70","46,134.70","46,134.70","","0.74%"
"21/09/2015","45,794.87","45,794.87","45,794.87","45,794.87","","-2.01%"
"18/09/2015","46,736.59","46,736.59","46,736.59","46,736.59","","0.46%"
"17/09/2015","46,520.58","46,520.58","46,520.58","46,520.58","","0.94%"
"16/09/2015","46,086.50","46,086.50","46,086.50","46,086.50","","1.62%"
"15/09/2015","45,352.21","45,352.21","45,352.21","45,352.21","","-1.53%"
"14/09/2015","46,056.80","46,056.80","46,056.80","46,056.80","","0.51%"
"11/09/2015","45,824.41","45,824.41","45,824.41","45,824.41","","-0.47%"
"10/09/2015","46,039.93","46,039.93","46,039.93","46,039.93","","-2.41%"
"09/09/2015","47,175.46","47,175.46","47,175.46","47,175.46","","2.39%"
"08/09/2015","46,073.12","46,073.12","46,073.12","46,073.12","","1.70%"
"07/09/2015","45,301.65","45,301.65","45,301.65","45,301.65","","-0.11%"
"04/09/2015","45,352.70","45,352.70","45,352.70","45,352.70","","0.28%"
"03/09/2015","45,226.21","45,226.21","45,226.21","45,226.21","","-1.43%"
"02/09/2015","45,880.01","45,880.01","45,880.01","45,880.01","","0.14%"
"01/09/2015","45,814.69","45,814.69","45,814.69","45,814.69","","-2.08%"
"31/08/2015","46,787.73","46,787.73","46,787.73","46,787.73","","-1.05%"
"28/08/2015","47,284.37","47,284.37","47,284.37","47,284.37","","0.60%"
"27/08/2015","47,000.34","47,000.34","47,000.34","47,000.34","","1.19%"
"26/08/2015","46,448.20","46,448.20","46,448.20","46,448.20","","0.79%"
"25/08/2015","46,082.79","46,082.79","46,082.79","46,082.79","","3.01%"
"24/08/2015","44,738.22","44,738.22","44,738.22","44,738.22","","-4.09%"
"21/08/2015","46,646.44","46,646.44","46,646.44","46,646.44","","-1.39%"
"20/08/2015","47,305.95","47,305.95","47,305.95","47,305.95","","-1.70%"
"19/08/2015","48,125.37","48,125.37","48,125.37","48,125.37","","1.46%"
"18/08/2015","47,434.89","47,434.89","47,434.89","47,434.89","","-0.90%"
"17/08/2015","47,864.34","47,864.34","47,864.34","47,864.34","","0.22%"
"14/08/2015","47,761.60","47,761.60","47,761.60","47,761.60","","-0.58%"
"13/08/2015","48,040.96","48,040.96","48,040.96","48,040.96","","0.18%"
"12/08/2015","47,956.91","47,956.91","47,956.91","47,956.91","","-1.62%"
"11/08/2015","48,747.22","48,747.22","48,747.22","48,747.22","","-0.62%"
"10/08/2015","49,050.00","49,050.00","49,050.00","49,050.00","","0.63%"
"07/08/2015","48,743.93","48,743.93","48,743.93","48,743.93","","-2.41%"
"06/08/2015","49,948.76","49,948.76","49,948.76","49,948.76","","-1.13%"
"05/08/2015","50,517.46","50,517.46","50,517.46","50,517.46","","-0.42%"
"04/08/2015","50,730.47","50,730.47","50,730.47","50,730.47","","0.33%"
"03/08/2015","50,565.26","50,565.26","50,565.26","50,565.26","","-0.35%"
"31/07/2015","50,741.72","50,741.72","50,741.72","50,741.72","","0.52%"
"30/07/2015","50,477.82","50,477.82","50,477.82","50,477.82","","0.81%"
"29/07/2015","50,073.91","50,073.91","50,073.91","50,073.91","","0.71%"
"28/07/2015","49,722.47","49,722.47","49,722.47","49,722.47","","-0.09%"
"27/07/2015","49,768.78","49,768.78","49,768.78","49,768.78","","0.43%"
"24/07/2015","49,557.05","49,557.05","49,557.05","49,557.05","","-0.43%"
"23/07/2015","49,772.34","49,772.34","49,772.34","49,772.34","","-0.43%"
"22/07/2015","49,988.54","49,988.54","49,988.54","49,988.54","","-1.61%"
"21/07/2015","50,808.96","50,808.96","50,808.96","50,808.96","","0.35%"
"20/07/2015","50,632.45","50,632.45","50,632.45","50,632.45","","0.30%"
"17/07/2015","50,483.03","50,483.03","50,483.03","50,483.03","","0.01%"
"16/07/2015","50,478.57","50,478.57","50,478.57","50,478.57","","0.59%"
"15/07/2015","50,181.36","50,181.36","50,181.36","50,181.36","","1.05%"
"14/07/2015","49,657.64","49,657.64","49,657.64","49,657.64","","1.90%"
"13/07/2015","48,729.62","48,729.62","48,729.62","48,729.62","","-0.34%"
"10/07/2015","48,897.61","48,897.61","48,897.61","48,897.61","","0.39%"
"09/07/2015","48,710.07","48,710.07","48,710.07","48,710.07","","0.03%"
"08/07/2015","48,697.19","48,697.19","48,697.19","48,697.19","","-2.00%"
"07/07/2015","49,693.41","49,693.41","49,693.41","49,693.41","","1.94%"
"06/07/2015","48,745.88","48,745.88","48,745.88","48,745.88","","-1.14%"
"03/07/2015","49,308.59","49,308.59","49,308.59","49,308.59","","-1.10%"
"02/07/2015","49,856.37","49,856.37","49,856.37","49,856.37","","1.53%"
"01/07/2015","49,107.14","49,107.14","49,107.14","49,107.14","","1.04%"
"30/06/2015","48,602.26","48,602.26","48,602.26","48,602.26","","0.67%"
"29/06/2015","48,277.09","48,277.09","48,277.09","48,277.09","","-2.23%"
"26/06/2015","49,375.75","49,375.75","49,375.75","49,375.75","","-1.36%"
"25/06/2015","50,054.83","50,054.83","50,054.83","50,054.83","","-0.95%"
"24/06/2015","50,535.18","50,535.18","50,535.18","50,535.18","","0.05%"
"23/06/2015","50,512.36","50,512.36","50,512.36","50,512.36","","1.32%"
"22/06/2015","49,853.74","49,853.74","49,853.74","49,853.74","","0.24%"
"19/06/2015","49,736.67","49,736.67","49,736.67","49,736.67","","1.31%"
"18/06/2015","49,095.95","49,095.95","49,095.95","49,095.95","","-1.26%"
"17/06/2015","49,722.77","49,722.77","49,722.77","49,722.77","","1.08%"
"16/06/2015","49,192.62","49,192.62","49,192.62","49,192.62","","-0.05%"
"15/06/2015","49,219.05","49,219.05","49,219.05","49,219.05","","-0.12%"
"12/06/2015","49,276.69","49,276.69","49,276.69","49,276.69","","-0.21%"
"11/06/2015","49,377.96","49,377.96","49,377.96","49,377.96","","1.42%"
"10/06/2015","48,684.66","48,684.66","48,684.66","48,684.66","","0.13%"
"09/06/2015","48,619.34","48,619.34","48,619.34","48,619.34","","-0.47%"
"05/06/2015","48,851.27","48,851.27","48,851.27","48,851.27","","-0.11%"
"04/06/2015","48,903.18","48,903.18","48,903.18","48,903.18","","-1.42%"
"03/06/2015","49,607.54","49,607.54","49,607.54","49,607.54","","-0.93%"
"02/06/2015","50,073.20","50,073.20","50,073.20","50,073.20","","-1.73%"
"01/06/2015","50,954.11","50,954.11","50,954.11","50,954.11","","-0.72%"
"29/05/2015","51,324.94","51,324.94","51,324.94","51,324.94","","1.12%"
"28/05/2015","50,754.08","50,754.08","50,754.08","50,754.08","","-0.20%"
"27/05/2015","50,857.00","50,857.00","50,857.00","50,857.00","","-0.83%"
"26/05/2015","51,283.06","51,283.06","51,283.06","51,283.06","","0.91%"
"25/05/2015","50,821.99","50,821.99","50,821.99","50,821.99","","1.00%"
"22/05/2015","50,318.05","50,318.05","50,318.05","50,318.05","","0.04%"
"21/05/2015","50,296.09","50,296.09","50,296.09","50,296.09","","0.93%"
"20/05/2015","49,834.46","49,834.46","49,834.46","49,834.46","","-0.09%"
"19/05/2015","49,880.61","49,880.61","49,880.61","49,880.61","","-0.76%"
"18/05/2015","50,264.96","50,264.96","50,264.96","50,264.96","","-1.29%"
"15/05/2015","50,919.38","50,919.38","50,919.38","50,919.38","","0.86%"
"14/05/2015","50,483.71","50,483.71","50,483.71","50,483.71","","-0.33%"
"13/05/2015","50,648.37","50,648.37","50,648.37","50,648.37","","0.91%"
"12/05/2015","50,189.87","50,189.87","50,189.87","50,189.87","","0.88%"
"11/05/2015","49,752.07","49,752.07","49,752.07","49,752.07","","-0.17%"
"08/05/2015","49,834.50","49,834.50","49,834.50","49,834.50","","-0.03%"
"07/05/2015","49,849.83","49,849.83","49,849.83","49,849.83","","-0.82%"
"06/05/2015","50,260.14","50,260.14","50,260.14","50,260.14","","-2.30%"
"05/05/2015","51,443.32","51,443.32","51,443.32","51,443.32","","-0.02%"
"04/05/2015","51,452.31","51,452.31","51,452.31","51,452.31","","0.23%"
"01/05/2015","51,336.31","51,336.31","51,336.31","51,336.31","","0.42%"
"30/04/2015","51,120.74","51,120.74","51,120.74","51,120.74","","-0.83%"
"29/04/2015","51,549.83","51,549.83","51,549.83","51,549.83","","-1.85%"
"28/04/2015","52,520.69","52,520.69","52,520.69","52,520.69","","-0.57%"
"27/04/2015","52,822.21","52,822.21","52,822.21","52,822.21","","0.83%"
"24/04/2015","52,386.02","52,386.02","52,386.02","52,386.02","","1.51%"
"23/04/2015","51,604.47","51,604.47","51,604.47","51,604.47","","0.13%"
"22/04/2015","51,539.54","51,539.54","51,539.54","51,539.54","","-0.59%"
"21/04/2015","51,847.23","51,847.23","51,847.23","51,847.23","","0.67%"
"20/04/2015","51,500.90","51,500.90","51,500.90","51,500.90","","-0.76%"
"17/04/2015","51,896.02","51,896.02","51,896.02","51,896.02","","-1.17%"
"16/04/2015","52,510.55","52,510.55","52,510.55","52,510.55","","0.67%"
"15/04/2015","52,161.14","52,161.14","52,161.14","52,161.14","","-0.64%"
"14/04/2015","52,497.80","52,497.80","52,497.80","52,497.80","","-0.23%"
"13/04/2015","52,618.92","52,618.92","52,618.92","52,618.92","","-0.14%"
"10/04/2015","52,690.39","52,690.39","52,690.39","52,690.39","","0.61%"
"09/04/2015","52,370.69","52,370.69","52,370.69","52,370.69","","-0.48%"
"08/04/2015","52,622.42","52,622.42","52,622.42","52,622.42","","0.59%"
"07/04/2015","52,313.39","52,313.39","52,313.39","52,313.39","","0.47%"
"02/04/2015","52,071.18","52,071.18","52,071.18","52,071.18","","0.65%"
"01/04/2015","51,737.23","51,737.23","51,737.23","51,737.23","","-0.52%"
"31/03/2015","52,006.71","52,006.71","52,006.71","52,006.71","","0.78%"
"30/03/2015","51,604.41","51,604.41","51,604.41","51,604.41","","-1.25%"
"27/03/2015","52,255.66","52,255.66","52,255.66","52,255.66","","0.70%"
"26/03/2015","51,890.20","51,890.20","51,890.20","51,890.20","","-1.58%"
"25/03/2015","52,720.68","52,720.68","52,720.68","52,720.68","","0.08%"
"24/03/2015","52,677.07","52,677.07","52,677.07","52,677.07","","0.22%"
"23/03/2015","52,561.88","52,561.88","52,561.88","52,561.88","","-0.32%"
"20/03/2015","52,731.27","52,731.27","52,731.27","52,731.27","","0.42%"
"19/03/2015","52,512.70","52,512.70","52,512.70","52,512.70","","1.86%"
"18/03/2015","51,555.54","51,555.54","51,555.54","51,555.54","","0.07%"
"17/03/2015","51,520.11","51,520.11","51,520.11","51,520.11","","0.77%"
"16/03/2015","51,128.00","51,128.00","51,128.00","51,128.00","","-0.26%"
"13/03/2015","51,258.86","51,258.86","51,258.86","51,258.86","","-0.60%"
"12/03/2015","51,569.92","51,569.92","51,569.92","51,569.92","","0.99%"
"11/03/2015","51,066.42","51,066.42","51,066.42","51,066.42","","-0.33%"
"10/03/2015","51,234.41","51,234.41","51,234.41","51,234.41","","0.06%"
"09/03/2015","51,205.35","51,205.35","51,205.35","51,205.35","","-1.31%"
"06/03/2015","51,887.15","51,887.15","51,887.15","51,887.15","","-0.06%"
"05/03/2015","51,920.40","51,920.40","51,920.40","51,920.40","","0.06%"
"04/03/2015","51,888.93","51,888.93","51,888.93","51,888.93","","-0.46%"
"03/03/2015","52,130.59","52,130.59","52,130.59","52,130.59","","-0.38%"
"02/03/2015","52,329.18","52,329.18","52,329.18","52,329.18","","0.56%"
"27/02/2015","52,038.06","52,038.06","52,038.06","52,038.06","","0.37%"
"26/02/2015","51,847.20","51,847.20","51,847.20","51,847.20","","-0.60%"
"25/02/2015","52,160.57","52,160.57","52,160.57","52,160.57","","0.53%"
"24/02/2015","51,885.35","51,885.35","51,885.35","51,885.35","","0.45%"
"23/02/2015","51,651.91","51,651.91","51,651.91","51,651.91","","0.45%"
"20/02/2015","51,420.73","51,420.73","51,420.73","51,420.73","","-0.37%"
"19/02/2015","51,612.20","51,612.20","51,612.20","51,612.20","","-0.19%"
"18/02/2015","51,708.70","51,708.70","51,708.70","51,708.70","","1.02%"
"17/02/2015","51,187.89","51,187.89","51,187.89","51,187.89","","-0.29%"
"16/02/2015","51,337.13","51,337.13","51,337.13","51,337.13","","0.19%"
"13/02/2015","51,239.53","51,239.53","51,239.53","51,239.53","","2.33%"
"12/02/2015","50,072.24","50,072.24","50,072.24","50,072.24","","-0.44%"
"11/02/2015","50,293.24","50,293.24","50,293.24","50,293.24","","-0.48%"
"10/02/2015","50,536.00","50,536.00","50,536.00","50,536.00","","-0.25%"
"09/02/2015","50,660.15","50,660.15","50,660.15","50,660.15","","-0.09%"
"06/02/2015","50,704.49","50,704.49","50,704.49","50,704.49","","0.16%"
"05/02/2015","50,624.39","50,624.39","50,624.39","50,624.39","","0.58%"
"04/02/2015","50,331.37","50,331.37","50,331.37","50,331.37","","1.23%"
"03/02/2015","49,721.74","49,721.74","49,721.74","49,721.74","","1.46%"
"02/02/2015","49,007.15","49,007.15","49,007.15","49,007.15","","0.66%"
"30/01/2015","48,684.64","48,684.64","48,684.64","48,684.64","","0.34%"
"29/01/2015","48,520.54","48,520.54","48,520.54","48,520.54","","0.30%"
"28/01/2015","48,375.04","48,375.04","48,375.04","48,375.04","","0.10%"
"27/01/2015","48,326.62","48,326.62","48,326.62","48,326.62","","0.83%"
"23/01/2015","47,931.05","47,931.05","47,931.05","47,931.05","","1.51%"
"22/01/2015","47,217.72","47,217.72","47,217.72","47,217.72","","0.49%"
"21/01/2015","46,986.35","46,986.35","46,986.35","46,986.35","","1.61%"
"20/01/2015","46,239.62","46,239.62","46,239.62","46,239.62","","-0.03%"
"19/01/2015","46,252.43","46,252.43","46,252.43","46,252.43","","0.19%"
"16/01/2015","46,166.18","46,166.18","46,166.18","46,166.18","","-0.60%"
"15/01/2015","46,446.09","46,446.09","46,446.09","46,446.09","","-0.41%"
"14/01/2015","46,639.00","46,639.00","46,639.00","46,639.00","","-0.95%"
"13/01/2015","47,084.10","47,084.10","47,084.10","47,084.10","","-0.33%"
"12/01/2015","47,241.01","47,241.01","47,241.01","47,241.01","","-0.78%"
"09/01/2015","47,614.49","47,614.49","47,614.49","47,614.49","","1.56%"
"08/01/2015","46,881.66","46,881.66","46,881.66","46,881.66","","0.52%"
"07/01/2015","46,639.13","46,639.13","46,639.13","46,639.13","","-0.21%"
"06/01/2015","46,736.61","46,736.61","46,736.61","46,736.61","","-1.57%"
"05/01/2015","47,481.69","47,481.69","47,481.69","47,481.69","","0.26%"
"02/01/2015","47,356.28","47,356.28","47,356.28","47,356.28","","0.46%"
"31/12/2014","47,139.24","47,139.24","47,139.24","47,139.24","","-0.10%"
"30/12/2014","47,188.09","47,188.09","47,188.09","47,188.09","","-1.04%"
"29/12/2014","47,686.00","47,686.00","47,686.00","47,686.00","","1.64%"
"24/12/2014","46,917.54","46,917.54","46,917.54","46,917.54","","0.25%"
"23/12/2014","46,799.14","46,799.14","46,799.14","46,799.14","","-1.12%"
"22/12/2014","47,329.22","47,329.22","47,329.22","47,329.22","","1.95%"
"19/12/2014","46,424.08","46,424.08","46,424.08","46,424.08","","2.46%"
"18/12/2014","45,310.39","45,310.39","45,310.39","45,310.39","","0.95%"
"17/12/2014","44,885.03","44,885.03","44,885.03","44,885.03","","0.18%"
"16/12/2014","44,802.28","44,802.28","44,802.28","44,802.28","","-0.65%"
"15/12/2014","45,095.61","45,095.61","45,095.61","45,095.61","","-0.64%"
"12/12/2014","45,386.85","45,386.85","45,386.85","45,386.85","","-0.22%"
"11/12/2014","45,485.98","45,485.98","45,485.98","45,485.98","","-0.53%"
"10/12/2014","45,729.73","45,729.73","45,729.73","45,729.73","","-0.45%"
"09/12/2014","45,935.52","45,935.52","45,935.52","45,935.52","","-1.68%"
"08/12/2014","46,718.47","46,718.47","46,718.47","46,718.47","","0.70%"
"05/12/2014","46,393.48","46,393.48","46,393.48","46,393.48","","-0.62%"
"04/12/2014","46,684.42","46,684.42","46,684.42","46,684.42","","0.89%"
"03/12/2014","46,273.96","46,273.96","46,273.96","46,273.96","","0.77%"
"02/12/2014","45,920.99","45,920.99","45,920.99","45,920.99","","1.42%"
"01/12/2014","45,280.07","45,280.07","45,280.07","45,280.07","","-1.97%"
"28/11/2014","46,187.80","46,187.80","46,187.80","46,187.80","","-1.62%"
"27/11/2014","46,950.14","46,950.14","46,950.14","46,950.14","","0.09%"
"26/11/2014","46,909.18","46,909.18","46,909.18","46,909.18","","1.15%"
"25/11/2014","46,375.22","46,375.22","46,375.22","46,375.22","","-0.50%"
"24/11/2014","46,608.69","46,608.69","46,608.69","46,608.69","","1.08%"
"21/11/2014","46,108.87","46,108.87","46,108.87","46,108.87","","-0.22%"
"20/11/2014","46,210.23","46,210.23","46,210.23","46,210.23","","-0.97%"
"19/11/2014","46,663.25","46,663.25","46,663.25","46,663.25","","-0.57%"
"18/11/2014","46,931.35","46,931.35","46,931.35","46,931.35","","-0.24%"
"17/11/2014","47,042.23","47,042.23","47,042.23","47,042.23","","-0.77%"
"14/11/2014","47,405.50","47,405.50","47,405.50","47,405.50","","0.21%"
"13/11/2014","47,304.35","47,304.35","47,304.35","47,304.35","","-0.37%"
"12/11/2014","47,479.66","47,479.66","47,479.66","47,479.66","","-0.95%"
"11/11/2014","47,934.66","47,934.66","47,934.66","47,934.66","","-0.12%"
"10/11/2014","47,994.23","47,994.23","47,994.23","47,994.23","","-0.25%"
"07/11/2014","48,112.85","48,112.85","48,112.85","48,112.85","","1.14%"
"06/11/2014","47,569.05","47,569.05","47,569.05","47,569.05","","-0.21%"
"05/11/2014","47,670.17","47,670.17","47,670.17","47,670.17","","-0.04%"
"04/11/2014","47,687.85","47,687.85","47,687.85","47,687.85","","0.24%"
"03/11/2014","47,575.23","47,575.23","47,575.23","47,575.23","","-0.35%"
"31/10/2014","47,741.32","47,741.32","47,741.32","47,741.32","","0.92%"
"30/10/2014","47,305.95","47,305.95","47,305.95","47,305.95","","0.53%"
"29/10/2014","47,057.97","47,057.97","47,057.97","47,057.97","","-0.09%"
"28/10/2014","47,100.46","47,100.46","47,100.46","47,100.46","","-0.12%"
"27/10/2014","47,155.36","47,155.36","47,155.36","47,155.36","","0.86%"
"24/10/2014","46,751.91","46,751.91","46,751.91","46,751.91","","0.54%"
"23/10/2014","46,500.42","46,500.42","46,500.42","46,500.42","","-0.05%"
"22/10/2014","46,524.03","46,524.03","46,524.03","46,524.03","","1.14%"
"21/10/2014","45,998.51","45,998.51","45,998.51","45,998.51","","0.11%"
"20/10/2014","45,950.21","45,950.21","45,950.21","45,950.21","","0.91%"
"17/10/2014","45,538.01","45,538.01","45,538.01","45,538.01","","0.32%"
"16/10/2014","45,392.64","45,392.64","45,392.64","45,392.64","","0.18%"
"15/10/2014","45,312.48","45,312.48","45,312.48","45,312.48","","0.73%"
"14/10/2014","44,982.33","44,982.33","44,982.33","44,982.33","","1.01%"
"13/10/2014","44,533.79","44,533.79","44,533.79","44,533.79","","-0.63%"
"10/10/2014","44,816.69","44,816.69","44,816.69","44,816.69","","-2.05%"
"09/10/2014","45,752.81","45,752.81","45,752.81","45,752.81","","1.06%"
"08/10/2014","45,274.13","45,274.13","45,274.13","45,274.13","","-0.81%"
"07/10/2014","45,644.64","45,644.64","45,644.64","45,644.64","","-0.16%"
"06/10/2014","45,718.34","45,718.34","45,718.34","45,718.34","","-0.48%"
"03/10/2014","45,936.88","45,936.88","45,936.88","45,936.88","","0.39%"
"02/10/2014","45,759.48","45,759.48","45,759.48","45,759.48","","-0.68%"
"01/10/2014","46,073.54","46,073.54","46,073.54","46,073.54","","0.78%"
"30/09/2014","45,716.65","45,716.65","45,716.65","45,716.65","","0.54%"
"29/09/2014","45,469.35","45,469.35","45,469.35","45,469.35","","-0.92%"
"26/09/2014","45,891.50","45,891.50","45,891.50","45,891.50","","-1.27%"
"25/09/2014","46,482.56","46,482.56","46,482.56","46,482.56","","0.12%"
"24/09/2014","46,425.58","46,425.58","46,425.58","46,425.58","","-0.73%"
"23/09/2014","46,765.30","46,765.30","46,765.30","46,765.30","","0.98%"
"22/09/2014","46,309.71","46,309.71","46,309.71","46,309.71","","-1.28%"
"19/09/2014","46,911.54","46,911.54","46,911.54","46,911.54","","0.32%"
"18/09/2014","46,762.75","46,762.75","46,762.75","46,762.75","","0.16%"
"17/09/2014","46,688.72","46,688.72","46,688.72","46,688.72","","-0.69%"
"16/09/2014","47,013.21","47,013.21","47,013.21","47,013.21","","-0.51%"
"15/09/2014","47,253.93","47,253.93","47,253.93","47,253.93","","-1.04%"
"12/09/2014","47,749.05","47,749.05","47,749.05","47,749.05","","-0.27%"
"11/09/2014","47,877.98","47,877.98","47,877.98","47,877.98","","-0.50%"
"10/09/2014","48,118.88","48,118.88","48,118.88","48,118.88","","-0.50%"
"09/09/2014","48,361.29","48,361.29","48,361.29","48,361.29","","0.56%"
"08/09/2014","48,090.68","48,090.68","48,090.68","48,090.68","","-0.31%"
"05/09/2014","48,241.26","48,241.26","48,241.26","48,241.26","","-0.56%"
"04/09/2014","48,515.23","48,515.23","48,515.23","48,515.23","","-0.44%"
"03/09/2014","48,729.01","48,729.01","48,729.01","48,729.01","","0.17%"
"02/09/2014","48,644.41","48,644.41","48,644.41","48,644.41","","0.56%"
"01/09/2014","48,373.75","48,373.75","48,373.75","48,373.75","","0.12%"
"29/08/2014","48,315.27","48,315.27","48,315.27","48,315.27","","0.13%"
"28/08/2014","48,250.97","48,250.97","48,250.97","48,250.97","","-0.46%"
"27/08/2014","48,471.98","48,471.98","48,471.98","48,471.98","","0.47%"
"26/08/2014","48,244.74","48,244.74","48,244.74","48,244.74","","0.08%"
"25/08/2014","48,208.11","48,208.11","48,208.11","48,208.11","","-0.19%"
"22/08/2014","48,299.90","48,299.90","48,299.90","48,299.90","","0.13%"
"21/08/2014","48,239.20","48,239.20","48,239.20","48,239.20","","0.08%"
"20/08/2014","48,202.77","48,202.77","48,202.77","48,202.77","","0.23%"
"19/08/2014","48,090.45","48,090.45","48,090.45","48,090.45","","0.93%"
"18/08/2014","47,647.34","47,647.34","47,647.34","47,647.34","","0.37%"
"15/08/2014","47,470.18","47,470.18","47,470.18","47,470.18","","0.33%"
"14/08/2014","47,314.43","47,314.43","47,314.43","47,314.43","","0.61%"
"13/08/2014","47,026.20","47,026.20","47,026.20","47,026.20","","-0.25%"
"12/08/2014","47,143.73","47,143.73","47,143.73","47,143.73","","1.35%"
"11/08/2014","46,516.88","46,516.88","46,516.88","46,516.88","","0.40%"
"08/08/2014","46,331.71","46,331.71","46,331.71","46,331.71","","-1.34%"
"07/08/2014","46,959.91","46,959.91","46,959.91","46,959.91","","-0.05%"
"06/08/2014","46,985.38","46,985.38","46,985.38","46,985.38","","-0.12%"
"05/08/2014","47,041.36","47,041.36","47,041.36","47,041.36","","-0.40%"
"04/08/2014","47,231.57","47,231.57","47,231.57","47,231.57","","-0.28%"
"01/08/2014","47,363.68","47,363.68","47,363.68","47,363.68","","-1.36%"
"31/07/2014","48,015.77","48,015.77","48,015.77","48,015.77","","0.18%"
"30/07/2014","47,930.29","47,930.29","47,930.29","47,930.29","","0.62%"
"29/07/2014","47,636.63","47,636.63","47,636.63","47,636.63","","0.20%"
"28/07/2014","47,542.44","47,542.44","47,542.44","47,542.44","","-0.11%"
"25/07/2014","47,594.59","47,594.59","47,594.59","47,594.59","","-0.08%"
"24/07/2014","47,631.20","47,631.20","47,631.20","47,631.20","","0.20%"
"23/07/2014","47,536.97","47,536.97","47,536.97","47,536.97","","0.60%"
"22/07/2014","47,251.83","47,251.83","47,251.83","47,251.83","","0.06%"
"21/07/2014","47,223.24","47,223.24","47,223.24","47,223.24","","0.15%"
"18/07/2014","47,152.70","47,152.70","47,152.70","47,152.70","","0.17%"
"17/07/2014","47,073.99","47,073.99","47,073.99","47,073.99","","0.06%"
"16/07/2014","47,043.55","47,043.55","47,043.55","47,043.55","","0.14%"
"15/07/2014","46,977.99","46,977.99","46,977.99","46,977.99","","0.00%"
"14/07/2014","46,978.86","46,978.86","46,978.86","46,978.86","","0.45%"
"11/07/2014","46,769.10","46,769.10","46,769.10","46,769.10","","0.41%"
"10/07/2014","46,578.63","46,578.63","46,578.63","46,578.63","","0.22%"
"09/07/2014","46,476.66","46,476.66","46,476.66","46,476.66","","-1.06%"
"08/07/2014","46,974.95","46,974.95","46,974.95","46,974.95","","-0.14%"
"07/07/2014","47,042.82","47,042.82","47,042.82","47,042.82","","-0.11%"
"04/07/2014","47,094.57","47,094.57","47,094.57","47,094.57","","0.62%"
"03/07/2014","46,806.17","46,806.17","46,806.17","46,806.17","","0.66%"
"02/07/2014","46,500.64","46,500.64","46,500.64","46,500.64","","1.48%"
"01/07/2014","45,822.07","45,822.07","45,822.07","45,822.07","","-0.37%"
"30/06/2014","45,991.23","45,991.23","45,991.23","45,991.23","","-0.91%"
"27/06/2014","46,411.52","46,411.52","46,411.52","46,411.52","","-0.35%"
"26/06/2014","46,573.03","46,573.03","46,573.03","46,573.03","","1.33%"
"25/06/2014","45,959.71","45,959.71","45,959.71","45,959.71","","-0.51%"
"24/06/2014","46,193.05","46,193.05","46,193.05","46,193.05","","-0.38%"
"23/06/2014","46,367.56","46,367.56","46,367.56","46,367.56","","0.62%"
"20/06/2014","46,079.91","46,079.91","46,079.91","46,079.91","","-0.89%"
"19/06/2014","46,494.23","46,494.23","46,494.23","46,494.23","","1.59%"
"18/06/2014","45,767.40","45,767.40","45,767.40","45,767.40","","-0.33%"
"17/06/2014","45,920.02","45,920.02","45,920.02","45,920.02","","-0.22%"
"16/06/2014","46,019.04","46,019.04","46,019.04","46,019.04","","0.13%"
"13/06/2014","45,957.27","45,957.27","45,957.27","45,957.27","","-0.44%"
"12/06/2014","46,159.18","46,159.18","46,159.18","46,159.18","","-0.46%"
"11/06/2014","46,373.41","46,373.41","46,373.41","46,373.41","","-0.28%"
"10/06/2014","46,503.64","46,503.64","46,503.64","46,503.64","","0.11%"
"06/06/2014","46,450.63","46,450.63","46,450.63","46,450.63","","0.50%"
"05/06/2014","46,219.84","46,219.84","46,219.84","46,219.84","","-0.15%"
"04/06/2014","46,287.39","46,287.39","46,287.39","46,287.39","","-0.64%"
"03/06/2014","46,583.49","46,583.49","46,583.49","46,583.49","","-0.70%"
"02/06/2014","46,912.27","46,912.27","46,912.27","46,912.27","","0.47%"
"30/05/2014","46,690.53","46,690.53","46,690.53","46,690.53","","-0.49%"
"29/05/2014","46,919.43","46,919.43","46,919.43","46,919.43","","-0.13%"
"28/05/2014","46,979.88","46,979.88","46,979.88","46,979.88","","0.28%"
"27/05/2014","46,846.98","46,846.98","46,846.98","46,846.98","","-0.02%"
"26/05/2014","46,856.58","46,856.58","46,856.58","46,856.58","","0.37%"
"23/05/2014","46,684.13","46,684.13","46,684.13","46,684.13","","0.23%"
"22/05/2014","46,574.87","46,574.87","46,574.87","46,574.87","","1.02%"
"21/05/2014","46,104.31","46,104.31","46,104.31","46,104.31","","0.08%"
"20/05/2014","46,068.49","46,068.49","46,068.49","46,068.49","","0.21%"
"19/05/2014","45,969.83","45,969.83","45,969.83","45,969.83","","-1.28%"
"16/05/2014","46,565.33","46,565.33","46,565.33","46,565.33","","-0.58%"
"15/05/2014","46,834.86","46,834.86","46,834.86","46,834.86","","0.26%"
"14/05/2014","46,712.96","46,712.96","46,712.96","46,712.96","","0.39%"
"13/05/2014","46,533.54","46,533.54","46,533.54","46,533.54","","0.91%"
"12/05/2014","46,112.47","46,112.47","46,112.47","46,112.47","","-0.23%"
"09/05/2014","46,217.41","46,217.41","46,217.41","46,217.41","","-0.12%"
"08/05/2014","46,273.96","46,273.96","46,273.96","46,273.96","","0.75%"
"07/05/2014","45,927.53","45,927.53","45,927.53","45,927.53","","-0.83%"
"06/05/2014","46,310.30","46,310.30","46,310.30","46,310.30","","0.35%"
"05/05/2014","46,148.48","46,148.48","46,148.48","46,148.48","","0.08%"
"02/05/2014","46,113.29","46,113.29","46,113.29","46,113.29","","0.17%"
"01/05/2014","46,034.77","46,034.77","46,034.77","46,034.77","","-0.73%"
"30/04/2014","46,375.34","46,375.34","46,375.34","46,375.34","","0.05%"
"29/04/2014","46,354.24","46,354.24","46,354.24","46,354.24","","-0.89%"
"28/04/2014","46,772.42","46,772.42","46,772.42","46,772.42","","0.09%"
"24/04/2014","46,729.59","46,729.59","46,729.59","46,729.59","","0.25%"
"23/04/2014","46,613.86","46,613.86","46,613.86","46,613.86","","0.70%"
"22/04/2014","46,288.95","46,288.95","46,288.95","46,288.95","","0.46%"
"17/04/2014","46,077.11","46,077.11","46,077.11","46,077.11","","0.63%"
"16/04/2014","45,790.61","45,790.61","45,790.61","45,790.61","","0.60%"
"15/04/2014","45,518.94","45,518.94","45,518.94","45,518.94","","0.55%"
"14/04/2014","45,272.18","45,272.18","45,272.18","45,272.18","","-1.28%"
"11/04/2014","45,861.00","45,861.00","45,861.00","45,861.00","","-0.95%"
"10/04/2014","46,301.16","46,301.16","46,301.16","46,301.16","","0.31%"
"09/04/2014","46,157.14","46,157.14","46,157.14","46,157.14","","0.98%"
"08/04/2014","45,707.71","45,707.71","45,707.71","45,707.71","","-0.06%"
"07/04/2014","45,733.86","45,733.86","45,733.86","45,733.86","","-0.16%"
"04/04/2014","45,809.42","45,809.42","45,809.42","45,809.42","","0.24%"
"03/04/2014","45,698.29","45,698.29","45,698.29","45,698.29","","0.13%"
"02/04/2014","45,640.27","45,640.27","45,640.27","45,640.27","","0.26%"
"01/04/2014","45,520.90","45,520.90","45,520.90","45,520.90","","-0.10%"
"31/03/2014","45,567.84","45,567.84","45,567.84","45,567.84","","0.52%"
"28/03/2014","45,331.98","45,331.98","45,331.98","45,331.98","","0.32%"
"27/03/2014","45,189.40","45,189.40","45,189.40","45,189.40","","-0.49%"
"26/03/2014","45,414.00","45,414.00","45,414.00","45,414.00","","0.75%"
"25/03/2014","45,075.00","45,075.00","45,075.00","45,075.00","","-0.19%"
"24/03/2014","45,159.07","45,159.07","45,159.07","45,159.07","","0.18%"
"21/03/2014","45,078.17","45,078.17","45,078.17","45,078.17","","0.83%"
"20/03/2014","44,705.92","44,705.92","44,705.92","44,705.92","","-1.15%"
"19/03/2014","45,225.86","45,225.86","45,225.86","45,225.86","","0.21%"
"18/03/2014","45,132.68","45,132.68","45,132.68","45,132.68","","0.51%"
"17/03/2014","44,904.70","44,904.70","44,904.70","44,904.70","","-0.14%"
"14/03/2014","44,967.79","44,967.79","44,967.79","44,967.79","","-1.53%"
"13/03/2014","45,668.33","45,668.33","45,668.33","45,668.33","","0.53%"
"12/03/2014","45,427.92","45,427.92","45,427.92","45,427.92","","-0.54%"
"11/03/2014","45,675.44","45,675.44","45,675.44","45,675.44","","0.04%"
"10/03/2014","45,655.87","45,655.87","45,655.87","45,655.87","","-0.93%"
"07/03/2014","46,084.37","46,084.37","46,084.37","46,084.37","","0.34%"
"06/03/2014","45,928.38","45,928.38","45,928.38","45,928.38","","0.01%"
"05/03/2014","45,925.21","45,925.21","45,925.21","45,925.21","","0.92%"
"04/03/2014","45,506.59","45,506.59","45,506.59","45,506.59","","0.31%"
"03/03/2014","45,367.83","45,367.83","45,367.83","45,367.83","","-0.15%"
"28/02/2014","45,435.69","45,435.69","45,435.69","45,435.69","","-0.10%"
"27/02/2014","45,479.60","45,479.60","45,479.60","45,479.60","","-0.40%"
"26/02/2014","45,660.75","45,660.75","45,660.75","45,660.75","","0.07%"
"25/02/2014","45,628.91","45,628.91","45,628.91","45,628.91","","-0.07%"
"24/02/2014","45,658.94","45,658.94","45,658.94","45,658.94","","0.33%"
"21/02/2014","45,510.83","45,510.83","45,510.83","45,510.83","","0.51%"
"20/02/2014","45,280.30","45,280.30","45,280.30","45,280.30","","0.08%"
"19/02/2014","45,244.96","45,244.96","45,244.96","45,244.96","","0.29%"
"18/02/2014","45,115.96","45,115.96","45,115.96","45,115.96","","0.19%"
"17/02/2014","45,028.30","45,028.30","45,028.30","45,028.30","","0.72%"
"14/02/2014","44,705.20","44,705.20","44,705.20","44,705.20","","0.91%"
"13/02/2014","44,302.86","44,302.86","44,302.86","44,302.86","","-0.04%"
"12/02/2014","44,318.44","44,318.44","44,318.44","44,318.44","","1.06%"
"11/02/2014","43,853.16","43,853.16","43,853.16","43,853.16","","0.62%"
"10/02/2014","43,581.22","43,581.22","43,581.22","43,581.22","","1.08%"
"07/02/2014","43,114.22","43,114.22","43,114.22","43,114.22","","0.75%"
"06/02/2014","42,794.42","42,794.42","42,794.42","42,794.42","","1.20%"
"05/02/2014","42,284.93","42,284.93","42,284.93","42,284.93","","-0.52%"
"04/02/2014","42,508.05","42,508.05","42,508.05","42,508.05","","-1.75%"
"03/02/2014","43,265.68","43,265.68","43,265.68","43,265.68","","-0.04%"
"31/01/2014","43,283.12","43,283.12","43,283.12","43,283.12","","0.04%"
"30/01/2014","43,266.94","43,266.94","43,266.94","43,266.94","","-0.78%"
"29/01/2014","43,608.41","43,608.41","43,608.41","43,608.41","","1.04%"
"28/01/2014","43,158.92","43,158.92","43,158.92","43,158.92","","-1.26%"
"24/01/2014","43,707.86","43,707.86","43,707.86","43,707.86","","-0.42%"
"23/01/2014","43,891.80","43,891.80","43,891.80","43,891.80","","-1.07%"
"22/01/2014","44,365.31","44,365.31","44,365.31","44,365.31","","-0.22%"
"21/01/2014","44,462.87","44,462.87","44,462.87","44,462.87","","0.69%"
"20/01/2014","44,159.16","44,159.16","44,159.16","44,159.16","","-0.20%"
"17/01/2014","44,249.42","44,249.42","44,249.42","44,249.42","","-0.06%"
"16/01/2014","44,275.32","44,275.32","44,275.32","44,275.32","","1.21%"
"15/01/2014","43,744.57","43,744.57","43,744.57","43,744.57","","0.64%"
"14/01/2014","43,466.20","43,466.20","43,466.20","43,466.20","","-1.51%"
"13/01/2014","44,133.58","44,133.58","44,133.58","44,133.58","","-0.38%"
"10/01/2014","44,302.95","44,302.95","44,302.95","44,302.95","","-0.23%"
"09/01/2014","44,403.23","44,403.23","44,403.23","44,403.23","","0.16%"
"08/01/2014","44,333.50","44,333.50","44,333.50","44,333.50","","-0.02%"
"07/01/2014","44,341.33","44,341.33","44,341.33","44,341.33","","-0.15%"
"06/01/2014","44,407.13","44,407.13","44,407.13","44,407.13","","-0.47%"
"03/01/2014","44,617.46","44,617.46","44,617.46","44,617.46","","-0.33%"
"02/01/2014","44,766.02","44,766.02","44,766.02","44,766.02","","0.29%"
"31/12/2013","44,635.11","44,635.11","44,635.11","44,635.11","","-0.09%"
"30/12/2013","44,673.35","44,673.35","44,673.35","44,673.35","","0.61%"
"27/12/2013","44,400.32","44,400.32","44,400.32","44,400.32","","-0.05%"
"24/12/2013","44,424.12","44,424.12","44,424.12","44,424.12","","0.67%"
"23/12/2013","44,129.77","44,129.77","44,129.77","44,129.77","","0.68%"
"20/12/2013","43,830.59","43,830.59","43,830.59","43,830.59","","1.21%"
"19/12/2013","43,306.27","43,306.27","43,306.27","43,306.27","","2.08%"
"18/12/2013","42,422.48","42,422.48","42,422.48","42,422.48","","-0.14%"
"17/12/2013","42,481.50","42,481.50","42,481.50","42,481.50","","0.27%"
"16/12/2013","42,368.40","42,368.40","42,368.40","42,368.40","","-0.17%"
"13/12/2013","42,441.60","42,441.60","42,441.60","42,441.60","","0.71%"
"12/12/2013","42,141.37","42,141.37","42,141.37","42,141.37","","-0.82%"
"11/12/2013","42,488.77","42,488.77","42,488.77","42,488.77","","-0.76%"
"10/12/2013","42,815.94","42,815.94","42,815.94","42,815.94","","-0.02%"
"09/12/2013","42,823.18","42,823.18","42,823.18","42,823.18","","-0.80%"
"06/12/2013","43,169.43","43,169.43","43,169.43","43,169.43","","-0.23%"
"05/12/2013","43,268.82","43,268.82","43,268.82","43,268.82","","-1.44%"
"04/12/2013","43,899.73","43,899.73","43,899.73","43,899.73","","0.34%"
"03/12/2013","43,752.57","43,752.57","43,752.57","43,752.57","","-0.44%"
"02/12/2013","43,947.73","43,947.73","43,947.73","43,947.73","","-0.76%"
"29/11/2013","44,285.13","44,285.13","44,285.13","44,285.13","","-0.26%"
"28/11/2013","44,400.36","44,400.36","44,400.36","44,400.36","","0.03%"
"27/11/2013","44,388.17","44,388.17","44,388.17","44,388.17","","-0.45%"
"26/11/2013","44,589.08","44,589.08","44,589.08","44,589.08","","0.08%"
"25/11/2013","44,552.77","44,552.77","44,552.77","44,552.77","","0.32%"
"22/11/2013","44,411.92","44,411.92","44,411.92","44,411.92","","0.90%"
"21/11/2013","44,014.64","44,014.64","44,014.64","44,014.64","","-0.36%"
"20/11/2013","44,172.44","44,172.44","44,172.44","44,172.44","","-0.85%"
"19/11/2013","44,548.93","44,548.93","44,548.93","44,548.93","","-0.57%"
"18/11/2013","44,805.49","44,805.49","44,805.49","44,805.49","","-0.31%"
"15/11/2013","44,944.98","44,944.98","44,944.98","44,944.98","","0.86%"
"14/11/2013","44,560.23","44,560.23","44,560.23","44,560.23","","0.68%"
"13/11/2013","44,258.59","44,258.59","44,258.59","44,258.59","","-1.37%"
"12/11/2013","44,872.95","44,872.95","44,872.95","44,872.95","","0.11%"
"11/11/2013","44,823.42","44,823.42","44,823.42","44,823.42","","-0.22%"
"08/11/2013","44,924.32","44,924.32","44,924.32","44,924.32","","-0.19%"
"07/11/2013","45,009.14","45,009.14","45,009.14","45,009.14","","0.15%"
"06/11/2013","44,941.98","44,941.98","44,941.98","44,941.98","","0.03%"
"05/11/2013","44,926.74","44,926.74","44,926.74","44,926.74","","0.77%"
"04/11/2013","44,584.08","44,584.08","44,584.08","44,584.08","","-0.38%"
"01/11/2013","44,754.38","44,754.38","44,754.38","44,754.38","","-0.26%"
"31/10/2013","44,872.92","44,872.92","44,872.92","44,872.92","","-0.10%"
"30/10/2013","44,917.23","44,917.23","44,917.23","44,917.23","","0.28%"
"29/10/2013","44,790.46","44,790.46","44,790.46","44,790.46","","-0.48%"
"28/10/2013","45,004.54","45,004.54","45,004.54","45,004.54","","1.02%"
"25/10/2013","44,548.25","44,548.25","44,548.25","44,548.25","","0.25%"
"24/10/2013","44,436.93","44,436.93","44,436.93","44,436.93","","0.31%"
"23/10/2013","44,298.07","44,298.07","44,298.07","44,298.07","","-0.32%"
"22/10/2013","44,439.07","44,439.07","44,439.07","44,439.07","","0.40%"
"21/10/2013","44,262.30","44,262.30","44,262.30","44,262.30","","0.57%"
"18/10/2013","44,011.66","44,011.66","44,011.66","44,011.66","","0.73%"
"17/10/2013","43,694.36","43,694.36","43,694.36","43,694.36","","0.38%"
"16/10/2013","43,527.35","43,527.35","43,527.35","43,527.35","","0.07%"
"15/10/2013","43,496.24","43,496.24","43,496.24","43,496.24","","0.98%"
"14/10/2013","43,072.09","43,072.09","43,072.09","43,072.09","","-0.44%"
"11/10/2013","43,262.09","43,262.09","43,262.09","43,262.09","","1.63%"
"10/10/2013","42,569.60","42,569.60","42,569.60","42,569.60","","-0.11%"
"09/10/2013","42,617.95","42,617.95","42,617.95","42,617.95","","0.07%"
"08/10/2013","42,588.26","42,588.26","42,588.26","42,588.26","","-0.22%"
"07/10/2013","42,682.67","42,682.67","42,682.67","42,682.67","","-0.90%"
"04/10/2013","43,070.58","43,070.58","43,070.58","43,070.58","","-0.51%"
"03/10/2013","43,292.11","43,292.11","43,292.11","43,292.11","","0.37%"
"02/10/2013","43,130.40","43,130.40","43,130.40","43,130.40","","0.17%"
"01/10/2013","43,057.98","43,057.98","43,057.98","43,057.98","","-0.23%"
"30/09/2013","43,157.87","43,157.87","43,157.87","43,157.87","","-1.66%"
"27/09/2013","43,885.83","43,885.83","43,885.83","43,885.83","","0.24%"
"26/09/2013","43,781.59","43,781.59","43,781.59","43,781.59","","0.35%"
"25/09/2013","43,628.47","43,628.47","43,628.47","43,628.47","","0.80%"
"24/09/2013","43,283.00","43,283.00","43,283.00","43,283.00","","-0.34%"
"23/09/2013","43,431.49","43,431.49","43,431.49","43,431.49","","-0.44%"
"20/09/2013","43,624.67","43,624.67","43,624.67","43,624.67","","-0.35%"
"19/09/2013","43,779.98","43,779.98","43,779.98","43,779.98","","1.10%"
"18/09/2013","43,305.36","43,305.36","43,305.36","43,305.36","","-0.25%"
"17/09/2013","43,412.10","43,412.10","43,412.10","43,412.10","","0.06%"
"16/09/2013","43,383.98","43,383.98","43,383.98","43,383.98","","0.56%"
"13/09/2013","43,143.80","43,143.80","43,143.80","43,143.80","","-0.43%"
"12/09/2013","43,332.13","43,332.13","43,332.13","43,332.13","","0.16%"
"11/09/2013","43,263.40","43,263.40","43,263.40","43,263.40","","0.64%"
"10/09/2013","42,988.83","42,988.83","42,988.83","42,988.83","","0.39%"
"09/09/2013","42,822.78","42,822.78","42,822.78","42,822.78","","0.84%"
"06/09/2013","42,467.92","42,467.92","42,467.92","42,467.92","","0.05%"
"05/09/2013","42,445.46","42,445.46","42,445.46","42,445.46","","-0.30%"
"04/09/2013","42,575.31","42,575.31","42,575.31","42,575.31","","-0.67%"
"03/09/2013","42,861.13","42,861.13","42,861.13","42,861.13","","0.17%"
"02/09/2013","42,789.11","42,789.11","42,789.11","42,789.11","","1.32%"
"30/08/2013","42,231.38","42,231.38","42,231.38","42,231.38","","0.84%"
"29/08/2013","41,877.95","41,877.95","41,877.95","41,877.95","","0.13%"
"28/08/2013","41,823.43","41,823.43","41,823.43","41,823.43","","-1.05%"
"27/08/2013","42,265.18","42,265.18","42,265.18","42,265.18","","0.16%"
"26/08/2013","42,197.70","42,197.70","42,197.70","42,197.70","","0.33%"
"23/08/2013","42,059.96","42,059.96","42,059.96","42,059.96","","0.96%"
"22/08/2013","41,658.29","41,658.29","41,658.29","41,658.29","","-0.46%"
"21/08/2013","41,852.36","41,852.36","41,852.36","41,852.36","","0.43%"
"20/08/2013","41,673.06","41,673.06","41,673.06","41,673.06","","-0.57%"
"19/08/2013","41,910.57","41,910.57","41,910.57","41,910.57","","0.38%"
"16/08/2013","41,753.66","41,753.66","41,753.66","41,753.66","","-0.75%"
"15/08/2013","42,068.07","42,068.07","42,068.07","42,068.07","","-0.09%"
"14/08/2013","42,106.59","42,106.59","42,106.59","42,106.59","","0.04%"
"13/08/2013","42,090.61","42,090.61","42,090.61","42,090.61","","0.96%"
"12/08/2013","41,689.79","41,689.79","41,689.79","41,689.79","","1.06%"
"09/08/2013","41,253.34","41,253.34","41,253.34","41,253.34","","-0.12%"
"08/08/2013","41,304.22","41,304.22","41,304.22","41,304.22","","1.07%"
"07/08/2013","40,867.91","40,867.91","40,867.91","40,867.91","","-1.85%"
"06/08/2013","41,637.20","41,637.20","41,637.20","41,637.20","","-0.11%"
"05/08/2013","41,683.05","41,683.05","41,683.05","41,683.05","","-0.11%"
"02/08/2013","41,727.98","41,727.98","41,727.98","41,727.98","","1.09%"
"01/08/2013","41,277.23","41,277.23","41,277.23","41,277.23","","0.19%"
"31/07/2013","41,199.66","41,199.66","41,199.66","41,199.66","","0.09%"
"30/07/2013","41,160.70","41,160.70","41,160.70","41,160.70","","0.02%"
"29/07/2013","41,153.24","41,153.24","41,153.24","41,153.24","","0.09%"
"26/07/2013","41,118.17","41,118.17","41,118.17","41,118.17","","0.13%"
"25/07/2013","41,065.86","41,065.86","41,065.86","41,065.86","","0.01%"
"24/07/2013","41,061.45","41,061.45","41,061.45","41,061.45","","0.36%"
"23/07/2013","40,914.97","40,914.97","40,914.97","40,914.97","","0.30%"
"22/07/2013","40,790.64","40,790.64","40,790.64","40,790.64","","0.60%"
"19/07/2013","40,547.86","40,547.86","40,547.86","40,547.86","","-0.43%"
"18/07/2013","40,721.80","40,721.80","40,721.80","40,721.80","","0.24%"
"17/07/2013","40,626.07","40,626.07","40,626.07","40,626.07","","-0.09%"
"16/07/2013","40,661.41","40,661.41","40,661.41","40,661.41","","0.10%"
"15/07/2013","40,621.36","40,621.36","40,621.36","40,621.36","","0.15%"
"12/07/2013","40,562.47","40,562.47","40,562.47","40,562.47","","0.16%"
"11/07/2013","40,495.72","40,495.72","40,495.72","40,495.72","","1.31%"
"10/07/2013","39,970.99","39,970.99","39,970.99","39,970.99","","0.40%"
"09/07/2013","39,810.32","39,810.32","39,810.32","39,810.32","","1.50%"
"08/07/2013","39,222.14","39,222.14","39,222.14","39,222.14","","-0.67%"
"05/07/2013","39,484.88","39,484.88","39,484.88","39,484.88","","0.98%"
"04/07/2013","39,100.80","39,100.80","39,100.80","39,100.80","","1.07%"
"03/07/2013","38,688.04","38,688.04","38,688.04","38,688.04","","-1.86%"
"02/07/2013","39,420.98","39,420.98","39,420.98","39,420.98","","2.63%"
"01/07/2013","38,412.11","38,412.11","38,412.11","38,412.11","","-1.92%"
"28/06/2013","39,163.27","39,163.27","39,163.27","39,163.27","","-0.17%"
"27/06/2013","39,229.38","39,229.38","39,229.38","39,229.38","","1.68%"
"26/06/2013","38,580.63","38,580.63","38,580.63","38,580.63","","1.63%"
"25/06/2013","37,962.95","37,962.95","37,962.95","37,962.95","","-0.28%"
"24/06/2013","38,070.45","38,070.45","38,070.45","38,070.45","","-1.30%"
"21/06/2013","38,570.24","38,570.24","38,570.24","38,570.24","","-0.41%"
"20/06/2013","38,729.67","38,729.67","38,729.67","38,729.67","","-2.12%"
"19/06/2013","39,567.95","39,567.95","39,567.95","39,567.95","","0.98%"
"18/06/2013","39,185.16","39,185.16","39,185.16","39,185.16","","-0.24%"
"17/06/2013","39,279.02","39,279.02","39,279.02","39,279.02","","0.71%"
"14/06/2013","39,001.27","39,001.27","39,001.27","39,001.27","","2.04%"
"13/06/2013","38,219.92","38,219.92","38,219.92","38,219.92","","-0.61%"
"12/06/2013","38,453.46","38,453.46","38,453.46","38,453.46","","-0.69%"
"11/06/2013","38,718.86","38,718.86","38,718.86","38,718.86","","0.41%"
"07/06/2013","38,561.31","38,561.31","38,561.31","38,561.31","","-0.90%"
"06/06/2013","38,911.97","38,911.97","38,911.97","38,911.97","","-1.12%"
"05/06/2013","39,351.37","39,351.37","39,351.37","39,351.37","","-1.34%"
"04/06/2013","39,885.27","39,885.27","39,885.27","39,885.27","","0.26%"
"03/06/2013","39,783.54","39,783.54","39,783.54","39,783.54","","-0.77%"
"31/05/2013","40,093.75","40,093.75","40,093.75","40,093.75","","-0.08%"
"30/05/2013","40,127.23","40,127.23","40,127.23","40,127.23","","-0.71%"
"29/05/2013","40,412.21","40,412.21","40,412.21","40,412.21","","0.08%"
"28/05/2013","40,379.09","40,379.09","40,379.09","40,379.09","","0.23%"
"27/05/2013","40,286.68","40,286.68","40,286.68","40,286.68","","-0.47%"
"24/05/2013","40,478.71","40,478.71","40,478.71","40,478.71","","-1.56%"
"23/05/2013","41,119.96","41,119.96","41,119.96","41,119.96","","-1.99%"
"22/05/2013","41,953.72","41,953.72","41,953.72","41,953.72","","-0.28%"
"21/05/2013","42,073.05","42,073.05","42,073.05","42,073.05","","-0.56%"
"20/05/2013","42,308.41","42,308.41","42,308.41","42,308.41","","0.55%"
"17/05/2013","42,077.93","42,077.93","42,077.93","42,077.93","","0.30%"
"16/05/2013","41,953.32","41,953.32","41,953.32","41,953.32","","-0.50%"
"15/05/2013","42,164.47","42,164.47","42,164.47","42,164.47","","-0.56%"
"14/05/2013","42,402.24","42,402.24","42,402.24","42,402.24","","0.20%"
"13/05/2013","42,315.74","42,315.74","42,315.74","42,315.74","","0.33%"
"10/05/2013","42,178.25","42,178.25","42,178.25","42,178.25","","0.15%"
"09/05/2013","42,115.79","42,115.79","42,115.79","42,115.79","","0.13%"
"08/05/2013","42,060.27","42,060.27","42,060.27","42,060.27","","1.09%"
"07/05/2013","41,607.18","41,607.18","41,607.18","41,607.18","","-0.24%"
"06/05/2013","41,708.02","41,708.02","41,708.02","41,708.02","","0.52%"
"03/05/2013","41,490.27","41,490.27","41,490.27","41,490.27","","0.00%"
"02/05/2013","41,491.28","41,491.28","41,491.28","41,491.28","","-0.69%"
"01/05/2013","41,781.31","41,781.31","41,781.31","41,781.31","","-0.48%"
"30/04/2013","41,983.80","41,983.80","41,983.80","41,983.80","","1.28%"
"29/04/2013","41,454.77","41,454.77","41,454.77","41,454.77","","0.56%"
"26/04/2013","41,225.91","41,225.91","41,225.91","41,225.91","","-0.10%"
"24/04/2013","41,265.72","41,265.72","41,265.72","41,265.72","","1.72%"
"23/04/2013","40,568.61","40,568.61","40,568.61","40,568.61","","1.00%"
"22/04/2013","40,166.80","40,166.80","40,166.80","40,166.80","","0.70%"
"19/04/2013","39,886.66","39,886.66","39,886.66","39,886.66","","0.15%"
"18/04/2013","39,826.04","39,826.04","39,826.04","39,826.04","","-1.60%"
"17/04/2013","40,474.16","40,474.16","40,474.16","40,474.16","","1.08%"
"16/04/2013","40,039.79","40,039.79","40,039.79","40,039.79","","-0.34%"
"15/04/2013","40,177.77","40,177.77","40,177.77","40,177.77","","-0.91%"
"12/04/2013","40,546.20","40,546.20","40,546.20","40,546.20","","0.13%"
"11/04/2013","40,493.91","40,493.91","40,493.91","40,493.91","","0.79%"
"10/04/2013","40,177.90","40,177.90","40,177.90","40,177.90","","-0.18%"
"09/04/2013","40,248.52","40,248.52","40,248.52","40,248.52","","1.45%"
"08/04/2013","39,671.48","39,671.48","39,671.48","39,671.48","","0.29%"
"05/04/2013","39,556.74","39,556.74","39,556.74","39,556.74","","-0.44%"
"04/04/2013","39,733.34","39,733.34","39,733.34","39,733.34","","-0.89%"
"03/04/2013","40,090.76","40,090.76","40,090.76","40,090.76","","-0.56%"
"02/04/2013","40,315.81","40,315.81","40,315.81","40,315.81","","0.39%"
"28/03/2013","40,160.92","40,160.92","40,160.92","40,160.92","","-0.57%"
"27/03/2013","40,391.34","40,391.34","40,391.34","40,391.34","","0.90%"
"26/03/2013","40,029.49","40,029.49","40,029.49","40,029.49","","-0.80%"
"25/03/2013","40,352.56","40,352.56","40,352.56","40,352.56","","0.46%"
"22/03/2013","40,167.09","40,167.09","40,167.09","40,167.09","","0.18%"
"21/03/2013","40,096.21","40,096.21","40,096.21","40,096.21","","-0.15%"
"20/03/2013","40,157.76","40,157.76","40,157.76","40,157.76","","-0.40%"
"19/03/2013","40,319.86","40,319.86","40,319.86","40,319.86","","-0.56%"
"18/03/2013","40,545.46","40,545.46","40,545.46","40,545.46","","-1.97%"
"15/03/2013","41,360.16","41,360.16","41,360.16","41,360.16","","1.75%"
"14/03/2013","40,648.34","40,648.34","40,648.34","40,648.34","","-1.18%"
"13/03/2013","41,133.99","41,133.99","41,133.99","41,133.99","","-0.50%"
"12/03/2013","41,339.65","41,339.65","41,339.65","41,339.65","","-0.56%"
"11/03/2013","41,574.20","41,574.20","41,574.20","41,574.20","","0.46%"
"08/03/2013","41,384.66","41,384.66","41,384.66","41,384.66","","0.29%"
"07/03/2013","41,263.89","41,263.89","41,263.89","41,263.89","","-0.13%"
"06/03/2013","41,319.12","41,319.12","41,319.12","41,319.12","","0.86%"
"05/03/2013","40,965.05","40,965.05","40,965.05","40,965.05","","1.33%"
"04/03/2013","40,426.09","40,426.09","40,426.09","40,426.09","","-1.24%"
"01/03/2013","40,932.09","40,932.09","40,932.09","40,932.09","","-0.33%"
"28/02/2013","41,067.34","41,067.34","41,067.34","41,067.34","","1.37%"
"27/02/2013","40,510.98","40,510.98","40,510.98","40,510.98","","0.67%"
"26/02/2013","40,241.06","40,241.06","40,241.06","40,241.06","","-1.00%"
"25/02/2013","40,649.52","40,649.52","40,649.52","40,649.52","","0.84%"
"22/02/2013","40,311.45","40,311.45","40,311.45","40,311.45","","0.78%"
"21/02/2013","39,998.95","39,998.95","39,998.95","39,998.95","","-2.31%"
"20/02/2013","40,944.55","40,944.55","40,944.55","40,944.55","","0.34%"
"19/02/2013","40,807.43","40,807.43","40,807.43","40,807.43","","0.45%"
"18/02/2013","40,625.64","40,625.64","40,625.64","40,625.64","","0.95%"
"15/02/2013","40,244.46","40,244.46","40,244.46","40,244.46","","-0.05%"
"14/02/2013","40,266.56","40,266.56","40,266.56","40,266.56","","0.67%"
"13/02/2013","40,000.35","40,000.35","40,000.35","40,000.35","","0.90%"
"12/02/2013","39,642.80","39,642.80","39,642.80","39,642.80","","0.00%"
"11/02/2013","39,644.30","39,644.30","39,644.30","39,644.30","","-0.24%"
"08/02/2013","39,738.56","39,738.56","39,738.56","39,738.56","","0.79%"
"07/02/2013","39,428.58","39,428.58","39,428.58","39,428.58","","0.30%"
"06/02/2013","39,310.77","39,310.77","39,310.77","39,310.77","","0.78%"
"05/02/2013","39,005.34","39,005.34","39,005.34","39,005.34","","-0.51%"
"04/02/2013","39,203.42","39,203.42","39,203.42","39,203.42","","-0.28%"
"01/02/2013","39,311.91","39,311.91","39,311.91","39,311.91","","0.87%"
"31/01/2013","38,973.87","38,973.87","38,973.87","38,973.87","","-0.37%"
"30/01/2013","39,116.96","39,116.96","39,116.96","39,116.96","","0.16%"
"29/01/2013","39,055.31","39,055.31","39,055.31","39,055.31","","1.11%"
"25/01/2013","38,625.52","38,625.52","38,625.52","38,625.52","","0.52%"
"24/01/2013","38,426.21","38,426.21","38,426.21","38,426.21","","0.47%"
"23/01/2013","38,247.29","38,247.29","38,247.29","38,247.29","","0.18%"
"22/01/2013","38,177.40","38,177.40","38,177.40","38,177.40","","0.03%"
"21/01/2013","38,164.05","38,164.05","38,164.05","38,164.05","","0.13%"
"18/01/2013","38,113.95","38,113.95","38,113.95","38,113.95","","0.31%"
"17/01/2013","37,997.32","37,997.32","37,997.32","37,997.32","","0.38%"
"16/01/2013","37,852.08","37,852.08","37,852.08","37,852.08","","0.46%"
"15/01/2013","37,677.22","37,677.22","37,677.22","37,677.22","","-0.07%"
"14/01/2013","37,702.40","37,702.40","37,702.40","37,702.40","","0.22%"
"11/01/2013","37,620.75","37,620.75","37,620.75","37,620.75","","-0.29%"
"10/01/2013","37,728.36","37,728.36","37,728.36","37,728.36","","0.31%"
"09/01/2013","37,609.98","37,609.98","37,609.98","37,609.98","","0.38%"
"08/01/2013","37,467.09","37,467.09","37,467.09","37,467.09","","-0.57%"
"07/01/2013","37,683.37","37,683.37","37,683.37","37,683.37","","-0.13%"
"04/01/2013","37,732.26","37,732.26","37,732.26","37,732.26","","-0.36%"
"03/01/2013","37,867.27","37,867.27","37,867.27","37,867.27","","0.74%"
"02/01/2013","37,589.75","37,589.75","37,589.75","37,589.75","","1.23%"
"31/12/2012","37,134.53","37,134.53","37,134.53","37,134.53","","-0.48%"
"28/12/2012","37,313.05","37,313.05","37,313.05","37,313.05","","0.50%"
"27/12/2012","37,126.65","37,126.65","37,126.65","37,126.65","","0.28%"
"24/12/2012","37,024.61","37,024.61","37,024.61","37,024.61","","0.25%"
"21/12/2012","36,931.87","36,931.87","36,931.87","36,931.87","","-0.06%"
"20/12/2012","36,955.05","36,955.05","36,955.05","36,955.05","","0.35%"
"19/12/2012","36,824.82","36,824.82","36,824.82","36,824.82","","0.49%"
"18/12/2012","36,644.56","36,644.56","36,644.56","36,644.56","","0.48%"
"17/12/2012","36,470.64","36,470.64","36,470.64","36,470.64","","-0.21%"
"14/12/2012","36,548.10","36,548.10","36,548.10","36,548.10","","0.01%"
"13/12/2012","36,545.59","36,545.59","36,545.59","36,545.59","","-0.02%"
"12/12/2012","36,553.70","36,553.70","36,553.70","36,553.70","","0.17%"
"11/12/2012","36,490.77","36,490.77","36,490.77","36,490.77","","0.40%"
"10/12/2012","36,346.77","36,346.77","36,346.77","36,346.77","","0.14%"
"07/12/2012","36,294.16","36,294.16","36,294.16","36,294.16","","0.94%"
"06/12/2012","35,955.97","35,955.97","35,955.97","35,955.97","","-0.24%"
"05/12/2012","36,044.12","36,044.12","36,044.12","36,044.12","","0.37%"
"04/12/2012","35,909.96","35,909.96","35,909.96","35,909.96","","-0.62%"
"03/12/2012","36,132.69","36,132.69","36,132.69","36,132.69","","0.57%"
"30/11/2012","35,929.26","35,929.26","35,929.26","35,929.26","","0.63%"
"29/11/2012","35,703.57","35,703.57","35,703.57","35,703.57","","0.69%"
"28/11/2012","35,458.68","35,458.68","35,458.68","35,458.68","","-0.21%"
"27/11/2012","35,534.58","35,534.58","35,534.58","35,534.58","","0.74%"
"26/11/2012","35,272.86","35,272.86","35,272.86","35,272.86","","0.26%"
"23/11/2012","35,182.81","35,182.81","35,182.81","35,182.81","","0.00%"
"22/11/2012","35,183.29","35,183.29","35,183.29","35,183.29","","1.00%"
"21/11/2012","34,835.90","34,835.90","34,835.90","34,835.90","","-0.37%"
"20/11/2012","34,964.89","34,964.89","34,964.89","34,964.89","","0.58%"
"19/11/2012","34,764.77","34,764.77","34,764.77","34,764.77","","0.57%"
"16/11/2012","34,568.68","34,568.68","34,568.68","34,568.68","","-0.26%"
"15/11/2012","34,659.74","34,659.74","34,659.74","34,659.74","","-0.88%"
"14/11/2012","34,968.80","34,968.80","34,968.80","34,968.80","","0.20%"
"13/11/2012","34,900.14","34,900.14","34,900.14","34,900.14","","-1.53%"
"12/11/2012","35,443.80","35,443.80","35,443.80","35,443.80","","-0.31%"
"09/11/2012","35,555.29","35,555.29","35,555.29","35,555.29","","-0.06%"
"08/11/2012","35,576.14","35,576.14","35,576.14","35,576.14","","-0.53%"
"07/11/2012","35,764.32","35,764.32","35,764.32","35,764.32","","0.71%"
"06/11/2012","35,513.59","35,513.59","35,513.59","35,513.59","","0.24%"
"05/11/2012","35,429.03","35,429.03","35,429.03","35,429.03","","0.32%"
"02/11/2012","35,317.64","35,317.64","35,317.64","35,317.64","","0.08%"
"01/11/2012","35,290.23","35,290.23","35,290.23","35,290.23","","-1.31%"
"31/10/2012","35,760.08","35,760.08","35,760.08","35,760.08","","0.70%"
"30/10/2012","35,512.20","35,512.20","35,512.20","35,512.20","","0.20%"
"29/10/2012","35,442.30","35,442.30","35,442.30","35,442.30","","0.10%"
"26/10/2012","35,406.10","35,406.10","35,406.10","35,406.10","","-0.85%"
"25/10/2012","35,707.89","35,707.89","35,707.89","35,707.89","","0.10%"
"24/10/2012","35,670.81","35,670.81","35,670.81","35,670.81","","-0.82%"
"23/10/2012","35,965.74","35,965.74","35,965.74","35,965.74","","0.05%"
"22/10/2012","35,946.81","35,946.81","35,946.81","35,946.81","","-0.66%"
"19/10/2012","36,183.82","36,183.82","36,183.82","36,183.82","","0.26%"
"18/10/2012","36,091.68","36,091.68","36,091.68","36,091.68","","0.69%"
"17/10/2012","35,844.49","35,844.49","35,844.49","35,844.49","","0.82%"
"16/10/2012","35,553.90","35,553.90","35,553.90","35,553.90","","0.18%"
"15/10/2012","35,490.02","35,490.02","35,490.02","35,490.02","","-0.07%"
"12/10/2012","35,514.79","35,514.79","35,514.79","35,514.79","","0.07%"
"11/10/2012","35,490.63","35,490.63","35,490.63","35,490.63","","-0.16%"
"10/10/2012","35,547.72","35,547.72","35,547.72","35,547.72","","-0.32%"
"09/10/2012","35,663.10","35,663.10","35,663.10","35,663.10","","0.52%"
"08/10/2012","35,477.15","35,477.15","35,477.15","35,477.15","","-0.28%"
"05/10/2012","35,575.11","35,575.11","35,575.11","35,575.11","","0.94%"
"04/10/2012","35,242.45","35,242.45","35,242.45","35,242.45","","0.31%"
"03/10/2012","35,133.26","35,133.26","35,133.26","35,133.26","","0.13%"
"02/10/2012","35,087.90","35,087.90","35,087.90","35,087.90","","1.01%"
"01/10/2012","34,736.37","34,736.37","34,736.37","34,736.37","","0.04%"
"28/09/2012","34,723.66","34,723.66","34,723.66","34,723.66","","0.07%"
"27/09/2012","34,699.78","34,699.78","34,699.78","34,699.78","","0.52%"
"26/09/2012","34,521.17","34,521.17","34,521.17","34,521.17","","-0.26%"
"25/09/2012","34,609.61","34,609.61","34,609.61","34,609.61","","-0.29%"
"24/09/2012","34,709.41","34,709.41","34,709.41","34,709.41","","-0.48%"
"21/09/2012","34,877.10","34,877.10","34,877.10","34,877.10","","0.26%"
"20/09/2012","34,787.89","34,787.89","34,787.89","34,787.89","","-0.48%"
"19/09/2012","34,955.08","34,955.08","34,955.08","34,955.08","","0.54%"
"18/09/2012","34,768.12","34,768.12","34,768.12","34,768.12","","-0.17%"
"17/09/2012","34,826.82","34,826.82","34,826.82","34,826.82","","0.34%"
"14/09/2012","34,708.20","34,708.20","34,708.20","34,708.20","","1.16%"
"13/09/2012","34,308.66","34,308.66","34,308.66","34,308.66","","-0.50%"
"12/09/2012","34,479.88","34,479.88","34,479.88","34,479.88","","0.82%"
"11/09/2012","34,199.48","34,199.48","34,199.48","34,199.48","","-0.18%"
"10/09/2012","34,260.83","34,260.83","34,260.83","34,260.83","","0.29%"
"07/09/2012","34,161.67","34,161.67","34,161.67","34,161.67","","0.30%"
"06/09/2012","34,058.16","34,058.16","34,058.16","34,058.16","","0.82%"
"05/09/2012","33,782.70","33,782.70","33,782.70","33,782.70","","-0.57%"
"04/09/2012","33,975.34","33,975.34","33,975.34","33,975.34","","-0.59%"
"03/09/2012","34,177.05","34,177.05","34,177.05","34,177.05","","0.57%"
"31/08/2012","33,981.77","33,981.77","33,981.77","33,981.77","","0.02%"
"30/08/2012","33,975.09","33,975.09","33,975.09","33,975.09","","-0.87%"
"29/08/2012","34,274.53","34,274.53","34,274.53","34,274.53","","-0.07%"
"28/08/2012","34,297.61","34,297.61","34,297.61","34,297.61","","0.42%"
"27/08/2012","34,154.15","34,154.15","34,154.15","34,154.15","","-0.03%"
"24/08/2012","34,163.32","34,163.32","34,163.32","34,163.32","","-0.74%"
"23/08/2012","34,417.42","34,417.42","34,417.42","34,417.42","","0.19%"
"22/08/2012","34,352.35","34,352.35","34,352.35","34,352.35","","-0.15%"
"21/08/2012","34,405.24","34,405.24","34,405.24","34,405.24","","0.55%"
"20/08/2012","34,218.69","34,218.69","34,218.69","34,218.69","","0.34%"
"17/08/2012","34,103.30","34,103.30","34,103.30","34,103.30","","0.92%"
"16/08/2012","33,791.66","33,791.66","33,791.66","33,791.66","","1.16%"
"15/08/2012","33,404.46","33,404.46","33,404.46","33,404.46","","-0.23%"
"14/08/2012","33,480.25","33,480.25","33,480.25","33,480.25","","0.22%"
"13/08/2012","33,407.88","33,407.88","33,407.88","33,407.88","","0.22%"
"10/08/2012","33,334.21","33,334.21","33,334.21","33,334.21","","-0.72%"
"09/08/2012","33,575.59","33,575.59","33,575.59","33,575.59","","-0.10%"
"08/08/2012","33,608.99","33,608.99","33,608.99","33,608.99","","0.49%"
"07/08/2012","33,445.36","33,445.36","33,445.36","33,445.36","","0.44%"
"06/08/2012","33,297.46","33,297.46","33,297.46","33,297.46","","1.21%"
"03/08/2012","32,899.18","32,899.18","32,899.18","32,899.18","","-1.13%"
"02/08/2012","33,273.71","33,273.71","33,273.71","33,273.71","","0.16%"
"01/08/2012","33,220.90","33,220.90","33,220.90","33,220.90","","-0.15%"
"31/07/2012","33,270.37","33,270.37","33,270.37","33,270.37","","0.55%"
"30/07/2012","33,087.66","33,087.66","33,087.66","33,087.66","","0.85%"
"27/07/2012","32,807.59","32,807.59","32,807.59","32,807.59","","1.50%"
"26/07/2012","32,324.12","32,324.12","32,324.12","32,324.12","","0.58%"
"25/07/2012","32,138.75","32,138.75","32,138.75","32,138.75","","-0.22%"
"24/07/2012","32,211.11","32,211.11","32,211.11","32,211.11","","0.10%"
"23/07/2012","32,177.67","32,177.67","32,177.67","32,177.67","","-1.67%"
"20/07/2012","32,724.62","32,724.62","32,724.62","32,724.62","","-0.18%"
"19/07/2012","32,783.61","32,783.61","32,783.61","32,783.61","","2.02%"
"18/07/2012","32,136.04","32,136.04","32,136.04","32,136.04","","-0.42%"
"17/07/2012","32,270.08","32,270.08","32,270.08","32,270.08","","0.87%"
"16/07/2012","31,991.90","31,991.90","31,991.90","31,991.90","","0.56%"
"13/07/2012","31,813.76","31,813.76","31,813.76","31,813.76","","0.35%"
"12/07/2012","31,702.52","31,702.52","31,702.52","31,702.52","","-0.70%"
"11/07/2012","31,925.16","31,925.16","31,925.16","31,925.16","","-0.04%"
"10/07/2012","31,936.70","31,936.70","31,936.70","31,936.70","","-0.49%"
"09/07/2012","32,094.49","32,094.49","32,094.49","32,094.49","","-0.95%"
"06/07/2012","32,402.63","32,402.63","32,402.63","32,402.63","","-0.27%"
"05/07/2012","32,490.60","32,490.60","32,490.60","32,490.60","","-0.07%"
"04/07/2012","32,513.70","32,513.70","32,513.70","32,513.70","","1.09%"
"03/07/2012","32,163.48","32,163.48","32,163.48","32,163.48","","-0.13%"
"02/07/2012","32,204.43","32,204.43","32,204.43","32,204.43","","0.94%"
"29/06/2012","31,904.52","31,904.52","31,904.52","31,904.52","","1.23%"
"28/06/2012","31,516.52","31,516.52","31,516.52","31,516.52","","0.04%"
"27/06/2012","31,503.56","31,503.56","31,503.56","31,503.56","","0.74%"
"26/06/2012","31,270.80","31,270.80","31,270.80","31,270.80","","-0.36%"
"25/06/2012","31,383.88","31,383.88","31,383.88","31,383.88","","-0.31%"
"22/06/2012","31,481.55","31,481.55","31,481.55","31,481.55","","-0.96%"
"21/06/2012","31,787.61","31,787.61","31,787.61","31,787.61","","-1.09%"
"20/06/2012","32,136.60","32,136.60","32,136.60","32,136.60","","0.22%"
"19/06/2012","32,065.72","32,065.72","32,065.72","32,065.72","","-0.33%"
"18/06/2012","32,171.27","32,171.27","32,171.27","32,171.27","","1.96%"
"15/06/2012","31,552.49","31,552.49","31,552.49","31,552.49","","0.37%"
"14/06/2012","31,435.10","31,435.10","31,435.10","31,435.10","","-0.53%"
"13/06/2012","31,602.68","31,602.68","31,602.68","31,602.68","","-0.22%"
"12/06/2012","31,673.39","31,673.39","31,673.39","31,673.39","","0.23%"
"08/06/2012","31,601.96","31,601.96","31,601.96","31,601.96","","-1.09%"
"07/06/2012","31,950.94","31,950.94","31,950.94","31,950.94","","1.32%"
"06/06/2012","31,535.45","31,535.45","31,535.45","31,535.45","","0.29%"
"05/06/2012","31,445.25","31,445.25","31,445.25","31,445.25","","1.47%"
"04/06/2012","30,989.03","30,989.03","30,989.03","30,989.03","","-1.93%"
"01/06/2012","31,599.36","31,599.36","31,599.36","31,599.36","","-0.30%"
"31/05/2012","31,695.60","31,695.60","31,695.60","31,695.60","","-0.23%"
"30/05/2012","31,769.67","31,769.67","31,769.67","31,769.67","","-0.49%"
"29/05/2012","31,926.28","31,926.28","31,926.28","31,926.28","","1.14%"
"28/05/2012","31,566.34","31,566.34","31,566.34","31,566.34","","0.98%"
"25/05/2012","31,260.99","31,260.99","31,260.99","31,260.99","","-0.66%"
"24/05/2012","31,467.38","31,467.38","31,467.38","31,467.38","","-0.27%"
"23/05/2012","31,552.35","31,552.35","31,552.35","31,552.35","","-1.31%"
"22/05/2012","31,971.05","31,971.05","31,971.05","31,971.05","","1.16%"
"21/05/2012","31,603.46","31,603.46","31,603.46","31,603.46","","0.67%"
"18/05/2012","31,391.84","31,391.84","31,391.84","31,391.84","","-2.66%"
"17/05/2012","32,250.82","32,250.82","32,250.82","32,250.82","","-0.19%"
"16/05/2012","32,313.77","32,313.77","32,313.77","32,313.77","","-2.36%"
"15/05/2012","33,095.32","33,095.32","33,095.32","33,095.32","","-0.71%"
"14/05/2012","33,333.61","33,333.61","33,333.61","33,333.61","","0.52%"
"11/05/2012","33,160.20","33,160.20","33,160.20","33,160.20","","-0.24%"
"10/05/2012","33,241.31","33,241.31","33,241.31","33,241.31","","0.65%"
"09/05/2012","33,025.96","33,025.96","33,025.96","33,025.96","","-0.91%"
"08/05/2012","33,329.32","33,329.32","33,329.32","33,329.32","","0.30%"
"07/05/2012","33,228.46","33,228.46","33,228.46","33,228.46","","-2.12%"
"04/05/2012","33,949.20","33,949.20","33,949.20","33,949.20","","-0.74%"
"03/05/2012","34,203.43","34,203.43","34,203.43","34,203.43","","-0.16%"
"02/05/2012","34,257.11","34,257.11","34,257.11","34,257.11","","0.15%"
"01/05/2012","34,205.22","34,205.22","34,205.22","34,205.22","","0.75%"
"30/04/2012","33,950.94","33,950.94","33,950.94","33,950.94","","0.80%"
"27/04/2012","33,682.75","33,682.75","33,682.75","33,682.75","","-0.30%"
"26/04/2012","33,784.29","33,784.29","33,784.29","33,784.29","","0.34%"
"24/04/2012","33,670.36","33,670.36","33,670.36","33,670.36","","0.18%"
"23/04/2012","33,608.47","33,608.47","33,608.47","33,608.47","","-0.32%"
"20/04/2012","33,717.13","33,717.13","33,717.13","33,717.13","","0.09%"
"19/04/2012","33,688.00","33,688.00","33,688.00","33,688.00","","0.32%"
"18/04/2012","33,579.38","33,579.38","33,579.38","33,579.38","","1.40%"
"17/04/2012","33,117.02","33,117.02","33,117.02","33,117.02","","-0.31%"
"16/04/2012","33,221.63","33,221.63","33,221.63","33,221.63","","-0.49%"
"13/04/2012","33,383.59","33,383.59","33,383.59","33,383.59","","1.00%"
"12/04/2012","33,054.11","33,054.11","33,054.11","33,054.11","","0.81%"
"11/04/2012","32,787.60","32,787.60","32,787.60","32,787.60","","-1.07%"
"10/04/2012","33,143.61","33,143.61","33,143.61","33,143.61","","-0.64%"
"05/04/2012","33,356.08","33,356.08","33,356.08","33,356.08","","-0.32%"
"04/04/2012","33,463.39","33,463.39","33,463.39","33,463.39","","-0.07%"
"03/04/2012","33,486.19","33,486.19","33,486.19","33,486.19","","0.18%"
"02/04/2012","33,426.24","33,426.24","33,426.24","33,426.24","","-0.14%"
"30/03/2012","33,472.33","33,472.33","33,472.33","33,472.33","","-0.06%"
"29/03/2012","33,492.30","33,492.30","33,492.30","33,492.30","","-0.13%"
"28/03/2012","33,535.61","33,535.61","33,535.61","33,535.61","","0.98%"
"27/03/2012","33,209.19","33,209.19","33,209.19","33,209.19","","0.90%"
"26/03/2012","32,911.70","32,911.70","32,911.70","32,911.70","","-0.15%"
"23/03/2012","32,960.69","32,960.69","32,960.69","32,960.69","","-0.07%"
"22/03/2012","32,984.41","32,984.41","32,984.41","32,984.41","","0.46%"
"21/03/2012","32,833.41","32,833.41","32,833.41","32,833.41","","-0.49%"
"20/03/2012","32,993.70","32,993.70","32,993.70","32,993.70","","-0.37%"
"19/03/2012","33,115.46","33,115.46","33,115.46","33,115.46","","0.43%"
"16/03/2012","32,974.64","32,974.64","32,974.64","32,974.64","","-0.04%"
"15/03/2012","32,986.51","32,986.51","32,986.51","32,986.51","","-0.22%"
"14/03/2012","33,058.03","33,058.03","33,058.03","33,058.03","","0.95%"
"13/03/2012","32,746.82","32,746.82","32,746.82","32,746.82","","1.21%"
"12/03/2012","32,353.99","32,353.99","32,353.99","32,353.99","","-0.36%"
"09/03/2012","32,471.95","32,471.95","32,471.95","32,471.95","","1.00%"
"08/03/2012","32,149.48","32,149.48","32,149.48","32,149.48","","0.67%"
"07/03/2012","31,934.55","31,934.55","31,934.55","31,934.55","","-1.44%"
"06/03/2012","32,401.74","32,401.74","32,401.74","32,401.74","","-1.36%"
"05/03/2012","32,849.10","32,849.10","32,849.10","32,849.10","","-0.12%"
"02/03/2012","32,887.44","32,887.44","32,887.44","32,887.44","","0.42%"
"01/03/2012","32,750.32","32,750.32","32,750.32","32,750.32","","-0.96%"
"29/02/2012","33,068.21","33,068.21","33,068.21","33,068.21","","0.90%"
"28/02/2012","32,773.02","32,773.02","32,773.02","32,773.02","","-0.08%"
"27/02/2012","32,799.84","32,799.84","32,799.84","32,799.84","","-0.59%"
"24/02/2012","32,993.60","32,993.60","32,993.60","32,993.60","","0.51%"
"23/02/2012","32,827.08","32,827.08","32,827.08","32,827.08","","-0.14%"
"22/02/2012","32,872.04","32,872.04","32,872.04","32,872.04","","0.05%"
"21/02/2012","32,855.25","32,855.25","32,855.25","32,855.25","","0.91%"
"20/02/2012","32,557.85","32,557.85","32,557.85","32,557.85","","1.84%"
"17/02/2012","31,970.99","31,970.99","31,970.99","31,970.99","","0.34%"
"16/02/2012","31,862.64","31,862.64","31,862.64","31,862.64","","-1.68%"
"15/02/2012","32,407.04","32,407.04","32,407.04","32,407.04","","0.25%"
"14/02/2012","32,326.51","32,326.51","32,326.51","32,326.51","","-0.98%"
"13/02/2012","32,645.30","32,645.30","32,645.30","32,645.30","","0.94%"
"10/02/2012","32,341.05","32,341.05","32,341.05","32,341.05","","-0.88%"
"09/02/2012","32,627.02","32,627.02","32,627.02","32,627.02","","-0.11%"
"08/02/2012","32,662.19","32,662.19","32,662.19","32,662.19","","0.39%"
"07/02/2012","32,536.47","32,536.47","32,536.47","32,536.47","","-0.51%"
"06/02/2012","32,702.33","32,702.33","32,702.33","32,702.33","","1.05%"
"03/02/2012","32,361.20","32,361.20","32,361.20","32,361.20","","-0.39%"
"02/02/2012","32,488.13","32,488.13","32,488.13","32,488.13","","1.00%"
"01/02/2012","32,167.04","32,167.04","32,167.04","32,167.04","","-0.87%"
"31/01/2012","32,448.82","32,448.82","32,448.82","32,448.82","","-0.24%"
"30/01/2012","32,525.38","32,525.38","32,525.38","32,525.38","","-0.36%"
"27/01/2012","32,644.35","32,644.35","32,644.35","32,644.35","","0.40%"
"25/01/2012","32,514.70","32,514.70","32,514.70","32,514.70","","1.12%"
"24/01/2012","32,156.08","32,156.08","32,156.08","32,156.08","","-0.02%"
"23/01/2012","32,162.74","32,162.74","32,162.74","32,162.74","","-0.34%"
"20/01/2012","32,273.37","32,273.37","32,273.37","32,273.37","","0.59%"
"19/01/2012","32,083.47","32,083.47","32,083.47","32,083.47","","-0.07%"
"18/01/2012","32,107.11","32,107.11","32,107.11","32,107.11","","0.05%"
"17/01/2012","32,090.01","32,090.01","32,090.01","32,090.01","","1.65%"
"16/01/2012","31,569.36","31,569.36","31,569.36","31,569.36","","-1.16%"
"13/01/2012","31,939.71","31,939.71","31,939.71","31,939.71","","0.36%"
"12/01/2012","31,826.35","31,826.35","31,826.35","31,826.35","","-0.16%"
"11/01/2012","31,876.03","31,876.03","31,876.03","31,876.03","","0.85%"
"10/01/2012","31,607.43","31,607.43","31,607.43","31,607.43","","1.14%"
"09/01/2012","31,251.26","31,251.26","31,251.26","31,251.26","","-0.07%"
"06/01/2012","31,274.64","31,274.64","31,274.64","31,274.64","","-0.82%"
"05/01/2012","31,534.70","31,534.70","31,534.70","31,534.70","","-1.08%"
"04/01/2012","31,878.44","31,878.44","31,878.44","31,878.44","","2.11%"
"03/01/2012","31,218.59","31,218.59","31,218.59","31,218.59","","1.10%"
"30/12/2011","30,879.12","30,879.12","30,879.12","30,879.12","","-0.36%"
"29/12/2011","30,989.60","30,989.60","30,989.60","30,989.60","","-0.43%"
"28/12/2011","31,124.22","31,124.22","31,124.22","31,124.22","","-1.25%"
"23/12/2011","31,517.42","31,517.42","31,517.42","31,517.42","","1.21%"
"22/12/2011","31,139.92","31,139.92","31,139.92","31,139.92","","-1.01%"
"21/12/2011","31,458.92","31,458.92","31,458.92","31,458.92","","2.13%"
"20/12/2011","30,802.18","30,802.18","30,802.18","30,802.18","","-0.18%"
"19/12/2011","30,857.46","30,857.46","30,857.46","30,857.46","","-2.38%"
"16/12/2011","31,608.67","31,608.67","31,608.67","31,608.67","","0.47%"
"15/12/2011","31,460.91","31,460.91","31,460.91","31,460.91","","-1.21%"
"14/12/2011","31,845.83","31,845.83","31,845.83","31,845.83","","-0.07%"
"13/12/2011","31,867.88","31,867.88","31,867.88","31,867.88","","-1.40%"
"12/12/2011","32,319.65","32,319.65","32,319.65","32,319.65","","1.19%"
"09/12/2011","31,940.43","31,940.43","31,940.43","31,940.43","","-1.81%"
"08/12/2011","32,527.71","32,527.71","32,527.71","32,527.71","","-0.27%"
"07/12/2011","32,617.24","32,617.24","32,617.24","32,617.24","","0.72%"
"06/12/2011","32,383.64","32,383.64","32,383.64","32,383.64","","-1.37%"
"05/12/2011","32,834.55","32,834.55","32,834.55","32,834.55","","0.78%"
"02/12/2011","32,581.37","32,581.37","32,581.37","32,581.37","","1.40%"
"01/12/2011","32,130.38","32,130.38","32,130.38","32,130.38","","2.64%"
"30/11/2011","31,302.54","31,302.54","31,302.54","31,302.54","","0.43%"
"29/11/2011","31,167.94","31,167.94","31,167.94","31,167.94","","1.08%"
"28/11/2011","30,834.37","30,834.37","30,834.37","30,834.37","","1.85%"
"25/11/2011","30,273.18","30,273.18","30,273.18","30,273.18","","-1.48%"
"24/11/2011","30,728.07","30,728.07","30,728.07","30,728.07","","-0.17%"
"23/11/2011","30,779.79","30,779.79","30,779.79","30,779.79","","-1.98%"
"22/11/2011","31,402.70","31,402.70","31,402.70","31,402.70","","-0.72%"
"21/11/2011","31,630.84","31,630.84","31,630.84","31,630.84","","-0.32%"
"18/11/2011","31,733.38","31,733.38","31,733.38","31,733.38","","-1.91%"
"17/11/2011","32,350.77","32,350.77","32,350.77","32,350.77","","0.27%"
"16/11/2011","32,264.30","32,264.30","32,264.30","32,264.30","","-0.89%"
"15/11/2011","32,554.81","32,554.81","32,554.81","32,554.81","","-0.44%"
"14/11/2011","32,698.63","32,698.63","32,698.63","32,698.63","","0.21%"
"11/11/2011","32,631.34","32,631.34","32,631.34","32,631.34","","1.24%"
"10/11/2011","32,233.24","32,233.24","32,233.24","32,233.24","","-1.97%"
"09/11/2011","32,879.98","32,879.98","32,879.98","32,879.98","","1.23%"
"08/11/2011","32,482.04","32,482.04","32,482.04","32,482.04","","0.48%"
"07/11/2011","32,327.50","32,327.50","32,327.50","32,327.50","","0.08%"
"04/11/2011","32,302.32","32,302.32","32,302.32","32,302.32","","2.62%"
"03/11/2011","31,477.53","31,477.53","31,477.53","31,477.53","","-0.31%"
"02/11/2011","31,574.35","31,574.35","31,574.35","31,574.35","","-1.14%"
"01/11/2011","31,938.52","31,938.52","31,938.52","31,938.52","","-1.52%"
"31/10/2011","32,430.56","32,430.56","32,430.56","32,430.56","","-1.27%"
"28/10/2011","32,846.68","32,846.68","32,846.68","32,846.68","","0.13%"
"27/10/2011","32,804.84","32,804.84","32,804.84","32,804.84","","2.49%"
"26/10/2011","32,007.85","32,007.85","32,007.85","32,007.85","","0.35%"
"25/10/2011","31,897.29","31,897.29","31,897.29","31,897.29","","-0.64%"
"24/10/2011","32,102.23","32,102.23","32,102.23","32,102.23","","2.73%"
"21/10/2011","31,248.43","31,248.43","31,248.43","31,248.43","","-0.07%"
"20/10/2011","31,271.49","31,271.49","31,271.49","31,271.49","","-1.63%"
"19/10/2011","31,790.40","31,790.40","31,790.40","31,790.40","","0.64%"
"18/10/2011","31,588.03","31,588.03","31,588.03","31,588.03","","-2.07%"
"17/10/2011","32,255.81","32,255.81","32,255.81","32,255.81","","1.66%"
"14/10/2011","31,729.47","31,729.47","31,729.47","31,729.47","","-0.92%"
"13/10/2011","32,022.93","32,022.93","32,022.93","32,022.93","","0.96%"
"12/10/2011","31,719.07","31,719.07","31,719.07","31,719.07","","-0.55%"
"11/10/2011","31,894.63","31,894.63","31,894.63","31,894.63","","0.63%"
"10/10/2011","31,693.94","31,693.94","31,693.94","31,693.94","","0.92%"
"07/10/2011","31,405.67","31,405.67","31,405.67","31,405.67","","2.28%"
"06/10/2011","30,704.23","30,704.23","30,704.23","30,704.23","","3.65%"
"05/10/2011","29,622.38","29,622.38","29,622.38","29,622.38","","1.40%"
"04/10/2011","29,212.13","29,212.13","29,212.13","29,212.13","","-0.63%"
"03/10/2011","29,397.66","29,397.66","29,397.66","29,397.66","","-2.78%"
"30/09/2011","30,239.41","30,239.41","30,239.41","30,239.41","","0.02%"
"29/09/2011","30,234.77","30,234.77","30,234.77","30,234.77","","-0.77%"
"28/09/2011","30,470.55","30,470.55","30,470.55","30,470.55","","0.87%"
"27/09/2011","30,206.85","30,206.85","30,206.85","30,206.85","","3.64%"
"26/09/2011","29,145.71","29,145.71","29,145.71","29,145.71","","-0.95%"
"23/09/2011","29,426.26","29,426.26","29,426.26","29,426.26","","-1.56%"
"22/09/2011","29,891.24","29,891.24","29,891.24","29,891.24","","-2.62%"
"21/09/2011","30,696.05","30,696.05","30,696.05","30,696.05","","0.78%"
"20/09/2011","30,458.16","30,458.16","30,458.16","30,458.16","","-1.01%"
"19/09/2011","30,768.27","30,768.27","30,768.27","30,768.27","","-1.61%"
"16/09/2011","31,270.96","31,270.96","31,270.96","31,270.96","","1.91%"
"15/09/2011","30,684.80","30,684.80","30,684.80","30,684.80","","1.67%"
"14/09/2011","30,179.77","30,179.77","30,179.77","30,179.77","","-1.64%"
"13/09/2011","30,683.71","30,683.71","30,683.71","30,683.71","","0.85%"
"12/09/2011","30,426.35","30,426.35","30,426.35","30,426.35","","-3.61%"
"09/09/2011","31,567.35","31,567.35","31,567.35","31,567.35","","0.17%"
"08/09/2011","31,515.33","31,515.33","31,515.33","31,515.33","","0.11%"
"07/09/2011","31,479.60","31,479.60","31,479.60","31,479.60","","2.65%"
"06/09/2011","30,668.01","30,668.01","30,668.01","30,668.01","","-1.60%"
"05/09/2011","31,165.34","31,165.34","31,165.34","31,165.34","","-2.14%"
"02/09/2011","31,846.26","31,846.26","31,846.26","31,846.26","","-1.47%"
"01/09/2011","32,322.45","32,322.45","32,322.45","32,322.45","","0.33%"
"31/08/2011","32,214.85","32,214.85","32,214.85","32,214.85","","0.66%"
"30/08/2011","32,002.80","32,002.80","32,002.80","32,002.80","","0.14%"
"29/08/2011","31,958.01","31,958.01","31,958.01","31,958.01","","1.63%"
"26/08/2011","31,445.24","31,445.24","31,445.24","31,445.24","","-0.30%"
"25/08/2011","31,539.08","31,539.08","31,539.08","31,539.08","","1.15%"
"24/08/2011","31,179.26","31,179.26","31,179.26","31,179.26","","-0.12%"
"23/08/2011","31,217.14","31,217.14","31,217.14","31,217.14","","2.36%"
"22/08/2011","30,498.54","30,498.54","30,498.54","30,498.54","","-0.26%"
"19/08/2011","30,578.23","30,578.23","30,578.23","30,578.23","","-3.50%"
"18/08/2011","31,686.43","31,686.43","31,686.43","31,686.43","","-1.23%"
"17/08/2011","32,079.48","32,079.48","32,079.48","32,079.48","","1.34%"
"16/08/2011","31,656.44","31,656.44","31,656.44","31,656.44","","-0.82%"
"15/08/2011","31,917.43","31,917.43","31,917.43","31,917.43","","2.94%"
"12/08/2011","31,005.98","31,005.98","31,005.98","31,005.98","","0.78%"
"11/08/2011","30,765.98","30,765.98","30,765.98","30,765.98","","-0.01%"
"10/08/2011","30,768.76","30,768.76","30,768.76","30,768.76","","2.74%"
"09/08/2011","29,948.71","29,948.71","29,948.71","29,948.71","","1.22%"
"08/08/2011","29,587.07","29,587.07","29,587.07","29,587.07","","-2.91%"
"05/08/2011","30,472.60","30,472.60","30,472.60","30,472.60","","-4.00%"
"04/08/2011","31,742.76","31,742.76","31,742.76","31,742.76","","-1.30%"
"03/08/2011","32,160.11","32,160.11","32,160.11","32,160.11","","-2.27%"
"02/08/2011","32,908.30","32,908.30","32,908.30","32,908.30","","-1.43%"
"01/08/2011","33,384.67","33,384.67","33,384.67","33,384.67","","1.65%"
"29/07/2011","32,841.59","32,841.59","32,841.59","32,841.59","","-0.88%"
"28/07/2011","33,132.01","33,132.01","33,132.01","33,132.01","","-1.62%"
"27/07/2011","33,678.24","33,678.24","33,678.24","33,678.24","","-0.79%"
"26/07/2011","33,945.21","33,945.21","33,945.21","33,945.21","","0.95%"
"25/07/2011","33,626.21","33,626.21","33,626.21","33,626.21","","-1.58%"
"22/07/2011","34,164.30","34,164.30","34,164.30","34,164.30","","1.03%"
"21/07/2011","33,816.75","33,816.75","33,816.75","33,816.75","","0.14%"
"20/07/2011","33,769.84","33,769.84","33,769.84","33,769.84","","1.83%"
"19/07/2011","33,164.47","33,164.47","33,164.47","33,164.47","","-0.09%"
"18/07/2011","33,192.86","33,192.86","33,192.86","33,192.86","","-0.03%"
"15/07/2011","33,204.34","33,204.34","33,204.34","33,204.34","","-0.38%"
"14/07/2011","33,332.18","33,332.18","33,332.18","33,332.18","","-0.53%"
"13/07/2011","33,510.51","33,510.51","33,510.51","33,510.51","","0.43%"
"12/07/2011","33,367.07","33,367.07","33,367.07","33,367.07","","-1.90%"
"11/07/2011","34,011.80","34,011.80","34,011.80","34,011.80","","-1.56%"
"08/07/2011","34,549.41","34,549.41","34,549.41","34,549.41","","1.07%"
"07/07/2011","34,184.14","34,184.14","34,184.14","34,184.14","","0.01%"
"06/07/2011","34,179.90","34,179.90","34,179.90","34,179.90","","0.15%"
"05/07/2011","34,128.52","34,128.52","34,128.52","34,128.52","","-0.27%"
"04/07/2011","34,222.27","34,222.27","34,222.27","34,222.27","","0.43%"
"01/07/2011","34,077.10","34,077.10","34,077.10","34,077.10","","-0.36%"
"30/06/2011","34,200.68","34,200.68","34,200.68","34,200.68","","1.73%"
"29/06/2011","33,618.17","33,618.17","33,618.17","33,618.17","","1.23%"
"28/06/2011","33,208.36","33,208.36","33,208.36","33,208.36","","0.28%"
"27/06/2011","33,115.76","33,115.76","33,115.76","33,115.76","","-1.03%"
"24/06/2011","33,459.54","33,459.54","33,459.54","33,459.54","","0.32%"
"23/06/2011","33,352.25","33,352.25","33,352.25","33,352.25","","-0.71%"
"22/06/2011","33,589.96","33,589.96","33,589.96","33,589.96","","0.54%"
"21/06/2011","33,409.16","33,409.16","33,409.16","33,409.16","","1.27%"
"20/06/2011","32,990.82","32,990.82","32,990.82","32,990.82","","-0.73%"
"17/06/2011","33,232.86","33,232.86","33,232.86","33,232.86","","0.13%"
"16/06/2011","33,190.76","33,190.76","33,190.76","33,190.76","","-1.92%"
"15/06/2011","33,839.28","33,839.28","33,839.28","33,839.28","","-0.40%"
"14/06/2011","33,974.02","33,974.02","33,974.02","33,974.02","","0.50%"
"10/06/2011","33,804.79","33,804.79","33,804.79","33,804.79","","0.27%"
"09/06/2011","33,712.34","33,712.34","33,712.34","33,712.34","","0.28%"
"08/06/2011","33,617.02","33,617.02","33,617.02","33,617.02","","-0.65%"
"07/06/2011","33,836.13","33,836.13","33,836.13","33,836.13","","-0.06%"
"06/06/2011","33,856.02","33,856.02","33,856.02","33,856.02","","-0.30%"
"03/06/2011","33,959.19","33,959.19","33,959.19","33,959.19","","-0.38%"
"02/06/2011","34,087.66","34,087.66","34,087.66","34,087.66","","-2.11%"
"01/06/2011","34,821.56","34,821.56","34,821.56","34,821.56","","-0.02%"
"31/05/2011","34,829.07","34,829.07","34,829.07","34,829.07","","0.87%"
"30/05/2011","34,527.53","34,527.53","34,527.53","34,527.53","","-0.35%"
"27/05/2011","34,649.20","34,649.20","34,649.20","34,649.20","","0.51%"
"26/05/2011","34,473.46","34,473.46","34,473.46","34,473.46","","1.66%"
"25/05/2011","33,909.12","33,909.12","33,909.12","33,909.12","","-0.95%"
"24/05/2011","34,235.68","34,235.68","34,235.68","34,235.68","","-0.30%"
"23/05/2011","34,340.03","34,340.03","34,340.03","34,340.03","","-1.88%"
"20/05/2011","34,999.20","34,999.20","34,999.20","34,999.20","","-0.51%"
"19/05/2011","35,178.29","35,178.29","35,178.29","35,178.29","","1.34%"
"18/05/2011","34,714.72","34,714.72","34,714.72","34,714.72","","0.21%"
"17/05/2011","34,642.14","34,642.14","34,642.14","34,642.14","","0.73%"
"16/05/2011","34,391.31","34,391.31","34,391.31","34,391.31","","-1.10%"
"13/05/2011","34,772.72","34,772.72","34,772.72","34,772.72","","0.33%"
"12/05/2011","34,658.67","34,658.67","34,658.67","34,658.67","","-1.61%"
"11/05/2011","35,227.11","35,227.11","35,227.11","35,227.11","","1.15%"
"10/05/2011","34,825.57","34,825.57","34,825.57","34,825.57","","-0.65%"
"09/05/2011","35,054.29","35,054.29","35,054.29","35,054.29","","0.32%"
"06/05/2011","34,942.26","34,942.26","34,942.26","34,942.26","","-0.22%"
"05/05/2011","35,020.91","35,020.91","35,020.91","35,020.91","","0.29%"
"04/05/2011","34,918.51","34,918.51","34,918.51","34,918.51","","-0.93%"
"03/05/2011","35,246.25","35,246.25","35,246.25","35,246.25","","-0.84%"
"02/05/2011","35,544.26","35,544.26","35,544.26","35,544.26","","0.05%"
"29/04/2011","35,527.91","35,527.91","35,527.91","35,527.91","","-1.02%"
"28/04/2011","35,894.70","35,894.70","35,894.70","35,894.70","","0.00%"
"27/04/2011","35,893.72","35,893.72","35,893.72","35,893.72","","-0.83%"
"21/04/2011","36,194.98","36,194.98","36,194.98","36,194.98","","1.13%"
"20/04/2011","35,791.12","35,791.12","35,791.12","35,791.12","","1.37%"
"19/04/2011","35,307.28","35,307.28","35,307.28","35,307.28","","-1.41%"
"18/04/2011","35,812.32","35,812.32","35,812.32","35,812.32","","0.20%"
"15/04/2011","35,740.79","35,740.79","35,740.79","35,740.79","","-0.66%"
"14/04/2011","35,977.29","35,977.29","35,977.29","35,977.29","","-0.54%"
"13/04/2011","36,174.07","36,174.07","36,174.07","36,174.07","","0.25%"
"12/04/2011","36,083.43","36,083.43","36,083.43","36,083.43","","-1.46%"
"11/04/2011","36,617.69","36,617.69","36,617.69","36,617.69","","0.62%"
"08/04/2011","36,390.69","36,390.69","36,390.69","36,390.69","","0.66%"
"07/04/2011","36,151.78","36,151.78","36,151.78","36,151.78","","-0.10%"
"06/04/2011","36,187.01","36,187.01","36,187.01","36,187.01","","0.27%"
"05/04/2011","36,090.52","36,090.52","36,090.52","36,090.52","","0.27%"
"04/04/2011","35,992.67","35,992.67","35,992.67","35,992.67","","0.51%"
"01/04/2011","35,808.44","35,808.44","35,808.44","35,808.44","","0.50%"
"31/03/2011","35,632.05","35,632.05","35,632.05","35,632.05","","0.33%"
"30/03/2011","35,515.55","35,515.55","35,515.55","35,515.55","","1.40%"
"29/03/2011","35,026.91","35,026.91","35,026.91","35,026.91","","0.47%"
"28/03/2011","34,863.36","34,863.36","34,863.36","34,863.36","","-0.18%"
"25/03/2011","34,926.74","34,926.74","34,926.74","34,926.74","","0.93%"
"24/03/2011","34,604.07","34,604.07","34,604.07","34,604.07","","1.01%"
"23/03/2011","34,256.45","34,256.45","34,256.45","34,256.45","","0.19%"
"22/03/2011","34,189.78","34,189.78","34,189.78","34,189.78","","0.01%"
"21/03/2011","34,185.16","34,185.16","34,185.16","34,185.16","","0.42%"
"18/03/2011","34,040.56","34,040.56","34,040.56","34,040.56","","1.57%"
"17/03/2011","33,513.24","33,513.24","33,513.24","33,513.24","","-0.06%"
"16/03/2011","33,534.52","33,534.52","33,534.52","33,534.52","","0.65%"
"15/03/2011","33,317.60","33,317.60","33,317.60","33,317.60","","-2.11%"
"14/03/2011","34,034.46","34,034.46","34,034.46","34,034.46","","-0.40%"
"11/03/2011","34,170.05","34,170.05","34,170.05","34,170.05","","-1.15%"
"10/03/2011","34,566.89","34,566.89","34,566.89","34,566.89","","-1.43%"
"09/03/2011","35,067.21","35,067.21","35,067.21","35,067.21","","-0.84%"
"08/03/2011","35,362.53","35,362.53","35,362.53","35,362.53","","0.24%"
"07/03/2011","35,277.24","35,277.24","35,277.24","35,277.24","","-1.20%"
"04/03/2011","35,706.20","35,706.20","35,706.20","35,706.20","","1.29%"
"03/03/2011","35,251.60","35,251.60","35,251.60","35,251.60","","0.11%"
"02/03/2011","35,214.44","35,214.44","35,214.44","35,214.44","","-0.43%"
"01/03/2011","35,365.64","35,365.64","35,365.64","35,365.64","","-0.08%"
"28/02/2011","35,394.90","35,394.90","35,394.90","35,394.90","","0.02%"
"25/02/2011","35,386.79","35,386.79","35,386.79","35,386.79","","0.57%"
"24/02/2011","35,185.08","35,185.08","35,185.08","35,185.08","","-0.72%"
"23/02/2011","35,441.73","35,441.73","35,441.73","35,441.73","","-0.21%"
"22/02/2011","35,514.77","35,514.77","35,514.77","35,514.77","","-0.80%"
"21/02/2011","35,800.19","35,800.19","35,800.19","35,800.19","","-0.60%"
"18/02/2011","36,016.64","36,016.64","36,016.64","36,016.64","","-0.03%"
"17/02/2011","36,027.46","36,027.46","36,027.46","36,027.46","","0.18%"
"16/02/2011","35,962.18","35,962.18","35,962.18","35,962.18","","-0.02%"
"15/02/2011","35,968.22","35,968.22","35,968.22","35,968.22","","-0.08%"
"14/02/2011","35,998.00","35,998.00","35,998.00","35,998.00","","1.30%"
"11/02/2011","35,534.51","35,534.51","35,534.51","35,534.51","","-0.68%"
"10/02/2011","35,776.74","35,776.74","35,776.74","35,776.74","","0.20%"
"09/02/2011","35,706.29","35,706.29","35,706.29","35,706.29","","0.29%"
"08/02/2011","35,601.46","35,601.46","35,601.46","35,601.46","","0.52%"
"07/02/2011","35,416.23","35,416.23","35,416.23","35,416.23","","0.12%"
"04/02/2011","35,373.72","35,373.72","35,373.72","35,373.72","","0.87%"
"03/02/2011","35,067.15","35,067.15","35,067.15","35,067.15","","0.50%"
"02/02/2011","34,892.12","34,892.12","34,892.12","34,892.12","","0.93%"
"01/02/2011","34,569.11","34,569.11","34,569.11","34,569.11","","-0.04%"
"31/01/2011","34,582.28","34,582.28","34,582.28","34,582.28","","-0.44%"
"28/01/2011","34,734.82","34,734.82","34,734.82","34,734.82","","-0.65%"
"27/01/2011","34,961.82","34,961.82","34,961.82","34,961.82","","-0.04%"
"25/01/2011","34,974.38","34,974.38","34,974.38","34,974.38","","0.46%"
"24/01/2011","34,815.94","34,815.94","34,815.94","34,815.94","","0.64%"
"21/01/2011","34,594.88","34,594.88","34,594.88","34,594.88","","-0.59%"
"20/01/2011","34,798.79","34,798.79","34,798.79","34,798.79","","-1.05%"
"19/01/2011","35,168.88","35,168.88","35,168.88","35,168.88","","0.68%"
"18/01/2011","34,930.67","34,930.67","34,930.67","34,930.67","","0.81%"
"17/01/2011","34,648.85","34,648.85","34,648.85","34,648.85","","-0.80%"
"14/01/2011","34,928.27","34,928.27","34,928.27","34,928.27","","0.13%"
"13/01/2011","34,882.23","34,882.23","34,882.23","34,882.23","","1.50%"
"12/01/2011","34,365.54","34,365.54","34,365.54","34,365.54","","0.29%"
"11/01/2011","34,267.07","34,267.07","34,267.07","34,267.07","","-0.03%"
"10/01/2011","34,278.87","34,278.87","34,278.87","34,278.87","","0.15%"
"07/01/2011","34,226.10","34,226.10","34,226.10","34,226.10","","-0.42%"
"06/01/2011","34,371.18","34,371.18","34,371.18","34,371.18","","0.21%"
"05/01/2011","34,298.06","34,298.06","34,298.06","34,298.06","","-0.58%"
"04/01/2011","34,498.45","34,498.45","34,498.45","34,498.45","","-0.06%"
"31/12/2010","34,518.54","34,518.54","34,518.54","34,518.54","","-0.94%"
"30/12/2010","34,846.91","34,846.91","34,846.91","34,846.91","","0.32%"
"29/12/2010","34,736.68","34,736.68","34,736.68","34,736.68","","-0.04%"
"24/12/2010","34,751.48","34,751.48","34,751.48","34,751.48","","-0.45%"
"23/12/2010","34,909.71","34,909.71","34,909.71","34,909.71","","0.57%"
"22/12/2010","34,711.77","34,711.77","34,711.77","34,711.77","","0.14%"
"21/12/2010","34,664.01","34,664.01","34,664.01","34,664.01","","0.74%"
"20/12/2010","34,407.75","34,407.75","34,407.75","34,407.75","","-0.56%"
"17/12/2010","34,600.26","34,600.26","34,600.26","34,600.26","","-0.43%"
"16/12/2010","34,751.28","34,751.28","34,751.28","34,751.28","","0.34%"
"15/12/2010","34,633.66","34,633.66","34,633.66","34,633.66","","0.02%"
"14/12/2010","34,626.98","34,626.98","34,626.98","34,626.98","","0.20%"
"13/12/2010","34,556.20","34,556.20","34,556.20","34,556.20","","0.24%"
"10/12/2010","34,475.00","34,475.00","34,475.00","34,475.00","","0.10%"
"09/12/2010","34,441.28","34,441.28","34,441.28","34,441.28","","0.89%"
"08/12/2010","34,138.12","34,138.12","34,138.12","34,138.12","","-0.57%"
"07/12/2010","34,333.70","34,333.70","34,333.70","34,333.70","","0.82%"
"06/12/2010","34,056.05","34,056.05","34,056.05","34,056.05","","-0.12%"
"03/12/2010","34,096.74","34,096.74","34,096.74","34,096.74","","0.38%"
"02/12/2010","33,966.13","33,966.13","33,966.13","33,966.13","","1.95%"
"01/12/2010","33,315.19","33,315.19","33,315.19","33,315.19","","0.05%"
"30/11/2010","33,298.68","33,298.68","33,298.68","33,298.68","","-0.74%"
"29/11/2010","33,545.71","33,545.71","33,545.71","33,545.71","","0.44%"
"26/11/2010","33,399.21","33,399.21","33,399.21","33,399.21","","0.11%"
"25/11/2010","33,363.49","33,363.49","33,363.49","33,363.49","","0.19%"
"24/11/2010","33,299.77","33,299.77","33,299.77","33,299.77","","-0.10%"
"23/11/2010","33,331.86","33,331.86","33,331.86","33,331.86","","-1.17%"
"22/11/2010","33,727.45","33,727.45","33,727.45","33,727.45","","0.31%"
"19/11/2010","33,621.85","33,621.85","33,621.85","33,621.85","","-0.24%"
"18/11/2010","33,701.35","33,701.35","33,701.35","33,701.35","","0.35%"
"17/11/2010","33,582.92","33,582.92","33,582.92","33,582.92","","-1.62%"
"16/11/2010","34,135.04","34,135.04","34,135.04","34,135.04","","0.22%"
"15/11/2010","34,060.60","34,060.60","34,060.60","34,060.60","","-0.05%"
"12/11/2010","34,078.30","34,078.30","34,078.30","34,078.30","","-0.60%"
"11/11/2010","34,285.09","34,285.09","34,285.09","34,285.09","","0.63%"
"10/11/2010","34,070.61","34,070.61","34,070.61","34,070.61","","-0.86%"
"09/11/2010","34,367.15","34,367.15","34,367.15","34,367.15","","-0.79%"
"08/11/2010","34,639.15","34,639.15","34,639.15","34,639.15","","0.92%"
"05/11/2010","34,322.24","34,322.24","34,322.24","34,322.24","","0.00%"
"04/11/2010","34,322.24","34,322.24","34,322.24","34,322.24","","0.65%"
"03/11/2010","34,099.84","34,099.84","34,099.84","34,099.84","","0.45%"
"02/11/2010","33,946.77","33,946.77","33,946.77","33,946.77","","0.06%"
"01/11/2010","33,925.82","33,925.82","33,925.82","33,925.82","","0.79%"
"29/10/2010","33,659.48","33,659.48","33,659.48","33,659.48","","-0.47%"
"28/10/2010","33,817.14","33,817.14","33,817.14","33,817.14","","0.79%"
"27/10/2010","33,550.43","33,550.43","33,550.43","33,550.43","","-0.85%"
"26/10/2010","33,836.58","33,836.58","33,836.58","33,836.58","","-0.46%"
"25/10/2010","33,994.63","33,994.63","33,994.63","33,994.63","","1.33%"
"22/10/2010","33,548.88","33,548.88","33,548.88","33,548.88","","0.55%"
"21/10/2010","33,366.07","33,366.07","33,366.07","33,366.07","","-0.04%"
"20/10/2010","33,380.47","33,380.47","33,380.47","33,380.47","","-0.66%"
"19/10/2010","33,602.64","33,602.64","33,602.64","33,602.64","","0.08%"
"18/10/2010","33,575.30","33,575.30","33,575.30","33,575.30","","-0.79%"
"15/10/2010","33,842.82","33,842.82","33,842.82","33,842.82","","-0.22%"
"14/10/2010","33,915.96","33,915.96","33,915.96","33,915.96","","1.72%"
"13/10/2010","33,344.11","33,344.11","33,344.11","33,344.11","","0.04%"
"12/10/2010","33,331.86","33,331.86","33,331.86","33,331.86","","-1.69%"
"11/10/2010","33,904.33","33,904.33","33,904.33","33,904.33","","0.34%"
"08/10/2010","33,788.00","33,788.00","33,788.00","33,788.00","","-0.21%"
"07/10/2010","33,859.08","33,859.08","33,859.08","33,859.08","","0.10%"
"06/10/2010","33,824.07","33,824.07","33,824.07","33,824.07","","1.73%"
"05/10/2010","33,247.47","33,247.47","33,247.47","33,247.47","","-0.39%"
"04/10/2010","33,377.57","33,377.57","33,377.57","33,377.57","","1.01%"
"01/10/2010","33,045.21","33,045.21","33,045.21","33,045.21","","-0.07%"
"30/09/2010","33,069.97","33,069.97","33,069.97","33,069.97","","-1.34%"
"29/09/2010","33,517.89","33,517.89","33,517.89","33,517.89","","-0.52%"
"28/09/2010","33,694.38","33,694.38","33,694.38","33,694.38","","-0.12%"
"27/09/2010","33,734.87","33,734.87","33,734.87","33,734.87","","1.62%"
"24/09/2010","33,196.03","33,196.03","33,196.03","33,196.03","","-0.66%"
"23/09/2010","33,418.11","33,418.11","33,418.11","33,418.11","","0.18%"
"22/09/2010","33,357.31","33,357.31","33,357.31","33,357.31","","0.17%"
"21/09/2010","33,301.79","33,301.79","33,301.79","33,301.79","","-0.30%"
"20/09/2010","33,400.95","33,400.95","33,400.95","33,400.95","","-0.14%"
"17/09/2010","33,449.30","33,449.30","33,449.30","33,449.30","","0.73%"
"16/09/2010","33,206.00","33,206.00","33,206.00","33,206.00","","-1.19%"
"15/09/2010","33,605.01","33,605.01","33,605.01","33,605.01","","0.76%"
"14/09/2010","33,352.38","33,352.38","33,352.38","33,352.38","","0.25%"
"13/09/2010","33,269.26","33,269.26","33,269.26","33,269.26","","1.30%"
"10/09/2010","32,840.69","32,840.69","32,840.69","32,840.69","","-0.47%"
"09/09/2010","32,996.16","32,996.16","32,996.16","32,996.16","","1.00%"
"08/09/2010","32,669.28","32,669.28","32,669.28","32,669.28","","-0.78%"
"07/09/2010","32,924.86","32,924.86","32,924.86","32,924.86","","-0.05%"
"06/09/2010","32,941.06","32,941.06","32,941.06","32,941.06","","0.99%"
"03/09/2010","32,618.94","32,618.94","32,618.94","32,618.94","","0.20%"
"02/09/2010","32,554.93","32,554.93","32,554.93","32,554.93","","0.85%"
"01/09/2010","32,279.15","32,279.15","32,279.15","32,279.15","","2.12%"
"31/08/2010","31,609.43","31,609.43","31,609.43","31,609.43","","-1.06%"
"30/08/2010","31,948.06","31,948.06","31,948.06","31,948.06","","1.95%"
"27/08/2010","31,337.66","31,337.66","31,337.66","31,337.66","","0.35%"
"26/08/2010","31,227.70","31,227.70","31,227.70","31,227.70","","0.84%"
"25/08/2010","30,966.96","30,966.96","30,966.96","30,966.96","","-1.39%"
"24/08/2010","31,404.56","31,404.56","31,404.56","31,404.56","","-0.93%"
"23/08/2010","31,698.61","31,698.61","31,698.61","31,698.61","","0.13%"
"20/08/2010","31,656.11","31,656.11","31,656.11","31,656.11","","-1.07%"
"19/08/2010","31,999.79","31,999.79","31,999.79","31,999.79","","0.09%"
"18/08/2010","31,970.42","31,970.42","31,970.42","31,970.42","","-0.05%"
"17/08/2010","31,985.18","31,985.18","31,985.18","31,985.18","","0.89%"
"16/08/2010","31,703.92","31,703.92","31,703.92","31,703.92","","-0.21%"
"13/08/2010","31,770.56","31,770.56","31,770.56","31,770.56","","1.34%"
"12/08/2010","31,350.71","31,350.71","31,350.71","31,350.71","","-1.22%"
"11/08/2010","31,739.49","31,739.49","31,739.49","31,739.49","","-1.86%"
"10/08/2010","32,340.32","32,340.32","32,340.32","32,340.32","","-1.10%"
"09/08/2010","32,700.02","32,700.02","32,700.02","32,700.02","","0.63%"
"06/08/2010","32,494.63","32,494.63","32,494.63","32,494.63","","-0.01%"
"05/08/2010","32,497.81","32,497.81","32,497.81","32,497.81","","0.54%"
"04/08/2010","32,323.12","32,323.12","32,323.12","32,323.12","","-0.65%"
"03/08/2010","32,533.14","32,533.14","32,533.14","32,533.14","","0.66%"
"02/08/2010","32,319.68","32,319.68","32,319.68","32,319.68","","1.07%"
"30/07/2010","31,977.26","31,977.26","31,977.26","31,977.26","","-0.67%"
"29/07/2010","32,194.45","32,194.45","32,194.45","32,194.45","","-0.13%"
"28/07/2010","32,236.23","32,236.23","32,236.23","32,236.23","","0.72%"
"27/07/2010","32,004.65","32,004.65","32,004.65","32,004.65","","0.25%"
"26/07/2010","31,924.55","31,924.55","31,924.55","31,924.55","","0.62%"
"23/07/2010","31,727.08","31,727.08","31,727.08","31,727.08","","1.91%"
"22/07/2010","31,131.19","31,131.19","31,131.19","31,131.19","","-0.86%"
"21/07/2010","31,402.28","31,402.28","31,402.28","31,402.28","","0.21%"
"20/07/2010","31,337.14","31,337.14","31,337.14","31,337.14","","1.04%"
"19/07/2010","31,014.87","31,014.87","31,014.87","31,014.87","","-1.46%"
"16/07/2010","31,473.37","31,473.37","31,473.37","31,473.37","","-0.45%"
"15/07/2010","31,614.38","31,614.38","31,614.38","31,614.38","","-0.45%"
"14/07/2010","31,755.90","31,755.90","31,755.90","31,755.90","","1.88%"
"13/07/2010","31,171.37","31,171.37","31,171.37","31,171.37","","-0.67%"
"12/07/2010","31,382.25","31,382.25","31,382.25","31,382.25","","0.31%"
"09/07/2010","31,285.31","31,285.31","31,285.31","31,285.31","","0.91%"
"08/07/2010","31,004.50","31,004.50","31,004.50","31,004.50","","2.40%"
"07/07/2010","30,276.62","30,276.62","30,276.62","30,276.62","","-0.50%"
"06/07/2010","30,429.09","30,429.09","30,429.09","30,429.09","","1.28%"
"05/07/2010","30,044.96","30,044.96","30,044.96","30,044.96","","-0.39%"
"02/07/2010","30,163.22","30,163.22","30,163.22","30,163.22","","0.03%"
"01/07/2010","30,154.24","30,154.24","30,154.24","30,154.24","","-1.49%"
"30/06/2010","30,609.97","30,609.97","30,609.97","30,609.97","","-1.02%"
"29/06/2010","30,924.24","30,924.24","30,924.24","30,924.24","","-0.89%"
"28/06/2010","31,200.93","31,200.93","31,200.93","31,200.93","","-0.64%"
"25/06/2010","31,403.40","31,403.40","31,403.40","31,403.40","","-1.49%"
"24/06/2010","31,877.71","31,877.71","31,877.71","31,877.71","","0.00%"
"23/06/2010","31,877.70","31,877.70","31,877.70","31,877.70","","-1.59%"
"22/06/2010","32,391.10","32,391.10","32,391.10","32,391.10","","-1.18%"
"21/06/2010","32,776.64","32,776.64","32,776.64","32,776.64","","1.33%"
"18/06/2010","32,345.30","32,345.30","32,345.30","32,345.30","","0.55%"
"17/06/2010","32,167.35","32,167.35","32,167.35","32,167.35","","-0.69%"
"16/06/2010","32,391.96","32,391.96","32,391.96","32,391.96","","1.20%"
"15/06/2010","32,008.93","32,008.93","32,008.93","32,008.93","","-0.01%"
"11/06/2010","32,011.06","32,011.06","32,011.06","32,011.06","","1.58%"
"10/06/2010","31,512.71","31,512.71","31,512.71","31,512.71","","1.14%"
"09/06/2010","31,157.56","31,157.56","31,157.56","31,157.56","","0.10%"
"08/06/2010","31,125.57","31,125.57","31,125.57","31,125.57","","1.28%"
"07/06/2010","30,732.50","30,732.50","30,732.50","30,732.50","","-2.78%"
"04/06/2010","31,609.67","31,609.67","31,609.67","31,609.67","","-0.67%"
"03/06/2010","31,821.78","31,821.78","31,821.78","31,821.78","","2.40%"
"02/06/2010","31,077.46","31,077.46","31,077.46","31,077.46","","-0.73%"
"01/06/2010","31,305.04","31,305.04","31,305.04","31,305.04","","-0.37%"
"31/05/2010","31,422.49","31,422.49","31,422.49","31,422.49","","-0.62%"
"28/05/2010","31,619.72","31,619.72","31,619.72","31,619.72","","1.79%"
"27/05/2010","31,064.14","31,064.14","31,064.14","31,064.14","","1.67%"
"26/05/2010","30,553.59","30,553.59","30,553.59","30,553.59","","1.00%"
"25/05/2010","30,250.84","30,250.84","30,250.84","30,250.84","","-2.96%"
"24/05/2010","31,173.16","31,173.16","31,173.16","31,173.16","","2.09%"
"21/05/2010","30,535.25","30,535.25","30,535.25","30,535.25","","-0.26%"
"20/05/2010","30,613.36","30,613.36","30,613.36","30,613.36","","-1.61%"
"19/05/2010","31,114.38","31,114.38","31,114.38","31,114.38","","-1.87%"
"18/05/2010","31,707.61","31,707.61","31,707.61","31,707.61","","0.08%"
"17/05/2010","31,682.48","31,682.48","31,682.48","31,682.48","","-2.93%"
"14/05/2010","32,639.88","32,639.88","32,639.88","32,639.88","","-0.89%"
"13/05/2010","32,933.98","32,933.98","32,933.98","32,933.98","","1.75%"
"12/05/2010","32,368.94","32,368.94","32,368.94","32,368.94","","0.55%"
"11/05/2010","32,192.21","32,192.21","32,192.21","32,192.21","","-1.13%"
"10/05/2010","32,558.85","32,558.85","32,558.85","32,558.85","","2.69%"
"07/05/2010","31,706.15","31,706.15","31,706.15","31,706.15","","-2.02%"
"06/05/2010","32,360.96","32,360.96","32,360.96","32,360.96","","-2.04%"
"05/05/2010","33,033.41","33,033.41","33,033.41","33,033.41","","-1.33%"
"04/05/2010","33,477.21","33,477.21","33,477.21","33,477.21","","-1.01%"
"03/05/2010","33,819.25","33,819.25","33,819.25","33,819.25","","-0.45%"
"30/04/2010","33,973.06","33,973.06","33,973.06","33,973.06","","0.46%"
"29/04/2010","33,819.09","33,819.09","33,819.09","33,819.09","","-0.77%"
"28/04/2010","34,082.05","34,082.05","34,082.05","34,082.05","","-1.17%"
"27/04/2010","34,484.83","34,484.83","34,484.83","34,484.83","","-0.03%"
"23/04/2010","34,495.42","34,495.42","34,495.42","34,495.42","","-0.53%"
"22/04/2010","34,677.50","34,677.50","34,677.50","34,677.50","","-0.95%"
"21/04/2010","35,008.86","35,008.86","35,008.86","35,008.86","","0.58%"
"20/04/2010","34,807.39","34,807.39","34,807.39","34,807.39","","0.22%"
"19/04/2010","34,731.84","34,731.84","34,731.84","34,731.84","","-1.40%"
"16/04/2010","35,223.57","35,223.57","35,223.57","35,223.57","","-0.35%"
"15/04/2010","35,345.61","35,345.61","35,345.61","35,345.61","","0.15%"
"14/04/2010","35,294.26","35,294.26","35,294.26","35,294.26","","0.87%"
"13/04/2010","34,990.11","34,990.11","34,990.11","34,990.11","","-0.66%"
"12/04/2010","35,220.82","35,220.82","35,220.82","35,220.82","","0.73%"
"09/04/2010","34,963.98","34,963.98","34,963.98","34,963.98","","0.21%"
"08/04/2010","34,892.03","34,892.03","34,892.03","34,892.03","","-0.46%"
"07/04/2010","35,054.56","35,054.56","35,054.56","35,054.56","","0.15%"
"06/04/2010","35,003.63","35,003.63","35,003.63","35,003.63","","0.94%"
"01/04/2010","34,678.82","34,678.82","34,678.82","34,678.82","","0.67%"
"31/03/2010","34,448.55","34,448.55","34,448.55","34,448.55","","-0.84%"
"30/03/2010","34,740.18","34,740.18","34,740.18","34,740.18","","0.40%"
"29/03/2010","34,602.26","34,602.26","34,602.26","34,602.26","","0.01%"
"26/03/2010","34,597.78","34,597.78","34,597.78","34,597.78","","0.24%"
"25/03/2010","34,513.99","34,513.99","34,513.99","34,513.99","","-0.11%"
"24/03/2010","34,552.18","34,552.18","34,552.18","34,552.18","","0.34%"
"23/03/2010","34,433.58","34,433.58","34,433.58","34,433.58","","0.92%"
"22/03/2010","34,118.91","34,118.91","34,118.91","34,118.91","","-0.80%"
"19/03/2010","34,394.66","34,394.66","34,394.66","34,394.66","","0.19%"
"18/03/2010","34,330.28","34,330.28","34,330.28","34,330.28","","0.21%"
"17/03/2010","34,259.20","34,259.20","34,259.20","34,259.20","","1.17%"
"16/03/2010","33,864.45","33,864.45","33,864.45","33,864.45","","0.28%"
"15/03/2010","33,769.76","33,769.76","33,769.76","33,769.76","","-0.69%"
"12/03/2010","34,004.17","34,004.17","34,004.17","34,004.17","","0.10%"
"11/03/2010","33,971.19","33,971.19","33,971.19","33,971.19","","-0.11%"
"10/03/2010","34,010.23","34,010.23","34,010.23","34,010.23","","0.00%"
"09/03/2010","34,010.73","34,010.73","34,010.73","34,010.73","","0.28%"
"08/03/2010","33,917.29","33,917.29","33,917.29","33,917.29","","0.85%"
"05/03/2010","33,630.74","33,630.74","33,630.74","33,630.74","","0.37%"
"04/03/2010","33,507.93","33,507.93","33,507.93","33,507.93","","0.34%"
"03/03/2010","33,394.99","33,394.99","33,394.99","33,394.99","","0.83%"
"02/03/2010","33,121.66","33,121.66","33,121.66","33,121.66","","0.39%"
"01/03/2010","32,992.37","32,992.37","32,992.37","32,992.37","","1.28%"
"26/02/2010","32,576.06","32,576.06","32,576.06","32,576.06","","0.97%"
"25/02/2010","32,263.95","32,263.95","32,263.95","32,263.95","","-1.17%"
"24/02/2010","32,645.82","32,645.82","32,645.82","32,645.82","","-1.43%"
"23/02/2010","33,120.15","33,120.15","33,120.15","33,120.15","","0.13%"
"22/02/2010","33,077.09","33,077.09","33,077.09","33,077.09","","1.95%"
"19/02/2010","32,444.34","32,444.34","32,444.34","32,444.34","","-0.42%"
"18/02/2010","32,581.94","32,581.94","32,581.94","32,581.94","","-0.28%"
"17/02/2010","32,672.55","32,672.55","32,672.55","32,672.55","","2.20%"
"16/02/2010","31,970.64","31,970.64","31,970.64","31,970.64","","0.50%"
"15/02/2010","31,812.53","31,812.53","31,812.53","31,812.53","","-0.19%"
"12/02/2010","31,872.58","31,872.58","31,872.58","31,872.58","","0.18%"
"11/02/2010","31,816.65","31,816.65","31,816.65","31,816.65","","0.91%"
"10/02/2010","31,529.55","31,529.55","31,529.55","31,529.55","","0.19%"
"09/02/2010","31,471.22","31,471.22","31,471.22","31,471.22","","-0.34%"
"08/02/2010","31,579.55","31,579.55","31,579.55","31,579.55","","0.16%"
"05/02/2010","31,528.42","31,528.42","31,528.42","31,528.42","","-2.23%"
"04/02/2010","32,248.95","32,248.95","32,248.95","32,248.95","","-0.57%"
"03/02/2010","32,432.40","32,432.40","32,432.40","32,432.40","","0.92%"
"02/02/2010","32,135.45","32,135.45","32,135.45","32,135.45","","1.79%"
"01/02/2010","31,568.90","31,568.90","31,568.90","31,568.90","","-1.00%"
"29/01/2010","31,886.25","31,886.25","31,886.25","31,886.25","","-2.22%"
"28/01/2010","32,609.45","32,609.45","32,609.45","32,609.45","","0.62%"
"27/01/2010","32,409.70","32,409.70","32,409.70","32,409.70","","-1.55%"
"25/01/2010","32,920.62","32,920.62","32,920.62","32,920.62","","-0.69%"
"22/01/2010","33,149.20","33,149.20","33,149.20","33,149.20","","-1.59%"
"21/01/2010","33,683.34","33,683.34","33,683.34","33,683.34","","-0.84%"
"20/01/2010","33,969.64","33,969.64","33,969.64","33,969.64","","0.14%"
"19/01/2010","33,921.08","33,921.08","33,921.08","33,921.08","","-1.01%"
"18/01/2010","34,268.82","34,268.82","34,268.82","34,268.82","","0.23%"
"15/01/2010","34,188.75","34,188.75","34,188.75","34,188.75","","0.03%"
"14/01/2010","34,177.91","34,177.91","34,177.91","34,177.91","","0.61%"
"13/01/2010","33,969.23","33,969.23","33,969.23","33,969.23","","-0.64%"
"12/01/2010","34,188.27","34,188.27","34,188.27","34,188.27","","-1.03%"
"11/01/2010","34,545.11","34,545.11","34,545.11","34,545.11","","0.78%"
"08/01/2010","34,276.25","34,276.25","34,276.25","34,276.25","","0.26%"
"07/01/2010","34,186.93","34,186.93","34,186.93","34,186.93","","-0.45%"
"06/01/2010","34,340.41","34,340.41","34,340.41","34,340.41","","-0.06%"
"05/01/2010","34,360.43","34,360.43","34,360.43","34,360.43","","0.98%"
"04/01/2010","34,025.42","34,025.42","34,025.42","34,025.42","","0.12%"
"31/12/2009","33,985.86","33,985.86","33,985.86","33,985.86","","0.77%"
"30/12/2009","33,725.41","33,725.41","33,725.41","33,725.41","","-0.24%"
"29/12/2009","33,807.68","33,807.68","33,807.68","33,807.68","","1.13%"
"24/12/2009","33,429.11","33,429.11","33,429.11","33,429.11","","1.09%"
"23/12/2009","33,069.70","33,069.70","33,069.70","33,069.70","","0.87%"
"22/12/2009","32,783.24","32,783.24","32,783.24","32,783.24","","1.49%"
"21/12/2009","32,301.58","32,301.58","32,301.58","32,301.58","","-0.33%"
"18/12/2009","32,408.83","32,408.83","32,408.83","32,408.83","","-0.42%"
"17/12/2009","32,546.46","32,546.46","32,546.46","32,546.46","","0.18%"
"16/12/2009","32,488.23","32,488.23","32,488.23","32,488.23","","-0.25%"
"15/12/2009","32,568.19","32,568.19","32,568.19","32,568.19","","0.42%"
"14/12/2009","32,432.39","32,432.39","32,432.39","32,432.39","","0.41%"
"11/12/2009","32,301.54","32,301.54","32,301.54","32,301.54","","0.62%"
"10/12/2009","32,102.49","32,102.49","32,102.49","32,102.49","","-0.67%"
"09/12/2009","32,317.55","32,317.55","32,317.55","32,317.55","","-0.70%"
"08/12/2009","32,545.78","32,545.78","32,545.78","32,545.78","","-0.12%"
"07/12/2009","32,586.29","32,586.29","32,586.29","32,586.29","","-0.55%"
"04/12/2009","32,765.78","32,765.78","32,765.78","32,765.78","","-1.52%"
"03/12/2009","33,270.11","33,270.11","33,270.11","33,270.11","","0.26%"
"02/12/2009","33,184.88","33,184.88","33,184.88","33,184.88","","0.92%"
"01/12/2009","32,882.70","32,882.70","32,882.70","32,882.70","","0.38%"
"30/11/2009","32,759.73","32,759.73","32,759.73","32,759.73","","2.83%"
"27/11/2009","31,858.50","31,858.50","31,858.50","31,858.50","","-2.90%"
"26/11/2009","32,810.19","32,810.19","32,810.19","32,810.19","","-0.29%"
"25/11/2009","32,904.84","32,904.84","32,904.84","32,904.84","","0.79%"
"24/11/2009","32,645.76","32,645.76","32,645.76","32,645.76","","-0.67%"
"23/11/2009","32,867.46","32,867.46","32,867.46","32,867.46","","0.67%"
"20/11/2009","32,649.54","32,649.54","32,649.54","32,649.54","","-1.34%"
"19/11/2009","33,091.72","33,091.72","33,091.72","33,091.72","","0.22%"
"18/11/2009","33,018.38","33,018.38","33,018.38","33,018.38","","0.20%"
"17/11/2009","32,951.54","32,951.54","32,951.54","32,951.54","","-0.54%"
"16/11/2009","33,130.87","33,130.87","33,130.87","33,130.87","","1.04%"
"13/11/2009","32,788.64","32,788.64","32,788.64","32,788.64","","-0.73%"
"12/11/2009","33,029.26","33,029.26","33,029.26","33,029.26","","-0.19%"
"11/11/2009","33,092.84","33,092.84","33,092.84","33,092.84","","0.51%"
"10/11/2009","32,923.51","32,923.51","32,923.51","32,923.51","","1.25%"
"09/11/2009","32,515.76","32,515.76","32,515.76","32,515.76","","1.95%"
"06/11/2009","31,892.53","31,892.53","31,892.53","31,892.53","","1.92%"
"05/11/2009","31,292.63","31,292.63","31,292.63","31,292.63","","-0.57%"
"04/11/2009","31,473.23","31,473.23","31,473.23","31,473.23","","0.19%"
"03/11/2009","31,412.16","31,412.16","31,412.16","31,412.16","","-0.20%"
"02/11/2009","31,474.19","31,474.19","31,474.19","31,474.19","","-2.21%"
"30/10/2009","32,185.68","32,185.68","32,185.68","32,185.68","","1.50%"
"29/10/2009","31,709.96","31,709.96","31,709.96","31,709.96","","-2.36%"
"28/10/2009","32,475.12","32,475.12","32,475.12","32,475.12","","-1.44%"
"27/10/2009","32,949.21","32,949.21","32,949.21","32,949.21","","-1.59%"
"26/10/2009","33,481.24","33,481.24","33,481.24","33,481.24","","-0.60%"
"23/10/2009","33,682.75","33,682.75","33,682.75","33,682.75","","0.97%"
"22/10/2009","33,359.44","33,359.44","33,359.44","33,359.44","","-0.53%"
"21/10/2009","33,538.83","33,538.83","33,538.83","33,538.83","","-0.16%"
"20/10/2009","33,591.56","33,591.56","33,591.56","33,591.56","","1.12%"
"19/10/2009","33,221.01","33,221.01","33,221.01","33,221.01","","-0.90%"
"16/10/2009","33,523.62","33,523.62","33,523.62","33,523.62","","-0.48%"
"15/10/2009","33,685.05","33,685.05","33,685.05","33,685.05","","0.60%"
"14/10/2009","33,485.70","33,485.70","33,485.70","33,485.70","","0.95%"
"13/10/2009","33,170.64","33,170.64","33,170.64","33,170.64","","0.97%"
"12/10/2009","32,852.88","32,852.88","32,852.88","32,852.88","","-0.27%"
"09/10/2009","32,942.40","32,942.40","32,942.40","32,942.40","","-0.32%"
"08/10/2009","33,049.66","33,049.66","33,049.66","33,049.66","","1.55%"
"07/10/2009","32,544.57","32,544.57","32,544.57","32,544.57","","2.27%"
"06/10/2009","31,823.13","31,823.13","31,823.13","31,823.13","","0.41%"
"05/10/2009","31,693.47","31,693.47","31,693.47","31,693.47","","-0.62%"
"02/10/2009","31,890.13","31,890.13","31,890.13","31,890.13","","-2.11%"
"01/10/2009","32,575.85","32,575.85","32,575.85","32,575.85","","-0.90%"
"30/09/2009","32,870.39","32,870.39","32,870.39","32,870.39","","-0.19%"
"29/09/2009","32,933.73","32,933.73","32,933.73","32,933.73","","1.62%"
"28/09/2009","32,408.92","32,408.92","32,408.92","32,408.92","","-0.75%"
"25/09/2009","32,654.23","32,654.23","32,654.23","32,654.23","","0.26%"
"24/09/2009","32,570.70","32,570.70","32,570.70","32,570.70","","-0.69%"
"23/09/2009","32,795.35","32,795.35","32,795.35","32,795.35","","1.51%"
"22/09/2009","32,307.36","32,307.36","32,307.36","32,307.36","","-0.29%"
"21/09/2009","32,402.19","32,402.19","32,402.19","32,402.19","","-0.33%"
"18/09/2009","32,508.00","32,508.00","32,508.00","32,508.00","","-0.46%"
"17/09/2009","32,657.62","32,657.62","32,657.62","32,657.62","","1.39%"
"16/09/2009","32,209.80","32,209.80","32,209.80","32,209.80","","2.42%"
"15/09/2009","31,447.36","31,447.36","31,447.36","31,447.36","","0.20%"
"14/09/2009","31,383.18","31,383.18","31,383.18","31,383.18","","-1.37%"
"11/09/2009","31,817.84","31,817.84","31,817.84","31,817.84","","0.55%"
"10/09/2009","31,642.45","31,642.45","31,642.45","31,642.45","","1.08%"
"09/09/2009","31,305.20","31,305.20","31,305.20","31,305.20","","-0.03%"
"08/09/2009","31,315.86","31,315.86","31,315.86","31,315.86","","1.57%"
"07/09/2009","30,830.93","30,830.93","30,830.93","30,830.93","","0.55%"
"04/09/2009","30,661.52","30,661.52","30,661.52","30,661.52","","0.15%"
"03/09/2009","30,616.62","30,616.62","30,616.62","30,616.62","","-0.19%"
"02/09/2009","30,674.22","30,674.22","30,674.22","30,674.22","","-1.68%"
"01/09/2009","31,197.32","31,197.32","31,197.32","31,197.32","","0.83%"
"31/08/2009","30,939.49","30,939.49","30,939.49","30,939.49","","-0.05%"
"28/08/2009","30,955.77","30,955.77","30,955.77","30,955.77","","0.92%"
"27/08/2009","30,673.40","30,673.40","30,673.40","30,673.40","","-0.05%"
"26/08/2009","30,689.04","30,689.04","30,689.04","30,689.04","","1.20%"
"25/08/2009","30,326.60","30,326.60","30,326.60","30,326.60","","-0.36%"
"24/08/2009","30,436.57","30,436.57","30,436.57","30,436.57","","3.36%"
"21/08/2009","29,447.01","29,447.01","29,447.01","29,447.01","","-1.99%"
"20/08/2009","30,043.92","30,043.92","30,043.92","30,043.92","","0.08%"
"19/08/2009","30,018.62","30,018.62","30,018.62","30,018.62","","-0.18%"
"18/08/2009","30,071.82","30,071.82","30,071.82","30,071.82","","-0.14%"
"17/08/2009","30,114.47","30,114.47","30,114.47","30,114.47","","-1.44%"
"14/08/2009","30,554.21","30,554.21","30,554.21","30,554.21","","0.57%"
"13/08/2009","30,382.31","30,382.31","30,382.31","30,382.31","","2.14%"
"12/08/2009","29,746.36","29,746.36","29,746.36","29,746.36","","0.26%"
"11/08/2009","29,670.22","29,670.22","29,670.22","29,670.22","","0.77%"
"10/08/2009","29,443.90","29,443.90","29,443.90","29,443.90","","0.11%"
"07/08/2009","29,411.70","29,411.70","29,411.70","29,411.70","","-0.62%"
"06/08/2009","29,595.64","29,595.64","29,595.64","29,595.64","","1.45%"
"05/08/2009","29,172.60","29,172.60","29,172.60","29,172.60","","-1.04%"
"04/08/2009","29,479.05","29,479.05","29,479.05","29,479.05","","1.08%"
"03/08/2009","29,164.94","29,164.94","29,164.94","29,164.94","","0.46%"
"31/07/2009","29,032.28","29,032.28","29,032.28","29,032.28","","1.28%"
"30/07/2009","28,665.23","28,665.23","28,665.23","28,665.23","","1.15%"
"29/07/2009","28,339.11","28,339.11","28,339.11","28,339.11","","-0.64%"
"28/07/2009","28,522.14","28,522.14","28,522.14","28,522.14","","0.72%"
"27/07/2009","28,317.20","28,317.20","28,317.20","28,317.20","","1.22%"
"24/07/2009","27,976.47","27,976.47","27,976.47","27,976.47","","0.63%"
"23/07/2009","27,800.71","27,800.71","27,800.71","27,800.71","","-0.11%"
"22/07/2009","27,830.72","27,830.72","27,830.72","27,830.72","","0.44%"
"21/07/2009","27,709.10","27,709.10","27,709.10","27,709.10","","0.01%"
"20/07/2009","27,706.45","27,706.45","27,706.45","27,706.45","","1.24%"
"17/07/2009","27,367.67","27,367.67","27,367.67","27,367.67","","0.13%"
"16/07/2009","27,332.50","27,332.50","27,332.50","27,332.50","","1.81%"
"15/07/2009","26,846.09","26,846.09","26,846.09","26,846.09","","1.48%"
"14/07/2009","26,453.57","26,453.57","26,453.57","26,453.57","","3.47%"
"13/07/2009","25,566.55","25,566.55","25,566.55","25,566.55","","-1.49%"
"10/07/2009","25,953.82","25,953.82","25,953.82","25,953.82","","0.82%"
"09/07/2009","25,743.46","25,743.46","25,743.46","25,743.46","","-0.12%"
"08/07/2009","25,775.06","25,775.06","25,775.06","25,775.06","","0.03%"
"07/07/2009","25,767.80","25,767.80","25,767.80","25,767.80","","-0.44%"
"06/07/2009","25,882.83","25,882.83","25,882.83","25,882.83","","-1.16%"
"03/07/2009","26,187.03","26,187.03","26,187.03","26,187.03","","-1.27%"
"02/07/2009","26,522.78","26,522.78","26,522.78","26,522.78","","0.08%"
"01/07/2009","26,500.40","26,500.40","26,500.40","26,500.40","","-2.04%"
"30/06/2009","27,053.61","27,053.61","27,053.61","27,053.61","","1.75%"
"29/06/2009","26,588.57","26,588.57","26,588.57","26,588.57","","-0.43%"
"26/06/2009","26,704.43","26,704.43","26,704.43","26,704.43","","1.24%"
"25/06/2009","26,377.08","26,377.08","26,377.08","26,377.08","","1.29%"
"24/06/2009","26,041.88","26,041.88","26,041.88","26,041.88","","0.47%"
"23/06/2009","25,920.35","25,920.35","25,920.35","25,920.35","","-3.09%"
"22/06/2009","26,748.17","26,748.17","26,748.17","26,748.17","","0.48%"
"19/06/2009","26,621.11","26,621.11","26,621.11","26,621.11","","0.20%"
"18/06/2009","26,566.73","26,566.73","26,566.73","26,566.73","","-0.31%"
"17/06/2009","26,649.00","26,649.00","26,649.00","26,649.00","","-1.47%"
"16/06/2009","27,047.30","27,047.30","27,047.30","27,047.30","","-1.72%"
"15/06/2009","27,519.88","27,519.88","27,519.88","27,519.88","","-0.75%"
"12/06/2009","27,727.97","27,727.97","27,727.97","27,727.97","","0.37%"
"11/06/2009","27,625.74","27,625.74","27,625.74","27,625.74","","0.57%"
"10/06/2009","27,470.00","27,470.00","27,470.00","27,470.00","","2.29%"
"09/06/2009","26,853.90","26,853.90","26,853.90","26,853.90","","-0.91%"
"05/06/2009","27,101.64","27,101.64","27,101.64","27,101.64","","0.93%"
"04/06/2009","26,852.42","26,852.42","26,852.42","26,852.42","","-1.90%"
"03/06/2009","27,371.73","27,371.73","27,371.73","27,371.73","","1.57%"
"02/06/2009","26,949.81","26,949.81","26,949.81","26,949.81","","1.56%"
"01/06/2009","26,534.72","26,534.72","26,534.72","26,534.72","","2.01%"
"29/05/2009","26,011.84","26,011.84","26,011.84","26,011.84","","1.66%"
"28/05/2009","25,587.39","25,587.39","25,587.39","25,587.39","","-1.19%"
"27/05/2009","25,896.85","25,896.85","25,896.85","25,896.85","","0.33%"
"26/05/2009","25,810.73","25,810.73","25,810.73","25,810.73","","1.35%"
"25/05/2009","25,466.43","25,466.43","25,466.43","25,466.43","","-0.63%"
"22/05/2009","25,627.71","25,627.71","25,627.71","25,627.71","","-1.37%"
"21/05/2009","25,984.10","25,984.10","25,984.10","25,984.10","","-0.27%"
"20/05/2009","26,055.41","26,055.41","26,055.41","26,055.41","","0.19%"
"19/05/2009","26,005.54","26,005.54","26,005.54","26,005.54","","2.19%"
"18/05/2009","25,449.19","25,449.19","25,449.19","25,449.19","","-0.79%"
"15/05/2009","25,651.75","25,651.75","25,651.75","25,651.75","","1.34%"
"14/05/2009","25,312.28","25,312.28","25,312.28","25,312.28","","-3.44%"
"13/05/2009","26,214.69","26,214.69","26,214.69","26,214.69","","-0.54%"
"12/05/2009","26,358.16","26,358.16","26,358.16","26,358.16","","-1.24%"
"11/05/2009","26,689.41","26,689.41","26,689.41","26,689.41","","-0.39%"
"08/05/2009","26,792.76","26,792.76","26,792.76","26,792.76","","0.08%"
"07/05/2009","26,772.21","26,772.21","26,772.21","26,772.21","","1.97%"
"06/05/2009","26,255.27","26,255.27","26,255.27","26,255.27","","-0.60%"
"05/05/2009","26,413.24","26,413.24","26,413.24","26,413.24","","4.27%"
"04/05/2009","25,330.50","25,330.50","25,330.50","25,330.50","","-1.01%"
"01/05/2009","25,589.93","25,589.93","25,589.93","25,589.93","","-0.29%"
"30/04/2009","25,663.58","25,663.58","25,663.58","25,663.58","","2.30%"
"29/04/2009","25,085.64","25,085.64","25,085.64","25,085.64","","-0.35%"
"28/04/2009","25,173.14","25,173.14","25,173.14","25,173.14","","-0.62%"
"27/04/2009","25,330.50","25,330.50","25,330.50","25,330.50","","0.52%"
"24/04/2009","25,199.41","25,199.41","25,199.41","25,199.41","","-0.82%"
"23/04/2009","25,408.16","25,408.16","25,408.16","25,408.16","","2.04%"
"22/04/2009","24,900.18","24,900.18","24,900.18","24,900.18","","-0.25%"
"21/04/2009","24,962.87","24,962.87","24,962.87","24,962.87","","-2.43%"
"20/04/2009","25,584.80","25,584.80","25,584.80","25,584.80","","-0.20%"
"17/04/2009","25,636.72","25,636.72","25,636.72","25,636.72","","0.03%"
"16/04/2009","25,629.86","25,629.86","25,629.86","25,629.86","","0.75%"
"15/04/2009","25,438.48","25,438.48","25,438.48","25,438.48","","-0.14%"
"14/04/2009","25,475.06","25,475.06","25,475.06","25,475.06","","2.22%"
"09/04/2009","24,922.80","24,922.80","24,922.80","24,922.80","","1.45%"
"08/04/2009","24,566.37","24,566.37","24,566.37","24,566.37","","-2.34%"
"07/04/2009","25,155.57","25,155.57","25,155.57","25,155.57","","-1.34%"
"06/04/2009","25,496.81","25,496.81","25,496.81","25,496.81","","0.56%"
"03/04/2009","25,354.58","25,354.58","25,354.58","25,354.58","","1.52%"
"02/04/2009","24,975.77","24,975.77","24,975.77","24,975.77","","2.81%"
"01/04/2009","24,293.67","24,293.67","24,293.67","24,293.67","","-0.07%"
"31/03/2009","24,310.04","24,310.04","24,310.04","24,310.04","","-0.61%"
"30/03/2009","24,458.04","24,458.04","24,458.04","24,458.04","","-1.84%"
"27/03/2009","24,916.90","24,916.90","24,916.90","24,916.90","","0.70%"
"26/03/2009","24,742.65","24,742.65","24,742.65","24,742.65","","1.04%"
"25/03/2009","24,488.53","24,488.53","24,488.53","24,488.53","","0.84%"
"24/03/2009","24,285.29","24,285.29","24,285.29","24,285.29","","0.84%"
"23/03/2009","24,083.93","24,083.93","24,083.93","24,083.93","","2.52%"
"20/03/2009","23,492.57","23,492.57","23,492.57","23,492.57","","-0.41%"
"19/03/2009","23,589.55","23,589.55","23,589.55","23,589.55","","0.99%"
"18/03/2009","23,358.98","23,358.98","23,358.98","23,358.98","","-0.16%"
"17/03/2009","23,395.92","23,395.92","23,395.92","23,395.92","","3.10%"
"16/03/2009","22,692.72","22,692.72","22,692.72","22,692.72","","0.12%"
"13/03/2009","22,666.20","22,666.20","22,666.20","22,666.20","","3.42%"
"12/03/2009","21,915.92","21,915.92","21,915.92","21,915.92","","-0.27%"
"11/03/2009","21,975.77","21,975.77","21,975.77","21,975.77","","1.88%"
"10/03/2009","21,569.38","21,569.38","21,569.38","21,569.38","","0.98%"
"09/03/2009","21,359.14","21,359.14","21,359.14","21,359.14","","0.29%"
"06/03/2009","21,298.06","21,298.06","21,298.06","21,298.06","","-1.07%"
"05/03/2009","21,529.47","21,529.47","21,529.47","21,529.47","","0.76%"
"04/03/2009","21,367.00","21,367.00","21,367.00","21,367.00","","-1.51%"
"03/03/2009","21,694.09","21,694.09","21,694.09","21,694.09","","-0.89%"
"02/03/2009","21,889.38","21,889.38","21,889.38","21,889.38","","-2.77%"
"27/02/2009","22,512.80","22,512.80","22,512.80","22,512.80","","0.01%"
"26/02/2009","22,509.50","22,509.50","22,509.50","22,509.50","","0.56%"
"25/02/2009","22,384.80","22,384.80","22,384.80","22,384.80","","-0.10%"
"24/02/2009","22,406.40","22,406.40","22,406.40","22,406.40","","-0.45%"
"23/02/2009","22,508.30","22,508.30","22,508.30","22,508.30","","-1.14%"
"20/02/2009","22,767.70","22,767.70","22,767.70","22,767.70","","-1.35%"
"19/02/2009","23,079.10","23,079.10","23,079.10","23,079.10","","1.05%"
"18/02/2009","22,839.50","22,839.50","22,839.50","22,839.50","","-1.44%"
"17/02/2009","23,172.50","23,172.50","23,172.50","23,172.50","","-1.47%"
"16/02/2009","23,519.30","23,519.30","23,519.30","23,519.30","","-0.98%"
"13/02/2009","23,750.90","23,750.90","23,750.90","23,750.90","","1.28%"
"12/02/2009","23,451.30","23,451.30","23,451.30","23,451.30","","1.15%"
"11/02/2009","23,185.30","23,185.30","23,185.30","23,185.30","","-0.41%"
"10/02/2009","23,280.30","23,280.30","23,280.30","23,280.30","","-0.54%"
"09/02/2009","23,407.60","23,407.60","23,407.60","23,407.60","","1.12%"
"06/02/2009","23,148.90","23,148.90","23,148.90","23,148.90","","1.21%"
"05/02/2009","22,873.20","22,873.20","22,873.20","22,873.20","","-0.27%"
"04/02/2009","22,935.70","22,935.70","22,935.70","22,935.70","","-2.02%"
"03/02/2009","23,407.70","23,407.70","23,407.70","23,407.70","","0.32%"
"02/02/2009","23,332.80","23,332.80","23,332.80","23,332.80","","-1.10%"
"30/01/2009","23,591.60","23,591.60","23,591.60","23,591.60","","0.41%"
"29/01/2009","23,494.70","23,494.70","23,494.70","23,494.70","","0.88%"
"28/01/2009","23,290.70","23,290.70","23,290.70","23,290.70","","1.50%"
"27/01/2009","22,947.20","22,947.20","22,947.20","22,947.20","","3.03%"
"23/01/2009","22,272.30","22,272.30","22,272.30","22,272.30","","-4.13%"
"22/01/2009","23,232.50","23,232.50","23,232.50","23,232.50","","1.28%"
"21/01/2009","22,939.00","22,939.00","22,939.00","22,939.00","","-0.97%"
"20/01/2009","23,164.70","23,164.70","23,164.70","23,164.70","","-3.14%"
"19/01/2009","23,915.50","23,915.50","23,915.50","23,915.50","","1.08%"
"16/01/2009","23,659.80","23,659.80","23,659.80","23,659.80","","0.61%"
"15/01/2009","23,517.20","23,517.20","23,517.20","23,517.20","","-4.27%"
"14/01/2009","24,566.10","24,566.10","24,566.10","24,566.10","","0.89%"
"13/01/2009","24,350.30","24,350.30","24,350.30","24,350.30","","-0.78%"
"12/01/2009","24,541.50","24,541.50","24,541.50","24,541.50","","-1.40%"
"09/01/2009","24,890.80","24,890.80","24,890.80","24,890.80","","1.12%"
"08/01/2009","24,614.60","24,614.60","24,614.60","24,614.60","","-2.26%"
"07/01/2009","25,183.90","25,183.90","25,183.90","25,183.90","","0.99%"
"06/01/2009","24,937.10","24,937.10","24,937.10","24,937.10","","1.51%"
"05/01/2009","24,566.30","24,566.30","24,566.30","24,566.30","","-0.72%"
"02/01/2009","24,744.60","24,744.60","24,744.60","24,744.60","","-0.23%"
"31/12/2008","24,801.30","24,801.30","24,801.30","24,801.30","","1.87%"
"30/12/2008","24,347.20","24,347.20","24,347.20","24,347.20","","0.91%"
"29/12/2008","24,127.00","24,127.00","24,127.00","24,127.00","","1.09%"
"24/12/2008","23,867.90","23,867.90","23,867.90","23,867.90","","1.44%"
"23/12/2008","23,528.70","23,528.70","23,528.70","23,528.70","","-0.49%"
"22/12/2008","23,645.60","23,645.60","23,645.60","23,645.60","","-1.61%"
"19/12/2008","24,033.10","24,033.10","24,033.10","24,033.10","","0.96%"
"18/12/2008","23,803.70","23,803.70","23,803.70","23,803.70","","0.30%"
"17/12/2008","23,733.50","23,733.50","23,733.50","23,733.50","","0.41%"
"16/12/2008","23,637.10","23,637.10","23,637.10","23,637.10","","-0.98%"
"15/12/2008","23,870.70","23,870.70","23,870.70","23,870.70","","2.32%"
"12/12/2008","23,330.50","23,330.50","23,330.50","23,330.50","","-2.44%"
"11/12/2008","23,912.80","23,912.80","23,912.80","23,912.80","","-1.17%"
"10/12/2008","24,195.50","24,195.50","24,195.50","24,195.50","","1.02%"
"09/12/2008","23,951.80","23,951.80","23,951.80","23,951.80","","-0.75%"
"08/12/2008","24,132.70","24,132.70","24,132.70","24,132.70","","4.06%"
"05/12/2008","23,191.30","23,191.30","23,191.30","23,191.30","","-1.20%"
"04/12/2008","23,473.80","23,473.80","23,473.80","23,473.80","","-0.04%"
"03/12/2008","23,483.10","23,483.10","23,483.10","23,483.10","","0.16%"
"02/12/2008","23,446.00","23,446.00","23,446.00","23,446.00","","-4.15%"
"01/12/2008","24,462.40","24,462.40","24,462.40","24,462.40","","-1.64%"
"28/11/2008","24,869.90","24,869.90","24,869.90","24,869.90","","4.31%"
"27/11/2008","23,842.70","23,842.70","23,842.70","23,842.70","","1.36%"
"26/11/2008","23,523.80","23,523.80","23,523.80","23,523.80","","-2.30%"
"25/11/2008","24,076.60","24,076.60","24,076.60","24,076.60","","5.79%"
"24/11/2008","22,759.20","22,759.20","22,759.20","22,759.20","","0.32%"
"21/11/2008","22,685.80","22,685.80","22,685.80","22,685.80","","1.90%"
"20/11/2008","22,263.80","22,263.80","22,263.80","22,263.80","","-4.19%"
"19/11/2008","23,237.80","23,237.80","23,237.80","23,237.80","","-0.67%"
"18/11/2008","23,394.20","23,394.20","23,394.20","23,394.20","","-3.52%"
"17/11/2008","24,248.50","24,248.50","24,248.50","24,248.50","","-2.54%"
"14/11/2008","24,879.70","24,879.70","24,879.70","24,879.70","","1.38%"
"13/11/2008","24,542.00","24,542.00","24,542.00","24,542.00","","-5.86%"
"12/11/2008","26,069.00","26,069.00","26,069.00","26,069.00","","-0.82%"
"11/11/2008","26,285.60","26,285.60","26,285.60","26,285.60","","-3.58%"
"10/11/2008","27,260.20","27,260.20","27,260.20","27,260.20","","1.40%"
"07/11/2008","26,883.40","26,883.40","26,883.40","26,883.40","","-2.17%"
"06/11/2008","27,480.00","27,480.00","27,480.00","27,480.00","","-4.14%"
"05/11/2008","28,667.90","28,667.90","28,667.90","28,667.90","","3.06%"
"04/11/2008","27,815.40","27,815.40","27,815.40","27,815.40","","-0.15%"
"03/11/2008","27,857.40","27,857.40","27,857.40","27,857.40","","5.06%"
"31/10/2008","26,514.50","26,514.50","26,514.50","26,514.50","","0.44%"
"30/10/2008","26,399.00","26,399.00","26,399.00","26,399.00","","4.04%"
"29/10/2008","25,372.80","25,372.80","25,372.80","25,372.80","","1.34%"
"28/10/2008","25,036.40","25,036.40","25,036.40","25,036.40","","-0.38%"
"27/10/2008","25,132.80","25,132.80","25,132.80","25,132.80","","-1.56%"
"24/10/2008","25,530.30","25,530.30","25,530.30","25,530.30","","-2.64%"
"23/10/2008","26,222.60","26,222.60","26,222.60","26,222.60","","-4.37%"
"22/10/2008","27,421.90","27,421.90","27,421.90","27,421.90","","-3.40%"
"21/10/2008","28,387.50","28,387.50","28,387.50","28,387.50","","3.87%"
"20/10/2008","27,330.40","27,330.40","27,330.40","27,330.40","","4.32%"
"17/10/2008","26,198.20","26,198.20","26,198.20","26,198.20","","-1.06%"
"16/10/2008","26,479.40","26,479.40","26,479.40","26,479.40","","-6.66%"
"15/10/2008","28,370.10","28,370.10","28,370.10","28,370.10","","-0.81%"
"14/10/2008","28,601.60","28,601.60","28,601.60","28,601.60","","3.70%"
"13/10/2008","27,582.40","27,582.40","27,582.40","27,582.40","","5.56%"
"10/10/2008","26,130.30","26,130.30","26,130.30","26,130.30","","-8.34%"
"09/10/2008","28,507.30","28,507.30","28,507.30","28,507.30","","-1.52%"
"08/10/2008","28,948.70","28,948.70","28,948.70","28,948.70","","-4.99%"
"07/10/2008","30,470.20","30,470.20","30,470.20","30,470.20","","1.72%"
"06/10/2008","29,953.70","29,953.70","29,953.70","29,953.70","","-3.30%"
"03/10/2008","30,976.50","30,976.50","30,976.50","30,976.50","","-1.34%"
"02/10/2008","31,398.00","31,398.00","31,398.00","31,398.00","","-0.70%"
"01/10/2008","31,618.60","31,618.60","31,618.60","31,618.60","","4.22%"
"30/09/2008","30,338.80","30,338.80","30,338.80","30,338.80","","-4.30%"
"29/09/2008","31,701.90","31,701.90","31,701.90","31,701.90","","-1.98%"
"26/09/2008","32,342.70","32,342.70","32,342.70","32,342.70","","-0.45%"
"25/09/2008","32,490.50","32,490.50","32,490.50","32,490.50","","-1.09%"
"24/09/2008","32,849.40","32,849.40","32,849.40","32,849.40","","1.21%"
"23/09/2008","32,458.00","32,458.00","32,458.00","32,458.00","","-1.93%"
"22/09/2008","33,096.80","33,096.80","33,096.80","33,096.80","","4.55%"
"19/09/2008","31,655.90","31,655.90","31,655.90","31,655.90","","4.27%"
"18/09/2008","30,358.70","30,358.70","30,358.70","30,358.70","","-2.42%"
"17/09/2008","31,112.50","31,112.50","31,112.50","31,112.50","","-0.59%"
"16/09/2008","31,296.60","31,296.60","31,296.60","31,296.60","","-1.37%"
"15/09/2008","31,732.50","31,732.50","31,732.50","31,732.50","","-1.68%"
"12/09/2008","32,274.80","32,274.80","32,274.80","32,274.80","","1.87%"
"11/09/2008","31,683.20","31,683.20","31,683.20","31,683.20","","-1.86%"
"10/09/2008","32,283.00","32,283.00","32,283.00","32,283.00","","-1.48%"
"09/09/2008","32,769.60","32,769.60","32,769.60","32,769.60","","-1.72%"
"08/09/2008","33,343.50","33,343.50","33,343.50","33,343.50","","3.96%"
"05/09/2008","32,074.30","32,074.30","32,074.30","32,074.30","","-2.05%"
"04/09/2008","32,746.50","32,746.50","32,746.50","32,746.50","","-1.57%"
"03/09/2008","33,269.30","33,269.30","33,269.30","33,269.30","","-1.06%"
"02/09/2008","33,624.40","33,624.40","33,624.40","33,624.40","","-0.01%"
"01/09/2008","33,629.00","33,629.00","33,629.00","33,629.00","","-0.07%"
"29/08/2008","33,652.10","33,652.10","33,652.10","33,652.10","","1.43%"
"28/08/2008","33,176.30","33,176.30","33,176.30","33,176.30","","1.18%"
"27/08/2008","32,790.50","32,790.50","32,790.50","32,790.50","","0.11%"
"26/08/2008","32,754.50","32,754.50","32,754.50","32,754.50","","0.02%"
"25/08/2008","32,747.60","32,747.60","32,747.60","32,747.60","","1.88%"
"22/08/2008","32,143.40","32,143.40","32,143.40","32,143.40","","1.15%"
"21/08/2008","31,776.40","31,776.40","31,776.40","31,776.40","","-1.09%"
"20/08/2008","32,126.60","32,126.60","32,126.60","32,126.60","","1.31%"
"19/08/2008","31,709.90","31,709.90","31,709.90","31,709.90","","-2.38%"
"18/08/2008","32,482.10","32,482.10","32,482.10","32,482.10","","0.28%"
"15/08/2008","32,390.50","32,390.50","32,390.50","32,390.50","","0.01%"
"14/08/2008","32,385.70","32,385.70","32,385.70","32,385.70","","0.60%"
"13/08/2008","32,193.80","32,193.80","32,193.80","32,193.80","","-2.02%"
"12/08/2008","32,856.80","32,856.80","32,856.80","32,856.80","","1.45%"
"11/08/2008","32,388.00","32,388.00","32,388.00","32,388.00","","0.00%"
"08/08/2008","32,388.00","32,388.00","32,388.00","32,388.00","","0.06%"
"07/08/2008","32,369.10","32,369.10","32,369.10","32,369.10","","0.28%"
"06/08/2008","32,277.20","32,277.20","32,277.20","32,277.20","","3.09%"
"05/08/2008","31,311.20","31,311.20","31,311.20","31,311.20","","-1.38%"
"04/08/2008","31,748.30","31,748.30","31,748.30","31,748.30","","-0.33%"
"01/08/2008","31,854.30","31,854.30","31,854.30","31,854.30","","-1.47%"
"31/07/2008","32,329.80","32,329.80","32,329.80","32,329.80","","0.82%"
"30/07/2008","32,065.50","32,065.50","32,065.50","32,065.50","","1.84%"
"29/07/2008","31,485.60","31,485.60","31,485.60","31,485.60","","-1.52%"
"28/07/2008","31,971.00","31,971.00","31,971.00","31,971.00","","-0.97%"
"25/07/2008","32,285.50","32,285.50","32,285.50","32,285.50","","-3.37%"
"24/07/2008","33,413.00","33,413.00","33,413.00","33,413.00","","0.76%"
"23/07/2008","33,160.70","33,160.70","33,160.70","33,160.70","","1.99%"
"22/07/2008","32,513.00","32,513.00","32,513.00","32,513.00","","-0.12%"
"21/07/2008","32,553.20","32,553.20","32,553.20","32,553.20","","3.54%"
"18/07/2008","31,439.90","31,439.90","31,439.90","31,439.90","","-1.24%"
"17/07/2008","31,834.00","31,834.00","31,834.00","31,834.00","","0.62%"
"16/07/2008","31,636.40","31,636.40","31,636.40","31,636.40","","1.14%"
"15/07/2008","31,279.50","31,279.50","31,279.50","31,279.50","","-2.14%"
"14/07/2008","31,963.70","31,963.70","31,963.70","31,963.70","","-1.18%"
"11/07/2008","32,346.30","32,346.30","32,346.30","32,346.30","","0.86%"
"10/07/2008","32,070.00","32,070.00","32,070.00","32,070.00","","-1.49%"
"09/07/2008","32,553.80","32,553.80","32,553.80","32,553.80","","1.60%"
"08/07/2008","32,041.20","32,041.20","32,041.20","32,041.20","","-1.39%"
"07/07/2008","32,493.00","32,493.00","32,493.00","32,493.00","","-1.57%"
"04/07/2008","33,010.00","33,010.00","33,010.00","33,010.00","","1.68%"
"03/07/2008","32,465.80","32,465.80","32,465.80","32,465.80","","-1.89%"
"02/07/2008","33,092.50","33,092.50","33,092.50","33,092.50","","-0.86%"
"01/07/2008","33,378.90","33,378.90","33,378.90","33,378.90","","-1.47%"
"30/06/2008","33,875.30","33,875.30","33,875.30","33,875.30","","-0.41%"
"27/06/2008","34,015.80","34,015.80","34,015.80","34,015.80","","-1.32%"
"26/06/2008","34,470.30","34,470.30","34,470.30","34,470.30","","1.32%"
"25/06/2008","34,021.10","34,021.10","34,021.10","34,021.10","","-0.99%"
"24/06/2008","34,359.80","34,359.80","34,359.80","34,359.80","","0.38%"
"23/06/2008","34,228.80","34,228.80","34,228.80","34,228.80","","-0.08%"
"20/06/2008","34,255.70","34,255.70","34,255.70","34,255.70","","-1.46%"
"19/06/2008","34,763.30","34,763.30","34,763.30","34,763.30","","-1.41%"
"18/06/2008","35,259.50","35,259.50","35,259.50","35,259.50","","0.38%"
"17/06/2008","35,126.40","35,126.40","35,126.40","35,126.40","","0.95%"
"16/06/2008","34,796.00","34,796.00","34,796.00","34,796.00","","-0.12%"
"13/06/2008","34,837.80","34,837.80","34,837.80","34,837.80","","0.92%"
"12/06/2008","34,521.10","34,521.10","34,521.10","34,521.10","","-2.52%"
"11/06/2008","35,414.80","35,414.80","35,414.80","35,414.80","","0.55%"
"10/06/2008","35,221.80","35,221.80","35,221.80","35,221.80","","-2.76%"
"06/06/2008","36,223.10","36,223.10","36,223.10","36,223.10","","1.12%"
"05/06/2008","35,821.60","35,821.60","35,821.60","35,821.60","","-0.97%"
"04/06/2008","36,173.80","36,173.80","36,173.80","36,173.80","","0.19%"
"03/06/2008","36,104.10","36,104.10","36,104.10","36,104.10","","-1.55%"
"02/06/2008","36,674.00","36,674.00","36,674.00","36,674.00","","0.19%"
"30/05/2008","36,604.80","36,604.80","36,604.80","36,604.80","","-0.82%"
"29/05/2008","36,906.60","36,906.60","36,906.60","36,906.60","","1.09%"
"28/05/2008","36,509.00","36,509.00","36,509.00","36,509.00","","-1.16%"
"27/05/2008","36,938.00","36,938.00","36,938.00","36,938.00","","0.14%"
"26/05/2008","36,885.90","36,885.90","36,885.90","36,885.90","","-1.01%"
"23/05/2008","37,262.10","37,262.10","37,262.10","37,262.10","","-1.01%"
"22/05/2008","37,642.90","37,642.90","37,642.90","37,642.90","","0.06%"
"21/05/2008","37,620.40","37,620.40","37,620.40","37,620.40","","-1.43%"
"20/05/2008","38,167.20","38,167.20","38,167.20","38,167.20","","-0.69%"
"19/05/2008","38,434.20","38,434.20","38,434.20","38,434.20","","0.43%"
"16/05/2008","38,268.60","38,268.60","38,268.60","38,268.60","","0.68%"
"15/05/2008","38,008.50","38,008.50","38,008.50","38,008.50","","0.31%"
"14/05/2008","37,892.50","37,892.50","37,892.50","37,892.50","","1.03%"
"13/05/2008","37,505.20","37,505.20","37,505.20","37,505.20","","-0.27%"
"12/05/2008","37,607.70","37,607.70","37,607.70","37,607.70","","0.98%"
"09/05/2008","37,241.40","37,241.40","37,241.40","37,241.40","","0.85%"
"08/05/2008","36,928.20","36,928.20","36,928.20","36,928.20","","1.08%"
"07/05/2008","36,532.50","36,532.50","36,532.50","36,532.50","","-0.57%"
"06/05/2008","36,740.10","36,740.10","36,740.10","36,740.10","","-0.50%"
"05/05/2008","36,926.30","36,926.30","36,926.30","36,926.30","","0.53%"
"02/05/2008","36,731.50","36,731.50","36,731.50","36,731.50","","2.05%"
"01/05/2008","35,993.00","35,993.00","35,993.00","35,993.00","","-0.17%"
"30/04/2008","36,054.80","36,054.80","36,054.80","36,054.80","","-0.21%"
"29/04/2008","36,129.10","36,129.10","36,129.10","36,129.10","","0.07%"
"28/04/2008","36,102.10","36,102.10","36,102.10","36,102.10","","0.28%"
"24/04/2008","36,001.20","36,001.20","36,001.20","36,001.20","","-1.16%"
"23/04/2008","36,423.80","36,423.80","36,423.80","36,423.80","","1.59%"
"22/04/2008","35,854.70","35,854.70","35,854.70","35,854.70","","-0.64%"
"21/04/2008","36,084.80","36,084.80","36,084.80","36,084.80","","3.14%"
"18/04/2008","34,985.30","34,985.30","34,985.30","34,985.30","","-1.62%"
"17/04/2008","35,560.70","35,560.70","35,560.70","35,560.70","","0.89%"
"16/04/2008","35,247.10","35,247.10","35,247.10","35,247.10","","1.29%"
"15/04/2008","34,796.90","34,796.90","34,796.90","34,796.90","","1.09%"
"14/04/2008","34,423.30","34,423.30","34,423.30","34,423.30","","-1.78%"
"11/04/2008","35,046.00","35,046.00","35,046.00","35,046.00","","-0.13%"
"10/04/2008","35,091.70","35,091.70","35,091.70","35,091.70","","-1.34%"
"09/04/2008","35,567.10","35,567.10","35,567.10","35,567.10","","-0.92%"
"08/04/2008","35,898.00","35,898.00","35,898.00","35,898.00","","-0.95%"
"07/04/2008","36,242.70","36,242.70","36,242.70","36,242.70","","0.11%"
"04/04/2008","36,202.20","36,202.20","36,202.20","36,202.20","","0.19%"
"03/04/2008","36,132.00","36,132.00","36,132.00","36,132.00","","1.93%"
"02/04/2008","35,449.10","35,449.10","35,449.10","35,449.10","","2.65%"
"01/04/2008","34,533.90","34,533.90","34,533.90","34,533.90","","0.12%"
"31/03/2008","34,491.90","34,491.90","34,491.90","34,491.90","","0.09%"
"28/03/2008","34,461.60","34,461.60","34,461.60","34,461.60","","-0.38%"
"27/03/2008","34,593.80","34,593.80","34,593.80","34,593.80","","-0.18%"
"26/03/2008","34,656.00","34,656.00","34,656.00","34,656.00","","1.18%"
"25/03/2008","34,250.30","34,250.30","34,250.30","34,250.30","","3.77%"
"20/03/2008","33,006.70","33,006.70","33,006.70","33,006.70","","-3.00%"
"19/03/2008","34,028.70","34,028.70","34,028.70","34,028.70","","4.00%"
"18/03/2008","32,718.60","32,718.60","32,718.60","32,718.60","","-0.02%"
"17/03/2008","32,724.00","32,724.00","32,724.00","32,724.00","","-2.30%"
"14/03/2008","33,493.70","33,493.70","33,493.70","33,493.70","","1.44%"
"13/03/2008","33,019.70","33,019.70","33,019.70","33,019.70","","-2.31%"
"12/03/2008","33,801.90","33,801.90","33,801.90","33,801.90","","2.42%"
"11/03/2008","33,004.10","33,004.10","33,004.10","33,004.10","","-0.88%"
"10/03/2008","33,298.10","33,298.10","33,298.10","33,298.10","","-1.59%"
"07/03/2008","33,835.10","33,835.10","33,835.10","33,835.10","","-3.13%"
"06/03/2008","34,927.80","34,927.80","34,927.80","34,927.80","","1.10%"
"05/03/2008","34,546.30","34,546.30","34,546.30","34,546.30","","-0.03%"
"04/03/2008","34,556.40","34,556.40","34,556.40","34,556.40","","-0.40%"
"03/03/2008","34,696.60","34,696.60","34,696.60","34,696.60","","-2.74%"
"29/02/2008","35,673.60","35,673.60","35,673.60","35,673.60","","-1.35%"
"28/02/2008","36,161.20","36,161.20","36,161.20","36,161.20","","-1.96%"
"27/02/2008","36,882.70","36,882.70","36,882.70","36,882.70","","1.83%"
"26/02/2008","36,221.20","36,221.20","36,221.20","36,221.20","","0.89%"
"25/02/2008","35,902.80","35,902.80","35,902.80","35,902.80","","1.28%"
"22/02/2008","35,449.80","35,449.80","35,449.80","35,449.80","","-0.42%"
"21/02/2008","35,599.40","35,599.40","35,599.40","35,599.40","","1.60%"
"20/02/2008","35,039.60","35,039.60","35,039.60","35,039.60","","-2.16%"
"19/02/2008","35,811.90","35,811.90","35,811.90","35,811.90","","1.09%"
"18/02/2008","35,424.70","35,424.70","35,424.70","35,424.70","","-0.70%"
"15/02/2008","35,675.70","35,675.70","35,675.70","35,675.70","","-1.37%"
"14/02/2008","36,172.30","36,172.30","36,172.30","36,172.30","","2.57%"
"13/02/2008","35,264.30","35,264.30","35,264.30","35,264.30","","-1.18%"
"12/02/2008","35,683.70","35,683.70","35,683.70","35,683.70","","1.27%"
"11/02/2008","35,234.60","35,234.60","35,234.60","35,234.60","","-2.04%"
"08/02/2008","35,969.50","35,969.50","35,969.50","35,969.50","","1.10%"
"07/02/2008","35,579.90","35,579.90","35,579.90","35,579.90","","-0.23%"
"06/02/2008","35,660.20","35,660.20","35,660.20","35,660.20","","-3.17%"
"05/02/2008","36,827.10","36,827.10","36,827.10","36,827.10","","-1.27%"
"04/02/2008","37,300.90","37,300.90","37,300.90","37,300.90","","0.42%"
"01/02/2008","37,145.20","37,145.20","37,145.20","37,145.20","","3.41%"
"31/01/2008","35,920.20","35,920.20","35,920.20","35,920.20","","0.56%"
"30/01/2008","35,719.70","35,719.70","35,719.70","35,719.70","","-1.71%"
"29/01/2008","36,341.00","36,341.00","36,341.00","36,341.00","","-2.45%"
"25/01/2008","37,255.60","37,255.60","37,255.60","37,255.60","","5.02%"
"24/01/2008","35,476.40","35,476.40","35,476.40","35,476.40","","3.11%"
"23/01/2008","34,407.60","34,407.60","34,407.60","34,407.60","","4.35%"
"22/01/2008","32,974.20","32,974.20","32,974.20","32,974.20","","-7.05%"
"21/01/2008","35,476.20","35,476.20","35,476.20","35,476.20","","-2.90%"
"18/01/2008","36,536.80","36,536.80","36,536.80","36,536.80","","-0.84%"
"17/01/2008","36,847.50","36,847.50","36,847.50","36,847.50","","-0.23%"
"16/01/2008","36,933.70","36,933.70","36,933.70","36,933.70","","-2.52%"
"15/01/2008","37,889.20","37,889.20","37,889.20","37,889.20","","-0.34%"
"14/01/2008","38,016.60","38,016.60","38,016.60","38,016.60","","-0.03%"
"11/01/2008","38,026.80","38,026.80","38,026.80","38,026.80","","-1.60%"
"10/01/2008","38,643.90","38,643.90","38,643.90","38,643.90","","-0.15%"
"09/01/2008","38,701.30","38,701.30","38,701.30","38,701.30","","-0.66%"
"08/01/2008","38,958.20","38,958.20","38,958.20","38,958.20","","-0.54%"
"07/01/2008","39,171.10","39,171.10","39,171.10","39,171.10","","-2.30%"
"04/01/2008","40,094.10","40,094.10","40,094.10","40,094.10","","0.26%"
"03/01/2008","39,991.70","39,991.70","39,991.70","39,991.70","","-0.95%"
"02/01/2008","40,375.90","40,375.90","40,375.90","40,375.90","","0.21%"
"31/12/2007","40,291.20","40,291.20","40,291.20","40,291.20","","0.00%"
"28/12/2007","40,291.80","40,291.80","40,291.80","40,291.80","","-0.17%"
"27/12/2007","40,360.80","40,360.80","40,360.80","40,360.80","","0.43%"
"24/12/2007","40,187.60","40,187.60","40,187.60","40,187.60","","1.23%"
"21/12/2007","39,700.70","39,700.70","39,700.70","39,700.70","","1.37%"
"20/12/2007","39,165.50","39,165.50","39,165.50","39,165.50","","-0.64%"
"19/12/2007","39,415.80","39,415.80","39,415.80","39,415.80","","-0.33%"
"18/12/2007","39,545.80","39,545.80","39,545.80","39,545.80","","-0.43%"
"17/12/2007","39,714.80","39,714.80","39,714.80","39,714.80","","-3.51%"
"14/12/2007","41,160.40","41,160.40","41,160.40","41,160.40","","-1.61%"
"13/12/2007","41,831.90","41,831.90","41,831.90","41,831.90","","-0.27%"
"12/12/2007","41,943.10","41,943.10","41,943.10","41,943.10","","-0.98%"
"11/12/2007","42,356.10","42,356.10","42,356.10","42,356.10","","0.83%"
"10/12/2007","42,005.80","42,005.80","42,005.80","42,005.80","","-0.44%"
"07/12/2007","42,191.20","42,191.20","42,191.20","42,191.20","","0.82%"
"06/12/2007","41,847.90","41,847.90","41,847.90","41,847.90","","1.42%"
"05/12/2007","41,260.00","41,260.00","41,260.00","41,260.00","","-0.35%"
"04/12/2007","41,403.70","41,403.70","41,403.70","41,403.70","","-0.04%"
"03/12/2007","41,420.30","41,420.30","41,420.30","41,420.30","","0.01%"
"30/11/2007","41,416.70","41,416.70","41,416.70","41,416.70","","1.38%"
"29/11/2007","40,854.70","40,854.70","40,854.70","40,854.70","","1.17%"
"28/11/2007","40,381.30","40,381.30","40,381.30","40,381.30","","-0.97%"
"27/11/2007","40,776.00","40,776.00","40,776.00","40,776.00","","-0.60%"
"26/11/2007","41,021.10","41,021.10","41,021.10","41,021.10","","2.23%"
"23/11/2007","40,126.30","40,126.30","40,126.30","40,126.30","","-0.03%"
"22/11/2007","40,136.60","40,136.60","40,136.60","40,136.60","","-0.78%"
"21/11/2007","40,453.50","40,453.50","40,453.50","40,453.50","","-0.63%"
"20/11/2007","40,711.10","40,711.10","40,711.10","40,711.10","","-1.68%"
"19/11/2007","41,406.30","41,406.30","41,406.30","41,406.30","","1.14%"
"16/11/2007","40,939.90","40,939.90","40,939.90","40,939.90","","-0.90%"
"15/11/2007","41,312.60","41,312.60","41,312.60","41,312.60","","-1.06%"
"14/11/2007","41,754.90","41,754.90","41,754.90","41,754.90","","1.29%"
"13/11/2007","41,222.50","41,222.50","41,222.50","41,222.50","","0.93%"
"12/11/2007","40,841.20","40,841.20","40,841.20","40,841.20","","-1.38%"
"09/11/2007","41,413.30","41,413.30","41,413.30","41,413.30","","0.37%"
"08/11/2007","41,259.90","41,259.90","41,259.90","41,259.90","","-2.40%"
"07/11/2007","42,275.70","42,275.70","42,275.70","42,275.70","","1.07%"
"06/11/2007","41,828.90","41,828.90","41,828.90","41,828.90","","0.69%"
"05/11/2007","41,540.60","41,540.60","41,540.60","41,540.60","","-1.71%"
"02/11/2007","42,261.50","42,261.50","42,261.50","42,261.50","","-1.93%"
"01/11/2007","43,094.30","43,094.30","43,094.30","43,094.30","","1.10%"
"31/10/2007","42,623.80","42,623.80","42,623.80","42,623.80","","0.06%"
"30/10/2007","42,598.60","42,598.60","42,598.60","42,598.60","","-0.59%"
"29/10/2007","42,852.50","42,852.50","42,852.50","42,852.50","","1.38%"
"26/10/2007","42,270.10","42,270.10","42,270.10","42,270.10","","1.15%"
"25/10/2007","41,789.00","41,789.00","41,789.00","41,789.00","","-0.15%"
"24/10/2007","41,852.60","41,852.60","41,852.60","41,852.60","","-0.40%"
"23/10/2007","42,019.20","42,019.20","42,019.20","42,019.20","","1.27%"
"22/10/2007","41,492.20","41,492.20","41,492.20","41,492.20","","-1.92%"
"19/10/2007","42,306.00","42,306.00","42,306.00","42,306.00","","-0.91%"
"18/10/2007","42,693.00","42,693.00","42,693.00","42,693.00","","1.31%"
"17/10/2007","42,140.20","42,140.20","42,140.20","42,140.20","","-0.17%"
"16/10/2007","42,213.00","42,213.00","42,213.00","42,213.00","","-0.70%"
"15/10/2007","42,509.00","42,509.00","42,509.00","42,509.00","","-0.15%"
"12/10/2007","42,571.00","42,571.00","42,571.00","42,571.00","","-0.34%"
"11/10/2007","42,715.90","42,715.90","42,715.90","42,715.90","","0.50%"
"10/10/2007","42,503.60","42,503.60","42,503.60","42,503.60","","0.91%"
"09/10/2007","42,120.40","42,120.40","42,120.40","42,120.40","","0.35%"
"08/10/2007","41,972.30","41,972.30","41,972.30","41,972.30","","0.74%"
"05/10/2007","41,662.60","41,662.60","41,662.60","41,662.60","","0.59%"
"04/10/2007","41,420.10","41,420.10","41,420.10","41,420.10","","-1.40%"
"03/10/2007","42,006.90","42,006.90","42,006.90","42,006.90","","0.00%"
"02/10/2007","42,006.50","42,006.50","42,006.50","42,006.50","","1.47%"
"01/10/2007","41,398.60","41,398.60","41,398.60","41,398.60","","-0.06%"
"28/09/2007","41,424.10","41,424.10","41,424.10","41,424.10","","0.46%"
"27/09/2007","41,235.20","41,235.20","41,235.20","41,235.20","","0.88%"
"26/09/2007","40,877.40","40,877.40","40,877.40","40,877.40","","-0.02%"
"25/09/2007","40,886.40","40,886.40","40,886.40","40,886.40","","0.49%"
"24/09/2007","40,685.70","40,685.70","40,685.70","40,685.70","","1.54%"
"21/09/2007","40,067.70","40,067.70","40,067.70","40,067.70","","-0.56%"
"20/09/2007","40,293.80","40,293.80","40,293.80","40,293.80","","0.59%"
"19/09/2007","40,055.80","40,055.80","40,055.80","40,055.80","","2.64%"
"18/09/2007","39,024.60","39,024.60","39,024.60","39,024.60","","-1.25%"
"17/09/2007","39,520.30","39,520.30","39,520.30","39,520.30","","-0.52%"
"14/09/2007","39,727.50","39,727.50","39,727.50","39,727.50","","1.23%"
"13/09/2007","39,244.80","39,244.80","39,244.80","39,244.80","","0.17%"
"12/09/2007","39,179.00","39,179.00","39,179.00","39,179.00","","-0.23%"
"11/09/2007","39,271.10","39,271.10","39,271.10","39,271.10","","0.72%"
"10/09/2007","38,990.60","38,990.60","38,990.60","38,990.60","","-1.22%"
"07/09/2007","39,472.90","39,472.90","39,472.90","39,472.90","","0.44%"
"06/09/2007","39,300.30","39,300.30","39,300.30","39,300.30","","-0.17%"
"05/09/2007","39,367.70","39,367.70","39,367.70","39,367.70","","-0.48%"
"04/09/2007","39,559.20","39,559.20","39,559.20","39,559.20","","0.42%"
"03/09/2007","39,392.90","39,392.90","39,392.90","39,392.90","","0.39%"
"31/08/2007","39,240.50","39,240.50","39,240.50","39,240.50","","1.91%"
"30/08/2007","38,503.90","38,503.90","38,503.90","38,503.90","","0.65%"
"29/08/2007","38,254.30","38,254.30","38,254.30","38,254.30","","-1.20%"
"28/08/2007","38,718.80","38,718.80","38,718.80","38,718.80","","-0.12%"
"27/08/2007","38,764.60","38,764.60","38,764.60","38,764.60","","1.65%"
"24/08/2007","38,136.70","38,136.70","38,136.70","38,136.70","","-1.15%"
"23/08/2007","38,581.00","38,581.00","38,581.00","38,581.00","","2.60%"
"22/08/2007","37,603.70","37,603.70","37,603.70","37,603.70","","0.27%"
"21/08/2007","37,501.10","37,501.10","37,501.10","37,501.10","","0.96%"
"20/08/2007","37,145.60","37,145.60","37,145.60","37,145.60","","4.96%"
"17/08/2007","35,390.90","35,390.90","35,390.90","35,390.90","","-0.71%"
"16/08/2007","35,643.30","35,643.30","35,643.30","35,643.30","","-1.32%"
"15/08/2007","36,120.90","36,120.90","36,120.90","36,120.90","","-2.96%"
"14/08/2007","37,223.40","37,223.40","37,223.40","37,223.40","","-0.78%"
"13/08/2007","37,514.60","37,514.60","37,514.60","37,514.60","","1.27%"
"10/08/2007","37,042.80","37,042.80","37,042.80","37,042.80","","-3.72%"
"09/08/2007","38,475.70","38,475.70","38,475.70","38,475.70","","1.06%"
"08/08/2007","38,071.20","38,071.20","38,071.20","38,071.20","","2.03%"
"07/08/2007","37,312.60","37,312.60","37,312.60","37,312.60","","1.10%"
"06/08/2007","36,908.40","36,908.40","36,908.40","36,908.40","","-1.68%"
"03/08/2007","37,537.20","37,537.20","37,537.20","37,537.20","","0.16%"
"02/08/2007","37,479.10","37,479.10","37,479.10","37,479.10","","1.19%"
"01/08/2007","37,038.80","37,038.80","37,038.80","37,038.80","","-3.30%"
"31/07/2007","38,304.20","38,304.20","38,304.20","38,304.20","","0.58%"
"30/07/2007","38,083.80","38,083.80","38,083.80","38,083.80","","0.43%"
"27/07/2007","37,922.40","37,922.40","37,922.40","37,922.40","","-2.81%"
"26/07/2007","39,016.90","39,016.90","39,016.90","39,016.90","","-1.29%"
"25/07/2007","39,528.40","39,528.40","39,528.40","39,528.40","","-1.27%"
"24/07/2007","40,038.40","40,038.40","40,038.40","40,038.40","","0.50%"
"23/07/2007","39,839.10","39,839.10","39,839.10","39,839.10","","-0.49%"
"20/07/2007","40,035.10","40,035.10","40,035.10","40,035.10","","0.59%"
"19/07/2007","39,800.40","39,800.40","39,800.40","39,800.40","","0.87%"
"18/07/2007","39,457.10","39,457.10","39,457.10","39,457.10","","-0.82%"
"17/07/2007","39,784.50","39,784.50","39,784.50","39,784.50","","0.01%"
"16/07/2007","39,779.70","39,779.70","39,779.70","39,779.70","","-0.13%"
"13/07/2007","39,833.10","39,833.10","39,833.10","39,833.10","","0.41%"
"12/07/2007","39,671.00","39,671.00","39,671.00","39,671.00","","0.61%"
"11/07/2007","39,432.30","39,432.30","39,432.30","39,432.30","","-0.57%"
"10/07/2007","39,658.90","39,658.90","39,658.90","39,658.90","","-0.61%"
"09/07/2007","39,902.50","39,902.50","39,902.50","39,902.50","","0.78%"
"06/07/2007","39,594.10","39,594.10","39,594.10","39,594.10","","-0.18%"
"05/07/2007","39,663.60","39,663.60","39,663.60","39,663.60","","1.01%"
"04/07/2007","39,266.80","39,266.80","39,266.80","39,266.80","","-0.01%"
"03/07/2007","39,269.00","39,269.00","39,269.00","39,269.00","","0.57%"
"02/07/2007","39,046.40","39,046.40","39,046.40","39,046.40","","-0.19%"
"29/06/2007","39,119.10","39,119.10","39,119.10","39,119.10","","0.17%"
"28/06/2007","39,051.60","39,051.60","39,051.60","39,051.60","","1.32%"
"27/06/2007","38,544.70","38,544.70","38,544.70","38,544.70","","-1.97%"
"26/06/2007","39,319.60","39,319.60","39,319.60","39,319.60","","-0.33%"
"25/06/2007","39,451.60","39,451.60","39,451.60","39,451.60","","-0.62%"
"22/06/2007","39,696.40","39,696.40","39,696.40","39,696.40","","-0.07%"
"21/06/2007","39,723.90","39,723.90","39,723.90","39,723.90","","-0.15%"
"20/06/2007","39,785.20","39,785.20","39,785.20","39,785.20","","0.39%"
"19/06/2007","39,630.50","39,630.50","39,630.50","39,630.50","","0.45%"
"18/06/2007","39,452.40","39,452.40","39,452.40","39,452.40","","0.79%"
"15/06/2007","39,144.00","39,144.00","39,144.00","39,144.00","","0.52%"
"14/06/2007","38,940.30","38,940.30","38,940.30","38,940.30","","1.30%"
"13/06/2007","38,439.50","38,439.50","38,439.50","38,439.50","","-0.92%"
"12/06/2007","38,794.80","38,794.80","38,794.80","38,794.80","","0.13%"
"08/06/2007","38,742.80","38,742.80","38,742.80","38,742.80","","-1.25%"
"07/06/2007","39,233.20","39,233.20","39,233.20","39,233.20","","-0.40%"
"06/06/2007","39,391.80","39,391.80","39,391.80","39,391.80","","-0.52%"
"05/06/2007","39,599.40","39,599.40","39,599.40","39,599.40","","-0.34%"
"04/06/2007","39,734.40","39,734.40","39,734.40","39,734.40","","0.96%"
"01/06/2007","39,355.50","39,355.50","39,355.50","39,355.50","","0.44%"
"31/05/2007","39,185.00","39,185.00","39,185.00","39,185.00","","1.12%"
"30/05/2007","38,750.10","38,750.10","38,750.10","38,750.10","","-1.17%"
"29/05/2007","39,210.50","39,210.50","39,210.50","39,210.50","","1.06%"
"28/05/2007","38,799.30","38,799.30","38,799.30","38,799.30","","-0.02%"
"25/05/2007","38,808.30","38,808.30","38,808.30","38,808.30","","-0.42%"
"24/05/2007","38,971.50","38,971.50","38,971.50","38,971.50","","-1.20%"
"23/05/2007","39,443.30","39,443.30","39,443.30","39,443.30","","0.26%"
"22/05/2007","39,341.90","39,341.90","39,341.90","39,341.90","","-0.47%"
"21/05/2007","39,529.50","39,529.50","39,529.50","39,529.50","","0.94%"
"18/05/2007","39,161.60","39,161.60","39,161.60","39,161.60","","-0.84%"
"17/05/2007","39,492.80","39,492.80","39,492.80","39,492.80","","1.23%"
"16/05/2007","39,014.70","39,014.70","39,014.70","39,014.70","","0.05%"
"15/05/2007","38,993.30","38,993.30","38,993.30","38,993.30","","-0.85%"
"14/05/2007","39,327.70","39,327.70","39,327.70","39,327.70","","0.85%"
"11/05/2007","38,995.80","38,995.80","38,995.80","38,995.80","","-0.91%"
"10/05/2007","39,355.90","39,355.90","39,355.90","39,355.90","","0.23%"
"09/05/2007","39,266.30","39,266.30","39,266.30","39,266.30","","0.58%"
"08/05/2007","39,039.20","39,039.20","39,039.20","39,039.20","","-0.49%"
"07/05/2007","39,233.10","39,233.10","39,233.10","39,233.10","","0.49%"
"04/05/2007","39,041.30","39,041.30","39,041.30","39,041.30","","0.95%"
"03/05/2007","38,674.20","38,674.20","38,674.20","38,674.20","","0.14%"
"02/05/2007","38,621.00","38,621.00","38,621.00","38,621.00","","1.50%"
"01/05/2007","38,052.00","38,052.00","38,052.00","38,052.00","","-0.33%"
"30/04/2007","38,176.90","38,176.90","38,176.90","38,176.90","","0.23%"
"27/04/2007","38,087.40","38,087.40","38,087.40","38,087.40","","-0.97%"
"26/04/2007","38,462.10","38,462.10","38,462.10","38,462.10","","0.39%"
"24/04/2007","38,313.70","38,313.70","38,313.70","38,313.70","","-0.34%"
"23/04/2007","38,443.40","38,443.40","38,443.40","38,443.40","","0.03%"
"20/04/2007","38,433.00","38,433.00","38,433.00","38,433.00","","0.69%"
"19/04/2007","38,169.50","38,169.50","38,169.50","38,169.50","","-1.15%"
"18/04/2007","38,614.00","38,614.00","38,614.00","38,614.00","","0.82%"
"17/04/2007","38,301.00","38,301.00","38,301.00","38,301.00","","-0.18%"
"16/04/2007","38,370.30","38,370.30","38,370.30","38,370.30","","1.03%"
"13/04/2007","37,979.30","37,979.30","37,979.30","37,979.30","","-0.36%"
"12/04/2007","38,117.90","38,117.90","38,117.90","38,117.90","","0.11%"
"11/04/2007","38,075.60","38,075.60","38,075.60","38,075.60","","-0.02%"
"10/04/2007","38,083.50","38,083.50","38,083.50","38,083.50","","1.25%"
"05/04/2007","37,611.50","37,611.50","37,611.50","37,611.50","","-0.33%"
"04/04/2007","37,735.90","37,735.90","37,735.90","37,735.90","","1.39%"
"03/04/2007","37,217.40","37,217.40","37,217.40","37,217.40","","1.65%"
"02/04/2007","36,613.70","36,613.70","36,613.70","36,613.70","","-1.32%"
"30/03/2007","37,103.50","37,103.50","37,103.50","37,103.50","","0.61%"
"29/03/2007","36,879.70","36,879.70","36,879.70","36,879.70","","0.64%"
"28/03/2007","36,645.20","36,645.20","36,645.20","36,645.20","","-0.69%"
"27/03/2007","36,898.00","36,898.00","36,898.00","36,898.00","","-0.44%"
"26/03/2007","37,061.30","37,061.30","37,061.30","37,061.30","","0.69%"
"23/03/2007","36,806.30","36,806.30","36,806.30","36,806.30","","-0.06%"
"22/03/2007","36,827.60","36,827.60","36,827.60","36,827.60","","1.64%"
"21/03/2007","36,233.40","36,233.40","36,233.40","36,233.40","","-0.25%"
"20/03/2007","36,322.50","36,322.50","36,322.50","36,322.50","","0.29%"
"19/03/2007","36,216.80","36,216.80","36,216.80","36,216.80","","0.40%"
"16/03/2007","36,071.10","36,071.10","36,071.10","36,071.10","","-0.28%"
"15/03/2007","36,172.50","36,172.50","36,172.50","36,172.50","","1.94%"
"14/03/2007","35,484.70","35,484.70","35,484.70","35,484.70","","-2.09%"
"13/03/2007","36,242.90","36,242.90","36,242.90","36,242.90","","-0.44%"
"12/03/2007","36,402.20","36,402.20","36,402.20","36,402.20","","1.04%"
"09/03/2007","36,026.50","36,026.50","36,026.50","36,026.50","","0.19%"
"08/03/2007","35,958.00","35,958.00","35,958.00","35,958.00","","-0.05%"
"07/03/2007","35,975.80","35,975.80","35,975.80","35,975.80","","1.02%"
"06/03/2007","35,614.30","35,614.30","35,614.30","35,614.30","","2.12%"
"05/03/2007","34,876.60","34,876.60","34,876.60","34,876.60","","-2.23%"
"02/03/2007","35,673.50","35,673.50","35,673.50","35,673.50","","-0.41%"
"01/03/2007","35,819.90","35,819.90","35,819.90","35,819.90","","-0.28%"
"28/02/2007","35,920.90","35,920.90","35,920.90","35,920.90","","-2.69%"
"27/02/2007","36,913.60","36,913.60","36,913.60","36,913.60","","-0.78%"
"26/02/2007","37,204.10","37,204.10","37,204.10","37,204.10","","0.39%"
"23/02/2007","37,058.50","37,058.50","37,058.50","37,058.50","","0.32%"
"22/02/2007","36,941.40","36,941.40","36,941.40","36,941.40","","1.10%"
"21/02/2007","36,538.60","36,538.60","36,538.60","36,538.60","","-0.60%"
"20/02/2007","36,757.70","36,757.70","36,757.70","36,757.70","","0.01%"
"19/02/2007","36,754.10","36,754.10","36,754.10","36,754.10","","0.74%"
"16/02/2007","36,483.10","36,483.10","36,483.10","36,483.10","","-0.65%"
"15/02/2007","36,721.40","36,721.40","36,721.40","36,721.40","","0.54%"
"14/02/2007","36,522.90","36,522.90","36,522.90","36,522.90","","0.40%"
"13/02/2007","36,375.90","36,375.90","36,375.90","36,375.90","","0.21%"
"12/02/2007","36,299.50","36,299.50","36,299.50","36,299.50","","-0.05%"
"09/02/2007","36,317.50","36,317.50","36,317.50","36,317.50","","0.47%"
"08/02/2007","36,147.50","36,147.50","36,147.50","36,147.50","","0.00%"
"07/02/2007","36,149.30","36,149.30","36,149.30","36,149.30","","0.57%"
"06/02/2007","35,944.40","35,944.40","35,944.40","35,944.40","","0.84%"
"05/02/2007","35,643.30","35,643.30","35,643.30","35,643.30","","-0.16%"
"02/02/2007","35,700.90","35,700.90","35,700.90","35,700.90","","0.30%"
"01/02/2007","35,594.60","35,594.60","35,594.60","35,594.60","","0.71%"
"31/01/2007","35,345.10","35,345.10","35,345.10","35,345.10","","-0.67%"
"30/01/2007","35,584.60","35,584.60","35,584.60","35,584.60","","0.90%"
"29/01/2007","35,265.50","35,265.50","35,265.50","35,265.50","","-0.17%"
"25/01/2007","35,323.80","35,323.80","35,323.80","35,323.80","","0.02%"
"24/01/2007","35,317.10","35,317.10","35,317.10","35,317.10","","0.59%"
"23/01/2007","35,110.40","35,110.40","35,110.40","35,110.40","","0.15%"
"22/01/2007","35,058.90","35,058.90","35,058.90","35,058.90","","0.94%"
"19/01/2007","34,731.00","34,731.00","34,731.00","34,731.00","","0.01%"
"18/01/2007","34,727.00","34,727.00","34,727.00","34,727.00","","0.47%"
"17/01/2007","34,565.60","34,565.60","34,565.60","34,565.60","","-0.48%"
"16/01/2007","34,733.10","34,733.10","34,733.10","34,733.10","","-0.01%"
"15/01/2007","34,735.60","34,735.60","34,735.60","34,735.60","","0.62%"
"12/01/2007","34,521.00","34,521.00","34,521.00","34,521.00","","1.33%"
"11/01/2007","34,068.40","34,068.40","34,068.40","34,068.40","","0.80%"
"10/01/2007","33,799.50","33,799.50","33,799.50","33,799.50","","-1.23%"
"09/01/2007","34,220.80","34,220.80","34,220.80","34,220.80","","1.60%"
"08/01/2007","33,683.40","33,683.40","33,683.40","33,683.40","","-1.26%"
"05/01/2007","34,112.50","34,112.50","34,112.50","34,112.50","","-0.23%"
"04/01/2007","34,190.80","34,190.80","34,190.80","34,190.80","","-1.51%"
"03/01/2007","34,713.40","34,713.40","34,713.40","34,713.40","","0.00%"
"02/01/2007","34,713.40","34,713.40","34,713.40","34,713.40","","0.01%"
"29/12/2006","34,711.40","34,711.40","34,711.40","34,711.40","","0.17%"
"28/12/2006","34,653.80","34,653.80","34,653.80","34,653.80","","0.31%"
"27/12/2006","34,548.30","34,548.30","34,548.30","34,548.30","","0.71%"
"22/12/2006","34,306.20","34,306.20","34,306.20","34,306.20","","0.38%"
"21/12/2006","34,174.90","34,174.90","34,174.90","34,174.90","","-0.22%"
"20/12/2006","34,249.40","34,249.40","34,249.40","34,249.40","","0.87%"
"19/12/2006","33,954.70","33,954.70","33,954.70","33,954.70","","-0.57%"
"18/12/2006","34,148.90","34,148.90","34,148.90","34,148.90","","0.29%"
"15/12/2006","34,050.30","34,050.30","34,050.30","34,050.30","","0.04%"
"14/12/2006","34,036.20","34,036.20","34,036.20","34,036.20","","1.55%"
"13/12/2006","33,517.30","33,517.30","33,517.30","33,517.30","","0.27%"
"12/12/2006","33,428.50","33,428.50","33,428.50","33,428.50","","0.07%"
"11/12/2006","33,404.50","33,404.50","33,404.50","33,404.50","","0.82%"
"08/12/2006","33,133.60","33,133.60","33,133.60","33,133.60","","-0.72%"
"07/12/2006","33,374.40","33,374.40","33,374.40","33,374.40","","-0.03%"
"06/12/2006","33,383.20","33,383.20","33,383.20","33,383.20","","0.74%"
"05/12/2006","33,138.30","33,138.30","33,138.30","33,138.30","","0.03%"
"04/12/2006","33,128.50","33,128.50","33,128.50","33,128.50","","-0.05%"
"01/12/2006","33,144.60","33,144.60","33,144.60","33,144.60","","-0.99%"
"30/11/2006","33,475.60","33,475.60","33,475.60","33,475.60","","0.54%"
"29/11/2006","33,295.90","33,295.90","33,295.90","33,295.90","","1.31%"
"28/11/2006","32,865.70","32,865.70","32,865.70","32,865.70","","-1.24%"
"27/11/2006","33,279.90","33,279.90","33,279.90","33,279.90","","-0.02%"
"24/11/2006","33,287.80","33,287.80","33,287.80","33,287.80","","-0.24%"
"23/11/2006","33,368.30","33,368.30","33,368.30","33,368.30","","0.39%"
"22/11/2006","33,239.20","33,239.20","33,239.20","33,239.20","","1.64%"
"21/11/2006","32,703.90","32,703.90","32,703.90","32,703.90","","0.67%"
"20/11/2006","32,484.90","32,484.90","32,484.90","32,484.90","","-1.73%"
"17/11/2006","33,056.70","33,056.70","33,056.70","33,056.70","","0.50%"
"16/11/2006","32,891.50","32,891.50","32,891.50","32,891.50","","-0.58%"
"15/11/2006","33,083.00","33,083.00","33,083.00","33,083.00","","-0.10%"
"14/11/2006","33,117.70","33,117.70","33,117.70","33,117.70","","0.32%"
"13/11/2006","33,011.40","33,011.40","33,011.40","33,011.40","","-0.33%"
"10/11/2006","33,122.00","33,122.00","33,122.00","33,122.00","","0.27%"
"09/11/2006","33,031.70","33,031.70","33,031.70","33,031.70","","-0.43%"
"08/11/2006","33,174.70","33,174.70","33,174.70","33,174.70","","-0.59%"
"07/11/2006","33,371.70","33,371.70","33,371.70","33,371.70","","0.87%"
"06/11/2006","33,083.20","33,083.20","33,083.20","33,083.20","","0.23%"
"03/11/2006","33,008.70","33,008.70","33,008.70","33,008.70","","0.42%"
"02/11/2006","32,870.80","32,870.80","32,870.80","32,870.80","","-0.13%"
"01/11/2006","32,913.20","32,913.20","32,913.20","32,913.20","","0.59%"
"31/10/2006","32,718.60","32,718.60","32,718.60","32,718.60","","-0.28%"
"30/10/2006","32,809.90","32,809.90","32,809.90","32,809.90","","0.76%"
"27/10/2006","32,561.10","32,561.10","32,561.10","32,561.10","","-0.58%"
"26/10/2006","32,750.90","32,750.90","32,750.90","32,750.90","","0.70%"
"25/10/2006","32,523.90","32,523.90","32,523.90","32,523.90","","0.68%"
"24/10/2006","32,305.10","32,305.10","32,305.10","32,305.10","","-0.31%"
"23/10/2006","32,404.60","32,404.60","32,404.60","32,404.60","","-0.04%"
"20/10/2006","32,416.50","32,416.50","32,416.50","32,416.50","","0.95%"
"19/10/2006","32,111.80","32,111.80","32,111.80","32,111.80","","-0.52%"
"18/10/2006","32,281.20","32,281.20","32,281.20","32,281.20","","0.61%"
"17/10/2006","32,086.90","32,086.90","32,086.90","32,086.90","","-0.56%"
"16/10/2006","32,266.00","32,266.00","32,266.00","32,266.00","","0.46%"
"13/10/2006","32,118.60","32,118.60","32,118.60","32,118.60","","0.58%"
"12/10/2006","31,933.00","31,933.00","31,933.00","31,933.00","","-0.44%"
"11/10/2006","32,074.50","32,074.50","32,074.50","32,074.50","","0.65%"
"10/10/2006","31,866.90","31,866.90","31,866.90","31,866.90","","0.95%"
"09/10/2006","31,566.30","31,566.30","31,566.30","31,566.30","","-0.41%"
"06/10/2006","31,697.80","31,697.80","31,697.80","31,697.80","","0.04%"
"05/10/2006","31,685.30","31,685.30","31,685.30","31,685.30","","1.49%"
"04/10/2006","31,220.50","31,220.50","31,220.50","31,220.50","","-0.80%"
"03/10/2006","31,473.00","31,473.00","31,473.00","31,473.00","","0.11%"
"02/10/2006","31,438.50","31,438.50","31,438.50","31,438.50","","0.48%"
"29/09/2006","31,288.20","31,288.20","31,288.20","31,288.20","","0.79%"
"28/09/2006","31,042.40","31,042.40","31,042.40","31,042.40","","0.41%"
"27/09/2006","30,916.60","30,916.60","30,916.60","30,916.60","","2.10%"
"26/09/2006","30,282.10","30,282.10","30,282.10","30,282.10","","0.07%"
"25/09/2006","30,260.20","30,260.20","30,260.20","30,260.20","","0.17%"
"22/09/2006","30,207.50","30,207.50","30,207.50","30,207.50","","-0.25%"
"21/09/2006","30,284.50","30,284.50","30,284.50","30,284.50","","-0.05%"
"20/09/2006","30,298.40","30,298.40","30,298.40","30,298.40","","-1.15%"
"19/09/2006","30,651.30","30,651.30","30,651.30","30,651.30","","-0.31%"
"18/09/2006","30,746.30","30,746.30","30,746.30","30,746.30","","0.80%"
"15/09/2006","30,503.50","30,503.50","30,503.50","30,503.50","","-0.67%"
"14/09/2006","30,708.20","30,708.20","30,708.20","30,708.20","","1.06%"
"13/09/2006","30,385.40","30,385.40","30,385.40","30,385.40","","0.87%"
"12/09/2006","30,124.80","30,124.80","30,124.80","30,124.80","","-1.02%"
"11/09/2006","30,436.70","30,436.70","30,436.70","30,436.70","","-1.40%"
"08/09/2006","30,868.70","30,868.70","30,868.70","30,868.70","","-0.20%"
"07/09/2006","30,929.90","30,929.90","30,929.90","30,929.90","","-0.10%"
"06/09/2006","30,960.80","30,960.80","30,960.80","30,960.80","","-0.67%"
"05/09/2006","31,168.70","31,168.70","31,168.70","31,168.70","","0.43%"
"04/09/2006","31,034.70","31,034.70","31,034.70","31,034.70","","0.83%"
"01/09/2006","30,778.00","30,778.00","30,778.00","30,778.00","","-0.32%"
"31/08/2006","30,877.80","30,877.80","30,877.80","30,877.80","","1.01%"
"30/08/2006","30,570.50","30,570.50","30,570.50","30,570.50","","0.02%"
"29/08/2006","30,564.90","30,564.90","30,564.90","30,564.90","","0.89%"
"28/08/2006","30,294.30","30,294.30","30,294.30","30,294.30","","0.09%"
"25/08/2006","30,268.00","30,268.00","30,268.00","30,268.00","","0.72%"
"24/08/2006","30,051.20","30,051.20","30,051.20","30,051.20","","-1.83%"
"23/08/2006","30,610.20","30,610.20","30,610.20","30,610.20","","0.12%"
"22/08/2006","30,573.20","30,573.20","30,573.20","30,573.20","","0.26%"
"21/08/2006","30,494.10","30,494.10","30,494.10","30,494.10","","0.39%"
"18/08/2006","30,374.20","30,374.20","30,374.20","30,374.20","","-0.07%"
"17/08/2006","30,394.30","30,394.30","30,394.30","30,394.30","","1.90%"
"16/08/2006","29,827.50","29,827.50","29,827.50","29,827.50","","0.53%"
"15/08/2006","29,671.60","29,671.60","29,671.60","29,671.60","","-0.71%"
"14/08/2006","29,883.90","29,883.90","29,883.90","29,883.90","","0.63%"
"11/08/2006","29,698.00","29,698.00","29,698.00","29,698.00","","-0.08%"
"10/08/2006","29,721.10","29,721.10","29,721.10","29,721.10","","-0.18%"
"09/08/2006","29,773.50","29,773.50","29,773.50","29,773.50","","-1.13%"
"08/08/2006","30,114.20","30,114.20","30,114.20","30,114.20","","1.27%"
"07/08/2006","29,737.00","29,737.00","29,737.00","29,737.00","","0.12%"
"04/08/2006","29,702.30","29,702.30","29,702.30","29,702.30","","-0.83%"
"03/08/2006","29,950.60","29,950.60","29,950.60","29,950.60","","1.34%"
"02/08/2006","29,555.30","29,555.30","29,555.30","29,555.30","","-1.00%"
"01/08/2006","29,853.70","29,853.70","29,853.70","29,853.70","","-0.09%"
"31/07/2006","29,881.70","29,881.70","29,881.70","29,881.70","","0.56%"
"28/07/2006","29,715.60","29,715.60","29,715.60","29,715.60","","-0.99%"
"27/07/2006","30,012.50","30,012.50","30,012.50","30,012.50","","1.46%"
"26/07/2006","29,580.20","29,580.20","29,580.20","29,580.20","","-1.14%"
"25/07/2006","29,920.10","29,920.10","29,920.10","29,920.10","","1.18%"
"24/07/2006","29,572.60","29,572.60","29,572.60","29,572.60","","-0.53%"
"21/07/2006","29,729.70","29,729.70","29,729.70","29,729.70","","-0.72%"
"20/07/2006","29,944.70","29,944.70","29,944.70","29,944.70","","1.97%"
"19/07/2006","29,366.70","29,366.70","29,366.70","29,366.70","","-0.47%"
"18/07/2006","29,506.10","29,506.10","29,506.10","29,506.10","","-0.66%"
"17/07/2006","29,703.10","29,703.10","29,703.10","29,703.10","","-0.20%"
"14/07/2006","29,762.50","29,762.50","29,762.50","29,762.50","","-2.33%"
"13/07/2006","30,472.90","30,472.90","30,472.90","30,472.90","","-0.85%"
"12/07/2006","30,734.50","30,734.50","30,734.50","30,734.50","","0.42%"
"11/07/2006","30,604.80","30,604.80","30,604.80","30,604.80","","-0.69%"
"10/07/2006","30,818.30","30,818.30","30,818.30","30,818.30","","0.15%"
"07/07/2006","30,773.10","30,773.10","30,773.10","30,773.10","","0.29%"
"06/07/2006","30,683.50","30,683.50","30,683.50","30,683.50","","0.46%"
"05/07/2006","30,543.30","30,543.30","30,543.30","30,543.30","","-0.15%"
"04/07/2006","30,589.60","30,589.60","30,589.60","30,589.60","","0.24%"
"03/07/2006","30,514.90","30,514.90","30,514.90","30,514.90","","0.36%"
"30/06/2006","30,405.10","30,405.10","30,405.10","30,405.10","","1.53%"
"29/06/2006","29,945.70","29,945.70","29,945.70","29,945.70","","1.02%"
"28/06/2006","29,643.40","29,643.40","29,643.40","29,643.40","","-1.05%"
"27/06/2006","29,957.60","29,957.60","29,957.60","29,957.60","","0.69%"
"26/06/2006","29,752.80","29,752.80","29,752.80","29,752.80","","0.28%"
"23/06/2006","29,670.90","29,670.90","29,670.90","29,670.90","","-0.92%"
"22/06/2006","29,945.20","29,945.20","29,945.20","29,945.20","","1.87%"
"21/06/2006","29,396.10","29,396.10","29,396.10","29,396.10","","1.18%"
"20/06/2006","29,052.30","29,052.30","29,052.30","29,052.30","","-0.81%"
"19/06/2006","29,290.40","29,290.40","29,290.40","29,290.40","","-1.36%"
"16/06/2006","29,695.00","29,695.00","29,695.00","29,695.00","","2.04%"
"15/06/2006","29,101.60","29,101.60","29,101.60","29,101.60","","0.39%"
"14/06/2006","28,989.00","28,989.00","28,989.00","28,989.00","","0.29%"
"13/06/2006","28,905.30","28,905.30","28,905.30","28,905.30","","-2.56%"
"09/06/2006","29,664.50","29,664.50","29,664.50","29,664.50","","1.21%"
"08/06/2006","29,310.80","29,310.80","29,310.80","29,310.80","","-2.35%"
"07/06/2006","30,016.60","30,016.60","30,016.60","30,016.60","","-0.20%"
"06/06/2006","30,076.50","30,076.50","30,076.50","30,076.50","","-1.63%"
"05/06/2006","30,574.90","30,574.90","30,574.90","30,574.90","","0.90%"
"02/06/2006","30,300.80","30,300.80","30,300.80","30,300.80","","0.47%"
"01/06/2006","30,159.40","30,159.40","30,159.40","30,159.40","","1.29%"
"31/05/2006","29,776.10","29,776.10","29,776.10","29,776.10","","-2.03%"
"30/05/2006","30,393.60","30,393.60","30,393.60","30,393.60","","-0.08%"
"29/05/2006","30,417.90","30,417.90","30,417.90","30,417.90","","1.12%"
"26/05/2006","30,081.70","30,081.70","30,081.70","30,081.70","","1.55%"
"25/05/2006","29,623.50","29,623.50","29,623.50","29,623.50","","-1.21%"
"24/05/2006","29,986.30","29,986.30","29,986.30","29,986.30","","0.48%"
"23/05/2006","29,844.00","29,844.00","29,844.00","29,844.00","","-0.34%"
"22/05/2006","29,945.00","29,945.00","29,945.00","29,945.00","","-1.34%"
"19/05/2006","30,350.40","30,350.40","30,350.40","30,350.40","","-0.36%"
"18/05/2006","30,459.90","30,459.90","30,459.90","30,459.90","","-1.86%"
"17/05/2006","31,038.10","31,038.10","31,038.10","31,038.10","","0.00%"
"16/05/2006","31,037.40","31,037.40","31,037.40","31,037.40","","-0.32%"
"15/05/2006","31,136.70","31,136.70","31,136.70","31,136.70","","-1.69%"
"12/05/2006","31,671.20","31,671.20","31,671.20","31,671.20","","-0.65%"
"11/05/2006","31,879.40","31,879.40","31,879.40","31,879.40","","0.23%"
"10/05/2006","31,806.10","31,806.10","31,806.10","31,806.10","","0.50%"
"09/05/2006","31,649.20","31,649.20","31,649.20","31,649.20","","0.03%"
"08/05/2006","31,638.50","31,638.50","31,638.50","31,638.50","","1.32%"
"05/05/2006","31,226.30","31,226.30","31,226.30","31,226.30","","1.28%"
"04/05/2006","30,832.70","30,832.70","30,832.70","30,832.70","","-1.60%"
"03/05/2006","31,334.00","31,334.00","31,334.00","31,334.00","","0.01%"
"02/05/2006","31,331.40","31,331.40","31,331.40","31,331.40","","-0.70%"
"01/05/2006","31,553.00","31,553.00","31,553.00","31,553.00","","0.98%"
"28/04/2006","31,246.00","31,246.00","31,246.00","31,246.00","","-0.78%"
"27/04/2006","31,491.80","31,491.80","31,491.80","31,491.80","","-0.51%"
"26/04/2006","31,652.50","31,652.50","31,652.50","31,652.50","","1.09%"
"24/04/2006","31,311.40","31,311.40","31,311.40","31,311.40","","0.38%"
"21/04/2006","31,194.40","31,194.40","31,194.40","31,194.40","","-0.51%"
"20/04/2006","31,353.30","31,353.30","31,353.30","31,353.30","","-0.13%"
"19/04/2006","31,395.00","31,395.00","31,395.00","31,395.00","","0.68%"
"18/04/2006","31,184.20","31,184.20","31,184.20","31,184.20","","1.41%"
"13/04/2006","30,751.00","30,751.00","30,751.00","30,751.00","","-0.13%"
"12/04/2006","30,791.20","30,791.20","30,791.20","30,791.20","","-0.95%"
"11/04/2006","31,087.00","31,087.00","31,087.00","31,087.00","","0.80%"
"10/04/2006","30,841.00","30,841.00","30,841.00","30,841.00","","-0.78%"
"07/04/2006","31,081.90","31,081.90","31,081.90","31,081.90","","-0.11%"
"06/04/2006","31,117.30","31,117.30","31,117.30","31,117.30","","0.61%"
"05/04/2006","30,928.00","30,928.00","30,928.00","30,928.00","","0.86%"
"04/04/2006","30,663.70","30,663.70","30,663.70","30,663.70","","-0.35%"
"03/04/2006","30,770.50","30,770.50","30,770.50","30,770.50","","1.00%"
"31/03/2006","30,466.60","30,466.60","30,466.60","30,466.60","","0.30%"
"30/03/2006","30,376.90","30,376.90","30,376.90","30,376.90","","0.49%"
"29/03/2006","30,229.20","30,229.20","30,229.20","30,229.20","","0.10%"
"28/03/2006","30,199.90","30,199.90","30,199.90","30,199.90","","-0.05%"
"27/03/2006","30,213.90","30,213.90","30,213.90","30,213.90","","1.08%"
"24/03/2006","29,891.50","29,891.50","29,891.50","29,891.50","","0.10%"
"23/03/2006","29,862.60","29,862.60","29,862.60","29,862.60","","0.44%"
"22/03/2006","29,732.50","29,732.50","29,732.50","29,732.50","","0.44%"
"21/03/2006","29,601.20","29,601.20","29,601.20","29,601.20","","-0.18%"
"20/03/2006","29,653.30","29,653.30","29,653.30","29,653.30","","0.59%"
"17/03/2006","29,480.20","29,480.20","29,480.20","29,480.20","","-0.12%"
"16/03/2006","29,516.80","29,516.80","29,516.80","29,516.80","","0.65%"
"15/03/2006","29,327.40","29,327.40","29,327.40","29,327.40","","0.29%"
"14/03/2006","29,242.90","29,242.90","29,242.90","29,242.90","","-0.38%"
"13/03/2006","29,354.50","29,354.50","29,354.50","29,354.50","","1.29%"
"10/03/2006","28,980.00","28,980.00","28,980.00","28,980.00","","-0.10%"
"09/03/2006","29,008.90","29,008.90","29,008.90","29,008.90","","0.46%"
"08/03/2006","28,877.40","28,877.40","28,877.40","28,877.40","","-0.13%"
"07/03/2006","28,915.80","28,915.80","28,915.80","28,915.80","","-0.49%"
"06/03/2006","29,058.10","29,058.10","29,058.10","29,058.10","","0.22%"
"03/03/2006","28,994.50","28,994.50","28,994.50","28,994.50","","-0.10%"
"02/03/2006","29,022.90","29,022.90","29,022.90","29,022.90","","1.19%"
"01/03/2006","28,682.60","28,682.60","28,682.60","28,682.60","","-1.39%"
"28/02/2006","29,087.20","29,087.20","29,087.20","29,087.20","","0.01%"
"27/02/2006","29,083.90","29,083.90","29,083.90","29,083.90","","0.75%"
"24/02/2006","28,868.00","28,868.00","28,868.00","28,868.00","","-0.40%"
"23/02/2006","28,984.50","28,984.50","28,984.50","28,984.50","","0.59%"
"22/02/2006","28,814.80","28,814.80","28,814.80","28,814.80","","0.24%"
"21/02/2006","28,747.10","28,747.10","28,747.10","28,747.10","","0.90%"
"20/02/2006","28,490.20","28,490.20","28,490.20","28,490.20","","1.07%"
"17/02/2006","28,189.10","28,189.10","28,189.10","28,189.10","","-0.43%"
"16/02/2006","28,310.40","28,310.40","28,310.40","28,310.40","","-0.30%"
"15/02/2006","28,395.00","28,395.00","28,395.00","28,395.00","","-0.60%"
"14/02/2006","28,566.00","28,566.00","28,566.00","28,566.00","","0.98%"
"13/02/2006","28,289.50","28,289.50","28,289.50","28,289.50","","-1.12%"
"10/02/2006","28,608.80","28,608.80","28,608.80","28,608.80","","-0.12%"
"09/02/2006","28,644.30","28,644.30","28,644.30","28,644.30","","0.96%"
"08/02/2006","28,373.30","28,373.30","28,373.30","28,373.30","","-1.51%"
"07/02/2006","28,807.40","28,807.40","28,807.40","28,807.40","","-0.11%"
"06/02/2006","28,840.10","28,840.10","28,840.10","28,840.10","","0.66%"
"03/02/2006","28,649.80","28,649.80","28,649.80","28,649.80","","-0.43%"
"02/02/2006","28,774.80","28,774.80","28,774.80","28,774.80","","-1.04%"
"01/02/2006","29,077.80","29,077.80","29,077.80","29,077.80","","0.55%"
"31/01/2006","28,918.40","28,918.40","28,918.40","28,918.40","","-0.28%"
"30/01/2006","28,999.70","28,999.70","28,999.70","28,999.70","","0.49%"
"27/01/2006","28,858.10","28,858.10","28,858.10","28,858.10","","1.19%"
"25/01/2006","28,518.20","28,518.20","28,518.20","28,518.20","","0.76%"
"24/01/2006","28,303.80","28,303.80","28,303.80","28,303.80","","0.26%"
"23/01/2006","28,229.10","28,229.10","28,229.10","28,229.10","","-0.87%"
"20/01/2006","28,477.70","28,477.70","28,477.70","28,477.70","","0.28%"
"19/01/2006","28,398.40","28,398.40","28,398.40","28,398.40","","1.13%"
"18/01/2006","28,081.40","28,081.40","28,081.40","28,081.40","","-1.63%"
"17/01/2006","28,546.10","28,546.10","28,546.10","28,546.10","","0.62%"
"16/01/2006","28,371.60","28,371.60","28,371.60","28,371.60","","-0.01%"
"13/01/2006","28,373.90","28,373.90","28,373.90","28,373.90","","0.00%"
"12/01/2006","28,374.80","28,374.80","28,374.80","28,374.80","","-0.03%"
"11/01/2006","28,382.00","28,382.00","28,382.00","28,382.00","","0.45%"
"10/01/2006","28,256.00","28,256.00","28,256.00","28,256.00","","-0.31%"
"09/01/2006","28,342.90","28,342.90","28,342.90","28,342.90","","0.84%"
"06/01/2006","28,105.60","28,105.60","28,105.60","28,105.60","","-0.47%"
"05/01/2006","28,238.10","28,238.10","28,238.10","28,238.10","","-0.14%"
"04/01/2006","28,276.90","28,276.90","28,276.90","28,276.90","","0.93%"
"03/01/2006","28,017.20","28,017.20","28,017.20","28,017.20","","0.27%"
"30/12/2005","27,943.10","27,943.10","27,943.10","27,943.10","","-0.19%"
"29/12/2005","27,996.70","27,996.70","27,996.70","27,996.70","","0.36%"
"28/12/2005","27,897.60","27,897.60","27,897.60","27,897.60","","0.59%"
"23/12/2005","27,734.10","27,734.10","27,734.10","27,734.10","","0.45%"
"22/12/2005","27,609.90","27,609.90","27,609.90","27,609.90","","0.00%"
"21/12/2005","27,608.70","27,608.70","27,608.70","27,608.70","","0.99%"
"20/12/2005","27,338.60","27,338.60","27,338.60","27,338.60","","0.36%"
"19/12/2005","27,240.10","27,240.10","27,240.10","27,240.10","","0.25%"
"16/12/2005","27,173.40","27,173.40","27,173.40","27,173.40","","0.35%"
"15/12/2005","27,078.80","27,078.80","27,078.80","27,078.80","","0.22%"
"14/12/2005","27,020.50","27,020.50","27,020.50","27,020.50","","0.67%"
"13/12/2005","26,840.50","26,840.50","26,840.50","26,840.50","","-0.54%"
"12/12/2005","26,985.20","26,985.20","26,985.20","26,985.20","","0.70%"
"09/12/2005","26,797.70","26,797.70","26,797.70","26,797.70","","0.05%"
"08/12/2005","26,785.50","26,785.50","26,785.50","26,785.50","","-0.99%"
"07/12/2005","27,053.30","27,053.30","27,053.30","27,053.30","","0.17%"
"06/12/2005","27,007.60","27,007.60","27,007.60","27,007.60","","-0.18%"
"05/12/2005","27,057.50","27,057.50","27,057.50","27,057.50","","0.06%"
"02/12/2005","27,041.30","27,041.30","27,041.30","27,041.30","","0.95%"
"01/12/2005","26,787.70","26,787.70","26,787.70","26,787.70","","-1.18%"
"30/11/2005","27,107.60","27,107.60","27,107.60","27,107.60","","-0.09%"
"29/11/2005","27,132.40","27,132.40","27,132.40","27,132.40","","-0.56%"
"28/11/2005","27,286.00","27,286.00","27,286.00","27,286.00","","0.40%"
"25/11/2005","27,176.40","27,176.40","27,176.40","27,176.40","","-0.08%"
"24/11/2005","27,197.20","27,197.20","27,197.20","27,197.20","","0.77%"
"23/11/2005","26,988.20","26,988.20","26,988.20","26,988.20","","-0.12%"
"22/11/2005","27,020.60","27,020.60","27,020.60","27,020.60","","-0.67%"
"21/11/2005","27,203.20","27,203.20","27,203.20","27,203.20","","-0.16%"
"18/11/2005","27,247.50","27,247.50","27,247.50","27,247.50","","0.91%"
"17/11/2005","27,002.70","27,002.70","27,002.70","27,002.70","","0.29%"
"16/11/2005","26,925.90","26,925.90","26,925.90","26,925.90","","0.39%"
"15/11/2005","26,821.30","26,821.30","26,821.30","26,821.30","","-0.11%"
"14/11/2005","26,852.10","26,852.10","26,852.10","26,852.10","","0.75%"
"11/11/2005","26,651.20","26,651.20","26,651.20","26,651.20","","0.67%"
"10/11/2005","26,473.40","26,473.40","26,473.40","26,473.40","","0.39%"
"09/11/2005","26,370.80","26,370.80","26,370.80","26,370.80","","-0.62%"
"08/11/2005","26,535.80","26,535.80","26,535.80","26,535.80","","1.06%"
"07/11/2005","26,257.60","26,257.60","26,257.60","26,257.60","","-0.15%"
"04/11/2005","26,296.00","26,296.00","26,296.00","26,296.00","","0.13%"
"03/11/2005","26,261.80","26,261.80","26,261.80","26,261.80","","1.30%"
"02/11/2005","25,923.50","25,923.50","25,923.50","25,923.50","","-0.41%"
"01/11/2005","26,030.00","26,030.00","26,030.00","26,030.00","","0.34%"
"31/10/2005","25,942.80","25,942.80","25,942.80","25,942.80","","1.75%"
"28/10/2005","25,496.80","25,496.80","25,496.80","25,496.80","","-1.13%"
"27/10/2005","25,787.30","25,787.30","25,787.30","25,787.30","","-0.23%"
"26/10/2005","25,847.60","25,847.60","25,847.60","25,847.60","","1.20%"
"25/10/2005","25,541.90","25,541.90","25,541.90","25,541.90","","0.77%"
"24/10/2005","25,346.50","25,346.50","25,346.50","25,346.50","","-0.16%"
"21/10/2005","25,387.70","25,387.70","25,387.70","25,387.70","","-0.36%"
"20/10/2005","25,479.20","25,479.20","25,479.20","25,479.20","","0.07%"
"19/10/2005","25,460.90","25,460.90","25,460.90","25,460.90","","-1.84%"
"18/10/2005","25,938.50","25,938.50","25,938.50","25,938.50","","0.77%"
"17/10/2005","25,740.70","25,740.70","25,740.70","25,740.70","","0.46%"
"14/10/2005","25,622.50","25,622.50","25,622.50","25,622.50","","-0.56%"
"13/10/2005","25,767.20","25,767.20","25,767.20","25,767.20","","-0.83%"
"12/10/2005","25,983.60","25,983.60","25,983.60","25,983.60","","0.89%"
"11/10/2005","25,754.60","25,754.60","25,754.60","25,754.60","","-0.90%"
"10/10/2005","25,987.60","25,987.60","25,987.60","25,987.60","","0.66%"
"07/10/2005","25,818.20","25,818.20","25,818.20","25,818.20","","-0.15%"
"06/10/2005","25,856.70","25,856.70","25,856.70","25,856.70","","-2.12%"
"05/10/2005","26,416.00","26,416.00","26,416.00","26,416.00","","-2.15%"
"04/10/2005","26,997.60","26,997.60","26,997.60","26,997.60","","0.03%"
"03/10/2005","26,989.60","26,989.60","26,989.60","26,989.60","","0.03%"
"30/09/2005","26,982.30","26,982.30","26,982.30","26,982.30","","-0.65%"
"29/09/2005","27,158.80","27,158.80","27,158.80","27,158.80","","0.95%"
"28/09/2005","26,902.40","26,902.40","26,902.40","26,902.40","","0.01%"
"27/09/2005","26,900.70","26,900.70","26,900.70","26,900.70","","0.23%"
"26/09/2005","26,839.60","26,839.60","26,839.60","26,839.60","","1.47%"
"23/09/2005","26,451.30","26,451.30","26,451.30","26,451.30","","0.01%"
"22/09/2005","26,447.50","26,447.50","26,447.50","26,447.50","","0.20%"
"21/09/2005","26,393.50","26,393.50","26,393.50","26,393.50","","-0.62%"
"20/09/2005","26,558.80","26,558.80","26,558.80","26,558.80","","0.66%"
"19/09/2005","26,384.90","26,384.90","26,384.90","26,384.90","","0.86%"
"16/09/2005","26,160.90","26,160.90","26,160.90","26,160.90","","0.00%"
"15/09/2005","26,160.90","26,160.90","26,160.90","26,160.90","","-0.09%"
"14/09/2005","26,185.20","26,185.20","26,185.20","26,185.20","","0.52%"
"13/09/2005","26,050.10","26,050.10","26,050.10","26,050.10","","0.52%"
"12/09/2005","25,914.40","25,914.40","25,914.40","25,914.40","","0.11%"
"09/09/2005","25,886.90","25,886.90","25,886.90","25,886.90","","-0.13%"
"08/09/2005","25,920.90","25,920.90","25,920.90","25,920.90","","-0.34%"
"07/09/2005","26,010.60","26,010.60","26,010.60","26,010.60","","0.68%"
"06/09/2005","25,835.40","25,835.40","25,835.40","25,835.40","","0.16%"
"05/09/2005","25,794.20","25,794.20","25,794.20","25,794.20","","-0.25%"
"02/09/2005","25,859.30","25,859.30","25,859.30","25,859.30","","-0.49%"
"01/09/2005","25,986.20","25,986.20","25,986.20","25,986.20","","1.20%"
"31/08/2005","25,677.80","25,677.80","25,677.80","25,677.80","","0.29%"
"30/08/2005","25,604.60","25,604.60","25,604.60","25,604.60","","0.97%"
"29/08/2005","25,359.20","25,359.20","25,359.20","25,359.20","","-1.21%"
"26/08/2005","25,669.50","25,669.50","25,669.50","25,669.50","","0.64%"
"25/08/2005","25,506.40","25,506.40","25,506.40","25,506.40","","-0.46%"
"24/08/2005","25,623.80","25,623.80","25,623.80","25,623.80","","-0.84%"
"23/08/2005","25,841.50","25,841.50","25,841.50","25,841.50","","-0.28%"
"22/08/2005","25,913.60","25,913.60","25,913.60","25,913.60","","0.88%"
"19/08/2005","25,688.20","25,688.20","25,688.20","25,688.20","","0.42%"
"18/08/2005","25,580.60","25,580.60","25,580.60","25,580.60","","-0.56%"
"17/08/2005","25,723.80","25,723.80","25,723.80","25,723.80","","-0.30%"
"16/08/2005","25,800.80","25,800.80","25,800.80","25,800.80","","0.49%"
"15/08/2005","25,676.10","25,676.10","25,676.10","25,676.10","","0.01%"
"12/08/2005","25,672.30","25,672.30","25,672.30","25,672.30","","0.20%"
"11/08/2005","25,620.00","25,620.00","25,620.00","25,620.00","","0.78%"
"10/08/2005","25,421.60","25,421.60","25,421.60","25,421.60","","0.21%"
"09/08/2005","25,368.50","25,368.50","25,368.50","25,368.50","","0.33%"
"08/08/2005","25,284.00","25,284.00","25,284.00","25,284.00","","0.71%"
"05/08/2005","25,106.50","25,106.50","25,106.50","25,106.50","","0.06%"
"04/08/2005","25,092.30","25,092.30","25,092.30","25,092.30","","0.13%"
"03/08/2005","25,059.90","25,059.90","25,059.90","25,059.90","","-0.37%"
"02/08/2005","25,153.00","25,153.00","25,153.00","25,153.00","","0.17%"
"01/08/2005","25,110.60","25,110.60","25,110.60","25,110.60","","-0.25%"
"29/07/2005","25,172.80","25,172.80","25,172.80","25,172.80","","0.48%"
"28/07/2005","25,052.00","25,052.00","25,052.00","25,052.00","","-0.43%"
"27/07/2005","25,161.40","25,161.40","25,161.40","25,161.40","","0.15%"
"26/07/2005","25,124.80","25,124.80","25,124.80","25,124.80","","0.04%"
"25/07/2005","25,115.20","25,115.20","25,115.20","25,115.20","","0.18%"
"22/07/2005","25,071.00","25,071.00","25,071.00","25,071.00","","0.64%"
"21/07/2005","24,911.00","24,911.00","24,911.00","24,911.00","","0.98%"
"20/07/2005","24,670.30","24,670.30","24,670.30","24,670.30","","0.58%"
"19/07/2005","24,527.50","24,527.50","24,527.50","24,527.50","","-0.51%"
"18/07/2005","24,654.20","24,654.20","24,654.20","24,654.20","","0.14%"
"15/07/2005","24,619.70","24,619.70","24,619.70","24,619.70","","-0.06%"
"14/07/2005","24,635.40","24,635.40","24,635.40","24,635.40","","0.35%"
"13/07/2005","24,550.20","24,550.20","24,550.20","24,550.20","","0.43%"
"12/07/2005","24,445.70","24,445.70","24,445.70","24,445.70","","-0.05%"
"11/07/2005","24,457.10","24,457.10","24,457.10","24,457.10","","0.83%"
"08/07/2005","24,256.70","24,256.70","24,256.70","24,256.70","","-0.11%"
"07/07/2005","24,284.50","24,284.50","24,284.50","24,284.50","","-0.96%"
"06/07/2005","24,519.90","24,519.90","24,519.90","24,519.90","","-0.62%"
"05/07/2005","24,673.10","24,673.10","24,673.10","24,673.10","","0.46%"
"04/07/2005","24,559.30","24,559.30","24,559.30","24,559.30","","0.22%"
"01/07/2005","24,505.80","24,505.80","24,505.80","24,505.80","","-0.11%"
"30/06/2005","24,533.90","24,533.90","24,533.90","24,533.90","","0.34%"
"29/06/2005","24,450.80","24,450.80","24,450.80","24,450.80","","-0.18%"
"28/06/2005","24,495.60","24,495.60","24,495.60","24,495.60","","0.94%"
"27/06/2005","24,268.60","24,268.60","24,268.60","24,268.60","","-0.33%"
"24/06/2005","24,349.90","24,349.90","24,349.90","24,349.90","","-0.34%"
"23/06/2005","24,433.50","24,433.50","24,433.50","24,433.50","","-0.19%"
"22/06/2005","24,479.10","24,479.10","24,479.10","24,479.10","","-0.52%"
"21/06/2005","24,606.10","24,606.10","24,606.10","24,606.10","","-0.13%"
"20/06/2005","24,637.60","24,637.60","24,637.60","24,637.60","","-0.15%"
"17/06/2005","24,673.40","24,673.40","24,673.40","24,673.40","","1.16%"
"16/06/2005","24,390.40","24,390.40","24,390.40","24,390.40","","0.38%"
"15/06/2005","24,297.40","24,297.40","24,297.40","24,297.40","","0.42%"
"14/06/2005","24,196.00","24,196.00","24,196.00","24,196.00","","0.21%"
"10/06/2005","24,144.90","24,144.90","24,144.90","24,144.90","","0.19%"
"09/06/2005","24,099.10","24,099.10","24,099.10","24,099.10","","-0.14%"
"08/06/2005","24,132.70","24,132.70","24,132.70","24,132.70","","0.34%"
"07/06/2005","24,051.00","24,051.00","24,051.00","24,051.00","","0.19%"
"06/06/2005","24,006.30","24,006.30","24,006.30","24,006.30","","0.11%"
"03/06/2005","23,979.10","23,979.10","23,979.10","23,979.10","","0.32%"
"02/06/2005","23,902.10","23,902.10","23,902.10","23,902.10","","0.96%"
"01/06/2005","23,675.50","23,675.50","23,675.50","23,675.50","","1.12%"
"31/05/2005","23,413.10","23,413.10","23,413.10","23,413.10","","-0.64%"
"30/05/2005","23,562.80","23,562.80","23,562.80","23,562.80","","0.40%"
"27/05/2005","23,468.50","23,468.50","23,468.50","23,468.50","","0.57%"
"26/05/2005","23,336.00","23,336.00","23,336.00","23,336.00","","0.05%"
"25/05/2005","23,324.20","23,324.20","23,324.20","23,324.20","","-0.26%"
"24/05/2005","23,385.30","23,385.30","23,385.30","23,385.30","","0.61%"
"23/05/2005","23,243.40","23,243.40","23,243.40","23,243.40","","0.94%"
"20/05/2005","23,026.80","23,026.80","23,026.80","23,026.80","","-0.08%"
"19/05/2005","23,045.50","23,045.50","23,045.50","23,045.50","","1.43%"
"18/05/2005","22,720.40","22,720.40","22,720.40","22,720.40","","0.83%"
"17/05/2005","22,532.50","22,532.50","22,532.50","22,532.50","","-0.28%"
"16/05/2005","22,594.90","22,594.90","22,594.90","22,594.90","","-1.04%"
"13/05/2005","22,832.80","22,832.80","22,832.80","22,832.80","","-0.42%"
"12/05/2005","22,928.10","22,928.10","22,928.10","22,928.10","","0.58%"
"11/05/2005","22,796.30","22,796.30","22,796.30","22,796.30","","0.34%"
"10/05/2005","22,719.40","22,719.40","22,719.40","22,719.40","","-0.18%"
"09/05/2005","22,759.30","22,759.30","22,759.30","22,759.30","","0.40%"
"06/05/2005","22,668.40","22,668.40","22,668.40","22,668.40","","0.69%"
"05/05/2005","22,513.60","22,513.60","22,513.60","22,513.60","","0.23%"
"04/05/2005","22,462.30","22,462.30","22,462.30","22,462.30","","-0.97%"
"03/05/2005","22,681.80","22,681.80","22,681.80","22,681.80","","-0.62%"
"02/05/2005","22,824.10","22,824.10","22,824.10","22,824.10","","0.71%"
"29/04/2005","22,664.10","22,664.10","22,664.10","22,664.10","","-0.71%"
"28/04/2005","22,825.80","22,825.80","22,825.80","22,825.80","","-0.18%"
"27/04/2005","22,868.00","22,868.00","22,868.00","22,868.00","","-0.22%"
"26/04/2005","22,918.00","22,918.00","22,918.00","22,918.00","","-0.16%"
"22/04/2005","22,953.80","22,953.80","22,953.80","22,953.80","","0.50%"
"21/04/2005","22,839.00","22,839.00","22,839.00","22,839.00","","-0.24%"
"20/04/2005","22,894.40","22,894.40","22,894.40","22,894.40","","0.06%"
"19/04/2005","22,880.30","22,880.30","22,880.30","22,880.30","","1.56%"
"18/04/2005","22,528.90","22,528.90","22,528.90","22,528.90","","-1.37%"
"15/04/2005","22,841.00","22,841.00","22,841.00","22,841.00","","-1.67%"
"14/04/2005","23,227.90","23,227.90","23,227.90","23,227.90","","-1.27%"
"13/04/2005","23,527.00","23,527.00","23,527.00","23,527.00","","-0.17%"
"12/04/2005","23,565.90","23,565.90","23,565.90","23,565.90","","0.23%"
"11/04/2005","23,512.70","23,512.70","23,512.70","23,512.70","","-0.76%"
"08/04/2005","23,693.50","23,693.50","23,693.50","23,693.50","","0.91%"
"07/04/2005","23,478.80","23,478.80","23,478.80","23,478.80","","0.22%"
"06/04/2005","23,428.30","23,428.30","23,428.30","23,428.30","","-0.33%"
"05/04/2005","23,504.80","23,504.80","23,504.80","23,504.80","","0.28%"
"04/04/2005","23,439.20","23,439.20","23,439.20","23,439.20","","-0.41%"
"01/04/2005","23,536.20","23,536.20","23,536.20","23,536.20","","0.70%"
"31/03/2005","23,372.60","23,372.60","23,372.60","23,372.60","","0.37%"
"30/03/2005","23,287.10","23,287.10","23,287.10","23,287.10","","-0.01%"
"29/03/2005","23,289.40","23,289.40","23,289.40","23,289.40","","-0.97%"
"24/03/2005","23,516.60","23,516.60","23,516.60","23,516.60","","-0.61%"
"23/03/2005","23,660.20","23,660.20","23,660.20","23,660.20","","-1.43%"
"22/03/2005","24,002.70","24,002.70","24,002.70","24,002.70","","-0.76%"
"21/03/2005","24,187.50","24,187.50","24,187.50","24,187.50","","0.41%"
"18/03/2005","24,088.80","24,088.80","24,088.80","24,088.80","","0.41%"
"17/03/2005","23,990.00","23,990.00","23,990.00","23,990.00","","-0.28%"
"16/03/2005","24,058.00","24,058.00","24,058.00","24,058.00","","0.45%"
"15/03/2005","23,950.30","23,950.30","23,950.30","23,950.30","","-0.19%"
"14/03/2005","23,994.90","23,994.90","23,994.90","23,994.90","","0.71%"
"11/03/2005","23,826.40","23,826.40","23,826.40","23,826.40","","-0.25%"
"10/03/2005","23,886.60","23,886.60","23,886.60","23,886.60","","-0.61%"
"09/03/2005","24,033.90","24,033.90","24,033.90","24,033.90","","0.01%"
"08/03/2005","24,031.60","24,031.60","24,031.60","24,031.60","","0.12%"
"07/03/2005","24,002.40","24,002.40","24,002.40","24,002.40","","0.48%"
"04/03/2005","23,886.60","23,886.60","23,886.60","23,886.60","","0.36%"
"03/03/2005","23,799.90","23,799.90","23,799.90","23,799.90","","0.36%"
"02/03/2005","23,713.80","23,713.80","23,713.80","23,713.80","","0.19%"
"01/03/2005","23,668.60","23,668.60","23,668.60","23,668.60","","0.37%"
"28/02/2005","23,580.70","23,580.70","23,580.70","23,580.70","","1.17%"
"25/02/2005","23,308.70","23,308.70","23,308.70","23,308.70","","0.85%"
"24/02/2005","23,111.70","23,111.70","23,111.70","23,111.70","","-0.51%"
"23/02/2005","23,229.60","23,229.60","23,229.60","23,229.60","","-1.10%"
"22/02/2005","23,489.04","23,489.04","23,489.04","23,489.04","","0.00%"
"21/02/2005","23,489.20","23,489.20","23,489.20","23,489.20","","0.13%"
"18/02/2005","23,458.90","23,458.90","23,458.90","23,458.90","","-0.08%"
"17/02/2005","23,477.00","23,477.00","23,477.00","23,477.00","","0.37%"
"16/02/2005","23,391.40","23,391.40","23,391.40","23,391.40","","0.19%"
"15/02/2005","23,346.30","23,346.30","23,346.30","23,346.30","","-0.12%"
"14/02/2005","23,374.10","23,374.10","23,374.10","23,374.10","","-0.42%"
"11/02/2005","23,472.10","23,472.10","23,472.10","23,472.10","","-0.01%"
"10/02/2005","23,475.40","23,475.40","23,475.40","23,475.40","","0.07%"
"09/02/2005","23,459.60","23,459.60","23,459.60","23,459.60","","-0.17%"
"08/02/2005","23,498.90","23,498.90","23,498.90","23,498.90","","-0.15%"
"07/02/2005","23,534.50","23,534.50","23,534.50","23,534.50","","0.68%"
"04/02/2005","23,375.20","23,375.20","23,375.20","23,375.20","","0.25%"
"03/02/2005","23,315.90","23,315.90","23,315.90","23,315.90","","0.14%"
"02/02/2005","23,282.50","23,282.50","23,282.50","23,282.50","","0.43%"
"01/02/2005","23,183.30","23,183.30","23,183.30","23,183.30","","0.50%"
"31/01/2005","23,068.60","23,068.60","23,068.60","23,068.60","","0.21%"
"28/01/2005","23,021.20","23,021.20","23,021.20","23,021.20","","-0.17%"
"27/01/2005","23,059.50","23,059.50","23,059.50","23,059.50","","1.23%"
"25/01/2005","22,779.90","22,779.90","22,779.90","22,779.90","","0.28%"
"24/01/2005","22,717.40","22,717.40","22,717.40","22,717.40","","0.02%"
"21/01/2005","22,712.60","22,712.60","22,712.60","22,712.60","","0.19%"
"20/01/2005","22,668.40","22,668.40","22,668.40","22,668.40","","-0.41%"
"19/01/2005","22,761.30","22,761.30","22,761.30","22,761.30","","-0.23%"
"18/01/2005","22,814.20","22,814.20","22,814.20","22,814.20","","-0.37%"
"17/01/2005","22,897.80","22,897.80","22,897.80","22,897.80","","0.38%"
"14/01/2005","22,812.10","22,812.10","22,812.10","22,812.10","","-0.19%"
"13/01/2005","22,856.40","22,856.40","22,856.40","22,856.40","","-0.02%"
"12/01/2005","22,861.30","22,861.30","22,861.30","22,861.30","","-0.06%"
"11/01/2005","22,874.10","22,874.10","22,874.10","22,874.10","","-0.05%"
"10/01/2005","22,885.80","22,885.80","22,885.80","22,885.80","","0.29%"
"07/01/2005","22,820.20","22,820.20","22,820.20","22,820.20","","0.82%"
"06/01/2005","22,633.50","22,633.50","22,633.50","22,633.50","","-0.24%"
"05/01/2005","22,686.90","22,686.90","22,686.90","22,686.90","","-0.47%"
"04/01/2005","22,794.20","22,794.20","22,794.20","22,794.20","","0.20%"
"31/12/2004","22,749.50","22,749.50","22,749.50","22,749.50","","-0.11%"
"30/12/2004","22,773.60","22,773.60","22,773.60","22,773.60","","0.32%"
"29/12/2004","22,702.00","22,702.00","22,702.00","22,702.00","","-0.16%"
"24/12/2004","22,738.30","22,738.30","22,738.30","22,738.30","","0.56%"
"23/12/2004","22,610.60","22,610.60","22,610.60","22,610.60","","0.03%"
"22/12/2004","22,603.60","22,603.60","22,603.60","22,603.60","","0.47%"
"21/12/2004","22,498.90","22,498.90","22,498.90","22,498.90","","0.50%"
"20/12/2004","22,386.00","22,386.00","22,386.00","22,386.00","","0.14%"
"17/12/2004","22,355.60","22,355.60","22,355.60","22,355.60","","0.32%"
"16/12/2004","22,283.40","22,283.40","22,283.40","22,283.40","","0.79%"
"15/12/2004","22,109.80","22,109.80","22,109.80","22,109.80","","0.39%"
"14/12/2004","22,024.80","22,024.80","22,024.80","22,024.80","","0.56%"
"13/12/2004","21,903.10","21,903.10","21,903.10","21,903.10","","0.23%"
"10/12/2004","21,853.60","21,853.60","21,853.60","21,853.60","","0.30%"
"09/12/2004","21,788.60","21,788.60","21,788.60","21,788.60","","-0.28%"
"08/12/2004","21,849.50","21,849.50","21,849.50","21,849.50","","-0.76%"
"07/12/2004","22,016.40","22,016.40","22,016.40","22,016.40","","-0.58%"
"06/12/2004","22,145.60","22,145.60","22,145.60","22,145.60","","0.29%"
"03/12/2004","22,082.50","22,082.50","22,082.50","22,082.50","","-0.06%"
"02/12/2004","22,095.60","22,095.60","22,095.60","22,095.60","","1.09%"
"01/12/2004","21,857.30","21,857.30","21,857.30","21,857.30","","-0.81%"
"30/11/2004","22,036.20","22,036.20","22,036.20","22,036.20","","0.12%"
"29/11/2004","22,010.40","22,010.40","22,010.40","22,010.40","","0.42%"
"26/11/2004","21,918.20","21,918.20","21,918.20","21,918.20","","0.20%"
"25/11/2004","21,873.90","21,873.90","21,873.90","21,873.90","","0.56%"
"24/11/2004","21,752.50","21,752.50","21,752.50","21,752.50","","0.43%"
"23/11/2004","21,659.50","21,659.50","21,659.50","21,659.50","","0.92%"
"22/11/2004","21,461.00","21,461.00","21,461.00","21,461.00","","-1.05%"
"19/11/2004","21,688.00","21,688.00","21,688.00","21,688.00","","-0.17%"
"18/11/2004","21,725.90","21,725.90","21,725.90","21,725.90","","0.19%"
"17/11/2004","21,683.90","21,683.90","21,683.90","21,683.90","","0.17%"
"16/11/2004","21,646.70","21,646.70","21,646.70","21,646.70","","0.36%"
"15/11/2004","21,569.40","21,569.40","21,569.40","21,569.40","","0.00%"
"12/11/2004","21,569.40","21,569.40","21,569.40","21,569.40","","-0.02%"
"11/11/2004","21,574.00","21,574.00","21,574.00","21,574.00","","0.46%"
"10/11/2004","21,476.10","21,476.10","21,476.10","21,476.10","","0.29%"
"09/11/2004","21,414.50","21,414.50","21,414.50","21,414.50","","0.34%"
"08/11/2004","21,340.90","21,340.90","21,340.90","21,340.90","","-0.41%"
"05/11/2004","21,429.70","21,429.70","21,429.70","21,429.70","","0.13%"
"04/11/2004","21,401.50","21,401.50","21,401.50","21,401.50","","0.15%"
"03/11/2004","21,370.50","21,370.50","21,370.50","21,370.50","","0.92%"
"02/11/2004","21,175.90","21,175.90","21,175.90","21,175.90","","0.20%"
"01/11/2004","21,134.50","21,134.50","21,134.50","21,134.50","","0.33%"
"29/10/2004","21,064.80","21,064.80","21,064.80","21,064.80","","0.07%"
"28/10/2004","21,050.20","21,050.20","21,050.20","21,050.20","","0.93%"
"27/10/2004","20,855.60","20,855.60","20,855.60","20,855.60","","0.98%"
"26/10/2004","20,653.60","20,653.60","20,653.60","20,653.60","","0.63%"
"25/10/2004","20,523.30","20,523.30","20,523.30","20,523.30","","-0.76%"
"22/10/2004","20,680.90","20,680.90","20,680.90","20,680.90","","0.11%"
"21/10/2004","20,658.50","20,658.50","20,658.50","20,658.50","","0.16%"
"20/10/2004","20,625.20","20,625.20","20,625.20","20,625.20","","-0.40%"
"19/10/2004","20,708.20","20,708.20","20,708.20","20,708.20","","0.14%"
"18/10/2004","20,679.00","20,679.00","20,679.00","20,679.00","","-0.29%"
"15/10/2004","20,738.20","20,738.20","20,738.20","20,738.20","","0.31%"
"14/10/2004","20,673.20","20,673.20","20,673.20","20,673.20","","-0.44%"
"13/10/2004","20,764.00","20,764.00","20,764.00","20,764.00","","0.21%"
"12/10/2004","20,720.80","20,720.80","20,720.80","20,720.80","","0.31%"
"11/10/2004","20,655.80","20,655.80","20,655.80","20,655.80","","0.55%"
"08/10/2004","20,543.60","20,543.60","20,543.60","20,543.60","","-0.38%"
"07/10/2004","20,621.80","20,621.80","20,621.80","20,621.80","","0.03%"
"06/10/2004","20,615.50","20,615.50","20,615.50","20,615.50","","0.06%"
"05/10/2004","20,602.90","20,602.90","20,602.90","20,602.90","","0.11%"
"04/10/2004","20,580.90","20,580.90","20,580.90","20,580.90","","0.93%"
"01/10/2004","20,391.10","20,391.10","20,391.10","20,391.10","","-0.13%"
"30/09/2004","20,417.80","20,417.80","20,417.80","20,417.80","","0.23%"
"29/09/2004","20,370.60","20,370.60","20,370.60","20,370.60","","0.81%"
"28/09/2004","20,206.10","20,206.10","20,206.10","20,206.10","","0.22%"
"27/09/2004","20,162.00","20,162.00","20,162.00","20,162.00","","-0.05%"
"24/09/2004","20,171.10","20,171.10","20,171.10","20,171.10","","-0.26%"
"23/09/2004","20,222.90","20,222.90","20,222.90","20,222.90","","-0.15%"
"22/09/2004","20,253.50","20,253.50","20,253.50","20,253.50","","0.32%"
"21/09/2004","20,189.90","20,189.90","20,189.90","20,189.90","","0.03%"
"20/09/2004","20,183.00","20,183.00","20,183.00","20,183.00","","0.08%"
"17/09/2004","20,166.40","20,166.40","20,166.40","20,166.40","","0.20%"
"16/09/2004","20,125.70","20,125.70","20,125.70","20,125.70","","0.05%"
"15/09/2004","20,116.10","20,116.10","20,116.10","20,116.10","","0.00%"
"14/09/2004","20,116.10","20,116.10","20,116.10","20,116.10","","0.38%"
"13/09/2004","20,040.80","20,040.80","20,040.80","20,040.80","","0.42%"
"10/09/2004","19,956.40","19,956.40","19,956.40","19,956.40","","0.15%"
"09/09/2004","19,927.20","19,927.20","19,927.20","19,927.20","","0.11%"
"08/09/2004","19,904.40","19,904.40","19,904.40","19,904.40","","-0.01%"
"07/09/2004","19,905.50","19,905.50","19,905.50","19,905.50","","0.35%"
"06/09/2004","19,835.10","19,835.10","19,835.10","19,835.10","","0.01%"
"03/09/2004","19,832.60","19,832.60","19,832.60","19,832.60","","-0.35%"
"02/09/2004","19,901.40","19,901.40","19,901.40","19,901.40","","0.42%"
"01/09/2004","19,818.10","19,818.10","19,818.10","19,818.10","","0.74%"
"31/08/2004","19,672.90","19,672.90","19,672.90","19,672.90","","0.01%"
"30/08/2004","19,671.80","19,671.80","19,671.80","19,671.80","","0.01%"
"27/08/2004","19,669.70","19,669.70","19,669.70","19,669.70","","0.97%"
"26/08/2004","19,481.10","19,481.10","19,481.10","19,481.10","","0.28%"
"25/08/2004","19,426.20","19,426.20","19,426.20","19,426.20","","-0.24%"
"24/08/2004","19,472.00","19,472.00","19,472.00","19,472.00","","0.09%"
"23/08/2004","19,455.00","19,455.00","19,455.00","19,455.00","","0.78%"
"20/08/2004","19,303.50","19,303.50","19,303.50","19,303.50","","0.33%"
"19/08/2004","19,239.40","19,239.40","19,239.40","19,239.40","","0.29%"
"18/08/2004","19,183.10","19,183.10","19,183.10","19,183.10","","-0.20%"
"17/08/2004","19,222.40","19,222.40","19,222.40","19,222.40","","0.43%"
"16/08/2004","19,139.50","19,139.50","19,139.50","19,139.50","","-0.03%"
"13/08/2004","19,144.40","19,144.40","19,144.40","19,144.40","","-0.29%"
"12/08/2004","19,199.60","19,199.60","19,199.60","19,199.60","","-0.66%"
"11/08/2004","19,327.40","19,327.40","19,327.40","19,327.40","","0.35%"
"10/08/2004","19,260.00","19,260.00","19,260.00","19,260.00","","-0.27%"
"09/08/2004","19,312.70","19,312.70","19,312.70","19,312.70","","-0.60%"
"06/08/2004","19,429.30","19,429.30","19,429.30","19,429.30","","-0.24%"
"05/08/2004","19,475.10","19,475.10","19,475.10","19,475.10","","-0.20%"
"04/08/2004","19,514.10","19,514.10","19,514.10","19,514.10","","-0.20%"
"03/08/2004","19,553.60","19,553.60","19,553.60","19,553.60","","0.27%"
"02/08/2004","19,501.50","19,501.50","19,501.50","19,501.50","","0.25%"
"30/07/2004","19,453.20","19,453.20","19,453.20","19,453.20","","0.99%"
"29/07/2004","19,261.60","19,261.60","19,261.60","19,261.60","","0.06%"
"28/07/2004","19,249.20","19,249.20","19,249.20","19,249.20","","0.27%"
"27/07/2004","19,197.50","19,197.50","19,197.50","19,197.50","","0.12%"
"26/07/2004","19,175.40","19,175.40","19,175.40","19,175.40","","0.01%"
"23/07/2004","19,173.10","19,173.10","19,173.10","19,173.10","","-0.37%"
"22/07/2004","19,245.00","19,245.00","19,245.00","19,245.00","","-0.73%"
"21/07/2004","19,386.20","19,386.20","19,386.20","19,386.20","","0.59%"
"20/07/2004","19,272.40","19,272.40","19,272.40","19,272.40","","-0.84%"
"19/07/2004","19,436.40","19,436.40","19,436.40","19,436.40","","0.06%"
"16/07/2004","19,424.60","19,424.60","19,424.60","19,424.60","","0.14%"
"15/07/2004","19,397.60","19,397.60","19,397.60","19,397.60","","0.09%"
"14/07/2004","19,379.70","19,379.70","19,379.70","19,379.70","","-1.01%"
"13/07/2004","19,576.90","19,576.90","19,576.90","19,576.90","","0.02%"
"12/07/2004","19,573.10","19,573.10","19,573.10","19,573.10","","-0.17%"
"09/07/2004","19,606.50","19,606.50","19,606.50","19,606.50","","-0.13%"
"08/07/2004","19,632.00","19,632.00","19,632.00","19,632.00","","0.10%"
"07/07/2004","19,611.80","19,611.80","19,611.80","19,611.80","","0.26%"
"06/07/2004","19,561.50","19,561.50","19,561.50","19,561.50","","0.53%"
"05/07/2004","19,457.60","19,457.60","19,457.60","19,457.60","","0.16%"
"02/07/2004","19,427.10","19,427.10","19,427.10","19,427.10","","-0.07%"
"01/07/2004","19,440.50","19,440.50","19,440.50","19,440.50","","0.12%"
"30/06/2004","19,416.70","19,416.70","19,416.70","19,416.70","","0.33%"
"29/06/2004","19,353.10","19,353.10","19,353.10","19,353.10","","-0.02%"
"28/06/2004","19,356.80","19,356.80","19,356.80","19,356.80","","-0.19%"
"25/06/2004","19,394.30","19,394.30","19,394.30","19,394.30","","-0.12%"
"24/06/2004","19,418.10","19,418.10","19,418.10","19,418.10","","-0.38%"
"23/06/2004","19,491.40","19,491.40","19,491.40","19,491.40","","0.34%"
"22/06/2004","19,425.10","19,425.10","19,425.10","19,425.10","","-0.39%"
"21/06/2004","19,501.20","19,501.20","19,501.20","19,501.20","","0.76%"
"18/06/2004","19,354.30","19,354.30","19,354.30","19,354.30","","0.51%"
"17/06/2004","19,256.30","19,256.30","19,256.30","19,256.30","","0.67%"
"16/06/2004","19,128.00","19,128.00","19,128.00","19,128.00","","0.53%"
"15/06/2004","19,027.00","19,027.00","19,027.00","19,027.00","","-0.28%"
"11/06/2004","19,080.40","19,080.40","19,080.40","19,080.40","","0.34%"
"10/06/2004","19,014.80","19,014.80","19,014.80","19,014.80","","0.05%"
"09/06/2004","19,004.90","19,004.90","19,004.90","19,004.90","","-0.50%"
"08/06/2004","19,100.40","19,100.40","19,100.40","19,100.40","","-0.01%"
"07/06/2004","19,102.60","19,102.60","19,102.60","19,102.60","","0.67%"
"04/06/2004","18,975.30","18,975.30","18,975.30","18,975.30","","0.13%"
"03/06/2004","18,950.40","18,950.40","18,950.40","18,950.40","","-0.27%"
"02/06/2004","19,001.70","19,001.70","19,001.70","19,001.70","","0.57%"
"01/06/2004","18,893.40","18,893.40","18,893.40","18,893.40","","-0.09%"
"31/05/2004","18,909.60","18,909.60","18,909.60","18,909.60","","0.29%"
"28/05/2004","18,855.00","18,855.00","18,855.00","18,855.00","","0.17%"
"27/05/2004","18,822.40","18,822.40","18,822.40","18,822.40","","0.56%"
"26/05/2004","18,717.10","18,717.10","18,717.10","18,717.10","","0.87%"
"25/05/2004","18,555.00","18,555.00","18,555.00","18,555.00","","-0.17%"
"24/05/2004","18,586.60","18,586.60","18,586.60","18,586.60","","0.21%"
"21/05/2004","18,547.00","18,547.00","18,547.00","18,547.00","","0.49%"
"20/05/2004","18,456.50","18,456.50","18,456.50","18,456.50","","-0.35%"
"19/05/2004","18,522.20","18,522.20","18,522.20","18,522.20","","0.56%"
"18/05/2004","18,418.70","18,418.70","18,418.70","18,418.70","","0.79%"
"17/05/2004","18,274.50","18,274.50","18,274.50","18,274.50","","-0.42%"
"14/05/2004","18,350.80","18,350.80","18,350.80","18,350.80","","-0.20%"
"13/05/2004","18,388.20","18,388.20","18,388.20","18,388.20","","-0.24%"
"12/05/2004","18,432.10","18,432.10","18,432.10","18,432.10","","0.66%"
"11/05/2004","18,310.70","18,310.70","18,310.70","18,310.70","","0.10%"
"10/05/2004","18,292.60","18,292.60","18,292.60","18,292.60","","-1.18%"
"07/05/2004","18,510.10","18,510.10","18,510.10","18,510.10","","-0.18%"
"06/05/2004","18,544.20","18,544.20","18,544.20","18,544.20","","-0.24%"
"05/05/2004","18,588.70","18,588.70","18,588.70","18,588.70","","0.48%"
"04/05/2004","18,499.30","18,499.30","18,499.30","18,499.30","","0.28%"
"03/05/2004","18,447.80","18,447.80","18,447.80","18,447.80","","-0.54%"
"30/04/2004","18,548.60","18,548.60","18,548.60","18,548.60","","-0.02%"
"29/04/2004","18,551.40","18,551.40","18,551.40","18,551.40","","-1.26%"
"28/04/2004","18,788.40","18,788.40","18,788.40","18,788.40","","-0.05%"
"27/04/2004","18,798.00","18,798.00","18,798.00","18,798.00","","-0.11%"
"26/04/2004","18,819.40","18,819.40","18,819.40","18,819.40","","-0.19%"
"23/04/2004","18,854.90","18,854.90","18,854.90","18,854.90","","0.61%"
"22/04/2004","18,739.80","18,739.80","18,739.80","18,739.80","","-0.09%"
"21/04/2004","18,755.90","18,755.90","18,755.90","18,755.90","","-0.39%"
"20/04/2004","18,829.00","18,829.00","18,829.00","18,829.00","","0.56%"
"19/04/2004","18,724.00","18,724.00","18,724.00","18,724.00","","0.47%"
"16/04/2004","18,636.00","18,636.00","18,636.00","18,636.00","","-0.06%"
"15/04/2004","18,646.70","18,646.70","18,646.70","18,646.70","","-0.44%"
"14/04/2004","18,728.40","18,728.40","18,728.40","18,728.40","","-0.10%"
"13/04/2004","18,747.30","18,747.30","18,747.30","18,747.30","","-0.37%"
"08/04/2004","18,816.50","18,816.50","18,816.50","18,816.50","","-0.13%"
"07/04/2004","18,841.50","18,841.50","18,841.50","18,841.50","","0.08%"
"06/04/2004","18,827.30","18,827.30","18,827.30","18,827.30","","0.11%"
"05/04/2004","18,807.50","18,807.50","18,807.50","18,807.50","","0.40%"
"02/04/2004","18,732.40","18,732.40","18,732.40","18,732.40","","-0.22%"
"01/04/2004","18,773.40","18,773.40","18,773.40","18,773.40","","0.91%"
"31/03/2004","18,604.20","18,604.20","18,604.20","18,604.20","","-0.08%"
"30/03/2004","18,619.30","18,619.30","18,619.30","18,619.30","","0.21%"
"29/03/2004","18,579.90","18,579.90","18,579.90","18,579.90","","-0.47%"
"26/03/2004","18,668.10","18,668.10","18,668.10","18,668.10","","0.84%"
"25/03/2004","18,511.70","18,511.70","18,511.70","18,511.70","","0.44%"
"24/03/2004","18,431.50","18,431.50","18,431.50","18,431.50","","-0.10%"
"23/03/2004","18,449.40","18,449.40","18,449.40","18,449.40","","-0.35%"
"22/03/2004","18,514.90","18,514.90","18,514.90","18,514.90","","-0.75%"
"19/03/2004","18,655.10","18,655.10","18,655.10","18,655.10","","0.17%"
"18/03/2004","18,623.30","18,623.30","18,623.30","18,623.30","","-0.26%"
"17/03/2004","18,671.70","18,671.70","18,671.70","18,671.70","","0.70%"
"16/03/2004","18,541.40","18,541.40","18,541.40","18,541.40","","0.10%"
"15/03/2004","18,522.90","18,522.90","18,522.90","18,522.90","","0.30%"
"12/03/2004","18,467.80","18,467.80","18,467.80","18,467.80","","-0.31%"
"11/03/2004","18,526.00","18,526.00","18,526.00","18,526.00","","0.03%"
"10/03/2004","18,520.70","18,520.70","18,520.70","18,520.70","","-0.29%"
"09/03/2004","18,574.60","18,574.60","18,574.60","18,574.60","","0.17%"
"08/03/2004","18,542.90","18,542.90","18,542.90","18,542.90","","0.37%"
"05/03/2004","18,475.20","18,475.20","18,475.20","18,475.20","","0.57%"
"04/03/2004","18,369.80","18,369.80","18,369.80","18,369.80","","0.05%"
"03/03/2004","18,360.50","18,360.50","18,360.50","18,360.50","","-0.03%"
"02/03/2004","18,365.66","18,365.66","18,365.66","18,365.66","","0.36%"
"01/03/2004","18,299.60","18,299.60","18,299.60","18,299.60","","0.65%"
"27/02/2004","18,181.50","18,181.50","18,181.50","18,181.50","","0.41%"
"26/02/2004","18,106.60","18,106.60","18,106.60","18,106.60","","0.44%"
"25/02/2004","18,027.70","18,027.70","18,027.70","18,027.70","","0.15%"
"24/02/2004","18,000.10","18,000.10","18,000.10","18,000.10","","-0.30%"
"23/02/2004","18,053.60","18,053.60","18,053.60","18,053.60","","-0.13%"
"20/02/2004","18,076.30","18,076.30","18,076.30","18,076.30","","-0.20%"
"19/02/2004","18,112.20","18,112.20","18,112.20","18,112.20","","0.09%"
"18/02/2004","18,095.40","18,095.40","18,095.40","18,095.40","","0.58%"
"17/02/2004","17,990.80","17,990.80","17,990.80","17,990.80","","0.30%"
"16/02/2004","17,936.80","17,936.80","17,936.80","17,936.80","","-0.21%"
"13/02/2004","17,974.80","17,974.80","17,974.80","17,974.80","","0.23%"
"12/02/2004","17,933.70","17,933.70","17,933.70","17,933.70","","0.77%"
"11/02/2004","17,796.90","17,796.90","17,796.90","17,796.90","","0.45%"
"10/02/2004","17,718.00","17,718.00","17,718.00","17,718.00","","0.02%"
"09/02/2004","17,714.60","17,714.60","17,714.60","17,714.60","","0.46%"
"06/02/2004","17,634.30","17,634.30","17,634.30","17,634.30","","0.32%"
"05/02/2004","17,578.50","17,578.50","17,578.50","17,578.50","","-0.11%"
"04/02/2004","17,598.10","17,598.10","17,598.10","17,598.10","","0.04%"
"03/02/2004","17,591.00","17,591.00","17,591.00","17,591.00","","-0.29%"
"02/02/2004","17,641.90","17,641.90","17,641.90","17,641.90","","0.09%"
"30/01/2004","17,626.20","17,626.20","17,626.20","17,626.20","","0.23%"
"29/01/2004","17,585.70","17,585.70","17,585.70","17,585.70","","-0.46%"
"28/01/2004","17,666.90","17,666.90","17,666.90","17,666.90","","-0.98%"
"27/01/2004","17,841.90","17,841.90","17,841.90","17,841.90","","-0.68%"
"23/01/2004","17,963.90","17,963.90","17,963.90","17,963.90","","0.24%"
"22/01/2004","17,920.20","17,920.20","17,920.20","17,920.20","","0.61%"
"21/01/2004","17,811.70","17,811.70","17,811.70","17,811.70","","-0.06%"
"20/01/2004","17,822.60","17,822.60","17,822.60","17,822.60","","0.19%"
"19/01/2004","17,789.60","17,789.60","17,789.60","17,789.60","","0.42%"
"16/01/2004","17,714.70","17,714.70","17,714.70","17,714.70","","-0.54%"
"15/01/2004","17,810.50","17,810.50","17,810.50","17,810.50","","-0.13%"
"14/01/2004","17,834.20","17,834.20","17,834.20","17,834.20","","0.48%"
"13/01/2004","17,749.80","17,749.80","17,749.80","17,749.80","","-0.22%"
"12/01/2004","17,789.70","17,789.70","17,789.70","17,789.70","","0.03%"
"09/01/2004","17,783.90","17,783.90","17,783.90","17,783.90","","0.11%"
"08/01/2004","17,764.00","17,764.00","17,764.00","17,764.00","","-0.17%"
"07/01/2004","17,794.50","17,794.50","17,794.50","17,794.50","","-0.42%"
"06/01/2004","17,869.40","17,869.40","17,869.40","17,869.40","","0.96%"
"05/01/2004","17,700.00","17,700.00","17,700.00","17,700.00","","-0.44%"
"02/01/2004","17,778.80","17,778.80","17,778.80","17,778.80","","0.03%"
"31/12/2003","17,774.00","17,774.00","17,774.00","17,774.00","","0.14%"
"30/12/2003","17,748.60","17,748.60","17,748.60","17,748.60","","0.41%"
"29/12/2003","17,677.00","17,677.00","17,677.00","17,677.00","","0.50%"
"24/12/2003","17,589.90","17,589.90","17,589.90","17,589.90","","0.33%"
"23/12/2003","17,532.20","17,532.20","17,532.20","17,532.20","","0.15%"
"22/12/2003","17,506.00","17,506.00","17,506.00","17,506.00","","0.70%"
"19/12/2003","17,384.40","17,384.40","17,384.40","17,384.40","","0.27%"
"18/12/2003","17,338.00","17,338.00","17,338.00","17,338.00","","-0.22%"
"17/12/2003","17,376.80","17,376.80","17,376.80","17,376.80","","0.50%"
"16/12/2003","17,289.90","17,289.90","17,289.90","17,289.90","","-1.00%"
"15/12/2003","17,464.00","17,464.00","17,464.00","17,464.00","","1.09%"
"12/12/2003","17,276.30","17,276.30","17,276.30","17,276.30","","0.73%"
"11/12/2003","17,151.30","17,151.30","17,151.30","17,151.30","","-0.68%"
"10/12/2003","17,268.60","17,268.60","17,268.60","17,268.60","","-0.23%"
"09/12/2003","17,309.20","17,309.20","17,309.20","17,309.20","","-0.20%"
"08/12/2003","17,343.40","17,343.40","17,343.40","17,343.40","","-0.14%"
"05/12/2003","17,367.00","17,367.00","17,367.00","17,367.00","","0.00%"
"04/12/2003","17,367.20","17,367.20","17,367.20","17,367.20","","0.45%"
"03/12/2003","17,289.40","17,289.40","17,289.40","17,289.40","","0.87%"
"02/12/2003","17,140.70","17,140.70","17,140.70","17,140.70","","0.56%"
"01/12/2003","17,045.90","17,045.90","17,045.90","17,045.90","","-0.47%"
"28/11/2003","17,126.20","17,126.20","17,126.20","17,126.20","","0.02%"
"27/11/2003","17,123.00","17,123.00","17,123.00","17,123.00","","-0.18%"
"26/11/2003","17,153.30","17,153.30","17,153.30","17,153.30","","-0.02%"
"25/11/2003","17,156.50","17,156.50","17,156.50","17,156.50","","0.66%"
"24/11/2003","17,044.40","17,044.40","17,044.40","17,044.40","","0.09%"
"21/11/2003","17,029.00","17,029.00","17,029.00","17,029.00","","-0.47%"
"20/11/2003","17,108.70","17,108.70","17,108.70","17,108.70","","0.21%"
"19/11/2003","17,073.40","17,073.40","17,073.40","17,073.40","","0.21%"
"18/11/2003","17,038.10","17,038.10","17,038.10","17,038.10","","0.03%"
"17/11/2003","17,032.60","17,032.60","17,032.60","17,032.60","","-0.64%"
"14/11/2003","17,142.80","17,142.80","17,142.80","17,142.80","","-0.49%"
"13/11/2003","17,228.00","17,228.00","17,228.00","17,228.00","","0.47%"
"12/11/2003","17,146.60","17,146.60","17,146.60","17,146.60","","0.07%"
"11/11/2003","17,134.00","17,134.00","17,134.00","17,134.00","","-0.91%"
"10/11/2003","17,291.30","17,291.30","17,291.30","17,291.30","","-0.49%"
"07/11/2003","17,376.80","17,376.80","17,376.80","17,376.80","","0.36%"
"06/11/2003","17,314.20","17,314.20","17,314.20","17,314.20","","0.01%"
"05/11/2003","17,312.30","17,312.30","17,312.30","17,312.30","","-0.73%"
"04/11/2003","17,440.30","17,440.30","17,440.30","17,440.30","","0.25%"
"03/11/2003","17,396.50","17,396.50","17,396.50","17,396.50","","-0.48%"
"31/10/2003","17,479.60","17,479.60","17,479.60","17,479.60","","-0.04%"
"30/10/2003","17,485.80","17,485.80","17,485.80","17,485.80","","0.32%"
"29/10/2003","17,430.30","17,430.30","17,430.30","17,430.30","","0.61%"
"28/10/2003","17,324.00","17,324.00","17,324.00","17,324.00","","-0.02%"
"27/10/2003","17,328.30","17,328.30","17,328.30","17,328.30","","-0.35%"
"24/10/2003","17,389.70","17,389.70","17,389.70","17,389.70","","-0.31%"
"23/10/2003","17,443.40","17,443.40","17,443.40","17,443.40","","-1.00%"
"22/10/2003","17,620.10","17,620.10","17,620.10","17,620.10","","-0.12%"
"21/10/2003","17,641.80","17,641.80","17,641.80","17,641.80","","0.49%"
"20/10/2003","17,556.30","17,556.30","17,556.30","17,556.30","","-0.19%"
"17/10/2003","17,589.30","17,589.30","17,589.30","17,589.30","","-0.03%"
"16/10/2003","17,593.70","17,593.70","17,593.70","17,593.70","","0.35%"
"15/10/2003","17,533.10","17,533.10","17,533.10","17,533.10","","0.03%"
"14/10/2003","17,528.70","17,528.70","17,528.70","17,528.70","","0.20%"
"13/10/2003","17,493.60","17,493.60","17,493.60","17,493.60","","0.53%"
"10/10/2003","17,401.60","17,401.60","17,401.60","17,401.60","","0.27%"
"09/10/2003","17,354.40","17,354.40","17,354.40","17,354.40","","0.26%"
"08/10/2003","17,308.60","17,308.60","17,308.60","17,308.60","","0.76%"
"07/10/2003","17,178.00","17,178.00","17,178.00","17,178.00","","0.04%"
"06/10/2003","17,170.50","17,170.50","17,170.50","17,170.50","","0.44%"
"03/10/2003","17,095.80","17,095.80","17,095.80","17,095.80","","0.12%"
"02/10/2003","17,075.00","17,075.00","17,075.00","17,075.00","","1.28%"
"01/10/2003","16,859.80","16,859.80","16,859.80","16,859.80","","-0.33%"
"30/09/2003","16,915.10","16,915.10","16,915.10","16,915.10","","0.17%"
"29/09/2003","16,886.90","16,886.90","16,886.90","16,886.90","","-0.20%"
"26/09/2003","16,920.20","16,920.20","16,920.20","16,920.20","","-0.04%"
"25/09/2003","16,927.30","16,927.30","16,927.30","16,927.30","","-1.11%"
"24/09/2003","17,118.00","17,118.00","17,118.00","17,118.00","","0.93%"
"23/09/2003","16,960.10","16,960.10","16,960.10","16,960.10","","-0.38%"
"22/09/2003","17,025.40","17,025.40","17,025.40","17,025.40","","-0.63%"
"19/09/2003","17,133.80","17,133.80","17,133.80","17,133.80","","-0.10%"
"18/09/2003","17,150.80","17,150.80","17,150.80","17,150.80","","0.14%"
"17/09/2003","17,127.30","17,127.30","17,127.30","17,127.30","","0.71%"
"16/09/2003","17,006.60","17,006.60","17,006.60","17,006.60","","0.15%"
"15/09/2003","16,981.90","16,981.90","16,981.90","16,981.90","","-0.05%"
"12/09/2003","16,990.40","16,990.40","16,990.40","16,990.40","","-0.04%"
"11/09/2003","16,996.70","16,996.70","16,996.70","16,996.70","","-0.68%"
"10/09/2003","17,112.60","17,112.60","17,112.60","17,112.60","","-0.55%"
"09/09/2003","17,207.10","17,207.10","17,207.10","17,207.10","","0.18%"
"08/09/2003","17,176.40","17,176.40","17,176.40","17,176.40","","0.55%"
"05/09/2003","17,082.20","17,082.20","17,082.20","17,082.20","","-0.37%"
"04/09/2003","17,145.20","17,145.20","17,145.20","17,145.20","","0.56%"
"03/09/2003","17,050.20","17,050.20","17,050.20","17,050.20","","-0.18%"
"02/09/2003","17,080.50","17,080.50","17,080.50","17,080.50","","0.42%"
"01/09/2003","17,009.40","17,009.40","17,009.40","17,009.40","","0.32%"
"29/08/2003","16,954.70","16,954.70","16,954.70","16,954.70","","0.10%"
"28/08/2003","16,937.71","16,937.71","16,937.71","16,937.71","","0.56%"
"27/08/2003","16,843.00","16,843.00","16,843.00","16,843.00","","0.40%"
"26/08/2003","16,775.20","16,775.20","16,775.20","16,775.20","","-0.26%"
"25/08/2003","16,818.30","16,818.30","16,818.30","16,818.30","","-0.05%"
"22/08/2003","16,826.30","16,826.30","16,826.30","16,826.30","","0.30%"
"21/08/2003","16,775.90","16,775.90","16,775.90","16,775.90","","0.11%"
"20/08/2003","16,758.00","16,758.00","16,758.00","16,758.00","","0.07%"
"19/08/2003","16,746.20","16,746.20","16,746.20","16,746.20","","0.15%"
"18/08/2003","16,720.80","16,720.80","16,720.80","16,720.80","","0.57%"
"15/08/2003","16,626.80","16,626.80","16,626.80","16,626.80","","-0.03%"
"14/08/2003","16,631.80","16,631.80","16,631.80","16,631.80","","-0.25%"
"13/08/2003","16,672.70","16,672.70","16,672.70","16,672.70","","0.51%"
"12/08/2003","16,587.50","16,587.50","16,587.50","16,587.50","","-0.09%"
"11/08/2003","16,601.90","16,601.90","16,601.90","16,601.90","","-0.11%"
"08/08/2003","16,620.80","16,620.80","16,620.80","16,620.80","","0.35%"
"07/08/2003","16,563.60","16,563.60","16,563.60","16,563.60","","0.17%"
"06/08/2003","16,536.10","16,536.10","16,536.10","16,536.10","","-0.13%"
"05/08/2003","16,557.00","16,557.00","16,557.00","16,557.00","","0.29%"
"04/08/2003","16,508.80","16,508.80","16,508.80","16,508.80","","-0.37%"
"01/08/2003","16,569.30","16,569.30","16,569.30","16,569.30","","0.58%"
"31/07/2003","16,474.00","16,474.00","16,474.00","16,474.00","","1.00%"
"30/07/2003","16,310.20","16,310.20","16,310.20","16,310.20","","-0.53%"
"29/07/2003","16,397.60","16,397.60","16,397.60","16,397.60","","-0.35%"
"28/07/2003","16,455.80","16,455.80","16,455.80","16,455.80","","0.67%"
"25/07/2003","16,345.90","16,345.90","16,345.90","16,345.90","","0.26%"
"24/07/2003","16,304.20","16,304.20","16,304.20","16,304.20","","0.17%"
"23/07/2003","16,276.50","16,276.50","16,276.50","16,276.50","","0.62%"
"22/07/2003","16,176.20","16,176.20","16,176.20","16,176.20","","-0.73%"
"21/07/2003","16,295.30","16,295.30","16,295.30","16,295.30","","0.18%"
"18/07/2003","16,266.50","16,266.50","16,266.50","16,266.50","","-0.14%"
"17/07/2003","16,289.70","16,289.70","16,289.70","16,289.70","","-0.24%"
"16/07/2003","16,328.50","16,328.50","16,328.50","16,328.50","","0.43%"
"15/07/2003","16,257.90","16,257.90","16,257.90","16,257.90","","0.26%"
"14/07/2003","16,215.90","16,215.90","16,215.90","16,215.90","","1.00%"
"11/07/2003","16,055.80","16,055.80","16,055.80","16,055.80","","0.03%"
"10/07/2003","16,050.90","16,050.90","16,050.90","16,050.90","","0.45%"
"09/07/2003","15,978.50","15,978.50","15,978.50","15,978.50","","-0.22%"
"08/07/2003","16,013.90","16,013.90","16,013.90","16,013.90","","0.12%"
"07/07/2003","15,994.40","15,994.40","15,994.40","15,994.40","","0.12%"
"04/07/2003","15,975.00","15,975.00","15,975.00","15,975.00","","-0.54%"
"03/07/2003","16,061.50","16,061.50","16,061.50","16,061.50","","0.43%"
"02/07/2003","15,993.40","15,993.40","15,993.40","15,993.40","","-0.22%"
"01/07/2003","16,028.70","16,028.70","16,028.70","16,028.70","","0.39%"
"30/06/2003","15,966.71","15,966.71","15,966.71","15,966.71","","-0.72%"
"27/06/2003","16,082.60","16,082.60","16,082.60","16,082.60","","0.68%"
"26/06/2003","15,974.20","15,974.20","15,974.20","15,974.20","","-1.22%"
"25/06/2003","16,171.60","16,171.60","16,171.60","16,171.60","","-0.10%"
"24/06/2003","16,187.30","16,187.30","16,187.30","16,187.30","","-0.59%"
"23/06/2003","16,283.60","16,283.60","16,283.60","16,283.60","","0.08%"
"20/06/2003","16,270.30","16,270.30","16,270.30","16,270.30","","-0.46%"
"19/06/2003","16,345.20","16,345.20","16,345.20","16,345.20","","0.45%"
"18/06/2003","16,272.50","16,272.50","16,272.50","16,272.50","","-0.71%"
"17/06/2003","16,389.00","16,389.00","16,389.00","16,389.00","","0.73%"
"16/06/2003","16,270.80","16,270.80","16,270.80","16,270.80","","0.08%"
"13/06/2003","16,257.40","16,257.40","16,257.40","16,257.40","","0.09%"
"12/06/2003","16,242.80","16,242.80","16,242.80","16,242.80","","0.51%"
"11/06/2003","16,160.40","16,160.40","16,160.40","16,160.40","","0.49%"
"10/06/2003","16,081.30","16,081.30","16,081.30","16,081.30","","0.21%"
"06/06/2003","16,048.10","16,048.10","16,048.10","16,048.10","","0.58%"
"05/06/2003","15,955.30","15,955.30","15,955.30","15,955.30","","0.38%"
"04/06/2003","15,895.50","15,895.50","15,895.50","15,895.50","","0.20%"
"03/06/2003","15,863.90","15,863.90","15,863.90","15,863.90","","-0.38%"
"02/06/2003","15,925.00","15,925.00","15,925.00","15,925.00","","0.92%"
"30/05/2003","15,779.40","15,779.40","15,779.40","15,779.40","","-0.14%"
"29/05/2003","15,802.30","15,802.30","15,802.30","15,802.30","","0.24%"
"28/05/2003","15,764.20","15,764.20","15,764.20","15,764.20","","0.87%"
"27/05/2003","15,629.00","15,629.00","15,629.00","15,629.00","","-0.49%"
"26/05/2003","15,705.70","15,705.70","15,705.70","15,705.70","","0.03%"
"23/05/2003","15,701.50","15,701.50","15,701.50","15,701.50","","1.07%"
"22/05/2003","15,535.30","15,535.30","15,535.30","15,535.30","","0.78%"
"21/05/2003","15,415.80","15,415.80","15,415.80","15,415.80","","0.24%"
"20/05/2003","15,378.40","15,378.40","15,378.40","15,378.40","","-0.44%"
"19/05/2003","15,446.00","15,446.00","15,446.00","15,446.00","","-0.05%"
"16/05/2003","15,454.30","15,454.30","15,454.30","15,454.30","","-0.12%"
"15/05/2003","15,472.60","15,472.60","15,472.60","15,472.60","","-0.42%"
"14/05/2003","15,537.40","15,537.40","15,537.40","15,537.40","","-0.35%"
"13/05/2003","15,592.60","15,592.60","15,592.60","15,592.60","","0.18%"
"12/05/2003","15,565.00","15,565.00","15,565.00","15,565.00","","0.68%"
"09/05/2003","15,459.90","15,459.90","15,459.90","15,459.90","","-0.01%"
"08/05/2003","15,460.70","15,460.70","15,460.70","15,460.70","","-0.66%"
"07/05/2003","15,562.70","15,562.70","15,562.70","15,562.70","","0.25%"
"06/05/2003","15,523.40","15,523.40","15,523.40","15,523.40","","-0.31%"
"05/05/2003","15,571.60","15,571.60","15,571.60","15,571.60","","0.09%"
"02/05/2003","15,557.50","15,557.50","15,557.50","15,557.50","","-0.93%"
"01/05/2003","15,704.30","15,704.30","15,704.30","15,704.30","","-0.13%"
"30/04/2003","15,724.50","15,724.50","15,724.50","15,724.50","","-0.12%"
"29/04/2003","15,743.90","15,743.90","15,743.90","15,743.90","","1.23%"
"28/04/2003","15,552.00","15,552.00","15,552.00","15,552.00","","-0.91%"
"24/04/2003","15,694.90","15,694.90","15,694.90","15,694.90","","-0.10%"
"23/04/2003","15,711.20","15,711.20","15,711.20","15,711.20","","0.83%"
"22/04/2003","15,582.40","15,582.40","15,582.40","15,582.40","","0.92%"
"17/04/2003","15,440.60","15,440.60","15,440.60","15,440.60","","-0.89%"
"16/04/2003","15,579.40","15,579.40","15,579.40","15,579.40","","0.37%"
"15/04/2003","15,521.70","15,521.70","15,521.70","15,521.70","","0.95%"
"14/04/2003","15,375.80","15,375.80","15,375.80","15,375.80","","-0.27%"
"11/04/2003","15,417.20","15,417.20","15,417.20","15,417.20","","0.16%"
"10/04/2003","15,392.30","15,392.30","15,392.30","15,392.30","","-0.18%"
"09/04/2003","15,420.40","15,420.40","15,420.40","15,420.40","","-0.95%"
"08/04/2003","15,568.00","15,568.00","15,568.00","15,568.00","","-0.01%"
"07/04/2003","15,570.20","15,570.20","15,570.20","15,570.20","","1.57%"
"04/04/2003","15,329.20","15,329.20","15,329.20","15,329.20","","0.86%"
"03/04/2003","15,198.80","15,198.80","15,198.80","15,198.80","","0.92%"
"02/04/2003","15,060.90","15,060.90","15,060.90","15,060.90","","0.00%"
"01/04/2003","15,060.30","15,060.30","15,060.30","15,060.30","","-0.10%"
"31/03/2003","15,075.40","15,075.40","15,075.40","15,075.40","","-0.38%"
"28/03/2003","15,132.90","15,132.90","15,132.90","15,132.90","","0.18%"
"27/03/2003","15,105.50","15,105.50","15,105.50","15,105.50","","0.05%"
"26/03/2003","15,098.10","15,098.10","15,098.10","15,098.10","","1.34%"
"25/03/2003","14,898.30","14,898.30","14,898.30","14,898.30","","-0.08%"
"24/03/2003","14,910.90","14,910.90","14,910.90","14,910.90","","-0.27%"
"21/03/2003","14,950.60","14,950.60","14,950.60","14,950.60","","0.02%"
"20/03/2003","14,947.10","14,947.10","14,947.10","14,947.10","","0.68%"
"19/03/2003","14,846.20","14,846.20","14,846.20","14,846.20","","0.41%"
"18/03/2003","14,785.30","14,785.30","14,785.30","14,785.30","","3.51%"
"17/03/2003","14,284.40","14,284.40","14,284.40","14,284.40","","-0.28%"
"14/03/2003","14,324.90","14,324.90","14,324.90","14,324.90","","1.95%"
"13/03/2003","14,050.60","14,050.60","14,050.60","14,050.60","","-0.63%"
"12/03/2003","14,139.20","14,139.20","14,139.20","14,139.20","","-0.15%"
"11/03/2003","14,160.30","14,160.30","14,160.30","14,160.30","","-0.63%"
"10/03/2003","14,250.20","14,250.20","14,250.20","14,250.20","","-0.09%"
"07/03/2003","14,263.70","14,263.70","14,263.70","14,263.70","","-1.13%"
"06/03/2003","14,426.20","14,426.20","14,426.20","14,426.20","","0.03%"
"05/03/2003","14,422.40","14,422.40","14,422.40","14,422.40","","-1.21%"
"04/03/2003","14,599.30","14,599.30","14,599.30","14,599.30","","-0.10%"
"03/03/2003","14,613.70","14,613.70","14,613.70","14,613.70","","0.78%"
"28/02/2003","14,500.70","14,500.70","14,500.70","14,500.70","","0.17%"
"27/02/2003","14,476.20","14,476.20","14,476.20","14,476.20","","-1.07%"
"26/02/2003","14,633.10","14,633.10","14,633.10","14,633.10","","1.01%"
"25/02/2003","14,486.30","14,486.30","14,486.30","14,486.30","","-1.99%"
"24/02/2003","14,780.70","14,780.70","14,780.70","14,780.70","","1.30%"
"21/02/2003","14,590.30","14,590.30","14,590.30","14,590.30","","0.04%"
"20/02/2003","14,584.50","14,584.50","14,584.50","14,584.50","","-1.59%"
"19/02/2003","14,819.90","14,819.90","14,819.90","14,819.90","","0.70%"
"18/02/2003","14,716.40","14,716.40","14,716.40","14,716.40","","0.02%"
"17/02/2003","14,713.10","14,713.10","14,713.10","14,713.10","","1.14%"
"14/02/2003","14,547.80","14,547.80","14,547.80","14,547.80","","-0.64%"
"13/02/2003","14,641.70","14,641.70","14,641.70","14,641.70","","-1.70%"
"12/02/2003","14,895.50","14,895.50","14,895.50","14,895.50","","0.19%"
"11/02/2003","14,866.80","14,866.80","14,866.80","14,866.80","","-0.34%"
"10/02/2003","14,917.40","14,917.40","14,917.40","14,917.40","","-0.49%"
"07/02/2003","14,991.40","14,991.40","14,991.40","14,991.40","","0.69%"
"06/02/2003","14,888.50","14,888.50","14,888.50","14,888.50","","-1.11%"
"05/02/2003","15,056.20","15,056.20","15,056.20","15,056.20","","-0.94%"
"04/02/2003","15,199.50","15,199.50","15,199.50","15,199.50","","0.16%"
"03/02/2003","15,175.90","15,175.90","15,175.90","15,175.90","","-0.48%"
"31/01/2003","15,249.70","15,249.70","15,249.70","15,249.70","","-0.25%"
"30/01/2003","15,287.30","15,287.30","15,287.30","15,287.30","","0.42%"
"29/01/2003","15,222.90","15,222.90","15,222.90","15,222.90","","-0.43%"
"28/01/2003","15,288.10","15,288.10","15,288.10","15,288.10","","-2.04%"
"24/01/2003","15,607.00","15,607.00","15,607.00","15,607.00","","0.07%"
"23/01/2003","15,595.70","15,595.70","15,595.70","15,595.70","","-0.06%"
"22/01/2003","15,605.20","15,605.20","15,605.20","15,605.20","","-0.84%"
"21/01/2003","15,737.20","15,737.20","15,737.20","15,737.20","","-0.14%"
"20/01/2003","15,759.70","15,759.70","15,759.70","15,759.70","","0.14%"
"17/01/2003","15,738.10","15,738.10","15,738.10","15,738.10","","-0.15%"
"16/01/2003","15,761.80","15,761.80","15,761.80","15,761.80","","-0.67%"
"15/01/2003","15,868.90","15,868.90","15,868.90","15,868.90","","0.04%"
"14/01/2003","15,862.80","15,862.80","15,862.80","15,862.80","","0.21%"
"13/01/2003","15,829.50","15,829.50","15,829.50","15,829.50","","0.19%"
"10/01/2003","15,799.80","15,799.80","15,799.80","15,799.80","","-0.04%"
"09/01/2003","15,806.50","15,806.50","15,806.50","15,806.50","","-0.32%"
"08/01/2003","15,857.00","15,857.00","15,857.00","15,857.00","","0.01%"
"07/01/2003","15,855.20","15,855.20","15,855.20","15,855.20","","-0.03%"
"06/01/2003","15,859.90","15,859.90","15,859.90","15,859.90","","0.65%"
"03/01/2003","15,757.50","15,757.50","15,757.50","15,757.50","","0.92%"
"02/01/2003","15,613.40","15,613.40","15,613.40","15,613.40","","0.68%"
"31/12/2002","15,507.90","15,507.90","15,507.90","15,507.90","","0.48%"
"30/12/2002","15,433.60","15,433.60","15,433.60","15,433.60","","-1.14%"
"27/12/2002","15,611.40","15,611.40","15,611.40","15,611.40","","-0.19%"
"24/12/2002","15,640.50","15,640.50","15,640.50","15,640.50","","-0.02%"
"23/12/2002","15,643.80","15,643.80","15,643.80","15,643.80","","0.87%"
"20/12/2002","15,508.30","15,508.30","15,508.30","15,508.30","","0.75%"
"19/12/2002","15,393.30","15,393.30","15,393.30","15,393.30","","0.09%"
"18/12/2002","15,380.10","15,380.10","15,380.10","15,380.10","","-0.01%"
"17/12/2002","15,381.20","15,381.20","15,381.20","15,381.20","","1.25%"
"16/12/2002","15,191.30","15,191.30","15,191.30","15,191.30","","-0.72%"
"13/12/2002","15,301.70","15,301.70","15,301.70","15,301.70","","-0.55%"
"12/12/2002","15,386.90","15,386.90","15,386.90","15,386.90","","0.61%"
"11/12/2002","15,293.50","15,293.50","15,293.50","15,293.50","","-0.70%"
"10/12/2002","15,402.00","15,402.00","15,402.00","15,402.00","","-1.08%"
"09/12/2002","15,570.50","15,570.50","15,570.50","15,570.50","","-0.12%"
"06/12/2002","15,589.20","15,589.20","15,589.20","15,589.20","","-0.43%"
"05/12/2002","15,656.90","15,656.90","15,656.90","15,656.90","","0.44%"
"04/12/2002","15,588.50","15,588.50","15,588.50","15,588.50","","-1.48%"
"03/12/2002","15,822.20","15,822.20","15,822.20","15,822.20","","-0.36%"
"02/12/2002","15,880.10","15,880.10","15,880.10","15,880.10","","0.74%"
"29/11/2002","15,764.10","15,764.10","15,764.10","15,764.10","","0.59%"
"28/11/2002","15,671.90","15,671.90","15,671.90","15,671.90","","1.27%"
"27/11/2002","15,474.60","15,474.60","15,474.60","15,474.60","","-0.34%"
"26/11/2002","15,527.30","15,527.30","15,527.30","15,527.30","","-0.85%"
"25/11/2002","15,660.20","15,660.20","15,660.20","15,660.20","","0.26%"
"22/11/2002","15,619.90","15,619.90","15,619.90","15,619.90","","0.46%"
"21/11/2002","15,548.60","15,548.60","15,548.60","15,548.60","","0.59%"
"20/11/2002","15,458.00","15,458.00","15,458.00","15,458.00","","0.61%"
"19/11/2002","15,365.00","15,365.00","15,365.00","15,365.00","","-0.34%"
"18/11/2002","15,416.70","15,416.70","15,416.70","15,416.70","","0.04%"
"15/11/2002","15,410.80","15,410.80","15,410.80","15,410.80","","1.44%"
"14/11/2002","15,191.80","15,191.80","15,191.80","15,191.80","","-0.30%"
"13/11/2002","15,236.90","15,236.90","15,236.90","15,236.90","","-0.37%"
"12/11/2002","15,293.90","15,293.90","15,293.90","15,293.90","","0.32%"
"11/11/2002","15,244.40","15,244.40","15,244.40","15,244.40","","-1.10%"
"08/11/2002","15,414.30","15,414.30","15,414.30","15,414.30","","-0.99%"
"07/11/2002","15,567.80","15,567.80","15,567.80","15,567.80","","-1.19%"
"06/11/2002","15,755.10","15,755.10","15,755.10","15,755.10","","0.83%"
"05/11/2002","15,625.80","15,625.80","15,625.80","15,625.80","","-0.15%"
"04/11/2002","15,649.10","15,649.10","15,649.10","15,649.10","","1.48%"
"01/11/2002","15,421.40","15,421.40","15,421.40","15,421.40","","-1.07%"
"31/10/2002","15,588.40","15,588.40","15,588.40","15,588.40","","1.35%"
"30/10/2002","15,380.70","15,380.70","15,380.70","15,380.70","","-0.17%"
"29/10/2002","15,406.90","15,406.90","15,406.90","15,406.90","","-0.80%"
"28/10/2002","15,531.00","15,531.00","15,531.00","15,531.00","","0.90%"
"25/10/2002","15,392.80","15,392.80","15,392.80","15,392.80","","-0.46%"
"24/10/2002","15,464.30","15,464.30","15,464.30","15,464.30","","-0.27%"
"23/10/2002","15,506.70","15,506.70","15,506.70","15,506.70","","0.96%"
"22/10/2002","15,358.70","15,358.70","15,358.70","15,358.70","","0.43%"
"21/10/2002","15,292.20","15,292.20","15,292.20","15,292.20","","-0.67%"
"18/10/2002","15,395.80","15,395.80","15,395.80","15,395.80","","0.71%"
"17/10/2002","15,288.00","15,288.00","15,288.00","15,288.00","","-0.14%"
"16/10/2002","15,308.90","15,308.90","15,308.90","15,308.90","","-0.04%"
"15/10/2002","15,314.40","15,314.40","15,314.40","15,314.40","","1.19%"
"14/10/2002","15,134.20","15,134.20","15,134.20","15,134.20","","1.23%"
"11/10/2002","14,950.00","14,950.00","14,950.00","14,950.00","","0.97%"
"10/10/2002","14,806.40","14,806.40","14,806.40","14,806.40","","-0.55%"
"09/10/2002","14,888.80","14,888.80","14,888.80","14,888.80","","-1.09%"
"08/10/2002","15,052.90","15,052.90","15,052.90","15,052.90","","0.21%"
"07/10/2002","15,022.00","15,022.00","15,022.00","15,022.00","","-1.73%"
"04/10/2002","15,285.90","15,285.90","15,285.90","15,285.90","","-0.25%"
"03/10/2002","15,324.40","15,324.40","15,324.40","15,324.40","","0.04%"
"02/10/2002","15,318.70","15,318.70","15,318.70","15,318.70","","0.37%"
"01/10/2002","15,261.80","15,261.80","15,261.80","15,261.80","","0.55%"
"30/09/2002","15,178.30","15,178.30","15,178.30","15,178.30","","-1.19%"
"27/09/2002","15,361.70","15,361.70","15,361.70","15,361.70","","0.68%"
"26/09/2002","15,258.60","15,258.60","15,258.60","15,258.60","","-0.06%"
"25/09/2002","15,267.80","15,267.80","15,267.80","15,267.80","","-1.39%"
"24/09/2002","15,483.20","15,483.20","15,483.20","15,483.20","","-0.40%"
"23/09/2002","15,545.30","15,545.30","15,545.30","15,545.30","","-0.85%"
"20/09/2002","15,679.10","15,679.10","15,679.10","15,679.10","","-0.55%"
"19/09/2002","15,765.40","15,765.40","15,765.40","15,765.40","","-0.93%"
"18/09/2002","15,913.90","15,913.90","15,913.90","15,913.90","","-1.15%"
"17/09/2002","16,099.40","16,099.40","16,099.40","16,099.40","","0.99%"
"16/09/2002","15,941.00","15,941.00","15,941.00","15,941.00","","0.00%"
"13/09/2002","15,940.70","15,940.70","15,940.70","15,940.70","","-0.36%"
"12/09/2002","15,998.70","15,998.70","15,998.70","15,998.70","","-0.17%"
"11/09/2002","16,026.60","16,026.60","16,026.60","16,026.60","","1.22%"
"10/09/2002","15,833.50","15,833.50","15,833.50","15,833.50","","-0.29%"
"09/09/2002","15,879.90","15,879.90","15,879.90","15,879.90","","1.03%"
"06/09/2002","15,717.30","15,717.30","15,717.30","15,717.30","","-0.74%"
"05/09/2002","15,834.10","15,834.10","15,834.10","15,834.10","","0.66%"
"04/09/2002","15,730.70","15,730.70","15,730.70","15,730.70","","-1.56%"
"03/09/2002","15,979.20","15,979.20","15,979.20","15,979.20","","0.40%"
"02/09/2002","15,915.10","15,915.10","15,915.10","15,915.10","","0.51%"
"30/08/2002","15,835.00","15,835.00","15,835.00","15,835.00","","-0.32%"
"29/08/2002","15,885.80","15,885.80","15,885.80","15,885.80","","-0.19%"
"28/08/2002","15,915.60","15,915.60","15,915.60","15,915.60","","-0.71%"
"27/08/2002","16,029.60","16,029.60","16,029.60","16,029.60","","-0.51%"
"26/08/2002","16,111.70","16,111.70","16,111.70","16,111.70","","-0.06%"
"23/08/2002","16,122.10","16,122.10","16,122.10","16,122.10","","-0.35%"
"22/08/2002","16,178.40","16,178.40","16,178.40","16,178.40","","1.00%"
"21/08/2002","16,019.00","16,019.00","16,019.00","16,019.00","","-0.35%"
"20/08/2002","16,075.20","16,075.20","16,075.20","16,075.20","","0.91%"
"19/08/2002","15,931.00","15,931.00","15,931.00","15,931.00","","0.50%"
"16/08/2002","15,851.50","15,851.50","15,851.50","15,851.50","","0.17%"
"15/08/2002","15,824.40","15,824.40","15,824.40","15,824.40","","1.03%"
"14/08/2002","15,663.40","15,663.40","15,663.40","15,663.40","","-0.41%"
"13/08/2002","15,727.90","15,727.90","15,727.90","15,727.90","","0.21%"
"12/08/2002","15,694.20","15,694.20","15,694.20","15,694.20","","-0.02%"
"09/08/2002","15,698.10","15,698.10","15,698.10","15,698.10","","0.96%"
"08/08/2002","15,548.10","15,548.10","15,548.10","15,548.10","","0.86%"
"07/08/2002","15,415.80","15,415.80","15,415.80","15,415.80","","2.19%"
"06/08/2002","15,085.60","15,085.60","15,085.60","15,085.60","","-0.77%"
"05/08/2002","15,202.10","15,202.10","15,202.10","15,202.10","","-1.46%"
"02/08/2002","15,428.10","15,428.10","15,428.10","15,428.10","","-0.76%"
"01/08/2002","15,546.40","15,546.40","15,546.40","15,546.40","","-0.29%"
"31/07/2002","15,591.30","15,591.30","15,591.30","15,591.30","","0.08%"
"30/07/2002","15,578.80","15,578.80","15,578.80","15,578.80","","1.60%"
"29/07/2002","15,333.20","15,333.20","15,333.20","15,333.20","","1.53%"
"26/07/2002","15,102.40","15,102.40","15,102.40","15,102.40","","-1.74%"
"25/07/2002","15,370.00","15,370.00","15,370.00","15,370.00","","0.84%"
"24/07/2002","15,242.50","15,242.50","15,242.50","15,242.50","","-2.31%"
"23/07/2002","15,602.40","15,602.40","15,602.40","15,602.40","","-0.02%"
"22/07/2002","15,606.30","15,606.30","15,606.30","15,606.30","","-0.64%"
"19/07/2002","15,706.20","15,706.20","15,706.20","15,706.20","","-1.37%"
"18/07/2002","15,923.80","15,923.80","15,923.80","15,923.80","","0.96%"
"17/07/2002","15,771.80","15,771.80","15,771.80","15,771.80","","-1.12%"
"16/07/2002","15,950.80","15,950.80","15,950.80","15,950.80","","-0.93%"
"15/07/2002","16,100.40","16,100.40","16,100.40","16,100.40","","-0.30%"
"12/07/2002","16,149.20","16,149.20","16,149.20","16,149.20","","0.14%"
"11/07/2002","16,126.50","16,126.50","16,126.50","16,126.50","","-1.05%"
"10/07/2002","16,297.00","16,297.00","16,297.00","16,297.00","","-0.99%"
"09/07/2002","16,459.60","16,459.60","16,459.60","16,459.60","","0.76%"
"08/07/2002","16,334.80","16,334.80","16,334.80","16,334.80","","0.59%"
"05/07/2002","16,239.70","16,239.70","16,239.70","16,239.70","","0.19%"
"04/07/2002","16,208.60","16,208.60","16,208.60","16,208.60","","0.71%"
"03/07/2002","16,093.60","16,093.60","16,093.60","16,093.60","","-0.82%"
"02/07/2002","16,225.90","16,225.90","16,225.90","16,225.90","","-0.49%"
"01/07/2002","16,305.50","16,305.50","16,305.50","16,305.50","","0.37%"
"28/06/2002","16,245.30","16,245.30","16,245.30","16,245.30","","0.10%"
"27/06/2002","16,229.80","16,229.80","16,229.80","16,229.80","","1.05%"
"26/06/2002","16,060.70","16,060.70","16,060.70","16,060.70","","-1.48%"
"25/06/2002","16,302.70","16,302.70","16,302.70","16,302.70","","-0.25%"
"24/06/2002","16,343.00","16,343.00","16,343.00","16,343.00","","-0.40%"
"21/06/2002","16,408.60","16,408.60","16,408.60","16,408.60","","-0.84%"
"20/06/2002","16,547.00","16,547.00","16,547.00","16,547.00","","-0.01%"
"19/06/2002","16,548.40","16,548.40","16,548.40","16,548.40","","-0.97%"
"18/06/2002","16,709.80","16,709.80","16,709.80","16,709.80","","0.37%"
"17/06/2002","16,647.60","16,647.60","16,647.60","16,647.60","","0.17%"
"14/06/2002","16,619.80","16,619.80","16,619.80","16,619.80","","-0.59%"
"13/06/2002","16,717.70","16,717.70","16,717.70","16,717.70","","-0.43%"
"12/06/2002","16,790.00","16,790.00","16,790.00","16,790.00","","0.01%"
"11/06/2002","16,788.40","16,788.40","16,788.40","16,788.40","","-0.43%"
"07/06/2002","16,860.60","16,860.60","16,860.60","16,860.60","","0.13%"
"06/06/2002","16,838.00","16,838.00","16,838.00","16,838.00","","-0.09%"
"05/06/2002","16,852.40","16,852.40","16,852.40","16,852.40","","0.10%"
"04/06/2002","16,836.40","16,836.40","16,836.40","16,836.40","","-0.84%"
"03/06/2002","16,979.60","16,979.60","16,979.60","16,979.60","","0.15%"
"31/05/2002","16,953.60","16,953.60","16,953.60","16,953.60","","-0.38%"
"30/05/2002","17,018.10","17,018.10","17,018.10","17,018.10","","0.17%"
"29/05/2002","16,988.40","16,988.40","16,988.40","16,988.40","","-0.14%"
"28/05/2002","17,011.80","17,011.80","17,011.80","17,011.80","","0.13%"
"27/05/2002","16,990.40","16,990.40","16,990.40","16,990.40","","-0.16%"
"24/05/2002","17,017.00","17,017.00","17,017.00","17,017.00","","0.40%"
"23/05/2002","16,948.80","16,948.80","16,948.80","16,948.80","","-0.48%"
"22/05/2002","17,030.40","17,030.40","17,030.40","17,030.40","","0.38%"
"21/05/2002","16,965.60","16,965.60","16,965.60","16,965.60","","-0.47%"
"20/05/2002","17,046.30","17,046.30","17,046.30","17,046.30","","-0.56%"
"17/05/2002","17,143.00","17,143.00","17,143.00","17,143.00","","0.60%"
"16/05/2002","17,041.40","17,041.40","17,041.40","17,041.40","","0.57%"
"15/05/2002","16,944.80","16,944.80","16,944.80","16,944.80","","1.87%"
"14/05/2002","16,634.40","16,634.40","16,634.40","16,634.40","","0.36%"
"13/05/2002","16,575.20","16,575.20","16,575.20","16,575.20","","-0.85%"
"10/05/2002","16,717.80","16,717.80","16,717.80","16,717.80","","-0.23%"
"09/05/2002","16,756.20","16,756.20","16,756.20","16,756.20","","-0.04%"
"08/05/2002","16,763.00","16,763.00","16,763.00","16,763.00","","0.45%"
"07/05/2002","16,688.40","16,688.40","16,688.40","16,688.40","","-0.61%"
"06/05/2002","16,790.80","16,790.80","16,790.80","16,790.80","","-0.60%"
"03/05/2002","16,891.60","16,891.60","16,891.60","16,891.60","","0.11%"
"02/05/2002","16,872.90","16,872.90","16,872.90","16,872.90","","0.06%"
"01/05/2002","16,863.30","16,863.30","16,863.30","16,863.30","","0.31%"
"30/04/2002","16,811.20","16,811.20","16,811.20","16,811.20","","-0.08%"
"29/04/2002","16,825.30","16,825.30","16,825.30","16,825.30","","-0.78%"
"26/04/2002","16,957.20","16,957.20","16,957.20","16,957.20","","0.17%"
"24/04/2002","16,928.30","16,928.30","16,928.30","16,928.30","","-0.89%"
"23/04/2002","17,080.50","17,080.50","17,080.50","17,080.50","","-0.29%"
"22/04/2002","17,129.50","17,129.50","17,129.50","17,129.50","","0.18%"
"19/04/2002","17,098.20","17,098.20","17,098.20","17,098.20","","0.04%"
"18/04/2002","17,091.70","17,091.70","17,091.70","17,091.70","","0.18%"
"17/04/2002","17,060.90","17,060.90","17,060.90","17,060.90","","0.44%"
"16/04/2002","16,986.60","16,986.60","16,986.60","16,986.60","","0.55%"
"15/04/2002","16,893.30","16,893.30","16,893.30","16,893.30","","0.40%"
"12/04/2002","16,825.50","16,825.50","16,825.50","16,825.50","","-0.38%"
"11/04/2002","16,889.60","16,889.60","16,889.60","16,889.60","","-0.29%"
"10/04/2002","16,939.40","16,939.40","16,939.40","16,939.40","","0.42%"
"09/04/2002","16,869.10","16,869.10","16,869.10","16,869.10","","-0.75%"
"08/04/2002","16,997.30","16,997.30","16,997.30","16,997.30","","0.00%"
"05/04/2002","16,998.00","16,998.00","16,998.00","16,998.00","","0.52%"
"04/04/2002","16,910.30","16,910.30","16,910.30","16,910.30","","-0.14%"
"03/04/2002","16,933.40","16,933.40","16,933.40","16,933.40","","-0.28%"
"02/04/2002","16,980.30","16,980.30","16,980.30","16,980.30","","-0.80%"
"28/03/2002","17,117.50","17,117.50","17,117.50","17,117.50","","0.10%"
"27/03/2002","17,099.90","17,099.90","17,099.90","17,099.90","","0.82%"
"26/03/2002","16,960.80","16,960.80","16,960.80","16,960.80","","-1.16%"
"25/03/2002","17,159.50","17,159.50","17,159.50","17,159.50","","-0.26%"
"22/03/2002","17,203.70","17,203.70","17,203.70","17,203.70","","0.04%"
"21/03/2002","17,197.30","17,197.30","17,197.30","17,197.30","","-0.89%"
"20/03/2002","17,351.40","17,351.40","17,351.40","17,351.40","","0.21%"
"19/03/2002","17,315.90","17,315.90","17,315.90","17,315.90","","0.22%"
"18/03/2002","17,277.40","17,277.40","17,277.40","17,277.40","","1.48%"
"15/03/2002","17,025.50","17,025.50","17,025.50","17,025.50","","-1.28%"
"14/03/2002","17,246.20","17,246.20","17,246.20","17,246.20","","0.06%"
"13/03/2002","17,236.50","17,236.50","17,236.50","17,236.50","","-0.35%"
"12/03/2002","17,297.30","17,297.30","17,297.30","17,297.30","","-0.42%"
"11/03/2002","17,370.00","17,370.00","17,370.00","17,370.00","","-0.24%"
"08/03/2002","17,411.80","17,411.80","17,411.80","17,411.80","","-0.32%"
"07/03/2002","17,467.50","17,467.50","17,467.50","17,467.50","","1.35%"
"06/03/2002","17,234.90","17,234.90","17,234.90","17,234.90","","0.54%"
"05/03/2002","17,143.00","17,143.00","17,143.00","17,143.00","","0.35%"
"04/03/2002","17,082.60","17,082.60","17,082.60","17,082.60","","0.34%"
"01/03/2002","17,024.20","17,024.20","17,024.20","17,024.20","","0.10%"
"28/02/2002","17,007.00","17,007.00","17,007.00","17,007.00","","0.05%"
"27/02/2002","16,998.80","16,998.80","16,998.80","16,998.80","","-0.62%"
"26/02/2002","17,104.60","17,104.60","17,104.60","17,104.60","","0.36%"
"25/02/2002","17,043.10","17,043.10","17,043.10","17,043.10","","0.03%"
"22/02/2002","17,037.20","17,037.20","17,037.20","17,037.20","","-0.36%"
"21/02/2002","17,098.20","17,098.20","17,098.20","17,098.20","","-0.10%"
"20/02/2002","17,114.50","17,114.50","17,114.50","17,114.50","","-0.94%"
"19/02/2002","17,277.30","17,277.30","17,277.30","17,277.30","","0.05%"
"18/02/2002","17,268.90","17,268.90","17,268.90","17,268.90","","-0.19%"
"15/02/2002","17,301.40","17,301.40","17,301.40","17,301.40","","-0.19%"
"14/02/2002","17,334.50","17,334.50","17,334.50","17,334.50","","0.36%"
"13/02/2002","17,272.90","17,272.90","17,272.90","17,272.90","","-0.18%"
"12/02/2002","17,304.80","17,304.80","17,304.80","17,304.80","","0.13%"
"11/02/2002","17,281.80","17,281.80","17,281.80","17,281.80","","0.79%"
"08/02/2002","17,146.40","17,146.40","17,146.40","17,146.40","","1.07%"
"07/02/2002","16,965.30","16,965.30","16,965.30","16,965.30","","-0.29%"
"06/02/2002","17,014.80","17,014.80","17,014.80","17,014.80","","-0.78%"
"05/02/2002","17,149.00","17,149.00","17,149.00","17,149.00","","-0.42%"
"04/02/2002","17,221.40","17,221.40","17,221.40","17,221.40","","0.62%"
"01/02/2002","17,115.20","17,115.20","17,115.20","17,115.20","","-0.54%"
"31/01/2002","17,208.20","17,208.20","17,208.20","17,208.20","","0.89%"
"30/01/2002","17,055.80","17,055.80","17,055.80","17,055.80","","-0.56%"
"29/01/2002","17,152.30","17,152.30","17,152.30","17,152.30","","0.31%"
"25/01/2002","17,099.50","17,099.50","17,099.50","17,099.50","","0.34%"
"24/01/2002","17,041.70","17,041.70","17,041.70","17,041.70","","0.26%"
"23/01/2002","16,998.30","16,998.30","16,998.30","16,998.30","","0.02%"
"22/01/2002","16,995.40","16,995.40","16,995.40","16,995.40","","0.62%"
"21/01/2002","16,890.30","16,890.30","16,890.30","16,890.30","","0.39%"
"18/01/2002","16,824.30","16,824.30","16,824.30","16,824.30","","-0.18%"
"17/01/2002","16,854.60","16,854.60","16,854.60","16,854.60","","-0.95%"
"16/01/2002","17,016.70","17,016.70","17,016.70","17,016.70","","0.57%"
"15/01/2002","16,919.70","16,919.70","16,919.70","16,919.70","","-0.03%"
"14/01/2002","16,925.00","16,925.00","16,925.00","16,925.00","","-0.30%"
"11/01/2002","16,976.30","16,976.30","16,976.30","16,976.30","","0.25%"
"10/01/2002","16,934.00","16,934.00","16,934.00","16,934.00","","-0.10%"
"09/01/2002","16,950.70","16,950.70","16,950.70","16,950.70","","-0.31%"
"08/01/2002","17,002.80","17,002.80","17,002.80","17,002.80","","-0.70%"
"07/01/2002","17,121.80","17,121.80","17,121.80","17,121.80","","0.33%"
"04/01/2002","17,066.10","17,066.10","17,066.10","17,066.10","","0.47%"
"03/01/2002","16,986.20","16,986.20","16,986.20","16,986.20","","-0.76%"
"02/01/2002","17,115.50","17,115.50","17,115.50","17,115.50","","0.68%"
"31/12/2001","16,999.60","16,999.60","16,999.60","16,999.60","","-0.14%"
"28/12/2001","17,023.40","17,023.40","17,023.40","17,023.40","","0.28%"
"27/12/2001","16,976.20","16,976.20","16,976.20","16,976.20","","0.81%"
"24/12/2001","16,839.30","16,839.30","16,839.30","16,839.30","","0.46%"
"21/12/2001","16,761.90","16,761.90","16,761.90","16,761.90","","1.02%"
"20/12/2001","16,592.90","16,592.90","16,592.90","16,592.90","","0.60%"
"19/12/2001","16,494.20","16,494.20","16,494.20","16,494.20","","0.11%"
"18/12/2001","16,476.30","16,476.30","16,476.30","16,476.30","","0.94%"
"17/12/2001","16,322.90","16,322.90","16,322.90","16,322.90","","-0.04%"
"14/12/2001","16,328.90","16,328.90","16,328.90","16,328.90","","-0.65%"
"13/12/2001","16,435.10","16,435.10","16,435.10","16,435.10","","-0.29%"
"12/12/2001","16,482.80","16,482.80","16,482.80","16,482.80","","-1.12%"
"11/12/2001","16,668.70","16,668.70","16,668.70","16,668.70","","-0.03%"
"10/12/2001","16,674.00","16,674.00","16,674.00","16,674.00","","-0.33%"
"07/12/2001","16,729.00","16,729.00","16,729.00","16,729.00","","0.57%"
"06/12/2001","16,634.50","16,634.50","16,634.50","16,634.50","","0.15%"
"05/12/2001","16,609.90","16,609.90","16,609.90","16,609.90","","0.70%"
"04/12/2001","16,494.00","16,494.00","16,494.00","16,494.00","","-0.13%"
"03/12/2001","16,515.80","16,515.80","16,515.80","16,515.80","","-0.26%"
"30/11/2001","16,558.50","16,558.50","16,558.50","16,558.50","","0.25%"
"29/11/2001","16,518.00","16,518.00","16,518.00","16,518.00","","-0.71%"
"28/11/2001","16,635.70","16,635.70","16,635.70","16,635.70","","-0.08%"
"27/11/2001","16,648.70","16,648.70","16,648.70","16,648.70","","0.23%"
"26/11/2001","16,610.00","16,610.00","16,610.00","16,610.00","","0.52%"
"23/11/2001","16,524.80","16,524.80","16,524.80","16,524.80","","0.26%"
"22/11/2001","16,481.70","16,481.70","16,481.70","16,481.70","","-0.27%"
"21/11/2001","16,527.00","16,527.00","16,527.00","16,527.00","","-0.50%"
"20/11/2001","16,610.00","16,610.00","16,610.00","16,610.00","","0.64%"
"19/11/2001","16,504.90","16,504.90","16,504.90","16,504.90","","0.46%"
"16/11/2001","16,429.80","16,429.80","16,429.80","16,429.80","","-0.66%"
"15/11/2001","16,539.50","16,539.50","16,539.50","16,539.50","","0.24%"
"14/11/2001","16,500.50","16,500.50","16,500.50","16,500.50","","1.37%"
"13/11/2001","16,277.70","16,277.70","16,277.70","16,277.70","","-0.41%"
"12/11/2001","16,345.40","16,345.40","16,345.40","16,345.40","","0.67%"
"09/11/2001","16,236.70","16,236.70","16,236.70","16,236.70","","0.51%"
"08/11/2001","16,154.10","16,154.10","16,154.10","16,154.10","","0.52%"
"07/11/2001","16,071.20","16,071.20","16,071.20","16,071.20","","-0.99%"
"06/11/2001","16,231.60","16,231.60","16,231.60","16,231.60","","1.84%"
"05/11/2001","15,938.50","15,938.50","15,938.50","15,938.50","","-0.44%"
"02/11/2001","16,008.30","16,008.30","16,008.30","16,008.30","","-0.27%"
"01/11/2001","16,051.10","16,051.10","16,051.10","16,051.10","","0.07%"
"31/10/2001","16,039.80","16,039.80","16,039.80","16,039.80","","-0.10%"
"30/10/2001","16,055.20","16,055.20","16,055.20","16,055.20","","-0.10%"
"29/10/2001","16,071.90","16,071.90","16,071.90","16,071.90","","-0.61%"
"26/10/2001","16,170.90","16,170.90","16,170.90","16,170.90","","0.68%"
"25/10/2001","16,062.40","16,062.40","16,062.40","16,062.40","","0.29%"
"24/10/2001","16,016.50","16,016.50","16,016.50","16,016.50","","1.02%"
"23/10/2001","15,854.70","15,854.70","15,854.70","15,854.70","","1.05%"
"22/10/2001","15,690.60","15,690.60","15,690.60","15,690.60","","0.15%"
"19/10/2001","15,667.70","15,667.70","15,667.70","15,667.70","","-0.76%"
"18/10/2001","15,787.10","15,787.10","15,787.10","15,787.10","","-1.18%"
"17/10/2001","15,975.70","15,975.70","15,975.70","15,975.70","","0.85%"
"16/10/2001","15,841.80","15,841.80","15,841.80","15,841.80","","0.37%"
"15/10/2001","15,783.90","15,783.90","15,783.90","15,783.90","","-0.81%"
"12/10/2001","15,912.20","15,912.20","15,912.20","15,912.20","","0.81%"
"11/10/2001","15,784.20","15,784.20","15,784.20","15,784.20","","2.00%"
"10/10/2001","15,474.20","15,474.20","15,474.20","15,474.20","","-0.51%"
"09/10/2001","15,553.20","15,553.20","15,553.20","15,553.20","","0.42%"
"08/10/2001","15,487.70","15,487.70","15,487.70","15,487.70","","-1.23%"
"05/10/2001","15,680.40","15,680.40","15,680.40","15,680.40","","1.58%"
"04/10/2001","15,436.30","15,436.30","15,436.30","15,436.30","","0.15%"
"03/10/2001","15,412.80","15,412.80","15,412.80","15,412.80","","-0.42%"
"02/10/2001","15,477.10","15,477.10","15,477.10","15,477.10","","1.35%"
"01/10/2001","15,270.70","15,270.70","15,270.70","15,270.70","","1.62%"
"28/09/2001","15,027.40","15,027.40","15,027.40","15,027.40","","1.63%"
"27/09/2001","14,786.30","14,786.30","14,786.30","14,786.30","","0.32%"
"26/09/2001","14,738.70","14,738.70","14,738.70","14,738.70","","0.98%"
"25/09/2001","14,596.30","14,596.30","14,596.30","14,596.30","","1.31%"
"24/09/2001","14,407.60","14,407.60","14,407.60","14,407.60","","-0.53%"
"21/09/2001","14,483.80","14,483.80","14,483.80","14,483.80","","-1.37%"
"20/09/2001","14,685.10","14,685.10","14,685.10","14,685.10","","-1.71%"
"19/09/2001","14,940.10","14,940.10","14,940.10","14,940.10","","0.82%"
"18/09/2001","14,818.00","14,818.00","14,818.00","14,818.00","","1.86%"
"17/09/2001","14,548.00","14,548.00","14,548.00","14,548.00","","-4.54%"
"14/09/2001","15,239.40","15,239.40","15,239.40","15,239.40","","-0.81%"
"13/09/2001","15,363.80","15,363.80","15,363.80","15,363.80","","0.59%"
"12/09/2001","15,273.30","15,273.30","15,273.30","15,273.30","","-4.12%"
"11/09/2001","15,928.90","15,928.90","15,928.90","15,928.90","","-0.01%"
"10/09/2001","15,930.90","15,930.90","15,930.90","15,930.90","","0.30%"
"07/09/2001","15,883.50","15,883.50","15,883.50","15,883.50","","-0.90%"
"06/09/2001","16,028.00","16,028.00","16,028.00","16,028.00","","-0.70%"
"05/09/2001","16,141.60","16,141.60","16,141.60","16,141.60","","0.06%"
"04/09/2001","16,132.00","16,132.00","16,132.00","16,132.00","","0.43%"
"03/09/2001","16,063.00","16,063.00","16,063.00","16,063.00","","0.01%"
"31/08/2001","16,061.60","16,061.60","16,061.60","16,061.60","","-1.44%"
"30/08/2001","16,296.20","16,296.20","16,296.20","16,296.20","","-0.73%"
"29/08/2001","16,416.50","16,416.50","16,416.50","16,416.50","","-0.67%"