Date,Adj Close,Close,High,Low,Open,Volume
2001-07-30,3.6217446327209473,13.825873374938965,13.845738410949707,13.597428321838379,13.60736083984375,2519741
2001-07-31,3.5671048164367676,13.617293357849121,13.875535011291504,13.597428321838379,13.855669975280762,2191596
2001-08-01,3.6373538970947266,13.885466575622559,13.895400047302246,13.627224922180176,13.696751594543457,2679221
2001-08-02,3.681584358215332,14.05431842803955,14.084115028381348,13.885466575622559,13.9053316116333,3171674
2001-08-03,3.7096848487854004,14.16158676147461,14.262898445129395,13.935129165649414,13.935129165649414,2342177
2001-08-06,3.7180099487304688,14.193370819091797,14.34235668182373,14.143709182739258,14.143709182739258,1435956
2001-08-07,3.7596402168273926,14.352289199829102,14.392019271850586,14.16059398651123,14.16059398651123,2064020
2001-08-08,3.7596402168273926,14.352289199829102,14.441680908203125,14.302626609802246,14.382085800170898,2150447
2001-08-09,3.6919939517974854,14.094046592712402,14.27283000946045,14.014588356018066,14.194363594055176,5703014
2001-08-10,3.6945953369140625,14.10398006439209,14.16357421875,14.094046592712402,14.10398006439209,1053113
2001-08-13,3.6581695079803467,13.964925765991211,14.143709182739258,13.925196647644043,14.10398006439209,2053278
2001-08-14,3.6971967220306396,14.113911628723145,14.143709182739258,13.972871780395508,13.972871780395508,1756330
2001-08-15,3.7242558002471924,14.217208862304688,14.362220764160156,14.10398006439209,14.10398006439209,3264325
2001-08-16,3.7284185886383057,14.233100891113281,14.233100891113281,14.10398006439209,14.16357421875,1904639
2001-08-17,3.7068231105804443,14.150662422180176,14.243033409118652,14.143709182739258,14.203303337097168,2023358
2001-08-20,3.707603693008423,14.153641700744629,14.183439254760742,14.044384956359863,14.153641700744629,4039098
2001-08-21,3.7104647159576416,14.164566993713379,14.22316837310791,14.113911628723145,14.153641700744629,1609708
2001-08-22,3.678983688354492,14.044384956359863,14.143709182739258,14.014588356018066,14.09801959991455,1687625
2001-08-23,3.6893906593322754,14.084115028381348,14.133776664733887,14.044384956359863,14.044384956359863,1873910
2001-08-24,3.7180099487304688,14.193370819091797,14.282761573791504,14.084115028381348,14.133776664733887,2956253
2001-08-27,3.7700488567352295,14.392019271850586,14.411883354187012,14.213235855102539,14.213235855102539,3144705
2001-08-28,3.718270778656006,14.194363594055176,14.451613426208496,14.16357421875,14.302626609802246,2932112
2001-08-29,3.707603693008423,14.153641700744629,14.203303337097168,14.10398006439209,14.10398006439209,2908998
2001-08-30,3.6711769104003906,14.014588356018066,14.203303337097168,14.004655838012695,14.203303337097168,4229463
2001-08-31,3.6180999279022217,13.811967849731445,13.964925765991211,13.806008338928223,13.927183151245117,5347419
2001-09-03,3.668577194213867,14.004655838012695,14.084115028381348,13.766279220581055,13.77621078491211,3848023
2001-09-04,3.6711769104003906,14.014588356018066,14.123844146728516,14.014588356018066,14.047365188598633,2034248
2001-09-05,3.6399550437927246,13.895400047302246,13.954994201660156,13.845738410949707,13.876527786254883,2977769
2001-09-06,3.5905206203460693,13.706684112548828,13.815940856933594,13.696751594543457,13.806008338928223,3074074
2001-09-07,3.5124664306640625,13.408713340759277,13.60736083984375,13.309389114379883,13.508036613464355,2917637
2001-09-10,3.577511787414551,13.657022476196289,13.686820030212402,13.349119186401367,13.349119186401367,4651195
2001-09-11,3.6217446327209473,13.825873374938965,13.845738410949707,13.706684112548828,13.75336742401123,2905006
2001-09-12,3.5374436378479004,13.504063606262207,13.557699203491211,13.210064888000488,13.210064888000488,2794142
2001-09-13,3.5025789737701416,13.370969772338867,13.706684112548828,13.368983268737793,13.557699203491211,4891815
2001-09-14,3.4578280448913574,13.200133323669434,13.309389114379883,13.011418342590332,13.309389114379883,3379307
2001-09-17,3.375089645385742,12.884283065795898,13.061079978942871,12.614123344421387,12.961755752563477,3829682
2001-09-18,3.382115364074707,12.911101341247559,13.309389114379883,12.842567443847656,13.201126098632812,3687471
2001-09-19,3.356356382369995,12.812769889831543,13.041214942932129,12.49493408203125,12.939905166625977,3584276
2001-09-20,3.252283811569214,12.415474891662598,12.922025680541992,12.117504119873047,12.821708679199219,7077679
2001-09-21,3.142226457595825,11.99533462524414,12.514799118041992,11.869194030761719,12.067841529846191,5011403
2001-09-24,3.135202169418335,11.968518257141113,12.067841529846191,11.789734840393066,12.066847801208496,4370986
2001-09-25,3.273097515106201,12.49493408203125,12.544595718383789,12.087705612182617,12.266489028930664,4556395
2001-09-26,3.3589589595794678,12.82270336151123,12.832634925842285,12.584324836730957,12.614123344421387,3094498
2001-09-27,3.3797736167907715,12.902161598205566,12.902161598205566,12.713445663452148,12.830648422241211,4568044
2001-09-28,3.4578280448913574,13.200133323669434,13.28952407836914,12.882296562194824,12.902161598205566,8741039
2001-10-01,3.447420835494995,13.16040325164795,13.309389114379883,13.021349906921387,13.266679763793945,3495843
2001-10-02,3.505441427230835,13.381896018981934,13.408713340759277,13.071011543273926,13.150470733642578,4442210
2001-10-03,3.4968557357788086,13.349119186401367,13.458374977111816,13.269659996032715,13.359050750732422,4758432
2001-10-04,3.5103859901428223,13.40076732635498,13.478240013122559,13.28952407836914,13.458374977111816,3792195
2001-10-05,3.5788137912750244,13.661989212036133,13.746414184570312,13.359050750732422,13.408713340759277,3041475
2001-10-08,3.580113649368286,13.66695499420166,13.806008338928223,13.547765731811523,13.579549789428711,3216030
2001-10-09,3.626166343688965,13.842758178710938,13.855669975280762,13.685826301574707,13.685826301574707,3110234
2001-10-10,3.6893906593322754,14.084115028381348,14.10398006439209,13.657022476196289,13.81097412109375,4776309
2001-10-11,3.7180099487304688,14.193370819091797,14.193370819091797,14.034453392028809,14.16357421875,4723198
2001-10-12,3.6425564289093018,13.9053316116333,14.22316837310791,13.895400047302246,14.203303337097168,3790435
2001-10-15,3.668577194213867,14.004655838012695,14.044384956359863,13.706684112548828,13.847723960876465,2366850
2001-10-16,3.660771131515503,13.974859237670898,14.16357421875,13.915264129638672,14.05431842803955,2307493
2001-10-17,3.7331008911132812,14.25097942352295,14.292695045471191,14.05431842803955,14.067230224609375,4180328
2001-10-18,3.681584358215332,14.05431842803955,14.282761573791504,14.05431842803955,14.153641700744629,3778158
2001-10-19,3.707603693008423,14.153641700744629,14.233100891113281,14.004655838012695,14.029486656188965,4201853
2001-10-22,3.708643674850464,14.157613754272461,14.213235855102539,14.084115028381348,14.203303337097168,4215969
2001-10-23,3.837695598602295,14.650260925292969,14.680057525634766,14.302626609802246,14.302626609802246,6601083
2001-10-24,3.8231232166290283,14.59463882446289,14.779380798339844,14.481410026550293,14.650260925292969,5975344
2001-10-25,3.8116767406463623,14.550936698913574,14.680057525634766,14.451613426208496,14.60059928894043,3455076
2001-10-26,3.8220832347869873,14.590665817260742,14.769449234008789,14.580734252929688,14.60059928894043,15166474
2001-10-29,3.8298897743225098,14.620463371276855,14.709855079650879,14.60059928894043,14.631388664245605,4046380
2001-10-30,3.8298897743225098,14.620463371276855,14.620463371276855,14.501275062561035,14.560869216918945,2549777
2001-10-31,3.850703001022339,14.699921607971191,14.729720115661621,14.521140098571777,14.60059928894043,5952547
2001-11-01,3.816880464553833,14.57080078125,14.729720115661621,14.471478462219238,14.719786643981934,6509119
2001-11-02,3.8642337322235107,14.751570701599121,14.819110870361328,14.630395889282227,14.799245834350586,5877492
2001-11-05,3.954777240753174,15.097217559814453,15.166744232177734,14.799245834350586,14.89857006072998,5877188
2001-11-06,4.006814002990723,15.295865058898926,15.405120849609375,14.916447639465332,14.916447639465332,5368682
2001-11-07,3.901960849761963,14.895589828491211,15.375324249267578,14.895589828491211,15.345526695251465,3428496
2001-11-08,4.008634567260742,15.302818298339844,15.434919357299805,15.00683307647705,15.00683307647705,4477825
2001-11-09,4.043237686157227,15.434919357299805,15.494512557983398,15.345526695251465,15.39518928527832,2942529
2001-11-12,4.136904239654541,15.792484283447266,15.901740074157715,15.39518928527832,15.494512557983398,3989754
2001-11-13,4.149914264678955,15.842145919799805,15.901740074157715,15.544175148010254,15.792484283447266,2869476
2001-11-14,4.2617926597595215,16.26923942565918,16.28910255432129,15.926570892333984,15.926570892333984,5012050
2001-11-15,4.248523235321045,16.218582153320312,16.477819442749023,16.090456008911133,16.130184173583984,3388976
2001-11-16,4.131701469421387,15.77262020111084,16.140117645263672,15.752755165100098,16.090456008911133,4981395
2001-11-19,4.048704147338867,15.455777168273926,15.74282169342041,15.33559513092041,15.733882904052734,5327511
2001-11-20,4.092674255371094,15.623634338378906,15.762686729431152,15.405120849609375,15.546160697937012,3302995
2001-11-21,4.134302616119385,15.782551765441895,15.822280883789062,15.564040184020996,15.630585670471191,3784912
2001-11-22,4.0971293449401855,15.325661659240723,15.534241676330566,15.246203422546387,15.419027328491211,16722234
2001-11-23,4.036056995391846,15.097217559814453,15.39518928527832,15.097217559814453,15.345526695251465,2834038
2001-11-26,4.062610149383545,15.196540832519531,15.295865058898926,15.144892692565918,15.144892692565918,2321435
2001-11-27,4.067920207977295,15.216405868530273,15.325661659240723,15.097217559814453,15.295865058898926,3230942
2001-11-28,4.033400535583496,15.087285041809082,15.226339340209961,15.087285041809082,15.146880149841309,3143753
2001-11-29,4.022780895233154,15.047555923461914,15.117081642150879,14.918435096740723,14.997894287109375,2277705
2001-11-30,3.965691566467285,14.834010124206543,15.146880149841309,14.834010124206543,15.146880149841309,5226430
2001-12-03,3.9563982486724854,14.799245834350586,14.989948272705078,14.739651679992676,14.989948272705078,3414054
2001-12-04,3.9856066703796387,14.908501625061035,15.057488441467285,14.769449234008789,14.819110870361328,4709767
2001-12-05,4.049333572387695,15.146880149841309,15.231305122375488,15.027690887451172,15.231305122375488,4376585
2001-12-06,4.044022560119629,15.127015113830566,15.345526695251465,14.968096733093262,15.206474304199219,4846309
2001-12-07,4.009504795074463,14.997894287109375,15.047555923461914,14.819110870361328,14.987960815429688,6139550
2001-12-10,4.012157917022705,15.00782585144043,15.037623405456543,14.858840942382812,14.93730640411377,3075768
2001-12-11,4.046678066253662,15.136946678161621,15.166744232177734,14.94823169708252,15.004846572875977,7341003
2001-12-12,3.9712681770324707,14.854867935180664,15.206474304199219,14.854867935180664,15.097217559814453,3170269
2001-12-13,3.993837594985962,14.939292907714844,14.997894287109375,14.749584197998047,14.997894287109375,3833585
2001-12-14,3.938607931137085,14.732699394226074,14.968096733093262,14.650260925292969,14.858840942382812,2914397
2001-12-17,3.9609127044677734,14.816130638122559,14.938300132751465,14.729720115661621,14.938300132751465,3218922
2001-12-18,4.065264701843262,15.206474304199219,15.295865058898926,14.918435096740723,14.918435096740723,2466127
2001-12-19,4.073230743408203,15.236270904541016,15.295865058898926,15.087285041809082,15.206474304199219,2415722
2001-12-20,4.100581169128418,15.338574409484863,15.375324249267578,15.25216293334961,15.25216293334961,1135439
2001-12-21,4.174399375915527,15.614694595336914,15.614694595336914,15.244216918945312,15.244216918945312,8803556
2001-12-24,4.150235652923584,15.524310111999512,15.643499374389648,15.524310111999512,15.593836784362793,823888
2001-12-25,4.150235652923584,15.524310111999512,15.524310111999512,15.524310111999512,15.524310111999512,0
2001-12-26,4.150235652923584,15.524310111999512,15.524310111999512,15.524310111999512,15.524310111999512,0
2001-12-27,4.163511753082275,15.57397174835205,15.653430938720703,15.45478343963623,15.494512557983398,778385
2001-12-28,4.155544757843018,15.544175148010254,15.713025093078613,15.544175148010254,15.663363456726074,859748
2001-12-31,4.183425426483154,15.648465156555176,15.663363456726074,15.50444507598877,15.611715316772461,1885485
2002-01-01,4.183425426483154,15.648465156555176,15.648465156555176,15.648465156555176,15.648465156555176,0
2002-01-02,4.205996990203857,15.732890129089355,15.752755165100098,15.544175148010254,15.593836784362793,1108696
2002-01-03,4.1690874099731445,15.594829559326172,15.762686729431152,15.564040184020996,15.733882904052734,1331074
2002-01-04,4.144393444061279,15.502458572387695,15.613700866699219,15.295865058898926,15.603769302368164,1728254
2002-01-07,4.0971293449401855,15.325661659240723,15.464715957641602,15.256135940551758,15.39518928527832,2144319
2002-01-08,4.033400535583496,15.087285041809082,15.295865058898926,15.047555923461914,15.246203422546387,3569526
2002-01-09,3.9749855995178223,14.868773460388184,15.077352523803711,14.8290433883667,15.047555923461914,4386140
2002-01-10,3.984543561935425,14.904528617858887,15.047555923461914,14.868773460388184,14.868773460388184,9750178
2002-01-11,4.009504795074463,14.997894287109375,15.077352523803711,14.938300132751465,15.047555923461914,2402944
2002-01-14,4.017470359802246,15.027690887451172,15.146880149841309,14.997894287109375,15.047555923461914,1885868
2002-01-15,4.012157917022705,15.00782585144043,15.07040023803711,14.89857006072998,15.07040023803711,6149206
2002-01-16,4.057299613952637,15.176676750183105,15.196540832519531,15.017759323120117,15.026698112487793,5217524
2002-01-17,4.030745983123779,15.077352523803711,15.206474304199219,15.077352523803711,15.117081642150879,3322608
2002-01-18,4.0068488121032715,14.987960815429688,15.06742000579834,14.968096733093262,15.00782585144043,4095972
2002-01-21,4.001802921295166,14.969090461730957,15.107150077819824,14.938300132751465,15.003852844238281,2127388
2002-01-22,4.057299613952637,15.176676750183105,15.176676750183105,14.968096733093262,14.968096733093262,2283894
2002-01-23,4.062610149383545,15.196540832519531,15.216405868530273,15.097217559814453,15.097217559814453,2431644
2002-01-24,4.0947394371032715,15.316722869873047,15.316722869873047,15.15085220336914,15.15085220336914,2719213
2002-01-25,4.094472885131836,15.315730094909668,15.355460166931152,15.256135940551758,15.345526695251465,9818551
2002-01-28,4.094472885131836,15.315730094909668,15.315730094909668,15.315730094909668,15.315730094909668,0
2002-01-29,4.198031425476074,15.703092575073242,15.752755165100098,15.355460166931152,15.355460166931152,4021109
2002-01-30,4.155544757843018,15.544175148010254,15.722957611083984,15.494512557983398,15.593836784362793,2579611
2002-01-31,4.195374488830566,15.693160057067871,15.693160057067871,15.494512557983398,15.544175148010254,1786393
2002-02-01,4.125540256500244,15.431939125061035,15.77262020111084,15.415054321289062,15.703092575073242,8576736
2002-02-04,4.187409400939941,15.663363456726074,15.74282169342041,15.44485092163086,15.494512557983398,1940012
2002-02-05,4.221927642822266,15.792484283447266,15.842145919799805,15.57397174835205,15.611715316772461,5909765
2002-02-06,4.2564473152160645,15.921605110168457,15.921605110168457,15.752755165100098,15.799436569213867,10651472
2002-02-07,4.286982536315918,16.03582763671875,16.140117645263672,15.852079391479492,15.891807556152344,5080166
2002-02-08,4.2883100509643555,16.040794372558594,16.07059097290039,15.881875991821289,15.991131782531738,3711908
2002-02-11,4.312209606170654,16.130184173583984,16.130184173583984,15.921605110168457,16.100387573242188,2744952
2002-02-12,4.33610725402832,16.21957778930664,16.26923942565918,16.05072593688965,16.179847717285156,3922872
2002-02-13,4.3015875816345215,16.090456008911133,16.1997127532959,16.030860900878906,16.197725296020508,979406
2002-02-14,4.309553623199463,16.12025260925293,16.21957778930664,16.040794372558594,16.100387573242188,2034656
2002-02-15,4.3546929359436035,16.28910255432129,16.368562698364258,16.040794372558594,16.090456008911133,3435531
2002-02-18,4.381248474121094,16.388427734375,16.448020935058594,15.822280883789062,15.826253890991211,3132075
2002-02-19,4.381248474121094,16.388427734375,16.418224334716797,16.28910255432129,16.28910255432129,2260849
2002-02-20,4.314864635467529,16.140117645263672,16.368562698364258,16.100387573242188,16.28910255432129,2497659
2002-02-21,4.383901119232178,16.398359298706055,16.467885971069336,16.140117645263672,16.18977928161621,2880645
2002-02-22,4.44045877456665,16.60991859436035,16.67646598815918,16.30896759033203,16.318899154663086,6837013
2002-02-25,4.479492664337158,16.755924224853516,16.835384368896484,16.666534423828125,16.670507431030273,2453488
2002-02-26,4.415765285491943,16.517547607421875,16.736059188842773,16.43808937072754,16.736059188842773,3636426
2002-02-27,4.418420314788818,16.52747917175293,16.616872787475586,16.477819442749023,16.478811264038086,2978137
2002-02-28,4.388681411743164,16.41623878479004,16.894977569580078,16.338764190673828,16.587074279785156,3765239
2002-03-01,4.3971781730651855,16.448020935058594,16.477819442749023,16.23944091796875,16.368562698364258,4473751
2002-03-04,4.346726417541504,16.259305953979492,16.428157806396484,16.090456008911133,16.388427734375,2946829
2002-03-05,4.275032997131348,15.991131782531738,16.229509353637695,15.911672592163086,16.12025260925293,5172622
2002-03-06,4.248481750488281,15.891807556152344,15.9414701461792,15.822280883789062,15.881875991821289,3629433
2002-03-07,4.314864635467529,16.140117645263672,16.279170989990234,15.891807556152344,15.989145278930664,4701276
2002-03-08,4.235204696655273,15.842145919799805,16.090456008911133,15.842145919799805,15.982192993164062,5104367
2002-03-11,4.195374488830566,15.693160057067871,15.891807556152344,15.653430938720703,15.891807556152344,3694116
2002-03-12,4.163511753082275,15.57397174835205,15.643499374389648,15.564040184020996,15.624627113342285,3911043
2002-03-13,4.168821811676025,15.593836784362793,15.703092575073242,15.494512557983398,15.50444507598877,3196788
2002-03-14,4.179442882537842,15.633565902709961,15.673295974731445,15.603769302368164,15.643499374389648,1842638
2002-03-15,4.1167778968811035,15.399162292480469,15.593836784362793,15.399162292480469,15.544175148010254,4245053
2002-03-18,4.187409400939941,15.663363456726074,15.673295974731445,15.50444507598877,15.593836784362793,3007066
2002-03-19,4.224583625793457,15.802416801452637,15.83221435546875,15.623634338378906,15.693160057067871,2259173
2002-03-20,4.24051570892334,15.862010955810547,15.911672592163086,15.782551765441895,15.842145919799805,2716921
2002-03-21,4.213961601257324,15.762686729431152,15.83221435546875,15.722957611083984,15.752755165100098,3565309
2002-03-22,4.219273567199707,15.782551765441895,15.83221435546875,15.74282169342041,15.792484283447266,3269510
2002-03-25,4.182100296020508,15.643499374389648,15.782551765441895,15.583904266357422,15.782551765441895,2815084
2002-03-26,4.089163303375244,15.295865058898926,15.544175148010254,15.285932540893555,15.534241676330566,3848044
2002-03-27,4.176787853240967,15.623634338378906,15.623634338378906,15.38525676727295,15.38525676727295,11062747
2002-03-28,4.144923686981201,15.50444507598877,15.564040184020996,15.434919357299805,15.464715957641602,7301036
2002-03-29,4.144923686981201,15.50444507598877,15.50444507598877,15.50444507598877,15.50444507598877,0
2002-04-01,4.144923686981201,15.50444507598877,15.50444507598877,15.50444507598877,15.50444507598877,0
2002-04-02,4.036056995391846,15.097217559814453,15.39518928527832,15.087285041809082,15.39518928527832,9215921
2002-04-03,4.046678066253662,15.136946678161621,15.295865058898926,15.06742000579834,15.186609268188477,5075575
2002-04-04,4.073230743408203,15.236270904541016,15.236270904541016,15.117081642150879,15.176676750183105,3353589
2002-04-05,4.091818809509277,15.305797576904297,15.39518928527832,15.285932540893555,15.285932540893555,5218909
2002-04-08,4.059954643249512,15.186609268188477,15.325661659240723,15.146880149841309,15.325661659240723,3822840
2002-04-09,4.030745983123779,15.077352523803711,15.097217559814453,14.968096733093262,15.097217559814453,7983694
2002-04-10,4.036056995391846,15.097217559814453,15.146880149841309,15.017759323120117,15.047555923461914,4342753
2002-04-11,4.049333572387695,15.146880149841309,15.156811714172363,15.06742000579834,15.156811714172363,4807350
2002-04-12,4.083852767944336,15.276000022888184,15.295865058898926,15.117081642150879,15.136946678161621,5450795
2002-04-15,4.128992557525635,15.44485092163086,15.50444507598877,15.325661659240723,15.325661659240723,5497881
2002-04-16,4.158200263977051,15.554106712341309,15.583904266357422,15.434919357299805,15.484580039978027,7033204
2002-04-17,4.168821811676025,15.593836784362793,15.653430938720703,15.57397174835205,15.633565902709961,6138351
2002-04-18,4.166165351867676,15.583904266357422,15.633565902709961,15.554106712341309,15.623634338378906,4259321
2002-04-19,4.24051570892334,15.862010955810547,15.862010955810547,15.653430938720703,15.6832275390625,6826104
2002-04-22,4.280344486236572,16.010997772216797,16.060659408569336,15.852079391479492,15.862010955810547,4346553
2002-04-23,4.312209606170654,16.130184173583984,16.140117645263672,15.991131782531738,16.010997772216797,3354392
2002-04-24,4.309553623199463,16.12025260925293,16.159982681274414,15.871943473815918,16.150049209594727,4221775
2002-04-25,4.309553623199463,16.12025260925293,16.12025260925293,16.12025260925293,16.12025260925293,0
2002-04-26,4.383901119232178,16.398359298706055,16.408292770385742,16.18977928161621,16.18977928161621,16849335
2002-04-29,4.341416358947754,16.23944091796875,16.636737823486328,16.150049209594727,16.43808937072754,5540270
2002-04-30,4.312209606170654,16.130184173583984,16.18977928161621,15.951401710510254,16.18977928161621,2513574
2002-05-01,4.3546929359436035,16.28910255432129,16.318899154663086,16.209644317626953,16.23944091796875,2968726
2002-05-02,4.275032997131348,15.991131782531738,16.35862922668457,15.881875991821289,16.35862922668457,7887294
2002-05-03,4.283000946044922,16.02092933654785,16.18977928161621,15.74282169342041,15.981199264526367,6406712
2002-05-06,4.224583625793457,15.802416801452637,15.991131782531738,15.762686729431152,15.901740074157715,4284741
2002-05-07,4.3042426109313965,16.100387573242188,16.130184173583984,15.802416801452637,15.802416801452637,5964295
2002-05-08,4.322829246520996,16.16991424560547,16.279170989990234,16.060659408569336,16.140117645263672,4888386
2002-05-09,4.3015875816345215,16.090456008911133,16.26923942565918,16.010997772216797,16.23944091796875,2922376
2002-05-10,4.269721984863281,15.971266746520996,16.100387573242188,15.951401710510254,16.040794372558594,1675971
2002-05-13,4.23254919052124,15.83221435546875,15.991131782531738,15.752755165100098,15.971266746520996,2533516
2002-05-14,4.275032997131348,15.991131782531738,16.010997772216797,15.891807556152344,15.9414701461792,1617736
2002-05-15,4.277688980102539,16.00106430053711,16.05072593688965,15.852079391479492,15.981199264526367,2327150
2002-05-16,4.251136779785156,15.901740074157715,16.00106430053711,15.822280883789062,15.981199264526367,4498277
2002-05-17,4.245826244354248,15.881875991821289,15.961335182189941,15.802416801452637,15.891807556152344,4037418
2002-05-20,4.221927642822266,15.792484283447266,15.881875991821289,15.762686729431152,15.842145919799805,3822605
2002-05-21,4.259100914001465,15.931537628173828,15.971266746520996,15.77262020111084,15.792484283447266,3247840
2002-05-22,4.3042426109313965,16.100387573242188,16.100387573242188,15.971266746520996,15.981199264526367,3227494
2002-05-23,4.322829246520996,16.16991424560547,16.21957778930664,16.060659408569336,16.110319137573242,2329211
2002-05-24,4.3281402587890625,16.18977928161621,16.259305953979492,16.150049209594727,16.1997127532959,4249096
2002-05-27,4.33610725402832,16.21957778930664,16.249374389648438,16.18977928161621,16.23944091796875,4510679
2002-05-28,4.365314960479736,16.328832626342773,16.338764190673828,16.21957778930664,16.229509353637695,4091577
2002-05-29,4.3865580558776855,16.408292770385742,16.418224334716797,16.28910255432129,16.28910255432129,5669796
2002-05-30,4.3865580558776855,16.408292770385742,16.50761604309082,16.408292770385742,16.487751007080078,6935357
2002-05-31,4.3945231437683105,16.43808937072754,16.497682571411133,16.348697662353516,16.388427734375,11022378
2002-06-03,4.4077982902526855,16.487751007080078,16.587074279785156,16.43808937072754,16.448020935058594,3921054
2002-06-04,4.399832248687744,16.45795440673828,16.497682571411133,16.388427734375,16.467885971069336,3505708
2002-06-05,4.410453796386719,16.497682571411133,16.587074279785156,16.467885971069336,16.487751007080078,4670121
2002-06-06,4.426718235015869,16.21957778930664,16.259305953979492,16.16991424560547,16.209644317626953,11625003
2002-06-07,4.470090389251709,16.378494262695312,16.398359298706055,16.21957778930664,16.229509353637695,4980130
2002-06-10,4.470090389251709,16.378494262695312,16.378494262695312,16.378494262695312,16.378494262695312,0
2002-06-11,4.535150527954102,16.616872787475586,16.706262588500977,16.378494262695312,16.378494262695312,6485906
2002-06-12,4.497198581695557,16.477819442749023,16.706262588500977,16.467885971069336,16.656600952148438,2764343
2002-06-13,4.472804069519043,16.388427734375,16.467885971069336,16.338764190673828,16.43808937072754,3941125
2002-06-14,4.413166522979736,16.16991424560547,16.388427734375,16.16991424560547,16.388427734375,5790583
2002-06-17,4.429429531097412,16.229509353637695,16.279170989990234,16.140117645263672,16.18977928161621,2456845
2002-06-18,4.461957931518555,16.348697662353516,16.378494262695312,16.28910255432129,16.318899154663086,3614273
2002-06-19,4.475513935089111,16.398359298706055,16.477819442749023,16.378494262695312,16.388427734375,5794479
2002-06-20,4.456538677215576,16.328832626342773,16.487751007080078,16.279170989990234,16.378494262695312,5299864
2002-06-21,4.402322292327881,16.130184173583984,16.249374389648438,15.951401710510254,16.249374389648438,6440153
2002-06-24,4.415877819061279,16.179847717285156,16.23944091796875,15.971266746520996,16.010997772216797,2909481
2002-06-25,4.418586730957031,16.18977928161621,16.338764190673828,16.18977928161621,16.21957778930664,4605937
2002-06-26,4.394189834594727,16.100387573242188,16.23944091796875,16.05072593688965,16.18977928161621,6293782
2002-06-27,4.407743453979492,16.150049209594727,16.209644317626953,15.991131782531738,16.140117645263672,3019916
2002-06-28,4.402322292327881,16.130184173583984,16.23944091796875,16.080522537231445,16.1997127532959,9744553
2002-07-01,4.375213623046875,16.030860900878906,16.130184173583984,15.9414701461792,16.130184173583984,2996097
2002-07-02,4.350816249847412,15.9414701461792,16.02092933654785,15.931537628173828,15.991131782531738,4688712
2002-07-03,4.345396041870117,15.921605110168457,15.9414701461792,15.752755165100098,15.921605110168457,5988313
2002-07-04,4.3372626304626465,15.891807556152344,15.971266746520996,15.862010955810547,15.9414701461792,4042729
2002-07-05,4.312867164611816,15.802416801452637,16.010997772216797,15.792484283447266,15.991131782531738,4132748
2002-07-08,4.372504234313965,16.02092933654785,16.030860900878906,15.842145919799805,15.931537628173828,1822891
2002-07-09,4.386058330535889,16.07059097290039,16.110319137573242,15.911672592163086,16.040794372558594,2495407
2002-07-10,4.353528022766113,15.951401710510254,16.100387573242188,15.9414701461792,16.090456008911133,2556695
2002-07-11,4.375213623046875,16.030860900878906,16.060659408569336,15.862010955810547,15.891807556152344,6107927
2002-07-12,4.402322292327881,16.130184173583984,16.159982681274414,16.05072593688965,16.05072593688965,4245004
2002-07-15,4.4321417808532715,16.23944091796875,16.249374389648438,16.130184173583984,16.130184173583984,2926331
2002-07-16,4.399611473083496,16.12025260925293,16.28910255432129,16.100387573242188,16.100387573242188,4687567
2002-07-17,4.394189834594727,16.100387573242188,16.140117645263672,16.00106430053711,16.05072593688965,5355986
2002-07-18,4.442984580993652,16.279170989990234,16.35862922668457,16.07059097290039,16.07059097290039,5780562
2002-07-19,4.377925872802734,16.040794372558594,16.23944091796875,16.00106430053711,16.21957778930664,5788316
2002-07-22,4.361660003662109,15.981199264526367,16.00106430053711,15.812349319458008,15.822280883789062,5665793
2002-07-23,4.334552764892578,15.881875991821289,16.05072593688965,15.83221435546875,15.891807556152344,5322908
2002-07-24,4.1963019371032715,15.375324249267578,15.77262020111084,15.305797576904297,15.752755165100098,6602857
2002-07-25,4.1963019371032715,15.375324249267578,15.693160057067871,15.365391731262207,15.643499374389648,7774241
2002-07-26,4.0526299476623535,14.848908424377441,15.246203422546387,14.789314270019531,15.186609268188477,12866081
2002-07-29,4.066183090209961,14.89857006072998,14.968096733093262,14.799245834350586,14.968096733093262,8049186
2002-07-30,4.139375686645508,15.166744232177734,15.256135940551758,15.077352523803711,15.186609268188477,8897774
2002-07-31,4.133953094482422,15.146880149841309,15.295865058898926,15.107150077819824,15.266068458557129,7013236
2002-08-01,4.133953094482422,15.146880149841309,15.33559513092041,15.127015113830566,15.146880149841309,5454122
2002-08-02,4.079738140106201,14.94823169708252,15.057488441467285,14.799245834350586,14.88863754272461,5998699
2002-08-05,4.030944347381592,14.769449234008789,14.928366661071777,14.769449234008789,14.848908424377441,3375186
2002-08-06,4.014679908752441,14.709855079650879,14.789314270019531,14.521140098571777,14.560869216918945,4403521
2002-08-07,4.093292713165283,14.997894287109375,15.037623405456543,14.83897590637207,14.89857006072998,3340820
2002-08-08,4.180036544799805,15.315730094909668,15.365391731262207,15.047555923461914,15.047555923461914,2774669
2002-08-09,4.161062717437744,15.246203422546387,15.494512557983398,15.176676750183105,15.44485092163086,1854931
2002-08-12,4.1773271560668945,15.305797576904297,15.315730094909668,15.117081642150879,15.246203422546387,1366787
2002-08-13,4.21798849105835,15.45478343963623,15.484580039978027,15.196540832519531,15.196540832519531,1910519
2002-08-14,4.234253406524658,15.51437759399414,15.613700866699219,15.375324249267578,15.39518928527832,2985530
2002-08-15,4.242387294769287,15.544175148010254,15.722957611083984,15.494512557983398,15.703092575073242,4205540
2002-08-16,4.242387294769287,15.544175148010254,15.633565902709961,15.44485092163086,15.593836784362793,3052821
2002-08-19,4.234253406524658,15.51437759399414,15.713025093078613,15.50444507598877,15.554106712341309,2587009
2002-08-20,4.220700740814209,15.464715957641602,15.633565902709961,15.415054321289062,15.633565902709961,2761798
2002-08-21,4.231542587280273,15.50444507598877,15.564040184020996,15.39518928527832,15.405120849609375,2305583
2002-08-22,4.288469314575195,15.713025093078613,15.74282169342041,15.593836784362793,15.643499374389648,2366998
2002-08-23,4.236965179443359,15.524310111999512,15.673295974731445,15.415054321289062,15.593836784362793,2529159
2002-08-26,4.236965179443359,15.524310111999512,15.74282169342041,15.38525676727295,15.39518928527832,3281561
2002-08-27,4.15293025970459,15.216405868530273,15.524310111999512,15.186609268188477,15.494512557983398,5500729
2002-08-28,4.0878705978393555,14.978029251098633,15.196540832519531,14.928366661071777,15.127015113830566,5157325
2002-08-29,4.1203999519348145,15.097217559814453,15.166744232177734,14.878705024719238,14.88863754272461,4153736
2002-08-30,4.0987138748168945,15.017759323120117,15.156811714172363,14.94823169708252,15.127015113830566,3969447
2002-09-02,4.147508144378662,15.196540832519531,15.305797576904297,14.978029251098633,15.047555923461914,3326622
2002-09-03,4.139375686645508,15.166744232177734,15.236270904541016,15.146880149841309,15.146880149841309,2918477
2002-09-04,4.0987138748168945,15.017759323120117,15.156811714172363,14.968096733093262,15.107150077819824,4264309
2002-09-05,4.104135036468506,15.037623405456543,15.097217559814453,14.928366661071777,15.087285041809082,2613667
2002-09-06,4.0987138748168945,15.017759323120117,15.097217559814453,14.918435096740723,14.978029251098633,2839303
2002-09-09,4.182747840881348,15.325661659240723,15.375324249267578,15.017759323120117,15.047555923461914,2311145
2002-09-10,4.188170909881592,15.345526695251465,15.45478343963623,15.295865058898926,15.345526695251465,2725198
2002-09-11,4.212567329406738,15.434919357299805,15.44485092163086,15.345526695251465,15.39518928527832,4697035
2002-09-12,4.242387294769287,15.544175148010254,15.57397174835205,15.39518928527832,15.39518928527832,3526038
2002-09-13,4.266781806945801,15.633565902709961,15.663363456726074,15.494512557983398,15.494512557983398,3360070
2002-09-16,4.255940914154053,15.593836784362793,15.673295974731445,15.554106712341309,15.633565902709961,2796061
2002-09-17,4.255940914154053,15.593836784362793,15.673295974731445,15.534241676330566,15.603769302368164,4006074
2002-09-18,4.188170909881592,15.345526695251465,15.564040184020996,15.266068458557129,15.544175148010254,3662796
2002-09-19,4.15293025970459,15.216405868530273,15.365391731262207,15.127015113830566,15.365391731262207,3118629
2002-09-20,4.169193267822266,15.276000022888184,15.276000022888184,15.127015113830566,15.166744232177734,2623330
2002-09-23,4.150219440460205,15.206474304199219,15.295865058898926,15.206474304199219,15.295865058898926,2112004
2002-09-24,4.144797325134277,15.186609268188477,15.196540832519531,15.087285041809082,15.097217559814453,2502152
2002-09-25,4.09600305557251,15.00782585144043,15.295865058898926,15.00782585144043,15.047555923461914,2574582
2002-09-26,3.9441988468170166,14.451613426208496,15.146880149841309,14.362220764160156,15.097217559814453,8411308
2002-09-27,3.8682963848114014,14.173505783081055,14.282761573791504,13.915264129638672,14.27283000946045,12458025
2002-09-30,3.754443645477295,13.756345748901367,14.094046592712402,13.756345748901367,13.825873374938965,10494338
2002-10-01,3.8195018768310547,13.994723320007324,14.113911628723145,13.806008338928223,13.806008338928223,7422259
2002-10-02,3.8222131729125977,14.004655838012695,14.213235855102539,13.9053316116333,14.203303337097168,4242561
2002-10-03,3.857452869415283,14.133776664733887,14.143709182739258,13.935129165649414,14.004655838012695,3574732
2002-10-04,3.7923941612243652,13.895400047302246,14.07418155670166,13.855669975280762,14.05431842803955,4287000
2002-10-07,3.6595656871795654,13.408713340759277,13.77621078491211,13.408713340759277,13.756345748901367,3697671
2002-10-08,3.64872407913208,13.368983268737793,13.478240013122559,13.190200805664062,13.438509941101074,5502897
2002-10-09,3.6189045906066895,13.259726524353027,13.557699203491211,13.210064888000488,13.438509941101074,6902453
2002-10-10,3.5511345863342285,13.011418342590332,13.28952407836914,12.941890716552734,13.11074161529541,6862700
2002-10-11,3.543002128601074,12.981620788574219,13.190200805664062,12.912094116210938,13.180268287658691,9072923
2002-10-14,3.589085340499878,13.150470733642578,13.22992992401123,13.041214942932129,13.140539169311523,6451309
2002-10-15,3.7056496143341064,13.577563285827637,13.577563285827637,13.071011543273926,13.259726524353027,7496294
2002-10-16,3.6704094409942627,13.448443412780762,13.706684112548828,13.359050750732422,13.657022476196289,6275380
2002-10-17,3.640589952468872,13.33918571472168,13.388848304748535,13.210064888000488,13.359050750732422,6342448
2002-10-18,3.654144525527954,13.388848304748535,13.527901649475098,13.349119186401367,13.498104095458984,5427433
2002-10-21,3.640589952468872,13.33918571472168,13.398780822753906,13.259726524353027,13.349119186401367,3797985
2002-10-22,3.686673879623413,13.508036613464355,13.547765731811523,13.33918571472168,13.33918571472168,4144737
2002-10-23,3.700227975845337,13.557699203491211,13.567630767822266,13.398780822753906,13.398780822753906,6225369
2002-10-24,3.730046272277832,13.66695499420166,13.806008338928223,13.567630767822266,13.597428321838379,4119551
2002-10-25,3.6812524795532227,13.488171577453613,13.60736083984375,13.349119186401367,13.597428321838379,12467914
2002-10-28,3.7517330646514893,13.746414184570312,13.746414184570312,13.508036613464355,13.508036613464355,3859014
2002-10-29,3.700227975845337,13.557699203491211,13.696751594543457,13.498104095458984,13.696751594543457,7083428
2002-10-30,3.7056496143341064,13.577563285827637,13.676886558532715,13.408713340759277,13.547765731811523,6573820
2002-10-31,3.849321126937866,14.10398006439209,14.10398006439209,13.657022476196289,13.756345748901367,13063978
2002-11-01,3.8655855655670166,14.16357421875,14.233100891113281,13.885466575622559,14.10398006439209,9947079
2002-11-04,3.9469096660614014,14.46154499053955,14.57080078125,14.22316837310791,14.22316837310791,5190933
2002-11-05,3.887272596359253,14.243033409118652,14.521140098571777,14.233100891113281,14.521140098571777,3529024
2002-11-06,3.927933692932129,14.392019271850586,14.481410026550293,14.302626609802246,14.46154499053955,3454560
2002-11-07,3.849321126937866,14.10398006439209,14.372154235839844,13.994723320007324,14.292695045471191,4428217
2002-11-08,3.8167905807495117,13.984790802001953,14.252964973449707,13.954994201660156,14.004655838012695,5131967
2002-11-11,3.776129722595215,13.83580493927002,13.994723320007324,13.806008338928223,13.9053316116333,5554346
2002-11-12,3.8195018768310547,13.994723320007324,13.994723320007324,13.676886558532715,13.796075820922852,4350583
2002-11-13,3.773419141769409,13.825873374938965,14.143709182739258,13.806008338928223,14.10398006439209,5716162
2002-11-14,3.795105457305908,13.9053316116333,13.994723320007324,13.736481666564941,13.875535011291504,6718651
2002-11-15,3.887272596359253,14.243033409118652,14.243033409118652,14.014588356018066,14.044384956359863,4066612
2002-11-18,3.9143800735473633,14.34235668182373,14.40195083618164,14.27283000946045,14.362220764160156,3733502
2002-11-19,3.87371826171875,14.193370819091797,14.322491645812988,14.143709182739258,14.27283000946045,5106659
2002-11-20,3.8682963848114014,14.173505783081055,14.203303337097168,14.07418155670166,14.133776664733887,4439206
2002-11-21,3.9016664028167725,13.935129165649414,13.945061683654785,13.806008338928223,13.895400047302246,13690995
2002-11-22,3.8822007179260254,13.865601539611816,14.024520874023438,13.806008338928223,13.984790802001953,7725760
2002-11-25,3.8599534034729004,13.78614330291748,13.83580493927002,13.647089958190918,13.806008338928223,5725390
2002-11-26,3.8794195652008057,13.855669975280762,13.885466575622559,13.756345748901367,13.756345748901367,7071956
2002-11-27,3.887763500213623,13.885466575622559,13.915264129638672,13.806008338928223,13.806008338928223,6122270
2002-11-28,3.9517247676849365,14.113911628723145,14.123844146728516,13.974859237670898,13.974859237670898,4322136
2002-11-29,3.9572863578796387,14.133776664733887,14.143709182739258,13.9053316116333,14.10398006439209,6920799
2002-12-02,3.9739725589752197,14.193370819091797,14.193370819091797,14.024520874023438,14.024520874023438,3724438
2002-12-03,3.912792921066284,13.974859237670898,14.10398006439209,13.915264129638672,14.05431842803955,4345436
2002-12-04,3.8321444988250732,13.686820030212402,13.925196647644043,13.60736083984375,13.925196647644043,3331921
2002-12-05,3.8794195652008057,13.855669975280762,13.954994201660156,13.806008338928223,13.815940856933594,2570556
2002-12-06,3.904449939727783,13.945061683654785,13.945061683654785,13.825873374938965,13.825873374938965,3258907
2002-12-09,3.8794195652008057,13.855669975280762,14.05431842803955,13.845738410949707,13.964925765991211,2479902
2002-12-10,3.793210029602051,13.547765731811523,13.845738410949707,13.547765731811523,13.806008338928223,4401068
2002-12-11,3.7820870876312256,13.508036613464355,13.806008338928223,13.349119186401367,13.736481666564941,6265652
2002-12-12,3.9183530807495117,13.994723320007324,14.064249992370605,13.577563285827637,13.577563285827637,6348113
2002-12-13,3.9211347103118896,14.004655838012695,14.16357421875,13.806008338928223,13.935129165649414,4539016
2002-12-16,3.8238019943237305,13.657022476196289,13.875535011291504,13.597428321838379,13.756345748901367,2970376
2002-12-17,3.898887872695923,13.925196647644043,13.994723320007324,13.78614330291748,13.855669975280762,4087195
2002-12-18,3.87385892868042,13.83580493927002,13.974859237670898,13.706684112548828,13.9053316116333,4678782
2002-12-19,3.8321444988250732,13.686820030212402,13.825873374938965,13.587495803833008,13.637158393859863,9398192
2002-12-20,3.8905434608459473,13.895400047302246,13.935129165649414,13.686820030212402,13.686820030212402,5826995
2002-12-23,3.912792921066284,13.974859237670898,13.984790802001953,13.865601539611816,13.9053316116333,1509143
2002-12-24,3.915571451187134,13.984790802001953,14.034453392028809,13.935129165649414,13.954994201660156,1106165
2002-12-25,3.915571451187134,13.984790802001953,13.984790802001953,13.984790802001953,13.984790802001953,0
2002-12-26,3.915571451187134,13.984790802001953,13.984790802001953,13.984790802001953,13.984790802001953,0
2002-12-27,3.8933260440826416,13.9053316116333,13.954994201660156,13.865601539611816,13.9053316116333,382963
2002-12-30,3.826582670211792,13.66695499420166,13.9053316116333,13.66695499420166,13.9053316116333,1392436
2002-12-31,3.8238019943237305,13.657022476196289,13.806008338928223,13.657022476196289,13.766279220581055,1486741
2003-01-01,3.8238019943237305,13.657022476196289,13.657022476196289,13.657022476196289,13.657022476196289,0
2003-01-02,3.871077299118042,13.825873374938965,13.83580493927002,13.627224922180176,13.736481666564941,1186089
2003-01-03,3.87385892868042,13.83580493927002,13.935129165649414,13.83580493927002,13.885466575622559,2184851
2003-01-06,3.8933260440826416,13.9053316116333,13.954994201660156,13.855669975280762,13.885466575622559,3245862
2003-01-07,3.904449939727783,13.945061683654785,14.05431842803955,13.875535011291504,13.945061683654785,3663831
2003-01-08,3.9322586059570312,14.044384956359863,14.084115028381348,13.945061683654785,13.994723320007324,7094275
2003-01-09,3.9211347103118896,14.004655838012695,14.07418155670166,13.974859237670898,13.994723320007324,2518526
2003-01-10,3.9211347103118896,14.004655838012695,14.05431842803955,13.915264129638672,14.05431842803955,2543121
2003-01-13,3.9489450454711914,14.10398006439209,14.133776664733887,14.004655838012695,14.004655838012695,2845886
2003-01-14,3.940600872039795,14.07418155670166,14.133776664733887,14.05431842803955,14.084115028381348,2304681
2003-01-15,3.9489450454711914,14.10398006439209,14.143709182739258,14.044384956359863,14.143709182739258,3370338
2003-01-16,3.923914670944214,14.014588356018066,14.07418155670166,13.984790802001953,14.024520874023438,2979728
2003-01-17,3.9545063972473145,14.123844146728516,14.133776664733887,13.964925765991211,14.07418155670166,2573538
2003-01-20,3.9823153018951416,14.22316837310791,14.243033409118652,14.05431842803955,14.05431842803955,2338633
2003-01-21,3.9906585216522217,14.252964973449707,14.302626609802246,14.203303337097168,14.252964973449707,2084589
2003-01-22,3.9628496170043945,14.153641700744629,14.203303337097168,14.05431842803955,14.203303337097168,3210636
2003-01-23,3.9739725589752197,14.193370819091797,14.233100891113281,14.094046592712402,14.153641700744629,2276629
2003-01-24,3.9906585216522217,14.252964973449707,14.27283000946045,14.183439254760742,14.22316837310791,2269448
2003-01-27,3.9906585216522217,14.252964973449707,14.252964973449707,14.252964973449707,14.252964973449707,0
2003-01-28,3.915571451187134,13.984790802001953,14.094046592712402,13.964925765991211,14.004655838012695,5038317
2003-01-29,3.854393243789673,13.766279220581055,14.084115028381348,13.686820030212402,14.064249992370605,5121916
2003-01-30,3.8961052894592285,13.915264129638672,13.935129165649414,13.72654914855957,13.806008338928223,4785582
2003-01-31,3.9350380897521973,14.05431842803955,14.064249992370605,13.806008338928223,13.855669975280762,7636803
2003-02-03,3.915571451187134,13.984790802001953,14.133776664733887,13.925196647644043,14.123844146728516,1964784
2003-02-04,3.8822007179260254,13.865601539611816,14.133776664733887,13.865601539611816,14.034453392028809,1851969
2003-02-05,3.793210029602051,13.547765731811523,13.806008338928223,13.498104095458984,13.78614330291748,3731038
2003-02-06,3.681973457336426,13.150470733642578,13.547765731811523,13.150470733642578,13.508036613464355,5719608
2003-02-07,3.7904303073883057,13.537834167480469,13.537834167480469,13.061079978942871,13.11074161529541,5407584
2003-02-10,3.7709619998931885,13.468306541442871,13.577563285827637,13.388848304748535,13.508036613464355,3560430
2003-02-11,3.757058620452881,13.418644905090332,13.60736083984375,13.319321632385254,13.587495803833008,3301973
2003-02-12,3.7459347248077393,13.378915786743164,13.557699203491211,13.259726524353027,13.408713340759277,3817991
2003-02-13,3.7014412879943848,13.219998359680176,13.478240013122559,13.219998359680176,13.299456596374512,4100587
2003-02-14,3.6569440364837646,13.061079978942871,13.28952407836914,12.99155330657959,13.28952407836914,5799843
2003-02-17,3.6930959224700928,13.190200805664062,13.27959156036377,13.140539169311523,13.16040325164795,3115583
2003-02-18,3.6207926273345947,12.93195915222168,13.329254150390625,12.862431526184082,13.16040325164795,4954594
2003-02-19,3.6207926273345947,12.93195915222168,13.11074161529541,12.743243217468262,13.031283378601074,6402766
2003-02-20,3.587420701980591,12.812769889831543,13.100809097290039,12.812769889831543,13.011418342590332,4945864
2003-02-21,3.7042202949523926,13.22992992401123,13.28952407836914,12.782973289489746,12.832634925842285,7154135
2003-02-24,3.8571724891662598,13.77621078491211,13.964925765991211,13.458374977111816,13.458374977111816,9829683
2003-02-25,3.8043344020843506,13.587495803833008,13.72654914855957,13.587495803833008,13.60736083984375,6227684
2003-02-26,3.86551570892334,13.806008338928223,13.855669975280762,13.547765731811523,13.676886558532715,7528943
2003-02-27,3.834925413131714,13.696751594543457,13.885466575622559,13.676886558532715,13.77621078491211,5382125
2003-02-28,3.9072301387786865,13.954994201660156,14.044384956359863,13.77621078491211,13.9053316116333,8073369
2003-03-03,3.9211347103118896,14.004655838012695,14.004655838012695,13.845738410949707,13.925196647644043,2664911
2003-03-04,3.898887872695923,13.925196647644043,14.034453392028809,13.756345748901367,13.9053316116333,2763005
2003-03-05,3.8905434608459473,13.895400047302246,14.024520874023438,13.706684112548828,13.806008338928223,4196317
2003-03-06,3.9183530807495117,13.994723320007324,14.312560081481934,13.984790802001953,13.984790802001953,8945997
2003-03-07,3.8933260440826416,13.9053316116333,13.994723320007324,13.825873374938965,13.954994201660156,5325192
2003-03-10,3.871077299118042,13.825873374938965,13.954994201660156,13.746414184570312,13.885466575622559,3928168
2003-03-11,3.9016664028167725,13.935129165649414,13.994723320007324,13.72654914855957,13.72654914855957,8638779
2003-03-12,3.915571451187134,13.984790802001953,14.064249992370605,13.855669975280762,14.024520874023438,9578707
2003-03-13,3.86551570892334,13.806008338928223,13.984790802001953,13.746414184570312,13.925196647644043,5079366
2003-03-14,3.926697254180908,14.024520874023438,14.133776664733887,13.984790802001953,14.05431842803955,5342671
2003-03-17,3.940600872039795,14.07418155670166,14.07418155670166,13.845738410949707,14.004655838012695,4171198
2003-03-18,4.09077262878418,14.610530853271484,14.610530853271484,14.203303337097168,14.252964973449707,4677045
2003-03-19,4.074086666107178,14.550936698913574,14.83897590637207,14.501275062561035,14.610530853271484,4682360
2003-03-20,4.035153388977051,14.411883354187012,14.60059928894043,14.34235668182373,14.580734252929688,4974271
2003-03-21,4.037935733795166,14.421815872192383,14.481410026550293,14.322491645812988,14.40195083618164,4284702
2003-03-24,4.074086666107178,14.550936698913574,14.590665817260742,14.431748390197754,14.491341590881348,4526597
2003-03-25,4.08521032333374,14.590665817260742,14.680057525634766,14.441680908203125,14.550936698913574,4398850
2003-03-26,4.199230194091797,14.997894287109375,15.06742000579834,14.699921607971191,14.699921607971191,9071640
2003-03-27,4.246504783630371,15.166744232177734,15.216405868530273,14.908501625061035,14.987960815429688,6650622
2003-03-28,4.213133335113525,15.047555923461914,15.176676750183105,15.017759323120117,15.06742000579834,11844677
2003-03-31,4.193666934967041,14.978029251098633,14.978029251098633,14.719786643981934,14.978029251098633,15225759
2003-04-01,4.316028594970703,15.415054321289062,15.424985885620117,14.94823169708252,14.94823169708252,11901291
2003-04-02,4.229820728302002,15.107150077819824,15.842145919799805,15.107150077819824,15.842145919799805,9819127
2003-04-03,4.235382556915283,15.127015113830566,15.44485092163086,15.047555923461914,15.405120849609375,5214749
2003-04-04,4.268752574920654,15.246203422546387,15.246203422546387,14.95816421508789,15.156811714172363,4735290
2003-04-07,4.374429225921631,15.623634338378906,15.623634338378906,15.365391731262207,15.464715957641602,2375369
2003-04-08,4.3382768630981445,15.494512557983398,15.583904266357422,15.365391731262207,15.474648475646973,4213729
2003-04-09,4.240942478179932,15.146880149841309,15.494512557983398,15.146880149841309,15.494512557983398,3937348
2003-04-10,4.352182388305664,15.544175148010254,15.544175148010254,14.978029251098633,15.037623405456543,6551294
2003-04-11,4.302123546600342,15.365391731262207,15.673295974731445,15.246203422546387,15.375324249267578,4258375
2003-04-14,4.227038860321045,15.097217559814453,15.375324249267578,15.00782585144043,15.375324249267578,4321211
2003-04-15,4.343838691711426,15.51437759399414,15.51437759399414,15.196540832519531,15.196540832519531,3378839
2003-04-16,4.3327155113220215,15.474648475646973,15.693160057067871,15.424985885620117,15.633565902709961,2483997
2003-04-17,4.346621513366699,15.524310111999512,15.613700866699219,15.345526695251465,15.345526695251465,3964056
2003-04-18,4.346621513366699,15.524310111999512,15.524310111999512,15.524310111999512,15.524310111999512,0
2003-04-21,4.346621513366699,15.524310111999512,15.524310111999512,15.524310111999512,15.524310111999512,0
2003-04-22,4.427267074584961,15.812349319458008,15.822280883789062,15.554106712341309,15.643499374389648,2896062
2003-04-23,4.4856672286987305,16.02092933654785,16.02092933654785,15.871943473815918,15.891807556152344,3962908
2003-04-24,4.47732400894165,15.991131782531738,16.12025260925293,15.951401710510254,15.981199264526367,17478923
2003-04-25,4.47732400894165,15.991131782531738,15.991131782531738,15.991131782531738,15.991131782531738,0
2003-04-28,4.4495134353637695,15.891807556152344,15.901740074157715,15.703092575073242,15.792484283447266,3558516
2003-04-29,4.513476371765137,16.12025260925293,16.12025260925293,15.911672592163086,16.040794372558594,3735786
2003-04-30,4.424487113952637,15.802416801452637,15.991131782531738,15.802416801452637,15.991131782531738,4384918
2003-05-01,4.455078125,15.911672592163086,16.02092933654785,15.663363456726074,15.792484283447266,2162793
2003-05-02,4.382771968841553,15.653430938720703,15.782551765441895,15.57397174835205,15.713025093078613,4116858
2003-05-05,4.3994574546813965,15.713025093078613,15.891807556152344,15.713025093078613,15.77262020111084,3205653
2003-05-06,4.4495134353637695,15.891807556152344,15.891807556152344,15.703092575073242,15.713025093078613,3253718
2003-05-07,4.4495134353637695,15.891807556152344,16.060659408569336,15.862010955810547,16.010997772216797,4020113
2003-05-08,4.288218975067139,15.315730094909668,15.583904266357422,15.276000022888184,15.494512557983398,9389278
2003-05-09,4.307685852050781,15.38525676727295,15.484580039978027,15.146880149841309,15.166744232177734,8004974
2003-05-12,4.324371337890625,15.44485092163086,15.603769302368164,15.44485092163086,15.494512557983398,4161489
2003-05-13,4.360524654388428,15.57397174835205,15.643499374389648,15.51437759399414,15.51437759399414,3383712
2003-05-14,4.366087913513184,15.593836784362793,15.663363456726074,15.50444507598877,15.593836784362793,2230572
2003-05-15,4.3382768630981445,15.494512557983398,15.564040184020996,15.375324249267578,15.544175148010254,2361941
2003-05-16,4.3327155113220215,15.474648475646973,15.593836784362793,15.415054321289062,15.564040184020996,1746143
2003-05-19,4.366087913513184,15.593836784362793,15.593836784362793,15.415054321289062,15.44485092163086,1793649
2003-05-20,4.346621513366699,15.524310111999512,15.564040184020996,15.405120849609375,15.44485092163086,2139363
2003-05-21,4.352182388305664,15.544175148010254,15.603769302368164,15.45478343963623,15.564040184020996,3105221
2003-05-22,4.405019760131836,15.732890129089355,15.74282169342041,15.524310111999512,15.603769302368164,4675380
2003-05-23,4.468982219696045,15.961335182189941,16.00106430053711,15.782551765441895,15.782551765441895,5338890
2003-05-26,4.482885360717773,16.010997772216797,16.060659408569336,15.852079391479492,15.852079391479492,3035702
2003-05-27,4.491230487823486,16.040794372558594,16.110319137573242,15.991131782531738,15.991131782531738,2165266
2003-05-28,4.560752868652344,16.28910255432129,16.28910255432129,16.16991424560547,16.18977928161621,2699944
2003-05-29,4.546847820281982,16.23944091796875,16.368562698364258,16.229509353637695,16.30896759033203,4300871
2003-05-30,4.532942295074463,16.18977928161621,16.408292770385742,16.140117645263672,16.229509353637695,8145761
2003-06-02,4.6636457443237305,16.656600952148438,16.736059188842773,16.348697662353516,16.35862922668457,3976881
2003-06-03,4.60524845123291,16.448020935058594,16.706262588500977,16.448020935058594,16.686397552490234,4971067
2003-06-04,4.6636457443237305,16.656600952148438,16.656600952148438,16.448020935058594,16.448020935058594,7850396
2003-06-05,4.609584331512451,16.090456008911133,16.408292770385742,15.991131782531738,16.378494262695312,21691042
2003-06-06,4.61812162399292,16.12025260925293,16.179847717285156,15.931537628173828,16.080522537231445,4810770
2003-06-09,4.61812162399292,16.12025260925293,16.12025260925293,16.12025260925293,16.12025260925293,0
2003-06-10,4.638039588928223,16.18977928161621,16.18977928161621,15.991131782531738,16.040794372558594,3894932
2003-06-11,4.6408820152282715,16.1997127532959,16.259305953979492,16.130184173583984,16.18977928161621,3920764
2003-06-12,4.629502773284912,16.159982681274414,16.299036026000977,16.130184173583984,16.259305953979492,4971653
2003-06-13,4.615273952484131,16.110319137573242,16.229509353637695,15.991131782531738,16.159982681274414,4066601
2003-06-16,4.635193824768066,16.179847717285156,16.18977928161621,15.931537628173828,16.030860900878906,2873289
2003-06-17,4.714865207672119,16.45795440673828,16.517547607421875,16.30896759033203,16.388427734375,5518502
2003-06-18,4.68925666809082,16.368562698364258,16.448020935058594,16.328832626342773,16.338764190673828,2303466
2003-06-19,4.749009609222412,16.5771427154541,16.5771427154541,16.448020935058594,16.45795440673828,13636093
2003-06-20,4.754701137542725,16.597007751464844,16.62680435180664,16.467885971069336,16.537412643432617,3524817
2003-06-23,4.754701137542725,16.597007751464844,16.656600952148438,16.45795440673828,16.5771427154541,3236844
2003-06-24,4.729091644287109,16.50761604309082,16.55727767944336,16.428157806396484,16.45795440673828,2902903
2003-06-25,4.694947242736816,16.388427734375,16.517547607421875,16.338764190673828,16.50761604309082,3594202
2003-06-26,4.638039588928223,16.18977928161621,16.378494262695312,16.140117645263672,16.30896759033203,3733963
2003-06-27,4.666492938995361,16.28910255432129,16.28910255432129,16.060659408569336,16.1997127532959,4373784
2003-06-30,4.623810291290283,16.140117645263672,16.467885971069336,16.140117645263672,16.23944091796875,2883580
2003-07-01,4.697791576385498,16.398359298706055,16.408292770385742,16.07059097290039,16.18977928161621,4120362
2003-07-02,4.714865207672119,16.45795440673828,16.50761604309082,16.229509353637695,16.229509353637695,3992778
2003-07-03,4.712020397186279,16.448020935058594,16.5771427154541,16.368562698364258,16.50761604309082,3850287
2003-07-04,4.666492938995361,16.28910255432129,16.388427734375,16.249374389648438,16.35862922668457,4210198
2003-07-07,4.629502773284912,16.159982681274414,16.30896759033203,16.110319137573242,16.28910255432129,3234169
2003-07-08,4.490076541900635,15.673295974731445,16.23944091796875,15.613700866699219,16.23944091796875,10686789
2003-07-09,4.418941020965576,15.424985885620117,15.544175148010254,15.305797576904297,15.544175148010254,6676303
2003-07-10,4.407560348510742,15.38525676727295,15.673295974731445,15.285932540893555,15.415054321289062,6255877
2003-07-11,4.509994029998779,15.74282169342041,15.812349319458008,15.39518928527832,15.424985885620117,6811521
2003-07-14,4.572594165802002,15.961335182189941,15.971266746520996,15.812349319458008,15.822280883789062,3466377
2003-07-15,4.575438976287842,15.971266746520996,16.07059097290039,15.881875991821289,16.030860900878906,4780209
2003-07-16,4.569747447967529,15.951401710510254,16.010997772216797,15.782551765441895,15.921605110168457,4866519
2003-07-17,4.601047039031982,16.060659408569336,16.060659408569336,15.862010955810547,15.871943473815918,4477251
2003-07-18,4.581129550933838,15.991131782531738,16.040794372558594,15.961335182189941,16.010997772216797,2009145
2003-07-21,4.638039588928223,16.18977928161621,16.1997127532959,16.05072593688965,16.05072593688965,2398166
2003-07-22,4.581129550933838,15.991131782531738,16.12025260925293,15.911672592163086,16.060659408569336,3945695
2003-07-23,4.626656532287598,16.150049209594727,16.209644317626953,16.040794372558594,16.060659408569336,3774848
2003-07-24,4.672183513641357,16.30896759033203,16.388427734375,16.229509353637695,16.23944091796875,5979048
2003-07-25,4.683565139770508,16.348697662353516,16.378494262695312,16.179847717285156,16.23944091796875,6185374
2003-07-28,4.712020397186279,16.448020935058594,16.50761604309082,16.408292770385742,16.408292770385742,1975621
2003-07-29,4.657956123352051,16.259305953979492,16.398359298706055,16.16991424560547,16.398359298706055,6727351
2003-07-30,4.646574974060059,16.21957778930664,16.259305953979492,16.12025260925293,16.209644317626953,1946678
2003-07-31,4.7262468338012695,16.497682571411133,16.497682571411133,16.28910255432129,16.28910255432129,3891363
2003-08-01,4.777464389801025,16.67646598815918,16.67646598815918,16.487751007080078,16.547344207763672,3774229
2003-08-04,4.757546424865723,16.6069393157959,16.656600952148438,16.52747917175293,16.646669387817383,1127196
2003-08-05,4.7945356369018555,16.736059188842773,16.755924224853516,16.50761604309082,16.50761604309082,2780806
2003-08-06,4.822991371154785,16.835384368896484,16.845317840576172,16.5771427154541,16.6069393157959,5882701
2003-08-07,4.837218284606934,16.885046005249023,16.924776077270508,16.765857696533203,16.775789260864258,4610995
2003-08-08,4.845753192901611,16.91484260559082,17.024099349975586,16.904911041259766,16.934707641601562,3175297
2003-08-11,4.7945356369018555,16.736059188842773,16.924776077270508,16.72612762451172,16.885046005249023,3302487
2003-08-12,4.763237953186035,16.62680435180664,16.795654296875,16.6069393157959,16.775789260864258,2421119
2003-08-13,4.788846015930176,16.716196060180664,16.785722732543945,16.62680435180664,16.736059188842773,1390002
2003-08-14,4.720554828643799,16.477819442749023,16.716196060180664,16.43808937072754,16.686397552490234,2959352
2003-08-15,4.680717468261719,16.338764190673828,16.477819442749023,16.318899154663086,16.477819442749023,4085037
2003-08-18,4.709174156188965,16.43808937072754,16.567209243774414,16.229509353637695,16.338764190673828,3644860
2003-08-19,4.626656532287598,16.150049209594727,16.43808937072754,16.140117645263672,16.43808937072754,5608230
2003-08-20,4.538447856903076,15.842145919799805,16.090456008911133,15.812349319458008,16.07059097290039,10894342
2003-08-21,4.581129550933838,15.991131782531738,16.090456008911133,15.881875991821289,15.881875991821289,6932361
2003-08-22,4.5782856941223145,15.981199264526367,16.040794372558594,15.862010955810547,15.991131782531738,2648186
2003-08-25,4.509994029998779,15.74282169342041,15.921605110168457,15.713025093078613,15.921605110168457,4677652
2003-08-26,4.538447856903076,15.842145919799805,15.931537628173828,15.732890129089355,15.77262020111084,3813386
2003-08-27,4.615273952484131,16.110319137573242,16.179847717285156,15.911672592163086,15.911672592163086,4146968
2003-08-28,4.549829483032227,15.881875991821289,16.1997127532959,15.881875991821289,16.1997127532959,4673706
2003-08-29,4.453087329864502,15.544175148010254,15.901740074157715,15.494512557983398,15.901740074157715,11166512
2003-09-01,4.427477836608887,15.45478343963623,15.643499374389648,15.246203422546387,15.544175148010254,6256260
2003-09-02,4.498611927032471,15.703092575073242,15.703092575073242,15.494512557983398,15.50444507598877,3363226
2003-09-03,4.498611927032471,15.703092575073242,15.911672592163086,15.6832275390625,15.703092575073242,3926343
2003-09-04,4.53275728225708,15.822280883789062,15.951401710510254,15.77262020111084,15.77262020111084,3100971
2003-09-05,4.572594165802002,15.961335182189941,16.00106430053711,15.802416801452637,15.871943473815918,2898537
2003-09-08,4.638039588928223,16.18977928161621,16.209644317626953,15.991131782531738,15.991131782531738,5002528
2003-09-09,4.606739044189453,16.080522537231445,16.35862922668457,16.060659408569336,16.35862922668457,2207542
2003-09-10,4.603893280029297,16.07059097290039,16.159982681274414,16.030860900878906,16.030860900878906,2714998
2003-09-11,4.595355987548828,16.040794372558594,16.209644317626953,15.991131782531738,16.030860900878906,3946352
2003-09-12,4.643729209899902,16.209644317626953,16.26923942565918,16.110319137573242,16.26923942565918,3489312
2003-09-15,4.629502773284912,16.159982681274414,16.299036026000977,16.140117645263672,16.249374389648438,2627061
2003-09-16,4.581129550933838,15.991131782531738,16.140117645263672,15.901740074157715,16.140117645263672,4108551
2003-09-17,4.598203182220459,16.05072593688965,16.159982681274414,15.961335182189941,16.12025260925293,2503629
2003-09-18,4.615273952484131,16.110319137573242,16.1997127532959,16.060659408569336,16.150049209594727,5626530
2003-09-19,4.609584331512451,16.090456008911133,16.23944091796875,16.090456008911133,16.229509353637695,3600242
2003-09-22,4.609584331512451,16.090456008911133,16.23944091796875,15.951401710510254,16.130184173583984,1609824
2003-09-23,4.652266979217529,16.23944091796875,16.299036026000977,16.159982681274414,16.18977928161621,4326748
2003-09-24,4.703483581542969,16.418224334716797,16.418224334716797,16.1997127532959,16.1997127532959,4087463
2003-09-25,4.626656532287598,16.150049209594727,16.388427734375,16.110319137573242,16.388427734375,4139088
2003-09-26,4.660801887512207,16.26923942565918,16.388427734375,16.229509353637695,16.28910255432129,5711652
2003-09-29,4.598203182220459,16.05072593688965,16.26923942565918,16.02092933654785,16.150049209594727,2495515
2003-09-30,4.609584331512451,16.090456008911133,16.150049209594727,16.02092933654785,16.090456008911133,2634396
2003-10-01,4.649420261383057,16.229509353637695,16.279170989990234,16.030860900878906,16.140117645263672,3651297
2003-10-02,4.7234015464782715,16.487751007080078,16.5771427154541,16.229509353637695,16.259305953979492,4935824
2003-10-03,4.683565139770508,16.348697662353516,16.477819442749023,16.28910255432129,16.398359298706055,2188848
2003-10-06,4.666492938995361,16.28910255432129,16.398359298706055,16.259305953979492,16.378494262695312,1011289
2003-10-07,4.694947242736816,16.388427734375,16.50761604309082,16.328832626342773,16.388427734375,2054649
2003-10-08,4.737627983093262,16.537412643432617,16.567209243774414,16.428157806396484,16.43808937072754,3333724
2003-10-09,4.7461652755737305,16.567209243774414,16.72612762451172,16.50761604309082,16.50761604309082,3446587
2003-10-10,4.694947242736816,16.388427734375,16.587074279785156,16.378494262695312,16.55727767944336,3911704
2003-10-13,4.703483581542969,16.418224334716797,16.43808937072754,16.348697662353516,16.368562698364258,2127150
2003-10-14,4.694947242736816,16.388427734375,16.418224334716797,16.318899154663086,16.418224334716797,3710151
2003-10-15,4.731937885284424,16.517547607421875,16.5771427154541,16.43808937072754,16.547344207763672,3735819
2003-10-16,4.743317604064941,16.55727767944336,16.5771427154541,16.408292770385742,16.50761604309082,3957802
2003-10-17,4.7461652755737305,16.567209243774414,16.567209243774414,16.408292770385742,16.467885971069336,1725496
2003-10-20,4.712020397186279,16.448020935058594,16.567209243774414,16.418224334716797,16.477819442749023,2474476
2003-10-21,4.703483581542969,16.418224334716797,16.467885971069336,16.279170989990234,16.448020935058594,3162377
2003-10-22,4.697791576385498,16.398359298706055,16.428157806396484,16.328832626342773,16.418224334716797,2958209
2003-10-23,4.652266979217529,16.23944091796875,16.428157806396484,16.209644317626953,16.28910255432129,4260920
2003-10-24,4.609584331512451,16.090456008911133,16.130184173583984,16.00106430053711,16.130184173583984,5777674
2003-10-27,4.61812162399292,16.12025260925293,16.279170989990234,16.100387573242188,16.110319137573242,3933632
2003-10-28,4.603893280029297,16.07059097290039,16.209644317626953,16.02092933654785,16.140117645263672,4242842
2003-10-29,4.635193824768066,16.179847717285156,16.18977928161621,16.110319137573242,16.140117645263672,3353580
2003-10-30,4.632347583770752,16.16991424560547,16.229509353637695,16.080522537231445,16.140117645263672,4388467
2003-10-31,4.595355987548828,16.040794372558594,16.35862922668457,16.010997772216797,16.16991424560547,18063073
2003-11-03,4.5782856941223145,15.981199264526367,16.060659408569336,15.862010955810547,16.040794372558594,4371661
2003-11-04,4.541295528411865,15.852079391479492,16.090456008911133,15.802416801452637,15.951401710510254,3998446
2003-11-05,4.501458644866943,15.713025093078613,15.762686729431152,15.633565902709961,15.693160057067871,5428723
2003-11-06,4.396178722381592,15.345526695251465,15.673295974731445,15.256135940551758,15.673295974731445,9760610
2003-11-07,4.436013698577881,15.484580039978027,15.494512557983398,15.256135940551758,15.39518928527832,5503043
2003-11-10,4.410405158996582,15.39518928527832,15.57397174835205,15.325661659240723,15.494512557983398,6353534
2003-11-11,4.4872307777404785,15.663363456726074,15.732890129089355,15.276000022888184,15.305797576904297,6713749
2003-11-12,4.549829483032227,15.881875991821289,15.931537628173828,15.703092575073242,15.792484283447266,5096488
2003-11-13,4.581129550933838,15.991131782531738,16.00106430053711,15.871943473815918,15.991131782531738,3836170
2003-11-14,4.53275728225708,15.822280883789062,16.07059097290039,15.77262020111084,15.991131782531738,2822984
2003-11-17,4.490076541900635,15.673295974731445,15.981199264526367,15.673295974731445,15.792484283447266,4889015
2003-11-18,4.518529891967773,15.77262020111084,15.842145919799805,15.633565902709961,15.732890129089355,3589994
2003-11-19,4.552675724029541,15.891807556152344,15.921605110168457,15.752755165100098,15.792484283447266,4869451
2003-11-20,4.573104381561279,15.564040184020996,15.633565902709961,15.45478343963623,15.544175148010254,12793937
2003-11-21,4.573104381561279,15.564040184020996,15.643499374389648,15.474648475646973,15.494512557983398,5357834
2003-11-24,4.570186138153076,15.554106712341309,15.633565902709961,15.524310111999512,15.593836784362793,2352827
2003-11-25,4.558512210845947,15.51437759399414,15.623634338378906,15.50444507598877,15.593836784362793,3210370
2003-11-26,4.561431407928467,15.524310111999512,15.554106712341309,15.494512557983398,15.51437759399414,4744322
2003-11-27,4.52057409286499,15.38525676727295,15.57397174835205,15.355460166931152,15.57397174835205,2883166
2003-11-28,4.465124607086182,15.196540832519531,15.345526695251465,15.136946678161621,15.345526695251465,8298280
2003-12-01,4.456369400024414,15.166744232177734,15.166744232177734,14.987960815429688,15.166744232177734,4490616
2003-12-02,4.415512561798096,15.027690887451172,15.097217559814453,14.89857006072998,15.047555923461914,6918099
2003-12-03,4.4943084716796875,15.295865058898926,15.295865058898926,14.94823169708252,14.94823169708252,6958188
2003-12-04,4.576022624969482,15.57397174835205,15.603769302368164,15.325661659240723,15.365391731262207,6711705
2003-12-05,4.549757957458496,15.484580039978027,15.603769302368164,15.44485092163086,15.494512557983398,3666268
2003-12-08,4.529329299926758,15.415054321289062,15.633565902709961,15.405120849609375,15.51437759399414,5070839
2003-12-09,4.5555949211120605,15.50444507598877,15.57397174835205,15.415054321289062,15.415054321289062,2454525
2003-12-10,4.503064155578613,15.325661659240723,15.44485092163086,15.266068458557129,15.39518928527832,3587919
2003-12-11,4.5118184089660645,15.355460166931152,15.44485092163086,15.216405868530273,15.33559513092041,2924945
2003-12-12,4.5410027503967285,15.45478343963623,15.51437759399414,15.434919357299805,15.484580039978027,2912019
2003-12-15,4.5555949211120605,15.50444507598877,15.603769302368164,15.50444507598877,15.534241676330566,3918035
2003-12-16,4.5089006423950195,15.345526695251465,15.494512557983398,15.345526695251465,15.474648475646973,2857273
2003-12-17,4.5118184089660645,15.355460166931152,15.44485092163086,15.226339340209961,15.44485092163086,4352272
2003-12-18,4.470961570739746,15.216405868530273,15.424985885620117,15.216405868530273,15.424985885620117,5896417
2003-12-19,4.4943084716796875,15.295865058898926,15.38525676727295,15.166744232177734,15.236270904541016,7274339
2003-12-22,4.517654895782471,15.375324249267578,15.474648475646973,15.33559513092041,15.365391731262207,1885637
2003-12-23,4.552674770355225,15.494512557983398,15.544175148010254,15.39518928527832,15.39518928527832,2286490
2003-12-24,4.611043930053711,15.693160057067871,15.693160057067871,15.534241676330566,15.554106712341309,1346953
2003-12-25,4.611043930053711,15.693160057067871,15.693160057067871,15.693160057067871,15.693160057067871,0
2003-12-26,4.611043930053711,15.693160057067871,15.693160057067871,15.693160057067871,15.693160057067871,0
2003-12-29,4.6431450843811035,15.802416801452637,15.802416801452637,15.673295974731445,15.703092575073242,1651346
2003-12-30,4.669410705566406,15.891807556152344,15.9414701461792,15.822280883789062,15.881875991821289,2620481
2003-12-31,4.666492462158203,15.881875991821289,15.951401710510254,15.792484283447266,15.891807556152344,807774
2004-01-01,4.666492462158203,15.881875991821289,15.881875991821289,15.881875991821289,15.881875991821289,0
2004-01-02,4.6431450843811035,15.802416801452637,15.852079391479492,15.762686729431152,15.802416801452637,327965
2004-01-05,4.625634670257568,15.74282169342041,15.83221435546875,15.732890129089355,15.77262020111084,1529589
2004-01-06,4.68400239944458,15.9414701461792,15.9414701461792,15.802416801452637,15.842145919799805,2139718
2004-01-07,4.733614921569824,16.110319137573242,16.110319137573242,15.852079391479492,15.9414701461792,4137731
2004-01-08,4.789064884185791,16.299036026000977,16.348697662353516,16.110319137573242,16.110319137573242,7140542
2004-01-09,4.821168899536133,16.408292770385742,16.43808937072754,16.328832626342773,16.388427734375,3346842
2004-01-12,4.853269577026367,16.517547607421875,16.52747917175293,16.299036026000977,16.299036026000977,2294283
2004-01-13,4.824084758758545,16.418224334716797,16.6069393157959,16.418224334716797,16.5771427154541,5897984
2004-01-14,4.8153300285339355,16.388427734375,16.467885971069336,16.318899154663086,16.388427734375,2359389
2004-01-15,4.847431659698486,16.497682571411133,16.5771427154541,16.398359298706055,16.45795440673828,2360497
2004-01-16,4.8094940185546875,16.368562698364258,16.55727767944336,16.259305953979492,16.55727767944336,3951337
2004-01-19,4.786147594451904,16.28910255432129,16.43808937072754,16.229509353637695,16.43808937072754,3844588
2004-01-20,4.771554470062256,16.23944091796875,16.30896759033203,16.130184173583984,16.26923942565918,3587731
2004-01-21,4.838678359985352,16.467885971069336,16.50761604309082,16.130184173583984,16.229509353637695,6756831
2004-01-22,4.902881622314453,16.686397552490234,16.686397552490234,16.487751007080078,16.487751007080078,3911089
2004-01-23,4.93498420715332,16.795654296875,16.855249404907227,16.686397552490234,16.736059188842773,3690086
2004-01-26,4.93498420715332,16.795654296875,16.795654296875,16.795654296875,16.795654296875,0
2004-01-27,4.882453441619873,16.616872787475586,16.934707641601562,16.616872787475586,16.91484260559082,6336208
2004-01-28,4.780309200286865,16.26923942565918,16.43808937072754,16.209644317626953,16.388427734375,9362637
2004-01-29,4.829922199249268,16.43808937072754,16.547344207763672,16.229509353637695,16.23944091796875,6491068
2004-01-30,4.832841396331787,16.448020935058594,16.62680435180664,16.43808937072754,16.487751007080078,11043566
2004-02-02,4.783227443695068,16.279170989990234,16.517547607421875,16.259305953979492,16.418224334716797,4229203
2004-02-03,4.783227443695068,16.279170989990234,16.338764190673828,16.1997127532959,16.279170989990234,3044965
2004-02-04,4.783227443695068,16.279170989990234,16.378494262695312,16.229509353637695,16.23944091796875,1435146
2004-02-05,4.765717506408691,16.21957778930664,16.279170989990234,16.150049209594727,16.23944091796875,4665533
2004-02-06,4.768636226654053,16.229509353637695,16.279170989990234,16.150049209594727,16.259305953979492,2515469
2004-02-09,4.806574821472168,16.35862922668457,16.368562698364258,16.23944091796875,16.28910255432129,2155010
2004-02-10,4.847431659698486,16.497682571411133,16.517547607421875,16.338764190673828,16.35862922668457,2795454
2004-02-11,4.902881622314453,16.686397552490234,16.755924224853516,16.448020935058594,16.487751007080078,3681323
2004-02-12,4.955412864685059,16.86518096923828,16.86518096923828,16.74599266052246,16.74599266052246,3356269
2004-02-13,4.905801773071289,16.696331024169922,16.855249404907227,16.616872787475586,16.845317840576172,4457799
2004-02-16,4.873697280883789,16.587074279785156,16.765857696533203,16.567209243774414,16.696331024169922,2065089
2004-02-17,4.882453441619873,16.616872787475586,16.616872787475586,16.45795440673828,16.587074279785156,3177640
2004-02-18,4.902881622314453,16.686397552490234,16.736059188842773,16.636737823486328,16.686397552490234,2736882
2004-02-19,4.873697280883789,16.587074279785156,16.67646598815918,16.547344207763672,16.636737823486328,1237169
2004-02-20,4.841595649719238,16.477819442749023,16.656600952148438,16.477819442749023,16.567209243774414,2977770
2004-02-23,4.835758209228516,16.45795440673828,16.537412643432617,16.378494262695312,16.43808937072754,2843170
2004-02-24,4.847431659698486,16.497682571411133,16.497682571411133,16.388427734375,16.428157806396484,1410910
2004-02-25,4.882453441619873,16.616872787475586,16.636737823486328,16.497682571411133,16.497682571411133,1468246
2004-02-26,4.908717632293701,16.706262588500977,16.716196060180664,16.497682571411133,16.497682571411133,2473210
2004-02-27,4.917472839355469,16.736059188842773,16.805587768554688,16.646669387817383,16.716196060180664,7851590
2004-03-01,4.9524946212768555,16.855249404907227,16.86518096923828,16.706262588500977,16.815519332885742,4095265
2004-03-02,4.946657657623291,16.835384368896484,16.944639205932617,16.835384368896484,16.885046005249023,3924954
2004-03-03,4.914553165435791,16.72612762451172,16.944639205932617,16.696331024169922,16.934707641601562,4422683
2004-03-04,4.937901973724365,16.805587768554688,16.885046005249023,16.706262588500977,16.765857696533203,3405784
2004-03-05,4.984595775604248,16.96450424194336,16.96450424194336,16.835384368896484,16.885046005249023,3060963
2004-03-08,5.083822250366211,17.30220603942871,17.381664276123047,16.99430274963379,16.99430274963379,4729237
2004-03-09,5.145106315612793,17.510786056518555,17.530651092529297,17.252544403076172,17.28234100341797,3932660
2004-03-10,5.180126190185547,17.629974365234375,17.709434509277344,17.381664276123047,17.629974365234375,5680920
2004-03-11,5.218066692352295,17.759096145629883,17.769027709960938,17.480989456176758,17.480989456176758,5783241
2004-03-12,5.197637557983398,17.6895694732666,17.778959274291992,17.560447692871094,17.560447692871094,3687157
2004-03-15,5.185964584350586,17.649839401245117,17.7193660736084,17.560447692871094,17.699501037597656,2779762
2004-03-16,5.264760971069336,17.918014526367188,17.918014526367188,17.629974365234375,17.639907836914062,2629020
2004-03-17,5.326048851013184,18.12659454345703,18.14645767211914,17.83855438232422,17.878284454345703,4974809
2004-03-18,5.250170707702637,17.86835289001465,18.156391143798828,17.709434509277344,18.14645767211914,8848565
2004-03-19,5.253086090087891,17.878284454345703,18.02726936340332,17.808757781982422,18.02726936340332,4161606
2004-03-22,5.142189025878906,17.5008544921875,17.83855438232422,17.490921020507812,17.828622817993164,3343740
2004-03-23,5.121759414672852,17.43132781982422,17.629974365234375,17.391597747802734,17.461124420166016,4118460
2004-03-24,5.162617206573486,17.57037925720215,17.629974365234375,17.411462783813477,17.42139434814453,2807009
2004-03-25,5.250170707702637,17.86835289001465,17.86835289001465,17.42139434814453,17.530651092529297,3958307
2004-03-26,5.250170707702637,17.86835289001465,17.947811126708984,17.7193660736084,17.85841941833496,7139467
2004-03-29,5.180126190185547,17.629974365234375,17.86835289001465,17.580312728881836,17.808757781982422,2090319
2004-03-30,5.121759414672852,17.43132781982422,17.679637908935547,17.332002639770508,17.629974365234375,7260314
2004-03-31,5.121759414672852,17.43132781982422,17.5008544921875,17.341936111450195,17.43132781982422,3449999
2004-04-01,5.229739665985107,17.798824310302734,17.798824310302734,17.510786056518555,17.54058265686035,3424683
2004-04-02,5.220983982086182,17.769027709960938,17.85841941833496,17.629974365234375,17.818689346313477,2746371
2004-04-05,5.136351585388184,17.480989456176758,17.59024429321289,17.45119285583496,17.480989456176758,5422604
2004-04-06,5.159698963165283,17.560447692871094,17.59024429321289,17.461124420166016,17.480989456176758,7323314
2004-04-07,5.139270305633545,17.490921020507812,17.629974365234375,17.45119285583496,17.560447692871094,2827213
2004-04-08,5.150943756103516,17.530651092529297,17.59024429321289,17.461124420166016,17.461124420166016,1742983
2004-04-09,5.150943756103516,17.530651092529297,17.530651092529297,17.530651092529297,17.530651092529297,0
2004-04-12,5.150943756103516,17.530651092529297,17.530651092529297,17.530651092529297,17.530651092529297,0
2004-04-13,5.136351585388184,17.480989456176758,17.59024429321289,17.461124420166016,17.59024429321289,1803937
2004-04-14,5.156780242919922,17.55051612854004,17.59024429321289,17.441259384155273,17.441259384155273,2384187
2004-04-15,5.136351585388184,17.480989456176758,17.659772872924805,17.471057891845703,17.57037925720215,4610550
2004-04-16,5.133434772491455,17.471057891845703,17.55051612854004,17.30220603942871,17.52071762084961,3912079
2004-04-19,5.107169151306152,17.381664276123047,17.471057891845703,17.332002639770508,17.42139434814453,2910337
2004-04-20,5.206394195556641,17.7193660736084,17.7193660736084,17.35186767578125,17.35186767578125,2277337
2004-04-21,5.171372890472412,17.600177764892578,17.679637908935547,17.52071762084961,17.679637908935547,2668828
2004-04-22,5.200557231903076,17.699501037597656,17.769027709960938,17.55051612854004,17.629974365234375,1774314
2004-04-23,5.2093119621276855,17.729297637939453,17.778959274291992,17.629974365234375,17.759096145629883,1834043
2004-04-26,5.17720890045166,17.62004280090332,17.679637908935547,17.580312728881836,17.66970443725586,1001379
2004-04-27,5.145106315612793,17.510786056518555,17.629974365234375,17.461124420166016,17.610109329223633,2536669
2004-04-28,5.162617206573486,17.57037925720215,17.629974365234375,17.5008544921875,17.560447692871094,5552666
2004-04-29,5.127596378326416,17.45119285583496,17.480989456176758,17.332002639770508,17.42139434814453,5374514
2004-04-30,5.098413467407227,17.35186767578125,17.40152931213379,17.292274475097656,17.391597747802734,16799423
2004-05-03,5.11592435836792,17.411462783813477,17.441259384155273,17.242612838745117,17.361799240112305,1767371
2004-05-04,5.159698963165283,17.560447692871094,17.679637908935547,17.52071762084961,17.600177764892578,4799188
2004-05-05,5.229739665985107,17.798824310302734,17.798824310302734,17.560447692871094,17.649839401245117,4053000
2004-05-06,5.080904483795166,17.292274475097656,17.679637908935547,17.222747802734375,17.679637908935547,11348654
2004-05-07,4.99918794631958,17.01416778564453,17.202882766723633,16.9843692779541,17.01416778564453,8240351
2004-05-10,4.946657657623291,16.835384368896484,17.034032821655273,16.835384368896484,16.91484260559082,3741373
2004-05-11,4.929145336151123,16.775789260864258,16.934707641601562,16.716196060180664,16.82545280456543,7402064
2004-05-12,4.9524946212768555,16.855249404907227,16.855249404907227,16.646669387817383,16.686397552490234,6253823
2004-05-13,4.9583306312561035,16.87511444091797,16.9843692779541,16.82545280456543,16.91484260559082,4825473
2004-05-14,4.870779514312744,16.5771427154541,16.87511444091797,16.567209243774414,16.87511444091797,5623946
2004-05-17,4.850350379943848,16.50761604309082,16.616872787475586,16.45795440673828,16.567209243774414,5065657
2004-05-18,4.955412864685059,16.86518096923828,16.91484260559082,16.487751007080078,16.50761604309082,6456409
2004-05-19,5.0137810707092285,17.06382942199707,17.073760986328125,16.835384368896484,16.86518096923828,3995912
2004-05-20,4.946657657623291,16.835384368896484,17.024099349975586,16.835384368896484,16.944639205932617,3449459
2004-05-21,5.019617080688477,17.083694458007812,17.13335609436035,16.91484260559082,16.91484260559082,3356504
2004-05-24,5.054637432098389,17.202882766723633,17.222747802734375,17.06382942199707,17.11349105834961,1675677
2004-05-25,5.048799991607666,17.18301773071289,17.23267936706543,17.073760986328125,17.18301773071289,2132557
2004-05-26,5.0633931159973145,17.23267936706543,17.332002639770508,17.143287658691406,17.26247787475586,3127203
2004-05-27,5.072148323059082,17.26247787475586,17.322071075439453,17.15321922302246,17.23267936706543,2717619
2004-05-28,5.019617080688477,17.083694458007812,17.361799240112305,17.083694458007812,17.292274475097656,6450610
2004-05-31,5.060473918914795,17.222747802734375,17.26247787475586,17.13335609436035,17.26247787475586,3153795
2004-06-01,5.054637432098389,17.202882766723633,17.242612838745117,17.13335609436035,17.15321922302246,2124083
2004-06-02,5.075067043304443,17.272409439086914,17.30220603942871,17.192949295043945,17.23267936706543,3827105
2004-06-03,5.0692291259765625,17.252544403076172,17.371732711791992,17.212814331054688,17.292274475097656,4635141
2004-06-04,5.078202247619629,16.86518096923828,16.885046005249023,16.72612762451172,16.805587768554688,12661810
2004-06-07,5.096147060394287,16.924776077270508,16.974437713623047,16.835384368896484,16.91484260559082,2960819
2004-06-08,5.099135875701904,16.934707641601562,17.024099349975586,16.904911041259766,17.004234313964844,2597896
2004-06-09,5.060258388519287,16.805587768554688,16.934707641601562,16.775789260864258,16.924776077270508,4957839
2004-06-10,5.0692291259765625,16.835384368896484,16.855249404907227,16.795654296875,16.845317840576172,3180372
2004-06-11,5.087172985076904,16.894977569580078,16.924776077270508,16.845317840576172,16.924776077270508,2013434
2004-06-14,5.087172985076904,16.894977569580078,16.894977569580078,16.894977569580078,16.894977569580078,0
2004-06-15,5.0692291259765625,16.835384368896484,16.86518096923828,16.74599266052246,16.785722732543945,1801963
2004-06-16,5.0692291259765625,16.835384368896484,16.934707641601562,16.82545280456543,16.934707641601562,2064441
2004-06-17,5.099135875701904,16.934707641601562,16.96450424194336,16.785722732543945,16.805587768554688,11117409
2004-06-18,5.167921543121338,17.16315269470215,17.173084259033203,16.974437713623047,17.034032821655273,4928587
2004-06-21,5.269606590270996,17.5008544921875,17.510786056518555,17.23267936706543,17.26247787475586,6776749
2004-06-22,5.29353141784668,17.580312728881836,17.66970443725586,17.40152931213379,17.5008544921875,4334487
2004-06-23,5.25764274597168,17.461124420166016,17.659772872924805,17.45119285583496,17.629974365234375,3821190
2004-06-24,5.284560203552246,17.55051612854004,17.62004280090332,17.480989456176758,17.52071762084961,3189462
2004-06-25,5.272597312927246,17.510786056518555,17.57037925720215,17.461124420166016,17.55051612854004,5495390
2004-06-28,5.263625621795654,17.480989456176758,17.52071762084961,17.381664276123047,17.461124420166016,2534206
2004-06-29,5.29353141784668,17.580312728881836,17.659772872924805,17.480989456176758,17.510786056518555,5101950
2004-06-30,5.263625621795654,17.480989456176758,17.55051612854004,17.42139434814453,17.54058265686035,4576206
2004-07-01,5.1978302001953125,17.26247787475586,17.480989456176758,17.222747802734375,17.480989456176758,7036410
2004-07-02,5.191847801208496,17.242612838745117,17.35186767578125,17.242612838745117,17.26247787475586,5367446
2004-07-05,5.218764305114746,17.332002639770508,17.361799240112305,17.23267936706543,17.242612838745117,5030998
2004-07-06,5.2247467041015625,17.35186767578125,17.371732711791992,17.23267936706543,17.332002639770508,5427651
2004-07-07,5.218764305114746,17.332002639770508,17.361799240112305,17.26247787475586,17.292274475097656,2314321
2004-07-08,5.188857078552246,17.23267936706543,17.332002639770508,17.202882766723633,17.332002639770508,4367430
2004-07-09,5.167921543121338,17.16315269470215,17.26247787475586,17.143287658691406,17.212814331054688,3251266
2004-07-12,5.161940574645996,17.143287658691406,17.26247787475586,17.083694458007812,17.202882766723633,2172758
2004-07-13,5.138016700744629,17.06382942199707,17.13335609436035,17.053897857666016,17.123422622680664,4336637
2004-07-14,5.1021270751953125,16.944639205932617,17.024099349975586,16.904911041259766,16.99430274963379,5480118
2004-07-15,5.054276466369629,16.785722732543945,16.934707641601562,16.755924224853516,16.924776077270508,5412734
2004-07-16,5.018387317657471,16.666534423828125,16.765857696533203,16.646669387817383,16.686397552490234,6289103
2004-07-19,5.060258388519287,16.805587768554688,16.855249404907227,16.616872787475586,16.636737823486328,8107316
2004-07-20,4.9944610595703125,16.587074279785156,16.785722732543945,16.497682571411133,16.785722732543945,8028515
2004-07-21,4.985490322113037,16.55727767944336,16.656600952148438,16.43808937072754,16.636737823486328,10221697
2004-07-22,4.943619728088379,16.418224334716797,16.477819442749023,16.318899154663086,16.43808937072754,9372821
2004-07-23,4.889786720275879,16.23944091796875,16.43808937072754,16.16991424560547,16.388427734375,6882594
2004-07-26,4.9167046546936035,16.328832626342773,16.378494262695312,16.249374389648438,16.279170989990234,7462916
2004-07-27,4.898759841918945,16.26923942565918,16.487751007080078,16.26923942565918,16.368562698364258,7198345
2004-07-28,4.913714408874512,16.318899154663086,16.428157806396484,16.23944091796875,16.388427734375,4610963
2004-07-29,5.009417533874512,16.636737823486328,16.636737823486328,16.328832626342773,16.328832626342773,7157154
2004-07-30,5.039323329925537,16.736059188842773,16.82545280456543,16.706262588500977,16.785722732543945,6888158
2004-08-02,5.012406826019287,16.646669387817383,16.755924224853516,16.6069393157959,16.72612762451172,1565035
2004-08-03,5.039323329925537,16.736059188842773,16.795654296875,16.646669387817383,16.646669387817383,2423474
2004-08-04,5.030351161956787,16.706262588500977,16.785722732543945,16.646669387817383,16.765857696533203,2212926
2004-08-05,5.018387317657471,16.666534423828125,16.765857696533203,16.587074279785156,16.736059188842773,2881101
2004-08-06,4.970536231994629,16.50761604309082,16.646669387817383,16.318899154663086,16.616872787475586,3545022
2004-08-09,4.958573818206787,16.467885971069336,16.487751007080078,16.318899154663086,16.338764190673828,1640190
2004-08-10,4.988480567932129,16.567209243774414,16.62680435180664,16.378494262695312,16.388427734375,2332060
2004-08-11,4.9466118812561035,16.428157806396484,16.62680435180664,16.348697662353516,16.587074279785156,2436238
2004-08-12,4.925675868988037,16.35862922668457,16.467885971069336,16.318899154663086,16.338764190673828,2180287
2004-08-13,4.859879970550537,16.140117645263672,16.378494262695312,16.12025260925293,16.328832626342773,4051884
2004-08-16,4.826983451843262,16.030860900878906,16.18977928161621,15.971266746520996,16.150049209594727,2770956
2004-08-17,4.868852615356445,16.16991424560547,16.179847717285156,16.040794372558594,16.080522537231445,4665636
2004-08-18,4.862871170043945,16.150049209594727,16.18977928161621,16.090456008911133,16.150049209594727,2669832
2004-08-19,4.889786720275879,16.23944091796875,16.299036026000977,16.18977928161621,16.249374389648438,3435079
2004-08-20,4.8808159828186035,16.209644317626953,16.279170989990234,16.110319137573242,16.18977928161621,2394576
2004-08-23,4.925675868988037,16.35862922668457,16.388427734375,16.229509353637695,16.249374389648438,3077595
2004-08-24,4.937639236450195,16.398359298706055,16.418224334716797,16.249374389648438,16.368562698364258,2575827
2004-08-25,4.928666591644287,16.368562698364258,16.448020935058594,16.328832626342773,16.428157806396484,2183185
2004-08-26,4.943619728088379,16.418224334716797,16.45795440673828,16.388427734375,16.428157806396484,1852067
2004-08-27,4.988480567932129,16.567209243774414,16.666534423828125,16.487751007080078,16.497682571411133,3707953
2004-08-30,5.021378517150879,16.67646598815918,16.716196060180664,16.597007751464844,16.597007751464844,3470039
2004-08-31,5.039323329925537,16.736059188842773,16.82545280456543,16.696331024169922,16.775789260864258,3177069
2004-09-01,5.108108043670654,16.96450424194336,17.043964385986328,16.765857696533203,16.785722732543945,2684611
2004-09-02,5.143996238708496,17.083694458007812,17.222747802734375,16.924776077270508,16.9843692779541,4003177
2004-09-03,5.141006946563721,17.073760986328125,17.15321922302246,16.974437713623047,17.093626022338867,2231936
2004-09-06,5.129042148590088,17.034032821655273,17.083694458007812,16.99430274963379,17.043964385986328,1484420
2004-09-07,5.111099720001221,16.974437713623047,17.103557586669922,16.944639205932617,17.034032821655273,1930897
2004-09-08,5.078202247619629,16.86518096923828,16.99430274963379,16.855249404907227,16.954572677612305,2312609
2004-09-09,5.078202247619629,16.86518096923828,16.974437713623047,16.82545280456543,16.855249404907227,2412170
2004-09-10,5.084183216094971,16.885046005249023,16.9843692779541,16.835384368896484,16.9843692779541,2531912
2004-09-13,5.081191062927246,16.87511444091797,16.954572677612305,16.855249404907227,16.954572677612305,2357427
2004-09-14,5.054276466369629,16.785722732543945,16.9843692779541,16.765857696533203,16.9843692779541,2131978
2004-09-15,5.054276466369629,16.785722732543945,16.934707641601562,16.775789260864258,16.934707641601562,3256663
2004-09-16,5.057265758514404,16.795654296875,16.845317840576172,16.62680435180664,16.62680435180664,10072230
2004-09-17,5.078202247619629,16.86518096923828,16.904911041259766,16.736059188842773,16.736059188842773,1590572
2004-09-20,5.060258388519287,16.805587768554688,16.924776077270508,16.795654296875,16.924776077270508,2027729
2004-09-21,5.084183216094971,16.885046005249023,16.904911041259766,16.755924224853516,16.805587768554688,2028093
2004-09-22,5.120070457458496,17.004234313964844,17.034032821655273,16.775789260864258,16.845317840576172,2954236
2004-09-23,5.182876110076904,17.212814331054688,17.242612838745117,16.885046005249023,16.885046005249023,4611040
2004-09-24,5.1978302001953125,17.26247787475586,17.371732711791992,17.212814331054688,17.28234100341797,6041717
2004-09-27,5.182876110076904,17.212814331054688,17.322071075439453,17.11349105834961,17.23267936706543,2855916
2004-09-28,5.167921543121338,17.16315269470215,17.18301773071289,17.103557586669922,17.16315269470215,2351003
2004-09-29,5.2247467041015625,17.35186767578125,17.381664276123047,17.15321922302246,17.202882766723633,3086919
2004-09-30,5.302502632141113,17.610109329223633,17.709434509277344,17.40152931213379,17.40152931213379,6818869
2004-10-01,5.32642936706543,17.6895694732666,17.798824310302734,17.639907836914062,17.639907836914062,6503711
2004-10-04,5.29951286315918,17.600177764892578,17.798824310302734,17.530651092529297,17.778959274291992,1612983
2004-10-05,5.32942008972168,17.699501037597656,17.83855438232422,17.629974365234375,17.629974365234375,2423276
2004-10-06,5.311476230621338,17.639907836914062,17.828622817993164,17.639907836914062,17.709434509277344,3331079
2004-10-07,5.284560203552246,17.55051612854004,17.580312728881836,17.42139434814453,17.480989456176758,3778474
2004-10-08,5.269606590270996,17.5008544921875,17.600177764892578,17.40152931213379,17.43132781982422,2139599
2004-10-11,5.263625621795654,17.480989456176758,17.530651092529297,17.441259384155273,17.490921020507812,1984801
2004-10-12,5.278578281402588,17.530651092529297,17.629974365234375,17.490921020507812,17.490921020507812,2077308
2004-10-13,5.359326362609863,17.798824310302734,17.798824310302734,17.530651092529297,17.530651092529297,4637306
2004-10-14,5.44306755065918,18.076932907104492,18.096797943115234,17.828622817993164,17.878284454345703,6967541
2004-10-15,5.434092998504639,18.047134399414062,18.136526107788086,17.987539291381836,18.05706787109375,2163181
2004-10-18,5.347363471984863,17.759096145629883,17.987539291381836,17.709434509277344,17.987539291381836,2942719
2004-10-19,5.353346347808838,17.778959274291992,17.848487854003906,17.729297637939453,17.73923110961914,1916991
2004-10-20,5.365309238433838,17.818689346313477,17.9080810546875,17.78889274597168,17.848487854003906,3318277
2004-10-21,5.392223834991455,17.9080810546875,17.95774269104004,17.769027709960938,17.778959274291992,2154509
2004-10-22,5.428112506866455,18.02726936340332,18.136526107788086,17.878284454345703,17.878284454345703,3844944
2004-10-25,5.407176494598389,17.95774269104004,18.066999435424805,17.878284454345703,17.95774269104004,3376668
2004-10-26,5.428112506866455,18.02726936340332,18.10672950744629,17.9080810546875,17.918014526367188,5105609
2004-10-27,5.484936237335205,18.215984344482422,18.29544448852539,17.997472763061523,17.997472763061523,3618033
2004-10-28,5.580638885498047,18.53382110595703,18.573551177978516,18.27557945251465,18.27557945251465,3926194
2004-10-29,5.646434307098389,18.752334594726562,18.82185935974121,18.603347778320312,18.623212814331055,16136866
2004-11-01,5.697276592254639,18.921184539794922,19.040372848510742,18.68280792236328,18.871522903442383,2336864
2004-11-02,5.625500202178955,18.68280792236328,19.060237884521484,18.63314437866211,18.97084617614746,2962264
2004-11-03,5.736154556274414,19.050304412841797,19.060237884521484,18.712604522705078,18.811927795410156,5536560
2004-11-04,5.679330348968506,18.861589431762695,19.099966049194336,18.78213119506836,19.040372848510742,4515164
2004-11-05,5.652414321899414,18.772197723388672,18.931116104125977,18.65300941467285,18.78213119506836,3694686
2004-11-08,5.589611530303955,18.563617706298828,18.921184539794922,18.553686141967773,18.921184539794922,3530177
2004-11-09,5.571666240692139,18.504024505615234,18.65300941467285,18.404699325561523,18.51395606994629,7445261
2004-11-10,5.523815631866455,18.34510612487793,18.523889541625977,18.315309524536133,18.474227905273438,6934624
2004-11-11,5.556713104248047,18.454362869262695,18.523889541625977,18.364971160888672,18.374902725219727,2605022
2004-11-12,5.601574420928955,18.603347778320312,18.65300941467285,18.523889541625977,18.54375457763672,2789524
2004-11-15,5.6703596115112305,18.8317928314209,18.8317928314209,18.66294288635254,18.66294288635254,3053901
2004-11-16,5.6583967208862305,18.792062759399414,18.911251068115234,18.78213119506836,18.841724395751953,4292846
2004-11-17,5.685311794281006,18.881454467773438,18.941049575805664,18.82185935974121,18.871522903442383,5655402
2004-11-18,5.630203723907471,18.265647888183594,18.553686141967773,18.265647888183594,18.454362869262695,15897993
2004-11-19,5.6087727546691895,18.19611930847168,18.27557945251465,18.166322708129883,18.22591781616211,3741572
2004-11-22,5.5720367431640625,18.076932907104492,18.19611930847168,18.017337799072266,18.19611930847168,3573594
2004-11-23,5.6087727546691895,18.19611930847168,18.24578285217285,18.096797943115234,18.116661071777344,3410677
2004-11-24,5.602651119232178,18.17625617980957,18.255714416503906,18.17625617980957,18.235849380493164,2730615
2004-11-25,5.657761096954346,18.355037689208984,18.355037689208984,18.235849380493164,18.27557945251465,3078217
2004-11-26,5.617959022521973,18.22591781616211,18.41463279724121,18.22591781616211,18.41463279724121,2105417
2004-11-29,5.648575305938721,18.325241088867188,18.374902725219727,18.14645767211914,18.22591781616211,1873594
2004-11-30,5.67612886428833,18.41463279724121,18.504024505615234,18.34510612487793,18.39476776123047,2714222
2004-12-01,5.593463897705078,18.14645767211914,18.41463279724121,18.12659454345703,18.41463279724121,2959336
2004-12-02,5.621020317077637,18.235849380493164,18.325241088867188,18.17625617980957,18.22591781616211,2353241
2004-12-03,5.621020317077637,18.235849380493164,18.364971160888672,18.19611930847168,18.315309524536133,2844414
2004-12-06,5.654697418212891,18.34510612487793,18.454362869262695,18.29544448852539,18.315309524536133,2713849
2004-12-07,5.633265495300293,18.27557945251465,18.424564361572266,18.235849380493164,18.424564361572266,3277275
2004-12-08,5.663880825042725,18.374902725219727,18.46429443359375,18.255714416503906,18.325241088867188,5321698
2004-12-09,5.66694450378418,18.384836196899414,18.563617706298828,18.325241088867188,18.335174560546875,4303236
2004-12-10,5.709805488586426,18.523889541625977,18.553686141967773,18.424564361572266,18.454362869262695,5379831
2004-12-13,5.70062255859375,18.49409294128418,18.623212814331055,18.424564361572266,18.573551177978516,2277411
2004-12-14,5.7251129150390625,18.573551177978516,18.63314437866211,18.51395606994629,18.603347778320312,1337816
2004-12-15,5.77716064453125,18.742401123046875,18.861589431762695,18.623212814331055,18.672874450683594,4415161
2004-12-16,5.816961288452148,18.871522903442383,18.990711212158203,18.772197723388672,18.841724395751953,6840273
2004-12-17,5.8414530754089355,18.95098114013672,19.050304412841797,18.772197723388672,18.82185935974121,3737492
2004-12-20,5.823083877563477,18.891387939453125,18.97084617614746,18.881454467773438,18.881454467773438,1603990
2004-12-21,5.853699684143066,18.990711212158203,19.07016944885254,18.921184539794922,18.97084617614746,2959308
2004-12-22,5.902682781219482,19.149629592895508,19.179426193237305,19.0205078125,19.0205078125,2622987
2004-12-23,5.933298587799072,19.248952865600586,19.28868293762207,19.080102920532227,19.2092227935791,1360903
2004-12-24,5.954730033874512,19.318479537963867,19.348276138305664,19.219154357910156,19.348276138305664,4014727
2004-12-27,5.954730033874512,19.318479537963867,19.318479537963867,19.318479537963867,19.318479537963867,0
2004-12-28,5.954730033874512,19.318479537963867,19.318479537963867,19.318479537963867,19.318479537963867,0
2004-12-29,5.930237293243408,19.2390193939209,19.318479537963867,19.179426193237305,19.318479537963867,1276708
2004-12-30,5.9179911613464355,19.199291229248047,19.278749465942383,19.179426193237305,19.2092227935791,1016456
2004-12-31,5.966978073120117,19.35820960998535,19.368141174316406,19.2092227935791,19.2092227935791,1389250
2005-01-04,5.988408088684082,19.427734375,19.467464447021484,19.33834457397461,19.38800621032715,1602798
2005-01-05,5.908804893493652,19.16949462890625,19.328411102294922,19.109899520874023,19.28868293762207,2655152
2005-01-06,5.862884998321533,19.0205078125,19.129764556884766,19.0205078125,19.119831085205078,1888303
2005-01-07,5.954730033874512,19.318479537963867,19.616451263427734,19.099966049194336,19.199291229248047,1735775
2005-01-10,5.979222297668457,19.397937774658203,19.487329483032227,19.16949462890625,19.268817901611328,2031140
2005-01-11,5.970037937164307,19.368141174316406,19.546924591064453,19.318479537963867,19.52705955505371,1441084
2005-01-12,5.933298587799072,19.248952865600586,19.30854606628418,19.179426193237305,19.268817901611328,2794109
2005-01-13,5.862884998321533,19.0205078125,19.30854606628418,19.000642776489258,19.28868293762207,3607540
2005-01-14,5.816961288452148,18.871522903442383,18.97084617614746,18.792062759399414,18.97084617614746,2646615
2005-01-17,5.823083877563477,18.891387939453125,19.010574340820312,18.881454467773438,18.990711212158203,1682339
2005-01-18,5.820021629333496,18.881454467773438,19.0205078125,18.8317928314209,18.881454467773438,3031204
2005-01-19,5.786344528198242,18.772197723388672,18.990711212158203,18.672874450683594,18.90131950378418,2641660
2005-01-20,5.783283710479736,18.762266159057617,18.871522903442383,18.58348274230957,18.672874450683594,2808911
2005-01-21,5.81389856338501,18.861589431762695,18.891387939453125,18.722536087036133,18.752334594726562,2016427
2005-01-24,5.780222415924072,18.752334594726562,18.90131950378418,18.742401123046875,18.78213119506836,1919687
2005-01-25,5.810837268829346,18.85165786743164,18.990711212158203,18.772197723388672,18.772197723388672,3205584
2005-01-27,5.9149298667907715,19.18935775756836,19.199291229248047,18.921184539794922,18.921184539794922,3348031
2005-01-28,5.850636959075928,18.980777740478516,19.248952865600586,18.980777740478516,19.13969612121582,6448116
2005-01-31,5.878190040588379,19.07016944885254,19.080102920532227,18.861589431762695,18.97084617614746,3292354
2005-02-01,5.847575664520264,18.97084617614746,19.099966049194336,18.911251068115234,19.09003448486328,2864350
2005-02-02,5.8414530754089355,18.95098114013672,19.050304412841797,18.90131950378418,19.050304412841797,4098320
2005-02-03,5.786344528198242,18.772197723388672,18.921184539794922,18.772197723388672,18.881454467773438,5173562
2005-02-04,5.862884998321533,19.0205078125,19.0205078125,18.712604522705078,18.762266159057617,3771619
2005-02-07,5.908804893493652,19.16949462890625,19.219154357910156,19.030439376831055,19.149629592895508,3700698
2005-02-08,5.905744552612305,19.159561157226562,19.16949462890625,19.0205078125,19.149629592895508,2152998
2005-02-09,5.976162433624268,19.38800621032715,19.437667846679688,19.268817901611328,19.278749465942383,5254572
2005-02-10,6.162915229797363,19.993881225585938,19.993881225585938,19.57672119140625,19.676044464111328,8034435
2005-02-11,6.092500686645508,19.76543617248535,19.854827880859375,19.636314392089844,19.854827880859375,4581295
2005-02-14,6.028207302093506,19.556856155395508,19.91442108154297,19.368141174316406,19.785301208496094,3997055
2005-02-15,5.960853099822998,19.33834457397461,19.546924591064453,19.33834457397461,19.546924591064453,4365502
2005-02-16,5.9179911613464355,19.199291229248047,19.417802810668945,19.199291229248047,19.33834457397461,4171991
2005-02-17,5.875129222869873,19.060237884521484,19.199291229248047,19.060237884521484,19.199291229248047,3379896
2005-02-18,5.890438556671143,19.109899520874023,19.229087829589844,19.0205078125,19.050304412841797,2269710
2005-02-21,5.966978073120117,19.35820960998535,19.397937774658203,19.099966049194336,19.16949462890625,2411633
2005-02-22,6.015961647033691,19.517126083374023,19.556856155395508,19.25888442993164,19.268817901611328,3381587
2005-02-23,5.862884998321533,19.0205078125,19.368141174316406,18.980777740478516,19.318479537963867,4499611
2005-02-24,5.783283710479736,18.762266159057617,19.07016944885254,18.722536087036133,19.010574340820312,4141118
2005-02-25,5.804714679718018,18.8317928314209,18.960914611816406,18.58348274230957,18.772197723388672,5095354
2005-02-28,5.850636959075928,18.980777740478516,19.050304412841797,18.871522903442383,18.871522903442383,3125830
2005-03-01,5.884313106536865,19.09003448486328,19.099966049194336,18.85165786743164,18.871522903442383,4014775
2005-03-02,5.838390827178955,18.941049575805664,19.179426193237305,18.841724395751953,18.97084617614746,3256770
2005-03-03,5.887375831604004,19.099966049194336,19.18935775756836,18.8317928314209,18.85165786743164,2280895
2005-03-04,5.973099708557129,19.378074645996094,19.447599411010742,19.16949462890625,19.16949462890625,2784162
2005-03-07,5.945544719696045,19.28868293762207,19.616451263427734,19.28868293762207,19.616451263427734,2474243
2005-03-08,5.985345363616943,19.417802810668945,19.437667846679688,19.278749465942383,19.38800621032715,1921402
2005-03-09,5.924113750457764,19.219154357910156,19.45753288269043,19.18935775756836,19.45753288269043,2553628
2005-03-10,5.908804893493652,19.16949462890625,19.268817901611328,19.09003448486328,19.16949462890625,2307446
2005-03-11,5.862884998321533,19.0205078125,19.109899520874023,18.941049575805664,18.941049575805664,2855056
2005-03-14,5.902682781219482,19.149629592895508,19.318479537963867,18.97084617614746,19.0205078125,2553427
2005-03-15,5.973099708557129,19.378074645996094,19.447599411010742,19.28868293762207,19.318479537963867,4283325
2005-03-16,6.037391662597656,19.586654663085938,19.596586227416992,19.417802810668945,19.417802810668945,3039294
2005-03-17,6.034331321716309,19.57672119140625,19.636314392089844,19.397937774658203,19.517126083374023,5279822
2005-03-18,5.966978073120117,19.35820960998535,19.586654663085938,19.35820960998535,19.556856155395508,5247338
2005-03-21,5.960853099822998,19.33834457397461,19.437667846679688,19.25888442993164,19.278749465942383,2714864
2005-03-22,5.9149298667907715,19.18935775756836,19.437667846679688,19.179426193237305,19.268817901611328,2579584
2005-03-23,5.820021629333496,18.881454467773438,19.050304412841797,18.881454467773438,19.0205078125,4364319
2005-03-24,5.786344528198242,18.772197723388672,19.030439376831055,18.692739486694336,18.90131950378418,6212379
2005-03-29,5.7465434074401855,18.643077850341797,18.881454467773438,18.553686141967773,18.692739486694336,4090777
2005-03-30,5.856759071350098,19.000642776489258,19.000642776489258,18.643077850341797,18.672874450683594,5638926
2005-03-31,5.826143741607666,18.90131950378418,19.199291229248047,18.90131950378418,19.129764556884766,5000902
2005-04-01,5.823083877563477,18.891387939453125,19.050304412841797,18.811927795410156,19.040372848510742,2993778
2005-04-04,5.810837268829346,18.85165786743164,18.921184539794922,18.712604522705078,18.871522903442383,3006835
2005-04-05,5.847575664520264,18.97084617614746,19.010574340820312,18.82185935974121,18.871522903442383,2314578
2005-04-06,5.816961288452148,18.871522903442383,19.2092227935791,18.792062759399414,19.119831085205078,4739556
2005-04-07,5.878190040588379,19.07016944885254,19.09003448486328,18.792062759399414,18.95098114013672,3163014
2005-04-08,5.899621963500977,19.13969612121582,19.16949462890625,18.960914611816406,19.159561157226562,3596740
2005-04-11,5.853699684143066,18.990711212158203,19.229087829589844,18.960914611816406,19.010574340820312,2252204
2005-04-12,5.865943431854248,19.030439376831055,19.129764556884766,19.000642776489258,19.050304412841797,4424191
2005-04-13,5.884313106536865,19.09003448486328,19.219154357910156,19.010574340820312,19.2092227935791,6866797
2005-04-14,5.823083877563477,18.891387939453125,19.0205078125,18.841724395751953,18.931116104125977,3795224
2005-04-15,5.767975330352783,18.712604522705078,18.891387939453125,18.66294288635254,18.78213119506836,4233035
2005-04-18,5.673064708709717,18.404699325561523,18.593416213989258,18.34510612487793,18.58348274230957,4876091
2005-04-19,5.737360000610352,18.613279342651367,18.623212814331055,18.364971160888672,18.474227905273438,3179503
2005-04-20,5.694497585296631,18.474227905273438,18.672874450683594,18.41463279724121,18.66294288635254,5729197
2005-04-21,5.673064708709717,18.404699325561523,18.444429397583008,18.29544448852539,18.335174560546875,5870753
2005-04-22,5.685311794281006,18.444429397583008,18.504024505615234,18.305376052856445,18.474227905273438,4504876
2005-04-26,5.709805488586426,18.523889541625977,18.623212814331055,18.41463279724121,18.474227905273438,4339072
2005-04-27,5.810837268829346,18.85165786743164,18.891387939453125,18.454362869262695,18.474227905273438,5408023
2005-04-28,5.954730033874512,19.318479537963867,19.318479537963867,19.010574340820312,19.080102920532227,7371064
2005-04-29,5.954730033874512,19.318479537963867,19.35820960998535,19.030439376831055,19.268817901611328,13016664
2005-05-02,5.951670169830322,19.30854606628418,19.417802810668945,19.229087829589844,19.268817901611328,2685178
2005-05-03,5.960853099822998,19.33834457397461,19.477397918701172,19.18935775756836,19.417802810668945,3240093
2005-05-04,5.826143741607666,18.90131950378418,19.25888442993164,18.90131950378418,19.25888442993164,5227884
2005-05-05,5.823083877563477,18.891387939453125,19.2390193939209,18.603347778320312,19.2390193939209,7401090
2005-05-06,5.911867141723633,19.179426193237305,19.278749465942383,18.921184539794922,18.97084617614746,4330426
2005-05-09,5.847575664520264,18.97084617614746,19.07016944885254,18.911251068115234,19.07016944885254,5418534
2005-05-10,5.853699684143066,18.990711212158203,19.149629592895508,18.95098114013672,18.97084617614746,5871876
2005-05-11,5.899621963500977,19.13969612121582,19.159561157226562,18.960914611816406,19.07016944885254,5914581
2005-05-12,5.997591495513916,19.45753288269043,19.45753288269043,19.179426193237305,19.219154357910156,5431200
2005-05-13,6.006776332855225,19.487329483032227,19.50719451904297,19.328411102294922,19.467464447021484,3638342
2005-05-16,5.902682781219482,19.149629592895508,19.437667846679688,19.109899520874023,19.378074645996094,4109070
2005-05-17,5.878190040588379,19.07016944885254,19.30854606628418,18.980777740478516,19.248952865600586,5474631
2005-05-18,5.924113750457764,19.219154357910156,19.318479537963867,19.050304412841797,19.07016944885254,3464439
2005-05-19,5.997591495513916,19.45753288269043,19.45753288269043,19.2390193939209,19.33834457397461,4167218
2005-05-20,5.970037937164307,19.368141174316406,19.52705955505371,19.368141174316406,19.467464447021484,4386361
2005-05-23,6.028207302093506,19.556856155395508,19.556856155395508,19.467464447021484,19.50719451904297,4057330
2005-05-24,6.04045295715332,19.596586227416992,19.596586227416992,19.437667846679688,19.546924591064453,4601602
2005-05-25,6.058821201324463,19.656179428100586,19.69590950012207,19.50719451904297,19.586654663085938,2644516
2005-05-26,6.098621845245361,19.785301208496094,19.805166244506836,19.57672119140625,19.656179428100586,4161393
2005-05-27,6.074131011962891,19.705841064453125,19.81509780883789,19.596586227416992,19.74557113647461,7748041
2005-05-30,6.116992473602295,19.844894409179688,19.844894409179688,19.656179428100586,19.715774536132812,5466737
2005-05-31,6.012898921966553,19.50719451904297,19.9442195892334,19.50719451904297,19.844894409179688,8116704
2005-06-01,6.097678184509277,19.28868293762207,19.28868293762207,18.97084617614746,19.0205078125,12662223
2005-06-02,6.085117340087891,19.248952865600586,19.417802810668945,19.18935775756836,19.348276138305664,5164263
2005-06-03,6.119657516479492,19.35820960998535,19.378074645996094,19.16949462890625,19.219154357910156,3675874
2005-06-06,6.078835487365723,19.229087829589844,19.33834457397461,19.199291229248047,19.318479537963867,2572946
2005-06-07,6.100818157196045,19.298614501953125,19.298614501953125,19.199291229248047,19.2390193939209,7201821
2005-06-08,6.176174640655518,19.536991119384766,19.566789627075195,19.298614501953125,19.318479537963867,4514126
2005-06-09,6.135355472564697,19.40787124633789,19.636314392089844,19.30854606628418,19.546924591064453,4385002
2005-06-10,6.119657516479492,19.35820960998535,19.397937774658203,19.248952865600586,19.368141174316406,2301803
2005-06-14,6.097678184509277,19.28868293762207,19.348276138305664,19.199291229248047,19.348276138305664,2406663
2005-06-15,6.185593128204346,19.566789627075195,19.596586227416992,19.2092227935791,19.268817901611328,4789378
2005-06-16,6.176174640655518,19.536991119384766,19.725706100463867,19.467464447021484,19.705841064453125,7749140
2005-06-17,6.2703728675842285,19.834962844848633,19.834962844848633,19.467464447021484,19.52705955505371,5009276
2005-06-20,6.204435348510742,19.62638282775879,19.785301208496094,19.546924591064453,19.76543617248535,4189572
2005-06-21,6.166752815246582,19.50719451904297,19.636314392089844,19.477397918701172,19.566789627075195,3007488
2005-06-22,6.125936508178711,19.378074645996094,19.467464447021484,19.33834457397461,19.447599411010742,3300001
2005-06-23,6.173036098480225,19.52705955505371,19.606517791748047,19.378074645996094,19.38800621032715,3191706
2005-06-24,6.110236167907715,19.328411102294922,19.467464447021484,19.25888442993164,19.427734375,5538680
2005-06-27,6.075697422027588,19.219154357910156,19.268817901611328,19.159561157226562,19.219154357910156,4866219
2005-06-28,6.195014476776123,19.596586227416992,19.636314392089844,19.318479537963867,19.368141174316406,5322988
2005-06-29,6.185593128204346,19.566789627075195,19.735639572143555,19.447599411010742,19.666112899780273,4417542
2005-06-30,6.264090538024902,19.81509780883789,19.81509780883789,19.52705955505371,19.52705955505371,5299291
2005-07-01,6.2703728675842285,19.834962844848633,19.93428611755371,19.656179428100586,19.715774536132812,6111500
2005-07-04,6.220131874084473,19.676044464111328,19.93428611755371,19.64624786376953,19.89455795288086,2307156
2005-07-05,6.185593128204346,19.566789627075195,19.725706100463867,19.566789627075195,19.715774536132812,3908581
2005-07-06,6.147914886474609,19.447599411010742,19.69590950012207,19.417802810668945,19.69590950012207,2986915
2005-07-07,6.063137054443359,19.179426193237305,19.417802810668945,19.109899520874023,19.368141174316406,4515879
2005-07-08,6.041158199310303,19.109899520874023,19.278749465942383,19.07016944885254,19.119831085205078,3301874
2005-07-11,6.041158199310303,19.109899520874023,19.278749465942383,19.040372848510742,19.219154357910156,5194979
2005-07-12,6.056858539581299,19.159561157226562,19.268817901611328,19.040372848510742,19.149629592895508,2872599
2005-07-13,6.081977367401123,19.2390193939209,19.318479537963867,19.18935775756836,19.268817901611328,3176228
2005-07-14,6.116515636444092,19.348276138305664,19.38800621032715,19.18935775756836,19.2390193939209,3448281
2005-07-15,6.100818157196045,19.298614501953125,19.467464447021484,19.298614501953125,19.40787124633789,3567683
2005-07-18,6.075697422027588,19.219154357910156,19.348276138305664,19.18935775756836,19.33834457397461,2728660
2005-07-19,6.075697422027588,19.219154357910156,19.33834457397461,19.119831085205078,19.16949462890625,2658539
2005-07-20,6.138495922088623,19.417802810668945,19.45753288269043,19.268817901611328,19.278749465942383,3267645
2005-07-21,6.119657516479492,19.35820960998535,19.556856155395508,19.159561157226562,19.417802810668945,6202802
2005-07-22,6.2169928550720215,19.666112899780273,19.666112899780273,19.368141174316406,19.437667846679688,6388819
2005-07-25,6.1793131828308105,19.546924591064453,19.676044464111328,19.487329483032227,19.656179428100586,3800923
2005-07-26,6.173036098480225,19.52705955505371,19.57672119140625,19.417802810668945,19.467464447021484,4188864
2005-07-27,6.195014476776123,19.596586227416992,19.64624786376953,19.40787124633789,19.467464447021484,3922515
2005-07-28,6.210712909698486,19.64624786376953,19.656179428100586,19.437667846679688,19.64624786376953,4892017
2005-07-29,6.201292037963867,19.616451263427734,19.725706100463867,19.606517791748047,19.685977935791016,7414722
2005-08-01,6.166752815246582,19.50719451904297,19.606517791748047,19.477397918701172,19.52705955505371,1683450
2005-08-02,6.157334327697754,19.477397918701172,19.586654663085938,19.397937774658203,19.417802810668945,3468978
2005-08-03,6.135355472564697,19.40787124633789,19.546924591064453,19.368141174316406,19.487329483032227,4623201
2005-08-04,6.107095718383789,19.318479537963867,19.52705955505371,19.318479537963867,19.467464447021484,4977107
2005-08-05,6.13221549987793,19.397937774658203,19.52705955505371,19.28868293762207,19.28868293762207,5148039
2005-08-08,6.166752815246582,19.50719451904297,19.556856155395508,19.417802810668945,19.417802810668945,2184579
2005-08-09,6.1541948318481445,19.467464447021484,19.49726104736328,19.40787124633789,19.477397918701172,2143969
2005-08-10,6.151054382324219,19.45753288269043,19.596586227416992,19.30854606628418,19.50719451904297,4329560
2005-08-11,6.2169928550720215,19.666112899780273,19.666112899780273,19.477397918701172,19.477397918701172,5344478
2005-08-12,6.232694149017334,19.715774536132812,19.77536964416504,19.606517791748047,19.69590950012207,4162043
2005-08-15,6.229552745819092,19.705841064453125,19.81509780883789,19.685977935791016,19.76543617248535,3398714
2005-08-16,6.2703728675842285,19.834962844848633,19.854827880859375,19.725706100463867,19.74557113647461,2516832
2005-08-17,6.326889991760254,20.01374626159668,20.093204498291016,19.77536964416504,19.805166244506836,6961701
2005-08-18,6.282930850982666,19.874692916870117,20.18259620666504,19.76543617248535,20.08327293395996,4004096
2005-08-19,6.2766499519348145,19.854827880859375,19.9442195892334,19.77536964416504,19.9442195892334,2003974
2005-08-22,6.289209365844727,19.89455795288086,19.993881225585938,19.805166244506836,19.854827880859375,1608436
2005-08-23,6.2169928550720215,19.666112899780273,19.854827880859375,19.656179428100586,19.77536964416504,3880107
2005-08-24,6.2075724601745605,19.636314392089844,19.715774536132812,19.447599411010742,19.715774536132812,4313238
2005-08-25,6.198153018951416,19.606517791748047,19.656179428100586,19.52705955505371,19.64624786376953,3707948
2005-08-26,6.157334327697754,19.477397918701172,19.64624786376953,19.477397918701172,19.546924591064453,7207590
2005-08-29,6.091398239135742,19.268817901611328,19.427734375,19.219154357910156,19.38800621032715,4922932
2005-08-30,6.147914886474609,19.447599411010742,19.487329483032227,19.348276138305664,19.427734375,3294402
2005-08-31,6.198153018951416,19.606517791748047,19.606517791748047,19.328411102294922,19.35820960998535,5099051
2005-09-01,6.292349815368652,19.904489517211914,19.91442108154297,19.69590950012207,19.735639572143555,9403932
2005-09-02,6.264090538024902,19.81509780883789,19.96408462524414,19.705841064453125,19.96408462524414,5468601
2005-09-05,6.336309432983398,20.043542861938477,20.05347442626953,19.735639572143555,19.79523468017578,4203195
2005-09-06,6.373988628387451,20.162731170654297,20.192529678344727,20.06340789794922,20.06340789794922,5389997
2005-09-07,6.421084880828857,20.311716079711914,20.411041259765625,20.172664642333984,20.361379623413086,5520077
2005-09-08,6.430505275726318,20.341514587402344,20.411041259765625,20.21239471435547,20.40110969543457,3925214
2005-09-09,6.430505275726318,20.341514587402344,20.341514587402344,20.1329345703125,20.311716079711914,2748021
2005-09-12,6.402246475219727,20.25212287902832,20.361379623413086,20.172664642333984,20.341514587402344,4136808
2005-09-13,6.377127170562744,20.172664642333984,20.3216495513916,20.123001098632812,20.222326278686523,4303742
2005-09-14,6.468185901641846,20.460702896118164,20.530229568481445,20.05347442626953,20.06340789794922,3977691
2005-09-15,6.430505275726318,20.341514587402344,20.49049949645996,20.192529678344727,20.331581115722656,10483950
2005-09-16,6.515285968780518,20.609689712524414,20.649417877197266,20.381244659423828,20.510364532470703,4475304
2005-09-19,6.471323013305664,20.47063446044922,20.649417877197266,20.47063446044922,20.589824676513672,2098218
2005-09-20,6.543541431427002,20.699079513549805,20.838132858276367,20.480567932128906,20.550094604492188,3973708
2005-09-21,6.578081130981445,20.80833625793457,20.997051239013672,20.520296096801758,20.56995964050293,4827253
2005-09-22,6.537261962890625,20.679214477539062,20.788471221923828,20.560026168823242,20.68914794921875,4315631
2005-09-23,6.483883380889893,20.510364532470703,20.629552841186523,20.480567932128906,20.560026168823242,4785263
2005-09-26,6.5655198097229,20.768606185913086,20.818269729614258,20.68914794921875,20.75867462158203,5266882
2005-09-27,6.612619400024414,20.917593002319336,20.997051239013672,20.718944549560547,20.818269729614258,3608294
2005-09-28,6.647158145904541,21.0268497467041,21.19569969177246,20.957321166992188,21.00698471069336,4000778
2005-09-29,6.684837818145752,21.14603614807129,21.235429763793945,20.560026168823242,20.560026168823242,4471602
2005-09-30,6.625180721282959,20.957321166992188,21.255292892456055,20.957321166992188,21.00698471069336,7279183
2005-10-03,6.672276496887207,21.106307983398438,21.255292892456055,20.887794494628906,20.957321166992188,1919883
2005-10-04,6.687976837158203,21.155969619750977,21.334753036499023,21.0268497467041,21.136104583740234,3279732
2005-10-05,6.55295991897583,20.7288761138916,21.07651138305664,20.7288761138916,20.967254638671875,3601438
2005-10-06,6.515285968780518,20.609689712524414,21.036781311035156,20.609689712524414,20.709012985229492,4674746
2005-10-07,6.421084880828857,20.311716079711914,20.709012985229492,20.20246124267578,20.659351348876953,3968479
2005-10-10,6.443063259124756,20.381244659423828,20.560026168823242,20.262054443359375,20.361379623413086,2885707
2005-10-11,6.424227237701416,20.3216495513916,20.420974731445312,20.242191314697266,20.3216495513916,3995132
2005-10-12,6.493302345275879,20.5401611328125,20.659351348876953,20.381244659423828,20.411041259765625,3714203
2005-10-13,6.465045928955078,20.45077133178711,20.49049949645996,20.25212287902832,20.37131118774414,4874634
2005-10-14,6.380265712738037,20.18259620666504,20.460702896118164,20.10313606262207,20.361379623413086,4143188
2005-10-17,6.5027241706848145,20.56995964050293,20.609689712524414,20.361379623413086,20.381244659423828,3322036
2005-10-18,6.455625534057617,20.420974731445312,20.669282913208008,20.311716079711914,20.659351348876953,3430889
2005-10-19,6.389688968658447,20.21239471435547,20.430906295776367,20.20246124267578,20.271987915039062,3486602
2005-10-20,6.408527374267578,20.271987915039062,20.480567932128906,20.123001098632812,20.430906295776367,3206255
2005-10-21,6.436784267425537,20.361379623413086,20.530229568481445,20.073339462280273,20.21239471435547,4201359
2005-10-24,6.408527374267578,20.271987915039062,20.341514587402344,20.152799606323242,20.3216495513916,5330544
2005-10-25,6.348868370056152,20.08327293395996,20.460702896118164,20.003814697265625,20.281919479370117,6600502
2005-10-26,6.436784267425537,20.361379623413086,20.440837860107422,20.08327293395996,20.113069534301758,4823290
2005-10-27,6.4053874015808105,20.262054443359375,20.391176223754883,20.192529678344727,20.311716079711914,4426284
2005-10-28,6.399108409881592,20.242191314697266,20.391176223754883,20.162731170654297,20.232257843017578,11491568
2005-10-31,6.515285968780518,20.609689712524414,20.609689712524414,20.331581115722656,20.37131118774414,4023241
2005-11-01,6.461904525756836,20.440837860107422,20.718944549560547,20.381244659423828,20.679214477539062,3873725
2005-11-02,6.439926624298096,20.37131118774414,20.649417877197266,20.311716079711914,20.589824676513672,2041629
2005-11-03,6.640878200531006,21.00698471069336,21.523468017578125,20.997051239013672,21.304954528808594,30215379
2005-11-04,6.675416469573975,21.116239547729492,21.255292892456055,21.04671287536621,21.04671287536621,3597977
2005-11-07,6.719375133514404,21.255292892456055,21.255292892456055,21.00698471069336,21.00698471069336,3388695
2005-11-08,6.804152965545654,21.523468017578125,21.58306121826172,21.31488800048828,21.503602981567383,4092704
2005-11-09,6.788454055786133,21.473806381225586,21.672452926635742,21.384414672851562,21.384414672851562,3791502
2005-11-10,6.923471927642822,21.900897979736328,21.910831451416016,21.523468017578125,21.652589797973633,10206071
2005-11-11,7.049065113067627,22.298192977905273,22.486909866333008,22.000221252441406,22.059816360473633,9335633
2005-11-14,7.008246898651123,22.169071197509766,22.318058013916016,22.15913963317871,22.318058013916016,5405936
2005-11-15,7.077324390411377,22.387584686279297,22.42731475830078,22.198869705200195,22.198869705200195,5163430
2005-11-16,7.184080600738525,22.72528648376465,22.854406356811523,22.39751625061035,22.42731475830078,8405601
2005-11-17,7.306116580963135,22.59616470336914,22.74515151977539,22.556434631347656,22.74515151977539,529547
2005-11-18,7.286848068237305,22.536571502685547,22.606096267700195,22.536571502685547,22.606096267700195,123112
2005-11-21,7.129486083984375,22.049884796142578,22.129343032836914,22.030019760131836,22.06974983215332,4935468
2005-11-22,7.1134257316589355,22.000221252441406,22.129343032836914,21.980356216430664,22.099546432495117,5619218
2005-11-23,7.1102142333984375,21.99028968811035,22.049884796142578,21.980356216430664,22.030019760131836,6197052
2005-11-24,7.184080600738525,22.218734741210938,22.258464813232422,22.03995132446289,22.049884796142578,6074753
2005-11-25,7.097369194030762,21.950559616088867,22.198869705200195,21.950559616088867,22.169071197509766,3410388
2005-11-28,7.1230645179748535,22.030019760131836,22.030019760131836,21.861169815063477,22.000221252441406,2608540
2005-11-29,7.193714141845703,22.248531341552734,22.30812644958496,21.900897979736328,21.950559616088867,4513362
2005-11-30,7.206560134887695,22.28826141357422,22.39751625061035,22.169071197509766,22.39751625061035,6216071
2005-12-01,7.0652546882629395,21.85123634338379,22.218734741210938,21.692317962646484,22.149208068847656,5549872
2005-12-02,7.103792667388916,21.97042465209961,22.20880126953125,21.960491180419922,22.20880126953125,3307994
2005-12-05,7.097369194030762,21.950559616088867,22.03995132446289,21.702251434326172,21.97042465209961,2760406
2005-12-06,7.033139705657959,21.751911163330078,21.99028968811035,21.751911163330078,21.900897979736328,3168793
2005-12-07,7.081315040588379,21.900897979736328,21.99028968811035,21.811506271362305,21.890966415405273,4270564
2005-12-08,6.94321870803833,21.473806381225586,21.910831451416016,21.473806381225586,21.761844635009766,4491557
2005-12-09,6.952852249145508,21.503602981567383,21.60292625427246,21.225496292114258,21.354616165161133,4675253
2005-12-12,7.11663818359375,22.010154724121094,22.129343032836914,21.692317962646484,21.751911163330078,5780632
2005-12-13,7.071677207946777,21.87110137939453,22.059816360473633,21.821439743041992,21.97042465209961,3170019
2005-12-14,7.161600112915039,22.149208068847656,22.149208068847656,21.85123634338379,21.87110137939453,4913986
2005-12-15,7.155177593231201,22.129343032836914,22.278329849243164,22.03995132446289,22.248531341552734,7468512
2005-12-16,7.193714141845703,22.248531341552734,22.347854614257812,22.06974983215332,22.06974983215332,5211042
2005-12-19,7.290058612823486,22.5465030670166,22.774948120117188,22.5465030670166,22.59616470336914,12056666
2005-12-20,7.261157512664795,22.457111358642578,22.586231231689453,22.20880126953125,22.496841430664062,5778092
2005-12-21,7.286848068237305,22.536571502685547,22.67562484741211,22.447179794311523,22.606096267700195,5411467
2005-12-22,7.219407081604004,22.327991485595703,22.606096267700195,22.278329849243164,22.30812644958496,5918783
2005-12-23,7.315749645233154,22.625961303710938,22.7650146484375,22.42731475830078,22.447179794311523,5832096
2005-12-28,7.3864030838012695,22.84447479248047,22.91400146484375,22.64582633972168,22.64582633972168,1597472
2005-12-29,7.383193016052246,22.83454132080078,22.943798065185547,22.71535301208496,22.943798065185547,1175521
2005-12-30,7.306116580963135,22.59616470336914,22.824609756469727,22.506772994995117,22.824609756469727,2767770
2006-01-03,7.296483039855957,22.566368103027344,22.72528648376465,22.447179794311523,22.486909866333008,1047569
2006-01-04,7.341441631317139,22.705421447753906,22.81467628479004,22.5762996673584,22.69548988342285,3367868
2006-01-05,7.367135047912598,22.784879684448242,23.013324737548828,22.64582633972168,22.84447479248047,2395192
2006-01-06,7.3703484535217285,22.794811248779297,22.894136428833008,22.71535301208496,22.755083084106445,2909763
2006-01-09,7.3992486000061035,22.884204864501953,23.00339126586914,22.854406356811523,22.884204864501953,3068742
2006-01-10,7.402461528778076,22.894136428833008,22.904069900512695,22.774948120117188,22.84447479248047,6801710
2006-01-11,7.463479042053223,23.08285140991211,23.15237808227539,22.96366310119629,23.043121337890625,5093716
2006-01-12,7.444210529327393,23.023256301879883,23.25170135498047,22.904069900512695,23.13251304626465,4668610
2006-01-13,7.3992486000061035,22.884204864501953,23.072919845581055,22.804744720458984,23.072919845581055,2783463
2006-01-16,7.3992486000061035,22.884204864501953,23.03318977355957,22.7650146484375,22.993459701538086,2886997
2006-01-17,7.4377875328063965,23.00339126586914,23.072919845581055,22.755083084106445,22.933866500854492,1762937
2006-01-18,7.3221755027771,22.64582633972168,22.993459701538086,22.556434631347656,22.84447479248047,3262522
2006-01-19,7.376768112182617,22.81467628479004,22.894136428833008,22.5465030670166,22.794811248779297,2638459
2006-01-20,7.318962574005127,22.635894775390625,22.923933029174805,22.566368103027344,22.854406356811523,4121366
2006-01-23,7.261157512664795,22.457111358642578,22.5465030670166,22.248531341552734,22.52663803100586,4127671
2006-01-24,7.286848068237305,22.536571502685547,22.536571502685547,22.268396377563477,22.516706466674805,3729036
2006-01-25,7.376768112182617,22.81467628479004,22.9537296295166,22.5465030670166,22.59616470336914,7796153
2006-01-27,7.428153991699219,22.973594665527344,23.03318977355957,22.904069900512695,23.023256301879883,2844815
2006-01-30,7.402461528778076,22.894136428833008,22.993459701538086,22.7650146484375,22.894136428833008,1932511
2006-01-31,7.47311544418335,23.11264991760254,23.182174682617188,22.933866500854492,22.943798065185547,4605905
2006-02-01,7.575881481170654,23.430484771728516,23.450349807739258,23.231836318969727,23.261634826660156,4683749
2006-02-02,7.485960960388184,23.15237808227539,23.58940315246582,23.15237808227539,23.529809951782227,5300808
2006-02-03,7.498803615570068,23.192108154296875,23.341093063354492,22.894136428833008,23.341093063354492,4374186
2006-02-06,7.572668075561523,23.420551300048828,23.500011444091797,23.11264991760254,23.142446517944336,2507345
2006-02-07,7.5469770431518555,23.341093063354492,23.559606552124023,23.241769790649414,23.53974151611328,2717037
2006-02-08,7.498803615570068,23.192108154296875,23.291431427001953,23.062986373901367,23.211971282958984,4790361
2006-02-09,7.575881481170654,23.430484771728516,23.47021484375,23.30136489868164,23.380823135375977,3241936
2006-02-10,7.572668075561523,23.420551300048828,23.609268188476562,23.341093063354492,23.549673080444336,4452986
2006-02-13,7.563035011291504,23.39075469970703,23.569538116455078,23.37088966369629,23.420551300048828,6878564
2006-02-14,7.582302570343018,23.450349807739258,23.480146408081055,23.2814998626709,23.35102653503418,6571827
2006-02-15,7.463479042053223,23.08285140991211,23.53974151611328,23.043121337890625,23.490079879760742,4260061
2006-02-16,7.428153991699219,22.973594665527344,23.142446517944336,22.904069900512695,23.072919845581055,4378301
2006-02-17,7.37998104095459,22.824609756469727,23.092784881591797,22.735218048095703,22.894136428833008,3837917
2006-02-20,7.408883094787598,22.91400146484375,23.043121337890625,22.81467628479004,22.943798065185547,3415219
2006-02-21,7.460266590118408,23.072919845581055,23.08285140991211,22.774948120117188,22.973594665527344,5169122
2006-02-22,7.508440017700195,23.221904754638672,23.321229934692383,23.11264991760254,23.162309646606445,6707532
2006-02-23,7.543763637542725,23.331161499023438,23.44041633605957,23.2814998626709,23.39075469970703,6804357
2006-02-24,7.563035011291504,23.39075469970703,23.460281372070312,23.261634826660156,23.291431427001953,7580121
2006-02-27,7.6208415031433105,23.569538116455078,23.569538116455078,23.08285140991211,23.529809951782227,4397886
2006-02-28,7.582302570343018,23.450349807739258,23.698659896850586,23.410619735717773,23.609268188476562,3686424
2006-03-01,7.4506306648254395,23.043121337890625,23.420551300048828,22.973594665527344,23.341093063354492,5570476
2006-03-02,7.466690540313721,23.092784881591797,23.241769790649414,22.904069900512695,23.142446517944336,3825528
2006-03-03,7.447422027587891,23.03318977355957,23.241769790649414,22.96366310119629,22.993459701538086,3033093
2006-03-06,7.402461528778076,22.894136428833008,23.03318977355957,22.755083084106445,23.03318977355957,3570228
2006-03-07,7.341441631317139,22.705421447753906,22.784879684448242,22.635894775390625,22.69548988342285,4250496
2006-03-08,7.415307998657227,22.933866500854492,22.98352813720703,22.566368103027344,22.606096267700195,5340621
2006-03-09,7.524497985839844,23.27156639099121,23.321229934692383,22.91400146484375,22.96366310119629,4231382
2006-03-10,7.505228519439697,23.211971282958984,23.37088966369629,23.211971282958984,23.241769790649414,3273816
2006-03-13,7.5469770431518555,23.341093063354492,23.380823135375977,23.221904754638672,23.380823135375977,1826286
2006-03-14,7.633688926696777,23.609268188476562,23.698659896850586,23.360958099365234,23.44041633605957,8593110
2006-03-15,7.681859970092773,23.75825309753418,23.817848205566406,23.58940315246582,23.817848205566406,5517171
2006-03-16,7.710761547088623,23.847644805908203,24.036359786987305,23.718524932861328,24.036359786987305,8704771
2006-03-17,7.659379959106445,23.6887264251709,24.036359786987305,23.6887264251709,23.966833114624023,4792168
2006-03-20,7.7236104011535645,23.887374877929688,24.07608985900879,23.788049697875977,23.788049697875977,3541499
2006-03-21,7.720397472381592,23.87744140625,24.056224822998047,23.788049697875977,23.937036514282227,2535634
2006-03-22,7.717186450958252,23.867509841918945,23.986698150634766,23.797983169555664,23.837711334228516,4910242
2006-03-23,7.730031490325928,23.90723991394043,24.006563186645508,23.788049697875977,23.867509841918945,5285577
2006-03-24,7.6625895500183105,23.698659896850586,23.90723991394043,23.629131317138672,23.857576370239258,4230134
2006-03-27,7.652960300445557,23.668861389160156,23.768186569213867,23.599334716796875,23.698659896850586,3034580
2006-03-28,7.627263069152832,23.58940315246582,23.837711334228516,23.51987648010254,23.579469680786133,3638551
2006-03-29,7.588726043701172,23.47021484375,23.549673080444336,23.40068817138672,23.490079879760742,3748302
2006-03-30,7.636897563934326,23.619199752807617,23.6887264251709,23.450349807739258,23.490079879760742,4490311
2006-03-31,7.649744033813477,23.6589298248291,23.788049697875977,23.450349807739258,23.579469680786133,9331939
2006-04-03,7.758936405181885,23.99662971496582,24.056224822998047,23.668861389160156,23.6887264251709,3942010
2006-04-04,7.755722522735596,23.986698150634766,24.423723220825195,23.986698150634766,24.185346603393555,5360596
2006-04-05,7.819952011108398,24.185346603393555,24.26480484008789,24.02642822265625,24.056224822998047,4590726
2006-04-06,7.707550525665283,23.837711334228516,24.26480484008789,23.63906478881836,24.09595489501953,6956614
2006-04-07,7.778204917907715,24.056224822998047,24.105886459350586,23.748321533203125,23.748321533203125,3045151
2006-04-10,7.730031490325928,23.90723991394043,24.0661563873291,23.847644805908203,24.016494750976562,3943575
2006-04-11,7.816740989685059,24.175413131713867,24.36412811279297,24.0661563873291,24.086021423339844,6377563
2006-04-12,7.829588413238525,24.21514320373535,24.324399948120117,24.006563186645508,24.036359786987305,3732843
2006-04-13,7.858492374420166,24.304534912109375,24.423723220825195,24.14561653137207,24.3939266204834,3101236
2006-04-18,7.916297912597656,24.48331642150879,24.691896438598633,24.344263076782227,24.51311492919922,6298594
2006-04-19,7.951622009277344,24.592573165893555,24.721694946289062,24.5826416015625,24.681964874267578,4991226
2006-04-20,7.871338367462158,24.344263076782227,24.50318145751953,24.19527816772461,24.423723220825195,5651430
2006-04-21,7.916297912597656,24.48331642150879,24.711761474609375,24.36412811279297,24.36412811279297,3725645
2006-04-24,7.900240421295166,24.43365478515625,24.532978057861328,24.294601440429688,24.532978057861328,3496825
2006-04-26,8.006220817565918,24.761423110961914,24.970003128051758,24.453519821166992,24.532978057861328,5142012
2006-04-27,8.060813903808594,24.930273056030273,25.148786544799805,24.830949783325195,24.910409927368164,6043204
2006-04-28,8.060813903808594,24.930273056030273,25.06932830810547,24.8011531829834,25.029598236083984,16039488
2006-05-01,8.112196922302246,25.089191436767578,25.168651580810547,24.880611419677734,24.970003128051758,2951193
2006-05-02,8.076872825622559,24.979936599731445,25.1785831451416,24.900476455688477,25.079259872436523,3487431
2006-05-03,8.035120964050293,24.850814819335938,24.900476455688477,24.55284309387207,24.741558074951172,5634430
2006-05-04,7.826375484466553,24.205209732055664,24.532978057861328,24.125751495361328,24.48331642150879,7515174
2006-05-05,7.845643997192383,24.26480484008789,24.403858184814453,24.02642822265625,24.31446647644043,8051600
2006-05-08,7.903454303741455,24.443588256835938,24.50318145751953,24.274736404418945,24.423723220825195,6182318
2006-05-09,7.954832077026367,24.602506637573242,24.741558074951172,24.532978057861328,24.572708129882812,4777633
2006-05-10,7.948412895202637,24.5826416015625,24.900476455688477,24.473384857177734,24.830949783325195,3442288
2006-05-11,7.8520660400390625,24.284669876098633,24.592573165893555,24.04629135131836,24.5826416015625,11071191
2006-05-12,7.791050434112549,24.09595489501953,24.185346603393555,24.006563186645508,24.175413131713867,4880825
2006-05-15,7.659379959106445,23.6887264251709,23.837711334228516,23.619199752807617,23.837711334228516,6997329
2006-05-16,7.717186450958252,23.867509841918945,24.04629135131836,23.678794860839844,23.728456497192383,6292203
2006-05-17,7.701130390167236,23.817848205566406,24.006563186645508,23.6887264251709,23.87744140625,6116802
2006-05-18,7.595150947570801,23.490079879760742,23.609268188476562,23.25170135498047,23.509944915771484,4944735
2006-05-19,7.5469770431518555,23.341093063354492,23.500011444091797,23.30136489868164,23.480146408081055,5847591
2006-05-22,7.495591640472412,23.182174682617188,23.460281372070312,23.182174682617188,23.311296463012695,4542643
2006-05-23,7.508440017700195,23.221904754638672,23.360958099365234,23.08285140991211,23.162309646606445,4717795
2006-05-24,7.434576988220215,22.993459701538086,23.211971282958984,22.923933029174805,23.162309646606445,6110271
2006-05-25,7.338231086730957,22.69548988342285,23.023256301879883,22.69548988342285,22.943798065185547,7910779
2006-05-26,7.492382049560547,23.172243118286133,23.20203971862793,22.874271392822266,22.993459701538086,11058773
2006-05-29,7.530920505523682,23.291431427001953,23.460281372070312,23.231836318969727,23.39075469970703,3532135
2006-05-30,7.514862537384033,23.241769790649414,23.311296463012695,23.122581481933594,23.241769790649414,4294526
2006-05-31,7.367135047912598,22.784879684448242,23.072919845581055,22.784879684448242,22.943798065185547,7778439
2006-06-01,7.373716831207275,22.248531341552734,22.39751625061035,22.079681396484375,22.39751625061035,11074609
2006-06-02,7.640353679656982,23.053054809570312,23.053054809570312,22.874271392822266,22.96366310119629,26821
2006-06-05,7.390176773071289,22.298192977905273,22.347854614257812,22.129343032836914,22.318058013916016,4710436
2006-06-06,7.337508678436279,22.13927459716797,22.228666305541992,22.099546432495117,22.149208068847656,7036009
2006-06-07,7.340798854827881,22.149208068847656,22.20880126953125,22.149208068847656,22.15913963317871,6359767
2006-06-08,7.225584983825684,21.80157470703125,22.13927459716797,21.692317962646484,22.13927459716797,6804039
2006-06-09,7.390176773071289,22.298192977905273,22.52663803100586,21.85123634338379,22.030019760131836,8080296
2006-06-13,7.242044925689697,21.85123634338379,22.228666305541992,21.58306121826172,21.950559616088867,4818778
2006-06-14,7.209125518798828,21.751911163330078,22.109477996826172,21.473806381225586,21.503602981567383,5748650
2006-06-15,7.159748554229736,21.60292625427246,22.000221252441406,21.41421127319336,21.99028968811035,12564459
2006-06-16,7.245334625244141,21.861169815063477,22.030019760131836,21.791641235351562,21.890966415405273,3519813
2006-06-19,7.205834865570068,21.741979598999023,21.950559616088867,21.61285972595215,21.950559616088867,3081089
2006-06-20,7.192667007446289,21.702251434326172,21.841304779052734,21.503602981567383,21.622791290283203,4568715
2006-06-21,7.258504867553711,21.900897979736328,22.000221252441406,21.831371307373047,21.841304779052734,3031228
2006-06-22,7.409931182861328,22.3577880859375,22.5465030670166,22.129343032836914,22.13927459716797,6496776
2006-06-23,7.396761417388916,22.318058013916016,22.42731475830078,22.179004669189453,22.298192977905273,3480248
2006-06-26,7.3605523109436035,22.20880126953125,22.347854614257812,21.960491180419922,22.318058013916016,3884353
2006-06-27,7.390176773071289,22.298192977905273,22.447179794311523,22.248531341552734,22.268396377563477,3569789
2006-06-28,7.390176773071289,22.298192977905273,22.298192977905273,21.92076301574707,22.13927459716797,3875815
2006-06-29,7.521851539611816,22.69548988342285,22.69548988342285,22.298192977905273,22.347854614257812,5019145
2006-06-30,7.663401126861572,23.122581481933594,23.25170135498047,22.904069900512695,23.20203971862793,13103196
2006-07-03,7.663401126861572,23.122581481933594,23.122581481933594,22.96366310119629,22.993459701538086,4078395
2006-07-04,7.62060546875,22.993459701538086,23.182174682617188,22.933866500854492,23.142446517944336,2492024
2006-07-05,7.610729694366455,22.96366310119629,23.122581481933594,22.69548988342285,22.84447479248047,3057077
2006-07-06,7.663401126861572,23.122581481933594,23.142446517944336,22.7650146484375,22.894136428833008,2792844
2006-07-07,7.637063980102539,23.043121337890625,23.291431427001953,22.84447479248047,23.221904754638672,3539075
2006-07-10,7.541600227355957,22.755083084106445,22.98352813720703,22.69548988342285,22.894136428833008,5026086
2006-07-11,7.416512489318848,22.37765121459961,22.67562484741211,22.298192977905273,22.67562484741211,5889102
2006-07-12,7.298007488250732,22.02008628845215,22.39751625061035,21.940628051757812,22.387584686279297,10946387
2006-07-13,7.189374923706055,21.692317962646484,22.000221252441406,21.68238639831543,21.85123634338379,8078437
2006-07-14,7.146580219268799,21.563196182250977,21.910831451416016,21.36454963684082,21.404279708862305,9165841
2006-07-17,7.110372543334961,21.453941345214844,21.503602981567383,21.16590118408203,21.48373794555664,9903247
2006-07-18,7.047823429107666,21.265226364135742,21.573129653930664,21.235429763793945,21.453941345214844,5954220
2006-07-19,7.028073787689209,21.205631256103516,21.4638729095459,21.185766220092773,21.31488800048828,4580615
2006-07-20,7.2650885581970215,21.92076301574707,21.960491180419922,21.523468017578125,21.692317962646484,6732489
2006-07-21,7.291421890258789,22.000221252441406,22.06974983215332,21.80157470703125,21.85123634338379,4162168
2006-07-24,7.27825403213501,21.960491180419922,22.099546432495117,21.791641235351562,21.900897979736328,3646050
2006-07-25,7.373716831207275,22.248531341552734,22.367719650268555,22.06974983215332,22.347854614257812,4962667
2006-07-26,7.274961471557617,21.950559616088867,22.318058013916016,21.642656326293945,22.318058013916016,7982843
2006-07-27,7.34738302230835,22.169071197509766,22.198869705200195,21.77177619934082,21.950559616088867,6394897
2006-07-28,7.219001293182373,21.781709671020508,22.06974983215332,21.622791290283203,21.890966415405273,8687121
2006-07-31,7.242044925689697,21.85123634338379,22.149208068847656,21.652589797973633,22.099546432495117,4683598
2006-08-01,7.2683820724487305,21.930694580078125,22.15913963317871,21.841304779052734,21.85123634338379,4628428
2006-08-02,7.245334625244141,21.861169815063477,21.910831451416016,21.702251434326172,21.831371307373047,5466697
2006-08-03,7.340798854827881,22.149208068847656,22.149208068847656,21.950559616088867,22.049884796142578,3654988
2006-08-04,7.353967189788818,22.188936233520508,22.248531341552734,21.97042465209961,22.179004669189453,4558477
2006-08-07,7.373716831207275,22.248531341552734,22.248531341552734,22.049884796142578,22.049884796142578,2533470
2006-08-08,7.488933563232422,22.59616470336914,22.655759811401367,22.179004669189453,22.20880126953125,5747943
2006-08-09,7.465890884399414,22.52663803100586,22.64582633972168,22.11941146850586,22.347854614257812,6321126
2006-08-10,7.462599277496338,22.516706466674805,22.516706466674805,22.258464813232422,22.258464813232422,4255089
2006-08-11,7.419803619384766,22.387584686279297,22.59616470336914,22.30812644958496,22.5762996673584,2586566
2006-08-14,7.462599277496338,22.516706466674805,22.67562484741211,22.278329849243164,22.347854614257812,3720289
2006-08-15,7.482348918914795,22.5762996673584,22.665691375732422,22.3577880859375,22.536571502685547,3168588
2006-08-16,7.5547709465026855,22.794811248779297,22.894136428833008,22.69548988342285,22.774948120117188,4658712
2006-08-17,7.617314338684082,22.98352813720703,22.98352813720703,22.665691375732422,22.933866500854492,7004887
2006-08-18,7.567938327789307,22.83454132080078,22.943798065185547,22.74515151977539,22.943798065185547,3704442
2006-08-21,7.535017490386963,22.735218048095703,22.943798065185547,22.665691375732422,22.794811248779297,3650799
2006-08-22,7.515268325805664,22.67562484741211,22.83454132080078,22.556434631347656,22.74515151977539,2027797
2006-08-23,7.50539493560791,22.64582633972168,22.72528648376465,22.52663803100586,22.64582633972168,2809322
2006-08-24,7.406636714935303,22.347854614257812,22.74515151977539,22.347854614257812,22.536571502685547,4242181
2006-08-25,7.488933563232422,22.59616470336914,22.64582633972168,22.37765121459961,22.37765121459961,7471207
2006-08-28,7.49880838394165,22.625961303710938,22.74515151977539,22.556434631347656,22.59616470336914,1954462
2006-08-29,7.587686538696289,22.894136428833008,22.894136428833008,22.67562484741211,22.69548988342285,2602900
2006-08-30,7.623896598815918,23.00339126586914,23.142446517944336,22.9537296295166,23.092784881591797,2396579
2006-08-31,7.693027019500732,23.211971282958984,23.221904754638672,23.00339126586914,23.043121337890625,4313527
2006-09-01,7.623896598815918,23.00339126586914,23.2814998626709,22.904069900512695,23.241769790649414,3779737
2006-09-04,7.637063980102539,23.043121337890625,23.27156639099121,23.013324737548828,23.182174682617188,3868887
2006-09-05,7.669981479644775,23.142446517944336,23.221904754638672,23.11264991760254,23.211971282958984,1967033
2006-09-06,7.633774280548096,23.03318977355957,23.311296463012695,22.923933029174805,23.25170135498047,3163477
2006-09-07,7.643649578094482,23.062986373901367,23.142446517944336,22.894136428833008,23.00339126586914,2206490
2006-09-08,7.673275470733643,23.15237808227539,23.311296463012695,22.854406356811523,22.894136428833008,2269296
2006-09-11,7.640353679656982,23.053054809570312,23.25170135498047,22.923933029174805,23.25170135498047,2708024
2006-09-12,7.663401126861572,23.122581481933594,23.311296463012695,22.96366310119629,23.043121337890625,3245812
2006-09-13,7.679858207702637,23.172243118286133,23.211971282958984,22.933866500854492,23.211971282958984,4226718
2006-09-14,7.735818862915039,23.341093063354492,23.37088966369629,23.20203971862793,23.211971282958984,2938455
2006-09-15,7.5547709465026855,22.794811248779297,23.122581481933594,22.496841430664062,23.072919845581055,11805187
2006-09-18,7.521851539611816,22.69548988342285,22.7650146484375,22.47697639465332,22.69548988342285,6505478
2006-09-19,7.419803619384766,22.387584686279297,22.83454132080078,22.30812644958496,22.774948120117188,9235066
2006-09-20,7.377011299133301,22.258464813232422,22.268396377563477,22.000221252441406,22.06974983215332,7928551
2006-09-21,7.340798854827881,22.149208068847656,22.496841430664062,22.049884796142578,22.387584686279297,10234483
2006-09-22,7.274961471557617,21.950559616088867,22.049884796142578,21.77177619934082,21.940628051757812,5183961
2006-09-25,7.2815470695495605,21.97042465209961,22.08961296081543,21.841304779052734,21.861169815063477,4694642
2006-09-26,7.291421890258789,22.000221252441406,22.15913963317871,21.99028968811035,22.099546432495117,3575874
2006-09-27,7.4329705238342285,22.42731475830078,22.566368103027344,22.228666305541992,22.337923049926758,3887106
2006-09-28,7.423097133636475,22.39751625061035,22.467044830322266,22.28826141357422,22.42731475830078,2938229
2006-09-29,7.475764751434326,22.556434631347656,22.59616470336914,22.347854614257812,22.447179794311523,6242619
2006-10-02,7.508685111999512,22.655759811401367,22.84447479248047,22.64582633972168,22.74515151977539,2030262
2006-10-03,7.5317254066467285,22.72528648376465,22.774948120117188,22.37765121459961,22.625961303710938,3643785
2006-10-04,7.521851539611816,22.69548988342285,22.923933029174805,22.59616470336914,22.665691375732422,2648137
2006-10-05,7.623896598815918,23.00339126586914,23.062986373901367,22.923933029174805,22.993459701538086,3743637
2006-10-06,7.62060546875,22.993459701538086,23.072919845581055,22.973594665527344,23.043121337890625,2023130
2006-10-09,7.57122802734375,22.84447479248047,23.08285140991211,22.83454132080078,23.023256301879883,2779701
2006-10-10,7.567938327789307,22.83454132080078,22.98352813720703,22.71535301208496,22.943798065185547,4092886
2006-10-11,7.587686538696289,22.894136428833008,22.9537296295166,22.774948120117188,22.84447479248047,5867373
2006-10-12,7.551478862762451,22.784879684448242,23.062986373901367,22.665691375732422,22.74515151977539,5967589
2006-10-13,7.640353679656982,23.053054809570312,23.13251304626465,22.96366310119629,23.062986373901367,5962341
2006-10-16,7.6074395179748535,22.9537296295166,23.142446517944336,22.83454132080078,23.142446517944336,4133658
2006-10-17,7.5317254066467285,22.72528648376465,23.03318977355957,22.625961303710938,22.943798065185547,4866047
2006-10-18,7.590978622436523,22.904069900512695,22.993459701538086,22.625961303710938,22.69548988342285,7297681
2006-10-19,7.683149337768555,23.182174682617188,23.321229934692383,22.993459701538086,23.092784881591797,7962464
2006-10-20,7.745697021484375,23.37088966369629,23.490079879760742,23.261634826660156,23.341093063354492,4396597
2006-10-23,7.762155532836914,23.420551300048828,23.579469680786133,23.360958099365234,23.490079879760742,3005991
2006-10-24,7.742405414581299,23.360958099365234,23.63906478881836,23.241769790649414,23.599334716796875,4666631
2006-10-25,7.775321960449219,23.460281372070312,23.549673080444336,23.380823135375977,23.420551300048828,5027483
2006-10-26,7.8938307762146,23.817848205566406,23.97676658630371,23.668861389160156,23.718524932861328,8171688
2006-10-27,7.877369403839111,23.768186569213867,23.937036514282227,23.648996353149414,23.788049697875977,13281277
2006-10-30,7.8938307762146,23.817848205566406,23.817848205566406,23.599334716796875,23.678794860839844,2359378
2006-10-31,7.883950233459473,23.788049697875977,23.897306442260742,23.668861389160156,23.698659896850586,5583277
2006-11-01,7.903702259063721,23.847644805908203,24.02642822265625,23.82777976989746,23.937036514282227,4802264
2006-11-02,7.834574222564697,23.63906478881836,23.788049697875977,23.490079879760742,23.728456497192383,8104108
2006-11-03,7.877369403839111,23.768186569213867,23.87744140625,23.51987648010254,23.58940315246582,5602693
2006-11-06,7.966249465942383,24.036359786987305,24.07608985900879,23.778118133544922,23.837711334228516,5232923
2006-11-07,8.018916130065918,24.19527816772461,24.31446647644043,24.155548095703125,24.225074768066406,5417443
2006-11-08,8.025501251220703,24.21514320373535,24.324399948120117,24.165481567382812,24.324399948120117,5143431
2006-11-09,8.051836013793945,24.294601440429688,24.493249893188477,24.235008239746094,24.235008239746094,8820331
2006-11-10,8.124255180358887,24.51311492919922,24.642234802246094,24.31446647644043,24.43365478515625,8975575
2006-11-13,8.19338607788086,24.721694946289062,24.890544891357422,24.523046493530273,24.523046493530273,6627442
2006-11-14,8.232888221740723,24.840883255004883,25.099124908447266,24.840883255004883,24.930273056030273,9271830
2006-11-15,8.127549171447754,24.523046493530273,25.029598236083984,24.523046493530273,25.029598236083984,8427084
2006-11-16,8.360342979431152,24.612438201904297,24.63230323791504,24.43365478515625,24.523046493530273,1597826
2006-11-17,8.387333869934082,24.691896438598633,24.70182991027832,24.38399314880371,24.38399314880371,1050805
2006-11-20,8.016213417053223,23.599334716796875,24.09595489501953,23.599334716796875,24.07608985900879,5492780
2006-11-21,8.039830207824707,23.668861389160156,23.817848205566406,23.58940315246582,23.738388061523438,3436511
2006-11-22,8.103930473327637,23.857576370239258,23.897306442260742,23.788049697875977,23.897306442260742,9073131
2006-11-23,8.262503623962402,24.324399948120117,24.344263076782227,23.817848205566406,23.837711334228516,6252141
2006-11-24,8.201774597167969,24.14561653137207,24.31446647644043,24.036359786987305,24.254871368408203,4444667
2006-11-27,8.178156852722168,24.07608985900879,24.254871368408203,24.07608985900879,24.135683059692383,2482285
2006-11-28,8.053323745727539,23.70859146118164,23.97676658630371,23.698659896850586,23.797983169555664,4945654
2006-11-29,8.198400497436523,24.135683059692383,24.175413131713867,23.748321533203125,23.788049697875977,3967088
2006-11-30,8.232137680053711,24.235008239746094,24.334331512451172,24.09595489501953,24.254871368408203,3602091
2006-12-01,8.063446998596191,23.738388061523438,24.294601440429688,23.648996353149414,24.284669876098633,5964612
2006-12-04,8.016213417053223,23.599334716796875,23.778118133544922,23.53974151611328,23.6887264251709,5730797
2006-12-05,7.938615798950195,23.37088966369629,23.797983169555664,23.37088966369629,23.75825309753418,4849008
2006-12-06,7.995970726013184,23.53974151611328,23.599334716796875,23.331161499023438,23.58940315246582,3504160
2006-12-07,8.046577453613281,23.6887264251709,23.748321533203125,23.58940315246582,23.629131317138672,4229069
2006-12-08,7.979102611541748,23.490079879760742,23.817848205566406,23.490079879760742,23.698659896850586,3326544
2006-12-11,8.060075759887695,23.728456497192383,23.82777976989746,23.509944915771484,23.53974151611328,2940003
2006-12-12,8.049951553344727,23.698659896850586,23.97676658630371,23.698659896850586,23.867509841918945,3608171
2006-12-13,8.053323745727539,23.70859146118164,23.847644805908203,23.629131317138672,23.82777976989746,3715897
2006-12-14,8.103930473327637,23.857576370239258,23.97676658630371,23.63906478881836,23.837711334228516,5217468
2006-12-15,8.029706954956055,23.63906478881836,23.847644805908203,23.609268188476562,23.817848205566406,4173627
2006-12-18,8.049951553344727,23.698659896850586,23.857576370239258,23.698659896850586,23.857576370239258,4116806
2006-12-19,8.049951553344727,23.698659896850586,23.837711334228516,23.63906478881836,23.797983169555664,6000970
2006-12-20,8.076942443847656,23.778118133544922,23.857576370239258,23.718524932861328,23.738388061523438,4098487
2006-12-21,8.073567390441895,23.768186569213867,23.897306442260742,23.678794860839844,23.887374877929688,10592941
2006-12-22,8.171408653259277,24.056224822998047,24.056224822998047,23.698659896850586,23.82777976989746,4895380
2006-12-27,8.195028305053711,24.125751495361328,24.165481567382812,24.036359786987305,24.04629135131836,1373069
2006-12-28,8.154540061950684,24.006563186645508,24.19527816772461,23.94696807861328,24.155548095703125,1157229
2006-12-29,8.178156852722168,24.07608985900879,24.135683059692383,23.966833114624023,24.07608985900879,1064382
2007-01-02,8.171408653259277,24.056224822998047,24.125751495361328,23.966833114624023,24.086021423339844,1680220
2007-01-03,8.13767147064209,23.95690155029297,24.135683059692383,23.887374877929688,24.086021423339844,2126267
2007-01-04,8.100558280944824,23.847644805908203,24.086021423339844,23.837711334228516,23.837711334228516,2610874
2007-01-05,8.029706954956055,23.63906478881836,24.04629135131836,23.609268188476562,23.97676658630371,2694202
2007-01-08,7.9217448234558105,23.321229934692383,23.619199752807617,23.211971282958984,23.58940315246582,4030530
2007-01-09,8.100558280944824,23.847644805908203,23.87744140625,23.53974151611328,23.63906478881836,3347187
2007-01-10,8.019587516784668,23.609268188476562,23.97676658630371,23.58940315246582,23.927104949951172,3237230
2007-01-11,8.110679626464844,23.87744140625,23.99662971496582,23.609268188476562,23.927104949951172,3935790
2007-01-12,8.18152904510498,24.086021423339844,24.086021423339844,23.788049697875977,23.797983169555664,3275950
2007-01-15,8.18152904510498,24.086021423339844,24.115819931030273,23.817848205566406,23.99662971496582,3494615
2007-01-16,8.100558280944824,23.847644805908203,24.185346603393555,23.847644805908203,24.016494750976562,4930388
2007-01-17,8.066819190979004,23.748321533203125,23.857576370239258,23.698659896850586,23.837711334228516,3425155
2007-01-18,8.120798110961914,23.90723991394043,23.937036514282227,23.668861389160156,23.937036514282227,3930765
2007-01-19,8.18152904510498,24.086021423339844,24.115819931030273,23.788049697875977,23.837711334228516,3869078
2007-01-22,8.299612998962402,24.43365478515625,24.493249893188477,24.175413131713867,24.205209732055664,5791285
2007-01-23,8.404203414916992,24.741558074951172,24.791221618652344,24.354196548461914,24.43365478515625,6048913
2007-01-24,8.417699813842773,24.781288146972656,24.930273056030273,24.681964874267578,24.930273056030273,7972926
2007-01-25,8.43456745147705,24.830949783325195,24.94020652770996,24.741558074951172,24.890544891357422,6754170
2007-01-29,8.410950660705566,24.761423110961914,24.950138092041016,24.65216827392578,24.880611419677734,4008142
2007-01-30,8.414326667785645,24.7713565826416,24.82101821899414,24.642234802246094,24.8011531829834,3903543
2007-01-31,8.458185195922852,24.900476455688477,24.950138092041016,24.75149154663086,24.950138092041016,8849691
2007-02-01,8.569520950317383,25.228246688842773,25.35736656188965,24.960071563720703,25.029598236083984,6097235
2007-02-02,8.569520950317383,25.228246688842773,25.35736656188965,25.168651580810547,25.287839889526367,4132667
2007-02-05,8.498672485351562,25.01966667175293,25.267974853515625,25.009733200073242,25.228246688842773,3286293
2007-02-06,8.62012767791748,25.37723159790039,25.466623306274414,25.05939483642578,25.1785831451416,4042729
2007-02-07,8.62012767791748,25.37723159790039,25.506351470947266,25.248109817504883,25.47655487060547,4286220
2007-02-08,8.60326099395752,25.32756805419922,25.486486434936523,25.1785831451416,25.37723159790039,5361490
2007-02-09,8.6066312789917,25.337501525878906,25.397096633911133,25.198448181152344,25.32756805419922,4829073
2007-02-12,8.552651405334473,25.1785831451416,25.297771453857422,25.128921508789062,25.218313217163086,2941387
2007-02-13,8.62012767791748,25.37723159790039,25.416961669921875,25.128921508789062,25.198448181152344,4200677
2007-02-14,8.599884986877441,25.317636489868164,25.54608154296875,25.30770492553711,25.516284942626953,4664159
2007-02-15,8.63699722290039,25.42689323425293,25.565946578979492,25.277908325195312,25.506351470947266,3096048
2007-02-16,8.552651405334473,25.1785831451416,25.47655487060547,25.029598236083984,25.397096633911133,6494133
2007-02-19,8.650493621826172,25.466623306274414,25.565946578979492,25.18851661682129,25.32756805419922,3376407
2007-02-20,8.6538667678833,25.47655487060547,25.76459312438965,25.47655487060547,25.526216506958008,4577042
2007-02-21,8.623502731323242,25.387163162231445,25.59574317932129,25.32756805419922,25.556013107299805,5918652
2007-02-22,8.839426040649414,26.022836685180664,26.06256675720215,25.37723159790039,25.506351470947266,9997934
2007-02-23,8.829303741455078,25.993038177490234,26.15195655822754,25.993038177490234,26.122159957885742,10706912
2007-02-26,8.82593059539795,25.98310661315918,25.993038177490234,25.81425666809082,25.963241577148438,3276961
2007-02-27,8.771951675415039,25.824188232421875,26.310874938964844,25.804323196411133,26.122159957885742,7436985
2007-02-28,8.589764595031738,25.287839889526367,25.575878143310547,25.238178253173828,25.407028198242188,8365337
2007-03-01,8.458185195922852,24.900476455688477,25.416961669921875,24.82101821899414,25.267974853515625,6797253
2007-03-02,8.464932441711426,24.92034149169922,25.248109817504883,24.880611419677734,25.029598236083984,5202365
2007-03-05,8.383959770202637,24.681964874267578,24.999801635742188,24.642234802246094,24.830949783325195,4495868
2007-03-06,8.593137741088867,25.297771453857422,25.297771453857422,24.5826416015625,24.63230323791504,7832940
2007-03-07,8.684233665466309,25.565946578979492,25.62554168701172,25.337501525878906,25.54608154296875,7294748
2007-03-08,8.687605857849121,25.575878143310547,25.59574317932129,25.277908325195312,25.47655487060547,5293353
2007-03-09,8.687605857849121,25.575878143310547,25.76459312438965,25.416961669921875,25.62554168701172,6474928
2007-03-12,8.734838485717773,25.71493148803711,25.78445816040039,25.337501525878906,25.337501525878906,3012179
2007-03-13,8.694353103637695,25.59574317932129,25.93344497680664,25.506351470947266,25.81425666809082,3479671
2007-03-14,8.694353103637695,25.59574317932129,25.93344497680664,25.506351470947266,25.81425666809082,3479671
2007-03-15,8.6538667678833,25.47655487060547,25.575878143310547,25.267974853515625,25.575878143310547,11946659
2007-03-16,8.690977096557617,25.585811614990234,25.59574317932129,25.198448181152344,25.37723159790039,3267670
2007-03-19,8.586390495300293,25.277908325195312,25.565946578979492,25.277908325195312,25.42689323425293,3003235
2007-03-20,8.68085765838623,25.556013107299805,25.724864959716797,25.42689323425293,25.516284942626953,2724694
2007-03-21,8.711223602294922,25.64540672302246,25.724864959716797,25.585811614990234,25.724864959716797,2328313
2007-03-22,8.85629653930664,26.072498321533203,26.072498321533203,25.76459312438965,26.002971649169922,4479026
2007-03-23,8.822556495666504,25.973173141479492,26.092363357543945,25.844053268432617,26.072498321533203,3276421
2007-03-26,8.85629653930664,26.072498321533203,26.22148323059082,26.03276824951172,26.122159957885742,3528127
2007-03-27,8.775324821472168,25.834121704101562,26.17182159423828,25.834121704101562,26.072498321533203,4106964
2007-03-28,8.734838485717773,25.71493148803711,25.963241577148438,25.62554168701172,25.834121704101562,5087659
2007-03-29,8.890033721923828,26.17182159423828,26.17182159423828,25.59574317932129,25.675203323364258,5612791
2007-03-30,8.890033721923828,26.17182159423828,26.261213302612305,26.042701721191406,26.112226486206055,11063144
2007-04-02,8.738216400146484,25.724864959716797,26.012903213500977,25.695066452026367,25.873849868774414,6353054
2007-04-03,8.805689811706543,25.923511505126953,25.993038177490234,25.78445816040039,25.873849868774414,4647203
2007-04-04,8.829303741455078,25.993038177490234,26.201618194580078,25.98310661315918,26.191686630249023,4813209
2007-04-05,8.79556655883789,25.893714904785156,26.022836685180664,25.754661560058594,25.873849868774414,2786137
2007-04-10,8.906903266906738,26.22148323059082,26.261213302612305,25.973173141479492,26.042701721191406,3249985
2007-04-11,8.890033721923828,26.17182159423828,26.350605010986328,26.072498321533203,26.3208065032959,5023449
2007-04-12,8.869789123535156,26.112226486206055,26.241348266601562,26.06256675720215,26.132091522216797,5297784
2007-04-13,8.869789123535156,26.112226486206055,26.34067153930664,26.072498321533203,26.330739974975586,3001214
2007-04-16,8.950762748718262,26.350605010986328,26.509523391723633,26.17182159423828,26.22148323059082,7486358
2007-04-17,9.119453430175781,26.84722328186035,26.94654655456543,26.499589920043945,26.817426681518555,9489348
2007-04-18,9.274651527404785,27.304113388061523,27.413368225097656,26.966411590576172,27.04587173461914,6575031
2007-04-19,9.143070220947266,26.916749954223633,27.28424835205078,26.85715675354004,27.26438331604004,6752631
2007-04-20,9.227416038513184,27.16506004333496,27.29418182373047,26.97634506225586,27.065736770629883,3511916
2007-04-23,9.159940719604492,26.966411590576172,27.33390998840332,26.817426681518555,27.29418182373047,3888892
2007-04-24,9.132946968078613,26.886953353881836,27.343843460083008,26.77769660949707,26.966411590576172,5260447
2007-04-26,9.220667839050293,27.14519500732422,27.26438331604004,26.797561645507812,26.966411590576172,4039966
2007-04-27,9.122828483581543,26.85715675354004,27.2147216796875,26.797561645507812,27.01607322692871,12553494
2007-04-30,9.126202583312988,26.867088317871094,27.204788208007812,26.867088317871094,27.16506004333496,5242183
2007-05-01,9.176806449890137,27.01607322692871,27.14519500732422,26.797561645507812,26.92668342590332,4666531
2007-05-02,9.291520118713379,27.353775024414062,27.393505096435547,27.135263442993164,27.234586715698242,3839452
2007-05-03,9.176806449890137,27.01607322692871,27.254451751708984,26.92668342590332,27.194856643676758,7146933
2007-05-04,9.203801155090332,27.09553337097168,27.33390998840332,26.966411590576172,27.314044952392578,7144561
2007-05-07,9.21729564666748,27.135263442993164,27.16506004333496,26.986276626586914,27.09553337097168,7816630
2007-05-08,9.176806449890137,27.01607322692871,27.155126571655273,26.92668342590332,27.115398406982422,6374272
2007-05-09,9.149818420410156,26.936614990234375,27.224653244018555,26.886953353881836,26.966411590576172,7824558
2007-05-10,9.190306663513184,27.055803298950195,27.105464935302734,26.966411590576172,27.065736770629883,5911204
2007-05-11,9.200427055358887,27.085601806640625,27.174991607666016,26.94654655456543,26.94654655456543,4921653
2007-05-14,9.365742683410645,27.57228660583496,27.57228660583496,27.343843460083008,27.463031768798828,5389968
2007-05-15,9.274651527404785,27.304113388061523,27.661678314208984,27.244518280029297,27.512693405151367,7804259
2007-05-16,9.30501651763916,27.393505096435547,27.472963333129883,27.115398406982422,27.33390998840332,8873338
2007-05-17,9.48801040649414,27.29418182373047,27.413368225097656,27.254451751708984,27.4034366607666,4789412
2007-05-18,9.519082069396973,27.38357162475586,27.4034366607666,27.304113388061523,27.38357162475586,53268
2007-05-21,9.311922073364258,26.787628173828125,26.956480026245117,26.698238372802734,26.956480026245117,5378613
2007-05-22,9.218695640563965,26.519454956054688,26.797561645507812,26.42013168334961,26.787628173828125,5118053
2007-05-23,9.14964485168457,26.3208065032959,26.618778228759766,26.3208065032959,26.430063247680664,6676305
2007-05-24,9.077136993408203,26.112226486206055,26.2910099029541,26.022836685180664,26.201618194580078,5846570
2007-05-25,9.011534690856934,25.923511505126953,26.112226486206055,25.844053268432617,25.923511505126953,6126393
2007-05-28,9.00808334350586,25.9135799407959,26.15195655822754,25.834121704101562,26.122159957885742,3329082
2007-05-29,9.111664772033691,26.211551666259766,26.30094337463379,25.90364646911621,25.9135799407959,4240263
2007-05-30,8.987367630004883,25.853986740112305,26.25128173828125,25.774526596069336,26.22148323059082,4406312
2007-05-31,8.997725486755371,25.8837833404541,26.231416702270508,25.8837833404541,26.072498321533203,4184430
2007-06-01,9.032252311706543,25.98310661315918,26.17182159423828,25.8837833404541,26.142024993896484,3570927
2007-06-04,9.077136993408203,26.112226486206055,26.241348266601562,26.03276824951172,26.201618194580078,3256369
2007-06-05,9.028799057006836,25.973173141479492,26.15195655822754,25.95330810546875,26.022836685180664,2883524
2007-06-06,8.980461120605469,25.834121704101562,26.122159957885742,25.704999923706055,26.122159957885742,4883303
2007-06-07,8.942482948303223,25.724864959716797,25.724864959716797,25.47655487060547,25.61560821533203,3871201
2007-06-08,8.883787155151367,25.556013107299805,25.62554168701172,25.32756805419922,25.37723159790039,5324057
2007-06-12,8.811279296875,25.34743309020996,25.78445816040039,25.18851661682129,25.774526596069336,5422283
2007-06-13,8.745677947998047,25.15871810913086,25.397096633911133,25.049463272094727,25.228246688842773,4435824
2007-06-14,8.756036758422852,25.18851661682129,25.407028198242188,25.10905647277832,25.407028198242188,5176332
2007-06-15,8.814733505249023,25.35736656188965,25.49641990661621,25.267974853515625,25.35736656188965,6881115
2007-06-18,8.873429298400879,25.526216506958008,25.675203323364258,25.486486434936523,25.54608154296875,5501918
2007-06-19,8.949387550354004,25.744728088378906,25.744728088378906,25.516284942626953,25.536148071289062,6110033
2007-06-20,8.921765327453613,25.66526985168457,25.824188232421875,25.61560821533203,25.73479652404785,5619978
2007-06-21,8.92521858215332,25.675203323364258,25.71493148803711,25.526216506958008,25.66526985168457,12367012
2007-06-22,8.970104217529297,25.804323196411133,25.804323196411133,25.337501525878906,25.526216506958008,4632527
2007-06-25,8.869975090026855,25.516284942626953,25.704999923706055,25.446758270263672,25.556013107299805,4215785
2007-06-26,8.838900566101074,25.42689323425293,25.695066452026367,25.35736656188965,25.62554168701172,5895934
2007-06-27,8.690435409545898,24.999801635742188,25.536148071289062,24.999801635742188,25.436826705932617,4949460
2007-06-28,8.776752471923828,25.248109817504883,25.37723159790039,25.1785831451416,25.37723159790039,6576439
2007-06-29,8.859617233276367,25.486486434936523,25.605676651000977,25.218313217163086,25.407028198242188,12410188
2007-07-02,8.92521858215332,25.675203323364258,25.704999923706055,25.49641990661621,25.585811614990234,6807976
2007-07-03,9.01498794555664,25.93344497680664,25.93344497680664,25.64540672302246,25.86391830444336,6381971
2007-07-04,8.959746360778809,25.774526596069336,26.012903213500977,25.685134887695312,25.993038177490234,4382478
2007-07-05,9.132378578186035,26.271146774291992,26.271146774291992,25.804323196411133,25.844053268432617,6740660
2007-07-06,9.115116119384766,26.22148323059082,26.22148323059082,26.022836685180664,26.181753158569336,4154570
2007-07-09,9.166909217834473,26.370468139648438,26.43999671936035,26.22148323059082,26.261213302612305,4447831
2007-07-10,9.118566513061523,26.231416702270508,26.479726791381836,26.231416702270508,26.459861755371094,6384427
2007-07-11,9.090946197509766,26.15195655822754,26.360536575317383,26.06256675720215,26.122159957885742,6153049
2007-07-12,8.994274139404297,25.873849868774414,26.181753158569336,25.685134887695312,26.072498321533203,6040852
2007-07-13,8.994274139404297,25.873849868774414,26.17182159423828,25.81425666809082,26.161888122558594,4813819
2007-07-16,9.066778182983398,26.082429885864258,26.161888122558594,25.923511505126953,26.012903213500977,4209485
2007-07-17,9.115116119384766,26.22148323059082,26.360536575317383,26.06256675720215,26.211551666259766,3032095
2007-07-18,9.13928508758545,26.2910099029541,26.43999671936035,26.132091522216797,26.22148323059082,3727285
2007-07-19,9.232505798339844,26.559185028076172,26.68830680847168,26.449928283691406,26.499589920043945,4327032
2007-07-20,9.218695640563965,26.519454956054688,26.718103408813477,26.48965835571289,26.698238372802734,3126724
2007-07-23,9.218695640563965,26.519454956054688,26.549251556396484,26.34067153930664,26.42013168334961,2441580
2007-07-24,9.253223419189453,26.618778228759766,26.70816993713379,26.48965835571289,26.519454956054688,5009516
2007-07-25,9.13928508758545,26.2910099029541,26.48965835571289,26.25128173828125,26.400266647338867,3824701
2007-07-26,9.011534690856934,25.923511505126953,26.3208065032959,25.9135799407959,26.281078338623047,3902622
2007-07-27,8.876879692077637,25.536148071289062,25.893714904785156,25.387163162231445,25.42689323425293,10183303
2007-07-30,8.90104866027832,25.605676651000977,25.675203323364258,25.32756805419922,25.42689323425293,3395391
2007-07-31,9.046063423156738,26.022836685180664,26.022836685180664,25.49641990661621,25.824188232421875,5490714
2007-08-01,8.821637153625488,25.37723159790039,25.873849868774414,25.18851661682129,25.804323196411133,6125467
2007-08-02,8.949387550354004,25.744728088378906,25.90364646911621,25.297771453857422,25.844053268432617,4656494
2007-08-03,8.907957077026367,25.62554168701172,26.132091522216797,25.62554168701172,26.022836685180664,3591952
2007-08-06,8.873429298400879,25.526216506958008,25.744728088378906,25.317636489868164,25.37723159790039,3283127
2007-08-07,8.914861679077148,25.64540672302246,25.93344497680664,25.436826705932617,25.873849868774414,4015591
2007-08-08,9.035704612731934,25.993038177490234,26.012903213500977,25.76459312438965,25.824188232421875,4891571
2007-08-09,9.180718421936035,26.410198211669922,26.46979331970215,26.072498321533203,26.42013168334961,5814790
2007-08-10,8.907957077026367,25.62554168701172,26.15195655822754,25.575878143310547,25.973173141479492,6974848
2007-08-13,9.025347709655762,25.963241577148438,26.112226486206055,25.824188232421875,25.824188232421875,5018221
2007-08-14,8.92521858215332,25.675203323364258,26.022836685180664,25.42689323425293,25.923511505126953,5861964
2007-08-15,8.68007755279541,24.970003128051758,25.54608154296875,24.970003128051758,25.32756805419922,7936770
2007-08-16,8.552326202392578,24.602506637573242,24.830949783325195,23.192108154296875,24.5826416015625,15193778
2007-08-17,8.70079231262207,25.029598236083984,25.655338287353516,24.75149154663086,25.029598236083984,8586825
2007-08-20,9.097850799560547,26.17182159423828,26.46979331970215,25.526216506958008,25.64540672302246,9148459
2007-08-21,9.194528579711914,26.449928283691406,26.549251556396484,25.923511505126953,26.17182159423828,5577298
2007-08-22,9.097850799560547,26.17182159423828,26.48965835571289,25.95330810546875,26.3208065032959,4904127
2007-08-23,9.242864608764648,26.58898162841797,26.618778228759766,26.22148323059082,26.53931999206543,5958777
2007-08-24,9.246318817138672,26.598913192749023,26.787628173828125,26.42013168334961,26.46979331970215,4885259
2007-08-27,9.339543342590332,26.867088317871094,26.966411590576172,26.747900009155273,26.966411590576172,4133061
2007-08-28,9.235960960388184,26.569116592407227,26.737966537475586,26.34067153930664,26.668441772460938,4026607
2007-08-29,9.14964485168457,26.3208065032959,26.360536575317383,26.022836685180664,26.05263328552246,4235150
2007-08-30,9.194528579711914,26.449928283691406,26.77769660949707,26.082429885864258,26.698238372802734,5686664
2007-08-31,9.39133071899414,27.01607322692871,27.075668334960938,26.46979331970215,26.65850830078125,8351666
2007-09-03,9.463836669921875,27.224653244018555,27.274316787719727,26.867088317871094,27.16506004333496,3823680
2007-09-04,9.52253532409668,27.393505096435547,27.443166732788086,27.09553337097168,27.33390998840332,5605212
2007-09-05,9.342994689941406,26.87702178955078,27.562355041503906,26.718103408813477,27.4332332611084,5883375
2007-09-06,9.229056358337402,26.549251556396484,26.569116592407227,26.05263328552246,26.082429885864258,7258771
2007-09-07,9.201434135437012,26.46979331970215,26.58898162841797,26.3208065032959,26.58898162841797,2344237
2007-09-10,9.166909217834473,26.370468139648438,26.430063247680664,26.03276824951172,26.161888122558594,4198852
2007-09-11,9.25667953491211,26.628711700439453,26.916749954223633,26.400266647338867,26.618778228759766,4339429
2007-09-12,9.270488739013672,26.668441772460938,26.986276626586914,26.598913192749023,26.906818389892578,4766947
2007-09-13,9.263582229614258,26.648576736450195,26.807493209838867,26.529386520385742,26.77769660949707,2443283
2007-09-14,9.374068260192871,26.966411590576172,27.105464935302734,26.718103408813477,26.72803497314453,5285203
2007-09-17,9.349899291992188,26.896886825561523,26.92668342590332,26.598913192749023,26.896886825561523,4682090
2007-09-18,9.253223419189453,26.618778228759766,26.817426681518555,26.17182159423828,26.817426681518555,8067016
2007-09-19,9.47765064239502,27.26438331604004,27.353775024414062,26.986276626586914,27.065736770629883,8004033
2007-09-20,9.463836669921875,27.224653244018555,27.681543350219727,26.966411590576172,27.681543350219727,14710041
2007-09-21,9.422407150268555,27.105464935302734,27.33390998840332,27.09553337097168,27.155126571655273,3081699
2007-09-24,9.47765064239502,27.26438331604004,27.393505096435547,27.065736770629883,27.115398406982422,3539808
2007-09-25,9.429312705993652,27.125329971313477,27.472963333129883,27.0260066986084,27.254451751708984,5030857
2007-09-26,9.598493576049805,27.612016677856445,27.790800094604492,27.2147216796875,27.244518280029297,6568483
2007-09-27,9.733148574829102,27.999380111694336,28.188095092773438,27.77093505859375,27.800731658935547,5164149
2007-09-28,9.84018325805664,28.307283401489258,28.49599838256836,27.96958351135254,28.188095092773438,9482349
2007-10-01,9.83327865600586,28.287418365478516,28.486066818237305,28.178163528442383,28.307283401489258,1497853
2007-10-02,10.016270637512207,28.81383514404297,29.191265106201172,28.81383514404297,29.191265106201172,6959457
2007-10-03,10.012816429138184,28.803903579711914,29.280656814575195,28.605255126953125,28.903226852416992,5746697
2007-10-04,10.009366035461426,28.793970108032227,29.00255012512207,28.535728454589844,28.803903579711914,4765919
2007-10-05,10.023174285888672,28.83370018005371,28.893293380737305,28.555593490600586,28.605255126953125,3607654
2007-10-08,10.12330436706543,29.12173843383789,29.270723342895508,29.032346725463867,29.111806869506836,3658670
2007-10-09,10.25796127319336,29.50910186767578,29.717681884765625,29.10187339782715,29.12173843383789,6885447
2007-10-10,10.289033889770508,29.598493576049805,29.717681884765625,29.528966903686523,29.717681884765625,4661442
2007-10-11,10.299394607543945,29.6282901763916,29.79714012145996,29.29058837890625,29.499168395996094,3869673
2007-10-12,10.240696907043457,29.459440231323242,29.6282901763916,29.181333541870117,29.548831939697266,3770196
2007-10-15,10.254507064819336,29.499168395996094,29.747478485107422,29.20119857788086,29.747478485107422,3657093
2007-10-16,10.026633262634277,28.843631744384766,29.260791778564453,28.81383514404297,29.17140007019043,6315907
2007-10-17,9.909236907958984,28.505931854248047,28.81383514404297,28.22782325744629,28.575458526611328,8473282
2007-10-18,10.012816429138184,28.803903579711914,28.95288848876953,28.436403274536133,28.66484832763672,4131546
2007-10-19,9.909236907958984,28.505931854248047,28.644983291625977,28.356945037841797,28.644983291625977,5487668
2007-10-22,9.77458381652832,28.118568420410156,28.22782325744629,27.731204986572266,27.850393295288086,8375824
2007-10-23,9.950669288635254,28.625120162963867,28.962820053100586,28.198026657104492,28.25762176513672,6748128
2007-10-24,9.909236907958984,28.505931854248047,28.913158416748047,28.37681007385254,28.754241943359375,5025900
2007-10-25,9.84018325805664,28.307283401489258,28.744308471679688,28.178163528442383,28.466201782226562,6615623
2007-10-26,10.081873893737793,29.00255012512207,29.161468505859375,28.188095092773438,28.297351837158203,17101770
2007-10-29,10.316655158996582,29.67795181274414,29.67795181274414,29.32038688659668,29.50910186767578,6438707
2007-10-30,10.34082317352295,29.747478485107422,29.92626190185547,29.528966903686523,29.598493576049805,6726492
2007-10-31,10.544534683227539,30.33348846435547,30.47254180908203,29.548831939697266,29.548831939697266,8878262
2007-11-01,10.724072456359863,30.849973678588867,31.10821533203125,30.28382682800293,30.641393661499023,12292236
2007-11-02,10.523815155029297,30.273895263671875,30.492406845092773,29.91632843017578,30.204368591308594,9489360
2007-11-05,10.409880638122559,29.94612693786621,30.244098663330078,29.737546920776367,30.16463851928711,8370766
2007-11-06,10.516911506652832,30.254030227661133,30.492406845092773,29.985855102539062,29.985855102539062,6441963
2007-11-07,10.785306930541992,30.33348846435547,30.43281364440918,30.16463851928711,30.363285064697266,602643
2007-11-08,10.418030738830566,29.300521850585938,29.37004852294922,29.12173843383789,29.32038688659668,44722
2007-11-09,10.107251167297363,28.426471710205078,29.20119857788086,28.118568420410156,29.161468505859375,6590680
2007-11-12,9.888298034667969,27.8106632232666,28.486066818237305,27.562355041503906,28.118568420410156,7889600
2007-11-13,10.01190185546875,28.15829849243164,28.456268310546875,28.00931167602539,28.05897331237793,10644644
2007-11-14,10.139036178588867,28.5158634185791,29.300521850585938,28.22782325744629,28.71451187133789,6917086
2007-11-15,9.96599292755127,28.029176712036133,28.585390090942383,27.870258331298828,28.307283401489258,8506533
2007-11-16,9.88476848602295,27.800731658935547,27.949718475341797,27.463031768798828,27.711341857910156,5230061
2007-11-19,9.89536190032959,27.830528259277344,28.168230056762695,27.60208511352539,27.96958351135254,5331192
2007-11-20,9.764694213867188,27.463031768798828,27.60208511352539,27.244518280029297,27.314044952392578,5688443
2007-11-21,9.651688575744629,27.14519500732422,27.393505096435547,26.718103408813477,27.393505096435547,8296626
2007-11-22,9.626962661743164,27.075668334960938,27.244518280029297,26.797561645507812,27.035938262939453,6803882
2007-11-23,9.478639602661133,26.65850830078125,27.055803298950195,26.519454956054688,26.99620819091797,7617025
2007-11-26,9.623432159423828,27.065736770629883,27.373640060424805,26.767765045166016,27.055803298950195,5266148
2007-11-27,9.7576322555542,27.443166732788086,27.57228660583496,26.559185028076172,26.72803497314453,9973959
2007-11-28,9.7576322555542,27.443166732788086,27.57228660583496,26.986276626586914,27.562355041503906,11224314
2007-11-29,9.747037887573242,27.413368225097656,28.1086368560791,27.28424835205078,27.96958351135254,8606016
2007-11-30,10.004837989807129,28.1384334564209,28.198026657104492,27.373640060424805,27.612016677856445,9140152
2007-12-03,9.958929061889648,28.00931167602539,28.476133346557617,27.999380111694336,28.466201782226562,7854361
2007-12-04,9.948334693908691,27.979515075683594,28.178163528442383,27.780866622924805,28.00931167602539,6356806
2007-12-05,10.02249813079834,28.188095092773438,28.307283401489258,27.909988403320312,28.00931167602539,7131692
2007-12-06,9.994245529174805,28.1086368560791,28.644983291625977,28.049041748046875,28.644983291625977,9659214
2007-12-07,10.216732025146484,28.734376907348633,28.913158416748047,28.39667510986328,28.54566192626953,5951163
2007-12-10,10.227327346801758,28.76417350769043,29.15153694152832,28.605255126953125,28.83370018005371,4156423
2007-12-11,10.453343391418457,29.399845123291016,29.449506759643555,28.95288848876953,28.992618560791016,7893812
2007-12-12,10.456873893737793,29.409778594970703,29.499168395996094,28.873428344726562,28.913158416748047,7424864
2007-12-13,10.410964965820312,29.280656814575195,29.578628540039062,29.15153694152832,29.55876350402832,5955430
2007-12-14,10.24145221710205,28.803903579711914,29.638221740722656,28.456268310546875,29.300521850585938,7717145
2007-12-17,9.994245529174805,28.1086368560791,28.784038543701172,28.08877182006836,28.635051727294922,7507684
2007-12-18,10.170820236206055,28.605255126953125,28.754241943359375,27.731204986572266,27.8106632232666,8786363
2007-12-19,9.814136505126953,27.60208511352539,28.654916763305664,27.38357162475586,28.605255126953125,10775688
2007-12-20,9.64108943939209,27.115398406982422,27.711341857910156,27.115398406982422,27.661678314208984,15116130
2007-12-21,9.722318649291992,27.343843460083008,27.880191802978516,27.274316787719727,27.612016677856445,7404870
2007-12-24,9.888298034667969,27.8106632232666,28.148365020751953,27.512693405151367,27.84046173095703,3009126
2007-12-27,9.856513977050781,27.72127342224121,28.00931167602539,27.641813278198242,27.860326766967773,1942062
2007-12-28,9.849447250366211,27.70140838623047,27.761003494262695,27.45309829711914,27.492828369140625,1665794
2007-12-31,9.860047340393066,27.731204986572266,27.89012336730957,27.612016677856445,27.800731658935547,1255668
2008-01-02,9.909485816955566,27.870258331298828,27.999380111694336,27.681543350219727,27.711341857910156,1436837
2008-01-03,9.74350357055664,27.4034366607666,27.542490005493164,27.194856643676758,27.522624969482422,3234559
2008-01-04,9.761162757873535,27.45309829711914,27.53255844116211,27.244518280029297,27.413368225097656,3354105
2008-01-07,9.588118553161621,26.966411590576172,27.244518280029297,26.82735824584961,27.01607322692871,5155264
2008-01-08,9.623432159423828,27.065736770629883,27.28424835205078,26.82735824584961,27.035938262939453,4048871
2008-01-09,9.521020889282227,26.77769660949707,26.92668342590332,26.449928283691406,26.817426681518555,6144511
2008-01-10,9.39388370513916,26.42013168334961,27.115398406982422,26.350605010986328,26.867088317871094,6095285
2008-01-11,9.181990623474121,25.824188232421875,26.569116592407227,25.824188232421875,26.549251556396484,6063982
2008-01-14,9.047792434692383,25.446758270263672,25.824188232421875,25.218313217163086,25.387163162231445,6925131
2008-01-15,9.118425369262695,25.64540672302246,25.844053268432617,25.118989944458008,25.62554168701172,9716316
2008-01-16,8.973630905151367,25.238178253173828,25.42689323425293,24.950138092041016,25.01966667175293,8220317
2008-01-17,9.072513580322266,25.516284942626953,25.81425666809082,25.42689323425293,25.486486434936523,8130440
2008-01-18,9.376227378845215,26.370468139648438,26.42013168334961,24.9898681640625,25.029598236083984,8313664
2008-01-21,9.100765228271484,25.59574317932129,26.181753158569336,25.47655487060547,25.963241577148438,6943135
2008-01-22,8.652261734008789,24.334331512451172,25.317636489868164,24.334331512451172,24.840883255004883,10179352
2008-01-23,8.906529426574707,25.049463272094727,25.943376541137695,24.711761474609375,25.774526596069336,11752111
2008-01-24,9.040727615356445,25.42689323425293,25.794391632080078,25.15871810913086,25.724864959716797,9239712
2008-01-25,9.390352249145508,26.410198211669922,26.549251556396484,25.526216506958008,25.526216506958008,9511040
2008-01-29,9.270278930664062,26.072498321533203,26.48965835571289,25.81425666809082,26.3208065032959,6577887
2008-01-30,9.040727615356445,25.42689323425293,26.84722328186035,25.277908325195312,26.767765045166016,8534875
2008-01-31,9.03366756439209,25.407028198242188,25.526216506958008,24.542911529541016,24.880611419677734,11532722
2008-02-01,9.365630149841309,26.34067153930664,26.34067153930664,25.556013107299805,25.724864959716797,7101359
2008-02-04,9.266748428344727,26.06256675720215,27.035938262939453,25.655338287353516,26.757831573486328,7701839
2008-02-05,9.146675109863281,25.724864959716797,26.25128173828125,25.704999923706055,25.923511505126953,6027584
2008-02-06,8.970098495483398,25.228246688842773,25.675203323364258,24.979936599731445,25.32756805419922,6466873
2008-02-07,8.694640159606934,24.453519821166992,25.30770492553711,24.235008239746094,25.238178253173828,8368023
2008-02-08,8.818246841430664,24.8011531829834,25.168651580810547,24.55284309387207,24.830949783325195,5192027
2008-02-11,8.581632614135742,24.135683059692383,24.532978057861328,23.718524932861328,24.43365478515625,6372131
2008-02-12,8.560441017150879,24.07608985900879,24.334331512451172,23.718524932861328,24.284669876098633,7495612
2008-02-13,8.210820198059082,23.092784881591797,23.887374877929688,23.00339126586914,23.63906478881836,9524284
2008-02-14,8.532188415527344,23.99662971496582,23.99662971496582,22.98352813720703,23.44041633605957,11337817
2008-02-15,8.249666213989258,23.20203971862793,23.619199752807617,23.062986373901367,23.420551300048828,7859059
2008-02-18,7.945953369140625,22.347854614257812,22.685556411743164,22.198869705200195,22.625961303710938,11776489
2008-02-19,8.17550277709961,22.993459701538086,23.13251304626465,22.67562484741211,22.794811248779297,8985601
2008-02-20,7.928295135498047,22.298192977905273,23.142446517944336,22.298192977905273,23.142446517944336,11244489
2008-02-21,8.140188217163086,22.894136428833008,22.923933029174805,22.010154724121094,22.74515151977539,9039719
2008-02-22,7.935359477996826,22.318058013916016,22.67562484741211,22.169071197509766,22.248531341552734,7242667
2008-02-25,8.306170463562012,23.360958099365234,23.360958099365234,22.536571502685547,22.59616470336914,9081070
2008-02-26,8.472153663635254,23.82777976989746,23.82777976989746,23.231836318969727,23.768186569213867,6968157
2008-02-27,8.669919967651367,24.38399314880371,24.413789749145508,23.94696807861328,24.086021423339844,5980077
2008-02-28,8.408583641052246,23.648996353149414,24.225074768066406,23.39075469970703,24.185346603393555,7393650
2008-02-29,8.235538482666016,23.162309646606445,23.30136489868164,22.496841430664062,23.192108154296875,9964772
2008-03-03,8.034244537353516,22.59616470336914,22.625961303710938,22.198869705200195,22.37765121459961,5425897
2008-03-04,8.030712127685547,22.586231231689453,22.804744720458984,22.169071197509766,22.59616470336914,8873627
2008-03-05,7.921233654022217,22.278329849243164,23.30136489868164,21.72211456298828,22.9537296295166,8960662
2008-03-06,7.8152875900268555,21.980356216430664,22.437246322631836,21.53339958190918,22.347854614257812,7825661
2008-03-07,7.4656662940979,20.997051239013672,21.642656326293945,20.997051239013672,21.354616165161133,7914306
2008-03-10,7.423286437988281,20.87786293029785,21.0268497467041,20.20246124267578,20.460702896118164,9820525
2008-03-11,7.744654655456543,21.781709671020508,21.781709671020508,20.311716079711914,20.391176223754883,10755308
2008-03-12,8.214350700378418,23.10271644592285,23.341093063354492,22.794811248779297,23.241769790649414,9316779
2008-03-13,7.995395183563232,22.486909866333008,22.943798065185547,22.248531341552734,22.83454132080078,7392043
2008-03-14,8.122529983520508,22.84447479248047,22.96366310119629,22.327991485595703,22.635894775390625,6825296
2008-03-17,7.878854751586914,22.15913963317871,22.536571502685547,21.04671287536621,22.248531341552734,10720714
2008-03-18,7.938891410827637,22.327991485595703,22.685556411743164,22.030019760131836,22.347854614257812,9701161
2008-03-19,8.475682258605957,23.837711334228516,24.115819931030273,23.231836318969727,23.341093063354492,12594756
2008-03-20,8.511001586914062,23.937036514282227,24.175413131713867,23.44041633605957,23.53974151611328,19156566
2008-03-25,8.758206367492676,24.63230323791504,25.20838165283203,24.63230323791504,24.930273056030273,9855668
2008-03-26,8.758206367492676,24.63230323791504,24.63230323791504,23.986698150634766,24.532978057861328,7430357
2008-03-27,8.680513381958008,24.413789749145508,24.55284309387207,24.155548095703125,24.43365478515625,4950844
2008-03-28,8.440367698669434,23.738388061523438,24.006563186645508,23.420551300048828,23.837711334228516,10888240
2008-03-31,8.387396812438965,23.58940315246582,23.837711334228516,23.241769790649414,23.629131317138672,6077280
2008-04-01,8.263790130615234,23.241769790649414,23.718524932861328,23.13251304626465,23.609268188476562,5897977
2008-04-02,8.800585746765137,24.75149154663086,24.8011531829834,24.21514320373535,24.235008239746094,8770531
2008-04-03,9.040727615356445,25.42689323425293,25.47655487060547,24.5826416015625,24.8011531829834,6522150
2008-04-04,8.874748229980469,24.960071563720703,25.446758270263672,24.890544891357422,25.42689323425293,6073903
2008-04-07,8.521595001220703,23.966833114624023,24.5826416015625,23.778118133544922,24.463451385498047,7756160
2008-04-08,8.316764831542969,23.39075469970703,24.14561653137207,23.37088966369629,23.490079879760742,9049025
2008-04-09,8.182565689086914,23.013324737548828,23.44041633605957,22.86433982849121,23.44041633605957,5988334
2008-04-10,7.974208354949951,22.42731475830078,22.874271392822266,22.347854614257812,22.84447479248047,5286076
2008-04-11,7.963612079620361,22.39751625061035,23.043121337890625,22.228666305541992,22.665691375732422,7090464
2008-04-14,7.931828022003174,22.30812644958496,22.387584686279297,21.712182998657227,21.85123634338379,4542060
2008-04-15,7.963612079620361,22.39751625061035,22.72528648376465,21.85123634338379,22.188936233520508,6902232
2008-04-16,7.945953369140625,22.347854614257812,22.755083084106445,22.268396377563477,22.69548988342285,4592899
2008-04-17,7.953017711639404,22.367719650268555,22.74515151977539,22.327991485595703,22.74515151977539,4819669
2008-04-18,7.882386684417725,22.169071197509766,22.437246322631836,21.900897979736328,22.437246322631836,4617661
2008-04-21,8.397991180419922,23.619199752807617,23.6887264251709,22.556434631347656,22.69548988342285,7367497
2008-04-22,8.620475769042969,24.24493980407715,24.24493980407715,23.20203971862793,23.500011444091797,6251056
2008-04-23,8.832369804382324,24.840883255004883,24.87067985534668,23.75825309753418,24.463451385498047,12070612
2008-04-24,8.78999137878418,24.721694946289062,25.1785831451416,24.155548095703125,24.43365478515625,13832845
2008-04-28,8.892406463623047,25.009733200073242,25.675203323364258,24.930273056030273,25.42689323425293,6968278
2008-04-29,9.0230712890625,25.37723159790039,25.397096633911133,24.31446647644043,25.128921508789062,7862172
2008-04-30,8.648731231689453,24.324399948120117,25.029598236083984,24.324399948120117,24.532978057861328,11243700
2008-05-01,8.669919967651367,24.38399314880371,24.930273056030273,23.97676658630371,24.781288146972656,7958449
2008-05-02,9.129018783569336,25.675203323364258,25.675203323364258,24.830949783325195,25.128921508789062,7321482
2008-05-05,9.174927711486816,25.804323196411133,26.072498321533203,25.655338287353516,25.873849868774414,6042957
2008-05-06,9.040727615356445,25.42689323425293,25.506351470947266,25.029598236083984,25.37723159790039,4669934
2008-05-07,8.75467586517334,24.62236976623535,25.556013107299805,24.463451385498047,25.34743309020996,7577965
2008-05-08,9.072513580322266,25.516284942626953,25.516284942626953,24.334331512451172,24.334331512451172,5747917
2008-05-09,9.171398162841797,25.794391632080078,25.9135799407959,24.979936599731445,24.979936599731445,7217634
2008-05-12,9.171398162841797,25.794391632080078,25.794391632080078,25.794391632080078,25.794391632080078,0
2008-05-13,8.86768627166748,24.94020652770996,25.724864959716797,24.830949783325195,25.724864959716797,25954487
2008-05-14,8.811182975769043,24.781288146972656,24.950138092041016,24.50318145751953,24.731626510620117,16432000
2008-05-15,8.705233573913574,24.48331642150879,24.930273056030273,24.284669876098633,24.930273056030273,14071207
2008-05-16,8.77939510345459,24.691896438598633,24.830949783325195,24.344263076782227,24.63230323791504,8648744
2008-05-19,8.804834365844727,24.0661563873291,24.3939266204834,24.006563186645508,24.09595489501953,7205255
2008-05-20,8.775764465332031,23.986698150634766,24.304534912109375,23.94696807861328,24.036359786987305,5055399
2008-05-21,8.550464630126953,23.37088966369629,23.87744140625,23.35102653503418,23.837711334228516,6096285
2008-05-22,8.303361892700195,22.69548988342285,22.993459701538086,22.457111358642578,22.735218048095703,11653141
2008-05-23,8.179808616638184,22.3577880859375,22.993459701538086,22.3577880859375,22.71535301208496,6136431
2008-05-26,8.241588592529297,22.52663803100586,23.023256301879883,22.169071197509766,22.347854614257812,11276696
2008-05-27,8.172540664672852,22.337923049926758,25.32756805419922,22.268396377563477,25.32756805419922,7197756
2008-05-28,8.063528060913086,22.03995132446289,22.606096267700195,21.99028968811035,22.556434631347656,9466358
2008-05-29,8.303361892700195,22.69548988342285,24.334331512451172,22.198869705200195,24.334331512451172,7866124
2008-05-30,8.44871711730957,23.092784881591797,23.092784881591797,18.871522903442383,18.871522903442383,13256153
2008-06-02,8.237953186035156,22.516706466674805,23.192108154296875,22.387584686279297,23.13251304626465,7227192
2008-06-03,7.918172359466553,21.642656326293945,22.20880126953125,21.543331146240234,22.149208068847656,11271135
2008-06-04,8.02355670928955,21.930694580078125,21.930694580078125,21.702251434326172,21.85123634338379,7023029
2008-06-05,8.118036270141602,22.188936233520508,26.3208065032959,21.890966415405273,26.3208065032959,4592413
2008-06-06,8.267024040222168,22.59616470336914,25.32756805419922,22.059816360473633,25.32756805419922,5698582
2008-06-10,7.849130153656006,21.453941345214844,25.32756805419922,21.4340763092041,25.32756805419922,10421298
2008-06-11,8.085330963134766,22.099546432495117,22.15913963317871,21.334753036499023,21.453941345214844,13589997
2008-06-12,7.801888465881348,21.324819564819336,21.573129653930664,21.225496292114258,21.304954528808594,7133131
2008-06-13,7.958144187927246,21.751911163330078,21.751911163330078,20.967254638671875,21.553264617919922,5633819
2008-06-16,7.885468006134033,21.553264617919922,21.950559616088867,21.453941345214844,21.950559616088867,4644329
2008-06-17,7.907272815704346,21.61285972595215,25.824188232421875,20.90765953063965,25.824188232421875,8501008
2008-06-18,7.9944844245910645,21.85123634338379,21.99028968811035,21.215564727783203,21.344684600830078,6988058
2008-06-19,7.6601691246032715,20.937456130981445,21.354616165161133,20.917593002319336,21.185766220092773,14503126
2008-06-20,7.496644973754883,20.49049949645996,21.07651138305664,20.411041259765625,20.937456130981445,6791028
2008-06-23,7.511178970336914,20.530229568481445,20.649417877197266,19.993881225585938,20.262054443359375,8087388
2008-06-24,7.340390682220459,20.06340789794922,20.361379623413086,19.785301208496094,20.3216495513916,10801686
2008-06-25,7.467576026916504,20.411041259765625,20.50043296813965,19.86475944519043,19.86475944519043,9321820
2008-06-26,7.772816181182861,21.245361328125,21.374481201171875,20.987119674682617,21.255292892456055,8868058
2008-06-27,7.518450736999512,20.550094604492188,20.848066329956055,20.291852951049805,20.460702896118164,17468517
2008-06-30,7.2677130699157715,19.86475944519043,20.679214477539062,19.834962844848633,20.629552841186523,18301706
2008-07-01,6.9806389808654785,19.080102920532227,19.656179428100586,18.941049575805664,19.616451263427734,14583020
2008-07-02,7.013341426849365,19.16949462890625,19.437667846679688,18.70267105102539,18.960914611816406,16075415
2008-07-03,7.155061721801758,19.556856155395508,19.556856155395508,18.8317928314209,18.921184539794922,17081436
2008-07-04,7.376728534698486,20.162731170654297,20.262054443359375,19.517126083374023,19.834962844848633,12667483
2008-07-07,7.2677130699157715,19.86475944519043,20.003814697265625,19.62638282775879,19.91442108154297,6436695
2008-07-08,7.093288898468018,19.38800621032715,20.01374626159668,19.38800621032715,19.91442108154297,6052734
2008-07-09,7.155061721801758,19.556856155395508,22.84447479248047,19.52705955505371,22.84447479248047,13075377
2008-07-10,6.929765701293945,18.941049575805664,19.16949462890625,18.63314437866211,18.772197723388672,20719320
2008-07-11,6.907961845397949,18.881454467773438,19.099966049194336,18.63314437866211,18.871522903442383,11886017
2008-07-14,7.027876853942871,19.2092227935791,19.278749465942383,18.722536087036133,18.85165786743164,9202588
2008-07-15,6.788043975830078,18.553686141967773,18.891387939453125,18.235849380493164,18.891387939453125,14340681
2008-07-16,7.06058406829834,19.298614501953125,19.318479537963867,18.742401123046875,18.742401123046875,9513612
2008-07-17,7.409430503845215,20.25212287902832,20.281919479370117,19.874692916870117,20.023677825927734,10779161
2008-07-18,7.340390682220459,20.06340789794922,20.460702896118164,19.89455795288086,20.21239471435547,7765415
2008-07-21,7.6529011726379395,20.917593002319336,20.917593002319336,20.430906295776367,20.609689712524414,8863387
2008-07-22,7.471208572387695,20.420974731445312,20.73880958557129,20.18259620666504,20.709012985229492,7951062
2008-07-23,7.9944844245910645,21.85123634338379,21.900897979736328,20.828201293945312,20.828201293945312,14958217
2008-07-24,8.28519344329834,22.64582633972168,22.64582633972168,21.80157470703125,22.099546432495117,10842684
2008-07-25,8.02718734741211,21.940628051757812,22.03995132446289,21.304954528808594,21.60292625427246,17650928
2008-07-28,7.387630462646484,20.192529678344727,21.29502296447754,20.192529678344727,21.155969619750977,19618494
2008-07-29,7.344022274017334,20.073339462280273,20.18259620666504,19.248952865600586,19.318479537963867,16816454
2008-07-30,7.609294414520264,20.798404693603516,20.987119674682617,20.599756240844727,20.848066329956055,7135734
2008-07-31,7.830959796905518,21.404279708862305,21.692317962646484,20.63948631286621,21.304954528808594,13035639
2008-08-01,7.62746524810791,20.848066329956055,21.225496292114258,20.530229568481445,21.04671287536621,7262936
2008-08-04,7.638366222381592,20.87786293029785,21.324819564819336,20.609689712524414,20.957321166992188,4671425
2008-08-05,7.936341285705566,21.692317962646484,21.741979598999023,20.411041259765625,20.659351348876953,9288234
2008-08-06,8.354232788085938,22.83454132080078,22.83454132080078,22.248531341552734,22.347854614257812,12306027
2008-08-07,8.412376403808594,22.993459701538086,23.11264991760254,22.606096267700195,22.74515151977539,10357697
2008-08-08,8.557731628417969,23.39075469970703,23.51987648010254,22.5762996673584,22.74515151977539,11593008
2008-08-11,8.848441123962402,24.185346603393555,24.19527816772461,23.937036514282227,23.95690155029297,12485870
2008-08-12,8.902948379516602,24.334331512451172,24.65216827392578,24.324399948120117,24.532978057861328,15152313
2008-08-13,8.543194770812988,23.35102653503418,23.986698150634766,23.35102653503418,23.837711334228516,14744502
2008-08-14,8.172540664672852,22.337923049926758,23.629131317138672,22.30812644958496,23.00339126586914,20143490
2008-08-15,8.28519344329834,22.64582633972168,22.804744720458984,22.367719650268555,22.556434631347656,7294661
2008-08-18,8.339698791503906,22.794811248779297,22.904069900512695,22.437246322631836,22.5465030670166,7545413
2008-08-19,8.088964462280273,22.109477996826172,22.635894775390625,22.109477996826172,22.367719650268555,8852355
2008-08-20,8.128937721252441,22.218734741210938,22.28826141357422,21.741979598999023,21.85123634338379,7620268
2008-08-21,7.8709330558776855,21.513534545898438,22.149208068847656,21.513534545898438,22.149208068847656,6939144
2008-08-22,7.9944844245910645,21.85123634338379,21.960491180419922,21.4638729095459,21.513534545898438,6737139
2008-08-25,8.350603103637695,22.824609756469727,22.84447479248047,22.228666305541992,22.42731475830078,7080528
2008-08-26,8.267024040222168,22.59616470336914,22.665691375732422,22.169071197509766,22.258464813232422,6890925
2008-08-27,8.24885368347168,22.5465030670166,22.83454132080078,22.347854614257812,22.72528648376465,6276536
2008-08-28,8.408742904663086,22.98352813720703,23.162309646606445,22.81467628479004,22.854406356811523,8397535
2008-08-29,8.557731628417969,23.39075469970703,23.490079879760742,23.13251304626465,23.341093063354492,10804841
2008-09-01,8.608607292175293,23.529809951782227,23.529809951782227,23.092784881591797,23.192108154296875,4242301
2008-09-02,8.739426612854004,23.887374877929688,24.056224822998047,23.668861389160156,23.837711334228516,7142380
2008-09-03,8.81209945678711,24.086021423339844,24.443588256835938,23.778118133544922,24.274736404418945,14383406
2008-09-04,8.728521347045898,23.857576370239258,24.43365478515625,23.768186569213867,24.43365478515625,8801224
2008-09-05,8.485054969787598,23.192108154296875,23.2814998626709,22.923933029174805,23.142446517944336,8833625
2008-09-08,8.932018280029297,24.413789749145508,24.51311492919922,23.95690155029297,24.086021423339844,10946965
2008-09-09,8.793931007385254,24.036359786987305,24.542911529541016,23.768186569213867,24.532978057861328,9086807
2008-09-10,8.81209945678711,24.086021423339844,24.086021423339844,23.480146408081055,23.559606552124023,8682557
2008-09-11,8.452350616455078,23.10271644592285,23.837711334228516,23.03318977355957,23.718524932861328,7476389
2008-09-12,8.546829223632812,23.360958099365234,23.619199752807617,22.98352813720703,23.619199752807617,7624551
2008-09-15,8.412376403808594,22.993459701538086,23.30136489868164,22.72528648376465,22.84447479248047,13819821
2008-09-16,8.452350616455078,23.10271644592285,23.192108154296875,22.049884796142578,22.06974983215332,18331442
2008-09-17,8.361501693725586,22.854406356811523,23.58940315246582,22.566368103027344,23.341093063354492,12479350
2008-09-18,7.9944844245910645,21.85123634338379,22.179004669189453,21.275157928466797,21.85123634338379,24733192
2008-09-19,8.554097175598145,23.380823135375977,23.430484771728516,22.74515151977539,22.794811248779297,14733927
2008-09-22,8.975624084472656,24.532978057861328,24.62236976623535,23.887374877929688,24.086021423339844,11085241
2008-09-23,8.902948379516602,24.334331512451172,24.334331512451172,23.75825309753418,23.927104949951172,5049251
2008-09-24,8.89568042755127,24.31446647644043,24.572708129882812,24.235008239746094,24.38399314880371,9420694
2008-09-25,8.670381546020508,23.698659896850586,24.284669876098633,23.698659896850586,23.986698150634766,8449199
2008-09-26,8.71398639678955,23.817848205566406,24.175413131713867,23.39075469970703,24.165481567382812,10244176
2008-09-29,8.412376403808594,22.993459701538086,24.185346603393555,22.98352813720703,24.185346603393555,4680478
2008-09-30,7.80552339553833,21.334753036499023,22.64582633972168,21.334753036499023,21.861169815063477,11500670
2008-10-01,8.44871711730957,23.092784881591797,23.092784881591797,22.15913963317871,22.69548988342285,5905869
2008-10-02,8.543194770812988,23.35102653503418,23.937036514282227,23.25170135498047,23.460281372070312,5655689
2008-10-03,8.43418025970459,23.053054809570312,23.430484771728516,22.874271392822266,23.430484771728516,6250576
2008-10-06,8.176175117492676,22.347854614257812,22.9537296295166,22.010154724121094,22.943798065185547,3363959
2008-10-07,8.455984115600586,23.11264991760254,23.500011444091797,21.85123634338379,21.85123634338379,7155343
2008-10-08,7.87456750869751,21.523468017578125,22.52663803100586,21.324819564819336,22.06974983215332,8156881
2008-10-09,7.8127899169921875,21.354616165161133,21.692317962646484,20.838132858276367,21.453941345214844,8823784
2008-10-10,7.336756229400635,20.05347442626953,20.709012985229492,19.69590950012207,20.68914794921875,11524003
2008-10-13,7.9944844245910645,21.85123634338379,21.950559616088867,21.285091400146484,21.374481201171875,13875110
2008-10-14,8.26339054107666,22.586231231689453,23.10271644592285,22.347854614257812,23.092784881591797,10782659
2008-10-15,8.24885368347168,22.5465030670166,22.824609756469727,22.437246322631836,22.69548988342285,7020481
2008-10-16,7.9944844245910645,21.85123634338379,22.149208068847656,21.592994689941406,21.85123634338379,7999740
2008-10-17,7.80552339553833,21.334753036499023,22.84447479248047,21.334753036499023,22.84447479248047,8883991
2008-10-20,8.339698791503906,22.794811248779297,22.794811248779297,21.751911163330078,21.751911163330078,6244710
2008-10-21,8.40147590637207,22.96366310119629,23.122581481933594,22.258464813232422,22.84447479248047,8047843
2008-10-22,8.012653350830078,21.900897979736328,22.993459701538086,21.900897979736328,22.84447479248047,7644466
2008-10-23,7.80552339553833,21.334753036499023,21.960491180419922,21.14603614807129,21.702251434326172,8008242
2008-10-24,7.507547855377197,20.520296096801758,21.712182998657227,20.113069534301758,21.712182998657227,8213239
2008-10-27,7.264078617095947,19.854827880859375,20.480567932128906,19.81509780883789,20.40110969543457,7684730
2008-10-28,7.449405193328857,20.361379623413086,20.361379623413086,19.487329483032227,19.715774536132812,7351898
2008-10-29,7.362194061279297,20.123001098632812,21.543331146240234,19.904489517211914,21.404279708862305,7070153
2008-10-30,7.376728534698486,20.162731170654297,20.609689712524414,19.854827880859375,20.609689712524414,12787458
2008-10-31,7.3694610595703125,20.142866134643555,20.341514587402344,19.86475944519043,20.162731170654297,16788302
2008-11-03,7.801888465881348,21.324819564819336,21.324819564819336,20.49049949645996,20.510364532470703,8140950
2008-11-04,8.103498458862305,22.149208068847656,22.278329849243164,21.473806381225586,21.60292625427246,8332245
2008-11-05,8.08847713470459,21.394346237182617,21.841304779052734,21.155969619750977,21.80157470703125,9741094
2008-11-06,7.885702610015869,20.85799789428711,21.036781311035156,20.609689712524414,20.85799789428711,6491837
2008-11-07,7.885702610015869,20.85799789428711,20.85799789428711,20.023677825927734,20.311716079711914,6101004
2008-11-10,7.476398468017578,19.77536964416504,20.659351348876953,19.735639572143555,20.560026168823242,14382260
2008-11-11,7.24733829498291,19.16949462890625,19.666112899780273,18.871522903442383,19.666112899780273,8836215
2008-11-12,7.17223596572876,18.97084617614746,19.64624786376953,18.73246955871582,18.871522903442383,9792870
2008-11-13,6.372398376464844,16.855249404907227,18.434497833251953,16.855249404907227,18.355037689208984,17156743
2008-11-14,6.308562278747559,16.686397552490234,17.927946090698242,16.487751007080078,17.848487854003906,13704990
2008-11-17,6.1283183097839355,16.209644317626953,16.517547607421875,15.83221435546875,16.28910255432129,12964836
2008-11-18,5.839175224304199,15.44485092163086,16.845317840576172,15.196540832519531,16.100387573242188,18137057
2008-11-19,6.1020307540893555,16.140117645263672,16.140117645263672,15.057488441467285,15.891807556152344,16348123
2008-11-20,5.8579511642456055,15.494512557983398,15.931537628173828,15.06742000579834,15.146880149841309,18478290
2008-11-21,6.139583587646484,16.23944091796875,16.23944091796875,14.491341590881348,14.918435096740723,16494227
2008-11-24,6.1959099769592285,16.388427734375,16.636737823486328,15.33559513092041,16.090456008911133,15514829
2008-11-25,6.695338249206543,17.709434509277344,17.709434509277344,16.328832626342773,16.87511444091797,18275961
2008-11-26,6.233461856842041,16.487751007080078,17.709434509277344,16.477819442749023,17.709434509277344,11758029
2008-11-27,6.289787292480469,16.636737823486328,17.024099349975586,16.279170989990234,16.835384368896484,12247980
2008-11-28,6.717867851257324,17.769027709960938,17.769027709960938,16.408292770385742,16.656600952148438,19166719
2008-12-01,6.361133575439453,16.82545280456543,17.35186767578125,16.795654296875,17.212814331054688,13446960
2008-12-02,6.045706748962402,15.991131782531738,16.716196060180664,15.991131782531738,16.030860900878906,13963862
2008-12-03,6.1959099769592285,16.388427734375,16.716196060180664,15.901740074157715,16.408292770385742,14980538
2008-12-04,6.361133575439453,16.82545280456543,16.924776077270508,16.55727767944336,16.885046005249023,8380836
2008-12-05,6.32733678817749,16.736059188842773,17.11349105834961,16.547344207763672,16.587074279785156,7691730
2008-12-08,6.714112758636475,17.759096145629883,17.88821792602539,17.034032821655273,17.15321922302246,9635262
2008-12-09,6.714112758636475,17.759096145629883,17.759096145629883,17.759096145629883,17.759096145629883,159458
2008-12-10,6.147093772888184,16.259305953979492,16.428157806396484,15.991131782531738,16.159982681274414,33006623
2008-12-11,6.21468448638916,16.43808937072754,16.43808937072754,16.07059097290039,16.388427734375,14473973
2008-12-12,6.019420623779297,15.921605110168457,16.16991424560547,15.77262020111084,16.02092933654785,16226765
2008-12-15,6.169621467590332,16.318899154663086,16.45795440673828,16.150049209594727,16.388427734375,8062813
2008-12-16,6.192154884338379,16.378494262695312,16.388427734375,15.991131782531738,16.140117645263672,18451733
2008-12-17,5.903012275695801,15.613700866699219,16.5771427154541,15.564040184020996,16.378494262695312,21410310
2008-12-18,5.985625267028809,15.83221435546875,15.842145919799805,14.997894287109375,14.997894287109375,30450712
2008-12-19,6.500072479248047,17.192949295043945,17.192949295043945,15.6832275390625,15.74282169342041,31075640
2008-12-22,6.301053524017334,16.666534423828125,17.083694458007812,16.6069393157959,17.083694458007812,5731614
2008-12-23,6.1959099769592285,16.388427734375,16.487751007080078,16.16991424560547,16.279170989990234,4392310
2008-12-24,6.1959099769592285,16.388427734375,16.487751007080078,16.16991424560547,16.279170989990234,4392310
2008-12-29,6.289787292480469,16.636737823486328,16.765857696533203,16.567209243774414,16.597007751464844,5481692
2008-12-30,6.372398376464844,16.855249404907227,16.855249404907227,16.547344207763672,16.636737823486328,3044164
2008-12-31,6.372398376464844,16.855249404907227,16.855249404907227,16.547344207763672,16.636737823486328,3044046
2009-01-02,6.293540954589844,16.646669387817383,17.024099349975586,16.497682571411133,16.775789260864258,3655805
2009-01-05,6.248480796813965,16.52747917175293,16.944639205932617,16.388427734375,16.805587768554688,5161118
2009-01-06,6.394929885864258,16.91484260559082,16.91484260559082,16.62680435180664,16.845317840576172,4922125
2009-01-07,6.334848880767822,16.755924224853516,17.073760986328125,16.706262588500977,16.91484260559082,5779916
2009-01-08,6.222196578979492,16.45795440673828,16.597007751464844,16.318899154663086,16.50761604309082,4588396
2009-01-09,6.1959099769592285,16.388427734375,16.587074279785156,16.26923942565918,16.587074279785156,3005705
2009-01-12,6.173378944396973,16.328832626342773,16.338764190673828,16.090456008911133,16.18977928161621,4720354
2009-01-13,6.21468448638916,16.43808937072754,16.43808937072754,16.090456008911133,16.23944091796875,3360620
2009-01-14,6.289787292480469,16.636737823486328,16.666534423828125,16.299036026000977,16.318899154663086,3710072
2009-01-15,6.068236827850342,16.05072593688965,16.428157806396484,16.02092933654785,16.35862922668457,7222561
2009-01-16,6.049460411071777,16.00106430053711,16.12025260925293,15.891807556152344,16.060659408569336,5887745
2009-01-19,6.0419511795043945,15.981199264526367,16.140117645263672,15.891807556152344,16.100387573242188,5061487
2009-01-20,5.820400238037109,15.39518928527832,15.613700866699219,15.047555923461914,15.593836784362793,9634569
2009-01-21,5.640155792236328,14.918435096740723,15.186609268188477,14.809179306030273,15.146880149841309,8337733
2009-01-22,5.827911853790283,15.415054321289062,15.534241676330566,15.047555923461914,15.39518928527832,7572192
2009-01-23,5.482440948486328,14.501275062561035,15.136946678161621,14.302626609802246,15.117081642150879,10320908
2009-01-27,5.565053462982178,14.719786643981934,14.88863754272461,14.57080078125,14.650260925292969,6883455
2009-01-28,5.8541975021362305,15.484580039978027,15.603769302368164,14.590665817260742,14.650260925292969,8878815
2009-01-29,5.89550256729126,15.593836784362793,15.951401710510254,15.39518928527832,15.951401710510254,6837788
2009-01-30,5.872971057891846,15.534241676330566,15.643499374389648,15.216405868530273,15.285932540893555,10537590
2009-02-02,5.749053955078125,15.206474304199219,15.643499374389648,15.196540832519531,15.206474304199219,3726394
2009-02-03,6.1583571434021,16.28910255432129,16.517547607421875,15.871943473815918,15.891807556152344,12103331
2009-02-04,6.184643745422363,16.35862922668457,16.666534423828125,16.18977928161621,16.249374389648438,9639257
2009-02-05,6.0156660079956055,15.911672592163086,16.179847717285156,15.752755165100098,16.110319137573242,6057950
2009-02-06,6.1959099769592285,16.388427734375,16.418224334716797,15.762686729431152,15.762686729431152,5025359
2009-02-09,6.203420162200928,16.408292770385742,16.736059188842773,16.279170989990234,16.736059188842773,6514333
2009-02-10,6.075746059417725,16.07059097290039,16.45795440673828,15.881875991821289,16.388427734375,6236264
2009-02-11,6.071991920471191,16.060659408569336,16.140117645263672,15.713025093078613,15.792484283447266,5920155
2009-02-12,6.252236366271973,16.537412643432617,16.636737823486328,16.18977928161621,16.21957778930664,6234339
2009-02-13,6.364889144897461,16.835384368896484,16.835384368896484,16.45795440673828,16.537412643432617,4163598
2009-02-16,6.361133575439453,16.82545280456543,16.87511444091797,16.567209243774414,16.736059188842773,4289455
2009-02-17,6.301053524017334,16.666534423828125,16.974437713623047,16.45795440673828,16.885046005249023,5115833
2009-02-18,6.188399791717529,16.368562698364258,16.50761604309082,16.140117645263672,16.249374389648438,6485985
2009-02-19,6.383663654327393,16.885046005249023,16.885046005249023,16.328832626342773,16.338764190673828,6559244
2009-02-20,6.15084981918335,16.26923942565918,16.716196060180664,16.229509353637695,16.716196060180664,5967156
2009-02-23,6.1283183097839355,16.209644317626953,16.43808937072754,16.040794372558594,16.209644317626953,6730768
2009-02-24,6.1020307540893555,16.140117645263672,16.35862922668457,16.00106430053711,16.05072593688965,5551767
2009-02-25,6.075746059417725,16.07059097290039,16.477819442749023,15.931537628173828,16.348697662353516,5601481
2009-02-26,6.252236366271973,16.537412643432617,16.6069393157959,16.16991424560547,16.28910255432129,6421549
2009-02-27,6.342357158660889,16.775789260864258,16.934707641601562,16.50761604309082,16.636737823486328,11492675
2009-03-02,6.120808124542236,16.18977928161621,16.587074279785156,16.100387573242188,16.477819442749023,6462455
2009-03-03,6.0344414710998535,15.961335182189941,16.080522537231445,15.782551765441895,15.842145919799805,7191115
2009-03-04,5.89550256729126,15.593836784362793,15.822280883789062,15.464715957641602,15.693160057067871,6166851
2009-03-05,5.929297924041748,15.6832275390625,15.921605110168457,15.44485092163086,15.44485092163086,8126787
2009-03-06,5.89550256729126,15.593836784362793,15.673295974731445,15.365391731262207,15.415054321289062,5875152
2009-03-09,5.970602512359619,15.792484283447266,15.921605110168457,15.50444507598877,15.603769302368164,5256982
2009-03-10,6.177133560180664,16.338764190673828,16.338764190673828,15.74282169342041,15.74282169342041,6439365
2009-03-11,6.334848880767822,16.755924224853516,16.86518096923828,16.398359298706055,16.6069393157959,8603041
2009-03-12,6.233461856842041,16.487751007080078,16.885046005249023,16.378494262695312,16.885046005249023,7346397
2009-03-13,6.364889144897461,16.835384368896484,17.083694458007812,16.636737823486328,16.736059188842773,11847986
2009-03-16,6.432480812072754,17.01416778564453,17.23267936706543,16.815519332885742,16.924776077270508,14604724
2009-03-17,6.650275707244873,17.59024429321289,17.659772872924805,17.23267936706543,17.23267936706543,8550173
2009-03-18,6.6615424156188965,17.62004280090332,17.878284454345703,17.59024429321289,17.828622817993164,8261763
2009-03-19,6.834277629852295,18.076932907104492,18.10672950744629,17.73923110961914,17.778959274291992,25974459
2009-03-20,6.823009967803955,18.047134399414062,18.116661071777344,17.848487854003906,18.02726936340332,8254534
2009-03-23,7.115908622741699,18.82185935974121,18.861589431762695,17.95774269104004,17.987539291381836,7185585
2009-03-24,7.187255382537842,19.010574340820312,19.487329483032227,18.881454467773438,19.348276138305664,8860454
2009-03-25,7.367500305175781,19.487329483032227,19.656179428100586,19.07016944885254,19.16949462890625,8822749
2009-03-26,7.35999059677124,19.467464447021484,19.755504608154297,19.328411102294922,19.38800621032715,7743514
2009-03-27,7.187255382537842,19.010574340820312,19.656179428100586,18.980777740478516,19.566789627075195,17067046
2009-03-30,7.209787845611572,19.07016944885254,19.248952865600586,18.95098114013672,19.000642776489258,6130527
2009-03-31,7.168480396270752,18.960914611816406,19.33834457397461,18.772197723388672,19.050304412841797,8745628
2009-04-01,7.292397975921631,19.28868293762207,19.38800621032715,18.792062759399414,18.931116104125977,5434287
2009-04-02,7.472644805908203,19.76543617248535,19.93428611755371,19.33834457397461,19.556856155395508,9569768
2009-04-03,7.660397529602051,20.262054443359375,20.50043296813965,20.003814697265625,20.06340789794922,7887120
2009-04-06,7.773050785064697,20.560026168823242,20.560026168823242,20.291852951049805,20.361379623413086,3855689
2009-04-07,7.6228485107421875,20.162731170654297,20.788471221923828,20.05347442626953,20.411041259765625,7641778
2009-04-08,7.513951778411865,19.874692916870117,20.262054443359375,19.636314392089844,20.262054443359375,8335913
2009-04-09,7.510196685791016,19.86475944519043,20.291852951049805,19.417802810668945,20.06340789794922,6062130
2009-04-14,7.761783123016357,20.530229568481445,20.709012985229492,20.341514587402344,20.381244659423828,5697274
2009-04-15,7.776806831359863,20.56995964050293,20.609689712524414,20.3216495513916,20.361379623413086,5228573
2009-04-16,7.652885913848877,20.242191314697266,20.718944549560547,20.1329345703125,20.56995964050293,4967810
2009-04-17,7.592804908752441,20.08327293395996,20.679214477539062,20.08327293395996,20.589824676513672,5684412
2009-04-20,7.607825756072998,20.123001098632812,20.262054443359375,19.904489517211914,20.08327293395996,3625946
2009-04-21,7.412560939788818,19.606517791748047,19.666112899780273,19.437667846679688,19.566789627075195,4850388
2009-04-22,7.506436347961426,19.854827880859375,19.993881225585938,19.666112899780273,19.76543617248535,4761370
2009-04-23,7.697951316833496,20.361379623413086,20.5401611328125,19.954151153564453,20.023677825927734,6757948
2009-04-24,7.592804908752441,20.08327293395996,20.530229568481445,19.89455795288086,20.460702896118164,10368300
2009-04-27,7.510196685791016,19.86475944519043,20.510364532470703,19.49726104736328,20.3514461517334,5055796
2009-04-28,7.39754056930542,19.566789627075195,20.20246124267578,19.467464447021484,19.467464447021484,6475857
2009-04-29,7.078356742858887,18.722536087036133,19.566789627075195,18.63314437866211,19.368141174316406,11229480
2009-04-30,7.209787845611572,19.07016944885254,19.13969612121582,18.85165786743164,19.0205078125,9442691
2009-05-01,7.115908622741699,18.82185935974121,19.09003448486328,18.722536087036133,18.82185935974121,3727199
2009-05-04,7.322441101074219,19.368141174316406,19.368141174316406,18.95098114013672,18.97084617614746,5623209
2009-05-05,7.322441101074219,19.368141174316406,19.77536964416504,19.268817901611328,19.656179428100586,5945695
2009-05-06,7.495173931121826,19.825031280517578,20.033611297607422,19.616451263427734,19.636314392089844,8732572
2009-05-07,7.626603126525879,20.172664642333984,20.510364532470703,20.08327293395996,20.30178451538086,9094343
2009-05-08,7.735499858856201,20.460702896118164,20.460702896118164,20.20246124267578,20.222326278686523,5820456
2009-05-11,7.679172515869141,20.311716079711914,20.550094604492188,20.192529678344727,20.411041259765625,7056779
2009-05-12,7.652885913848877,20.242191314697266,20.411041259765625,20.113069534301758,20.361379623413086,6568125
2009-05-13,7.735499858856201,20.460702896118164,20.5401611328125,20.242191314697266,20.271987915039062,4924546
2009-05-14,7.5852952003479,20.06340789794922,20.480567932128906,20.05347442626953,20.460702896118164,8750528
2009-05-15,7.679172515869141,20.311716079711914,20.510364532470703,20.291852951049805,20.430906295776367,6370686
2009-05-18,7.536323070526123,19.38800621032715,19.76543617248535,19.318479537963867,19.76543617248535,13960753
2009-05-19,7.744807243347168,19.924354553222656,19.954151153564453,19.685977935791016,19.725706100463867,6289608
2009-05-20,7.601956367492676,19.556856155395508,20.01374626159668,19.427734375,20.01374626159668,5897589
2009-05-21,7.505435943603516,19.30854606628418,19.52705955505371,19.129764556884766,19.477397918701172,7905138
2009-05-22,7.482272624969482,19.248952865600586,19.28868293762207,19.0205078125,19.25888442993164,5280394
2009-05-25,7.212013244628906,18.553686141967773,19.229087829589844,18.434497833251953,19.119831085205078,10666287
2009-05-26,7.3896098136901855,19.010574340820312,19.040372848510742,18.17625617980957,18.553686141967773,14818827
2009-05-27,7.258342266082764,18.672874450683594,19.099966049194336,18.613279342651367,19.09003448486328,12310198
2009-05-28,7.119356632232666,18.315309524536133,18.504024505615234,18.14645767211914,18.49409294128418,15901984
2009-05-29,7.285368919372559,18.742401123046875,18.871522903442383,18.315309524536133,18.434497833251953,20399743
2009-06-01,7.312394618988037,18.811927795410156,18.911251068115234,18.39476776123047,18.82185935974121,8877520
2009-06-02,7.24290132522583,18.63314437866211,18.95098114013672,18.454362869262695,18.931116104125977,14258760
2009-06-03,7.401196002960205,19.040372848510742,19.040372848510742,18.474227905273438,18.474227905273438,14086080
2009-06-04,7.3896098136901855,19.010574340820312,19.129764556884766,18.752334594726562,19.030439376831055,13291652
2009-06-05,7.424356937408447,19.099966049194336,19.30854606628418,19.0205078125,19.16949462890625,9706155
2009-06-09,7.470689296722412,19.219154357910156,19.49726104736328,19.179426193237305,19.2390193939209,10932141
2009-06-10,7.640564441680908,19.656179428100586,19.676044464111328,19.368141174316406,19.417802810668945,10703331
2009-06-11,7.621262550354004,19.606517791748047,19.666112899780273,19.487329483032227,19.656179428100586,5979922
2009-06-12,7.690756320953369,19.785301208496094,19.86475944519043,19.487329483032227,19.616451263427734,8145159
2009-06-15,7.671450614929199,19.735639572143555,19.834962844848633,19.636314392089844,19.805166244506836,9375030
2009-06-16,7.667588710784912,19.725706100463867,19.954151153564453,19.517126083374023,19.715774536132812,6429531
2009-06-17,7.567210674285889,19.467464447021484,19.805166244506836,19.050304412841797,19.546924591064453,8802345
2009-06-18,7.686893463134766,19.77536964416504,19.844894409179688,19.49726104736328,19.755504608154297,14322370
2009-06-19,7.764108180999756,19.974016189575195,20.222326278686523,19.76543617248535,19.785301208496094,9766091
2009-06-22,7.771834373474121,19.993881225585938,20.222326278686523,19.755504608154297,20.142866134643555,8149365
2009-06-23,7.420500755310059,19.09003448486328,19.566789627075195,19.050304412841797,19.447599411010742,9319615
2009-06-24,7.4166364669799805,19.080102920532227,19.2092227935791,18.722536087036133,18.921184539794922,9096773
2009-06-25,7.532461166381836,19.378074645996094,19.50719451904297,19.09003448486328,19.179426193237305,8940785
2009-06-26,7.721642971038818,19.86475944519043,19.993881225585938,19.477397918701172,19.536991119384766,13051363
2009-06-29,7.6367034912109375,19.64624786376953,20.023677825927734,19.49726104736328,19.91442108154297,9046390
2009-06-30,7.81816291809082,20.113069534301758,20.113069534301758,19.884624481201172,19.983949661254883,12743191
2009-07-01,7.598097324371338,19.546924591064453,19.805166244506836,19.49726104736328,19.725706100463867,6887549
2009-07-02,7.559485912322998,19.447599411010742,19.685977935791016,19.298614501953125,19.636314392089844,7565738
2009-07-03,7.459104537963867,19.18935775756836,19.219154357910156,19.000642776489258,19.07016944885254,6976833
2009-07-06,7.366446018218994,18.95098114013672,19.199291229248047,18.881454467773438,19.099966049194336,5968919
2009-07-07,7.374168872833252,18.97084617614746,19.2390193939209,18.90131950378418,19.080102920532227,6035858
2009-07-08,7.381892204284668,18.990711212158203,19.080102920532227,18.811927795410156,18.881454467773438,10794906
2009-07-09,7.397332668304443,19.030439376831055,19.060237884521484,18.692739486694336,18.692739486694336,6782919
2009-07-10,7.393472194671631,19.0205078125,19.129764556884766,18.85165786743164,18.990711212158203,6448789
2009-07-13,7.300810813903809,18.78213119506836,19.099966049194336,18.63314437866211,18.97084617614746,5701388
2009-07-14,7.586512088775635,19.517126083374023,19.517126083374023,19.109899520874023,19.159561157226562,7254333
2009-07-15,7.706197738647461,19.825031280517578,19.844894409179688,19.52705955505371,19.566789627075195,6922750
2009-07-16,7.791136741638184,20.043542861938477,20.25212287902832,19.91442108154297,20.172664642333984,11558205
2009-07-17,7.822024822235107,20.123001098632812,20.222326278686523,19.993881225585938,20.20246124267578,5587053
2009-07-20,7.814302921295166,20.10313606262207,20.291852951049805,20.073339462280273,20.21239471435547,6132674
2009-07-21,7.841330051422119,20.172664642333984,20.222326278686523,19.854827880859375,20.113069534301758,7893604
2009-07-22,7.6521477699279785,19.685977935791016,19.974016189575195,19.596586227416992,19.86475944519043,14664907
2009-07-23,7.571069717407227,19.477397918701172,19.79523468017578,19.467464447021484,19.685977935791016,8620101
2009-07-24,7.756388187408447,19.954151153564453,19.954151153564453,19.76543617248535,19.81509780883789,10236072
2009-07-27,7.806581497192383,20.08327293395996,20.242191314697266,19.993881225585938,20.05347442626953,5617208
2009-07-28,8.022786140441895,20.63948631286621,20.75867462158203,19.983949661254883,20.08327293395996,10986914
2009-07-29,8.034368515014648,20.669282913208008,20.957321166992188,20.609689712524414,20.748741149902344,9471034
2009-07-30,8.250575065612793,21.225496292114258,21.384414672851562,20.798404693603516,20.90765953063965,11982971
2009-07-31,8.374117851257324,21.543331146240234,21.672452926635742,21.14603614807129,21.304954528808594,18600710
2009-08-03,8.532413482666016,21.950559616088867,22.298192977905273,21.761844635009766,21.80157470703125,7561748
2009-08-04,8.571022987365723,22.049884796142578,22.268396377563477,21.85123634338379,21.85123634338379,14008887
2009-08-05,8.520833015441895,21.92076301574707,22.228666305541992,21.87110137939453,22.049884796142578,11678625
2009-08-06,8.852861404418945,22.774948120117188,22.854406356811523,22.149208068847656,22.169071197509766,7607744
2009-08-07,8.81425666809082,22.67562484741211,22.794811248779297,22.457111358642578,22.74515151977539,6108644
2009-08-10,8.74862003326416,22.506772994995117,22.904069900512695,22.3577880859375,22.84447479248047,5146765
2009-08-11,8.88760757446289,22.86433982849121,23.013324737548828,22.437246322631836,22.457111358642578,7972377
2009-08-12,9.00729751586914,23.172243118286133,23.480146408081055,22.655759811401367,22.705421447753906,6872208
2009-08-13,9.3624906539917,24.086021423339844,24.086021423339844,23.490079879760742,23.58940315246582,8538530
2009-08-14,9.420403480529785,24.235008239746094,24.62236976623535,24.016494750976562,24.572708129882812,10696223
2009-08-17,9.21964168548584,23.718524932861328,24.21514320373535,23.718524932861328,23.95690155029297,6948051
2009-08-18,9.16558837890625,23.579469680786133,23.75825309753418,23.380823135375977,23.39075469970703,9432953
2009-08-19,9.088373184204102,23.380823135375977,23.797983169555664,23.291431427001953,23.63906478881836,8351536
2009-08-20,8.999577522277832,23.15237808227539,23.629131317138672,23.092784881591797,23.549673080444336,6227112
2009-08-21,8.779507637023926,22.586231231689453,22.993459701538086,22.149208068847656,22.86433982849121,16411285
2009-08-24,9.161725997924805,23.569538116455078,23.569538116455078,22.7650146484375,22.894136428833008,7459464
2009-08-25,9.038183212280273,23.25170135498047,23.500011444091797,23.062986373901367,23.450349807739258,5960052
2009-08-26,9.130843162536621,23.490079879760742,23.6887264251709,23.44041633605957,23.58940315246582,6142879
2009-08-27,9.265969276428223,23.837711334228516,23.917171478271484,23.40068817138672,23.609268188476562,7998828
2009-08-28,9.385658264160156,24.14561653137207,24.3939266204834,24.036359786987305,24.036359786987305,13855676
2009-08-31,9.408820152282715,24.205209732055664,24.662099838256836,23.867509841918945,24.413789749145508,10132050
2009-09-01,9.594138145446777,24.681964874267578,24.741558074951172,24.225074768066406,24.324399948120117,7577293
2009-09-02,9.370214462280273,24.105886459350586,24.225074768066406,23.788049697875977,24.135683059692383,9396936
2009-09-03,9.35863208770752,24.07608985900879,24.254871368408203,23.917171478271484,24.036359786987305,5542630
2009-09-04,9.397238731384277,24.175413131713867,24.374061584472656,24.07608985900879,24.274736404418945,8357309
2009-09-07,9.316161155700684,23.966833114624023,24.38399314880371,23.82777976989746,24.24493980407715,7120242
2009-09-08,9.474456787109375,24.374061584472656,24.5826416015625,23.94696807861328,23.966833114624023,6652502
2009-09-09,9.370214462280273,24.105886459350586,24.681964874267578,24.07608985900879,24.423723220825195,9270166
2009-09-10,9.416543006896973,24.225074768066406,24.443588256835938,24.155548095703125,24.43365478515625,6280059
2009-09-11,9.46673583984375,24.354196548461914,24.463451385498047,24.115819931030273,24.38399314880371,9041878
2009-09-14,9.300719261169434,23.927104949951172,24.274736404418945,23.768186569213867,24.155548095703125,7505143
2009-09-15,9.188753128051758,23.63906478881836,24.235008239746094,23.529809951782227,24.165481567382812,11476777
2009-09-16,9.478313446044922,24.38399314880371,24.463451385498047,23.718524932861328,23.75825309753418,10761018
2009-09-17,9.6018648147583,24.70182991027832,24.811086654663086,24.374061584472656,24.38399314880371,15078469
2009-09-18,9.617307662963867,24.741558074951172,24.741558074951172,24.235008239746094,24.48331642150879,11453481
2009-09-21,9.60572338104248,24.711761474609375,24.761423110961914,24.36412811279297,24.63230323791504,5741785
2009-09-22,9.636612892150879,24.791221618652344,24.950138092041016,24.443588256835938,24.51311492919922,6385372
2009-09-23,9.767879486083984,25.128921508789062,25.198448181152344,24.880611419677734,25.029598236083984,5882129
2009-09-24,9.86826229095459,25.387163162231445,25.486486434936523,25.01966667175293,25.089191436767578,8942658
2009-09-25,10.103769302368164,25.993038177490234,26.261213302612305,25.128921508789062,25.20838165283203,15540768
2009-09-28,10.076743125915527,25.923511505126953,25.973173141479492,25.416961669921875,25.704999923706055,5993735
2009-09-29,10.204148292541504,26.25128173828125,26.559185028076172,26.191686630249023,26.261213302612305,4527446
2009-09-30,10.134655952453613,26.072498321533203,26.449928283691406,25.8837833404541,26.310874938964844,8835790
2009-10-01,10.003388404846191,25.73479652404785,26.181753158569336,25.675203323364258,26.022836685180664,5213632
2009-10-02,9.690661430358887,24.930273056030273,25.1785831451416,24.930273056030273,25.049463272094727,9103967
2009-10-05,9.690661430358887,24.930273056030273,24.930273056030273,24.930273056030273,24.930273056030273,0
2009-10-06,9.721549034118652,25.009733200073242,25.20838165283203,24.75149154663086,25.009733200073242,10551446
2009-10-07,9.848955154418945,25.337501525878906,25.34743309020996,25.01966667175293,25.30770492553711,3298253
2009-10-08,10.153956413269043,26.122159957885742,26.132091522216797,24.930273056030273,25.35736656188965,13281781
2009-10-09,10.084466934204102,25.943376541137695,26.181753158569336,25.754661560058594,26.102294921875,11187049
2009-10-12,9.976364135742188,25.66526985168457,26.072498321533203,25.575878143310547,26.022836685180664,5650116
2009-10-13,10.157817840576172,26.132091522216797,26.261213302612305,25.73479652404785,25.76459312438965,6578698
2009-10-14,10.347000122070312,26.618778228759766,26.718103408813477,26.142024993896484,26.17182159423828,5555648
2009-10-15,10.462823867797852,26.916749954223633,27.115398406982422,26.757831573486328,26.916749954223633,6362639
2009-10-16,10.408770561218262,26.77769660949707,27.194856643676758,26.65850830078125,26.966411590576172,4330598
2009-10-19,10.153956413269043,26.122159957885742,26.58898162841797,26.042701721191406,26.569116592407227,5946298
2009-10-20,10.223454475402832,26.30094337463379,26.767765045166016,26.261213302612305,26.46979331970215,7455799
2009-10-21,10.180985450744629,26.191686630249023,26.380401611328125,26.092363357543945,26.22148323059082,6066071
2009-10-22,10.231176376342773,26.3208065032959,26.519454956054688,26.022836685180664,26.05263328552246,8232779
2009-10-23,10.540043830871582,27.115398406982422,27.2147216796875,26.668441772460938,26.757831573486328,15858885
2009-10-26,10.62884521484375,27.343843460083008,27.38357162475586,26.84722328186035,26.84722328186035,10463406
2009-10-27,10.513014793395996,27.04587173461914,27.33390998840332,26.936614990234375,27.194856643676758,10682120
2009-10-28,10.308391571044922,26.519454956054688,27.204788208007812,26.211551666259766,27.16506004333496,12134467
2009-10-29,10.076743125915527,25.923511505126953,26.161888122558594,25.655338287353516,26.112226486206055,12415949
2009-10-30,10.180985450744629,26.191686630249023,26.519454956054688,26.15195655822754,26.370468139648438,15012224
2009-11-02,9.879838943481445,25.416961669921875,25.704999923706055,25.387163162231445,25.575878143310547,6164267
2009-11-03,9.818068504333496,25.25804328918457,25.66526985168457,24.979936599731445,25.62554168701172,4533550
2009-11-04,9.957056999206543,25.61560821533203,25.90364646911621,25.297771453857422,25.834121704101562,12390996
2009-11-05,9.995665550231934,25.71493148803711,25.95330810546875,25.565946578979492,25.774526596069336,7647228
2009-11-06,10.250480651855469,26.370468139648438,26.46979331970215,25.973173141479492,26.022836685180664,8617555
2009-11-09,10.380833625793457,26.102294921875,26.797561645507812,25.853986740112305,26.022836685180664,22001340
2009-11-10,10.42823314666748,26.22148323059082,26.46979331970215,26.181753158569336,26.459861755371094,8091082
2009-11-11,10.380833625793457,26.102294921875,26.42013168334961,26.092363357543945,26.2910099029541,7540848
2009-11-12,10.286030769348145,25.86391830444336,26.271146774291992,25.724864959716797,26.261213302612305,5157975
2009-11-13,10.199130058288574,25.64540672302246,25.78445816040039,25.575878143310547,25.675203323364258,7259742
2009-11-16,9.989774703979492,25.118989944458008,25.78445816040039,25.01966667175293,25.724864959716797,9561119
2009-11-17,9.756717681884766,24.532978057861328,25.15871810913086,24.43365478515625,25.128921508789062,13114398
2009-11-18,9.740918159484863,24.493249893188477,24.781288146972656,24.38399314880371,24.721694946289062,9185868
2009-11-19,9.748820304870605,24.51311492919922,24.75149154663086,24.334331512451172,24.443588256835938,9505184
2009-11-20,9.55921459197998,24.036359786987305,24.304534912109375,23.95690155029297,24.14561653137207,6850511
2009-11-23,9.539466857910156,23.986698150634766,24.294601440429688,23.937036514282227,23.986698150634766,5329223
2009-11-24,9.464411735534668,23.797983169555664,24.3939266204834,23.748321533203125,24.135683059692383,8305055
2009-11-25,9.626364707946777,24.205209732055664,24.284669876098633,23.559606552124023,23.99662971496582,14771136
2009-11-26,9.49996280670166,23.887374877929688,24.24493980407715,23.70859146118164,24.235008239746094,8375132
2009-11-27,9.136554718017578,22.973594665527344,23.450349807739258,22.854406356811523,23.420551300048828,10864649
2009-11-30,9.535513877868652,23.97676658630371,24.036359786987305,23.44041633605957,23.490079879760742,10706577
2009-12-01,9.551314353942871,24.016494750976562,24.105886459350586,23.619199752807617,23.817848205566406,10627359
2009-12-02,9.58686637878418,24.105886459350586,24.50318145751953,24.105886459350586,24.354196548461914,9034939
2009-12-03,9.661916732788086,24.294601440429688,24.403858184814453,24.016494750976562,24.334331512451172,8349267
2009-12-04,9.496013641357422,23.87744140625,24.26480484008789,23.678794860839844,24.04629135131836,5027794
2009-12-07,9.436763763427734,23.728456497192383,24.135683059692383,23.529809951782227,24.125751495361328,4889819
2009-12-08,9.420961380004883,23.6887264251709,23.75825309753418,23.44041633605957,23.648996353149414,6393643
2009-12-09,9.318263053894043,23.430484771728516,23.480146408081055,23.062986373901367,23.172243118286133,6034628
2009-12-10,9.389361381530762,23.609268188476562,23.778118133544922,23.460281372070312,23.53974151611328,9179841
2009-12-11,9.306411743164062,23.40068817138672,23.917171478271484,23.311296463012695,23.728456497192383,5832616
2009-12-14,9.365660667419434,23.549673080444336,23.58940315246582,23.062986373901367,23.360958099365234,5553342
2009-12-15,9.40121078491211,23.63906478881836,23.80791473388672,23.341093063354492,23.609268188476562,5377164
2009-12-16,9.322211265563965,23.44041633605957,23.82777976989746,23.410619735717773,23.559606552124023,5304198
2009-12-17,9.223457336425781,23.192108154296875,23.37088966369629,22.84447479248047,23.261634826660156,21777524
2009-12-18,9.27875804901123,23.331161499023438,23.51987648010254,22.923933029174805,22.973594665527344,16654604
2009-12-21,9.223457336425781,23.192108154296875,23.500011444091797,23.192108154296875,23.410619735717773,5801289
2009-12-22,9.539466857910156,23.986698150634766,23.986698150634766,23.311296463012695,23.420551300048828,8228839
2009-12-23,9.748820304870605,24.51311492919922,24.51311492919922,24.006563186645508,24.155548095703125,6524988
2009-12-24,10.029276847839355,25.218313217163086,25.277908325195312,24.5826416015625,24.681964874267578,7504757
2009-12-29,10.033225059509277,25.228246688842773,25.407028198242188,25.138853073120117,25.32756805419922,3851419
2009-12-30,9.981871604919434,25.099124908447266,25.337501525878906,25.049463272094727,25.297771453857422,2458764
2009-12-31,9.99372386932373,25.128921508789062,25.297771453857422,25.049463272094727,25.228246688842773,2338298
2010-01-04,9.99372386932373,25.128921508789062,25.20838165283203,25.079259872436523,25.1785831451416,2765223
2010-01-05,10.076676368713379,25.337501525878906,25.42689323425293,25.218313217163086,25.42689323425293,4773662
2010-01-06,10.029276847839355,25.218313217163086,25.317636489868164,25.099124908447266,25.218313217163086,3109106
2010-01-07,9.894973754882812,24.880611419677734,25.277908325195312,24.791221618652344,25.228246688842773,3435159
2010-01-08,9.934473991394043,24.979936599731445,25.277908325195312,24.82101821899414,25.03952980041504,3555751
2010-01-11,9.946324348449707,25.009733200073242,25.1785831451416,24.970003128051758,25.009733200073242,3965187
2010-01-12,9.946324348449707,25.009733200073242,25.099124908447266,24.900476455688477,24.900476455688477,3601496
2010-01-13,9.91472339630127,24.930273056030273,24.9898681640625,24.75149154663086,24.830949783325195,4173663
2010-01-14,10.025322914123535,25.20838165283203,25.397096633911133,25.03952980041504,25.049463272094727,4652143
2010-01-15,10.07272720336914,25.32756805419922,25.32756805419922,24.811086654663086,25.25804328918457,9549754
2010-01-18,10.274181365966797,25.834121704101562,25.993038177490234,25.18851661682129,25.20838165283203,11257164
2010-01-19,10.151725769042969,25.526216506958008,25.873849868774414,25.35736656188965,25.695066452026367,9347836
2010-01-20,10.064825057983398,25.30770492553711,25.774526596069336,25.148786544799805,25.774526596069336,5818179
2010-01-21,10.116178512573242,25.436826705932617,25.585811614990234,25.079259872436523,25.18851661682129,8035261
2010-01-22,10.025322914123535,25.20838165283203,25.20838165283203,24.830949783325195,24.860748291015625,8577124
2010-01-25,9.843620300292969,24.75149154663086,24.930273056030273,24.572708129882812,24.890544891357422,5404275
2010-01-27,9.610566139221191,24.165481567382812,24.453519821166992,24.086021423339844,24.284669876098633,9370745
2010-01-28,9.709320068359375,24.413789749145508,24.50318145751953,24.056224822998047,24.205209732055664,7532506
2010-01-29,9.424911499023438,23.698659896850586,24.165481567382812,23.648996353149414,24.115819931030273,13087223
2010-02-01,9.294559478759766,23.37088966369629,23.788049697875977,23.37088966369629,23.579469680786133,9495767
2010-02-02,9.322211265563965,23.44041633605957,23.609268188476562,23.291431427001953,23.37088966369629,6795063
2010-02-03,9.270858764648438,23.311296463012695,23.410619735717773,22.9537296295166,23.380823135375977,10491683
2010-02-04,9.136554718017578,22.973594665527344,23.341093063354492,22.774948120117188,23.241769790649414,8303990
2010-02-05,8.931151390075684,22.457111358642578,22.566368103027344,22.15913963317871,22.347854614257812,8762455
2010-02-08,9.18395709991455,23.092784881591797,23.142446517944336,22.198869705200195,22.457111358642578,10478616
2010-02-09,9.037802696228027,22.72528648376465,22.804744720458984,22.367719650268555,22.755083084106445,8934513
2010-02-10,8.982498168945312,22.586231231689453,23.053054809570312,22.467044830322266,22.854406356811523,9030337
2010-02-11,9.07335376739502,22.81467628479004,23.122581481933594,22.67562484741211,22.74515151977539,6819927
2010-02-12,9.164206504821777,23.043121337890625,23.043121337890625,22.417381286621094,22.993459701538086,9125666
2010-02-15,9.203706741333008,23.142446517944336,23.420551300048828,22.9537296295166,23.023256301879883,5366953
2010-02-16,9.772518157958984,24.572708129882812,24.602506637573242,23.897306442260742,23.917171478271484,22051321
2010-02-17,10.045077323913574,25.25804328918457,25.37723159790039,24.880611419677734,25.168651580810547,12212065
2010-02-18,10.029276847839355,25.218313217163086,25.367298126220703,24.850814819335938,25.218313217163086,9380416
2010-02-19,10.056926727294922,25.287839889526367,25.54608154296875,24.880611419677734,25.05939483642578,10335076
2010-02-22,10.317632675170898,25.943376541137695,26.002971649169922,25.47655487060547,25.526216506958008,10392879
2010-02-23,10.412432670593262,26.181753158569336,26.22148323059082,25.81425666809082,25.893714904785156,11576498
2010-02-24,10.175429344177246,25.585811614990234,26.15195655822754,25.516284942626953,26.022836685180664,15673171
2010-02-25,10.147778511047363,25.516284942626953,26.012903213500977,25.446758270263672,25.76459312438965,9800375
2010-02-26,10.32158088684082,25.95330810546875,25.993038177490234,25.42689323425293,25.675203323364258,12026621
2010-03-01,10.479585647583008,26.350605010986328,26.360536575317383,26.03276824951172,26.06256675720215,7020000
2010-03-02,10.558585166931152,26.549251556396484,26.569116592407227,26.310874938964844,26.509523391723633,9283350
2010-03-03,10.661288261413574,26.807493209838867,26.896886825561523,26.380401611328125,26.598913192749023,8227989
2010-03-04,10.641536712646484,26.757831573486328,26.886953353881836,26.48965835571289,26.886953353881836,6580988
2010-03-05,10.566486358642578,26.569116592407227,26.817426681518555,26.430063247680664,26.628711700439453,7460374
2010-03-08,10.59809398651123,26.648576736450195,26.837291717529297,26.499589920043945,26.837291717529297,6027288
2010-03-09,10.653387069702148,26.787628173828125,26.896886825561523,26.60884666442871,26.757831573486328,7836010
2010-03-10,10.795592308044434,27.14519500732422,27.184925079345703,26.757831573486328,26.916749954223633,8946700
2010-03-11,10.665242195129395,26.817426681518555,27.174991607666016,26.638643264770508,27.16506004333496,8116688
2010-03-12,10.625740051269531,26.718103408813477,27.006141662597656,26.618778228759766,26.966411590576172,4768190
2010-03-15,10.519087791442871,26.449928283691406,26.896886825561523,26.449928283691406,26.747900009155273,7560439
2010-03-16,10.62968921661377,26.72803497314453,26.807493209838867,26.46979331970215,26.519454956054688,9579452
2010-03-17,10.799543380737305,27.155126571655273,27.16506004333496,26.916749954223633,26.966411590576172,9481208
2010-03-18,10.783746719360352,27.115398406982422,27.33390998840332,26.916749954223633,27.314044952392578,8556269
2010-03-19,10.835091590881348,27.244518280029297,27.244518280029297,26.886953353881836,27.055803298950195,4885417
2010-03-22,10.708691596984863,26.92668342590332,27.26438331604004,26.787628173828125,27.115398406982422,3522964
2010-03-23,10.854846000671387,27.29418182373047,27.373640060424805,27.115398406982422,27.204788208007812,8025442
2010-03-24,10.965444564819336,27.57228660583496,27.691476821899414,27.314044952392578,27.413368225097656,7322859
2010-03-25,10.977295875549316,27.60208511352539,27.631881713867188,27.26438331604004,27.393505096435547,6970572
2010-03-26,11.052348136901855,27.790800094604492,27.8106632232666,27.26438331604004,27.463031768798828,16578621
2010-03-29,11.083949089050293,27.870258331298828,28.078838348388672,27.77093505859375,27.8106632232666,8418578
2010-03-30,11.107648849487305,27.929853439331055,28.039108276367188,27.6219482421875,28.019243240356445,6040461
2010-03-31,10.99704647064209,27.65174674987793,28.15829849243164,27.65174674987793,28.019243240356445,9225809
2010-04-01,11.032599449157715,27.741138458251953,27.741138458251953,27.443166732788086,27.6219482421875,7113104
2010-04-06,11.159001350402832,28.05897331237793,28.08877182006836,27.671611785888672,27.850393295288086,5091425
2010-04-07,11.09184741973877,27.89012336730957,28.049041748046875,27.82059669494629,27.949718475341797,7324325
2010-04-08,10.973346710205078,27.592151641845703,27.8106632232666,27.512693405151367,27.8106632232666,9137754
2010-04-09,10.949646949768066,27.53255844116211,27.77093505859375,27.4332332611084,27.711341857910156,4718588
2010-04-12,10.99704647064209,27.65174674987793,27.850393295288086,27.542490005493164,27.711341857910156,5204767
2010-04-13,10.961495399475098,27.562355041503906,27.800731658935547,27.512693405151367,27.612016677856445,5430998
2010-04-14,11.139249801635742,28.00931167602539,28.08877182006836,27.641813278198242,27.761003494262695,8050475
2010-04-15,11.17480182647705,28.098703384399414,28.237756729125977,28.039108276367188,28.15829849243164,5547416
2010-04-16,11.13134765625,27.98944664001465,28.15829849243164,27.870258331298828,28.049041748046875,6917820
2010-04-19,10.965444564819336,27.57228660583496,27.870258331298828,27.472963333129883,27.711341857910156,5064333
2010-04-20,10.99704647064209,27.65174674987793,27.8106632232666,27.502761840820312,27.72127342224121,4227043
2010-04-21,11.139249801635742,28.00931167602539,28.188095092773438,27.870258331298828,27.919921875,5191753
2010-04-22,10.937795639038086,27.502761840820312,27.72127342224121,27.373640060424805,27.681543350219727,7419647
2010-04-23,10.783746719360352,27.115398406982422,27.55242347717285,27.115398406982422,27.502761840820312,9238605
2010-04-27,10.73634147644043,26.99620819091797,27.274316787719727,26.82735824584961,27.14519500732422,9884188
2010-04-28,10.720541000366211,26.956480026245117,26.966411590576172,26.459861755371094,26.479726791381836,6901630
2010-04-29,10.665242195129395,26.817426681518555,26.956480026245117,26.58898162841797,26.68830680847168,7552119
2010-04-30,10.744241714477539,27.01607322692871,27.28424835205078,26.82735824584961,27.055803298950195,12629378
2010-05-03,10.886442184448242,27.373640060424805,27.522624969482422,27.01607322692871,27.155126571655273,4400163
2010-05-04,10.795592308044434,27.14519500732422,27.641813278198242,27.085601806640625,27.641813278198242,5341219
2010-05-05,10.345283508300781,26.012903213500977,26.60884666442871,25.8837833404541,26.410198211669922,17872948
2010-05-06,9.91472339630127,24.930273056030273,25.49641990661621,24.711761474609375,25.47655487060547,26740373
2010-05-07,9.54736614227295,24.006563186645508,24.374061584472656,23.63906478881836,23.778118133544922,24860584
2010-05-10,9.879171371459961,24.840883255004883,24.970003128051758,24.14561653137207,24.185346603393555,14110199
2010-05-11,9.804121017456055,24.65216827392578,25.25804328918457,24.642234802246094,25.20838165283203,10531232
2010-05-12,9.819920539855957,24.691896438598633,25.089191436767578,24.334331512451172,24.880611419677734,8516342
2010-05-13,9.985824584960938,25.10905647277832,25.277908325195312,24.850814819335938,25.079259872436523,10181546
2010-05-14,9.831772804260254,24.721694946289062,24.910409927368164,24.662099838256836,24.830949783325195,7848354
2010-05-17,9.442395210266113,23.122581481933594,23.728456497192383,23.122581481933594,23.53974151611328,13193184
2010-05-18,9.482955932617188,23.221904754638672,23.500011444091797,23.023256301879883,23.44041633605957,10293921
2010-05-19,9.207144737243652,22.5465030670166,22.98352813720703,22.47697639465332,22.655759811401367,12786745
2010-05-20,8.8421049118042,21.652589797973633,22.69548988342285,21.622791290283203,22.655759811401367,20855676
2010-05-21,9.03679370880127,22.129343032836914,22.28826141357422,20.679214477539062,20.838132858276367,26826939
2010-05-24,9.393718719482422,23.00339126586914,23.00339126586914,22.179004669189453,22.5465030670166,15021974
2010-05-25,9.028681755065918,22.109477996826172,22.566368103027344,21.97042465209961,22.566368103027344,11640724
2010-05-26,8.915114402770996,21.831371307373047,22.625961303710938,21.831371307373047,22.59616470336914,18591567
2010-05-27,9.215254783630371,22.566368103027344,22.566368103027344,21.543331146240234,21.87110137939453,16599147
2010-05-28,9.491065979003906,23.241769790649414,23.380823135375977,22.973594665527344,23.03318977355957,16166212
2010-05-31,9.30854606628418,22.794811248779297,23.341093063354492,22.735218048095703,23.241769790649414,8133223
2010-06-01,9.227426528930664,22.59616470336914,22.7650146484375,22.15913963317871,22.735218048095703,9646364
2010-06-02,9.089522361755371,22.258464813232422,22.586231231689453,22.15913963317871,22.39751625061035,8335478
2010-06-03,9.361273765563965,22.923933029174805,23.023256301879883,22.625961303710938,22.69548988342285,7681774
2010-06-04,9.231480598449707,22.606096267700195,22.9537296295166,22.437246322631836,22.923933029174805,7580277
2010-06-07,8.996232032775879,22.030019760131836,22.169071197509766,21.652589797973633,22.049884796142578,12210536
2010-06-08,9.162530899047852,22.437246322631836,22.47697639465332,21.97042465209961,22.000221252441406,8796645
2010-06-09,9.093574523925781,22.268396377563477,22.347854614257812,22.030019760131836,22.318058013916016,7535391
2010-06-10,9.182811737060547,22.486909866333008,22.59616470336914,22.337923049926758,22.347854614257812,11198041
2010-06-11,9.503236770629883,23.27156639099121,23.27156639099121,22.84447479248047,22.993459701538086,14792186
2010-06-15,9.450505256652832,23.142446517944336,23.430484771728516,23.142446517944336,23.430484771728516,9161167
2010-06-16,9.539740562438965,23.360958099365234,23.58940315246582,23.25170135498047,23.58940315246582,11935093
2010-06-17,9.434282302856445,23.10271644592285,23.410619735717773,22.904069900512695,23.341093063354492,9788237
2010-06-18,9.555963516235352,23.40068817138672,23.430484771728516,23.13251304626465,23.221904754638672,5264820
2010-06-21,9.669529914855957,23.678794860839844,23.82777976989746,23.480146408081055,23.748321533203125,6125858
2010-06-22,9.458620071411133,23.162309646606445,23.6887264251709,23.162309646606445,23.500011444091797,6629801
2010-06-23,9.150361061096191,22.40744972229004,22.973594665527344,22.40744972229004,22.874271392822266,10897315
2010-06-24,8.971896171569824,21.97042465209961,22.655759811401367,21.950559616088867,22.59616470336914,10929884
2010-06-25,8.82182502746582,21.60292625427246,21.702251434326172,21.48373794555664,21.652589797973633,16299543
2010-06-28,8.724479675292969,21.36454963684082,21.751911163330078,21.285091400146484,21.692317962646484,9235274
2010-06-29,8.619024276733398,21.106307983398438,21.781709671020508,21.106307983398438,21.404279708862305,12036589
2010-06-30,8.610910415649414,21.086442947387695,21.106307983398438,20.460702896118164,20.510364532470703,15644789
2010-07-01,8.440558433532715,20.669282913208008,21.00698471069336,20.589824676513672,20.828201293945312,8810464
2010-07-02,8.501399040222168,20.818269729614258,21.245361328125,20.679214477539062,21.0566463470459,10902586
2010-07-05,8.432445526123047,20.649417877197266,21.016916275024414,20.599756240844727,20.937456130981445,4709830
2010-07-06,8.683919906616211,21.265226364135742,21.265226364135742,20.420974731445312,20.609689712524414,6613048
2010-07-07,8.619024276733398,21.106307983398438,21.4340763092041,20.917593002319336,21.265226364135742,9554241
2010-07-08,8.931337356567383,21.87110137939453,21.87110137939453,21.53339958190918,21.652589797973633,10339432
2010-07-09,9.004344940185547,22.049884796142578,22.198869705200195,21.712182998657227,21.960491180419922,5790685
2010-07-12,9.053017616271973,22.169071197509766,22.188936233520508,21.930694580078125,21.950559616088867,4961712
2010-07-13,9.028681755065918,22.109477996826172,22.447179794311523,22.06974983215332,22.268396377563477,4667561
2010-07-14,9.320713996887207,22.824609756469727,22.824609756469727,22.47697639465332,22.59616470336914,5075482
2010-07-15,9.219314575195312,22.5762996673584,22.84447479248047,22.437246322631836,22.64582633972168,6626116
2010-07-16,9.15847396850586,22.42731475830078,22.665691375732422,22.347854614257812,22.496841430664062,4181964
2010-07-19,8.975951194763184,21.980356216430664,22.099546432495117,21.960491180419922,22.010154724121094,3952022
2010-07-20,9.093574523925781,22.268396377563477,22.28826141357422,21.87110137939453,21.950559616088867,9972135
2010-07-21,9.134137153625488,22.367719650268555,22.447179794311523,22.218734741210938,22.347854614257812,6273511
2010-07-22,8.984064102172852,22.000221252441406,22.39751625061035,21.99028968811035,22.28826141357422,6295413
2010-07-23,9.219314575195312,22.5762996673584,22.665691375732422,22.39751625061035,22.496841430664062,8722311
2010-07-26,9.389664649963379,22.993459701538086,23.03318977355957,22.71535301208496,22.83454132080078,9233858
2010-07-27,9.612746238708496,23.53974151611328,23.609268188476562,23.241769790649414,23.27156639099121,12661300
2010-07-28,9.795269966125488,23.986698150634766,23.986698150634766,23.490079879760742,23.718524932861328,9029710
2010-07-29,9.835826873779297,24.086021423339844,24.105886459350586,23.63906478881836,23.817848205566406,8542842
2010-07-30,9.730371475219727,23.82777976989746,23.90723991394043,23.63906478881836,23.797983169555664,12504076
2010-08-02,9.815546035766602,24.036359786987305,24.0661563873291,23.897306442260742,23.94696807861328,5035138
2010-08-03,9.856106758117676,24.135683059692383,24.324399948120117,23.95690155029297,24.31446647644043,7841022
2010-08-04,9.67358684539795,23.6887264251709,24.086021423339844,23.599334716796875,24.07608985900879,11399721
2010-08-05,9.67358684539795,23.6887264251709,23.887374877929688,23.549673080444336,23.82777976989746,7564200
2010-08-06,9.58029842376709,23.460281372070312,23.549673080444336,23.30136489868164,23.490079879760742,5945230
2010-08-09,9.653306007385254,23.63906478881836,23.678794860839844,23.20203971862793,23.261634826660156,7827729
2010-08-10,9.442395210266113,23.122581481933594,23.70859146118164,23.03318977355957,23.559606552124023,9064362
2010-08-11,9.093574523925781,22.268396377563477,22.635894775390625,22.258464813232422,22.566368103027344,20648556
2010-08-12,9.00839900970459,22.059816360473633,22.149208068847656,21.841304779052734,21.930694580078125,10800476
2010-08-13,9.134137153625488,22.367719650268555,22.367719650268555,21.960491180419922,22.000221252441406,9956296
2010-08-16,9.113858222961426,22.318058013916016,22.467044830322266,21.92076301574707,21.97042465209961,7119742
2010-08-17,9.231480598449707,22.606096267700195,22.705421447753906,22.11941146850586,22.248531341552734,8718747
2010-08-18,9.349105834960938,22.894136428833008,22.894136428833008,22.5465030670166,22.83454132080078,10453531
2010-08-19,9.304489135742188,22.784879684448242,22.943798065185547,22.566368103027344,22.943798065185547,7570991
2010-08-20,9.186864852905273,22.496841430664062,22.635894775390625,22.169071197509766,22.42731475830078,12136452
2010-08-23,8.951618194580078,21.92076301574707,22.39751625061035,21.80157470703125,22.39751625061035,12790166
2010-08-24,8.692030906677246,21.285091400146484,21.841304779052734,21.285091400146484,21.80157470703125,13727859
2010-08-25,8.541959762573242,20.917593002319336,21.344684600830078,20.85799789428711,21.036781311035156,14579440
2010-08-26,8.740703582763672,21.404279708862305,21.453941345214844,21.00698471069336,21.106307983398438,12243046
2010-08-27,8.82182502746582,21.60292625427246,21.73204803466797,21.116239547729492,21.255292892456055,11163014
2010-08-30,9.057071685791016,22.179004669189453,22.179004669189453,21.940628051757812,22.010154724121094,9596699
2010-08-31,8.801545143127441,21.553264617919922,22.010154724121094,21.553264617919922,21.900897979736328,12781944
2010-09-01,9.065185546875,22.198869705200195,22.248531341552734,21.751911163330078,21.781709671020508,12743615
2010-09-02,9.186864852905273,22.496841430664062,22.616029739379883,22.37765121459961,22.59616470336914,7358622
2010-09-03,9.126026153564453,22.347854614257812,22.516706466674805,22.129343032836914,22.496841430664062,6797196
2010-09-06,9.239592552185059,22.625961303710938,22.625961303710938,22.447179794311523,22.566368103027344,7003174
2010-09-07,9.340994834899902,22.874271392822266,22.943798065185547,22.586231231689453,22.616029739379883,9933985
2010-09-08,9.207144737243652,22.5465030670166,22.71535301208496,22.37765121459961,22.69548988342285,9217521
2010-09-09,9.320713996887207,22.824609756469727,22.86433982849121,22.556434631347656,22.67562484741211,6816774
2010-09-10,9.304489135742188,22.784879684448242,23.092784881591797,22.7650146484375,22.894136428833008,5769821
2010-09-13,9.487009048461914,23.231836318969727,23.241769790649414,23.053054809570312,23.11264991760254,7013753
2010-09-14,9.478898048400879,23.211971282958984,23.420551300048828,23.20203971862793,23.30136489868164,7806636
2010-09-15,9.584354400634766,23.47021484375,23.53974151611328,23.221904754638672,23.37088966369629,11005996
2010-09-16,9.442395210266113,23.122581481933594,23.70859146118164,23.08285140991211,23.70859146118164,16363156
2010-09-17,9.495121955871582,23.25170135498047,23.341093063354492,23.062986373901367,23.25170135498047,6622553
2010-09-20,9.503236770629883,23.27156639099121,23.27156639099121,22.993459701538086,23.122581481933594,6361691
2010-09-21,9.458620071411133,23.162309646606445,23.500011444091797,23.08285140991211,23.490079879760742,8109641
2010-09-22,9.551907539367676,23.39075469970703,23.480146408081055,23.20203971862793,23.291431427001953,9720761
2010-09-23,9.620856285095215,23.559606552124023,23.559606552124023,23.142446517944336,23.221904754638672,6784832
2010-09-24,9.527568817138672,23.331161499023438,23.44041633605957,23.122581481933594,23.20203971862793,10037853
2010-09-27,9.714147567749023,23.788049697875977,23.837711334228516,23.559606552124023,23.559606552124023,8338084
2010-09-28,9.742539405822754,23.857576370239258,23.95690155029297,23.6887264251709,23.768186569213867,6961650
2010-09-29,9.616802215576172,23.549673080444336,24.006563186645508,23.460281372070312,23.97676658630371,8867651
2010-09-30,9.42617130279541,23.08285140991211,23.579469680786133,22.98352813720703,23.53974151611328,13028293
2010-10-01,9.300431251525879,22.774948120117188,23.360958099365234,22.625961303710938,23.261634826660156,7300295
2010-10-04,9.458620071411133,23.162309646606445,23.380823135375977,22.894136428833008,22.943798065185547,4759731
2010-10-05,9.373438835144043,22.9537296295166,23.092784881591797,22.72528648376465,22.96366310119629,8612531
2010-10-06,9.49917984008789,23.261634826660156,23.311296463012695,23.142446517944336,23.231836318969727,8637244
2010-10-07,9.450505256652832,23.142446517944336,23.20203971862793,22.973594665527344,23.053054809570312,6635547
2010-10-08,9.401833534240723,23.023256301879883,23.10271644592285,22.91400146484375,23.03318977355957,5785968
2010-10-11,9.393718719482422,23.00339126586914,23.27156639099121,22.894136428833008,23.241769790649414,6449375
2010-10-12,9.190922737121582,22.506772994995117,23.122581481933594,22.457111358642578,23.00339126586914,9847956
2010-10-13,9.146305084228516,22.39751625061035,22.784879684448242,22.39751625061035,22.784879684448242,7753635
2010-10-14,9.373438835144043,22.9537296295166,23.03318977355957,22.616029739379883,22.69548988342285,9474692
2010-10-15,9.300431251525879,22.774948120117188,22.86433982849121,22.586231231689453,22.72528648376465,10318530
2010-10-18,9.178754806518555,22.47697639465332,22.83454132080078,22.39751625061035,22.74515151977539,7636495
2010-10-19,9.219314575195312,22.5762996673584,22.794811248779297,22.5465030670166,22.67562484741211,13726862
2010-10-20,9.162530899047852,22.437246322631836,22.516706466674805,22.268396377563477,22.447179794311523,12186682
2010-10-21,9.053017616271973,22.169071197509766,22.685556411743164,22.169071197509766,22.685556411743164,9410206
2010-10-22,9.097631454467773,22.278329849243164,22.298192977905273,22.129343032836914,22.198869705200195,7660104
2010-10-25,9.30854606628418,22.794811248779297,22.923933029174805,22.198869705200195,22.327991485595703,8454537
2010-10-26,9.263930320739746,22.685556411743164,22.854406356811523,22.665691375732422,22.804744720458984,8843329
2010-10-27,9.336936950683594,22.86433982849121,23.261634826660156,22.7650146484375,22.884204864501953,8954486
2010-10-28,9.30854606628418,22.794811248779297,23.261634826660156,22.71535301208496,23.142446517944336,14696896
2010-10-29,9.207144737243652,22.5465030670166,23.261634826660156,22.467044830322266,23.142446517944336,18035171
2010-11-01,9.349105834960938,22.894136428833008,23.023256301879883,22.74515151977539,22.774948120117188,10142881
2010-11-02,9.454564094543457,23.15237808227539,23.192108154296875,22.755083084106445,22.854406356811523,7025823
2010-11-03,9.49917984008789,23.261634826660156,23.51987648010254,23.261634826660156,23.37088966369629,12864485
2010-11-04,9.470784187316895,23.192108154296875,23.40068817138672,23.053054809570312,23.241769790649414,11961984
2010-11-05,9.47484302520752,23.20203971862793,23.450349807739258,23.142446517944336,23.44041633605957,13731018
2010-11-08,9.336615562438965,22.13927459716797,22.447179794311523,22.079681396484375,22.347854614257812,19556644
2010-11-09,9.277972221374512,22.000221252441406,22.30812644958496,21.910831451416016,22.198869705200195,13154467
2010-11-10,9.215145111083984,21.85123634338379,22.13927459716797,21.63272476196289,22.129343032836914,10816627
2010-11-11,9.185818672180176,21.781709671020508,21.910831451416016,21.73204803466797,21.761844635009766,9071495
2010-11-12,9.190010070800781,21.791641235351562,22.010154724121094,21.662521362304688,21.80157470703125,11512486
2010-11-15,9.181631088256836,21.77177619934082,21.940628051757812,21.73204803466797,21.85123634338379,5707545
2010-11-16,9.298916816711426,22.049884796142578,22.109477996826172,21.781709671020508,21.841304779052734,9677092
2010-11-17,9.185818672180176,21.781709671020508,21.85123634338379,21.63272476196289,21.77177619934082,9421087
2010-11-18,9.131369590759277,21.652589797973633,21.811506271362305,21.53339958190918,21.72211456298828,6576823
2010-11-19,9.055971145629883,21.473806381225586,21.77177619934082,21.354616165161133,21.702251434326172,7067360
2010-11-22,9.097856521606445,21.573129653930664,21.791641235351562,21.453941345214844,21.73204803466797,6862692
2010-11-23,8.926121711730957,21.16590118408203,21.473806381225586,21.12617301940918,21.4638729095459,10360930
2010-11-24,8.963821411132812,21.255292892456055,21.334753036499023,20.947389602661133,21.0566463470459,16866941
2010-11-25,8.880048751831055,21.0566463470459,21.404279708862305,21.0268497467041,21.384414672851562,8227097
2010-11-26,8.859102249145508,21.00698471069336,21.14603614807129,20.90765953063965,21.0268497467041,10977832
2010-11-29,9.026649475097656,21.404279708862305,21.523468017578125,20.917593002319336,20.917593002319336,8624542
2010-11-30,8.976386070251465,21.285091400146484,21.523468017578125,21.215564727783203,21.354616165161133,12172894
2010-12-01,8.984764099121094,21.304954528808594,21.344684600830078,21.0268497467041,21.31488800048828,5942065
2010-12-02,9.198389053344727,21.811506271362305,21.950559616088867,21.523468017578125,21.553264617919922,9549548
2010-12-03,9.185818672180176,21.781709671020508,22.079681396484375,21.60292625427246,22.06974983215332,10016243
2010-12-06,9.081103324890137,21.53339958190918,21.811506271362305,21.473806381225586,21.80157470703125,6768150
2010-12-07,9.190010070800781,21.791641235351562,21.861169815063477,21.563196182250977,21.60292625427246,8392591
2010-12-08,9.114612579345703,21.61285972595215,21.741979598999023,21.493671417236328,21.68238639831543,6722163
2010-12-09,9.336615562438965,22.13927459716797,22.248531341552734,21.791641235351562,21.821439743041992,12263699
2010-12-10,9.453897476196289,22.417381286621094,22.447179794311523,22.149208068847656,22.198869705200195,8274163
2010-12-13,9.592127799987793,22.74515151977539,22.824609756469727,22.496841430664062,22.496841430664062,7760381
2010-12-14,9.634015083312988,22.84447479248047,22.894136428833008,22.635894775390625,22.71535301208496,10290615
2010-12-15,9.663333892822266,22.91400146484375,23.062986373901367,22.884204864501953,23.03318977355957,12131475
2010-12-16,9.696844100952148,22.993459701538086,23.043121337890625,22.824609756469727,22.91400146484375,10271183
2010-12-17,9.71359634399414,23.03318977355957,23.092784881591797,22.973594665527344,22.993459701538086,7047264
2010-12-20,9.491598129272461,22.506772994995117,23.00339126586914,22.496841430664062,22.943798065185547,7180150
2010-12-21,9.512539863586426,22.556434631347656,22.685556411743164,22.486909866333008,22.516706466674805,7121269
2010-12-22,9.47065544128418,22.457111358642578,22.67562484741211,22.30812644958496,22.625961303710938,5272638
2010-12-23,9.537673950195312,22.616029739379883,22.755083084106445,22.47697639465332,22.496841430664062,5123868
2010-12-24,9.487409591674805,22.496841430664062,22.72528648376465,22.457111358642578,22.72528648376465,7244295
2010-12-29,9.512539863586426,22.556434631347656,22.705421447753906,22.457111358642578,22.616029739379883,3456202
2010-12-30,9.47065544128418,22.457111358642578,22.705421447753906,22.437246322631836,22.52663803100586,2747977
2010-12-31,9.303105354309082,22.059816360473633,22.467044830322266,22.059816360473633,22.447179794311523,4143921
2011-01-04,9.32404899597168,22.109477996826172,22.258464813232422,21.92076301574707,22.248531341552734,4268253
2011-01-05,9.248652458190918,21.930694580078125,22.11941146850586,21.80157470703125,22.06974983215332,6759396
2011-01-06,9.29053783416748,22.030019760131836,22.079681396484375,21.791641235351562,22.049884796142578,6701554
2011-01-07,9.277972221374512,22.000221252441406,22.059816360473633,21.950559616088867,22.030019760131836,3543187
2011-01-10,9.244462013244629,21.92076301574707,21.950559616088867,21.821439743041992,21.900897979736328,4035959
2011-01-11,9.240276336669922,21.910831451416016,21.960491180419922,21.791641235351562,21.85123634338379,4738397
2011-01-12,9.206766128540039,21.831371307373047,21.890966415405273,21.622791290283203,21.841304779052734,8241587
2011-01-13,9.349180221557617,22.169071197509766,22.188936233520508,21.930694580078125,22.030019760131836,5998965
2011-01-14,9.420389175415039,22.337923049926758,22.347854614257812,22.169071197509766,22.198869705200195,5170134
2011-01-17,9.298916816711426,22.049884796142578,22.417381286621094,21.92076301574707,22.367719650268555,5022375
2011-01-18,9.382689476013184,22.248531341552734,22.347854614257812,22.049884796142578,22.129343032836914,4323146
2011-01-19,9.47065544128418,22.457111358642578,22.536571502685547,22.218734741210938,22.337923049926758,5302670
2011-01-20,9.378501892089844,22.23859977722168,22.467044830322266,22.11941146850586,22.447179794311523,4724796
2011-01-21,9.44552230834961,22.39751625061035,22.486909866333008,22.15913963317871,22.437246322631836,6720319
2011-01-24,9.550240516662598,22.64582633972168,22.72528648376465,22.47697639465332,22.5465030670166,5860244
2011-01-25,9.558616638183594,22.665691375732422,22.83454132080078,22.655759811401367,22.735218048095703,8227557
2011-01-27,9.600502967834473,22.7650146484375,22.794811248779297,22.536571502685547,22.794811248779297,11089438
2011-01-28,9.596315383911133,22.755083084106445,22.874271392822266,22.625961303710938,22.774948120117188,14624035
2011-01-31,9.638200759887695,22.854406356811523,22.874271392822266,22.447179794311523,22.5465030670166,8756370
2011-02-01,9.663333892822266,22.91400146484375,23.08285140991211,22.784879684448242,22.86433982849121,11456448
2011-02-02,9.675899505615234,22.943798065185547,23.11264991760254,22.84447479248047,23.062986373901367,6819290
2011-02-03,9.751297950744629,23.122581481933594,23.15237808227539,22.72528648376465,22.83454132080078,7876794
2011-02-04,9.738729476928711,23.092784881591797,23.241769790649414,23.043121337890625,23.172243118286133,9409469
2011-02-07,9.801558494567871,23.241769790649414,23.241769790649414,23.053054809570312,23.092784881591797,4293911
2011-02-08,9.910465240478516,23.500011444091797,23.529809951782227,23.291431427001953,23.341093063354492,7079421
2011-02-09,10.094773292541504,23.937036514282227,24.056224822998047,23.788049697875977,24.036359786987305,15477561
2011-02-10,10.153411865234375,24.07608985900879,24.07608985900879,23.857576370239258,24.04629135131836,8843553
2011-02-11,10.07801342010498,23.897306442260742,24.036359786987305,23.887374877929688,23.99662971496582,6020705
2011-02-14,10.228809356689453,24.254871368408203,24.354196548461914,23.986698150634766,24.036359786987305,7125120
2011-02-15,10.182733535766602,24.14561653137207,24.51311492919922,24.02642822265625,24.31446647644043,9893542
2011-02-16,10.19529914855957,24.175413131713867,24.523046493530273,24.175413131713867,24.235008239746094,12701027
2011-02-17,10.174354553222656,24.125751495361328,24.205209732055664,23.97676658630371,24.175413131713867,9273535
2011-02-18,10.14084529876709,24.04629135131836,24.274736404418945,23.97676658630371,24.125751495361328,6230094
2011-02-21,10.08220386505127,23.90723991394043,24.185346603393555,23.817848205566406,24.09595489501953,8359273
2011-02-22,9.927223205566406,23.53974151611328,23.80791473388672,23.460281372070312,23.75825309753418,7014999
2011-02-23,9.910465240478516,23.500011444091797,23.609268188476562,23.39075469970703,23.39075469970703,5656975
2011-02-24,9.835073471069336,23.321229934692383,23.490079879760742,23.30136489868164,23.40068817138672,5831154
2011-02-25,9.939786911010742,23.569538116455078,23.668861389160156,23.261634826660156,23.27156639099121,8786798
2011-02-28,9.856014251708984,23.37088966369629,23.53974151611328,23.261634826660156,23.460281372070312,3962631
2011-03-01,9.747106552124023,23.11264991760254,23.51987648010254,23.023256301879883,23.430484771728516,7803880
2011-03-02,9.717787742614746,23.043121337890625,23.043121337890625,22.804744720458984,22.854406356811523,7214487
2011-03-03,9.680089950561523,22.9537296295166,23.08285140991211,22.86433982849121,22.9537296295166,5600384
2011-03-04,9.835073471069336,23.321229934692383,23.410619735717773,23.122581481933594,23.142446517944336,5661894
2011-03-07,9.726163864135742,23.062986373901367,23.261634826660156,23.00339126586914,23.221904754638672,4440322
2011-03-08,9.839259147644043,23.331161499023438,23.460281372070312,22.894136428833008,22.904069900512695,5567586
2011-03-09,9.788995742797852,23.211971282958984,23.450349807739258,23.142446517944336,23.39075469970703,6294512
2011-03-10,9.71359634399414,23.03318977355957,23.37088966369629,22.894136428833008,23.291431427001953,7139940
2011-03-11,9.592127799987793,22.74515151977539,22.923933029174805,22.67562484741211,22.705421447753906,8193982
2011-03-15,9.46227741241455,22.437246322631836,22.64582633972168,21.930694580078125,22.616029739379883,9688766
2011-03-16,9.40782356262207,22.30812644958496,22.59616470336914,22.20880126953125,22.447179794311523,10533934
2011-03-17,9.357555389404297,22.188936233520508,22.30812644958496,21.85123634338379,22.099546432495117,16726666
2011-03-18,9.479031562805176,22.47697639465332,22.506772994995117,21.950559616088867,22.099546432495117,11447222
2011-03-21,9.541861534118652,22.625961303710938,22.72528648376465,22.248531341552734,22.37765121459961,7211224
2011-03-22,9.600502967834473,22.7650146484375,23.043121337890625,22.635894775390625,23.00339126586914,6910706
2011-03-23,9.646577835083008,22.874271392822266,23.072919845581055,22.81467628479004,22.84447479248047,6590933
2011-03-24,9.809937477111816,23.261634826660156,23.261634826660156,22.923933029174805,22.973594665527344,6004075
2011-03-25,9.939786911010742,23.569538116455078,23.817848205566406,23.420551300048828,23.51987648010254,13717819
2011-03-28,9.990052223205566,23.6887264251709,23.748321533203125,23.500011444091797,23.569538116455078,6284556
2011-03-29,10.090580940246582,23.927104949951172,23.966833114624023,23.569538116455078,23.63906478881836,6882816
2011-03-30,10.165980339050293,24.105886459350586,24.26480484008789,23.966833114624023,24.02642822265625,11801405
2011-03-31,10.191110610961914,24.165481567382812,24.175413131713867,23.94696807861328,24.086021423339844,8444194
2011-04-01,10.224621772766113,24.24493980407715,24.374061584472656,24.09595489501953,24.19527816772461,6397300
2011-04-04,10.186922073364258,24.155548095703125,24.463451385498047,24.056224822998047,24.413789749145508,7746579
2011-04-05,10.191110610961914,24.165481567382812,24.225074768066406,24.006563186645508,24.19527816772461,6414775
2011-04-06,10.245561599731445,24.294601440429688,24.294601440429688,24.09595489501953,24.225074768066406,5265166
2011-04-07,10.232993125915527,24.26480484008789,24.423723220825195,24.185346603393555,24.334331512451172,7099746
2011-04-08,10.291642189025879,24.403858184814453,24.43365478515625,24.155548095703125,24.19527816772461,5176886
2011-04-11,10.346090316772461,24.532978057861328,24.572708129882812,24.334331512451172,24.423723220825195,5771325
2011-04-12,10.279071807861328,24.374061584472656,24.850814819335938,24.31446647644043,24.721694946289062,8848347
2011-04-13,10.429866790771484,24.731626510620117,24.8011531829834,24.334331512451172,24.374061584472656,8324711
2011-04-14,10.438243865966797,24.75149154663086,24.830949783325195,24.572708129882812,24.8011531829834,6886872
2011-04-15,10.387977600097656,24.63230323791504,24.910409927368164,24.612438201904297,24.830949783325195,6019838
2011-04-18,10.450807571411133,24.781288146972656,24.82101821899414,24.473384857177734,24.731626510620117,7620178
2011-04-19,10.29582691192627,24.413789749145508,24.721694946289062,24.3939266204834,24.572708129882812,7653565
2011-04-20,10.459185600280762,24.8011531829834,24.87067985534668,24.473384857177734,24.523046493530273,7964672
2011-04-21,10.672811508178711,25.30770492553711,25.30770492553711,25.049463272094727,25.099124908447266,7377929
2011-04-27,10.534584999084473,24.979936599731445,25.42689323425293,24.830949783325195,25.387163162231445,7749453
2011-04-28,10.576469421386719,25.079259872436523,25.317636489868164,25.049463272094727,25.148786544799805,8130005
2011-04-29,10.404732704162598,24.67203140258789,25.248109817504883,24.523046493530273,25.128921508789062,18211073
2011-05-02,10.379602432250977,24.612438201904297,24.781288146972656,24.334331512451172,24.75149154663086,8929023
2011-05-03,10.358658790588379,24.562776565551758,24.612438201904297,24.254871368408203,24.354196548461914,8560745
2011-05-04,10.098959922790527,23.94696807861328,24.403858184814453,23.75825309753418,24.344263076782227,13462569
2011-05-05,9.939786911010742,23.569538116455078,23.867509841918945,23.509944915771484,23.837711334228516,13091776
2011-05-06,10.019372940063477,23.75825309753418,23.817848205566406,23.509944915771484,23.53974151611328,10816848
2011-05-09,10.07801342010498,23.897306442260742,24.165481567382812,23.837711334228516,24.155548095703125,6023645
2011-05-10,9.885332107543945,23.44041633605957,24.086021423339844,23.35102653503418,24.07608985900879,10985888
2011-05-11,9.990052223205566,23.6887264251709,23.80791473388672,23.53974151611328,23.738388061523438,15007855
2011-05-12,9.889524459838867,23.450349807739258,23.698659896850586,23.450349807739258,23.51987648010254,10091775
2011-05-13,9.939786911010742,23.569538116455078,23.70859146118164,23.35102653503418,23.698659896850586,9511900
2011-05-16,9.827279090881348,22.556434631347656,22.5762996673584,22.387584686279297,22.447179794311523,17557245
2011-05-17,9.879206657409668,22.67562484741211,22.72528648376465,22.327991485595703,22.496841430664062,9652922
2011-05-18,9.870553016662598,22.655759811401367,22.904069900512695,22.506772994995117,22.59616470336914,8193056
2011-05-19,9.909500122070312,22.74515151977539,22.91400146484375,22.72528648376465,22.86433982849121,10993916
2011-05-20,9.844587326049805,22.59616470336914,22.67562484741211,22.5465030670166,22.64582633972168,5772451
2011-05-23,9.55033016204834,21.92076301574707,22.387584686279297,21.890966415405273,22.347854614257812,12545746
2011-05-24,9.4508056640625,21.692317962646484,21.85123634338379,21.453941345214844,21.751911163330078,12004866
2011-05-25,9.39887523651123,21.573129653930664,21.63272476196289,21.31488800048828,21.58306121826172,13405425
2011-05-26,9.628223419189453,22.099546432495117,22.099546432495117,21.692317962646484,21.831371307373047,15505462
2011-05-27,9.584948539733887,22.000221252441406,22.129343032836914,21.861169815063477,22.099546432495117,11264244
2011-05-30,9.463786125183105,21.72211456298828,21.97042465209961,21.58306121826172,21.950559616088867,7790745
2011-05-31,9.576294898986816,21.980356216430664,22.03995132446289,21.692317962646484,21.692317962646484,11641763
2011-06-01,9.498405456542969,21.80157470703125,21.980356216430664,21.712182998657227,21.930694580078125,9509942
2011-06-02,9.282041549682617,21.304954528808594,21.493671417236328,21.14603614807129,21.473806381225586,13044954
2011-06-03,9.238765716552734,21.205631256103516,21.592994689941406,21.17583465576172,21.48373794555664,9680178
2011-06-06,9.238765716552734,21.205631256103516,21.235429763793945,21.066577911376953,21.136104583740234,6120191
2011-06-07,9.312328338623047,21.374481201171875,21.513534545898438,21.086442947387695,21.106307983398438,8215937
2011-06-08,9.316658020019531,21.384414672851562,21.622791290283203,21.304954528808594,21.354616165161133,10727689
2011-06-09,9.429167747497559,21.642656326293945,21.672452926635742,21.354616165161133,21.354616165161133,8233611
2011-06-10,9.455132484436035,21.702251434326172,21.930694580078125,21.592994689941406,21.900897979736328,6637431
2011-06-14,9.537347793579102,21.890966415405273,22.08961296081543,21.4638729095459,21.48373794555664,7336726
2011-06-15,9.407533645629883,21.592994689941406,21.940628051757812,21.453941345214844,21.900897979736328,10824028
2011-06-16,9.130585670471191,20.957321166992188,21.265226364135742,20.90765953063965,21.205631256103516,23123111
2011-06-17,9.17818546295166,21.066577911376953,21.255292892456055,21.00698471069336,21.106307983398438,10539298
2011-06-20,9.139238357543945,20.97718620300293,21.354616165161133,20.97718620300293,21.205631256103516,6563383
2011-06-21,9.273385047912598,21.285091400146484,21.354616165161133,21.185766220092773,21.324819564819336,8847976
2011-06-22,9.312328338623047,21.374481201171875,21.60292625427246,21.285091400146484,21.60292625427246,8012199
2011-06-23,9.14356517791748,20.987119674682617,21.31488800048828,20.967254638671875,21.255292892456055,8429444
2011-06-24,9.247421264648438,21.225496292114258,21.354616165161133,21.016916275024414,21.136104583740234,13399357
2011-06-27,9.212801933288574,21.14603614807129,21.394346237182617,20.97718620300293,21.00698471069336,8398216
2011-06-28,9.37291145324707,21.513534545898438,21.573129653930664,21.324819564819336,21.384414672851562,9327772
2011-06-29,9.442148208618164,21.672452926635742,21.791641235351562,21.48373794555664,21.791641235351562,7700899
2011-06-30,9.632550239562988,22.109477996826172,22.169071197509766,21.712182998657227,21.751911163330078,11077377
2011-07-01,9.5330228805542,21.881032943725586,22.169071197509766,21.821439743041992,22.059816360473633,9708820
2011-07-04,9.52869701385498,21.87110137939453,22.149208068847656,21.841304779052734,22.149208068847656,6317543
2011-07-05,9.507057189941406,21.821439743041992,22.03995132446289,21.811506271362305,22.03995132446289,6646028
2011-07-06,9.472441673278809,21.741979598999023,21.80157470703125,21.53339958190918,21.751911163330078,5876019
2011-07-07,9.463786125183105,21.72211456298828,21.80157470703125,21.553264617919922,21.642656326293945,7991371
2011-07-08,9.62389850616455,22.08961296081543,22.08961296081543,21.702251434326172,21.751911163330078,6205097
2011-07-11,9.342623710632324,21.44400978088379,21.841304779052734,21.4340763092041,21.781709671020508,10331033
2011-07-12,9.147895812988281,20.997051239013672,21.255292892456055,20.97718620300293,21.215564727783203,10084441
2011-07-13,9.147895812988281,20.997051239013672,21.155969619750977,20.97718620300293,21.106307983398438,8964433
2011-07-14,8.987785339355469,20.629552841186523,20.90765953063965,20.47063446044922,20.87786293029785,10740161
2011-07-15,8.905567169189453,20.440837860107422,20.629552841186523,20.361379623413086,20.61962127685547,8392154
2011-07-18,8.970474243164062,20.589824676513672,20.649417877197266,20.37131118774414,20.460702896118164,6209393
2011-07-19,8.94883918762207,20.5401611328125,20.629552841186523,20.37131118774414,20.460702896118164,8790812
2011-07-20,9.156549453735352,21.016916275024414,21.12617301940918,20.947389602661133,21.00698471069336,12132483
2011-07-21,9.147895812988281,20.997051239013672,21.235429763793945,20.997051239013672,21.136104583740234,7883754
2011-07-22,9.346945762634277,21.453941345214844,21.592994689941406,21.354616165161133,21.404279708862305,11527080
2011-07-25,9.199819564819336,21.116239547729492,21.41421127319336,20.97718620300293,21.334753036499023,9900433
2011-07-26,9.243095397949219,21.215564727783203,21.36454963684082,21.16590118408203,21.275157928466797,8454817
2011-07-27,9.095965385437012,20.87786293029785,21.17583465576172,20.818269729614258,21.155969619750977,9573336
2011-07-28,8.935856819152832,20.510364532470703,20.68914794921875,20.40110969543457,20.560026168823242,11977409
2011-07-29,8.836328506469727,20.281919479370117,20.599756240844727,20.25212287902832,20.550094604492188,16923194
2011-08-02,8.814691543579102,20.232257843017578,20.381244659423828,20.172664642333984,20.361379623413086,12188781
2011-08-03,8.697854042053223,19.96408462524414,20.033611297607422,19.74557113647461,19.86475944519043,15314985
2011-08-04,8.555054664611816,19.636314392089844,20.142866134643555,19.536991119384766,19.9442195892334,15150345
2011-08-05,8.338688850402832,19.13969612121582,19.268817901611328,18.63314437866211,18.871522903442383,23295570
2011-08-08,8.152618408203125,18.712604522705078,19.2390193939209,18.672874450683594,18.841724395751953,16070378
2011-08-09,8.334362983703613,19.129764556884766,19.149629592895508,17.7193660736084,18.355037689208984,27803046
2011-08-10,8.715165138244629,20.003814697265625,20.381244659423828,19.656179428100586,19.666112899780273,24232392
2011-08-11,8.849309921264648,20.311716079711914,20.520296096801758,19.477397918701172,19.566789627075195,16853794
2011-08-12,8.857964515686035,20.331581115722656,20.629552841186523,20.172664642333984,20.609689712524414,10480021
2011-08-15,9.160879135131836,21.0268497467041,21.0268497467041,20.589824676513672,20.649417877197266,15278103
2011-08-16,8.762763023376465,20.113069534301758,20.550094604492188,19.834962844848633,20.47063446044922,22148624
2011-08-17,8.875274658203125,20.37131118774414,20.718944549560547,19.974016189575195,20.20246124267578,14949809
2011-08-18,8.819021224975586,20.242191314697266,20.361379623413086,20.06340789794922,20.18259620666504,10316625
2011-08-19,8.503125190734863,19.517126083374023,19.834962844848633,19.378074645996094,19.616451263427734,14796328
2011-08-22,8.377635955810547,19.229087829589844,19.705841064453125,19.129764556884766,19.417802810668945,10966798
2011-08-23,8.680545806884766,19.924354553222656,19.924354553222656,19.229087829589844,19.248952865600586,12882146
2011-08-24,8.533421516418457,19.586654663085938,20.341514587402344,19.467464447021484,20.222326278686523,9130985
2011-08-25,8.654581069946289,19.86475944519043,20.043542861938477,19.735639572143555,19.96408462524414,9501695
2011-08-26,8.67621898651123,19.91442108154297,20.10313606262207,19.81509780883789,19.874692916870117,11865793
2011-08-29,8.836328506469727,20.281919479370117,20.50043296813965,20.113069534301758,20.242191314697266,7255825
2011-08-30,8.86229419708252,20.341514587402344,20.609689712524414,20.341514587402344,20.460702896118164,8822683
2011-08-31,8.91422176361084,20.460702896118164,20.460702896118164,20.10313606262207,20.262054443359375,9361774
2011-09-01,8.966146469116211,20.579891204833984,20.73880958557129,20.460702896118164,20.560026168823242,8942239
2011-09-02,8.875274658203125,20.37131118774414,20.589824676513672,20.21239471435547,20.37131118774414,7200416
2011-09-05,8.645927429199219,19.844894409179688,20.05347442626953,19.685977935791016,20.01374626159668,8756438
2011-09-06,8.438218116760254,19.368141174316406,19.64624786376953,19.368141174316406,19.417802810668945,10105255
2011-09-07,8.6848726272583,19.93428611755371,20.06340789794922,19.62638282775879,19.666112899780273,10032456
2011-09-08,8.69352912902832,19.954151153564453,20.232257843017578,19.69590950012207,20.162731170654297,12199349
2011-09-09,8.710836410522461,19.993881225585938,20.232257843017578,19.93428611755371,19.9442195892334,7325407
2011-09-12,8.30840015411377,19.07016944885254,19.49726104736328,19.000642776489258,19.447599411010742,11362099
2011-09-13,8.355998992919922,19.179426193237305,19.397937774658203,19.149629592895508,19.38800621032715,10122612
2011-09-14,8.187234878540039,18.792062759399414,19.397937774658203,18.68280792236328,19.18935775756836,14620987
2011-09-15,8.399272918701172,19.278749465942383,19.447599411010742,18.97084617614746,19.397937774658203,18927274
2011-09-16,8.619964599609375,19.785301208496094,19.93428611755371,19.62638282775879,19.656179428100586,8284320
2011-09-19,8.442543983459473,19.378074645996094,19.64624786376953,19.129764556884766,19.64624786376953,7728660
2011-09-20,8.321379661560059,19.099966049194336,19.447599411010742,18.990711212158203,19.378074645996094,11104099
2011-09-21,8.355998992919922,19.179426193237305,19.179426193237305,18.762266159057617,19.07016944885254,15384329
2011-09-22,8.187234878540039,18.792062759399414,18.911251068115234,18.563617706298828,18.742401123046875,11512846
2011-09-23,8.105016708374023,18.603347778320312,19.229087829589844,18.484159469604492,18.603347778320312,13130146
2011-09-26,8.304071426391602,19.060237884521484,19.179426193237305,18.891387939453125,19.149629592895508,10955097
2011-09-27,8.762763023376465,20.113069534301758,20.113069534301758,19.477397918701172,19.49726104736328,13356125
2011-09-28,8.935856819152832,20.510364532470703,20.589824676513672,20.1329345703125,20.21239471435547,15040400
2011-09-29,8.892583847045898,20.411041259765625,20.460702896118164,20.152799606323242,20.242191314697266,11382095
2011-09-30,8.801711082458496,20.20246124267578,20.49049949645996,19.89455795288086,20.420974731445312,17732245
2011-10-04,8.36898136138916,19.2092227935791,19.447599411010742,18.871522903442383,19.18935775756836,11821580
2011-10-05,8.57236385345459,19.676044464111328,19.825031280517578,19.417802810668945,19.666112899780273,10370599
2011-10-06,8.970474243164062,20.589824676513672,20.589824676513672,20.01374626159668,20.113069534301758,12777173
2011-10-07,9.191166877746582,21.09637451171875,21.285091400146484,20.589824676513672,20.90765953063965,19228752
2011-10-10,9.390220642089844,21.553264617919922,21.573129653930664,21.066577911376953,21.14603614807129,10244940
2011-10-11,9.485422134399414,21.77177619934082,21.841304779052734,21.44400978088379,21.80157470703125,12400284
2011-10-12,9.359930038452148,21.48373794555664,21.712182998657227,21.354616165161133,21.652589797973633,10857166
2011-10-13,9.411858558654785,21.60292625427246,21.672452926635742,21.255292892456055,21.60292625427246,10335728
2011-10-14,9.351276397705078,21.4638729095459,21.652589797973633,21.36454963684082,21.384414672851562,6501614
2011-10-17,9.515713691711426,21.841304779052734,21.910831451416016,21.68238639831543,21.702251434326172,7248537
2011-10-18,9.33829116821289,21.4340763092041,21.652589797973633,21.4340763092041,21.513534545898438,9729494
2011-10-19,9.455132484436035,21.702251434326172,21.791641235351562,21.553264617919922,21.662521362304688,10476384
2011-10-20,9.316658020019531,21.384414672851562,21.58306121826172,21.17583465576172,21.523468017578125,8780933
2011-10-21,9.30367660522461,21.354616165161133,21.60292625427246,21.275157928466797,21.60292625427246,6356088
2011-10-24,9.589279174804688,22.010154724121094,22.188936233520508,21.573129653930664,21.60292625427246,9058000
2011-10-25,9.520041465759277,21.85123634338379,22.149208068847656,21.662521362304688,22.149208068847656,8860637
2011-10-26,9.649862289428711,22.149208068847656,22.278329849243164,21.4340763092041,21.573129653930664,10488041
2011-10-27,9.848913192749023,22.606096267700195,22.943798065185547,22.437246322631836,22.59616470336914,9306129
2011-10-28,9.814294815063477,22.52663803100586,23.39075469970703,22.40744972229004,23.331161499023438,21336364
2011-10-31,9.658514976501465,22.169071197509766,22.536571502685547,22.059816360473633,22.268396377563477,8091053
2011-11-02,9.312328338623047,21.374481201171875,21.652589797973633,20.85799789428711,21.255292892456055,13564525
2011-11-03,9.308004379272461,21.36454963684082,21.53339958190918,21.106307983398438,21.53339958190918,9427675
2011-11-04,9.55466079711914,21.930694580078125,22.129343032836914,21.811506271362305,21.950559616088867,12790799
2011-11-07,9.478331565856934,20.967254638671875,21.09637451171875,20.867931365966797,21.09637451171875,16949912
2011-11-08,9.554657936096191,21.136104583740234,21.19569969177246,20.97718620300293,21.155969619750977,9333704
2011-11-09,9.680376052856445,21.41421127319336,21.448974609375,21.29502296447754,21.334753036499023,8641377
2011-11-10,9.366080284118652,20.718944549560547,20.85799789428711,20.510364532470703,20.838132858276367,10081824
2011-11-11,9.446901321411133,20.897727966308594,20.92752456665039,20.63948631286621,20.718944549560547,6705938
2011-11-14,9.451388359069824,20.90765953063965,21.344684600830078,20.90765953063965,21.304954528808594,7098741
2011-11-15,9.469350814819336,20.947389602661133,20.947389602661133,20.659351348876953,20.659351348876953,5932759
2011-11-16,9.262810707092285,20.49049949645996,21.036781311035156,20.49049949645996,20.987119674682617,7025659
2011-11-17,9.361592292785645,20.709012985229492,20.887794494628906,20.361379623413086,20.560026168823242,7349789
2011-11-18,9.146071434020996,20.232257843017578,20.45077133178711,20.123001098632812,20.37131118774414,7672882
2011-11-21,9.168519973754883,20.281919479370117,20.420974731445312,20.06340789794922,20.08327293395996,6802094
2011-11-22,9.141582489013672,20.222326278686523,20.480567932128906,19.974016189575195,19.974016189575195,7083403
2011-11-23,8.903613090515137,19.69590950012207,20.142866134643555,19.69590950012207,20.093204498291016,9193244
2011-11-24,8.867693901062012,19.616451263427734,19.9442195892334,19.566789627075195,19.666112899780273,10246132
2011-11-25,8.755444526672363,19.368141174316406,19.52705955505371,19.159561157226562,19.467464447021484,10623615
2011-11-28,9.096680641174316,20.123001098632812,20.192529678344727,19.705841064453125,19.91442108154297,10196060
2011-11-29,9.181990623474121,20.311716079711914,20.3216495513916,19.874692916870117,20.262054443359375,7253141
2011-11-30,9.235871315002441,20.430906295776367,20.430906295776367,20.043542861938477,20.291852951049805,15545378
2011-12-01,9.487309455871582,20.987119674682617,21.116239547729492,20.838132858276367,21.066577911376953,12189645
2011-12-02,9.684868812561035,21.424144744873047,21.424144744873047,21.036781311035156,21.066577911376953,9297609
2011-12-05,9.738747596740723,21.543331146240234,21.63272476196289,21.394346237182617,21.543331146240234,8936040
2011-12-06,9.635478973388672,21.31488800048828,21.60292625427246,21.31488800048828,21.48373794555664,10885704
2011-12-07,9.702828407287598,21.4638729095459,21.622791290283203,21.424144744873047,21.48373794555664,6349288
2011-12-08,9.66690731048584,21.384414672851562,21.453941345214844,21.275157928466797,21.404279708862305,6494203
2011-12-09,9.460372924804688,20.92752456665039,21.205631256103516,20.85799789428711,21.016916275024414,9590986
2011-12-12,9.559148788452148,21.14603614807129,21.324819564819336,20.97718620300293,21.235429763793945,7035526
2011-12-13,9.352611541748047,20.68914794921875,20.887794494628906,20.50043296813965,20.867931365966797,9941224
2011-12-14,9.339137077331543,20.659351348876953,20.718944549560547,20.271987915039062,20.68914794921875,9424140
2011-12-15,9.186482429504395,20.3216495513916,20.440837860107422,20.123001098632812,20.3514461517334,13045186
2011-12-16,9.208932876586914,20.37131118774414,20.49049949645996,20.21239471435547,20.361379623413086,8136928
2011-12-19,9.002391815185547,19.91442108154297,20.25212287902832,19.805166244506836,20.20246124267578,8576723
2011-12-20,9.011371612548828,19.93428611755371,20.20246124267578,19.81509780883789,19.86475944519043,11090267
2011-12-21,9.195462226867676,20.341514587402344,20.599756240844727,20.281919479370117,20.430906295776367,7792791
2011-12-22,9.137094497680664,20.21239471435547,20.361379623413086,20.073339462280273,20.222326278686523,8895621
2011-12-23,9.280771255493164,20.530229568481445,20.560026168823242,20.30178451538086,20.40110969543457,10959279
2011-12-28,9.038312911987305,19.993881225585938,20.480567932128906,19.96408462524414,20.460702896118164,5233146
2011-12-29,9.047295570373535,20.01374626159668,20.073339462280273,19.86475944519043,19.924354553222656,4136283
2011-12-30,8.979942321777344,19.86475944519043,20.113069534301758,19.86475944519043,20.06340789794922,2308685
2012-01-03,9.051783561706543,20.023677825927734,20.192529678344727,20.023677825927734,20.06340789794922,5732299
2012-01-04,9.199950218200684,20.3514461517334,20.411041259765625,20.172664642333984,20.21239471435547,7048585
2012-01-05,9.114642143249512,20.162731170654297,20.262054443359375,20.073339462280273,20.152799606323242,4739191
2012-01-06,8.988923072814941,19.884624481201172,20.192529678344727,19.874692916870117,20.10313606262207,7229000
2012-01-09,8.975452423095703,19.854827880859375,20.033611297607422,19.805166244506836,20.023677825927734,7653485
2012-01-10,9.069741249084473,20.06340789794922,20.10313606262207,19.9442195892334,19.993881225585938,6099890
2012-01-11,9.262810707092285,20.49049949645996,20.589824676513672,20.172664642333984,20.172664642333984,9266766
2012-01-12,9.253830909729004,20.47063446044922,20.56995964050293,20.37131118774414,20.480567932128906,5144903
2012-01-13,9.285261154174805,20.5401611328125,20.609689712524414,20.430906295776367,20.609689712524414,4164868
2012-01-16,9.146071434020996,20.232257843017578,20.331581115722656,20.10313606262207,20.262054443359375,5494597
2012-01-17,9.276280403137207,20.520296096801758,20.520296096801758,20.30178451538086,20.40110969543457,5800100
2012-01-18,9.235871315002441,20.430906295776367,20.679214477539062,20.430906295776367,20.609689712524414,10197692
2012-01-19,9.249342918395996,20.460702896118164,20.768606185913086,20.460702896118164,20.768606185913086,11993434
2012-01-20,9.285261154174805,20.5401611328125,20.68914794921875,20.20246124267578,20.659351348876953,10505361
2012-01-23,9.186482429504395,20.3216495513916,20.550094604492188,20.3216495513916,20.460702896118164,5167554
2012-01-24,9.240362167358398,20.440837860107422,20.550094604492188,20.40110969543457,20.411041259765625,6473810
2012-01-25,9.563638687133789,21.155969619750977,21.285091400146484,20.5401611328125,20.560026168823242,27046011
2012-01-27,9.559148788452148,21.14603614807129,21.44400978088379,21.01194953918457,21.235429763793945,11788150
2012-01-30,9.47383975982666,20.957321166992188,21.14603614807129,20.937456130981445,21.04671287536621,4744244
2012-01-31,9.496289253234863,21.00698471069336,21.066577911376953,20.87786293029785,20.987119674682617,7588241
2012-02-01,9.361592292785645,20.709012985229492,21.066577911376953,20.669282913208008,20.957321166992188,13205304
2012-02-02,9.393021583557129,20.778539657592773,20.947389602661133,20.679214477539062,20.947389602661133,9033285
2012-02-03,9.334650993347168,20.649417877197266,20.887794494628906,20.63948631286621,20.85799789428711,5570586
2012-02-06,9.442410469055176,20.887794494628906,20.997051239013672,20.867931365966797,20.937456130981445,6531701
2012-02-07,9.393021583557129,20.778539657592773,21.106307983398438,20.63948631286621,20.887794494628906,7776647
2012-02-08,9.384038925170898,20.75867462158203,20.887794494628906,20.649417877197266,20.85799789428711,5482830
2012-02-09,9.464860916137695,20.937456130981445,20.97718620300293,20.550094604492188,20.73880958557129,11247906
2012-02-10,9.361592292785645,20.709012985229492,21.086442947387695,20.63948631286621,21.00698471069336,6976669
2012-02-13,9.496289253234863,21.00698471069336,21.0566463470459,20.699079513549805,20.85799789428711,6682502
2012-02-14,9.384038925170898,20.75867462158203,21.086442947387695,20.669282913208008,20.957321166992188,7300676
2012-02-15,9.410980224609375,20.818269729614258,20.87786293029785,20.659351348876953,20.768606185913086,7605351
2012-02-16,9.07872200012207,20.08327293395996,20.361379623413086,19.884624481201172,20.281919479370117,20448047
2012-02-17,9.047295570373535,20.01374626159668,20.361379623413086,19.89455795288086,20.361379623413086,11753254
2012-02-20,9.271790504455566,20.510364532470703,20.510364532470703,20.25212287902832,20.3514461517334,8243559
2012-02-21,9.276280403137207,20.520296096801758,20.669282913208008,20.3216495513916,20.420974731445312,9201986
2012-02-22,9.325671195983887,20.629552841186523,20.73880958557129,20.510364532470703,20.520296096801758,9679823
2012-02-23,9.276280403137207,20.520296096801758,20.669282913208008,20.361379623413086,20.579891204833984,5354594
2012-02-24,9.330159187316895,20.63948631286621,20.679214477539062,20.47063446044922,20.520296096801758,8616020
2012-02-27,9.298731803894043,20.56995964050293,20.838132858276367,20.460702896118164,20.63948631286621,6870358
2012-02-28,9.285261154174805,20.5401611328125,20.68914794921875,20.391176223754883,20.63948631286621,7475092
2012-02-29,9.384038925170898,20.75867462158203,21.00698471069336,20.49049949645996,20.579891204833984,14517308
2012-03-01,9.29423999786377,20.560026168823242,20.699079513549805,20.50043296813965,20.530229568481445,6188718
2012-03-02,9.321179389953613,20.61962127685547,20.768606185913086,20.56995964050293,20.699079513549805,4359702
2012-03-05,9.321179389953613,20.61962127685547,20.748741149902344,20.530229568481445,20.579891204833984,6120852
2012-03-06,9.2313814163208,20.420974731445312,20.659351348876953,20.361379623413086,20.63948631286621,8619055
2012-03-07,9.114642143249512,20.162731170654297,20.3216495513916,20.162731170654297,20.271987915039062,8825334
2012-03-08,9.164033889770508,20.271987915039062,20.3216495513916,20.113069534301758,20.123001098632812,10572686
2012-03-09,9.289752006530762,20.550094604492188,20.649417877197266,20.232257843017578,20.281919479370117,9985094
2012-03-12,9.208932876586914,20.37131118774414,20.520296096801758,20.271987915039062,20.49049949645996,8119940
2012-03-13,9.312200546264648,20.599756240844727,20.659351348876953,20.47063446044922,20.510364532470703,9822626
2012-03-14,9.384038925170898,20.75867462158203,20.85799789428711,20.73880958557129,20.848066329956055,7771883
2012-03-15,9.393021583557129,20.778539657592773,20.90765953063965,20.699079513549805,20.85799789428711,9678989
2012-03-16,9.487309455871582,20.987119674682617,21.036781311035156,20.75867462158203,20.828201293945312,11205974
2012-03-19,9.52772045135498,21.07651138305664,21.255292892456055,21.0566463470459,21.09637451171875,8730069
2012-03-20,9.518739700317383,21.0566463470459,21.136104583740234,20.987119674682617,21.016916275024414,4908196
2012-03-21,9.451388359069824,20.90765953063965,21.12617301940918,20.887794494628906,21.09637451171875,6268253
2012-03-22,9.559148788452148,21.14603614807129,21.225496292114258,20.90765953063965,20.92752456665039,8675283
2012-03-23,9.59506893157959,21.225496292114258,21.334753036499023,21.0268497467041,21.086442947387695,7042047
2012-03-26,9.622008323669434,21.285091400146484,21.424144744873047,21.255292892456055,21.304954528808594,6329687
2012-03-27,9.756709098815918,21.58306121826172,21.592994689941406,21.48373794555664,21.543331146240234,8186812
2012-03-28,9.850997924804688,21.791641235351562,21.85123634338379,21.523468017578125,21.58306121826172,11187953
2012-03-29,9.824057579040527,21.73204803466797,21.87110137939453,21.712182998657227,21.841304779052734,9807584
2012-03-30,9.828547477722168,21.741979598999023,21.940628051757812,21.72211456298828,21.761844635009766,19209620
2012-04-02,9.752216339111328,21.573129653930664,21.940628051757812,21.553264617919922,21.940628051757812,6921562
2012-04-03,9.79711627960205,21.672452926635742,21.781709671020508,21.513534545898438,21.61285972595215,7263989
2012-04-04,9.931815147399902,21.97042465209961,22.079681396484375,21.60292625427246,21.60292625427246,8923572
2012-04-05,9.900388717651367,21.900897979736328,21.99028968811035,21.761844635009766,21.960491180419922,9561810
2012-04-10,9.855487823486328,21.80157470703125,21.861169815063477,21.58306121826172,21.791641235351562,9207602
2012-04-11,9.833036422729492,21.751911163330078,21.841304779052734,21.622791290283203,21.692317962646484,7759321
2012-04-12,9.900388717651367,21.900897979736328,21.900897979736328,21.642656326293945,21.85123634338379,8281938
2012-04-13,9.931815147399902,21.97042465209961,22.129343032836914,21.85123634338379,22.11941146850586,6685462
2012-04-16,9.913858413696289,21.930694580078125,21.960491180419922,21.791641235351562,21.861169815063477,5072176
2012-04-17,9.868956565856934,21.831371307373047,22.010154724121094,21.791641235351562,21.99028968811035,7373209
2012-04-18,9.904877662658691,21.910831451416016,22.109477996826172,21.910831451416016,22.109477996826172,7692581
2012-04-19,9.886918067932129,21.87110137939453,22.000221252441406,21.811506271362305,21.890966415405273,11707998
2012-04-20,9.922837257385254,21.950559616088867,21.950559616088867,21.861169815063477,21.950559616088867,5352928
2012-04-23,9.9407958984375,21.99028968811035,22.08961296081543,21.960491180419922,22.02008628845215,5923446
2012-04-24,10.08896541595459,22.318058013916016,22.39751625061035,22.030019760131836,22.03995132446289,9696110
2012-04-26,10.178765296936035,22.516706466674805,22.5465030670166,22.40744972229004,22.5465030670166,8795989
2012-04-27,10.142847061157227,22.437246322631836,22.566368103027344,22.417381286621094,22.506772994995117,12571511
2012-04-30,10.205705642700195,22.5762996673584,22.59616470336914,22.457111358642578,22.556434631347656,6300872
2012-05-01,10.250603675842285,22.67562484741211,22.794811248779297,22.496841430664062,22.64582633972168,7308098
2012-05-02,10.18774700164795,22.536571502685547,22.635894775390625,22.42731475830078,22.625961303710938,6970576
2012-05-03,10.28652572631836,22.755083084106445,22.904069900512695,22.69548988342285,22.705421447753906,12171955
2012-05-04,10.28652572631836,22.755083084106445,22.91400146484375,22.64582633972168,22.81467628479004,8871645
2012-05-07,10.201213836669922,22.566368103027344,22.665691375732422,22.47697639465332,22.486909866333008,8472490
2012-05-08,10.250603675842285,22.67562484741211,22.735218048095703,22.606096267700195,22.665691375732422,11222186
2012-05-09,10.255094528198242,22.685556411743164,22.735218048095703,22.556434631347656,22.64582633972168,10235722
2012-05-10,10.282037734985352,22.74515151977539,22.74515151977539,22.496841430664062,22.735218048095703,10830288
2012-05-11,10.201213836669922,22.566368103027344,22.72528648376465,22.52663803100586,22.72528648376465,11118576
2012-05-14,10.280401229858398,21.92076301574707,21.950559616088867,21.672452926635742,21.692317962646484,28818676
2012-05-15,10.201213836669922,21.751911163330078,21.841304779052734,21.672452926635742,21.751911163330078,11272387
2012-05-16,10.098736763000488,21.53339958190918,21.73204803466797,21.424144744873047,21.73204803466797,8759059
2012-05-17,9.884466171264648,21.07651138305664,21.53339958190918,20.997051239013672,21.41421127319336,11089964
2012-05-18,9.507162094116211,20.271987915039062,20.679214477539062,20.093204498291016,20.599756240844727,14249935
2012-05-21,9.600321769714355,20.47063446044922,20.649417877197266,20.311716079711914,20.361379623413086,7576965
2012-05-22,9.665536880493164,20.609689712524414,20.68914794921875,20.361379623413086,20.47063446044922,8404827
2012-05-23,9.535106658935547,20.331581115722656,20.589824676513672,20.331581115722656,20.530229568481445,9380749
2012-05-24,9.497844696044922,20.25212287902832,20.45077133178711,20.242191314697266,20.381244659423828,6592358
2012-05-25,9.372077941894531,19.983949661254883,20.37131118774414,19.93428611755371,20.21239471435547,14655308
2012-05-28,9.502503395080566,20.262054443359375,20.291852951049805,19.904489517211914,19.91442108154297,8130634
2012-05-29,9.57237434387207,20.411041259765625,22.367719650268555,20.08327293395996,20.123001098632812,7174956
2012-05-30,9.511816024780273,20.281919479370117,20.3216495513916,20.127967834472656,20.232257843017578,7858410
2012-05-31,9.451261520385742,20.152799606323242,20.152799606323242,19.93428611755371,20.073339462280273,11653013
2012-06-01,9.521135330200195,20.30178451538086,20.460702896118164,19.97898292541504,20.01374626159668,7217684
2012-06-04,9.40933895111084,20.06340789794922,20.172664642333984,19.86475944519043,19.89455795288086,7765714
2012-06-05,9.5910062789917,20.45077133178711,20.49049949645996,20.043542861938477,20.460702896118164,10369635
2012-06-06,9.47921371459961,20.21239471435547,20.420974731445312,20.003814697265625,20.411041259765625,11832151
2012-06-07,9.674851417541504,20.629552841186523,20.87786293029785,20.381244659423828,20.411041259765625,10455861
2012-06-08,9.51647663116455,20.291852951049805,20.649417877197266,20.20246124267578,20.629552841186523,7357971
2012-06-12,9.581689834594727,20.430906295776367,20.629552841186523,20.3514461517334,20.460702896118164,5602915
2012-06-13,9.54442310333252,20.3514461517334,20.609689712524414,20.281919479370117,20.599756240844727,7864162
2012-06-14,9.451261520385742,20.152799606323242,20.37131118774414,20.093204498291016,20.3514461517334,6764146
2012-06-15,9.474554061889648,20.20246124267578,20.291852951049805,20.023677825927734,20.162731170654297,5666094
2012-06-18,9.670191764831543,20.61962127685547,20.798404693603516,20.520296096801758,20.629552841186523,6101923
2012-06-19,9.688821792602539,20.659351348876953,20.73880958557129,20.440837860107422,20.460702896118164,4548659
2012-06-20,9.875149726867676,21.0566463470459,21.12617301940918,20.94242286682129,20.967254638671875,16606816
2012-06-21,9.772671699523926,20.838132858276367,21.155969619750977,20.748741149902344,21.155969619750977,15247659
2012-06-22,9.665536880493164,20.609689712524414,20.828201293945312,20.480567932128906,20.80833625793457,6103515
2012-06-25,9.618953704833984,20.510364532470703,20.629552841186523,20.281919479370117,20.599756240844727,8644647
2012-06-26,9.628270149230957,20.530229568481445,20.63948631286621,20.311716079711914,20.510364532470703,5648593
2012-06-27,9.74472427368164,20.778539657592773,20.788471221923828,20.550094604492188,20.56995964050293,5771226
2012-06-28,9.698142051696777,20.679214477539062,20.987119674682617,20.609689712524414,20.947389602661133,7112335
2012-06-29,9.84254264831543,20.987119674682617,21.155969619750977,20.589824676513672,20.649417877197266,13620526
2012-07-02,9.996259689331055,21.31488800048828,21.394346237182617,21.106307983398438,21.265226364135742,9157897
2012-07-03,10.03818130493164,21.404279708862305,21.573129653930664,21.324819564819336,21.394346237182617,5747381
2012-07-04,10.028864860534668,21.384414672851562,21.493671417236328,21.304954528808594,21.48373794555664,3609828
2012-07-05,10.131343841552734,21.60292625427246,21.622791290283203,21.324819564819336,21.354616165161133,5769737
2012-07-06,10.126688003540039,21.592994689941406,21.642656326293945,21.473806381225586,21.642656326293945,5354123
2012-07-09,10.061470985412598,21.453941345214844,21.513534545898438,21.334753036499023,21.48373794555664,4794026
2012-07-10,10.042838096618652,21.41421127319336,21.543331146240234,21.29502296447754,21.48373794555664,5316754
2012-07-11,10.163949012756348,21.672452926635742,21.72211456298828,21.384414672851562,21.404279708862305,7899663
2012-07-12,10.187240600585938,21.72211456298828,21.761844635009766,21.652589797973633,21.672452926635742,8727372
2012-07-13,10.271088600158691,21.900897979736328,22.010154724121094,21.692317962646484,21.702251434326172,8066045
2012-07-16,10.32232666015625,22.010154724121094,22.149208068847656,22.010154724121094,22.049884796142578,8022377
2012-07-17,10.480697631835938,22.347854614257812,22.506772994995117,22.099546432495117,22.11941146850586,10347458
2012-07-18,10.522624969482422,22.437246322631836,22.655759811401367,22.347854614257812,22.457111358642578,11547417
2012-07-19,10.690313339233398,22.794811248779297,22.794811248779297,22.516706466674805,22.705421447753906,12153002
2012-07-20,10.643733978271484,22.69548988342285,22.83454132080078,22.616029739379883,22.74515151977539,10942157
2012-07-23,10.503993034362793,22.39751625061035,22.5762996673584,22.367719650268555,22.566368103027344,9328805
2012-07-24,10.536599159240723,22.467044830322266,22.536571502685547,22.23859977722168,22.496841430664062,6797903
2012-07-25,10.45740795135498,22.298192977905273,22.347854614257812,22.11941146850586,22.248531341552734,6621902
2012-07-26,10.531938552856445,22.457111358642578,22.571334838867188,22.28826141357422,22.347854614257812,5640876
2012-07-27,10.713603019714355,22.84447479248047,22.84447479248047,22.625961303710938,22.685556411743164,10601435
2012-07-30,10.834716796875,23.10271644592285,23.192108154296875,22.904069900512695,22.943798065185547,14021882
2012-07-31,10.80676555633545,23.043121337890625,23.231836318969727,22.943798065185547,23.142446517944336,8475416
2012-08-01,10.830058097839355,23.092784881591797,23.15237808227539,22.923933029174805,23.00339126586914,6440546
2012-08-02,10.96048641204834,23.37088966369629,23.44041633605957,22.9537296295166,22.973594665527344,10142650
2012-08-03,10.853344917297363,23.142446517944336,23.311296463012695,23.00339126586914,23.291431427001953,7102101
2012-08-06,10.923216819763184,23.291431427001953,23.420551300048828,23.21693992614746,23.40068817138672,3508985
2012-08-07,11.030355453491211,23.51987648010254,23.51987648010254,23.231836318969727,23.291431427001953,6019807
2012-08-08,11.239970207214355,23.966833114624023,23.966833114624023,23.529809951782227,23.53974151611328,10700924
2012-08-09,11.18407154083252,23.847644805908203,24.07608985900879,23.75825309753418,24.02642822265625,9087761
2012-08-10,10.997748374938965,23.450349807739258,23.837711334228516,23.40068817138672,23.837711334228516,6684220
2012-08-13,10.941850662231445,23.331161499023438,23.668861389160156,23.321229934692383,23.569538116455078,5203431
2012-08-14,11.021040916442871,23.500011444091797,23.549673080444336,23.25170135498047,23.261634826660156,6373549
2012-08-15,11.030355453491211,23.51987648010254,23.718524932861328,23.360958099365234,23.718524932861328,3770523
2012-08-16,11.235313415527344,23.95690155029297,23.95690155029297,23.614234924316406,23.82777976989746,6345382
2012-08-17,11.412318229675293,24.334331512451172,24.38399314880371,24.086021423339844,24.135683059692383,7374420
2012-08-20,11.63125228881836,24.8011531829834,24.8011531829834,24.21514320373535,24.36412811279297,7170232
2012-08-21,11.584667205810547,24.70182991027832,24.82101821899414,24.562776565551758,24.781288146972656,8105424
2012-08-22,11.59398365020752,24.721694946289062,24.7713565826416,24.403858184814453,24.662099838256836,6701572
2012-08-23,11.538084030151367,24.602506637573242,24.8011531829834,24.572708129882812,24.781288146972656,8660119
2012-08-24,11.482189178466797,24.48331642150879,24.721694946289062,24.3939266204834,24.572708129882812,5136559
2012-08-27,11.49616527557373,24.51311492919922,24.7713565826416,24.51311492919922,24.542911529541016,3892955
2012-08-28,11.584667205810547,24.70182991027832,24.761423110961914,24.493249893188477,24.691896438598633,4395978
2012-08-29,11.580009460449219,24.691896438598633,24.75149154663086,24.612438201904297,24.612438201904297,4894847
2012-08-30,11.533429145812988,24.592573165893555,24.7713565826416,24.443588256835938,24.70182991027832,7122124
2012-08-31,11.538084030151367,24.602506637573242,24.756458282470703,24.5826416015625,24.592573165893555,16224278
2012-09-03,11.575350761413574,24.681964874267578,24.781288146972656,24.43365478515625,24.602506637573242,5868930
2012-09-04,11.328473091125488,24.155548095703125,24.67203140258789,24.02642822265625,24.63230323791504,8220336
2012-09-05,11.156124114990234,23.788049697875977,23.937036514282227,23.668861389160156,23.90723991394043,10725514
2012-09-06,11.132833480834961,23.738388061523438,24.105886459350586,23.718524932861328,24.086021423339844,10019263
2012-09-07,11.0396728515625,23.53974151611328,24.04629135131836,23.40068817138672,24.036359786987305,9655005
2012-09-10,10.99309253692627,23.44041633605957,23.529809951782227,23.35599136352539,23.509944915771484,6618363
2012-09-11,10.983776092529297,23.420551300048828,23.609268188476562,23.360958099365234,23.44041633605957,7169955
2012-09-12,11.160780906677246,23.797983169555664,23.837711334228516,23.341093063354492,23.341093063354492,9912938
2012-09-13,11.086252212524414,23.63906478881836,23.817848205566406,23.599334716796875,23.70859146118164,5606996
2012-09-14,11.230653762817383,23.94696807861328,24.205209732055664,23.90723991394043,23.986698150634766,7171330
2012-09-17,11.375052452087402,24.254871368408203,24.354196548461914,23.917171478271484,23.937036514282227,6790336
2012-09-18,11.342448234558105,24.185346603393555,24.304534912109375,24.056224822998047,24.135683059692383,6002182
2012-09-19,11.412318229675293,24.334331512451172,24.354196548461914,24.036359786987305,24.185346603393555,11257269
2012-09-20,11.314501762390137,24.125751495361328,24.334331512451172,24.09595489501953,24.185346603393555,13209425
2012-09-21,11.46821403503418,24.453519821166992,24.51311492919922,24.165481567382812,24.225074768066406,7263241
2012-09-24,11.449583053588867,24.413789749145508,24.50318145751953,24.284669876098633,24.423723220825195,8645069
2012-09-25,11.430950164794922,24.374061584472656,24.62236976623535,24.31446647644043,24.463451385498047,5983379
2012-09-26,11.421635627746582,24.354196548461914,24.38399314880371,24.19527816772461,24.205209732055664,7304045
2012-09-27,11.552061080932617,24.63230323791504,24.63230323791504,24.19527816772461,24.334331512451172,7862077
2012-09-28,11.575350761413574,24.681964874267578,24.7713565826416,24.443588256835938,24.51311492919922,20107284
2012-10-01,11.617274284362793,24.7713565826416,24.930273056030273,24.612438201904297,24.711761474609375,3789179
2012-10-02,11.719751358032227,24.9898681640625,25.049463272094727,24.781288146972656,24.82101821899414,5845219
2012-10-03,11.719751358032227,24.9898681640625,25.148786544799805,24.930273056030273,25.079259872436523,4266580
2012-10-04,11.910735130310059,25.397096633911133,25.456689834594727,25.064361572265625,25.079259872436523,9958917
2012-10-05,12.055134773254395,25.704999923706055,25.724864959716797,25.35736656188965,25.565946578979492,5381633
2012-10-08,12.04116153717041,25.675203323364258,25.8837833404541,25.64540672302246,25.675203323364258,5350287
2012-10-09,12.059794425964355,25.71493148803711,25.844053268432617,25.59574317932129,25.66526985168457,5572816
2012-10-10,11.980606079101562,25.54608154296875,25.66526985168457,25.416961669921875,25.61560821533203,5918545
2012-10-11,12.017871856689453,25.62554168701172,25.76459312438965,25.34743309020996,25.34743309020996,6856652
2012-10-12,11.971290588378906,25.526216506958008,25.685134887695312,25.526216506958008,25.585811614990234,4436074
2012-10-15,11.966631889343262,25.516284942626953,25.774526596069336,25.486486434936523,25.506351470947266,4654536
2012-10-16,11.980606079101562,25.54608154296875,25.81425666809082,25.49641990661621,25.71493148803711,4791930
2012-10-17,12.059794425964355,25.71493148803711,25.744728088378906,25.575878143310547,25.704999923706055,6660913
2012-10-18,12.087740898132324,25.774526596069336,25.943376541137695,25.774526596069336,25.8837833404541,5980114
2012-10-19,11.906076431274414,25.387163162231445,25.605676651000977,25.287839889526367,25.565946578979492,10541425
2012-10-22,11.822230339050293,25.20838165283203,25.287839889526367,25.029598236083984,25.03952980041504,7202117
2012-10-23,11.845521926879883,25.25804328918457,25.436826705932617,25.10905647277832,25.10905647277832,3742926
2012-10-24,11.770991325378418,25.099124908447266,25.238178253173828,25.05939483642578,25.06932830810547,6036069
2012-10-25,11.766334533691406,25.089191436767578,25.238178253173828,25.034563064575195,25.079259872436523,4588488
2012-10-26,11.733726501464844,25.01966667175293,25.32756805419922,25.01966667175293,25.128921508789062,16466343
2012-10-29,11.761675834655762,25.079259872436523,25.277908325195312,25.079259872436523,25.218313217163086,4589973
2012-10-30,11.803596496582031,25.168651580810547,25.248109817504883,25.079259872436523,25.138853073120117,4441941
2012-10-31,11.88278579711914,25.337501525878906,25.37723159790039,25.198448181152344,25.228246688842773,7995279
2012-11-01,11.710436820983887,24.970003128051758,25.267974853515625,24.960071563720703,25.128921508789062,7275386
2012-11-02,11.659200668334961,24.860748291015625,25.1785831451416,24.860748291015625,25.1785831451416,7675191
2012-11-05,11.808258056640625,25.1785831451416,25.297771453857422,24.8011531829834,25.10905647277832,9623068
2012-11-06,11.887444496154785,25.34743309020996,25.49641990661621,25.228246688842773,25.238178253173828,5070200
2012-11-07,12.045819282531738,25.685134887695312,25.754661560058594,25.407028198242188,25.416961669921875,7436753
2012-11-08,12.078424453735352,25.754661560058594,25.824188232421875,25.42689323425293,25.565946578979492,10593591
2012-11-09,12.116937637329102,24.999801635742188,24.999801635742188,24.592573165893555,24.65216827392578,46555519
2012-11-12,12.203587532043457,25.1785831451416,25.32756805419922,24.930273056030273,25.029598236083984,9722555
2012-11-13,11.938817977905273,24.63230323791504,25.06932830810547,24.63230323791504,24.999801635742188,10643947
2012-11-14,11.962886810302734,24.681964874267578,24.830949783325195,24.43365478515625,24.711761474609375,6946095
2012-11-15,11.861790657043457,24.473384857177734,24.5826416015625,24.354196548461914,24.463451385498047,7280021
2012-11-16,11.755884170532227,24.254871368408203,24.38399314880371,24.0661563873291,24.354196548461914,5862753
2012-11-19,11.746256828308105,24.235008239746094,24.3939266204834,24.0661563873291,24.3939266204834,4586199
2012-11-20,11.8858642578125,24.523046493530273,24.602506637573242,24.254871368408203,24.423723220825195,7154921
2012-11-21,11.842535972595215,24.43365478515625,24.572708129882812,24.3939266204834,24.523046493530273,4526223
2012-11-22,11.953259468078613,24.662099838256836,24.87067985534668,24.5826416015625,24.62236976623535,5639784
2012-11-23,12.00621509552002,24.7713565826416,24.82101821899414,24.473384857177734,24.612438201904297,3823081
2012-11-26,11.919562339782715,24.592573165893555,24.811086654663086,24.473384857177734,24.811086654663086,4468974
2012-11-27,11.982146263122559,24.721694946289062,24.875646591186523,24.55284309387207,24.572708129882812,6753134
2012-11-28,12.049541473388672,24.860748291015625,24.87067985534668,24.642234802246094,24.642234802246094,4320123
2012-11-29,12.145820617675781,25.05939483642578,25.079259872436523,24.850814819335938,24.850814819335938,6100212
2012-11-30,12.275798797607422,25.32756805419922,25.35736656188965,25.10905647277832,25.1785831451416,13194208
2012-12-03,12.30468463897705,25.387163162231445,25.47655487060547,25.228246688842773,25.25804328918457,6086577
2012-12-04,12.237288475036621,25.248109817504883,25.471588134765625,25.198448181152344,25.416961669921875,5696194
2012-12-05,12.314311981201172,25.407028198242188,25.471588134765625,25.35736656188965,25.35736656188965,3908954
2012-12-06,12.261357307434082,25.297771453857422,25.516284942626953,25.18851661682129,25.516284942626953,5783614
2012-12-07,12.396150588989258,25.575878143310547,25.575878143310547,25.337501525878906,25.42689323425293,4410826
2012-12-10,12.468361854553223,25.724864959716797,25.769559860229492,25.62554168701172,25.635473251342773,4600291
2012-12-11,12.516500473022461,25.824188232421875,25.824188232421875,25.675203323364258,25.754661560058594,4407189
2012-12-12,12.468361854553223,25.724864959716797,25.90364646911621,25.724864959716797,25.824188232421875,5279222
2012-12-13,12.506877899169922,25.804323196411133,25.853986740112305,25.690101623535156,25.695066452026367,5386956
2012-12-14,12.51169204711914,25.81425666809082,25.893714904785156,25.695066452026367,25.86391830444336,6435297
2012-12-17,12.396150588989258,25.575878143310547,25.724864959716797,25.516284942626953,25.704999923706055,4101741
2012-12-18,12.42503547668457,25.635473251342773,25.824188232421875,25.635473251342773,25.76459312438965,5828838
2012-12-19,12.420223236083984,25.62554168701172,25.824188232421875,25.605676651000977,25.81425666809082,5152611
2012-12-20,12.502058982849121,25.794391632080078,25.824188232421875,25.635473251342773,25.695066452026367,10096643
2012-12-21,12.598341941833496,25.993038177490234,26.22148323059082,25.844053268432617,25.873849868774414,13654188
2012-12-24,12.598341941833496,25.993038177490234,26.17182159423828,25.923511505126953,25.973173141479492,1058060
2012-12-27,12.564642906188965,25.923511505126953,25.988073348999023,25.824188232421875,25.973173141479492,2216586
2012-12-28,12.64648151397705,26.092363357543945,26.102294921875,25.943376541137695,25.973173141479492,2654949
2012-12-31,12.535759925842285,25.86391830444336,26.05263328552246,25.834121704101562,26.05263328552246,2037380
2013-01-02,12.564642906188965,25.923511505126953,26.002971649169922,25.8837833404541,25.943376541137695,2271515
2013-01-03,12.607970237731934,26.012903213500977,26.072498321533203,25.943376541137695,26.022836685180664,3135770
2013-01-04,12.636855125427246,26.072498321533203,26.142024993896484,25.98310661315918,26.012903213500977,2941465
2013-01-07,12.65129566192627,26.102294921875,26.30094337463379,26.102294921875,26.22148323059082,5873199
2013-01-08,12.65129566192627,26.102294921875,26.330739974975586,26.102294921875,26.241348266601562,9496332
2013-01-09,12.762019157409668,26.330739974975586,26.380401611328125,26.102294921875,26.122159957885742,7412892
2013-01-10,12.805344581604004,26.42013168334961,26.46979331970215,26.241348266601562,26.370468139648438,5340303
2013-01-11,12.795719146728516,26.400266647338867,26.569116592407227,26.350605010986328,26.569116592407227,6225944
2013-01-14,12.757203102111816,26.3208065032959,26.519454956054688,26.15195655822754,26.499589920043945,5983670
2013-01-15,12.689805030822754,26.181753158569336,26.370468139648438,26.05263328552246,26.34067153930664,5989723
2013-01-16,12.723509788513184,26.25128173828125,26.400266647338867,26.181753158569336,26.211551666259766,3655921
2013-01-17,12.814974784851074,26.43999671936035,26.65850830078125,26.191686630249023,26.380401611328125,6248231
2013-01-18,12.800528526306152,26.410198211669922,26.569116592407227,26.25128173828125,26.53931999206543,3251595
2013-01-21,12.747574806213379,26.30094337463379,26.42013168334961,26.191686630249023,26.330739974975586,3853466
2013-01-22,12.752389907836914,26.310874938964844,26.519454956054688,26.246315002441406,26.400266647338867,4128777
2013-01-23,12.877554893493652,26.569116592407227,26.698238372802734,26.430063247680664,26.459861755371094,5481198
2013-01-24,13.046043395996094,26.916749954223633,26.94654655456543,26.698238372802734,26.807493209838867,5882867
2013-01-25,13.262680053710938,27.363706588745117,27.363706588745117,27.055803298950195,27.085601806640625,15091834
2013-01-29,13.585220336914062,28.029176712036133,28.188095092773438,27.363706588745117,27.681543350219727,10963477
2013-01-30,13.561149597167969,27.979515075683594,28.068906784057617,27.8106632232666,27.919921875,5881163
2013-01-31,13.498566627502441,27.850393295288086,28.029176712036133,27.72127342224121,27.95965003967285,5980541
2013-02-01,13.623732566833496,28.1086368560791,28.15829849243164,27.850393295288086,27.93978500366211,5230362
2013-02-04,13.450428009033203,27.751070022583008,28.3271484375,27.731204986572266,28.198026657104492,5245353
2013-02-05,13.440800666809082,27.731204986572266,27.909988403320312,27.423301696777344,27.472963333129883,6582837
2013-02-06,13.541895866394043,27.93978500366211,28.1384334564209,27.880191802978516,27.949718475341797,3963334
2013-02-07,13.460052490234375,27.77093505859375,28.08877182006836,27.761003494262695,27.929853439331055,4415025
2013-02-08,13.517823219299316,27.89012336730957,28.029176712036133,27.800731658935547,27.84046173095703,6326707
2013-02-11,13.460052490234375,27.77093505859375,28.068906784057617,27.761003494262695,28.00931167602539,4232640
2013-02-12,13.35895824432373,27.562355041503906,27.98944664001465,27.562355041503906,27.900056838989258,5012340
2013-02-13,13.638172149658203,28.1384334564209,28.39667510986328,27.880191802978516,27.909988403320312,6457541
2013-02-14,13.845176696777344,28.56552505493164,28.625120162963867,28.05897331237793,28.307283401489258,7925615
2013-02-15,14.032929420471191,28.95288848876953,29.2210636138916,28.550626754760742,28.585390090942383,8406239
2013-02-18,14.538397789001465,29.99578857421875,29.99578857421875,28.972753524780273,28.982685089111328,9707806
2013-02-19,14.586541175842285,30.095111846923828,30.095111846923828,29.548831939697266,29.866666793823242,5713275
2013-02-20,14.610610008239746,30.144773483276367,30.512271881103516,30.06531524658203,30.452678680419922,4741672
2013-02-21,14.196600914001465,29.29058837890625,30.512271881103516,29.181333541870117,30.343421936035156,12179442
2013-02-22,14.379535675048828,29.668020248413086,30.224233627319336,29.36011505126953,29.429641723632812,14854147
2013-02-25,14.620237350463867,30.16463851928711,30.21430015563965,29.866666793823242,29.975923538208008,4752871
2013-02-26,14.552845001220703,30.025585174560547,30.194435119628906,29.48923683166504,29.519033432006836,6378743
2013-02-27,14.538397789001465,29.99578857421875,30.174570083618164,29.92626190185547,30.075246810913086,3858983
2013-02-28,14.812797546386719,30.561933517456055,30.820175170898438,30.383150100708008,30.442745208740234,13135718
2013-03-01,14.93796157836914,30.820175170898438,30.90956687927246,30.40301513671875,30.412948608398438,7026801
2013-03-04,14.615423202514648,30.154705047607422,30.969160079956055,30.095111846923828,30.88970184326172,7489769
2013-03-05,15.043874740600586,31.03868865966797,31.098281860351562,30.661258697509766,30.681121826171875,9062851
2013-03-06,15.241249084472656,31.44591522216797,31.773683547973633,31.301895141601562,31.336660385131836,7730883
2013-03-07,15.063133239746094,31.078418731689453,31.63463020324707,30.7407169342041,31.46578025817871,7050834
2013-03-08,15.043874740600586,31.03868865966797,31.366456985473633,30.90956687927246,31.217470169067383,8398597
2013-03-11,15.043874740600586,31.03868865966797,31.138011932373047,30.79037857055664,31.02875518798828,5870934
2013-03-12,15.000543594360352,30.949296951293945,31.05855369567871,30.84004020690918,31.03868865966797,6485425
2013-03-13,14.682818412780762,30.293760299682617,30.929431915283203,30.244098663330078,30.88970184326172,7048700
2013-03-14,14.504704475402832,29.92626190185547,30.542068481445312,29.79714012145996,30.48247528076172,7427800
2013-03-15,14.870570182800293,30.681121826171875,30.681121826171875,30.134841918945312,30.16463851928711,9675515
2013-03-18,14.427678108215332,29.767343521118164,30.383150100708008,29.668020248413086,30.124908447265625,6094714
2013-03-19,14.374723434448242,29.6580867767334,30.23416519165039,29.618358612060547,30.035518646240234,7082640
2013-03-20,14.413232803344727,29.737546920776367,30.055381774902344,29.300521850585938,29.459440231323242,7052935
2013-03-21,14.480630874633789,29.87660026550293,30.254030227661133,29.79714012145996,30.11497688293457,10733523
2013-03-22,14.682818412780762,30.293760299682617,30.48247528076172,29.80707359313965,29.96599006652832,7342737
2013-03-25,14.92833423614502,30.800310134887695,30.949296951293945,30.43281364440918,30.462610244750977,5576207
2013-03-26,14.769471168518066,30.47254180908203,30.661258697509766,30.383150100708008,30.59173011779785,6884223
2013-03-27,14.817617416381836,30.57186508178711,30.7407169342041,30.303691864013672,30.542068481445312,4781421
2013-03-28,14.807981491088867,30.552001953125,30.780445098876953,30.11497688293457,30.293760299682617,17483187
2013-04-02,14.933154106140137,30.810243606567383,30.84004020690918,30.422880172729492,30.681121826171875,6155137
2013-04-03,14.995732307434082,30.939363479614258,31.252233505249023,30.552001953125,30.989025115966797,8922833
2013-04-04,14.822425842285156,30.581798553466797,30.939363479614258,30.442745208740234,30.59173011779785,4896679
2013-04-05,14.562467575073242,30.04545021057129,30.710920333862305,29.99578857421875,30.691055297851562,7814685
2013-04-08,14.692449569702148,30.313623428344727,30.462610244750977,29.985855102539062,30.194435119628906,4886454
2013-04-09,15.067943572998047,31.088350296020508,31.088350296020508,30.60166358947754,30.62152862548828,8489778
2013-04-10,14.889825820922852,30.72085189819336,30.949296951293945,30.62152862548828,30.859905242919922,6851663
2013-04-11,15.178666114807129,31.316795349121094,31.316795349121094,31.00889015197754,31.068485260009766,5626457
2013-04-12,15.173852920532227,31.306861877441406,31.406185150146484,31.207538604736328,31.34659194946289,4477845
2013-04-15,15.207548141479492,31.376388549804688,31.46578025817871,31.03868865966797,31.286998748779297,5374215
2013-04-16,15.164225578308105,31.286998748779297,31.426050186157227,31.048620223999023,31.286998748779297,4308847
2013-04-17,15.31827163696289,31.604833602905273,31.624698638916016,31.341625213623047,31.54524040222168,3948006
2013-04-18,15.332716941833496,31.63463020324707,31.8531436920166,31.594900131225586,31.78361701965332,8313982
2013-04-19,15.034246444702148,31.018823623657227,31.71409034729004,30.939363479614258,31.63463020324707,7130937
2013-04-22,15.07757568359375,31.10821533203125,31.1777400970459,30.949296951293945,31.10821533203125,3745353
2013-04-23,15.2653169631958,31.49557876586914,31.724021911621094,31.376388549804688,31.39625358581543,5490394
2013-04-24,15.645628929138184,32.280235290527344,32.43418884277344,31.78361701965332,31.793548583984375,15393290
2013-04-26,15.679325103759766,32.349761962890625,32.69739532470703,32.30009841918945,32.54840850830078,5386836
2013-04-29,15.944103240966797,32.89604187011719,32.940738677978516,32.5086784362793,32.57820510864258,4825979
2013-04-30,16.271455764770508,33.57144546508789,33.67076873779297,33.074825286865234,33.5615119934082,11160863
2013-05-01,16.396615982055664,33.82968521118164,33.93397521972656,33.08475875854492,33.551578521728516,6926076
2013-05-02,16.319595336914062,33.67076873779297,33.869415283203125,33.42245864868164,33.42245864868164,5539149
2013-05-03,16.151100158691406,33.32313537597656,34.554752349853516,33.23374557495117,34.37596893310547,7113272
2013-05-06,15.968167304992676,32.94570541381836,33.75022888183594,32.737125396728516,33.71049880981445,7736756
2013-05-07,15.684141159057617,32.35969543457031,32.89604187011719,32.30009841918945,32.77685546875,8632290
2013-05-08,15.862258911132812,32.72719192504883,32.816585540771484,32.30009841918945,32.72719192504883,6167163
2013-05-09,16.054824829101562,33.124488830566406,33.144351959228516,32.77685546875,32.87617874145508,8568825
2013-05-10,15.862258911132812,32.72719192504883,33.382728576660156,32.70732879638672,33.28340530395508,9778587
2013-05-13,15.768047332763672,31.58496856689453,31.763751983642578,31.386320114135742,31.63463020324707,40541900
2013-05-14,15.743252754211426,31.535306930541992,31.694225311279297,31.435983657836914,31.63463020324707,8055767
2013-05-15,15.703590393066406,31.455848693847656,31.912738800048828,31.217470169067383,31.773683547973633,5774563
2013-05-16,15.569708824157715,31.187673568725586,31.694225311279297,31.068485260009766,31.63463020324707,5578177
2013-05-17,15.544914245605469,31.138011932373047,31.386320114135742,31.048620223999023,31.376388549804688,5303299
2013-05-20,15.763089179992676,31.575037002563477,31.66939353942871,31.19760513305664,31.207538604736328,5550261
2013-05-21,15.609378814697266,31.267133712768555,31.575037002563477,31.088350296020508,31.575037002563477,7932975
2013-05-22,15.465581893920898,30.979093551635742,31.286998748779297,30.750648498535156,31.19760513305664,6825602
2013-05-23,14.835847854614258,29.717681884765625,30.661258697509766,29.55876350402832,30.661258697509766,11731592
2013-05-24,14.538335800170898,29.12173843383789,29.92626190185547,28.754241943359375,29.787208557128906,13547161
2013-05-27,14.488753318786621,29.022415161132812,29.12173843383789,28.635051727294922,28.803903579711914,7567255
2013-05-28,14.612716674804688,29.270723342895508,29.469371795654297,28.942956924438477,29.00255012512207,6832689
2013-05-29,14.240829467773438,28.52579689025879,29.638221740722656,28.39667510986328,29.310453414916992,9327001
2013-05-30,14.310248374938965,28.66484832763672,28.66484832763672,28.103670120239258,28.15829849243164,10166083
2013-05-31,14.10198974609375,28.24768829345703,28.95288848876953,28.1384334564209,28.843631744384766,18431249
2013-06-03,14.379669189453125,28.803903579711914,29.146570205688477,28.307283401489258,28.317216873168945,9102563
2013-06-04,14.354874610900879,28.754241943359375,28.81383514404297,28.49599838256836,28.71451187133789,5817388
2013-06-05,13.978026390075684,27.999380111694336,28.644983291625977,27.89012336730957,28.56552505493164,9856765
2013-06-06,13.740018844604492,27.522624969482422,28.019243240356445,27.522624969482422,27.6219482421875,10951930
2013-06-07,13.685476303100586,27.413368225097656,27.870258331298828,27.413368225097656,27.512693405151367,8743928
2013-06-11,13.789603233337402,27.6219482421875,27.641813278198242,27.135263442993164,27.55242347717285,9377677
2013-06-12,13.621016502380371,27.28424835205078,27.393505096435547,26.966411590576172,27.224653244018555,9934211
2013-06-13,13.973068237304688,27.98944664001465,28.039108276367188,27.194856643676758,27.314044952392578,9954020
2013-06-14,14.349916458129883,28.744308471679688,28.803903579711914,28.307283401489258,28.754241943359375,9467505
2013-06-17,14.612716674804688,29.270723342895508,29.270723342895508,28.307283401489258,28.456268310546875,9181943
2013-06-18,14.602801322937012,29.2508602142334,29.310453414916992,28.76417350769043,29.300521850585938,7872973
2013-06-19,14.4937105178833,29.032346725463867,29.499168395996094,28.793970108032227,29.48923683166504,8091846
2013-06-20,13.963150024414062,27.96958351135254,28.476133346557617,27.880191802978516,28.37681007385254,14140896
2013-06-21,13.744979858398438,27.53255844116211,27.80569839477539,27.244518280029297,27.314044952392578,12454648
2013-06-24,13.660683631896973,27.363706588745117,27.562355041503906,27.314044952392578,27.4332332611084,6216758
2013-06-25,13.735062599182129,27.512693405151367,27.900056838989258,27.323978424072266,27.4332332611084,6415846
2013-06-26,14.00281810760498,28.049041748046875,28.08877182006836,27.741138458251953,27.800731658935547,8819078
2013-06-27,14.285454750061035,28.61518669128418,28.744308471679688,28.287418365478516,28.37681007385254,7146070
2013-06-28,14.320164680480957,28.68471336364746,29.062143325805664,28.635051727294922,28.893293380737305,12159929
2013-07-01,13.868941307067871,27.780866622924805,28.54566192626953,27.751070022583008,28.505931854248047,6898501
2013-07-02,14.092072486877441,28.22782325744629,28.307283401489258,27.72127342224121,28.22782325744629,7847480
2013-07-03,13.720183372497559,27.48289680480957,28.22782325744629,27.4332332611084,28.20796012878418,8130641
2013-07-04,13.849108695983887,27.741138458251953,28.05897331237793,27.562355041503906,28.029176712036133,4850878
2013-07-05,14.05736255645752,28.15829849243164,28.25762176513672,27.830528259277344,28.05897331237793,4574939
2013-07-08,14.052407264709473,28.148365020751953,28.39667510986328,27.93978500366211,28.25762176513672,4788534
2013-07-09,14.354874610900879,28.754241943359375,28.873428344726562,28.44633674621582,28.505931854248047,7254151
2013-07-10,14.39950180053711,28.843631744384766,29.141603469848633,28.61518669128418,28.843631744384766,6544073
2013-07-11,14.622632026672363,29.29058837890625,29.300521850585938,28.947921752929688,29.15153694152832,5871042
2013-07-12,14.434212684631348,28.913158416748047,29.548831939697266,28.913158416748047,29.548831939697266,4925257
2013-07-15,14.558172225952148,29.161468505859375,29.260791778564453,28.724443435668945,28.803903579711914,4554222
2013-07-16,14.71189022064209,29.469371795654297,29.52400016784668,29.350183486938477,29.449506759643555,5140845
2013-07-17,14.578008651733398,29.20119857788086,29.449506759643555,29.17140007019043,29.449506759643555,3862459
2013-07-18,14.716841697692871,29.47930335998535,29.613391876220703,29.211130142211914,29.538898468017578,4275301
2013-07-19,14.508585929870605,29.062143325805664,29.568695068359375,29.05221176147461,29.538898468017578,5625901
2013-07-22,14.578008651733398,29.20119857788086,29.50910186767578,29.15153694152832,29.340251922607422,3959560
2013-07-23,14.622632026672363,29.29058837890625,29.409778594970703,29.166433334350586,29.379980087280273,4232204
2013-07-24,14.751562118530273,29.548831939697266,29.588560104370117,29.300521850585938,29.300521850585938,6296661
2013-07-25,14.905268669128418,29.856735229492188,30.015653610229492,29.50910186767578,29.538898468017578,7450052
2013-07-26,15.13336181640625,30.313623428344727,30.552001953125,29.856735229492188,29.906396865844727,12130958
2013-07-29,15.28211498260498,30.611595153808594,30.735750198364258,30.40301513671875,30.47254180908203,5563591
2013-07-30,15.301949501037598,30.651325225830078,30.854938507080078,30.452678680419922,30.691055297851562,5570620
2013-07-31,15.31682300567627,30.681121826171875,31.316795349121094,30.681121826171875,31.05855369567871,8421123
2013-08-01,15.30690860748291,30.661258697509766,30.979093551635742,30.025585174560547,30.949296951293945,8179613
2013-08-02,15.599459648132324,31.247268676757812,31.247268676757812,30.899635314941406,31.03868865966797,5101995
2013-08-05,15.554829597473145,31.15787696838379,31.286998748779297,31.073450088500977,31.267133712768555,3912563
2013-08-06,15.490368843078613,31.02875518798828,31.22740364074707,30.79037857055664,31.187673568725586,5106888
2013-08-07,15.143279075622559,30.33348846435547,30.91950035095215,30.26892852783203,30.88970184326172,6484718
2013-08-08,15.326743125915527,30.700986862182617,30.765548706054688,30.293760299682617,30.343421936035156,4934900
2013-08-09,15.257316589355469,30.561933517456055,30.611595153808594,30.204368591308594,30.412948608398438,4857228
2013-08-12,15.41103744506836,30.86983871459961,30.88970184326172,30.24906349182129,30.343421936035156,4008735
2013-08-13,15.46062183380127,30.969160079956055,31.02875518798828,30.700986862182617,30.76058006286621,4870991
2013-08-14,15.624248504638672,31.29693031311035,31.455848693847656,31.088350296020508,31.286998748779297,7854287
2013-08-15,15.668880462646484,31.386320114135742,31.505510330200195,31.098281860351562,31.286998748779297,6778145
2013-08-16,15.500289916992188,31.048620223999023,31.34659194946289,30.939363479614258,31.098281860351562,5735737
2013-08-19,15.654003143310547,31.356523513793945,31.525375366210938,31.247268676757812,31.376388549804688,3854732
2013-08-20,15.440786361694336,30.929431915283203,31.27706527709961,30.84004020690918,31.187673568725586,7230708
2013-08-21,15.515165328979492,31.078418731689453,31.247268676757812,30.979093551635742,31.068485260009766,4414348
2013-08-22,15.371368408203125,30.79037857055664,30.90956687927246,30.60166358947754,30.79037857055664,5446838
2013-08-23,15.604415893554688,31.257200241088867,31.485645294189453,30.864870071411133,30.88970184326172,6719851
2013-08-26,15.708548545837402,31.46578025817871,31.535306930541992,31.336660385131836,31.376388549804688,3864441
2013-08-27,15.673839569091797,31.39625358581543,31.6644287109375,31.212505340576172,31.237335205078125,4982186
2013-08-28,15.425914764404297,30.899635314941406,31.138011932373047,30.79037857055664,31.018823623657227,6031852
2013-08-29,15.48045539855957,31.00889015197754,31.05855369567871,30.59173011779785,30.939363479614258,5420665
2013-08-30,15.564752578735352,31.1777400970459,31.217470169067383,30.849973678588867,30.939363479614258,9060883
2013-09-02,15.77796459197998,31.604833602905273,31.763751983642578,31.485645294189453,31.485645294189453,5137657
2013-09-03,15.837468147277832,31.724021911621094,31.863075256347656,31.604833602905273,31.684293746948242,3660227
2013-09-04,15.678793907165527,31.406185150146484,31.624698638916016,31.406185150146484,31.58496856689453,7387703
2013-09-05,15.609378814697266,31.267133712768555,31.455848693847656,30.91950035095215,31.435983657836914,4871066
2013-09-06,15.688713073730469,31.426050186157227,31.426050186157227,31.00889015197754,31.336660385131836,5384816
2013-09-09,15.832504272460938,31.71409034729004,31.724021911621094,31.416118621826172,31.58496856689453,3677072
2013-09-10,16.07051658630371,32.19084548950195,32.260372161865234,31.743886947631836,31.78361701965332,5312417
2013-09-11,16.105228424072266,32.260372161865234,32.52854537963867,32.02695846557617,32.4788818359375,5200050
2013-09-12,16.075475692749023,32.200775146484375,32.29016876220703,32.04682540893555,32.200775146484375,5950160
2013-09-13,15.911849975585938,31.873008728027344,32.12131881713867,31.813413619995117,32.08158874511719,6202011
2013-09-16,15.931679725646973,31.912738800048828,32.18587875366211,31.793548583984375,32.17097854614258,4266763
2013-09-17,16.100271224975586,32.25043869018555,32.40935516357422,31.768718719482422,31.922670364379883,6975435
2013-09-18,16.125059127807617,32.30009841918945,32.4788818359375,32.23057556152344,32.329898834228516,5940908
2013-09-19,16.3531494140625,32.756988525390625,32.886112213134766,32.60800552368164,32.886112213134766,9363752
2013-09-20,16.23910903930664,32.52854537963867,32.737125396728516,32.52854537963867,32.667598724365234,6555763
2013-09-23,16.263898849487305,32.57820510864258,32.7470588684082,32.200775146484375,32.33982849121094,4474253
2013-09-24,16.234148025512695,32.518611907958984,32.62786865234375,32.329898834228516,32.429222106933594,2751773
2013-09-25,16.417612075805664,32.886112213134766,32.94570541381836,32.55834197998047,32.667598724365234,5203404
2013-09-26,16.546533584594727,33.144351959228516,33.144351959228516,32.59807205200195,32.687461853027344,4066921
2013-09-27,16.511823654174805,33.074825286865234,33.26354217529297,32.94570541381836,33.23374557495117,10806259
2013-09-30,16.22918701171875,32.5086784362793,32.84638214111328,32.5086784362793,32.72719192504883,5954411
2013-10-01,16.134979248046875,32.31996536254883,32.737125396728516,32.24050521850586,32.667598724365234,5398062
2013-10-02,16.080432891845703,32.21070861816406,32.61793518066406,32.200775146484375,32.4788818359375,3909091
2013-10-03,16.18456268310547,32.419288635253906,32.71725845336914,32.24050521850586,32.25043869018555,3266651
2013-10-04,16.075475692749023,32.200775146484375,32.37955856323242,32.17594528198242,32.24050521850586,4982034
2013-10-07,15.981266975402832,32.012062072753906,32.40935516357422,31.813413619995117,32.35969543457031,3661354
2013-10-08,15.857298851013184,31.763751983642578,32.012062072753906,31.674360275268555,31.80348014831543,5950190
2013-10-09,15.95151424407959,31.95246696472168,32.131248474121094,31.594900131225586,31.674360275268555,3471975
2013-10-10,15.966387748718262,31.982263565063477,32.06172180175781,31.78361701965332,31.78361701965332,3655690
2013-10-11,16.358108520507812,32.76692199707031,32.87617874145508,32.46895217895508,32.54840850830078,4865513
2013-10-14,16.33827781677246,32.72719192504883,32.78678512573242,32.52357864379883,32.667598724365234,3128201
2013-10-15,16.482070922851562,33.01523208618164,33.17414855957031,32.95563888549805,33.10462188720703,3775499
2013-10-16,16.467199325561523,32.985435485839844,33.10462188720703,32.667598724365234,32.72719192504883,3918016
2013-10-17,16.67049789428711,33.392662048339844,33.39762878417969,33.16421890258789,33.26354217529297,5220218
2013-10-18,16.85892105102539,33.77009201049805,33.77009201049805,33.40259552001953,33.42245864868164,5224052
2013-10-21,16.89858627319336,33.849552154541016,34.2667121887207,33.80982208251953,33.948875427246094,4339178
2013-10-22,16.91345977783203,33.87934875488281,34.097862243652344,33.780025482177734,33.9190788269043,4024721
2013-10-23,16.79446029663086,33.64097213745117,33.99853515625,33.59130859375,33.9687385559082,3245586
2013-10-24,16.94817352294922,33.948875427246094,34.06806564331055,33.71049880981445,33.799888610839844,5638563
2013-10-25,17.037424087524414,34.12765884399414,34.207115173339844,34.02833557128906,34.15745544433594,8165995
2013-10-28,17.16139030456543,34.37596893310547,34.654075622558594,34.3263053894043,34.3263053894043,10800319
2013-10-29,17.15642738342285,34.36603546142578,34.743465423583984,34.2965087890625,34.58454895019531,4973691
2013-10-30,17.305185317993164,34.664005279541016,34.7037353515625,34.495155334472656,34.664005279541016,5670681
2013-10-31,17.002716064453125,34.05813217163086,34.26174545288086,33.77009201049805,34.11772537231445,8370813
2013-11-01,17.146516799926758,34.34617233276367,34.4206657409668,34.13759231567383,34.256778717041016,4788391
2013-11-04,16.93825340270996,33.929012298583984,34.54481887817383,33.89921569824219,34.47529220581055,6951293
2013-11-05,17.03246307373047,34.11772537231445,34.256778717041016,33.97867202758789,34.256778717041016,4896448
2013-11-06,17.052303314208984,34.15745544433594,34.15745544433594,33.780025482177734,33.789955139160156,7056198
2013-11-07,16.972963333129883,33.99853515625,34.41569519042969,33.938941955566406,34.41569519042969,11861070
2013-11-08,16.937232971191406,32.95563888549805,33.144351959228516,32.63780212402344,32.77685546875,16505492
2013-11-11,16.906600952148438,32.89604187011719,33.25360870361328,32.63780212402344,33.144351959228516,5081803
2013-11-12,16.76877784729004,32.62786865234375,33.00529861450195,32.3994255065918,32.975502014160156,6803654
2013-11-13,16.472707748413086,32.05179214477539,32.737125396728516,31.912738800048828,32.72719192504883,6888809
2013-11-14,16.666685104370117,32.429222106933594,32.77685546875,32.131248474121094,32.14118194580078,8331808
2013-11-15,16.845352172851562,32.77685546875,32.826515197753906,32.23057556152344,32.329898834228516,5235178
2013-11-18,16.77899169921875,32.647735595703125,32.86624526977539,32.48881530761719,32.77685546875,5170450
2013-11-19,16.61053466796875,32.31996536254883,32.67256546020508,32.31996536254883,32.45901870727539,6457224
2013-11-20,16.54927635192871,32.200775146484375,32.45901870727539,32.021995544433594,32.23057556152344,5479801
2013-11-21,16.48291778564453,32.0716552734375,32.280235290527344,31.932601928710938,31.982263565063477,4835927
2013-11-22,16.590118408203125,32.280235290527344,32.61793518066406,32.19084548950195,32.35969543457031,5871149
2013-11-25,16.600326538085938,32.30009841918945,32.43915557861328,32.18587875366211,32.329898834228516,6226137
2013-11-26,16.722837448120117,32.53847885131836,32.722225189208984,32.40935516357422,32.46895217895508,6809566
2013-11-27,16.72793960571289,32.54840850830078,32.905975341796875,32.54840850830078,32.57820510864258,7788696
2013-11-28,16.845352172851562,32.77685546875,32.995365142822266,32.687461853027344,32.7470588684082,6672194
2013-11-29,16.784093856811523,32.65766525268555,32.85631561279297,32.43915557861328,32.826515197753906,9608056
2013-12-02,16.641162872314453,32.37955856323242,32.737125396728516,32.280235290527344,32.59807205200195,5861777
2013-12-03,16.488025665283203,32.08158874511719,32.36962890625,31.942535400390625,32.280235290527344,6695913
2013-12-04,16.513545989990234,32.131248474121094,32.17097854614258,31.758785247802734,31.793548583984375,5487073
2013-12-05,16.074548721313477,31.27706527709961,32.111385345458984,31.27706527709961,31.982263565063477,8701064
2013-12-06,16.08475685119629,31.29693031311035,31.416118621826172,30.800310134887695,31.237335205078125,6880724
2013-12-09,15.87036418914795,30.879770278930664,31.575037002563477,30.820175170898438,31.54524040222168,5886263
2013-12-10,15.921407699584961,30.979093551635742,31.426050186157227,30.88970184326172,31.03868865966797,6054452
2013-12-11,15.76315975189209,30.67119026184082,31.232370376586914,30.67119026184082,30.979093551635742,6465479
2013-12-12,15.732534408569336,30.611595153808594,31.088350296020508,30.055381774902344,30.79037857055664,9209682
2013-12-13,15.824419975280762,30.79037857055664,30.79037857055664,30.41791343688965,30.462610244750977,6672159
2013-12-16,15.707008361816406,30.561933517456055,30.849973678588867,30.40301513671875,30.492406845092773,5075798
2013-12-17,15.75805950164795,30.661258697509766,31.128080368041992,30.60166358947754,31.128080368041992,6237468
2013-12-18,15.630444526672363,30.412948608398438,30.86983871459961,30.40301513671875,30.691055297851562,6365150
2013-12-19,16.013290405273438,31.15787696838379,31.15787696838379,30.681121826171875,30.84004020690918,9589041
2013-12-20,16.115386962890625,31.356523513793945,31.575037002563477,31.22740364074707,31.386320114135742,13657641
2013-12-23,16.29404640197754,31.704158782958984,31.704158782958984,31.44591522216797,31.555171966552734,4429792
2013-12-24,16.406347274780273,31.922670364379883,31.95246696472168,31.743886947631836,31.78361701965332,2038737
2013-12-27,16.380830764770508,31.873008728027344,32.180912017822266,31.808448791503906,32.180912017822266,1689463
2013-12-30,16.498231887817383,32.1014518737793,32.161048889160156,31.873008728027344,32.06172180175781,2257866
2013-12-31,16.528860092163086,32.161048889160156,32.270301818847656,32.0418586730957,32.0716552734375,1833772
2014-01-02,16.50844383239746,32.12131881713867,32.270301818847656,31.967365264892578,32.23057556152344,2280603
2014-01-03,16.50844383239746,32.12131881713867,32.15111541748047,31.838245391845703,31.982263565063477,2034131
2014-01-06,16.396137237548828,31.90280532836914,32.180912017822266,31.863075256347656,32.131248474121094,2538073
2014-01-07,16.375720977783203,31.863075256347656,32.17097854614258,31.83327865600586,32.00212860107422,4172940
2014-01-08,16.355302810668945,31.823345184326172,32.25043869018555,31.793548583984375,32.14118194580078,3798061
2014-01-09,16.304258346557617,31.724021911621094,31.813413619995117,31.485645294189453,31.78361701965332,3730514
2014-01-10,16.447185516357422,32.00212860107422,32.08158874511719,31.684293746948242,31.73395538330078,3542120
2014-01-13,16.33998680114746,31.793548583984375,32.031925201416016,31.738920211791992,32.00212860107422,3519587
2014-01-14,16.08475685119629,31.29693031311035,31.684293746948242,31.252233505249023,31.654495239257812,5843990
2014-01-15,16.186845779418945,31.49557876586914,31.63463020324707,31.237335205078125,31.58496856689453,4150165
2014-01-16,16.248104095458984,31.614765167236328,31.63463020324707,31.286998748779297,31.624698638916016,7063933
2014-01-17,16.130695343017578,31.386320114135742,31.485645294189453,31.252233505249023,31.386320114135742,4124131
2014-01-20,16.094966888427734,31.316795349121094,31.376388549804688,31.048620223999023,31.217470169067383,3704588
2014-01-21,16.227684020996094,31.575037002563477,31.654495239257812,31.098281860351562,31.1479434967041,3282549
2014-01-22,16.309356689453125,31.73395538330078,31.73395538330078,31.386320114135742,31.535306930541992,4732861
2014-01-23,16.049028396606445,31.22740364074707,31.674360275268555,31.10821533203125,31.58496856689453,5804675
2014-01-24,15.885676383972168,30.90956687927246,31.247268676757812,30.90956687927246,31.10821533203125,4074127
2014-01-28,15.712118148803711,30.57186508178711,30.854938507080078,30.33348846435547,30.552001953125,7252665
2014-01-29,15.92651081085205,30.989025115966797,30.998958587646484,30.452678680419922,30.700986862182617,5773141
2014-01-30,15.768266677856445,30.681121826171875,30.7705135345459,30.50234031677246,30.57186508178711,5730162
2014-01-31,15.75805950164795,30.661258697509766,30.79037857055664,30.422880172729492,30.72085189819336,7812067
2014-02-03,15.819314956665039,30.780445098876953,30.830108642578125,30.422880172729492,30.50234031677246,4407982
2014-02-04,15.518138885498047,30.194435119628906,30.40301513671875,30.11497688293457,30.363285064697266,8503576
2014-02-05,15.472198486328125,30.105043411254883,30.303691864013672,29.79714012145996,30.174570083618164,8240238
2014-02-06,15.737637519836426,30.62152862548828,30.651325225830078,30.194435119628906,30.293760299682617,7103410
2014-02-07,15.952034950256348,31.03868865966797,31.286998748779297,30.929431915283203,31.05855369567871,9763612
2014-02-10,16.217479705810547,31.555171966552734,31.555171966552734,31.286998748779297,31.376388549804688,6787148
2014-02-11,16.452293395996094,32.012062072753906,32.05179214477539,31.336660385131836,31.54524040222168,7205874
2014-02-12,16.590118408203125,32.280235290527344,32.280235290527344,31.957433700561523,32.200775146484375,5726412
2014-02-13,16.559490203857422,32.22064208984375,32.419288635253906,32.08158874511719,32.280235290527344,4392399
2014-02-14,16.71773338317871,32.52854537963867,32.52854537963867,32.260372161865234,32.40935516357422,5421806
2014-02-17,16.799407958984375,32.687461853027344,32.77685546875,32.60800552368164,32.72719192504883,6096211
2014-02-18,16.77388572692871,32.63780212402344,32.76692199707031,32.51364517211914,32.70732879638672,3722173
2014-02-19,16.967857360839844,33.01523208618164,33.144351959228516,32.72719192504883,32.76692199707031,8613835
2014-02-20,16.89639663696289,32.87617874145508,33.11455535888672,32.7470588684082,32.89604187011719,6208731
2014-02-21,17.003589630126953,33.08475875854492,33.17414855957031,32.995365142822266,33.17414855957031,4405095
2014-02-24,17.136316299438477,33.34299850463867,33.34299850463867,33.074825286865234,33.08475875854492,5562349
2014-02-25,17.059743881225586,33.19401550292969,33.5118522644043,33.06489562988281,33.47212219238281,4716757
2014-02-26,17.131214141845703,33.33306884765625,33.49198532104492,33.23374557495117,33.25360870361328,5550623
2014-02-27,17.12099838256836,33.313201904296875,33.37279510498047,33.23374557495117,33.32313537597656,2716107
2014-02-28,17.085264205932617,33.243675231933594,33.57144546508789,33.14931869506836,33.541648864746094,8531882
2014-03-03,17.003589630126953,33.08475875854492,33.273475646972656,32.8066520690918,33.273475646972656,4348169
2014-03-04,17.177152633666992,33.42245864868164,33.47212219238281,32.93577194213867,33.00529861450195,5258205
2014-03-05,17.473220825195312,33.99853515625,33.99853515625,33.6211051940918,33.71049880981445,9184595
2014-03-06,17.514053344726562,34.07799530029297,34.07799530029297,33.80982208251953,33.99853515625,6364018
2014-03-07,17.304763793945312,33.67076873779297,34.06806564331055,33.611175537109375,34.02833557128906,4859912
2014-03-10,17.238407135009766,33.541648864746094,33.735328674316406,33.442325592041016,33.57144546508789,3342769
2014-03-11,17.503849029541016,34.05813217163086,34.152488708496094,33.56647872924805,33.71049880981445,6122512
2014-03-12,17.325183868408203,33.71049880981445,33.789955139160156,33.4820556640625,33.77009201049805,5669268
2014-03-13,17.483430862426758,34.018402099609375,34.033302307128906,33.58634567260742,33.789955139160156,5721047
2014-03-14,17.177152633666992,33.42245864868164,33.680702209472656,33.42245864868164,33.57144546508789,4660793
2014-03-17,17.12099838256836,33.313201904296875,33.442325592041016,33.21884536743164,33.42245864868164,4695579
2014-03-18,17.146522521972656,33.36286544799805,33.6211051940918,33.36286544799805,33.57144546508789,5352265
2014-03-19,17.228200912475586,33.52178192138672,33.59130859375,33.20394515991211,33.273475646972656,7841426
2014-03-20,16.967857360839844,33.01523208618164,33.59130859375,33.01523208618164,33.42245864868164,13894794
2014-03-21,17.151626586914062,33.37279510498047,33.37279510498047,33.074825286865234,33.13441848754883,5412538
2014-03-24,17.161842346191406,33.392662048339844,33.47212219238281,33.054962158203125,33.10462188720703,3040617
2014-03-25,17.284351348876953,33.631038665771484,33.67076873779297,33.243675231933594,33.273475646972656,6024589
2014-03-26,17.49874496459961,34.04819869995117,34.167388916015625,33.700565338134766,33.77009201049805,7039002
2014-03-27,17.468116760253906,33.98860549926758,34.05813217163086,33.73036193847656,33.75022888183594,4495220
2014-03-28,17.575313568115234,34.19718551635742,34.256778717041016,33.9190788269043,33.98860549926758,11022577
2014-03-31,17.64167594909668,34.3263053894043,34.58454895019531,34.28657531738281,34.316375732421875,4791990
2014-04-01,17.656986236572266,34.356101989746094,34.39583206176758,34.038265228271484,34.316375732421875,5054070
2014-04-02,17.67230224609375,34.38589859008789,34.46535873413086,34.207115173339844,34.41569519042969,3920874
2014-04-03,17.595733642578125,34.236915588378906,34.405765533447266,34.167388916015625,34.405765533447266,3813315
2014-04-04,17.662094116210938,34.36603546142578,34.36603546142578,34.038265228271484,34.13759231567383,5062601
2014-04-07,17.60083770751953,34.24684524536133,34.3263053894043,34.087928771972656,34.087928771972656,2322162
2014-04-08,17.59062385559082,34.22698211669922,34.34617233276367,34.11275863647461,34.17731857299805,2788428
2014-04-09,17.7131404876709,34.46535873413086,34.60441207885742,34.36603546142578,34.41569519042969,4658225
2014-04-10,17.794811248779297,34.62427520751953,34.75339889526367,34.56468200683594,34.68387222290039,4265610
2014-04-11,17.692718505859375,34.425628662109375,34.53488540649414,34.2965087890625,34.36603546142578,3762883
2014-04-14,17.43238639831543,33.9190788269043,34.37596893310547,33.9190788269043,34.37596893310547,4612966
2014-04-15,17.544687271118164,34.13759231567383,34.2965087890625,33.99853515625,34.038265228271484,3236766
2014-04-16,17.656986236572266,34.356101989746094,34.485225677490234,34.17731857299805,34.17731857299805,3768028
2014-04-17,17.835647583007812,34.7037353515625,34.71366882324219,34.485225677490234,34.51502227783203,5250463
2014-04-22,18.014312744140625,35.051368713378906,35.061302185058594,34.743465423583984,34.76333236694336,4323457
2014-04-23,18.182769775390625,35.3791389465332,35.468528747558594,35.26988220214844,35.33940887451172,5759594
2014-04-24,18.264440536499023,35.538055419921875,35.597652435302734,35.25994873046875,35.55792236328125,9379890
2014-04-28,18.30527687072754,35.617515563964844,35.706905364990234,35.52812576293945,35.632415771484375,4069671
2014-04-29,18.06536102294922,35.15069580078125,35.74663543701172,35.04143524169922,35.74663543701172,6598165
2014-04-30,17.927536010742188,34.88251876831055,35.28974533081055,34.698768615722656,35.26988220214844,5418026
2014-05-01,17.7131404876709,34.46535873413086,34.90238571166992,34.37596893310547,34.88251876831055,6919486
2014-05-02,17.799915313720703,34.63420867919922,34.654075622558594,34.2667121887207,34.54481887817383,4926889
2014-05-05,17.585525512695312,34.21704864501953,34.90238571166992,34.038265228271484,34.793128967285156,5815303
2014-05-06,17.708032608032227,34.45542526245117,34.68387222290039,34.37596893310547,34.44549560546875,4604847
2014-05-07,17.61104393005371,34.2667121887207,34.44549560546875,34.06806564331055,34.2667121887207,5240116
2014-05-08,17.815231323242188,34.664005279541016,34.6739387512207,34.316375732421875,34.46535873413086,5059694
2014-05-09,17.835647583007812,34.7037353515625,34.85272216796875,34.336238861083984,34.554752349853516,4084995
2014-05-12,17.815231323242188,34.664005279541016,34.9719123840332,34.46535873413086,34.87258529663086,3697749
2014-05-13,17.937744140625,34.90238571166992,35.051368713378906,34.75339889526367,34.961978912353516,8576460
2014-05-14,17.91678810119629,33.9687385559082,34.167388916015625,33.869415283203125,33.87934875488281,12130781
2014-05-15,18.063472747802734,34.24684524536133,34.24684524536133,33.700565338134766,33.82968521118164,5777797
2014-05-16,17.958696365356445,34.04819869995117,34.13759231567383,33.9687385559082,34.06806564331055,3260280
2014-05-19,17.69675636291504,33.551578521728516,33.929012298583984,33.551578521728516,33.9190788269043,4410041
2014-05-20,17.644367218017578,33.45225524902344,33.631038665771484,33.29830551147461,33.57144546508789,3447041
2014-05-21,17.63913345336914,33.442325592041016,33.47708511352539,33.16421890258789,33.37279510498047,5711835
2014-05-22,17.738666534423828,33.631038665771484,33.85451889038086,33.531715393066406,33.531715393066406,6473262
2014-05-23,17.911548614501953,33.95880889892578,34.038265228271484,33.690635681152344,33.72043228149414,6249987
2014-05-26,17.895830154418945,33.929012298583984,34.15745544433594,33.87438201904297,34.15745544433594,3226287
2014-05-27,17.979656219482422,34.087928771972656,34.187252044677734,34.00350570678711,34.12765884399414,3318392
2014-05-28,18.073951721191406,34.2667121887207,34.405765533447266,34.13759231567383,34.2667121887207,3578210
2014-05-29,18.084428787231445,34.28657531738281,34.356101989746094,34.12765884399414,34.12765884399414,2731437
2014-05-30,18.03204345703125,34.187252044677734,34.336238861083984,34.018402099609375,34.336238861083984,8497946
2014-06-02,18.1263427734375,34.36603546142578,34.46535873413086,34.187252044677734,34.256778717041016,3305021
2014-06-03,18.047761917114258,34.21704864501953,34.45542526245117,34.187252044677734,34.41569519042969,5081914
2014-06-04,17.990135192871094,34.10779571533203,34.24684524536133,34.00846862792969,34.17731857299805,4313707
2014-06-05,17.91678810119629,33.9687385559082,34.207115173339844,33.78499221801758,34.207115173339844,4501969
2014-06-06,18.100147247314453,34.316375732421875,34.405765533447266,34.00846862792969,34.087928771972656,4695119
2014-06-10,18.142059326171875,34.39583206176758,34.58454895019531,34.30644226074219,34.554752349853516,3472281
2014-06-11,18.204925537109375,34.51502227783203,34.6739387512207,34.34617233276367,34.41569519042969,4115982
2014-06-12,18.115867614746094,34.34617233276367,34.52495574951172,34.3263053894043,34.45542526245117,4662241
2014-06-13,17.94822120666504,34.02833557128906,34.256778717041016,33.80982208251953,34.07799530029297,5970994
2014-06-16,17.969173431396484,34.06806564331055,34.07799530029297,33.78499221801758,33.9190788269043,4869426
2014-06-17,17.885356903076172,33.90914535522461,34.11275863647461,33.82968521118164,33.849552154541016,3741766
2014-06-18,17.728193283081055,33.611175537109375,33.9687385559082,33.596275329589844,33.89921569824219,4056266
2014-06-19,18.047761917114258,34.21704864501953,34.24684524536133,33.76015853881836,33.869415283203125,8770709
2014-06-20,17.890596389770508,33.9190788269043,34.187252044677734,33.89921569824219,34.02833557128906,4618829
2014-06-23,18.005847930908203,34.13759231567383,34.21704864501953,33.9687385559082,34.02833557128906,4337460
2014-06-24,17.890596389770508,33.9190788269043,34.097862243652344,33.78499221801758,33.97867202758789,4111070
2014-06-25,17.72295379638672,33.60124206542969,33.849552154541016,33.60124206542969,33.700565338134766,5499304
2014-06-26,18.03728675842285,34.19718551635742,34.19718551635742,33.77009201049805,33.80982208251953,5341995
2014-06-27,17.901071548461914,33.938941955566406,34.22698211669922,33.89921569824219,34.12765884399414,10590151
2014-06-30,17.749147415161133,33.65090560913086,33.9190788269043,33.65090560913086,33.799888610839844,5543393
2014-07-01,17.487205505371094,33.1542854309082,33.700565338134766,33.08475875854492,33.65090560913086,6467922
2014-07-02,17.743906021118164,33.64097213745117,33.690635681152344,33.382728576660156,33.50191879272461,3997130
2014-07-03,17.911548614501953,33.95880889892578,34.04819869995117,33.67076873779297,33.72043228149414,3636990
2014-07-04,18.02156639099121,34.167388916015625,34.236915588378906,34.097862243652344,34.13759231567383,3058713
2014-07-07,17.990135192871094,34.10779571533203,34.24684524536133,34.018402099609375,34.167388916015625,2865525
2014-07-08,17.92726707458496,33.98860549926758,34.167388916015625,33.89921569824219,34.167388916015625,3018667
2014-07-09,17.733427047729492,33.6211051940918,33.8892822265625,33.47708511352539,33.87934875488281,4437120
2014-07-10,17.68104362487793,33.52178192138672,33.71049880981445,33.43239212036133,33.631038665771484,3159540
2014-07-11,17.78582191467285,33.72043228149414,33.9190788269043,33.37279510498047,33.382728576660156,3549292
2014-07-14,17.885356903076172,33.90914535522461,34.018402099609375,33.869415283203125,33.9190788269043,2355713
2014-07-15,17.84868621826172,33.83961868286133,34.07799530029297,33.60124206542969,33.9190788269043,3868926
2014-07-16,17.754384994506836,33.66083526611328,33.929012298583984,33.5118522644043,33.89921569824219,3809334
2014-07-17,17.623414993286133,33.41252517700195,33.799888610839844,33.40259552001953,33.76015853881836,7157243
2014-07-18,17.759626388549805,33.67076873779297,33.680702209472656,33.2138786315918,33.273475646972656,4551521
2014-07-21,17.759626388549805,33.67076873779297,33.8892822265625,33.58137512207031,33.80982208251953,2311005
2014-07-22,17.78057861328125,33.71049880981445,33.8594856262207,33.541648864746094,33.83961868286133,4541816
2014-07-23,17.859161376953125,33.8594856262207,33.99853515625,33.69559860229492,33.849552154541016,6320585
2014-07-24,17.880117416381836,33.89921569824219,33.9687385559082,33.73036193847656,33.869415283203125,3831237
2014-07-25,17.958696365356445,34.04819869995117,34.10779571533203,33.929012298583984,34.10779571533203,7275259
2014-07-28,17.906307220458984,33.948875427246094,34.02833557128906,33.80982208251953,33.8594856262207,4219353
2014-07-29,17.953458786010742,34.038265228271484,34.12765884399414,33.80982208251953,33.80982208251953,4307794
2014-07-30,18.000612258911133,34.12765884399414,34.19718551635742,33.87934875488281,33.9687385559082,3981320
2014-07-31,18.131582260131836,34.37596893310547,34.43556213378906,34.19718551635742,34.21704864501953,4848413
2014-08-01,17.83820915222168,33.81975555419922,34.087928771972656,33.7154655456543,33.938941955566406,5643067
2014-08-04,17.733427047729492,33.6211051940918,33.77009201049805,33.52178192138672,33.77009201049805,3331657
2014-08-05,17.63913345336914,33.442325592041016,33.67076873779297,33.37279510498047,33.631038665771484,4644137
2014-08-06,17.63913345336914,33.442325592041016,33.442325592041016,33.13441848754883,33.32313537597656,4731265
2014-08-07,17.628652572631836,33.42245864868164,33.52178192138672,33.223812103271484,33.42245864868164,4464498
2014-08-08,17.30384635925293,32.8066520690918,33.33306884765625,32.737125396728516,33.23374557495117,5665665
2014-08-11,17.272417068481445,32.7470588684082,32.995365142822266,32.737125396728516,32.91590881347656,4389154
2014-08-12,17.59197998046875,33.35293197631836,33.392662048339844,32.826515197753906,32.826515197753906,6534993
2014-08-13,17.665321350097656,33.49198532104492,33.6211051940918,33.16421890258789,33.273475646972656,4404082
2014-08-14,17.78582191467285,33.72043228149414,33.76015853881836,33.5615119934082,33.75022888183594,6969377
2014-08-15,17.859161376953125,33.8594856262207,34.0630989074707,33.81975555419922,33.849552154541016,4193840
2014-08-18,17.942983627319336,34.018402099609375,34.02833557128906,33.57144546508789,33.95880889892578,3587615
2014-08-19,18.22064208984375,34.54481887817383,34.594478607177734,34.21704864501953,34.3263053894043,8603432
2014-08-20,18.273027420043945,34.644142150878906,34.90238571166992,34.425628662109375,34.654075622558594,5862962
2014-08-21,18.304460525512695,34.7037353515625,34.99177551269531,34.6739387512207,34.99177551269531,6014704
2014-08-22,18.27826690673828,34.654075622558594,34.95204544067383,34.56468200683594,34.942115783691406,3792905
2014-08-25,18.231117248535156,34.56468200683594,34.84278869628906,34.405765533447266,34.68387222290039,3653960
2014-08-26,18.28874397277832,34.6739387512207,34.76333236694336,34.554752349853516,34.69380569458008,4293720
2014-08-27,18.398761749267578,34.88251876831055,34.93218231201172,34.75339889526367,34.76333236694336,3502672
2014-08-28,18.341136932373047,34.77326202392578,34.927215576171875,34.68387222290039,34.793128967285156,3482099
2014-08-29,18.356843948364258,34.80305862426758,35.04143524169922,34.594478607177734,34.90238571166992,8724710
2014-09-01,18.409238815307617,34.90238571166992,35.01163864135742,34.798095703125,34.942115783691406,2388246
2014-09-02,18.42495346069336,34.93218231201172,34.961978912353516,34.75339889526367,34.86265563964844,3390811
2014-09-03,18.451148986816406,34.981842041015625,35.130828857421875,34.912315368652344,34.961978912353516,3328292
2014-09-04,18.299222946166992,34.69380569458008,34.9719123840332,34.56468200683594,34.912315368652344,3036840
2014-09-05,18.21016502380371,34.52495574951172,34.73353576660156,34.47529220581055,34.69380569458008,2978306
2014-09-08,18.115867614746094,34.34617233276367,34.51502227783203,34.19718551635742,34.46535873413086,3457302
2014-09-09,18.131582260131836,34.37596893310547,34.58454895019531,34.236915588378906,34.34617233276367,2773851
2014-09-10,18.21016502380371,34.52495574951172,34.54481887817383,34.17731857299805,34.19718551635742,5876499
2014-09-11,18.136817932128906,34.38589859008789,34.68387222290039,34.311405181884766,34.664005279541016,4590276
2014-09-12,17.942983627319336,34.018402099609375,34.405765533447266,33.8594856262207,34.405765533447266,4505950
2014-09-15,17.6915225982666,33.541648864746094,33.849552154541016,33.541648864746094,33.780025482177734,5798499
2014-09-16,17.55006980895996,33.273475646972656,33.611175537109375,33.19401550292969,33.57144546508789,6067177
2014-09-17,17.23574447631836,32.67753219604492,33.23374557495117,32.56330871582031,33.18408203125,10629311
2014-09-18,17.3143253326416,32.826515197753906,33.18408203125,32.45901870727539,32.87617874145508,8552959
2014-09-19,17.37718963623047,32.94570541381836,33.1542854309082,32.756988525390625,32.836448669433594,7183675
2014-09-22,16.973800659179688,32.180912017822266,32.96556854248047,32.05179214477539,32.925838470458984,7075275
2014-09-23,17.16763687133789,32.54840850830078,32.756988525390625,31.83327865600586,32.05179214477539,8806515
2014-09-24,17.01047134399414,32.25043869018555,32.3994255065918,31.962398529052734,32.349761962890625,5699347
2014-09-25,16.87425994873047,31.992197036743164,32.53847885131836,31.942535400390625,32.53847885131836,5836718
2014-09-26,16.70661735534668,31.674360275268555,31.73395538330078,31.39128875732422,31.73395538330078,13885723
2014-09-29,16.580888748168945,31.435983657836914,31.6644287109375,31.187673568725586,31.435983657836914,5674251
2014-09-30,16.837589263916016,31.922670364379883,31.922670364379883,31.29693031311035,31.376388549804688,6843368
2014-10-01,17.005231857299805,32.24050521850586,32.329898834228516,31.39625358581543,31.416118621826172,6742108
2014-10-02,16.916170120239258,32.0716552734375,32.37955856323242,31.95246696472168,32.021995544433594,4801053
2014-10-03,17.07333755493164,32.36962890625,32.3994255065918,32.0716552734375,32.09151840209961,4186690
2014-10-06,16.984277725219727,32.200775146484375,32.498748779296875,32.14118194580078,32.4788818359375,2434092
2014-10-07,16.984277725219727,32.200775146484375,32.33982849121094,31.46578025817871,32.329898834228516,7731388
2014-10-08,16.910932540893555,32.06172180175781,32.22064208984375,31.694225311279297,31.813413619995117,4768698
2014-10-09,17.22002410888672,32.647735595703125,32.886112213134766,32.270301818847656,32.280235290527344,6488861
2014-10-10,16.89521598815918,32.031925201416016,32.26533889770508,31.892873764038086,31.892873764038086,6703171
2014-10-13,16.711856842041016,31.684293746948242,31.897838592529297,31.58496856689453,31.694225311279297,4931967
2014-10-14,16.837589263916016,31.922670364379883,32.076622009277344,31.435983657836914,31.455848693847656,6542238
2014-10-15,17.005231857299805,32.24050521850586,32.270301818847656,31.78361701965332,31.78361701965332,5187176
2014-10-16,17.146677017211914,32.5086784362793,32.518611907958984,31.813413619995117,31.912738800048828,9370469
2014-10-17,17.340518951416016,32.87617874145508,33.1542854309082,32.71725845336914,32.76692199707031,7449880
2014-10-20,17.586742401123047,33.34299850463867,33.47212219238281,33.2138786315918,33.392662048339844,4670043
2014-10-21,17.50291633605957,33.18408203125,33.442325592041016,33.03509521484375,33.442325592041016,4723464
2014-10-22,17.67580223083496,33.5118522644043,33.6211051940918,33.33306884765625,33.551578521728516,4225499
2014-10-23,17.82248878479004,33.789955139160156,33.789955139160156,33.41252517700195,33.42245864868164,4243641
2014-10-24,17.922027587890625,33.97867202758789,34.12765884399414,33.8892822265625,34.07799530029297,4965720
2014-10-27,18.105384826660156,34.3263053894043,34.46535873413086,34.097862243652344,34.11772537231445,5423605
2014-10-28,18.27826690673828,34.654075622558594,34.7037353515625,34.316375732421875,34.36603546142578,6132769
2014-10-29,17.901071548461914,33.938941955566406,34.69380569458008,33.869415283203125,34.6739387512207,8424468
2014-10-30,18.052997589111328,34.22698211669922,34.30644226074219,33.90914535522461,33.90914535522461,5230701
2014-10-31,18.22064208984375,34.54481887817383,34.54481887817383,34.27664566040039,34.43556213378906,12147838
2014-11-03,18.100147247314453,34.316375732421875,34.7037353515625,34.187252044677734,34.63420867919922,4669491
2014-11-04,18.073951721191406,34.2667121887207,34.56468200683594,34.097862243652344,34.56468200683594,5745689
2014-11-05,18.121105194091797,34.356101989746094,34.356101989746094,33.87934875488281,34.12765884399414,5992587
2014-11-06,18.02680206298828,34.17731857299805,34.54481887817383,33.83961868286133,34.52495574951172,6913185
2014-11-07,18.252071380615234,34.60441207885742,34.60441207885742,34.2965087890625,34.356101989746094,9754745
2014-11-10,18.009931564331055,33.243675231933594,33.43239212036133,33.19401550292969,33.293338775634766,12616479
2014-11-11,18.09602928161621,33.40259552001953,33.541648864746094,33.223812103271484,33.5118522644043,6538218
2014-11-12,17.934600830078125,33.10462188720703,33.37279510498047,32.995365142822266,33.32313537597656,5339030
2014-11-13,17.735504150390625,32.737125396728516,32.975502014160156,32.6030387878418,32.93577194213867,6175822
2014-11-14,17.77317237854004,32.8066520690918,32.85631561279297,32.349761962890625,32.5086784362793,4692271
2014-11-17,17.606361389160156,32.498748779296875,32.71725845336914,32.40935516357422,32.65766525268555,3612523
2014-11-18,17.627887725830078,32.53847885131836,32.78678512573242,32.38949203491211,32.687461853027344,3727935
2014-11-19,17.644027709960938,32.568275451660156,32.647735595703125,32.35969543457031,32.498748779296875,3464580
2014-11-20,17.50412368774414,32.31003189086914,32.65766525268555,32.280235290527344,32.4788818359375,3765332
2014-11-21,17.35346031188965,32.031925201416016,32.38949203491211,31.90280532836914,32.33982849121094,4685801
2014-11-24,17.48798179626465,32.280235290527344,32.4788818359375,32.1014518737793,32.22064208984375,3776341
2014-11-25,17.541790008544922,32.37955856323242,32.37955856323242,31.922670364379883,31.962398529052734,4907784
2014-11-26,17.794696807861328,32.84638214111328,32.84638214111328,32.53847885131836,32.54840850830078,4301567
2014-11-27,17.88079071044922,33.00529861450195,33.054962158203125,32.71725845336914,32.77685546875,4117830
2014-11-28,17.5148868560791,32.329898834228516,32.985435485839844,32.280235290527344,32.985435485839844,7782753
2014-12-01,17.34808349609375,32.021995544433594,32.57820510864258,31.982263565063477,32.498748779296875,4581745
2014-12-02,17.611743927001953,32.5086784362793,32.55834197998047,31.80348014831543,32.0716552734375,5838204
2014-12-03,17.670930862426758,32.61793518066406,32.905975341796875,32.180912017822266,32.23057556152344,4348455
2014-12-04,17.972259521484375,33.17414855957031,33.273475646972656,32.79671859741211,32.94570541381836,6316626
2014-12-05,17.762407302856445,32.78678512573242,33.19401550292969,32.3994255065918,32.975502014160156,5104634
2014-12-08,17.945358276367188,33.124488830566406,33.462188720703125,33.124488830566406,33.223812103271484,5435018
2014-12-09,17.78931427001953,32.836448669433594,33.40259552001953,32.816585540771484,33.054962158203125,5625713
2014-12-10,17.498746871948242,32.30009841918945,32.5434455871582,32.21070861816406,32.46895217895508,5811979
2014-12-11,17.34808349609375,32.021995544433594,32.270301818847656,31.793548583984375,31.90280532836914,6675849
2014-12-12,17.24584197998047,31.83327865600586,32.09151840209961,31.704158782958984,31.773683547973633,4417440
2014-12-15,17.122081756591797,31.604833602905273,31.823345184326172,31.366456985473633,31.63463020324707,3714357
2014-12-16,16.987560272216797,31.356523513793945,31.6644287109375,31.306861877441406,31.386320114135742,5839935
2014-12-17,16.858415603637695,31.118146896362305,31.614765167236328,31.118146896362305,31.336660385131836,5601735
2014-12-18,16.992937088012695,31.366456985473633,31.724021911621094,31.187673568725586,31.187673568725586,9035291
2014-12-19,17.477222442626953,32.260372161865234,32.2752685546875,31.813413619995117,31.8829402923584,13981423
2014-12-22,17.757030487060547,32.77685546875,32.77685546875,32.36962890625,32.419288635253906,4971329
2014-12-23,17.62250518798828,32.52854537963867,32.7470588684082,32.498748779296875,32.60800552368164,3529131
2014-12-24,17.703222274780273,32.67753219604492,32.67753219604492,32.33982849121094,32.48881530761719,1646592
2014-12-29,17.939973831176758,33.11455535888672,33.17414855957031,32.771888732910156,32.87617874145508,3709532
2014-12-30,17.86464500427246,32.975502014160156,33.392662048339844,32.91590881347656,33.243675231933594,3040861
2014-12-31,17.843122482299805,32.93577194213867,32.95563888549805,32.76692199707031,32.826515197753906,1529392
2015-01-02,17.90231704711914,33.04502868652344,33.074825286865234,32.65766525268555,32.77685546875,2189238
2015-01-05,17.843122482299805,32.93577194213867,33.26354217529297,32.85631561279297,33.03509521484375,2859919
2015-01-06,17.687082290649414,32.647735595703125,32.76692199707031,32.37955856323242,32.588138580322266,4566147
2015-01-07,17.590219497680664,32.46895217895508,32.63780212402344,32.15608215332031,32.329898834228516,4945410
2015-01-08,17.65479278564453,32.588138580322266,32.70732879638672,32.40935516357422,32.647735595703125,3607002
2015-01-09,17.972259521484375,33.17414855957031,33.18408203125,32.76692199707031,32.77685546875,5432720
2015-01-12,17.939973831176758,33.11455535888672,33.25360870361328,32.985435485839844,33.06489562988281,3345818
2015-01-13,17.972259521484375,33.17414855957031,33.18408203125,32.737125396728516,32.87617874145508,3931471
2015-01-14,17.82697868347168,32.905975341796875,33.30327224731445,32.75202560424805,33.074825286865234,6436412
2015-01-15,17.644027709960938,32.568275451660156,32.77685546875,32.35969543457031,32.67753219604492,7313474
2015-01-16,17.627887725830078,32.53847885131836,32.70732879638672,32.200775146484375,32.31996536254883,4333016
2015-01-19,17.557933807373047,32.40935516357422,32.93577194213867,32.31996536254883,32.816585540771484,4057662
2015-01-20,17.69784164428711,32.667598724365234,32.737125396728516,32.31996536254883,32.4490852355957,4039855
2015-01-21,17.961505889892578,33.1542854309082,33.1542854309082,32.71725845336914,32.886112213134766,4652816
2015-01-22,18.21978759765625,33.631038665771484,33.631038665771484,33.35293197631836,33.36286544799805,7076746
2015-01-23,18.467308044433594,34.087928771972656,34.087928771972656,33.81975555419922,33.929012298583984,5201264
2015-01-27,18.596452713012695,34.3263053894043,34.356101989746094,34.07799530029297,34.11772537231445,4881419
2015-01-28,18.661026000976562,34.44549560546875,34.46535873413086,34.097862243652344,34.24684524536133,5148458
2015-01-29,18.639501571655273,34.405765533447266,34.505088806152344,34.10779571533203,34.19718551635742,5944556
2015-01-30,18.54264259338379,34.22698211669922,34.594478607177734,34.22698211669922,34.56468200683594,13056762
2015-02-02,18.75250244140625,34.61434555053711,34.664005279541016,34.17731857299805,34.356101989746094,5217630
2015-02-03,18.973115921020508,35.02157211303711,35.110965728759766,34.47529220581055,34.73353576660156,6576669
2015-02-04,19.495067596435547,35.985015869140625,35.99494552612305,35.42879867553711,35.50825881958008,9176334
2015-02-05,19.608068466186523,36.19359588623047,36.29291534423828,35.687042236328125,36.1141357421875,6826938
2015-02-06,19.887866973876953,36.71007537841797,36.71007537841797,36.312782287597656,36.61075210571289,7876960
2015-02-09,19.936302185058594,36.799468994140625,36.799468994140625,36.37237548828125,36.60082244873047,4599819
2015-02-10,19.80715560913086,36.561092376708984,36.71007537841797,36.20352554321289,36.71007537841797,3685969
2015-02-11,19.81791877746582,36.580955505371094,36.948455810546875,36.36244583129883,36.799468994140625,3632752
2015-02-12,19.742586135864258,36.44190216064453,36.74980545043945,36.28298568725586,36.74980545043945,5632944
2015-02-13,20.1945858001709,37.276222229003906,37.39541244506836,36.61075210571289,36.74980545043945,5818385
2015-02-16,20.259151458740234,37.39541244506836,37.46493911743164,36.75973892211914,37.2265625,2785866
2015-02-17,20.269920349121094,37.41527557373047,37.6337890625,37.09743881225586,37.1967658996582,3518059
2015-02-18,20.447486877441406,37.743045806884766,37.743045806884766,37.14710235595703,37.73311233520508,4613526
2015-02-19,20.420581817626953,37.693382263183594,38.02115249633789,37.48480224609375,37.991355895996094,3869189
2015-02-20,20.248395919799805,37.375545501708984,37.842369079589844,37.276222229003906,37.743045806884766,2770847
2015-02-23,20.29682731628418,37.46493911743164,37.68345260620117,37.23649215698242,37.286155700683594,2956472
2015-02-24,20.431346893310547,37.71324920654297,37.743045806884766,37.24642562866211,37.594058990478516,4590155
2015-02-25,20.382915496826172,37.62385559082031,37.88209915161133,37.49473571777344,37.743045806884766,3857052
2015-02-26,20.275300979614258,37.425209045410156,37.673519134521484,37.266292572021484,37.49473571777344,3206977
2015-02-27,20.447486877441406,37.743045806884766,37.80263900756836,37.037845611572266,37.524532318115234,10966579
2015-03-02,20.603532791137695,38.03108215332031,38.34891891479492,37.78277587890625,37.842369079589844,4573487
2015-03-03,20.587390899658203,38.001285552978516,38.706485748291016,37.86223220825195,38.25952911376953,4992055
2015-03-04,20.399063110351562,37.65365219116211,38.16020584106445,37.62385559082031,38.080745697021484,3575880
2015-03-05,20.35601043701172,37.574195861816406,37.71324920654297,37.266292572021484,37.64372253417969,5054101
2015-03-06,20.275300979614258,37.425209045410156,37.79270553588867,37.3060188293457,37.524532318115234,3071588
2015-03-09,20.103103637695312,37.10737228393555,37.34574890136719,36.99811553955078,37.10737228393555,3334511
2015-03-10,20.269920349121094,37.41527557373047,37.693382263183594,37.266292572021484,37.375545501708984,3706172
2015-03-11,20.17844009399414,37.24642562866211,37.41527557373047,36.888858795166016,36.948455810546875,2988490
2015-03-12,20.495920181274414,37.832435607910156,37.92182922363281,37.23649215698242,37.24642562866211,3849607
2015-03-13,20.339866638183594,37.544395446777344,37.981422424316406,37.38547897338867,37.88209915161133,2949937
2015-03-16,20.436725616455078,37.72317886352539,37.79270553588867,37.2563591003418,37.49473571777344,3551223
2015-03-17,20.738059997558594,38.27939224243164,38.42837905883789,38.09067916870117,38.14033889770508,3993796
2015-03-18,20.813386917114258,38.4184455871582,38.43831253051758,38.001285552978516,38.229732513427734,5257042
2015-03-19,21.367626190185547,39.44148254394531,39.451412200927734,38.73628234863281,38.785945892333984,9098714
2015-03-20,21.378385543823242,39.46134567260742,39.5308723449707,39.1534423828125,39.24283218383789,6146808
2015-03-23,21.28691291809082,39.29249572753906,39.61033248901367,39.16337585449219,39.46134567260742,2890140
2015-03-24,21.29228973388672,39.30242919921875,39.41665267944336,39.1534423828125,39.27263259887695,2538007
2015-03-25,21.464481353759766,39.62026596069336,39.62026596069336,39.30242919921875,39.352088928222656,4384913
2015-03-26,20.958681106567383,38.686622619628906,39.29249572753906,38.686622619628906,39.25276565551758,5888010
2015-03-27,21.09320068359375,38.93492889404297,39.1236457824707,38.72635269165039,38.73628234863281,12011584
2015-03-30,21.05552864074707,38.86540222167969,38.92499923706055,38.50783920288086,38.59722900390625,5193711
2015-03-31,21.190052032470703,39.113712310791016,39.47127914428711,39.05411911010742,39.1832389831543,4537943
2015-04-01,21.082435607910156,38.91506576538086,39.103782653808594,38.73628234863281,38.84553909301758,7011772
2015-04-02,21.227720260620117,39.1832389831543,39.262699127197266,38.90513229370117,38.98459243774414,2806689
2015-04-07,21.340721130371094,39.39181900024414,39.799049377441406,39.08391571044922,39.600399017333984,4707195
2015-04-08,21.39452362060547,39.49114227294922,39.69972229003906,39.17827224731445,39.5308723449707,3804376
2015-04-09,21.265384674072266,39.25276565551758,39.67489242553711,39.173309326171875,39.5308723449707,3324355
2015-04-10,21.45909881591797,39.61033248901367,39.61033248901367,39.213035583496094,39.411685943603516,2546769
2015-04-13,21.399911880493164,39.501075744628906,39.729522705078125,39.46134567260742,39.71958923339844,2495442
2015-04-14,21.28691291809082,39.29249572753906,39.669925689697266,39.282562255859375,39.431549072265625,4216180
2015-04-15,20.94253158569336,38.656822204589844,39.25276565551758,38.537635803222656,39.13357925415039,5536251
2015-04-16,21.13086700439453,39.00445556640625,39.113712310791016,38.81574249267578,39.07398223876953,3313549
2015-04-17,20.931772232055664,38.636959075927734,39.103782653808594,38.487972259521484,39.06405258178711,4423577
2015-04-20,20.872581481933594,38.52770233154297,38.62702560424805,38.09067916870117,38.239662170410156,4209650
2015-04-21,20.872581481933594,38.52770233154297,38.76607894897461,38.42837905883789,38.73628234863281,3437407
2015-04-22,20.603532791137695,38.03108215332031,38.557498931884766,37.78277587890625,38.468109130859375,4997249
2015-04-23,20.544340133666992,37.92182922363281,38.0708122253418,37.68345260620117,37.892032623291016,4322256
2015-04-24,20.67348861694336,38.16020584106445,38.239662170410156,37.90692901611328,38.20986557006836,8682427
2015-04-27,20.90486717224121,38.58729553222656,38.62702560424805,38.170135498046875,38.239662170410156,3919469
2015-04-28,20.657344818115234,38.130409240722656,38.51777267456055,38.130409240722656,38.43831253051758,5028942
2015-04-29,20.124629974365234,37.14710235595703,38.249595642089844,37.14710235595703,37.981422424316406,6181534
2015-04-30,19.618825912475586,36.21345901489258,36.47169876098633,35.970115661621094,36.263118743896484,9822927
2015-05-01,19.764110565185547,36.481632232666016,36.69021224975586,36.01481246948242,36.27305221557617,8296951
2015-05-04,19.156068801879883,35.359275817871094,35.468528747558594,34.7037353515625,34.76333236694336,12729481
2015-05-05,18.983877182006836,35.04143524169922,35.706905364990234,34.90238571166992,35.64731216430664,9392251
2015-05-06,18.28973960876465,33.76015853881836,34.723602294921875,33.76015853881836,34.69380569458008,9866095
2015-05-07,18.24131202697754,33.67076873779297,34.097862243652344,32.85631561279297,32.985435485839844,10188300
2015-05-08,18.3220272064209,33.81975555419922,34.30644226074219,33.81975555419922,34.11772537231445,6442855
2015-05-11,18.13369369506836,33.47212219238281,34.30644226074219,33.382728576660156,34.2667121887207,6648909
2015-05-12,18.327402114868164,33.82968521118164,34.097862243652344,33.43239212036133,33.67076873779297,7375573
2015-05-13,18.40485382080078,33.04502868652344,33.25360870361328,32.905975341796875,33.17414855957031,7280672
2015-05-14,18.27208709716797,32.8066520690918,33.04502868652344,32.419288635253906,33.01523208618164,8902394
2015-05-15,18.28314971923828,32.826515197753906,33.223812103271484,32.52357864379883,33.10462188720703,7812569
2015-05-18,17.82399559020996,32.00212860107422,32.667598724365234,32.00212860107422,32.45901870727539,7937478
2015-05-19,17.85718536376953,32.06172180175781,32.76692199707031,32.06172180175781,32.280235290527344,10642458
2015-05-20,17.84612464904785,32.0418586730957,32.5086784362793,31.704158782958984,31.8829402923584,9261211
2015-05-21,18.061872482299805,32.429222106933594,32.429222106933594,31.863075256347656,32.08158874511719,8112998
2015-05-22,18.012083053588867,32.33982849121094,32.53847885131836,32.30009841918945,32.4788818359375,5484878
2015-05-25,18.233360290527344,32.737125396728516,32.737125396728516,32.25043869018555,32.280235290527344,5372501
2015-05-26,18.615066528320312,33.42245864868164,33.442325592041016,32.816585540771484,32.93577194213867,7597290
2015-05-27,18.36612892150879,32.975502014160156,33.47212219238281,32.86624526977539,33.392662048339844,8937795
2015-05-28,18.32187271118164,32.89604187011719,33.13441848754883,32.667598724365234,33.124488830566406,7728207
2015-05-29,18.56528663635254,33.33306884765625,33.76015853881836,33.25360870361328,33.30327224731445,14942555
2015-06-01,18.32187271118164,32.89604187011719,33.20394515991211,32.647735595703125,33.1542854309082,6937075
2015-06-02,17.890378952026367,32.12131881713867,33.074825286865234,32.031925201416016,33.074825286865234,9504036
2015-06-03,17.635910034179688,31.6644287109375,32.021995544433594,31.6644287109375,32.021995544433594,9163343
2015-06-04,17.370378494262695,31.187673568725586,31.942535400390625,31.078418731689453,31.873008728027344,9625979
2015-06-05,17.25420570373535,30.979093551635742,31.366456985473633,30.79037857055664,31.03868865966797,9415780
2015-06-09,17.342716217041016,31.138011932373047,31.485645294189453,30.859905242919922,30.979093551635742,8157370
2015-06-10,17.348249435424805,31.1479434967041,31.306861877441406,30.830108642578125,31.237335205078125,6308838
2015-06-11,17.68569564819336,31.75381851196289,31.823345184326172,31.455848693847656,31.535306930541992,6194551
2015-06-12,17.51974105834961,31.455848693847656,31.80348014831543,31.267133712768555,31.78361701965332,6633461
2015-06-15,17.54739761352539,31.505510330200195,31.505510330200195,30.929431915283203,31.018823623657227,6015533
2015-06-16,17.868255615234375,32.08158874511719,32.29016876220703,31.51544189453125,31.535306930541992,8936295
2015-06-17,18.200170516967773,32.67753219604492,32.95563888549805,32.40935516357422,32.518611907958984,9695849
2015-06-18,17.967832565307617,32.260372161865234,32.67753219604492,32.0418586730957,32.67753219604492,11337433
2015-06-19,18.14484977722168,32.57820510864258,32.76692199707031,32.419288635253906,32.647735595703125,6283732
2015-06-22,18.32187271118164,32.89604187011719,32.925838470458984,32.45901870727539,32.57820510864258,4448360
2015-06-23,18.642728805541992,33.47212219238281,33.58137512207031,33.30327224731445,33.58137512207031,6434749
2015-06-24,18.62613296508789,33.442325592041016,33.71049880981445,33.37279510498047,33.551578521728516,5081946
2015-06-25,18.426984786987305,33.08475875854492,33.37279510498047,33.074825286865234,33.10462188720703,4604982
2015-06-26,18.26102066040039,32.78678512573242,32.93577194213867,32.4788818359375,32.78678512573242,10992514
2015-06-29,17.71335792541504,31.80348014831543,32.200775146484375,31.78361701965332,32.06172180175781,6314821
2015-06-30,17.785274505615234,31.932601928710938,32.06172180175781,31.525375366210938,31.58496856689453,6714147
2015-07-01,17.912511825561523,32.161048889160156,32.31003189086914,31.942535400390625,32.0418586730957,4737861
2015-07-02,18.26102066040039,32.78678512573242,32.86624526977539,32.0716552734375,32.08158874511719,6924485
2015-07-03,18.12272834777832,32.53847885131836,32.826515197753906,32.280235290527344,32.77685546875,5924012
2015-07-06,17.97336196899414,32.270301818847656,32.43915557861328,31.793548583984375,32.111385345458984,4217477
2015-07-07,18.675918579101562,33.531715393066406,33.55654525756836,32.647735595703125,32.67753219604492,11241124
2015-07-08,18.3439998626709,32.93577194213867,33.47212219238281,32.826515197753906,33.13441848754883,7184125
2015-07-09,18.189111709594727,32.65766525268555,32.816585540771484,32.111385345458984,32.498748779296875,6165177
2015-07-10,18.310810089111328,32.87617874145508,33.20394515991211,32.8066520690918,33.02516555786133,4777748
2015-07-13,18.233360290527344,32.737125396728516,33.25360870361328,32.54840850830078,32.72719192504883,5059217
2015-07-14,18.592941284179688,33.382728576660156,33.47212219238281,33.17414855957031,33.37279510498047,6231477
2015-07-15,18.80868911743164,33.77009201049805,33.77009201049805,33.42245864868164,33.47212219238281,5501144
2015-07-16,19.157203674316406,34.39583206176758,34.405765533447266,33.87934875488281,33.938941955566406,7111106
2015-07-17,19.12401008605957,34.336238861083984,34.664005279541016,34.13759231567383,34.664005279541016,6097412
2015-07-20,19.14060401916504,34.36603546142578,34.425628662109375,34.02833557128906,34.336238861083984,4569574
2015-07-21,19.30656623840332,34.664005279541016,34.80305862426758,34.425628662109375,34.62427520751953,5434357
2015-07-22,19.002304077148438,34.11772537231445,34.46535873413086,34.11275863647461,34.45542526245117,6172744
2015-07-23,18.952518463134766,34.02833557128906,34.36603546142578,33.81975555419922,34.36603546142578,4653900
2015-07-24,18.94145393371582,34.00846862792969,34.39583206176758,33.80982208251953,33.89921569824219,6022453
2015-07-27,19.00783920288086,34.12765884399414,34.12765884399414,33.82968521118164,33.90914535522461,3745312
2015-07-28,18.924854278564453,33.97867202758789,34.087928771972656,33.59130859375,33.87934875488281,6334199
2015-07-29,19.029966354370117,34.167388916015625,34.425628662109375,34.097862243652344,34.256778717041016,4593557
2015-07-30,19.218053817749023,34.505088806152344,34.56468200683594,34.13759231567383,34.256778717041016,4802443
2015-07-31,19.28443717956543,34.62427520751953,34.71366882324219,34.41569519042969,34.644142150878906,12986073
2015-08-03,19.278905868530273,34.61434555053711,34.69380569458008,34.39583206176758,34.60441207885742,3161099
2015-08-04,19.234647750854492,34.53488540649414,34.912315368652344,34.485225677490234,34.52495574951172,5405841
2015-08-05,19.079757690429688,34.256778717041016,34.36603546142578,33.948875427246094,34.316375732421875,4396517
2015-08-06,18.4988956451416,33.2138786315918,33.57144546508789,32.93577194213867,33.551578521728516,7333117
2015-08-07,17.895910263061523,32.131248474121094,32.76692199707031,32.131248474121094,32.280235290527344,7718197
2015-08-10,18.078466415405273,32.45901870727539,32.57820510864258,31.912738800048828,32.131248474121094,3829799
2015-08-11,17.72995376586914,31.83327865600586,32.52854537963867,31.73395538330078,32.4788818359375,6339433
2015-08-12,17.475481033325195,31.376388549804688,32.35472869873047,31.138011932373047,32.06172180175781,6761994
2015-08-13,17.591651916503906,31.58496856689453,31.962398529052734,31.485645294189453,31.654495239257812,4532329
2015-08-14,17.33165168762207,31.118146896362305,31.813413619995117,30.979093551635742,31.684293746948242,6918330
2015-08-17,17.66910171508789,31.724021911621094,31.863075256347656,31.207538604736328,31.316795349121094,7382963
2015-08-18,17.514204025268555,31.44591522216797,32.235538482666016,31.435983657836914,31.982263565063477,9133947
2015-08-19,18.095062255859375,32.48881530761719,32.518611907958984,31.892873764038086,31.972332000732422,9908652
2015-08-20,17.81293487548828,31.982263565063477,32.52854537963867,31.892873764038086,32.200775146484375,10493103
2015-08-21,17.353782653808594,31.15787696838379,31.644563674926758,30.700986862182617,31.535306930541992,12241379
2015-08-24,16.291643142700195,29.2508602142334,30.67615509033203,29.2508602142334,30.28382682800293,14400355
2015-08-25,17.093778610229492,30.691055297851562,30.84004020690918,29.00255012512207,29.00255012512207,12736301
2015-08-26,17.30399513244629,31.068485260009766,31.286998748779297,29.89646339416504,30.194435119628906,10457942
2015-08-27,17.503141403198242,31.426050186157227,31.8531436920166,31.39625358581543,31.525375366210938,7642968
2015-08-28,17.469951629638672,31.366456985473633,31.773683547973633,30.91950035095215,31.684293746948242,6566872
2015-08-31,17.20441246032715,30.88970184326172,31.1777400970459,30.552001953125,30.91950035095215,5671967
2015-09-01,16.70654296875,29.99578857421875,30.998958587646484,29.99578857421875,30.800310134887695,6051376
2015-09-02,16.828245162963867,30.21430015563965,30.33348846435547,29.47930335998535,29.79714012145996,7963158
2015-09-03,16.701005935668945,29.985855102539062,31.05855369567871,29.985855102539062,30.989025115966797,8766060
2015-09-04,16.562705993652344,29.737546920776367,30.144773483276367,29.255826950073242,29.89646339416504,9526985
2015-09-07,16.485260009765625,29.598493576049805,30.035518646240234,29.24092674255371,29.92626190185547,5423453
2015-09-08,16.883562088012695,30.313623428344727,30.313623428344727,29.82693862915039,29.87660026550293,6214270
2015-09-09,17.597185134887695,31.594900131225586,31.594900131225586,30.700986862182617,30.79037857055664,10027450
2015-09-10,17.01633071899414,30.552001953125,31.00889015197754,30.542068481445312,30.820175170898438,7148752
2015-09-11,16.872499465942383,30.293760299682617,30.730783462524414,29.956058502197266,30.303691864013672,6802232
2015-09-14,17.143566131591797,30.780445098876953,31.03868865966797,30.542068481445312,30.979093551635742,6164422
2015-09-15,16.70654296875,29.99578857421875,30.710920333862305,29.94612693786621,30.631460189819336,6591818
2015-09-16,17.187820434570312,30.859905242919922,30.879770278930664,30.015653610229492,30.174570083618164,8519886
2015-09-17,17.342716217041016,31.138011932373047,31.594900131225586,31.00889015197754,31.406185150146484,8761909
2015-09-18,17.563993453979492,31.535306930541992,31.535306930541992,30.691055297851562,31.068485260009766,8229166
2015-09-21,17.066120147705078,30.641393661499023,31.03868865966797,30.293760299682617,30.998958587646484,6071132
2015-09-22,17.20995330810547,30.899635314941406,31.128080368041992,30.681121826171875,30.859905242919922,4426643
2015-09-23,16.579303741455078,29.767343521118164,30.552001953125,29.747478485107422,30.40301513671875,8967972
2015-09-24,16.795047760009766,30.154705047607422,30.224233627319336,29.856735229492188,29.975923538208008,8254839
2015-09-25,16.568239212036133,29.747478485107422,30.442745208740234,29.648155212402344,30.393083572387695,8066605
2015-09-28,16.728668212890625,30.035518646240234,30.273895263671875,29.77727508544922,29.79714012145996,5019143
2015-09-29,16.098026275634766,28.903226852416992,29.60842514038086,28.903226852416992,29.528966903686523,8492171
2015-09-30,16.429943084716797,29.499168395996094,29.588560104370117,28.923091888427734,29.20119857788086,7939941
2015-10-01,16.811647415161133,30.18450355529785,30.313623428344727,29.538898468017578,29.787208557128906,7173752
2015-10-02,16.457605361938477,29.548831939697266,30.144773483276367,29.379980087280273,29.79714012145996,5587264
2015-10-05,16.65121841430664,29.89646339416504,30.095111846923828,29.787208557128906,30.095111846923828,4058305
2015-10-06,16.795047760009766,30.154705047607422,30.422880172729492,30.105043411254883,30.28382682800293,4897092
2015-10-07,16.883562088012695,30.313623428344727,30.383150100708008,29.757410049438477,30.35335350036621,4899237
2015-10-08,16.894628524780273,30.33348846435547,30.710920333862305,30.28382682800293,30.542068481445312,5163921
2015-10-09,17.0716495513916,30.651325225830078,30.7705135345459,30.313623428344727,30.691055297851562,5572272
2015-10-12,16.938886642456055,30.412948608398438,30.661258697509766,30.303691864013672,30.641393661499023,4638455
2015-10-13,16.83930778503418,30.23416519165039,30.552001953125,29.99578857421875,30.383150100708008,4431002
2015-10-14,16.83930778503418,30.23416519165039,30.23416519165039,30.23416519165039,30.23416519165039,0
2015-10-15,16.83930778503418,30.23416519165039,30.23416519165039,30.23416519165039,30.23416519165039,0
2015-10-16,16.83930778503418,30.23416519165039,30.23416519165039,30.23416519165039,30.23416519165039,0
2015-10-19,17.455215454101562,31.34000015258789,31.834999084472656,30.799999237060547,30.799999237060547,14751853
2015-10-20,17.182302474975586,30.850000381469727,31.329999923706055,30.799999237060547,31.299999237060547,7297178
2015-10-21,17.126609802246094,30.75,30.950000762939453,30.209999084472656,30.600000381469727,7449171
2015-10-22,17.28255844116211,31.030000686645508,31.040000915527344,30.610000610351562,30.68000030517578,4332663
2015-10-23,17.57774543762207,31.559999465942383,31.780000686645508,31.450000762939453,31.649999618530273,7725531
2015-10-26,17.73369789123535,31.84000015258789,31.920000076293945,31.709999084472656,31.8700008392334,5597684
2015-10-27,17.69470977783203,31.770000457763672,31.950000762939453,31.649999618530273,31.84000015258789,5448863
2015-10-28,17.783823013305664,31.93000030517578,32.095001220703125,31.520000457763672,31.649999618530273,7771382
2015-10-29,17.778255462646484,31.920000076293945,32.349998474121094,31.68000030517578,32.18000030517578,9362123
2015-10-30,17.477489471435547,31.3799991607666,31.559999465942383,31.149999618530273,31.469999313354492,13182732
2015-11-02,17.048635482788086,30.610000610351562,31.40999984741211,30.559999465942383,31.329999923706055,6132099
2015-11-03,17.432931900024414,31.299999237060547,31.3700008392334,30.65999984741211,30.799999237060547,6133018
2015-11-04,17.416229248046875,31.270000457763672,31.940000534057617,31.25,31.799999237060547,7331722
2015-11-05,17.32711410522461,31.110000610351562,31.5,30.670000076293945,31.270000457763672,7452406
2015-11-06,17.62787628173828,31.649999618530273,31.719999313354492,31.184999465942383,31.31999969482422,7015871
2015-11-09,17.4273681640625,31.290000915527344,31.739999771118164,31.09000015258789,31.5,6250079
2015-11-10,17.210147857666016,30.899999618530273,31.100000381469727,30.610000610351562,31.0,9662204
2015-11-11,17.31355094909668,30.139999389648438,30.440000534057617,29.950000762939453,29.950000762939453,7987706
2015-11-12,17.58353614807129,30.610000610351562,30.969999313354492,29.950000762939453,29.959999084472656,8802378
2015-11-13,17.531835556030273,30.520000457763672,30.809999465942383,30.010000228881836,30.049999237060547,7937102
2015-11-16,17.24462127685547,30.020000457763672,30.350000381469727,30.020000457763672,30.15999984741211,6076726
2015-11-17,17.57779312133789,30.600000381469727,30.600000381469727,29.989999771118164,30.049999237060547,9103715
2015-11-18,17.675445556640625,30.770000457763672,30.8799991607666,30.239999771118164,30.5,6713601
2015-11-19,18.1407413482666,31.579999923706055,31.579999923706055,30.860000610351562,31.049999237060547,7008894
2015-11-20,18.301584243774414,31.860000610351562,31.979999542236328,31.360000610351562,31.719999313354492,5816066
2015-11-23,18.318817138671875,31.889999389648438,31.989999771118164,31.6299991607666,31.940000534057617,5654587
2015-11-24,18.215415954589844,31.709999084472656,31.959999084472656,31.649999618530273,31.709999084472656,5107176
2015-11-25,18.20967674255371,31.700000762939453,31.90999984741211,31.469999313354492,31.850000381469727,5737156
2015-11-26,18.433704376220703,32.09000015258789,32.33000183105469,31.829999923706055,31.8799991607666,6570630
2015-11-27,18.45094108581543,32.119998931884766,32.439998626708984,31.899999618530273,32.439998626708984,7928086
2015-11-30,18.468170166015625,32.150001525878906,32.404998779296875,31.989999771118164,32.04999923706055,10137564
2015-12-01,18.835811614990234,32.790000915527344,32.880001068115234,32.22999954223633,32.380001068115234,9117015
2015-12-02,19.013887405395508,33.099998474121094,33.13999938964844,32.70000076293945,32.880001068115234,6675708
2015-12-03,18.904743194580078,32.90999984741211,33.04999923706055,32.70000076293945,32.7400016784668,4915993
2015-12-04,18.554338455200195,32.29999923706055,32.38999938964844,32.0,32.310001373291016,6357931
2015-12-07,18.68071174621582,32.52000045776367,32.810001373291016,32.45000076293945,32.810001373291016,4315658
2015-12-08,18.519874572753906,32.2400016784668,32.5099983215332,31.940000534057617,32.369998931884766,5214507
2015-12-09,18.410730361938477,32.04999923706055,32.380001068115234,31.940000534057617,32.0,4755868
2015-12-10,18.043087005615234,31.40999984741211,31.90999984741211,31.110000610351562,31.739999771118164,6945467
2015-12-11,18.077556610107422,31.469999313354492,31.719999313354492,31.030000686645508,31.299999237060547,4519252
2015-12-14,17.612260818481445,30.65999984741211,31.149999618530273,30.65999984741211,31.0,6330104
2015-12-15,17.57779312133789,30.600000381469727,31.06999969482422,30.600000381469727,30.809999465942383,5482008
2015-12-16,18.07180404663086,31.459999084472656,31.479999542236328,30.84000015258789,30.899999618530273,5657651
2015-12-17,18.485408782958984,32.18000030517578,32.36000061035156,31.93000030517578,32.0099983215332,10591346
2015-12-18,18.542848587036133,32.279998779296875,32.40999984741211,31.530000686645508,31.700000762939453,12457688
2015-12-21,18.525619506835938,32.25,32.310001373291016,31.920000076293945,32.150001525878906,4245018
2015-12-22,18.38200569152832,32.0,32.5,31.81999969482422,32.5,4002659
2015-12-23,18.41646957397461,32.060001373291016,32.33000183105469,31.959999084472656,32.189998626708984,5237990
2015-12-24,18.69219970703125,32.540000915527344,32.58000183105469,32.349998474121094,32.5,2454805
2015-12-28,18.69219970703125,32.540000915527344,32.540000915527344,32.540000915527344,32.540000915527344,0
2015-12-29,18.96792984008789,33.02000045776367,33.02000045776367,32.54999923706055,32.61000061035156,3303384
2015-12-30,19.335575103759766,33.65999984741211,33.7400016784668,33.2400016784668,33.29999923706055,5125768
2015-12-31,19.27812957763672,33.560001373291016,33.72999954223633,33.380001068115234,33.43000030517578,3138540
2016-01-04,18.956443786621094,33.0,33.459999084472656,32.83000183105469,33.400001525878906,5542986
2016-01-05,18.778364181518555,32.689998626708984,32.84000015258789,32.529998779296875,32.66999816894531,3775955
2016-01-06,18.50263786315918,32.209999084472656,32.66999816894531,32.029998779296875,32.650001525878906,4505275
2016-01-07,17.96841049194336,31.280000686645508,32.220001220703125,31.200000762939453,32.040000915527344,6406483
2016-01-08,17.807573318481445,31.0,31.65999984741211,30.639999389648438,30.65999984741211,6878195
2016-01-11,17.554813385009766,30.559999465942383,30.93000030517578,30.209999084472656,30.610000610351562,5506708
2016-01-12,17.704166412353516,30.81999969482422,31.239999771118164,30.56999969482422,30.760000228881836,5943780
2016-01-13,18.08904457092285,31.489999771118164,31.530000686645508,30.93000030517578,31.1299991607666,6205691
2016-01-14,17.89948272705078,31.15999984741211,31.15999984741211,30.600000381469727,30.75,4838349
2016-01-15,17.859268188476562,31.09000015258789,31.670000076293945,30.84000015258789,31.649999618530273,6510124
2016-01-18,17.675445556640625,30.770000457763672,30.84000015258789,30.510000228881836,30.799999237060547,4400464
2016-01-19,17.91097068786621,31.18000030517578,31.18000030517578,30.639999389648438,30.829999923706055,5324293
2016-01-20,17.267597198486328,30.059999465942383,31.329999923706055,29.989999771118164,31.190000534057617,7268802
2016-01-21,17.16994285583496,29.889999389648438,30.690000534057617,29.860000610351562,30.690000534057617,8915150
2016-01-22,17.192916870117188,29.93000030517578,30.0,29.65999984741211,29.969999313354492,6065769
2016-01-25,17.75586700439453,30.90999984741211,30.969999313354492,30.25,30.350000381469727,5227966
2016-01-27,17.42269515991211,30.329999923706055,30.989999771118164,30.21500015258789,30.770000457763672,6769085
2016-01-28,17.508861541748047,30.479999542236328,30.600000381469727,29.8700008392334,30.170000076293945,5806973
2016-01-29,17.721405029296875,30.850000381469727,30.850000381469727,30.1299991607666,30.469999313354492,7577048
2016-02-01,17.606515884399414,30.649999618530273,31.1200008392334,30.549999237060547,31.030000686645508,5736892
2016-02-02,17.405458450317383,30.299999237060547,30.84000015258789,30.1299991607666,30.719999313354492,6127295
2016-02-03,16.905702590942383,29.43000030517578,30.1299991607666,29.40999984741211,29.850000381469727,5796970
2016-02-04,17.508861541748047,30.479999542236328,30.610000610351562,29.540000915527344,29.649999618530273,6457765
2016-02-05,17.43418312072754,30.350000381469727,30.375,29.920000076293945,30.200000762939453,4504899
2016-02-08,17.382482528686523,30.260000228881836,30.309999465942383,29.860000610351562,30.020000457763672,3332964
2016-02-09,16.486364364624023,28.700000762939453,29.899999618530273,28.700000762939453,29.84000015258789,9042672
2016-02-10,16.388708114624023,28.530000686645508,29.0,27.690000534057617,28.950000762939453,8483600
2016-02-11,16.538061141967773,28.790000915527344,28.969999313354492,28.360000610351562,28.790000915527344,4093441
2016-02-12,16.118717193603516,28.059999465942383,28.729999542236328,27.979999542236328,28.350000381469727,5786719
2016-02-15,16.446149826049805,28.6299991607666,28.8700008392334,28.110000610351562,28.75,7096618
2016-02-16,16.641454696655273,28.969999313354492,28.969999313354492,28.1299991607666,28.899999618530273,7974927
2016-02-17,16.75634765625,29.170000076293945,29.489999771118164,28.6200008392334,29.040000915527344,5096098
2016-02-18,17.221641540527344,29.979999542236328,29.979999542236328,29.405000686645508,29.56999969482422,4871007
2016-02-19,17.106754302978516,29.780000686645508,29.9950008392334,29.565000534057617,29.799999237060547,3895409
2016-02-22,17.29057502746582,30.100000381469727,30.25,29.639999389648438,29.700000762939453,3842594
2016-02-23,17.032073974609375,29.649999618530273,30.530000686645508,29.540000915527344,30.15999984741211,4578500
2016-02-24,16.365732192993164,28.489999771118164,29.309999465942383,28.420000076293945,29.25,6636665
2016-02-25,16.446149826049805,28.6299991607666,28.780000686645508,27.829999923706055,28.5,9123084
2016-02-26,16.405941009521484,28.559999465942383,28.889999389648438,28.440000534057617,28.739999771118164,5424554
2016-02-29,16.515079498291016,28.75,29.190000534057617,28.65999984741211,28.739999771118164,7295687
2016-03-01,16.92867660522461,29.469999313354492,29.489999771118164,28.579999923706055,28.600000381469727,7918794
2016-03-02,17.629491806030273,30.690000534057617,30.920000076293945,29.989999771118164,30.06999969482422,9394400
2016-03-03,17.9396915435791,31.229999542236328,31.25,30.40999984741211,30.899999618530273,7897316
2016-03-04,18.215415954589844,31.709999084472656,31.80500030517578,31.31999969482422,31.3799991607666,6387668
2016-03-07,18.45094108581543,32.119998931884766,32.31999969482422,31.850000381469727,31.979999542236328,6042803
2016-03-08,18.27286148071289,31.809999465942383,32.45000076293945,31.649999618530273,32.099998474121094,8329286
2016-03-09,18.68645477294922,32.529998779296875,32.529998779296875,31.780000686645508,31.899999618530273,6408916
2016-03-10,18.68071174621582,32.52000045776367,32.79999923706055,32.36000061035156,32.540000915527344,4278125
2016-03-11,18.80708885192871,32.7400016784668,32.970001220703125,32.34000015258789,32.41999816894531,4652018
2016-03-14,18.88751220703125,32.880001068115234,33.400001525878906,32.7400016784668,33.040000915527344,8116908
2016-03-15,18.554338455200195,32.29999923706055,33.11000061035156,32.22999954223633,32.689998626708984,5125495
2016-03-16,18.66348648071289,32.4900016784668,32.619998931884766,32.08000183105469,32.18000030517578,4471932
2016-03-17,18.778364181518555,32.689998626708984,32.97999954223633,32.5099983215332,32.900001525878906,8010391
2016-03-18,18.77262306213379,32.68000030517578,33.09000015258789,32.56999969482422,32.900001525878906,7578677
2016-03-21,18.68071174621582,32.52000045776367,32.83000183105469,32.38999938964844,32.790000915527344,3421511
2016-03-22,18.629013061523438,32.43000030517578,32.650001525878906,32.34000015258789,32.5,6207921
2016-03-23,18.571571350097656,32.33000183105469,32.40999984741211,32.06999969482422,32.400001525878906,4769024
2016-03-24,17.721405029296875,30.850000381469727,32.060001373291016,30.809999465942383,32.0099983215332,16328340
2016-03-29,17.192916870117188,29.93000030517578,31.0,29.780000686645508,30.950000762939453,8412023
2016-03-30,17.16994285583496,29.889999389648438,30.65999984741211,29.639999389648438,30.40999984741211,6380176
2016-03-31,17.43418312072754,30.350000381469727,30.469999313354492,30.059999465942383,30.110000610351562,6954809
2016-04-01,17.032073974609375,29.649999618530273,30.1299991607666,29.469999313354492,29.850000381469727,8385987
2016-04-04,17.066545486450195,29.709999084472656,30.209999084472656,29.459999084472656,29.5,3774286
2016-04-05,16.733367919921875,29.1299991607666,29.670000076293945,28.940000534057617,29.610000610351562,5962352
2016-04-06,16.474870681762695,28.68000030517578,29.270000457763672,28.459999084472656,29.020000457763672,6210544
2016-04-07,16.578271865844727,28.860000610351562,29.219999313354492,28.760000228881836,28.889999389648438,5729715
2016-04-08,16.38296127319336,28.520000457763672,28.739999771118164,28.209999084472656,28.5,5067513
2016-04-11,16.325523376464844,28.420000076293945,28.65999984741211,28.155000686645508,28.5,4604855
2016-04-12,16.733367919921875,29.1299991607666,29.1299991607666,28.399999618530273,28.420000076293945,5077984
2016-04-13,17.19866180419922,29.940000534057617,29.940000534057617,29.229999542236328,29.5,6527156
2016-04-14,17.652467727661133,30.729999542236328,30.75,30.1299991607666,30.309999465942383,6189005
2016-04-15,17.750123977661133,30.899999618530273,31.0,30.209999084472656,30.799999237060547,5603731
2016-04-18,17.485883712768555,30.440000534057617,30.829999923706055,30.239999771118164,30.420000076293945,4334229
2016-04-19,17.549070358276367,30.549999237060547,30.979999542236328,30.540000915527344,30.90999984741211,8244006
2016-04-20,17.669702529907227,30.760000228881836,30.940000534057617,30.149999618530273,30.90999984741211,5550313
2016-04-21,17.893733978271484,31.149999618530273,31.350000381469727,30.8700008392334,31.170000076293945,5715727
2016-04-22,17.99138832092285,31.31999969482422,31.489999771118164,30.979999542236328,31.049999237060547,5927333
2016-04-26,18.1407413482666,31.579999923706055,31.790000915527344,31.40999984741211,31.549999237060547,6246496
2016-04-27,17.773101806640625,30.940000534057617,32.0,30.780000686645508,31.84000015258789,7864713
2016-04-28,17.61800193786621,30.670000076293945,31.06999969482422,30.530000686645508,30.950000762939453,7204225
2016-04-29,17.836288452148438,31.049999237060547,31.18000030517578,30.65999984741211,30.709999084472656,6839055
2016-05-02,17.204408645629883,29.950000762939453,29.950000762939453,29.290000915527344,29.829999923706055,10845459
2016-05-03,17.606515884399414,30.649999618530273,30.700000762939453,29.420000076293945,29.600000381469727,10210711
2016-05-04,17.405458450317383,30.299999237060547,30.559999465942383,30.049999237060547,30.149999618530273,6942369
2016-05-05,17.51460075378418,30.489999771118164,30.6299991607666,30.079999923706055,30.100000381469727,7481825
2016-05-06,17.692678451538086,30.799999237060547,30.829999923706055,30.010000228881836,30.1200008392334,7683079
2016-05-09,17.870758056640625,31.110000610351562,31.290000915527344,30.579999923706055,30.799999237060547,6029057
2016-05-10,17.979900360107422,31.299999237060547,31.579999923706055,31.079999923706055,31.200000762939453,11846667
2016-05-11,17.98564338684082,31.309999465942383,31.780000686645508,31.30500030517578,31.75,10553075
2016-05-12,17.879045486450195,30.190000534057617,30.25,30.040000915527344,30.100000381469727,9311014
2016-05-13,17.64215660095215,29.790000915527344,30.309999465942383,29.610000610351562,30.139999389648438,7110718
2016-05-16,17.790212631225586,30.040000915527344,30.18000030517578,29.559999465942383,29.700000762939453,5644308
2016-05-17,17.884965896606445,30.200000762939453,30.299999237060547,29.969999313354492,30.139999389648438,4744180
2016-05-18,17.760601043701172,29.989999771118164,30.389999389648438,29.68000030517578,29.860000610351562,8643408
2016-05-19,17.84943389892578,30.139999389648438,30.40999984741211,29.959999084472656,30.3799991607666,6485038
2016-05-20,17.932340621948242,30.280000686645508,30.329999923706055,29.979999542236328,30.149999618530273,3736231
2016-05-23,17.707305908203125,29.899999618530273,30.350000381469727,29.75,30.299999237060547,4975839
2016-05-24,17.6362361907959,29.780000686645508,30.06999969482422,29.780000686645508,29.93000030517578,4364896
2016-05-25,18.027099609375,30.440000534057617,30.729999542236328,30.329999923706055,30.34000015258789,7593037
2016-05-26,18.21068572998047,30.75,30.790000915527344,30.440000534057617,30.690000534057617,5308697
2016-05-27,18.346893310546875,30.979999542236328,31.190000534057617,30.829999923706055,31.0,7244914
2016-05-30,18.287675857543945,30.8799991607666,31.149999618530273,30.780000686645508,31.149999618530273,3899307
2016-05-31,18.181076049804688,30.700000762939453,30.969999313354492,30.65999984741211,30.719999313354492,6105483
2016-06-01,17.985641479492188,30.3700008392334,30.575000762939453,30.059999465942383,30.3799991607666,4998050
2016-06-02,17.719144821166992,29.920000076293945,30.440000534057617,29.799999237060547,30.40999984741211,3957790
2016-06-03,17.742828369140625,29.959999084472656,30.309999465942383,29.760000228881836,30.290000915527344,4601473
2016-06-06,17.920499801635742,30.260000228881836,30.540000915527344,29.940000534057617,30.0,4334691
2016-06-07,18.068552017211914,30.510000228881836,30.739999771118164,30.329999923706055,30.5,6446670
2016-06-08,18.12185287475586,30.600000381469727,30.670000076293945,30.1200008392334,30.200000762939453,6200687
2016-06-09,17.961956024169922,30.329999923706055,30.59000015258789,30.079999923706055,30.59000015258789,3391588
2016-06-10,17.736915588378906,29.950000762939453,30.06999969482422,29.719999313354492,30.040000915527344,5112273
2016-06-14,17.310514450073242,29.229999542236328,29.649999618530273,29.1200008392334,29.469999313354492,5713530
2016-06-15,16.907806396484375,28.549999237060547,29.219999313354492,28.549999237060547,29.100000381469727,6823764
2016-06-16,16.8189754486084,28.399999618530273,29.010000228881836,28.280000686645508,28.899999618530273,8390268
2016-06-17,16.9788761138916,28.670000076293945,28.78499984741211,28.440000534057617,28.68000030517578,5468742
2016-06-20,17.452648162841797,29.469999313354492,29.469999313354492,29.049999237060547,29.06999969482422,3796438
2016-06-21,17.57701301574707,29.68000030517578,29.90999984741211,29.565000534057617,29.709999084472656,5525507
2016-06-22,17.571094512939453,29.670000076293945,29.93000030517578,29.520000457763672,29.600000381469727,3653475
2016-06-23,17.559246063232422,29.649999618530273,29.850000381469727,29.43000030517578,29.729999542236328,4058628
2016-06-24,16.7834415435791,28.34000015258789,29.979999542236328,28.010000228881836,29.950000762939453,14539265
2016-06-27,16.807130813598633,28.3799991607666,28.540000915527344,27.56999969482422,28.209999084472656,6079423
2016-06-28,16.89004135131836,28.520000457763672,28.6200008392334,27.920000076293945,28.010000228881836,6906728
2016-06-29,17.055862426757812,28.799999237060547,29.1299991607666,28.65999984741211,29.06999969482422,6137809
2016-06-30,17.41119384765625,29.399999618530273,29.489999771118164,28.899999618530273,29.020000457763672,8809238
2016-07-01,17.340124130249023,29.280000686645508,29.649999618530273,29.18000030517578,29.40999984741211,5058397
2016-07-04,17.16246223449707,28.979999542236328,29.079999923706055,28.809999465942383,28.969999313354492,5899661
2016-07-05,16.901884078979492,28.540000915527344,28.899999618530273,28.43000030517578,28.84000015258789,6267488
2016-07-06,16.700531005859375,28.200000762939453,28.299999237060547,27.829999923706055,28.229999542236328,6079459
2016-07-07,16.7834415435791,28.34000015258789,28.610000610351562,28.06999969482422,28.350000381469727,4644097
2016-07-08,16.741989135742188,28.270000457763672,28.420000076293945,28.079999923706055,28.399999618530273,5073037
2016-07-11,17.286828994750977,29.190000534057617,29.219999313354492,28.739999771118164,28.81999969482422,6026938
2016-07-12,17.39934730529785,29.3799991607666,29.78499984741211,29.290000915527344,29.440000534057617,5490537
2016-07-13,17.482261657714844,29.520000457763672,29.780000686645508,29.299999237060547,29.600000381469727,4993892
2016-07-14,17.6480770111084,29.799999237060547,29.84000015258789,29.559999465942383,29.75,4038672
2016-07-15,17.8316707611084,30.110000610351562,30.360000610351562,29.899999618530273,29.920000076293945,6137056
2016-07-18,17.944183349609375,30.299999237060547,30.344999313354492,30.059999465942383,30.239999771118164,3546974
2016-07-19,17.778369903564453,30.020000457763672,30.3700008392334,29.760000228881836,30.3700008392334,4916518
2016-07-20,17.991565704345703,30.3799991607666,30.3799991607666,30.09000015258789,30.299999237060547,4687537
2016-07-21,18.12185287475586,30.600000381469727,30.84000015258789,30.5,30.790000915527344,5865058
2016-07-22,18.074474334716797,30.520000457763672,30.68000030517578,30.325000762939453,30.549999237060547,3383828
2016-07-25,18.187000274658203,30.709999084472656,30.8799991607666,30.549999237060547,30.75,3406674
2016-07-26,18.281753540039062,30.8700008392334,30.8799991607666,30.479999542236328,30.790000915527344,4690048
2016-07-27,18.311365127563477,30.920000076293945,31.0,30.639999389648438,30.950000762939453,4511601
2016-07-28,18.246219635009766,30.809999465942383,31.010000228881836,30.760000228881836,30.979999542236328,4505854
2016-07-29,18.41204261779785,31.09000015258789,31.1200008392334,30.770000457763672,30.889999389648438,8771673
2016-08-01,18.4179630279541,31.100000381469727,31.290000915527344,30.94499969482422,31.170000076293945,3603418
2016-08-02,18.25806427001953,30.829999923706055,31.079999923706055,30.7549991607666,31.0,5620057
2016-08-03,17.80205726623535,30.059999465942383,30.479999542236328,30.049999237060547,30.479999542236328,4644490
2016-08-04,17.8316707611084,30.110000610351562,30.360000610351562,30.049999237060547,30.309999465942383,5556724
2016-08-05,17.879045486450195,30.190000534057617,30.31999969482422,29.9950008392334,30.200000762939453,3852731
2016-08-08,18.027099609375,30.440000534057617,30.75,30.395000457763672,30.5,3278631
2016-08-09,18.35281753540039,30.989999771118164,31.030000686645508,30.530000686645508,30.549999237060547,5364126
2016-08-10,18.246219635009766,30.809999465942383,31.209999084472656,30.600000381469727,30.90999984741211,5083816
2016-08-11,17.778369903564453,30.020000457763672,30.56999969482422,29.719999313354492,30.40999984741211,6182713
2016-08-12,17.541484832763672,29.6200008392334,30.190000534057617,29.329999923706055,30.18000030517578,9587334
2016-08-15,17.624391555786133,29.760000228881836,29.8700008392334,29.469999313354492,29.540000915527344,4540454
2016-08-16,17.59478187561035,29.709999084472656,30.06999969482422,29.709999084472656,30.0,4625827
2016-08-17,17.861282348632812,30.15999984741211,30.219999313354492,29.739999771118164,30.09000015258789,5902165
2016-08-18,17.760601043701172,29.989999771118164,30.450000762939453,29.799999237060547,30.43000030517578,6413301
2016-08-19,17.778369903564453,30.020000457763672,30.1299991607666,29.670000076293945,29.93000030517578,2223943
2016-08-22,17.74875831604004,29.969999313354492,30.170000076293945,29.90999984741211,30.0,3411374
2016-08-23,18.009334564208984,30.40999984741211,30.649999618530273,30.139999389648438,30.200000762939453,5096274
2016-08-24,18.21068572998047,30.75,30.899999618530273,30.489999771118164,30.549999237060547,3737365
2016-08-25,17.979721069335938,30.360000610351562,30.649999618530273,30.280000686645508,30.649999618530273,4622305
2016-08-26,17.825746536254883,30.100000381469727,30.350000381469727,30.100000381469727,30.100000381469727,3712608
2016-08-29,17.66584587097168,29.829999923706055,30.06999969482422,29.690000534057617,30.040000915527344,5094547
2016-08-30,17.559246063232422,29.649999618530273,30.030000686645508,29.649999618530273,30.030000686645508,5107495
2016-08-31,17.44672393798828,29.459999084472656,29.610000610351562,29.200000762939453,29.540000915527344,8366014
2016-09-01,17.470415115356445,29.5,29.709999084472656,29.334999084472656,29.5,5401549
2016-09-02,17.27498435974121,29.170000076293945,29.3799991607666,29.010000228881836,29.3799991607666,5481343
2016-09-05,17.571094512939453,29.670000076293945,29.81999969482422,29.3700008392334,29.450000762939453,3804169
2016-09-06,17.523714065551758,29.59000015258789,29.729999542236328,29.510000228881836,29.520000457763672,3381574
2016-09-07,17.8079776763916,30.06999969482422,30.149999618530273,29.530000686645508,29.729999542236328,7628288
2016-09-08,17.784290313720703,30.030000686645508,30.079999923706055,29.719999313354492,29.979999542236328,6365231
2016-09-09,17.494102478027344,29.540000915527344,29.860000610351562,29.489999771118164,29.850000381469727,5988214
2016-09-12,17.19207000732422,29.030000686645508,29.329999923706055,28.979999542236328,29.110000610351562,6552919
2016-09-13,16.996644973754883,28.700000762939453,29.34000015258789,28.649999618530273,29.260000228881836,6957468
2016-09-14,17.245370864868164,29.1200008392334,29.280000686645508,28.559999465942383,28.649999618530273,8101453
2016-09-15,17.35196876525879,29.299999237060547,29.364999771118164,28.989999771118164,28.989999771118164,7867083
2016-09-16,17.523714065551758,29.59000015258789,29.780000686645508,29.299999237060547,29.399999618530273,8415731
2016-09-19,17.511869430541992,29.56999969482422,29.56999969482422,29.1200008392334,29.350000381469727,1010398
2016-09-20,17.612548828125,29.739999771118164,29.739999771118164,29.235000610351562,29.559999465942383,4950151
2016-09-21,17.730989456176758,29.940000534057617,29.969999313354492,29.6299991607666,29.739999771118164,8374429
2016-09-22,17.730989456176758,29.940000534057617,30.190000534057617,29.920000076293945,29.969999313354492,3882290
2016-09-23,17.956035614013672,30.31999969482422,30.389999389648438,30.049999237060547,30.15999984741211,6750865
2016-09-26,17.973796844482422,30.350000381469727,30.489999771118164,30.200000762939453,30.219999313354492,2428777
2016-09-27,17.742828369140625,29.959999084472656,30.059999465942383,29.739999771118164,29.969999313354492,7596026
2016-09-28,17.719144821166992,29.920000076293945,30.18000030517578,29.790000915527344,30.100000381469727,4248598
2016-09-29,17.719144821166992,29.920000076293945,30.260000228881836,29.850000381469727,30.260000228881836,6969977
2016-09-30,17.476337432861328,29.510000228881836,29.719999313354492,29.510000228881836,29.600000381469727,10184597
2016-10-03,17.784290313720703,30.030000686645508,30.190000534057617,29.729999542236328,29.780000686645508,3644274
2016-10-04,17.766521453857422,30.0,30.079999923706055,29.770000457763672,30.059999465942383,4503910
2016-10-05,17.884965896606445,30.200000762939453,30.325000762939453,30.0,30.020000457763672,4951186
2016-10-06,17.997486114501953,30.389999389648438,30.420000076293945,30.200000762939453,30.309999465942383,3381645
2016-10-07,18.10408592224121,30.56999969482422,30.639999389648438,30.34000015258789,30.489999771118164,6074931
2016-10-10,18.222530364990234,30.770000457763672,30.889999389648438,30.735000610351562,30.75,3443553
2016-10-11,18.157390594482422,30.65999984741211,30.940000534057617,30.510000228881836,30.8799991607666,5475865
2016-10-12,18.25806427001953,30.829999923706055,30.829999923706055,30.5,30.5,3928713
2016-10-13,17.991565704345703,30.3799991607666,30.684999465942383,30.229999542236328,30.65999984741211,4753038
2016-10-14,17.908655166625977,30.239999771118164,30.43000030517578,30.190000534057617,30.3700008392334,3090984
2016-10-17,17.902732849121094,30.229999542236328,30.6299991607666,30.209999084472656,30.290000915527344,3825523
2016-10-18,17.985641479492188,30.3700008392334,30.469999313354492,30.06999969482422,30.299999237060547,3720190
2016-10-19,17.973796844482422,30.350000381469727,30.5,30.260000228881836,30.360000610351562,3278710
2016-10-20,17.861282348632812,30.15999984741211,30.450000762939453,30.100000381469727,30.40999984741211,3789586
2016-10-21,18.02117156982422,30.43000030517578,30.565000534057617,30.260000228881836,30.479999542236328,3867155
2016-10-24,18.10408592224121,30.56999969482422,30.59000015258789,30.170000076293945,30.450000762939453,4729870
2016-10-25,18.299518585205078,30.899999618530273,30.979999542236328,30.700000762939453,30.75,6893953
2016-10-26,18.12185287475586,30.600000381469727,30.790000915527344,30.40999984741211,30.719999313354492,7042874
2016-10-27,18.00341033935547,30.399999618530273,30.760000228881836,30.325000762939453,30.700000762939453,6753559
2016-10-28,17.908655166625977,30.239999771118164,30.459999084472656,30.020000457763672,30.459999084472656,7766808
2016-10-31,18.044862747192383,30.469999313354492,30.6200008392334,30.100000381469727,30.200000762939453,5086239
2016-11-01,18.044862747192383,30.469999313354492,30.5,30.25,30.299999237060547,4618260
2016-11-02,17.784290313720703,30.030000686645508,30.280000686645508,29.860000610351562,30.149999618530273,5198599
2016-11-03,17.689533233642578,29.8700008392334,30.149999618530273,29.774999618530273,29.8799991607666,3383750
2016-11-04,17.59478187561035,29.709999084472656,29.889999389648438,29.56999969482422,29.6299991607666,4677231
2016-11-07,18.062631607055664,30.5,30.674999237060547,30.0,30.1299991607666,7502338
2016-11-08,17.914579391479492,30.25,30.75,29.940000534057617,30.729999542236328,6862689
2016-11-09,17.56516456604004,29.65999984741211,30.795000076293945,28.920000076293945,30.40999984741211,12856519
2016-11-10,18.335050582885742,30.959999084472656,30.959999084472656,30.520000457763672,30.549999237060547,11127122
2016-11-11,18.897663116455078,31.90999984741211,31.96500015258789,30.969999313354492,31.0,16380644
2016-11-14,18.854944229125977,30.899999618530273,30.959999084472656,30.635000228881836,30.84000015258789,13428514
2016-11-15,18.89155387878418,30.959999084472656,30.979999542236328,30.450000762939453,30.799999237060547,9035238
2016-11-16,18.903759002685547,30.979999542236328,31.225000381469727,30.889999389648438,31.100000381469727,4376163
2016-11-17,18.812232971191406,30.829999923706055,30.864999771118164,30.610000610351562,30.75,6776472
2016-11-18,18.873252868652344,30.93000030517578,31.040000915527344,30.729999542236328,30.959999084472656,6199795
2016-11-21,18.97088050842285,31.09000015258789,31.260000228881836,30.850000381469727,31.0,5398608
2016-11-22,18.976985931396484,31.100000381469727,31.31999969482422,31.100000381469727,31.299999237060547,4965615
2016-11-23,19.1905517578125,31.450000762939453,31.649999618530273,31.209999084472656,31.25,5678583
2016-11-24,19.28818130493164,31.610000610351562,31.780000686645508,31.5,31.690000534057617,6668552
2016-11-25,19.23936653137207,31.530000686645508,31.68000030517578,31.309999465942383,31.649999618530273,5629239
2016-11-28,19.019697189331055,31.170000076293945,31.600000381469727,31.170000076293945,31.600000381469727,3152894
2016-11-29,19.03800392150879,31.200000762939453,31.549999237060547,31.059999465942383,31.059999465942383,4984255
2016-11-30,19.08071517944336,31.270000457763672,31.3700008392334,31.1200008392334,31.350000381469727,7345637
2016-12-01,19.31258773803711,31.649999618530273,31.799999237060547,31.43000030517578,31.65999984741211,7448579
2016-12-02,19.123430252075195,31.34000015258789,31.600000381469727,31.270000457763672,31.520000457763672,5880823
2016-12-05,18.897663116455078,30.969999313354492,31.299999237060547,30.81999969482422,31.200000762939453,4962308
2016-12-06,18.922067642211914,31.010000228881836,31.3700008392334,31.010000228881836,31.229999542236328,6252933
2016-12-07,19.20885467529297,31.479999542236328,31.530000686645508,31.229999542236328,31.3700008392334,5943231
2016-12-08,19.605478286743164,32.130001068115234,32.18000030517578,31.799999237060547,31.81999969482422,7934234
2016-12-09,19.697010040283203,32.279998779296875,32.34000015258789,32.099998474121094,32.119998931884766,4972334
2016-12-12,19.709213256835938,32.29999923706055,32.47999954223633,32.119998931884766,32.29999923706055,4281447
2016-12-13,19.477340698242188,31.920000076293945,32.125,31.84000015258789,32.02000045776367,5321687
2016-12-14,19.739723205566406,32.349998474121094,32.435001373291016,31.979999542236328,32.060001373291016,6589182
2016-12-15,19.68480682373047,32.2599983215332,32.435001373291016,32.0099983215332,32.290000915527344,6711561
2016-12-16,19.64208984375,32.189998626708984,32.310001373291016,31.920000076293945,32.209999084472656,6736541
2016-12-19,19.727523803710938,32.33000183105469,32.47999954223633,32.13999938964844,32.20000076293945,4618308
2016-12-20,19.82515525817871,32.4900016784668,32.75,32.279998779296875,32.29999923706055,4636980
2016-12-21,19.819046020507812,32.47999954223633,32.709999084472656,32.459999084472656,32.599998474121094,3447166
2016-12-22,19.94108772277832,32.68000030517578,32.75,32.369998931884766,32.47999954223633,4237621
2016-12-23,19.91667938232422,32.63999938964844,32.880001068115234,32.529998779296875,32.720001220703125,6441755
2016-12-28,20.057022094726562,32.869998931884766,33.0,32.720001220703125,32.810001373291016,3897658
2016-12-29,20.124143600463867,32.97999954223633,32.97999954223633,32.58000183105469,32.81999969482422,2605483
2016-12-30,19.892271041870117,32.599998474121094,32.79999923706055,32.560001373291016,32.779998779296875,2731100
2017-01-03,20.1058406829834,32.95000076293945,32.97999954223633,32.709999084472656,32.709999084472656,3594933
2017-01-04,20.246183395385742,33.18000030517578,33.220001220703125,32.959999084472656,32.9900016784668,4166349
2017-01-05,20.349912643432617,33.349998474121094,33.400001525878906,33.27000045776367,33.38999938964844,3418764
2017-01-06,20.423141479492188,33.470001220703125,33.54499816894531,33.209999084472656,33.34000015258789,4459385
2017-01-09,20.728239059448242,33.970001220703125,34.08000183105469,33.540000915527344,33.56999969482422,5861243
2017-01-10,20.5634822845459,33.70000076293945,33.81999969482422,33.459999084472656,33.81999969482422,5086451
2017-01-11,20.417037963867188,33.459999084472656,33.65999984741211,33.290000915527344,33.560001373291016,4259240
2017-01-12,20.398731231689453,33.43000030517578,33.66999816894531,33.279998779296875,33.45000076293945,5170435
2017-01-13,20.075328826904297,32.900001525878906,33.43000030517578,32.689998626708984,33.43000030517578,4295561
2017-01-16,20.172958374023438,33.060001373291016,33.20000076293945,33.0,33.130001068115234,2986674
2017-01-17,19.996007919311523,32.77000045776367,32.84000015258789,32.619998931884766,32.75,6146133
2017-01-18,19.788541793823242,32.43000030517578,32.43000030517578,32.150001525878906,32.38999938964844,6356103
2017-01-19,19.727523803710938,32.33000183105469,32.70000076293945,32.150001525878906,32.70000076293945,4247872
2017-01-20,19.43462562561035,31.850000381469727,32.09000015258789,31.68000030517578,32.0,6274190
2017-01-23,19.39191436767578,31.780000686645508,32.2599983215332,31.68000030517578,32.150001525878906,4817999
2017-01-24,19.31258773803711,31.649999618530273,31.940000534057617,31.600000381469727,31.739999771118164,4740730
2017-01-25,19.385814666748047,31.770000457763672,32.029998779296875,31.770000457763672,32.0,6611385
2017-01-27,19.739723205566406,32.349998474121094,32.38999938964844,31.90999984741211,31.940000534057617,4581467
2017-01-30,19.532257080078125,32.0099983215332,32.279998779296875,31.860000610351562,32.18000030517578,3350514
2017-01-31,19.349201202392578,31.709999084472656,31.950000762939453,31.520000457763672,31.950000762939453,6368354
2017-02-01,19.520055770874023,31.989999771118164,32.0099983215332,31.530000686645508,31.709999084472656,3987219
2017-02-02,19.532257080078125,32.0099983215332,32.22999954223633,31.81999969482422,32.099998474121094,4090633
2017-02-03,19.45903778076172,31.889999389648438,32.119998931884766,31.829999923706055,32.02000045776367,2724351
2017-02-06,19.556671142578125,32.04999923706055,32.43000030517578,32.04499816894531,32.22999954223633,5644895
2017-02-07,19.50785255432129,31.969999313354492,32.08000183105469,31.6200008392334,31.920000076293945,4305028
2017-02-08,19.690914154052734,32.27000045776367,32.38999938964844,31.969999313354492,32.290000915527344,5321674
2017-02-09,19.709213256835938,32.29999923706055,32.540000915527344,32.099998474121094,32.380001068115234,3423196
2017-02-10,19.971593856811523,32.72999954223633,32.810001373291016,32.599998474121094,32.63999938964844,5317336
2017-02-13,20.020414352416992,32.810001373291016,32.869998931884766,32.65999984741211,32.83000183105469,4219985
2017-02-14,19.947185516357422,32.689998626708984,33.02000045776367,32.560001373291016,32.91999816894531,3964688
2017-02-15,20.301103591918945,33.27000045776367,33.459999084472656,33.0,33.04999923706055,6946666
2017-02-16,20.532976150512695,33.650001525878906,33.70000076293945,33.47999954223633,33.70000076293945,6620761
2017-02-17,20.673320770263672,33.880001068115234,33.880001068115234,33.63999938964844,33.720001220703125,7428422
2017-02-20,20.819765090942383,34.119998931884766,34.119998931884766,33.7599983215332,33.900001525878906,5098858
2017-02-21,20.825864791870117,34.130001068115234,34.189998626708984,33.900001525878906,33.95000076293945,7461377
2017-02-22,20.905195236206055,34.2599983215332,34.380001068115234,34.16999816894531,34.2400016784668,5766681
2017-02-23,20.850276947021484,34.16999816894531,34.349998474121094,34.060001373291016,34.279998779296875,4753200
2017-02-24,20.801456451416016,34.09000015258789,34.31999969482422,33.90999984741211,34.2599983215332,8158673
2017-02-27,20.630605697631836,33.810001373291016,34.0,33.650001525878906,34.0,4822948
2017-02-28,20.5634822845459,33.70000076293945,34.31999969482422,33.70000076293945,33.900001525878906,7068753
2017-03-01,20.69162368774414,33.90999984741211,33.95000076293945,33.40999984741211,33.68000030517578,5917475
2017-03-02,20.905195236206055,34.2599983215332,34.45000076293945,34.20000076293945,34.290000915527344,5296906
2017-03-03,20.703828811645508,33.93000030517578,34.18000030517578,33.790000915527344,34.0,3745977
2017-03-06,20.850276947021484,34.16999816894531,34.310001373291016,33.97999954223633,34.029998779296875,3849374
2017-03-07,21.021129608154297,34.45000076293945,34.5,34.02000045776367,34.099998474121094,5051987
2017-03-08,21.106555938720703,34.59000015258789,34.7599983215332,34.39500045776367,34.47999954223633,4934177
2017-03-09,21.38114356994629,35.040000915527344,35.13999938964844,34.720001220703125,34.75,6851582
2017-03-10,21.43606185913086,35.130001068115234,35.2599983215332,34.939998626708984,35.08000183105469,5676960
2017-03-13,21.43606185913086,35.130001068115234,35.150001525878906,34.86000061035156,35.02000045776367,3469007
2017-03-14,21.283512115478516,34.880001068115234,35.220001220703125,34.709999084472656,35.15999984741211,5297123
2017-03-15,21.234691619873047,34.79999923706055,34.849998474121094,34.41999816894531,34.61000061035156,4716671
2017-03-16,20.911300659179688,34.27000045776367,34.7400016784668,34.15999984741211,34.58000183105469,11424637
2017-03-17,21.14316749572754,34.650001525878906,34.72999954223633,34.25,34.29999923706055,6655405
2017-03-20,21.0882511138916,34.560001373291016,34.66999816894531,34.40999984741211,34.45000076293945,2619293
2017-03-21,20.941802978515625,34.31999969482422,34.54999923706055,34.20000076293945,34.54999923706055,5904116
2017-03-22,20.43534278869629,33.4900016784668,33.91999816894531,33.38999938964844,33.88999938964844,6963671
2017-03-23,20.404830932617188,33.439998626708984,33.4900016784668,33.2599983215332,33.439998626708984,5855746
2017-03-24,20.68552589416504,33.900001525878906,34.11000061035156,33.47999954223633,33.529998779296875,4839745
2017-03-27,20.74654197692871,34.0,34.06999969482422,33.439998626708984,33.58000183105469,5965267
2017-03-28,21.173677444458008,34.70000076293945,34.709999084472656,34.220001220703125,34.25,6036686
2017-03-29,21.442161560058594,35.13999938964844,35.20000076293945,34.7599983215332,34.7599983215332,5757250
2017-03-30,21.515382766723633,35.2599983215332,35.38999938964844,35.11000061035156,35.13999938964844,4950216
2017-03-31,21.393342971801758,35.060001373291016,35.34000015258789,35.060001373291016,35.2599983215332,9914846
2017-04-03,21.48487663269043,35.209999084472656,35.279998779296875,34.849998474121094,35.0,3529220
2017-04-04,21.277406692504883,34.869998931884766,35.17499923706055,34.869998931884766,35.040000915527344,3225742
2017-04-05,21.14316749572754,34.650001525878906,35.0,34.459999084472656,34.95000076293945,4697637
2017-04-06,20.88078498840332,34.220001220703125,34.45000076293945,34.040000915527344,34.400001525878906,4918987
2017-04-07,20.892990112304688,34.2400016784668,34.45000076293945,34.029998779296875,34.45000076293945,4216776
2017-04-10,21.021129608154297,34.45000076293945,34.4900016784668,34.310001373291016,34.4900016784668,4691256
2017-04-11,21.277406692504883,34.869998931884766,35.0,34.470001220703125,34.5099983215332,5430106
2017-04-12,21.31402015686035,34.93000030517578,35.029998779296875,34.70000076293945,34.869998931884766,5200870
2017-04-13,21.204187393188477,34.75,34.84000015258789,34.54999923706055,34.66999816894531,3516040
2017-04-18,21.0455379486084,34.4900016784668,34.869998931884766,34.2400016784668,34.849998474121094,5384017
2017-04-19,20.81366539001465,34.11000061035156,34.150001525878906,33.810001373291016,33.91999816894531,6780107
2017-04-20,20.850276947021484,34.16999816894531,34.36000061035156,34.119998931884766,34.209999084472656,4678451
2017-04-21,20.960107803344727,34.349998474121094,34.65999984741211,34.34000015258789,34.470001220703125,3219128
2017-04-24,21.118757247924805,34.61000061035156,34.83000183105469,34.38999938964844,34.45000076293945,3339630
2017-04-26,21.234691619873047,34.79999923706055,35.02000045776367,34.790000915527344,34.91999816894531,6396101
2017-04-27,21.442161560058594,35.13999938964844,35.189998626708984,34.849998474121094,34.849998474121094,6760971
2017-04-28,21.393342971801758,35.060001373291016,35.25,34.81999969482422,35.189998626708984,10089241
2017-05-01,21.539791107177734,35.29999923706055,35.29999923706055,34.869998931884766,35.20000076293945,4835280
2017-05-02,21.34453010559082,34.97999954223633,35.0,34.64500045776367,35.0,7364462
2017-05-03,20.941802978515625,34.31999969482422,34.959999084472656,34.189998626708984,34.900001525878906,5678736
2017-05-04,20.69162368774414,33.90999984741211,34.599998474121094,33.810001373291016,34.599998474121094,9431447
2017-05-05,20.661113739013672,33.86000061035156,34.03499984741211,33.72999954223633,33.970001220703125,5991826
2017-05-08,20.795358657836914,34.08000183105469,34.16999816894531,33.7599983215332,33.95000076293945,8481194
2017-05-09,20.06312370300293,32.880001068115234,33.79999923706055,32.81999969482422,33.79999923706055,12923783
2017-05-10,19.92278480529785,32.650001525878906,33.025001525878906,32.13999938964844,32.20000076293945,13849119
2017-05-11,19.904478073120117,32.619998931884766,33.13999938964844,32.61000061035156,32.75,8255528
2017-05-12,19.873964309692383,32.56999969482422,32.66999816894531,32.16999816894531,32.5099983215332,6586282
2017-05-15,20.032615661621094,32.83000183105469,32.84000015258789,32.400001525878906,32.459999084472656,5585622
2017-05-16,20.093637466430664,32.93000030517578,33.2400016784668,32.810001373291016,33.2400016784668,5612301
2017-05-17,19.623790740966797,32.15999984741211,32.67499923706055,32.150001525878906,32.66999816894531,9614732
2017-05-18,19.58607292175293,31.15999984741211,31.15999984741211,30.639999389648438,30.75,13264668
2017-05-19,19.391220092773438,30.850000381469727,31.219999313354492,30.68000030517578,31.200000762939453,7320563
2017-05-22,19.542076110839844,31.09000015258789,31.25,31.030000686645508,31.149999618530273,4290827
2017-05-23,19.34093475341797,30.770000457763672,31.350000381469727,30.690000534057617,31.299999237060547,4839652
2017-05-24,19.20265007019043,30.549999237060547,30.860000610351562,30.510000228881836,30.770000457763672,9435479
2017-05-25,19.23407745361328,30.600000381469727,30.649999618530273,30.05500030517578,30.350000381469727,9107390
2017-05-26,19.12093734741211,30.420000076293945,30.6200008392334,30.280000686645508,30.5,9458601
2017-05-29,18.869510650634766,30.020000457763672,30.299999237060547,29.899999618530273,30.079999923706055,12337682
2017-05-30,19.06436538696289,30.329999923706055,30.399999618530273,29.875,29.920000076293945,11874949
2017-05-31,19.171220779418945,30.5,30.860000610351562,30.2450008392334,30.360000610351562,13168862
2017-06-01,19.03922462463379,30.290000915527344,30.729999542236328,30.1200008392334,30.700000762939453,7188029
2017-06-02,19.177505493164062,30.510000228881836,30.579999923706055,30.200000762939453,30.450000762939453,9322492
2017-06-05,18.831796646118164,29.959999084472656,30.149999618530273,29.690000534057617,30.1200008392334,9199523
2017-06-06,18.574087142944336,29.549999237060547,29.829999923706055,29.510000228881836,29.75,8277223
2017-06-07,18.674657821655273,29.709999084472656,29.889999389648438,29.399999618530273,29.690000534057617,7537850
2017-06-08,18.806657791137695,29.920000076293945,30.020000457763672,29.540000915527344,29.649999618530273,5808619
2017-06-09,18.83807945251465,29.969999313354492,30.05500030517578,29.7549991607666,29.860000610351562,4632839
2017-06-13,19.36607551574707,30.809999465942383,30.809999465942383,30.200000762939453,30.25,8321132
2017-06-14,19.686641693115234,31.31999969482422,31.3700008392334,31.059999465942383,31.200000762939453,13174815
2017-06-15,19.164936065673828,30.489999771118164,31.049999237060547,30.440000534057617,30.899999618530273,21363785
2017-06-16,19.190080642700195,30.530000686645508,30.809999465942383,30.450000762939453,30.639999389648438,6777690
2017-06-19,19.410072326660156,30.8799991607666,30.969999313354492,30.540000915527344,30.549999237060547,4901913
2017-06-20,19.051795959472656,30.309999465942383,30.979999542236328,30.309999465942383,30.979999542236328,7542400
2017-06-21,18.71236801147461,29.770000457763672,30.110000610351562,29.7549991607666,30.010000228881836,8290858
2017-06-22,18.97636604309082,30.190000534057617,30.489999771118164,29.969999313354492,30.0,7390606
2017-06-23,18.970083236694336,30.18000030517578,30.385000228881836,29.969999313354492,30.209999084472656,5786114
2017-06-26,18.9072265625,30.079999923706055,30.424999237060547,30.010000228881836,30.040000915527344,4520996
2017-06-27,18.913511276245117,30.09000015258789,30.299999237060547,29.959999084472656,30.079999923706055,5838939
2017-06-28,19.076940536499023,30.350000381469727,30.399999618530273,30.0,30.149999618530273,5913736
2017-06-29,19.46664810180664,30.969999313354492,31.049999237060547,30.729999542236328,30.860000610351562,6800534
2017-06-30,19.177505493164062,30.510000228881836,30.889999389648438,30.3700008392334,30.489999771118164,13492508
2017-07-03,19.10207748413086,30.389999389648438,30.709999084472656,30.389999389648438,30.559999465942383,6439710
2017-07-04,19.730642318725586,31.389999389648438,31.389999389648438,30.799999237060547,30.799999237060547,12459478
2017-07-05,19.560930252075195,31.1200008392334,31.389999389648438,31.0049991607666,31.360000610351562,6109288
2017-07-06,19.378644943237305,30.829999923706055,31.100000381469727,30.719999313354492,31.030000686645508,5952556
2017-07-07,19.2277889251709,30.59000015258789,30.719999313354492,30.299999237060547,30.510000228881836,7828097
2017-07-10,19.403789520263672,30.8700008392334,31.020000457763672,30.739999771118164,30.899999618530273,6255590
2017-07-11,19.53579330444336,31.079999923706055,31.170000076293945,30.655000686645508,30.790000915527344,5400140
2017-07-12,19.3157901763916,30.729999542236328,30.969999313354492,30.579999923706055,30.899999618530273,6971218
2017-07-13,19.674072265625,31.299999237060547,31.299999237060547,30.959999084472656,31.010000228881836,8087670
2017-07-14,19.7369327545166,31.399999618530273,31.545000076293945,31.25,31.420000076293945,5638512
2017-07-17,19.667787551879883,31.290000915527344,31.440000534057617,31.1299991607666,31.299999237060547,3369152
2017-07-18,19.34093475341797,30.770000457763672,31.219999313354492,30.649999618530273,31.190000534057617,6767760
2017-07-19,20.076353073120117,31.940000534057617,32.0,31.579999923706055,31.649999618530273,13585044
2017-07-20,20.566635131835938,32.720001220703125,32.755001068115234,32.40999984741211,32.650001525878906,11462375
2017-07-21,20.37806510925293,32.41999816894531,32.599998474121094,32.119998931884766,32.27000045776367,8031987
2017-07-24,20.220924377441406,32.16999816894531,32.2599983215332,31.790000915527344,32.09000015258789,4324423
2017-07-25,20.290067672729492,32.279998779296875,32.42499923706055,32.2599983215332,32.310001373291016,2852274
2017-07-26,20.447206497192383,32.529998779296875,32.75,32.5,32.68000030517578,4412359
2017-07-27,20.39692497253418,32.45000076293945,32.61000061035156,32.41999816894531,32.56999969482422,3430083
2017-07-28,20.051212310791016,31.899999618530273,32.15999984741211,31.760000228881836,32.099998474121094,8221232
2017-07-31,20.000926971435547,31.81999969482422,32.06999969482422,31.690000534057617,31.780000686645508,4536091
2017-08-01,20.15806770324707,32.06999969482422,32.119998931884766,31.760000228881836,31.81999969482422,4345585
2017-08-02,19.963214874267578,31.760000228881836,32.13999938964844,31.700000762939453,32.09000015258789,5436149
2017-08-03,19.93178367614746,31.709999084472656,31.854999542236328,31.520000457763672,31.700000762939453,3090732
2017-08-04,19.824932098388672,31.540000915527344,31.700000762939453,31.31999969482422,31.579999923706055,5521838
2017-08-07,20.076353073120117,31.940000534057617,32.06999969482422,31.799999237060547,31.940000534057617,3142854
2017-08-08,20.051212310791016,31.899999618530273,32.2599983215332,31.780000686645508,32.15999984741211,5099887
2017-08-09,20.195781707763672,32.130001068115234,32.189998626708984,31.969999313354492,32.0099983215332,3070685
2017-08-10,20.132925033569336,32.029998779296875,32.33000183105469,31.8799991607666,32.209999084472656,5425422
2017-08-11,19.868927001953125,31.610000610351562,31.639999389648438,31.360000610351562,31.549999237060547,4868595
2017-08-14,20.101497650146484,31.979999542236328,32.060001373291016,31.6299991607666,31.719999313354492,3811432
2017-08-15,20.233495712280273,32.189998626708984,32.40999984741211,32.16999816894531,32.31999969482422,2921685
2017-08-16,20.57921028137207,32.7400016784668,32.7400016784668,32.18000030517578,32.47999954223633,5530850
2017-08-17,20.566635131835938,32.720001220703125,32.849998474121094,32.54999923706055,32.849998474121094,5239873
2017-08-18,20.24606704711914,32.209999084472656,32.310001373291016,32.025001525878906,32.2400016784668,5725255
2017-08-21,20.252351760864258,32.220001220703125,32.29999923706055,31.979999542236328,32.20000076293945,3418199
2017-08-22,20.40949249267578,32.470001220703125,32.529998779296875,32.20500183105469,32.29999923706055,4354153
2017-08-23,20.434635162353516,32.5099983215332,32.83000183105469,32.400001525878906,32.79999923706055,5937823
2017-08-24,20.39692497253418,32.45000076293945,32.630001068115234,32.29999923706055,32.31999969482422,5834366
2017-08-25,20.183208465576172,32.11000061035156,32.26499938964844,32.0099983215332,32.2400016784668,7797322
2017-08-28,19.824932098388672,31.540000915527344,32.0,31.399999618530273,32.0,7011542
2017-08-29,19.57349967956543,31.139999389648438,31.239999771118164,30.90999984741211,31.200000762939453,6833744
2017-08-30,19.58607292175293,31.15999984741211,31.329999923706055,30.954999923706055,31.290000915527344,5433808
2017-08-31,19.655221939086914,31.270000457763672,31.540000915527344,31.204999923706055,31.360000610351562,5814535
2017-09-01,19.699214935302734,31.34000015258789,31.450000762939453,31.040000915527344,31.399999618530273,2976991
2017-09-04,19.63007354736328,31.229999542236328,31.424999237060547,31.100000381469727,31.200000762939453,3024642
2017-09-05,19.667787551879883,31.290000915527344,31.3700008392334,31.040000915527344,31.219999313354492,2860422
2017-09-06,19.454078674316406,30.950000762939453,31.09000015258789,30.81999969482422,30.989999771118164,5229327
2017-09-07,19.498075485229492,31.020000457763672,31.260000228881836,30.84000015258789,31.200000762939453,3303326
2017-09-08,19.36607551574707,30.809999465942383,30.989999771118164,30.65999984741211,30.969999313354492,3516474
2017-09-11,19.692930221557617,31.329999923706055,31.420000076293945,31.049999237060547,31.110000610351562,4051997
2017-09-12,19.89406967163086,31.649999618530273,31.959999084472656,31.549999237060547,31.59000015258789,5610342
2017-09-13,19.93807029724121,31.719999313354492,32.029998779296875,31.690000534057617,31.889999389648438,3445604
2017-09-14,20.000926971435547,31.81999969482422,31.889999389648438,31.649999618530273,31.719999313354492,2675774
2017-09-15,19.762073516845703,31.440000534057617,31.700000762939453,31.329999923706055,31.700000762939453,6012954
2017-09-18,19.906641006469727,31.670000076293945,31.795000076293945,31.610000610351562,31.65999984741211,3861324
2017-09-19,19.850072860717773,31.579999923706055,31.979999542236328,31.579999923706055,31.829999923706055,4210831
2017-09-20,19.7369327545166,31.399999618530273,31.469999313354492,31.219999313354492,31.399999618530273,4528974
2017-09-21,19.661500930786133,31.280000686645508,31.56999969482422,31.100000381469727,31.360000610351562,7424496
2017-09-22,19.887784957885742,31.639999389648438,31.670000076293945,31.31999969482422,31.469999313354492,4193218
2017-09-25,20.02606964111328,31.860000610351562,31.959999084472656,31.780000686645508,31.899999618530273,2980610
2017-09-26,20.044925689697266,31.889999389648438,32.040000915527344,31.795000076293945,31.940000534057617,4984531
2017-09-27,20.082639694213867,31.950000762939453,32.099998474121094,31.799999237060547,32.06999969482422,3656925
2017-09-28,20.195781707763672,32.130001068115234,32.279998779296875,31.975000381469727,32.20000076293945,6181730
2017-09-29,20.06378173828125,31.920000076293945,32.099998474121094,31.790000915527344,31.969999313354492,7565856
2017-10-02,20.277494430541992,32.2599983215332,32.41999816894531,32.029998779296875,32.130001068115234,3484884
2017-10-03,20.20206642150879,32.13999938964844,32.38999938964844,32.04999923706055,32.38999938964844,3857078
2017-10-04,20.02606964111328,31.860000610351562,32.040000915527344,31.719999313354492,32.0,5149173
2017-10-05,19.93807029724121,31.719999313354492,32.04999923706055,31.649999618530273,32.0,2924231
2017-10-06,20.20206642150879,32.13999938964844,32.15999984741211,31.90999984741211,32.099998474121094,3983873
2017-10-09,20.340351104736328,32.36000061035156,32.470001220703125,32.15999984741211,32.2599983215332,3771677
2017-10-10,20.371780395507812,32.40999984741211,32.5,32.150001525878906,32.209999084472656,3476614
2017-10-11,20.5163516998291,32.63999938964844,32.70000076293945,32.45000076293945,32.45000076293945,4794643
2017-10-12,20.635778427124023,32.83000183105469,32.869998931884766,32.540000915527344,32.70000076293945,5023527
2017-10-13,20.742631912231445,33.0,33.04999923706055,32.72999954223633,32.93000030517578,4622447
2017-10-16,20.836915969848633,33.150001525878906,33.16999816894531,32.9900016784668,33.029998779296875,4180044
2017-10-17,21.006628036499023,33.41999816894531,33.459999084472656,33.15999984741211,33.209999084472656,4334724
2017-10-18,20.906057357788086,33.2599983215332,33.47999954223633,33.2599983215332,33.45000076293945,3155305
2017-10-19,21.025489807128906,33.45000076293945,33.599998474121094,33.36000061035156,33.5,5455923
2017-10-20,21.06319808959961,33.5099983215332,33.68000030517578,33.13999938964844,33.29999923706055,3849079
2017-10-23,21.000343322753906,33.40999984741211,33.650001525878906,33.40999984741211,33.650001525878906,2593046
2017-10-24,20.987773895263672,33.38999938964844,33.47999954223633,33.2599983215332,33.31999969482422,3575951
2017-10-25,20.95634651184082,33.34000015258789,33.619998931884766,33.279998779296875,33.59000015258789,3334353
2017-10-26,21.012916564941406,33.43000030517578,33.45000076293945,33.154998779296875,33.29999923706055,4962839
2017-10-27,20.792919158935547,33.08000183105469,33.619998931884766,32.86000061035156,33.4900016784668,8494196
2017-10-30,20.918630599975586,33.279998779296875,33.369998931884766,32.86000061035156,33.0,4331305
2017-10-31,20.736347198486328,32.9900016784668,33.380001068115234,32.90999984741211,33.29999923706055,4769457
2017-11-01,20.86834716796875,33.20000076293945,33.45000076293945,33.0,33.119998931884766,5072086
2017-11-02,20.742631912231445,33.0,33.29999923706055,32.900001525878906,33.29999923706055,4895160
2017-11-03,20.91234588623047,33.27000045776367,33.369998931884766,32.939998626708984,33.150001525878906,4501844
2017-11-06,20.459779739379883,32.54999923706055,32.880001068115234,32.41999816894531,32.81999969482422,8594294
2017-11-07,20.5163516998291,32.63999938964844,32.650001525878906,32.349998474121094,32.54999923706055,5528089
2017-11-08,20.57921028137207,32.7400016784668,32.880001068115234,32.470001220703125,32.599998474121094,6218856
2017-11-09,20.8494873046875,33.16999816894531,33.209999084472656,32.86000061035156,33.0099983215332,7469253
2017-11-10,20.89348793029785,33.2400016784668,33.33000183105469,33.029998779296875,33.040000915527344,5679982
2017-11-13,20.990520477294922,32.45000076293945,32.45000076293945,32.099998474121094,32.13999938964844,10141721
2017-11-14,20.770586013793945,32.11000061035156,32.279998779296875,32.029998779296875,32.20000076293945,6466399
2017-11-15,20.59593391418457,31.84000015258789,32.150001525878906,31.829999923706055,32.0,7665156
2017-11-16,20.544185638427734,31.760000228881836,31.920000076293945,31.610000610351562,31.899999618530273,5348983
2017-11-17,20.602405548095703,31.850000381469727,32.08000183105469,31.81999969482422,32.029998779296875,4542845
2017-11-20,20.582996368408203,31.81999969482422,31.969999313354492,31.649999618530273,31.700000762939453,4139726
2017-11-21,20.634740829467773,31.899999618530273,32.0,31.729999542236328,31.979999542236328,3425668
2017-11-22,20.5506534576416,31.770000457763672,32.0,31.719999313354492,31.950000762939453,5241155
2017-11-23,20.447154998779297,31.610000610351562,31.75,31.489999771118164,31.700000762939453,5414434
2017-11-24,20.382471084594727,31.510000228881836,31.549999237060547,31.3799991607666,31.5,4087517
2017-11-27,20.38894271850586,31.520000457763672,31.690000534057617,31.309999465942383,31.40999984741211,4224679
2017-11-28,20.21428680419922,31.25,31.604999542236328,31.25,31.420000076293945,5692110
2017-11-29,20.363065719604492,31.479999542236328,31.774999618530273,31.459999084472656,31.5,5265580
2017-11-30,20.35659408569336,31.469999313354492,31.600000381469727,30.799999237060547,30.940000534057617,10025509
2017-12-01,20.414813995361328,31.559999465942383,31.8700008392334,31.489999771118164,31.6299991607666,5838421
2017-12-04,20.162538528442383,31.170000076293945,31.450000762939453,31.059999465942383,31.43000030517578,5640874
2017-12-05,19.942609786987305,30.829999923706055,31.06999969482422,30.780000686645508,30.969999313354492,6851136
2017-12-06,20.033166885375977,30.969999313354492,31.020000457763672,30.68000030517578,30.75,5683186
2017-12-07,20.29837989807129,31.3799991607666,31.549999237060547,31.030000686645508,31.15999984741211,5745427
2017-12-08,20.421281814575195,31.56999969482422,31.790000915527344,31.459999084472656,31.530000686645508,3497129
2017-12-11,20.363065719604492,31.479999542236328,31.75,31.479999542236328,31.700000762939453,3726689
2017-12-12,20.343660354614258,31.450000762939453,31.59000015258789,31.329999923706055,31.56999969482422,4864497
2017-12-13,20.337194442749023,31.440000534057617,31.719999313354492,31.25,31.549999237060547,5127431
2017-12-14,20.408348083496094,31.549999237060547,31.75,31.399999618530273,31.450000762939453,4105663
2017-12-15,20.291912078857422,31.3700008392334,31.489999771118164,31.260000228881836,31.350000381469727,6967093
2017-12-18,20.363065719604492,31.479999542236328,31.579999923706055,31.399999618530273,31.469999313354492,4120799
2017-12-19,20.37600326538086,31.5,31.690000534057617,31.5,31.6200008392334,4462009
2017-12-20,20.337194442749023,31.440000534057617,31.610000610351562,31.360000610351562,31.450000762939453,2919508
2017-12-21,20.169008255004883,31.18000030517578,31.350000381469727,31.170000076293945,31.209999084472656,9145874
2017-12-22,20.233694076538086,31.280000686645508,31.395000457763672,31.25,31.270000457763672,4561927
2017-12-27,20.30484962463379,31.389999389648438,31.540000915527344,31.329999923706055,31.350000381469727,2707000
2017-12-28,20.408348083496094,31.549999237060547,31.600000381469727,31.40999984741211,31.469999313354492,1809727
2017-12-29,20.278974533081055,31.350000381469727,31.469999313354492,31.219999313354492,31.40999984741211,3204410
2018-01-02,20.21428680419922,31.25,31.44499969482422,31.139999389648438,31.270000457763672,1950802
2018-01-03,20.201351165771484,31.229999542236328,31.3700008392334,31.125,31.329999923706055,2292191
2018-01-04,20.117258071899414,31.100000381469727,31.350000381469727,31.049999237060547,31.34000015258789,3537097
2018-01-05,20.35659408569336,31.469999313354492,31.469999313354492,31.25,31.309999465942383,3369531
2018-01-08,20.38894271850586,31.520000457763672,31.670000076293945,31.450000762939453,31.540000915527344,2841381
2018-01-09,20.408348083496094,31.549999237060547,31.649999618530273,31.530000686645508,31.600000381469727,4063664
2018-01-10,20.44068717956543,31.600000381469727,31.739999771118164,31.530000686645508,31.65999984741211,3509863
2018-01-11,20.330726623535156,31.43000030517578,31.68000030517578,31.329999923706055,31.68000030517578,3810407
2018-01-12,20.246633529663086,31.299999237060547,31.489999771118164,31.25,31.450000762939453,4303080
2018-01-15,20.104320526123047,31.079999923706055,31.479999542236328,31.024999618530273,31.450000762939453,4142554
2018-01-16,19.936138153076172,30.81999969482422,31.149999618530273,30.799999237060547,31.020000457763672,3518038
2018-01-17,19.8132381439209,30.6299991607666,30.81999969482422,30.510000228881836,30.780000686645508,4166116
2018-01-18,20.02022933959961,30.950000762939453,31.170000076293945,30.799999237060547,30.899999618530273,4765241
2018-01-19,20.00728988647461,30.93000030517578,31.25,30.760000228881836,31.1299991607666,3423302
2018-01-22,19.774425506591797,30.56999969482422,30.920000076293945,30.540000915527344,30.899999618530273,2934013
2018-01-23,19.981420516967773,30.889999389648438,31.049999237060547,30.75,30.75,3489572
2018-01-24,20.059043884277344,31.010000228881836,31.170000076293945,30.969999313354492,31.0,4444032
2018-01-25,20.00728988647461,30.93000030517578,31.010000228881836,30.700000762939453,30.940000534057617,4618712
2018-01-29,20.12373161315918,31.110000610351562,31.235000610351562,31.0,31.110000610351562,5342718
2018-01-30,20.039636611938477,30.979999542236328,31.209999084472656,30.8700008392334,31.020000457763672,3530407
2018-01-31,20.02669906616211,30.959999084472656,31.145000457763672,30.84000015258789,30.850000381469727,5259709
2018-02-01,20.32425308227539,31.420000076293945,31.43000030517578,31.09000015258789,31.1299991607666,6552055
2018-02-02,20.5053768157959,31.700000762939453,31.719999313354492,31.350000381469727,31.440000534057617,3713882
2018-02-05,20.25309944152832,31.309999465942383,31.420000076293945,31.139999389648438,31.299999237060547,4954313
2018-02-06,19.619178771972656,30.329999923706055,30.649999618530273,30.0,30.5,12473660
2018-02-07,19.599773406982422,30.299999237060547,30.899999618530273,30.299999237060547,30.739999771118164,8230191
2018-02-08,19.664459228515625,30.399999618530273,30.459999084472656,30.079999923706055,30.110000610351562,5131431
2018-02-09,19.632116317749023,30.350000381469727,30.389999389648438,29.940000534057617,30.0,5492800
2018-02-12,19.49627685546875,30.139999389648438,30.299999237060547,29.989999771118164,30.209999084472656,4453579
2018-02-13,19.541561126708984,30.209999084472656,30.239999771118164,29.959999084472656,30.209999084472656,5280651
2018-02-14,19.51568031311035,30.170000076293945,30.25,30.010000228881836,30.1200008392334,3182763
2018-02-15,19.69680404663086,30.450000762939453,30.469999313354492,30.190000534057617,30.200000762939453,4218357
2018-02-16,19.54802703857422,30.219999313354492,30.6299991607666,30.190000534057617,30.549999237060547,3391181
2018-02-19,19.62565040588379,30.34000015258789,30.399999618530273,30.06999969482422,30.110000610351562,3384494
2018-02-20,19.47687339782715,30.110000610351562,30.299999237060547,30.010000228881836,30.260000228881836,3969684
2018-02-21,19.51568031311035,30.170000076293945,30.260000228881836,30.030000686645508,30.1200008392334,3467774
2018-02-22,19.54802703857422,30.219999313354492,30.299999237060547,30.0049991607666,30.15999984741211,5184906
2018-02-23,19.722675323486328,30.489999771118164,30.565000534057617,30.299999237060547,30.479999542236328,4956530
2018-02-26,20.097854614257812,31.06999969482422,31.06999969482422,30.729999542236328,30.780000686645508,7682025
2018-02-27,20.14960289001465,31.149999618530273,31.399999618530273,31.149999618530273,31.219999313354492,5523839
2018-02-28,19.90380096435547,30.770000457763672,31.190000534057617,30.75,31.100000381469727,5964295
2018-03-01,19.852046966552734,30.690000534057617,30.850000381469727,30.510000228881836,30.790000915527344,3066448
2018-03-02,19.86498260498047,30.709999084472656,30.770000457763672,30.479999542236328,30.639999389648438,4959369
2018-03-05,19.619178771972656,30.329999923706055,30.700000762939453,30.209999084472656,30.690000534057617,4547189
2018-03-06,19.645055770874023,30.3700008392334,30.625,30.315000534057617,30.559999465942383,5804279
2018-03-07,19.328094482421875,29.8799991607666,30.014999389648438,29.799999237060547,30.0,6867299
2018-03-08,19.405717849731445,30.0,30.09000015258789,29.829999923706055,30.0,7101285
2018-03-09,19.46393585205078,30.09000015258789,30.229999542236328,29.899999618530273,30.059999465942383,7093559
2018-03-12,19.573898315429688,30.260000228881836,30.440000534057617,30.219999313354492,30.309999465942383,6980800
2018-03-13,19.53508949279785,30.200000762939453,30.25,30.020000457763672,30.100000381469727,6646441
2018-03-14,19.366907119750977,29.940000534057617,30.079999923706055,29.889999389648438,29.950000762939453,4816063
2018-03-15,19.19872283935547,29.68000030517578,29.905000686645508,29.56999969482422,29.75,8585502
2018-03-16,19.095224380493164,29.520000457763672,29.780000686645508,29.469999313354492,29.739999771118164,9322568
2018-03-19,19.095224380493164,29.520000457763672,29.709999084472656,29.3799991607666,29.649999618530273,4835571
2018-03-20,19.166379928588867,29.6299991607666,29.75,29.40999984741211,29.5,7776670
2018-03-21,19.27634620666504,29.799999237060547,29.84000015258789,29.6200008392334,29.75,5667063
2018-03-22,19.146974563598633,29.600000381469727,29.65999984741211,29.469999313354492,29.600000381469727,5358810
2018-03-23,18.661832809448242,28.850000381469727,29.299999237060547,28.799999237060547,29.299999237060547,7233922
2018-03-26,18.54539680480957,28.670000076293945,28.760000228881836,28.559999465942383,28.729999542236328,5887092
2018-03-27,18.56480598449707,28.700000762939453,28.950000762939453,28.670000076293945,28.889999389648438,5418165
2018-03-28,18.487178802490234,28.579999923706055,28.6200008392334,28.434999465942383,28.600000381469727,8905320
2018-03-29,18.51305389404297,28.6200008392334,28.850000381469727,28.56999969482422,28.780000686645508,10030607
2018-04-03,18.51952362060547,28.6299991607666,28.68000030517578,28.31999969482422,28.450000762939453,4867770
2018-04-04,18.59067726135254,28.739999771118164,28.809999465942383,28.329999923706055,28.540000915527344,6848973
2018-04-05,18.797672271728516,29.059999465942383,29.18000030517578,28.530000686645508,28.709999084472656,4900431
2018-04-06,18.791202545166016,29.049999237060547,29.1299991607666,28.8799991607666,29.040000915527344,3376204
2018-04-09,18.823545455932617,29.100000381469727,29.260000228881836,28.93000030517578,28.950000762939453,3200730
2018-04-10,19.10816192626953,29.540000915527344,29.6200008392334,28.84000015258789,28.920000076293945,4777053
2018-04-11,18.84294891357422,29.1299991607666,29.479999542236328,29.030000686645508,29.229999542236328,5468922
2018-04-12,18.726518630981445,28.950000762939453,29.1200008392334,28.809999465942383,28.979999542236328,4362629
2018-04-13,18.687705993652344,28.889999389648438,29.100000381469727,28.8799991607666,29.040000915527344,2851137
2018-04-16,18.726518630981445,28.950000762939453,29.170000076293945,28.850000381469727,28.940000534057617,2617620
2018-04-17,18.63595199584961,28.809999465942383,29.079999923706055,28.799999237060547,29.040000915527344,3158918
2018-04-18,18.571271896362305,28.709999084472656,28.850000381469727,28.600000381469727,28.770000457763672,3584915
2018-04-19,18.4936466217041,28.59000015258789,28.799999237060547,28.549999237060547,28.799999237060547,6243797
2018-04-20,18.4936466217041,28.59000015258789,28.790000915527344,28.440000534057617,28.5,3204524
2018-04-23,18.668302536010742,28.860000610351562,28.985000610351562,28.559999465942383,28.610000610351562,4245694
2018-04-24,18.87529182434082,29.18000030517578,29.28499984741211,28.950000762939453,29.049999237060547,4252596
2018-04-26,18.196094512939453,28.1299991607666,28.899999618530273,27.799999237060547,28.899999618530273,17066213
2018-04-27,18.306058883666992,28.299999237060547,28.299999237060547,27.600000381469727,28.200000762939453,11713111
2018-04-30,18.52598762512207,28.639999389648438,28.940000534057617,28.329999923706055,28.350000381469727,12249969
2018-05-01,18.791202545166016,29.049999237060547,29.1200008392334,28.510000228881836,28.65999984741211,7723608
2018-05-02,18.85589027404785,29.149999618530273,29.239999771118164,28.81999969482422,29.030000686645508,5151275
2018-05-03,18.998199462890625,29.3700008392334,29.420000076293945,29.040000915527344,29.280000686645508,5592381
2018-05-04,18.823545455932617,29.100000381469727,29.3700008392334,28.975000381469727,29.350000381469727,4402909
2018-05-07,18.978792190551758,29.34000015258789,29.790000915527344,29.260000228881836,29.389999389648438,9572495
2018-05-08,19.21812629699707,29.709999084472656,29.8799991607666,29.299999237060547,29.520000457763672,8416103
2018-05-09,19.244003295898438,29.75,29.8700008392334,29.56999969482422,29.799999237060547,8455330
2018-05-10,19.308687210083008,29.850000381469727,30.030000686645508,29.809999465942383,29.899999618530273,6925415
2018-05-11,19.140504837036133,29.59000015258789,29.94499969482422,29.559999465942383,29.889999389648438,6313374
2018-05-14,19.418655395507812,30.020000457763672,30.030000686645508,29.700000762939453,29.780000686645508,6121478
2018-05-15,19.412185668945312,30.010000228881836,30.239999771118164,30.010000228881836,30.100000381469727,7711834
2018-05-16,19.541561126708984,30.209999084472656,30.329999923706055,30.020000457763672,30.190000534057617,10605526
2018-05-17,19.42806053161621,29.100000381469727,29.260000228881836,28.889999389648438,29.25,11047114
2018-05-18,19.261152267456055,28.850000381469727,29.149999618530273,28.75,29.110000610351562,5292471
2018-05-21,19.134305953979492,28.65999984741211,28.799999237060547,28.579999923706055,28.799999237060547,4511733
2018-05-22,18.980745315551758,28.43000030517578,28.56999969482422,28.360000610351562,28.549999237060547,5207610
2018-05-23,19.000776290893555,28.459999084472656,28.739999771118164,28.364999771118164,28.56999969482422,4335063
2018-05-24,19.000776290893555,28.459999084472656,28.459999084472656,28.200000762939453,28.25,3965534
2018-05-25,18.887277603149414,28.290000915527344,28.43000030517578,28.170000076293945,28.3799991607666,4879240
2018-05-28,18.87392807006836,28.270000457763672,28.329999923706055,28.149999618530273,28.299999237060547,2824397
2018-05-29,18.96739387512207,28.40999984741211,28.579999923706055,28.25,28.270000457763672,4447360
2018-05-30,18.59351921081543,27.850000381469727,28.209999084472656,27.780000686645508,28.200000762939453,8062360
2018-05-31,18.59351921081543,27.850000381469727,28.110000610351562,27.799999237060547,28.079999923706055,7635279
2018-06-01,18.520082473754883,27.739999771118164,28.0,27.549999237060547,27.709999084472656,5035396
2018-06-04,18.573490142822266,27.81999969482422,28.06999969482422,27.725000381469727,27.989999771118164,2959239
2018-06-05,18.546785354614258,27.780000686645508,27.940000534057617,27.690000534057617,27.850000381469727,6698391
2018-06-06,18.379880905151367,27.530000686645508,27.84000015258789,27.459999084472656,27.829999923706055,7814569
2018-06-07,18.48670196533203,27.690000534057617,28.0,27.540000915527344,27.540000915527344,4564594
2018-06-08,18.433292388916016,27.610000610351562,27.799999237060547,27.579999923706055,27.760000228881836,2924991
2018-06-12,18.366527557373047,27.510000228881836,27.770000457763672,27.510000228881836,27.670000076293945,6701401
2018-06-13,18.313119888305664,27.43000030517578,27.6299991607666,27.25,27.5,5894409
2018-06-14,18.2263240814209,27.299999237060547,27.549999237060547,27.239999771118164,27.239999771118164,5878964
2018-06-15,18.626901626586914,27.899999618530273,27.920000076293945,27.489999771118164,27.549999237060547,10726248
2018-06-18,18.793806076049805,28.149999618530273,28.239999771118164,27.920000076293945,28.0,3862751
2018-06-19,18.693668365478516,28.0,28.239999771118164,27.920000076293945,28.219999313354492,5074237
2018-06-20,19.234447479248047,28.809999465942383,28.920000076293945,28.440000534057617,28.479999542236328,7674334
2018-06-21,19.408031463623047,29.06999969482422,29.219999313354492,28.940000534057617,29.209999084472656,12889730
2018-06-22,19.6149959564209,29.3799991607666,29.459999084472656,29.09000015258789,29.18000030517578,6430357
2018-06-25,19.49481964111328,29.200000762939453,29.6200008392334,29.040000915527344,29.469999313354492,5113463
2018-06-26,19.42806053161621,29.100000381469727,29.440000534057617,28.979999542236328,29.06999969482422,6577986
2018-06-27,19.408031463623047,29.06999969482422,29.15999984741211,28.899999618530273,29.030000686645508,4823161
2018-06-28,19.51485252380371,29.229999542236328,29.270000457763672,28.84000015258789,29.06999969482422,5643598
2018-06-29,19.56158447265625,29.299999237060547,29.530000686645508,29.25,29.299999237060547,10256173
2018-07-02,19.481470108032227,29.18000030517578,29.399999618530273,29.1299991607666,29.299999237060547,4699655
2018-07-03,19.621671676635742,29.389999389648438,29.510000228881836,29.1200008392334,29.25,4953591
2018-07-04,19.5282039642334,29.25,29.43000030517578,29.139999389648438,29.389999389648438,4220175
2018-07-05,19.71514129638672,29.530000686645508,29.56999969482422,29.309999465942383,29.450000762939453,4539568
2018-07-06,19.882051467895508,29.780000686645508,29.850000381469727,29.520000457763672,29.68000030517578,6371204
2018-07-09,19.895402908325195,29.799999237060547,29.950000762939453,29.700000762939453,29.799999237060547,4074088
2018-07-10,19.688438415527344,29.489999771118164,29.979999542236328,29.469999313354492,29.950000762939453,6012877
2018-07-11,19.554912567138672,29.290000915527344,29.43000030517578,29.170000076293945,29.40999984741211,6321392
2018-07-12,19.868698120117188,29.760000228881836,29.920000076293945,29.510000228881836,29.59000015258789,5980181
2018-07-13,19.76187515258789,29.600000381469727,29.850000381469727,29.329999923706055,29.81999969482422,4417941
2018-07-16,19.67508316040039,29.469999313354492,29.68000030517578,29.31999969482422,29.649999618530273,3492685
2018-07-17,19.708463668823242,29.520000457763672,29.700000762939453,29.40999984741211,29.43000030517578,3763125
2018-07-18,19.808609008789062,29.670000076293945,29.725000381469727,29.520000457763672,29.649999618530273,4415807
2018-07-19,19.828638076782227,29.700000762939453,29.829999923706055,29.56999969482422,29.829999923706055,4363506
2018-07-20,19.9621639251709,29.899999618530273,30.059999465942383,29.739999771118164,29.860000610351562,4589233
2018-07-23,19.781906127929688,29.6299991607666,29.829999923706055,29.530000686645508,29.770000457763672,3523977
2018-07-24,19.72849464416504,29.549999237060547,29.799999237060547,29.43000030517578,29.709999084472656,3287290
2018-07-25,19.534883499145508,29.260000228881836,29.5,29.209999084472656,29.450000762939453,6635781
2018-07-26,19.461441040039062,29.149999618530273,29.270000457763672,29.05500030517578,29.139999389648438,6909004
2018-07-27,19.67508316040039,29.469999313354492,29.5,29.260000228881836,29.450000762939453,8206918
2018-07-30,19.608320236206055,29.3700008392334,29.3700008392334,29.149999618530273,29.25,2868246
2018-07-31,19.668407440185547,29.459999084472656,29.68000030517578,29.440000534057617,29.56999969482422,4882519
2018-08-01,19.501497268676758,29.209999084472656,29.399999618530273,29.1299991607666,29.25,4724164
2018-08-02,19.488149642944336,29.190000534057617,29.479999542236328,29.170000076293945,29.350000381469727,4017546
2018-08-03,19.301210403442383,28.90999984741211,29.350000381469727,28.8700008392334,29.299999237060547,4957721
2018-08-06,19.461441040039062,29.149999618530273,29.260000228881836,28.950000762939453,29.030000686645508,2446159
2018-08-07,19.5081729888916,29.219999313354492,29.239999771118164,29.1200008392334,29.149999618530273,7124022
2018-08-08,19.5282039642334,29.25,29.350000381469727,29.139999389648438,29.200000762939453,4365944
2018-08-09,19.688438415527344,29.489999771118164,29.6299991607666,29.15999984741211,29.3799991607666,4577295
2018-08-10,19.741846084594727,29.56999969482422,29.700000762939453,29.450000762939453,29.600000381469727,3550573
2018-08-13,19.635025024414062,29.40999984741211,29.469999313354492,29.28499984741211,29.3700008392334,4687426
2018-08-14,20.068986892700195,30.059999465942383,30.06999969482422,29.530000686645508,29.6299991607666,11578285
2018-08-15,20.22254180908203,30.290000915527344,30.299999237060547,30.09000015258789,30.100000381469727,4947090
2018-08-16,20.14910125732422,30.18000030517578,30.290000915527344,29.93000030517578,30.290000915527344,6127163
2018-08-17,20.249242782592773,30.329999923706055,30.440000534057617,30.1200008392334,30.200000762939453,3679616
2018-08-20,20.12239646911621,30.139999389648438,30.3799991607666,30.049999237060547,30.34000015258789,3720554
2018-08-21,19.695114135742188,29.5,30.0,29.5,30.0,6879284
2018-08-22,19.421384811401367,29.09000015258789,29.399999618530273,28.950000762939453,29.389999389648438,5269186
2018-08-23,18.927337646484375,28.350000381469727,29.09000015258789,28.31999969482422,29.049999237060547,10875077
2018-08-24,18.466670989990234,27.65999984741211,28.030000686645508,27.540000915527344,27.540000915527344,16966315
2018-08-27,18.533435821533203,27.760000228881836,27.809999465942383,27.360000610351562,27.5,6633407
2018-08-28,18.767105102539062,28.110000610351562,28.475000381469727,27.940000534057617,27.989999771118164,7110427
2018-08-29,19.28118324279785,28.8799991607666,29.014999389648438,28.100000381469727,28.110000610351562,12572657
2018-08-30,19.12762451171875,28.649999618530273,28.959999084472656,28.6200008392334,28.90999984741211,6935763
2018-08-31,19.054187774658203,28.540000915527344,28.78499984741211,28.540000915527344,28.649999618530273,7501707
2018-09-03,19.054187774658203,28.540000915527344,28.709999084472656,28.459999084472656,28.600000381469727,3203913
2018-09-04,18.9006290435791,28.309999465942383,28.440000534057617,28.149999618530273,28.399999618530273,5109637
2018-09-05,18.653606414794922,27.940000534057617,28.219999313354492,27.8799991607666,28.190000534057617,5506936
2018-09-06,18.58684539794922,27.84000015258789,27.959999084472656,27.75,27.75,6843976
2018-09-07,18.560138702392578,27.799999237060547,27.959999084472656,27.639999389648438,27.729999542236328,5064280
2018-09-10,18.48670196533203,27.690000534057617,27.770000457763672,27.56999969482422,27.65999984741211,3695335
2018-09-11,18.620222091674805,27.889999389648438,27.920000076293945,27.59000015258789,27.690000534057617,4887811
2018-09-12,18.51340675354004,27.729999542236328,27.84000015258789,27.559999465942383,27.729999542236328,6874316
2018-09-13,18.406583786010742,27.56999969482422,27.670000076293945,27.479999542236328,27.600000381469727,5525162
2018-09-14,18.533435821533203,27.760000228881836,27.899999618530273,27.65999984741211,27.670000076293945,10631106
2018-09-17,18.626901626586914,27.899999618530273,27.93000030517578,27.56999969482422,27.700000762939453,2921983
2018-09-18,18.620222091674805,27.889999389648438,28.049999237060547,27.770000457763672,27.889999389648438,4777521
2018-09-19,18.827192306518555,28.200000762939453,28.270000457763672,27.770000457763672,27.780000686645508,6585702
2018-09-20,18.753751754760742,28.09000015258789,28.184999465942383,27.969999313354492,28.06999969482422,8549502
2018-09-21,18.800485610961914,28.15999984741211,28.334999084472656,28.06999969482422,28.229999542236328,8312478
2018-09-24,18.833866119384766,28.209999084472656,28.219999313354492,27.969999313354492,28.010000228881836,3335923
2018-09-25,18.613548278808594,27.8799991607666,28.075000762939453,27.829999923706055,28.040000915527344,4150296
2018-09-26,18.566814422607422,27.809999465942383,27.989999771118164,27.709999084472656,27.989999771118164,5745227
2018-09-27,18.433292388916016,27.610000610351562,27.850000381469727,27.600000381469727,27.81999969482422,7857058
2018-09-28,18.646930694580078,27.93000030517578,28.34000015258789,27.299999237060547,27.440000534057617,16005872
2018-10-01,18.359851837158203,27.5,27.6200008392334,27.34000015258789,27.600000381469727,5179893
2018-10-02,18.186267852783203,27.239999771118164,27.559999465942383,27.1299991607666,27.5,5869718
2018-10-03,18.126176834106445,27.149999618530273,27.510000228881836,27.06999969482422,27.149999618530273,5644801
2018-10-04,18.28641128540039,27.389999389648438,27.489999771118164,27.290000915527344,27.299999237060547,4705238
2018-10-05,18.353174209594727,27.489999771118164,27.639999389648438,27.260000228881836,27.299999237060547,5499706
2018-10-08,18.11282730102539,27.1299991607666,27.399999618530273,27.1299991607666,27.360000610351562,4920505
2018-10-09,18.006004333496094,26.969999313354492,27.354999542236328,26.899999618530273,27.149999618530273,5553000
2018-10-10,18.012683868408203,26.979999542236328,27.040000915527344,26.770000457763672,26.969999313354492,5507056
2018-10-11,17.552017211914062,26.290000915527344,26.75,26.2450008392334,26.520000457763672,9211110
2018-10-12,17.658836364746094,26.450000762939453,26.56999969482422,26.1299991607666,26.18000030517578,11481605
2018-10-15,17.37843132019043,26.030000686645508,26.31999969482422,25.90999984741211,26.270000457763672,6211492
2018-10-16,17.47857666015625,26.18000030517578,26.510000228881836,26.065000534057617,26.06999969482422,7570120
2018-10-17,17.765657424926758,26.610000610351562,26.739999771118164,26.510000228881836,26.520000457763672,5654032
2018-10-18,17.819072723388672,26.690000534057617,26.780000686645508,26.530000686645508,26.540000915527344,5783681
2018-10-19,17.925891876220703,26.850000381469727,26.860000610351562,26.40999984741211,26.540000915527344,5235372
2018-10-22,17.799039840698242,26.65999984741211,26.920000076293945,26.559999465942383,26.700000762939453,3832800
2018-10-23,17.578723907470703,26.329999923706055,26.649999618530273,26.260000228881836,26.59000015258789,4552966
2018-10-24,17.69222068786621,26.5,26.670000076293945,26.344999313354492,26.450000762939453,4631427
2018-10-25,17.251585006713867,25.84000015258789,26.229999542236328,25.84000015258789,26.229999542236328,6561124
2018-10-26,17.331701278686523,25.959999084472656,26.079999923706055,25.649999618530273,25.899999618530273,10461757
2018-10-29,17.545339584350586,26.280000686645508,26.299999237060547,25.93000030517578,26.1299991607666,3717882
2018-10-30,17.919212341308594,26.84000015258789,26.84000015258789,26.25,26.280000686645508,6053508
2018-10-31,17.925891876220703,26.850000381469727,27.0,26.469999313354492,27.0,8100025
2018-11-01,17.80571746826172,26.670000076293945,26.950000762939453,26.469999313354492,26.81999969482422,10469581
2018-11-02,17.69222068786621,26.5,26.59000015258789,26.280000686645508,26.399999618530273,6412200
2018-11-05,17.792362213134766,26.649999618530273,26.920000076293945,26.350000381469727,26.510000228881836,5433500
2018-11-06,17.972623825073242,26.920000076293945,26.969999313354492,26.600000381469727,26.790000915527344,4414748
2018-11-07,18.146209716796875,27.18000030517578,27.420000076293945,27.010000228881836,27.020000457763672,7838665
2018-11-08,18.48002052307129,27.68000030517578,27.700000762939453,27.06999969482422,27.200000762939453,8282619
2018-11-09,18.493375778198242,27.700000762939453,27.90999984741211,27.6299991607666,27.709999084472656,7172406
2018-11-12,18.520082473754883,27.739999771118164,27.799999237060547,27.540000915527344,27.610000610351562,8955192
2018-11-13,18.133092880249023,26.239999771118164,26.454999923706055,26.1299991607666,26.40999984741211,11477783
2018-11-14,17.587167739868164,25.450000762939453,26.350000381469727,25.420000076293945,26.270000457763672,10108472
2018-11-15,17.511152267456055,25.34000015258789,25.399999618530273,25.0,25.280000686645508,9089219
2018-11-16,17.46278190612793,25.270000457763672,25.510000228881836,25.2450008392334,25.399999618530273,5027213
2018-11-19,17.3591251373291,25.1200008392334,25.299999237060547,25.010000228881836,25.270000457763672,5295323
2018-11-20,17.58025550842285,25.440000534057617,25.46500015258789,24.940000534057617,25.020000457763672,8116653
2018-11-21,17.683914184570312,25.59000015258789,25.635000228881836,25.149999618530273,25.190000534057617,6505955
2018-11-22,17.746109008789062,25.68000030517578,25.700000762939453,25.399999618530273,25.479999542236328,6598288
2018-11-23,17.994884490966797,26.040000915527344,26.040000915527344,25.469999313354492,25.68000030517578,6448975
2018-11-26,17.932689666748047,25.950000762939453,26.145000457763672,25.770000457763672,26.040000915527344,7852216
2018-11-27,18.160734176635742,26.280000686645508,26.399999618530273,25.780000686645508,26.18000030517578,7853799
2018-11-28,18.160734176635742,26.280000686645508,26.459999084472656,26.139999389648438,26.450000762939453,5960554
2018-11-29,18.25748634338379,26.420000076293945,26.690000534057617,26.260000228881836,26.450000762939453,7359514
2018-11-30,17.94651222229004,25.969999313354492,26.399999618530273,25.959999084472656,26.280000686645508,10864905
2018-12-03,18.14000701904297,26.25,26.329999923706055,26.030000686645508,26.229999542236328,5081483
2018-12-04,17.891225814819336,25.889999389648438,26.270000457763672,25.8799991607666,26.25,5283970
2018-12-05,17.683914184570312,25.59000015258789,25.649999618530273,25.209999084472656,25.350000381469727,5595024
2018-12-06,17.739198684692383,25.670000076293945,25.670000076293945,25.34000015258789,25.540000915527344,6488523
2018-12-07,17.780658721923828,25.729999542236328,26.06999969482422,25.639999389648438,25.75,5275271
2018-12-10,17.17945098876953,24.860000610351562,25.440000534057617,24.850000381469727,25.399999618530273,7127499
2018-12-11,17.31766128540039,25.059999465942383,25.155000686645508,24.760000228881836,24.90999984741211,4125439
2018-12-12,17.600988388061523,25.469999313354492,25.530000686645508,24.90999984741211,24.90999984741211,5365783
2018-12-13,17.58025550842285,25.440000534057617,25.690000534057617,25.225000381469727,25.31999969482422,4846796
2018-12-14,17.193269729614258,24.8799991607666,25.399999618530273,24.780000686645508,25.219999313354492,7659056
2018-12-17,17.034332275390625,24.649999618530273,24.75,24.520000457763672,24.709999084472656,9118038
2018-12-18,16.799373626708984,24.309999465942383,24.5,24.219999313354492,24.440000534057617,7937925
2018-12-19,16.813196182250977,24.329999923706055,24.770000457763672,24.139999389648438,24.309999465942383,10112149
2018-12-20,16.633522033691406,24.06999969482422,24.450000762939453,24.049999237060547,24.049999237060547,12640553
2018-12-21,16.46767234802246,23.829999923706055,24.389999389648438,23.510000228881836,24.15999984741211,17862837
2018-12-24,16.488401412963867,23.860000610351562,23.860000610351562,23.299999237060547,23.399999618530273,3340025
2018-12-27,16.716445922851562,24.190000534057617,24.299999237060547,23.8700008392334,24.149999618530273,5364865
2018-12-28,17.214000701904297,24.90999984741211,24.90999984741211,24.139999389648438,24.200000762939453,5635034
2018-12-31,17.30384063720703,25.040000915527344,25.270000457763672,24.950000762939453,24.959999084472656,4539802
2019-01-02,16.916847229003906,24.479999542236328,24.940000534057617,24.399999618530273,24.850000381469727,4947674
2019-01-03,17.30384063720703,25.040000915527344,25.075000762939453,24.65999984741211,24.700000762939453,6246946
2019-01-04,17.29692840576172,25.030000686645508,25.030000686645508,24.770000457763672,24.989999771118164,4594381
2019-01-07,17.428224563598633,25.219999313354492,25.450000762939453,25.149999618530273,25.209999084472656,4213551
2019-01-08,17.635541915893555,25.520000457763672,25.639999389648438,25.049999237060547,25.18000030517578,5539537
2019-01-09,17.801393508911133,25.760000228881836,25.850000381469727,25.440000534057617,25.6299991607666,4986848
2019-01-10,17.863588333129883,25.850000381469727,25.8700008392334,25.610000610351562,25.790000915527344,4987006
2019-01-11,17.69773292541504,25.610000610351562,25.809999465942383,25.520000457763672,25.579999923706055,5125058
2019-01-14,17.787572860717773,25.739999771118164,25.81999969482422,25.600000381469727,25.75,3374597
2019-01-15,17.801393508911133,25.760000228881836,25.940000534057617,25.670000076293945,25.940000534057617,3309760
2019-01-16,17.967241287231445,26.0,26.09000015258789,25.799999237060547,25.84000015258789,5216498
2019-01-17,18.01561737060547,26.06999969482422,26.270000457763672,26.0,26.09000015258789,5027551
2019-01-18,18.070898056030273,26.149999618530273,26.299999237060547,26.084999084472656,26.260000228881836,3142124
2019-01-21,18.105453491210938,26.200000762939453,26.31999969482422,26.094999313354492,26.309999465942383,2690438
2019-01-22,17.794485092163086,25.75,26.15999984741211,25.6200008392334,26.1299991607666,4481989
2019-01-23,17.690826416015625,25.600000381469727,25.899999618530273,25.565000534057617,25.6200008392334,5206112
2019-01-24,17.77374839782715,25.719999313354492,25.719999313354492,25.479999542236328,25.690000534057617,6101798
2019-01-25,17.88431739807129,25.8799991607666,25.989999771118164,25.760000228881836,25.780000686645508,7986007
2019-01-29,17.47660255432129,25.290000915527344,25.799999237060547,25.229999542236328,25.639999389648438,8661095
2019-01-30,17.407495498657227,25.190000534057617,25.34000015258789,25.084999084472656,25.25,9524001
2019-01-31,16.96522331237793,24.549999237060547,25.15999984741211,24.549999237060547,25.110000610351562,14421431
2019-02-01,16.9859561920166,24.579999923706055,24.68000030517578,24.049999237060547,24.149999618530273,8852522
2019-02-04,17.186357498168945,24.8700008392334,25.09000015258789,24.3799991607666,24.440000534057617,6439252
2019-02-05,18.45098114013672,26.700000762939453,26.940000534057617,25.8799991607666,26.079999923706055,19579810
2019-02-06,18.222932815551758,26.3700008392334,26.8799991607666,25.989999771118164,26.850000381469727,10808582
2019-02-07,18.57536506652832,26.8799991607666,26.920000076293945,26.510000228881836,26.700000762939453,7323487
2019-02-08,18.513174057006836,26.790000915527344,27.079999923706055,26.610000610351562,26.610000610351562,6480434
2019-02-11,18.229841232299805,26.3799991607666,26.700000762939453,26.209999084472656,26.649999618530273,5769980
2019-02-12,18.105453491210938,26.200000762939453,26.520000457763672,26.139999389648438,26.440000534057617,6721649
2019-02-13,18.229841232299805,26.3799991607666,26.600000381469727,26.190000534057617,26.489999771118164,5768265
2019-02-14,18.09854507446289,26.190000534057617,26.530000686645508,26.18000030517578,26.3700008392334,4535710
2019-02-15,18.133092880249023,26.239999771118164,26.31999969482422,26.010000228881836,26.079999923706055,4113941
2019-02-18,18.160734176635742,26.280000686645508,26.479999542236328,26.18000030517578,26.299999237060547,4448409
2019-02-19,18.395694732666016,26.6200008392334,26.69499969482422,26.350000381469727,26.360000610351562,4954359
2019-02-20,18.25748634338379,26.420000076293945,26.670000076293945,26.229999542236328,26.540000915527344,6398681
2019-02-21,18.499351501464844,26.770000457763672,26.81999969482422,26.3799991607666,26.3799991607666,7436924
2019-02-22,18.499351501464844,26.770000457763672,27.010000228881836,26.649999618530273,26.799999237060547,8977631
2019-02-25,18.52008056640625,26.799999237060547,26.850000381469727,26.56999969482422,26.799999237060547,4068105
2019-02-26,18.33349609375,26.530000686645508,26.809999465942383,26.399999618530273,26.809999465942383,4375435
2019-02-27,18.45098114013672,26.700000762939453,26.770000457763672,26.440000534057617,26.520000457763672,4782983
2019-02-28,18.630647659301758,26.959999084472656,26.959999084472656,26.6200008392334,26.780000686645508,5795387
2019-03-01,18.665203094482422,27.010000228881836,27.219999313354492,26.979999542236328,27.0,6227139
2019-03-04,18.65829086303711,27.0,27.329999923706055,26.979999542236328,27.329999923706055,4257939
2019-03-05,18.665203094482422,27.010000228881836,27.170000076293945,26.84000015258789,26.90999984741211,4380039
2019-03-06,18.831050872802734,27.25,27.25,26.959999084472656,27.0,6590904
2019-03-07,18.893247604370117,27.34000015258789,27.469999313354492,27.190000534057617,27.450000762939453,5840013
2019-03-08,18.64447021484375,26.979999542236328,27.290000915527344,26.850000381469727,27.290000915527344,5687236
2019-03-11,18.6721134185791,27.020000457763672,27.149999618530273,26.860000610351562,27.0,3365470
2019-03-12,18.554636001586914,26.850000381469727,27.229999542236328,26.850000381469727,27.190000534057617,4986256
2019-03-13,18.41642189025879,26.649999618530273,26.829999923706055,26.469999313354492,26.700000762939453,6664461
2019-03-14,18.381874084472656,26.600000381469727,26.649999618530273,26.3799991607666,26.56999969482422,5883954
2019-03-15,18.298948287963867,26.479999542236328,26.760000228881836,26.469999313354492,26.760000228881836,9750076
2019-03-18,18.32659149169922,26.520000457763672,26.75,26.420000076293945,26.530000686645508,4776325
2019-03-19,18.25748634338379,26.420000076293945,26.770000457763672,26.399999618530273,26.600000381469727,8614561
2019-03-20,18.20220184326172,26.34000015258789,26.450000762939453,26.149999618530273,26.360000610351562,6782289
2019-03-21,18.195289611816406,26.329999923706055,26.46500015258789,26.1299991607666,26.200000762939453,10235508
2019-03-22,18.319679260253906,26.510000228881836,26.6200008392334,26.149999618530273,26.200000762939453,4674361
2019-03-25,18.050168991088867,26.1200008392334,26.239999771118164,26.010000228881836,26.200000762939453,6253276
2019-03-26,17.94651222229004,25.969999313354492,26.075000762939453,25.889999389648438,26.0,5625840
2019-03-27,17.932689666748047,25.950000762939453,25.950000762939453,25.68000030517578,25.899999618530273,6279951
2019-03-28,17.932689666748047,25.950000762939453,26.0,25.709999084472656,25.90999984741211,9312057
2019-03-29,17.91196060180664,25.920000076293945,26.149999618530273,25.850000381469727,25.950000762939453,9651097
2019-04-01,18.091630935668945,26.18000030517578,26.25,26.049999237060547,26.18000030517578,3787828
2019-04-02,18.174558639526367,26.299999237060547,26.610000610351562,26.25,26.399999618530273,5864637
2019-04-03,18.195289611816406,26.329999923706055,26.489999771118164,26.270000457763672,26.489999771118164,4025764
2019-04-04,18.126182556152344,26.229999542236328,26.290000915527344,26.149999618530273,26.280000686645508,5068404
2019-04-05,18.001794815063477,26.049999237060547,26.239999771118164,26.0,26.110000610351562,4494437
2019-04-08,17.88431739807129,25.8799991607666,26.190000534057617,25.850000381469727,26.170000076293945,4512689
2019-04-09,17.85667610168457,25.84000015258789,25.8799991607666,25.6299991607666,25.829999923706055,4621089
2019-04-10,17.898136138916016,25.899999618530273,26.020000457763672,25.649999618530273,25.719999313354492,4312498
2019-04-11,17.670095443725586,25.56999969482422,25.799999237060547,25.540000915527344,25.770000457763672,5098748
2019-04-12,17.91196060180664,25.920000076293945,25.920000076293945,25.639999389648438,25.799999237060547,6999083
2019-04-15,18.008705139160156,26.059999465942383,26.139999389648438,25.959999084472656,26.0,3828360
2019-04-16,18.250574111938477,26.40999984741211,26.40999984741211,26.079999923706055,26.079999923706055,5211286
2019-04-17,18.526994705200195,26.809999465942383,26.889999389648438,26.510000228881836,26.68000030517578,4899560
2019-04-18,18.54081153869629,26.829999923706055,27.0,26.704999923706055,26.899999618530273,5799344
2019-04-23,18.76885986328125,27.15999984741211,27.229999542236328,26.809999465942383,27.0,6207861
2019-04-24,19.05909538269043,27.579999923706055,27.649999618530273,27.18000030517578,27.399999618530273,13305497
2019-04-26,19.16967010498047,27.739999771118164,27.75,27.3799991607666,27.600000381469727,5898050
2019-04-29,19.05909538269043,27.579999923706055,27.790000915527344,27.440000534057617,27.739999771118164,5953410
2019-04-30,19.010725021362305,27.510000228881836,27.68000030517578,27.469999313354492,27.540000915527344,5129556
2019-05-01,19.446088790893555,28.139999389648438,28.174999237060547,27.700000762939453,27.700000762939453,5334889
2019-05-02,18.941619873046875,27.40999984741211,27.899999618530273,27.375,27.899999618530273,7302816
2019-05-03,18.962352752685547,27.440000534057617,27.59000015258789,27.25,27.329999923706055,6572230
2019-05-06,18.73430824279785,27.110000610351562,27.31999969482422,26.809999465942383,26.860000610351562,8366211
2019-05-07,18.69975471496582,27.059999465942383,27.579999923706055,27.020000457763672,27.1299991607666,6977922
2019-05-08,18.75503921508789,27.139999389648438,27.15999984741211,26.8799991607666,27.0,4786800
2019-05-09,18.69975471496582,27.059999465942383,27.2549991607666,27.0,27.149999618530273,6499657
2019-05-10,18.810321807861328,27.219999313354492,27.299999237060547,27.040000915527344,27.149999618530273,5157331
2019-05-13,18.74121856689453,27.1200008392334,27.299999237060547,27.0,27.299999237060547,6432714
2019-05-14,18.589187622070312,26.899999618530273,27.0,26.610000610351562,27.0,8817717
2019-05-15,18.582277297973633,26.889999389648438,27.079999923706055,26.809999465942383,27.049999237060547,9287479
2019-05-16,18.51066780090332,25.850000381469727,25.850000381469727,25.639999389648438,25.81999969482422,12220544
2019-05-17,18.195594787597656,25.40999984741211,25.959999084472656,25.389999389648438,25.959999084472656,7939486
2019-05-20,19.8712215423584,27.75,27.75,27.06999969482422,27.5,25536264
2019-05-21,20.408279418945312,28.5,28.5,27.959999084472656,28.399999618530273,19351257
2019-05-22,20.63026237487793,28.809999465942383,28.84000015258789,28.40999984741211,28.5,13923968
2019-05-23,20.164813995361328,28.15999984741211,28.649999618530273,28.010000228881836,28.600000381469727,7313218
2019-05-24,20.136171340942383,28.1200008392334,28.204999923706055,27.809999465942383,27.850000381469727,7405664
2019-05-27,19.992952346801758,27.920000076293945,28.100000381469727,27.850000381469727,28.010000228881836,5363957
2019-05-28,19.957149505615234,27.8700008392334,28.1200008392334,27.81999969482422,27.899999618530273,7318139
2019-05-29,19.864059448242188,27.739999771118164,27.790000915527344,27.559999465942383,27.780000686645508,7328064
2019-05-30,19.77812957763672,27.6200008392334,27.739999771118164,27.510000228881836,27.549999237060547,7997279
2019-05-31,19.649232864379883,27.440000534057617,27.6299991607666,27.219999313354492,27.5,14014317
2019-06-03,19.391443252563477,27.079999923706055,27.3799991607666,27.06999969482422,27.229999542236328,7553891
2019-06-04,19.5131778717041,27.25,27.34000015258789,26.959999084472656,27.040000915527344,8718348
2019-06-05,19.77812957763672,27.6200008392334,27.719999313354492,27.350000381469727,27.360000610351562,9338088
2019-06-06,19.92850685119629,27.829999923706055,27.934999465942383,27.6299991607666,27.709999084472656,8340608
2019-06-07,20.035919189453125,27.979999542236328,27.989999771118164,27.860000610351562,27.920000076293945,6130372
2019-06-11,20.26506233215332,28.299999237060547,28.360000610351562,28.1200008392334,28.1200008392334,8238247
2019-06-12,20.07888412475586,28.040000915527344,28.469999313354492,27.950000762939453,28.350000381469727,4856576
2019-06-13,20.143327713012695,28.1299991607666,28.270000457763672,28.0,28.25,4680327
2019-06-14,19.964311599731445,27.8799991607666,27.989999771118164,27.579999923706055,27.809999465942383,7643104
2019-06-17,20.035919189453125,27.979999542236328,28.149999618530273,27.899999618530273,27.969999313354492,4025639
2019-06-18,20.107526779174805,28.079999923706055,28.100000381469727,27.850000381469727,27.850000381469727,9116896
2019-06-19,20.286544799804688,28.329999923706055,28.450000762939453,28.270000457763672,28.40999984741211,7714167
2019-06-20,20.336671829223633,28.399999618530273,28.459999084472656,28.149999618530273,28.420000076293945,9085307
2019-06-21,20.21493911743164,28.229999542236328,28.40999984741211,28.09000015258789,28.399999618530273,8456941
2019-06-24,20.286544799804688,28.329999923706055,28.329999923706055,28.0,28.110000610351562,5547883
2019-06-25,20.2507381439209,28.280000686645508,28.40999984741211,28.155000686645508,28.290000915527344,4952476
2019-06-26,20.07888412475586,28.040000915527344,28.229999542236328,28.020000457763672,28.200000762939453,7044298
2019-06-27,20.150493621826172,28.139999389648438,28.229999542236328,27.959999084472656,28.040000915527344,3936977
2019-06-28,20.30803108215332,28.360000610351562,28.450000762939453,28.239999771118164,28.299999237060547,11235370
2019-07-01,20.31519317626953,28.3700008392334,28.600000381469727,28.25,28.459999084472656,6156588
2019-07-02,20.00011444091797,27.93000030517578,28.43000030517578,27.829999923706055,28.389999389648438,7332275
2019-07-03,19.97863006591797,27.899999618530273,28.059999465942383,27.510000228881836,27.610000610351562,6473030
2019-07-04,20.22926139831543,28.25,28.334999084472656,27.93000030517578,28.040000915527344,5711968
2019-07-05,20.300870895385742,28.350000381469727,28.440000534057617,28.149999618530273,28.25,4576419
2019-07-08,20.06456184387207,28.020000457763672,28.450000762939453,27.959999084472656,28.440000534057617,4716815
2019-07-09,19.971471786499023,27.889999389648438,28.049999237060547,27.75,27.920000076293945,4718567
2019-07-10,19.957149505615234,27.8700008392334,28.170000076293945,27.829999923706055,28.09000015258789,4403423
2019-07-11,20.035919189453125,27.979999542236328,28.09000015258789,27.649999618530273,27.760000228881836,4702932
2019-07-12,20.06456184387207,28.020000457763672,28.229999542236328,27.799999237060547,27.799999237060547,6010958
2019-07-15,19.9141845703125,27.809999465942383,27.93000030517578,27.649999618530273,27.81999969482422,3074525
2019-07-16,19.806772232055664,27.65999984741211,27.799999237060547,27.55500030517578,27.75,4254439
2019-07-17,19.821094512939453,27.68000030517578,27.7549991607666,27.520000457763672,27.639999389648438,4177940
2019-07-18,19.74948501586914,27.579999923706055,27.760000228881836,27.440000534057617,27.760000228881836,5660502
2019-07-19,19.964311599731445,27.8799991607666,27.979999542236328,27.6299991607666,27.6299991607666,5769688
2019-07-22,19.935672760009766,27.84000015258789,27.989999771118164,27.68000030517578,27.940000534057617,3350888
2019-07-23,19.992952346801758,27.920000076293945,27.979999542236328,27.790000915527344,27.979999542236328,5818301
2019-07-24,20.32950782775879,28.389999389648438,28.43000030517578,28.079999923706055,28.1200008392334,7776978
2019-07-25,20.666067123413086,28.860000610351562,28.889999389648438,28.5,28.59000015258789,8275549
2019-07-26,20.458406448364258,28.56999969482422,28.81999969482422,28.530000686645508,28.799999237060547,9304064
2019-07-29,20.55865478515625,28.709999084472656,28.84000015258789,28.450000762939453,28.739999771118164,5955124
2019-07-30,20.766319274902344,29.0,29.110000610351562,28.690000534057617,28.899999618530273,7736400
2019-07-31,20.51569175720215,28.649999618530273,29.0,28.56999969482422,28.93000030517578,8308036
2019-08-01,20.62310218811035,28.799999237060547,28.90999984741211,28.549999237060547,28.59000015258789,5070089
2019-08-02,20.637426376342773,28.81999969482422,28.93000030517578,28.649999618530273,28.850000381469727,5744481
2019-08-05,20.444080352783203,28.549999237060547,28.969999313354492,28.405000686645508,28.809999465942383,6186155
2019-08-06,19.85689926147461,27.729999542236328,27.940000534057617,27.520000457763672,27.600000381469727,9215479
2019-08-07,20.07172203063965,28.030000686645508,28.149999618530273,27.600000381469727,27.719999313354492,6343639
2019-08-08,20.093204498291016,28.059999465942383,28.079999923706055,27.600000381469727,27.6200008392334,6839008
2019-08-09,20.20061683654785,28.209999084472656,28.299999237060547,27.959999084472656,28.299999237060547,4383258
2019-08-12,20.343833923339844,28.40999984741211,28.43000030517578,28.110000610351562,28.209999084472656,4149536
2019-08-13,20.2937068939209,28.34000015258789,28.65999984741211,28.1299991607666,28.170000076293945,6931848
2019-08-14,20.4226016998291,28.520000457763672,28.639999389648438,28.290000915527344,28.6200008392334,4537952
2019-08-15,19.770971298217773,27.610000610351562,28.0,27.610000610351562,27.950000762939453,8540729
2019-08-16,19.92134666442871,27.81999969482422,27.889999389648438,27.540000915527344,27.559999465942383,5902808
2019-08-19,20.07172203063965,28.030000686645508,28.09000015258789,27.84000015258789,27.959999084472656,4316393
2019-08-20,20.07172203063965,28.030000686645508,28.229999542236328,27.8700008392334,28.15999984741211,5986523
2019-08-21,19.706523895263672,27.520000457763672,27.850000381469727,27.459999084472656,27.729999542236328,10452547
2019-08-22,19.8712215423584,27.75,27.850000381469727,27.540000915527344,27.809999465942383,4671526
2019-08-23,19.9141845703125,27.809999465942383,27.959999084472656,27.690000534057617,27.729999542236328,4595717
2019-08-26,19.77812957763672,27.6200008392334,27.6200008392334,27.209999084472656,27.389999389648438,5610381
2019-08-27,19.77812957763672,27.6200008392334,27.770000457763672,27.549999237060547,27.579999923706055,4944365
2019-08-28,19.720844268798828,27.540000915527344,27.670000076293945,27.450000762939453,27.59000015258789,5518703
2019-08-29,19.792451858520508,27.639999389648438,27.729999542236328,27.479999542236328,27.700000762939453,7964977
2019-08-30,20.20777702331543,28.219999313354492,28.25,27.780000686645508,27.780000686645508,10622322
2019-09-02,20.21493911743164,28.229999542236328,28.34000015258789,28.010000228881836,28.110000610351562,3019954
2019-09-03,20.2937068939209,28.34000015258789,28.540000915527344,28.2549991607666,28.329999923706055,4171774
2019-09-04,20.22926139831543,28.25,28.25,27.889999389648438,27.899999618530273,5469222
2019-09-05,20.4011173248291,28.489999771118164,28.610000610351562,28.399999618530273,28.5,5521218
2019-09-06,20.501373291015625,28.6299991607666,28.729999542236328,28.489999771118164,28.6200008392334,4207126
2019-09-09,20.658905029296875,28.850000381469727,28.979999542236328,28.649999618530273,28.700000762939453,5419938
2019-09-10,20.852249145507812,29.1200008392334,29.18000030517578,28.959999084472656,29.0,7724289
2019-09-11,21.203128814697266,29.610000610351562,29.610000610351562,29.200000762939453,29.200000762939453,7541738
2019-09-12,21.23893165588379,29.65999984741211,29.969999313354492,29.6200008392334,29.850000381469727,6284758
2019-09-13,21.260414123535156,29.690000534057617,29.790000915527344,29.579999923706055,29.780000686645508,5369913
2019-09-16,21.15300178527832,29.540000915527344,29.559999465942383,29.270000457763672,29.399999618530273,5840398
2019-09-17,21.217449188232422,29.6299991607666,29.6299991607666,29.40999984741211,29.5,5922713
2019-09-18,21.15300178527832,29.540000915527344,29.709999084472656,29.40999984741211,29.6200008392334,4717611
2019-09-19,21.17448616027832,29.56999969482422,29.90999984741211,29.489999771118164,29.799999237060547,10853471
2019-09-20,21.23893165588379,29.65999984741211,29.760000228881836,29.549999237060547,29.56999969482422,8783000
2019-09-23,21.339183807373047,29.799999237060547,29.940000534057617,29.670000076293945,29.860000610351562,4743699
2019-09-24,21.425111770629883,29.920000076293945,30.049999237060547,29.829999923706055,29.920000076293945,8519228
2019-09-25,21.40363311767578,29.889999389648438,30.0,29.719999313354492,29.790000915527344,4350094
2019-09-26,21.38214683532715,29.860000610351562,30.040000915527344,29.739999771118164,30.030000686645508,5798443
2019-09-27,21.410791397094727,29.899999618530273,30.049999237060547,29.84000015258789,30.0,10944117
2019-09-30,21.224609375,29.639999389648438,29.989999771118164,29.639999389648438,29.899999618530273,5512544
2019-10-01,21.267576217651367,29.700000762939453,29.80500030517578,29.399999618530273,29.6200008392334,6568495
2019-10-02,20.916696548461914,29.209999084472656,29.399999618530273,29.170000076293945,29.3799991607666,8138537
2019-10-03,20.408279418945312,28.5,28.6200008392334,28.34000015258789,28.459999084472656,8937358
2019-10-04,20.350996017456055,28.420000076293945,28.59000015258789,28.219999313354492,28.520000457763672,6197831
2019-10-07,20.487049102783203,28.610000610351562,28.729999542236328,28.510000228881836,28.649999618530273,1927667
2019-10-08,20.537174224853516,28.68000030517578,28.790000915527344,28.479999542236328,28.75,4673344
2019-10-09,20.358154296875,28.43000030517578,28.489999771118164,28.31999969482422,28.420000076293945,5198578
2019-10-10,20.429763793945312,28.530000686645508,28.639999389648438,28.399999618530273,28.459999084472656,4095791
2019-10-11,20.587297439575195,28.75,28.899999618530273,28.65999984741211,28.8799991607666,4535867
2019-10-14,20.69470977783203,28.899999618530273,29.06999969482422,28.8700008392334,28.979999542236328,4208109
2019-10-15,20.723356246948242,28.940000534057617,28.950000762939453,28.760000228881836,28.899999618530273,3265292
2019-10-16,20.93817901611328,29.239999771118164,29.389999389648438,29.1299991607666,29.1299991607666,6802954
2019-10-17,20.823606491088867,29.079999923706055,29.34000015258789,28.959999084472656,29.139999389648438,8734800
2019-10-18,20.651748657226562,28.84000015258789,28.950000762939453,28.700000762939453,28.90999984741211,6659064
2019-10-21,20.687549591064453,28.889999389648438,28.889999389648438,28.68000030517578,28.729999542236328,4171972
2019-10-22,20.751996994018555,28.979999542236328,29.079999923706055,28.829999923706055,28.920000076293945,3949153
2019-10-23,20.701871871948242,28.90999984741211,29.079999923706055,28.760000228881836,29.0,5638176
2019-10-24,20.69470977783203,28.899999618530273,29.059999465942383,28.875,29.049999237060547,4811115
2019-10-25,20.802125930786133,29.049999237060547,29.100000381469727,28.860000610351562,29.049999237060547,6472618
2019-10-28,20.7591609954834,28.989999771118164,29.09000015258789,28.93000030517578,29.059999465942383,3737227
2019-10-29,20.57297706604004,28.729999542236328,28.969999313354492,28.729999542236328,28.8799991607666,6028422
2019-10-30,20.444080352783203,28.549999237060547,28.780000686645508,28.5,28.649999618530273,8485020
2019-10-31,20.20061683654785,28.209999084472656,28.440000534057617,27.8799991607666,28.440000534057617,9063508
2019-11-01,19.964311599731445,27.8799991607666,28.06999969482422,27.579999923706055,27.81999969482422,9625406
2019-11-04,19.964311599731445,27.8799991607666,27.8799991607666,27.8799991607666,27.8799991607666,0
2019-11-05,19.45589256286621,27.170000076293945,27.329999923706055,26.459999084472656,26.5,27059880
2019-11-06,19.5131778717041,27.25,27.450000762939453,27.18000030517578,27.18000030517578,10039856
2019-11-07,19.656396865844727,27.450000762939453,27.549999237060547,27.209999084472656,27.360000610351562,13560792
2019-11-08,19.634912490844727,27.420000076293945,27.6200008392334,27.350000381469727,27.600000381469727,15032681
2019-11-11,19.892702102661133,27.780000686645508,27.790000915527344,27.579999923706055,27.59000015258789,12197215
2019-11-12,19.759986877441406,26.799999237060547,27.040000915527344,26.639999389648438,26.90999984741211,13534304
2019-11-13,19.494552612304688,26.440000534057617,26.790000915527344,26.40999984741211,26.790000915527344,9663024
2019-11-14,19.590402603149414,26.56999969482422,26.59000015258789,26.260000228881836,26.31999969482422,8667264
2019-11-15,19.6346435546875,26.6299991607666,26.670000076293945,26.450000762939453,26.5,5224086
2019-11-18,19.50192642211914,26.450000762939453,26.549999237060547,26.325000762939453,26.510000228881836,5170404
2019-11-19,19.575654983520508,26.549999237060547,26.549999237060547,26.260000228881836,26.350000381469727,4497820
2019-11-20,18.926820755004883,25.670000076293945,26.100000381469727,25.6299991607666,26.100000381469727,15128812
2019-11-21,18.55079460144043,25.15999984741211,25.260000228881836,24.799999237060547,24.920000076293945,20259893
2019-11-22,18.263240814208984,24.770000457763672,25.0,24.610000610351562,24.959999084472656,17237684
2019-11-25,18.019927978515625,24.440000534057617,24.649999618530273,24.260000228881836,24.5,14342970
2019-11-26,18.3295955657959,24.860000610351562,24.940000534057617,24.5,24.5,17601697
2019-11-27,18.29273223876953,24.809999465942383,24.809999465942383,24.459999084472656,24.719999313354492,11096242
2019-11-28,18.21162986755371,24.700000762939453,24.860000610351562,24.6200008392334,24.799999237060547,8614697
2019-11-29,18.07891273498535,24.520000457763672,24.81999969482422,24.5,24.700000762939453,8440663
2019-12-02,18.137897491455078,24.600000381469727,24.799999237060547,24.5,24.6299991607666,14615157
2019-12-03,17.909332275390625,24.290000915527344,24.520000457763672,24.229999542236328,24.5,9868793
2019-12-04,17.72500228881836,24.040000915527344,24.170000076293945,23.860000610351562,24.0,11094507
2019-12-05,17.93882179260254,24.329999923706055,24.3799991607666,24.100000381469727,24.100000381469727,8617147
2019-12-06,17.894582748413086,24.270000457763672,24.399999618530273,24.200000762939453,24.31999969482422,6515265
2019-12-09,17.953569412231445,24.350000381469727,24.440000534057617,24.239999771118164,24.309999465942383,7354530
2019-12-10,17.850345611572266,24.209999084472656,24.43000030517578,24.174999237060547,24.399999618530273,6325876
2019-12-11,17.975685119628906,24.3799991607666,24.489999771118164,24.290000915527344,24.31999969482422,5621337
2019-12-12,17.754493713378906,24.079999923706055,24.25,24.059999465942383,24.25,6886949
2019-12-13,18.04941749572754,24.479999542236328,24.690000534057617,24.219999313354492,24.290000915527344,7823213
2019-12-16,18.32222557067871,24.850000381469727,24.940000534057617,24.649999618530273,24.649999618530273,8731304
2019-12-17,18.16738510131836,24.639999389648438,24.889999389648438,24.510000228881836,24.850000381469727,7208283
2019-12-18,18.06416893005371,24.5,24.649999618530273,24.3799991607666,24.420000076293945,8335190
2019-12-19,17.983062744140625,24.389999389648438,24.59000015258789,24.280000686645508,24.59000015258789,10221796
2019-12-20,17.879838943481445,24.25,24.3799991607666,24.229999542236328,24.260000228881836,12863418
2019-12-23,17.872465133666992,24.239999771118164,24.420000076293945,24.200000762939453,24.229999542236328,3566549
2019-12-24,17.850345611572266,24.209999084472656,24.309999465942383,24.18000030517578,24.209999084472656,1957153
2019-12-27,17.93882179260254,24.329999923706055,24.3700008392334,24.229999542236328,24.270000457763672,3502078
2019-12-30,17.990434646606445,24.399999618530273,24.420000076293945,24.200000762939453,24.389999389648438,3312550
2019-12-31,17.86509132385254,24.229999542236328,24.280000686645508,24.110000610351562,24.209999084472656,4490551
2020-01-02,17.83559799194336,24.190000534057617,24.260000228881836,24.09000015258789,24.110000610351562,3566294
2020-01-03,17.9609432220459,24.360000610351562,24.6200008392334,24.329999923706055,24.5,4519868
2020-01-06,17.946195602416992,24.34000015258789,24.350000381469727,24.100000381469727,24.350000381469727,4573503
2020-01-07,18.15264320373535,24.6200008392334,24.65999984741211,24.5,24.549999237060547,5050333
2020-01-08,18.09366226196289,24.540000915527344,24.639999389648438,24.25,24.6200008392334,4926001
2020-01-09,18.04204750061035,24.469999313354492,24.739999771118164,24.399999618530273,24.719999313354492,8525619
2020-01-10,18.17476463317871,24.649999618530273,24.700000762939453,24.559999465942383,24.579999923706055,4791982
2020-01-13,18.130521774291992,24.59000015258789,24.68000030517578,24.510000228881836,24.579999923706055,3949922
2020-01-14,18.11577796936035,24.56999969482422,24.739999771118164,24.514999389648438,24.690000534057617,5765970
2020-01-15,18.204254150390625,24.690000534057617,24.700000762939453,24.610000610351562,24.690000534057617,6121181
2020-01-16,18.359088897705078,24.899999618530273,24.950000762939453,24.770000457763672,24.799999237060547,6327166
2020-01-17,18.418075561523438,24.979999542236328,25.170000076293945,24.969999313354492,24.989999771118164,6854059
2020-01-20,18.484437942504883,25.06999969482422,25.18000030517578,25.020000457763672,25.040000915527344,4988301
2020-01-21,18.521303176879883,25.1200008392334,25.170000076293945,25.0,25.170000076293945,4047571
2020-01-22,18.536046981811523,25.139999389648438,25.219999313354492,24.979999542236328,25.170000076293945,9410824
2020-01-23,18.49180793762207,25.079999923706055,25.139999389648438,24.985000610351562,25.139999389648438,7004942
2020-01-24,18.587657928466797,25.209999084472656,25.399999618530273,25.200000762939453,25.25,6980067
2020-01-28,18.43282127380371,25.0,25.049999237060547,24.8700008392334,25.0,5537509
2020-01-29,18.572912216186523,25.190000534057617,25.309999465942383,25.075000762939453,25.100000381469727,5197165
2020-01-30,18.66139030456543,25.309999465942383,25.329999923706055,25.204999923706055,25.299999237060547,4717483
2020-01-31,18.521303176879883,25.1200008392334,25.399999618530273,25.059999465942383,25.309999465942383,9373139
2020-02-03,18.29273223876953,24.809999465942383,24.90999984741211,24.520000457763672,24.899999618530273,7767079
2020-02-04,18.28536033630371,24.799999237060547,24.899999618530273,24.450000762939453,24.600000381469727,7341911
2020-02-05,18.233747482299805,24.729999542236328,24.979999542236328,24.729999542236328,24.899999618530273,4916152
2020-02-06,18.55079460144043,25.15999984741211,25.25,24.93000030517578,24.979999542236328,8381384
2020-02-07,18.44019889831543,25.010000228881836,25.25,24.850000381469727,25.239999771118164,8936291
2020-02-10,18.410701751708984,24.969999313354492,25.110000610351562,24.8700008392334,25.010000228881836,3827145
2020-02-11,18.506553649902344,25.100000381469727,25.2450008392334,25.030000686645508,25.100000381469727,4580475
2020-02-12,18.617155075073242,25.25,25.299999237060547,25.15999984741211,25.25,8351876
2020-02-13,18.735118865966797,25.40999984741211,25.719999313354492,25.31999969482422,25.389999389648438,8630192
2020-02-14,18.948942184448242,25.700000762939453,25.799999237060547,25.350000381469727,25.399999618530273,8445885
2020-02-17,18.889957427978516,25.6200008392334,25.770000457763672,25.489999771118164,25.739999771118164,5437953
2020-02-18,18.985807418823242,25.75,25.790000915527344,25.59000015258789,25.649999618530273,7001667
2020-02-19,18.889957427978516,25.6200008392334,25.729999542236328,25.510000228881836,25.530000686645508,9064451
2020-02-20,18.94156837463379,25.690000534057617,25.81999969482422,25.56999969482422,25.75,7038380
2020-02-21,19.030046463012695,25.809999465942383,25.959999084472656,25.719999313354492,25.75,6827084
2020-02-24,18.801477432250977,25.5,25.690000534057617,25.219999313354492,25.649999618530273,10185952
2020-02-25,18.49180793762207,25.079999923706055,25.1299991607666,24.790000915527344,25.0,9915004
2020-02-26,18.1821346282959,24.65999984741211,24.770000457763672,24.459999084472656,24.700000762939453,9865652
2020-02-27,17.93882179260254,24.329999923706055,24.770000457763672,24.15999984741211,24.540000915527344,17835482
2020-02-28,17.430076599121094,23.639999389648438,23.889999389648438,23.514999389648438,23.889999389648438,22523890
2020-03-02,17.098289489746094,23.190000534057617,23.25,22.68000030517578,23.239999771118164,14172389
2020-03-03,16.913957595825195,22.940000534057617,23.65999984741211,22.799999237060547,23.5,18011748
2020-03-04,16.390464782714844,22.229999542236328,22.639999389648438,22.19499969482422,22.5,15292761
2020-03-05,16.40521240234375,22.25,22.65999984741211,22.25,22.5,12014024
2020-03-06,15.741630554199219,21.350000381469727,21.850000381469727,21.350000381469727,21.790000915527344,13480773
2020-03-09,14.39234733581543,19.520000457763672,20.719999313354492,19.520000457763672,20.299999237060547,18927234
2020-03-10,15.1444091796875,20.540000915527344,20.559999465942383,18.639999389648438,18.799999237060547,22755828
2020-03-11,14.348108291625977,19.459999084472656,20.68000030517578,19.459999084472656,20.68000030517578,17293393
2020-03-12,13.07992935180664,17.739999771118164,19.440000534057617,17.739999771118164,19.06999969482422,25091325
2020-03-13,13.360108375549316,18.1200008392334,18.1200008392334,15.529999732971191,16.360000610351562,44508593
2020-03-16,11.782259941101074,15.979999542236328,17.420000076293945,15.979999542236328,17.0,24168759
2020-03-17,12.718649864196777,17.25,17.489999771118164,16.0,16.0,23986281
2020-03-18,11.723275184631348,15.899999618530273,17.079999923706055,15.899999618530273,17.06999969482422,23558831
2020-03-19,10.713157653808594,14.529999732971191,16.8799991607666,14.529999732971191,16.3799991607666,32807395
2020-03-20,11.627425193786621,15.770000457763672,16.399999618530273,15.210000038146973,15.289999961853027,28486410
2020-03-23,10.396112442016602,14.100000381469727,14.630000114440918,13.470000267028809,14.479999542236328,22683017
2020-03-24,10.698410987854004,14.510000228881836,14.6899995803833,14.0,14.5,28821872
2020-03-25,11.686409950256348,15.850000381469727,15.850000381469727,14.829999923706055,15.640000343322754,19192572
2020-03-26,11.811753273010254,16.020000457763672,16.25,15.5,15.989999771118164,16508976
2020-03-27,10.97859001159668,14.890000343322754,16.450000762939453,14.890000343322754,16.399999618530273,22664013
2020-03-30,11.914976119995117,16.15999984741211,16.15999984741211,15.149999618530273,15.149999618530273,13940674
2020-03-31,12.165661811828613,16.5,17.59000015258789,16.200000762939453,16.709999084472656,24313046
2020-04-01,12.313126564025879,16.700000762939453,17.079999923706055,16.280000686645508,17.079999923706055,13814763
2020-04-02,11.782259941101074,15.979999542236328,16.309999465942383,15.734999656677246,16.0,14329425
2020-04-03,11.435724258422852,15.510000228881836,16.280000686645508,15.460000038146973,16.149999618530273,13627447
2020-04-06,12.055065155029297,16.350000381469727,16.3700008392334,15.670000076293945,15.75,12669967
2020-04-07,11.870738983154297,16.100000381469727,16.979999542236328,15.819999694824219,16.84000015258789,14570735
2020-04-08,11.24402141571045,15.25,15.75,15.100000381469727,15.550000190734863,17904663
2020-04-09,11.767513275146484,15.960000038146973,15.960000038146973,15.329999923706055,15.630000114440918,13217582
2020-04-14,11.996081352233887,16.270000457763672,16.270000457763672,15.609999656677246,15.960000038146973,15308144
2020-04-15,12.01082706451416,16.290000915527344,16.350000381469727,15.869999885559082,16.110000610351562,11269160
2020-04-16,11.738022804260254,15.920000076293945,15.920000076293945,15.600000381469727,15.699999809265137,12750926
2020-04-17,11.701157569885254,15.869999885559082,16.225000381469727,15.800000190734863,16.040000915527344,11473956
2020-04-20,11.443096160888672,15.520000457763672,16.100000381469727,15.520000457763672,15.9399995803833,9194578
2020-04-21,11.185036659240723,15.170000076293945,15.699999809265137,15.15999984741211,15.550000190734863,10641329
2020-04-22,11.310380935668945,15.34000015258789,15.510000228881836,14.899999618530273,15.010000228881836,11846347
2020-04-23,11.266140937805176,15.279999732971191,15.529999732971191,15.09000015258789,15.460000038146973,11694870
2020-04-24,11.303007125854492,15.329999923706055,15.449999809265137,15.15999984741211,15.199999809265137,9053149
2020-04-27,10.80900764465332,14.65999984741211,14.90999984741211,14.529999732971191,14.869999885559082,27830532
2020-04-28,11.00070858001709,14.920000076293945,15.319999694824219,14.760000228881836,14.949999809265137,16560654
2020-04-29,11.568437576293945,15.6899995803833,15.6899995803833,15.175000190734863,15.229999542236328,16954448
2020-04-30,12.003453254699707,16.280000686645508,16.31999969482422,15.75,15.890000343322754,16330799
2020-05-01,11.310380935668945,15.34000015258789,15.880000114440918,15.34000015258789,15.880000114440918,17265514
2020-05-04,11.627425193786621,15.770000457763672,15.920000076293945,14.960000038146973,15.0,14172599
2020-05-05,11.944470405578613,16.200000762939453,16.200000762939453,15.84000015258789,15.949999809265137,11678036
2020-05-06,11.767513275146484,15.960000038146973,16.059999465942383,15.789999961853027,16.0,9159865
2020-05-07,11.502081871032715,15.600000381469727,15.869999885559082,15.5600004196167,15.84000015258789,8369533
2020-05-08,11.435724258422852,15.510000228881836,15.859999656677246,15.510000228881836,15.789999961853027,10322277
2020-05-11,11.524200439453125,15.630000114440918,15.84000015258789,15.59000015258789,15.699999809265137,8158612
2020-05-12,11.229275703430176,15.229999542236328,15.630000114440918,15.170000076293945,15.550000190734863,10780859
2020-05-13,11.288260459899902,15.3100004196167,15.3100004196167,15.0,15.0600004196167,8102927
2020-05-14,11.0228271484375,14.949999809265137,15.149999618530273,14.949999809265137,15.010000228881836,8730701
2020-05-15,11.251395225524902,15.260000228881836,15.34000015258789,15.029999732971191,15.119999885559082,9048693
2020-05-18,10.99333381652832,14.90999984741211,15.279999732971191,14.90999984741211,15.260000228881836,9263141
2020-05-19,11.229275703430176,15.229999542236328,15.640000343322754,15.1899995803833,15.329999923706055,15655336
2020-05-20,11.295634269714355,15.319999694824219,15.329999923706055,14.989999771118164,15.0600004196167,7190063
2020-05-21,11.185036659240723,15.170000076293945,15.449999809265137,15.109999656677246,15.430000305175781,6114107
2020-05-22,11.06706714630127,15.010000228881836,15.305000305175781,15.010000228881836,15.130000114440918,5926277
2020-05-25,11.303007125854492,15.329999923706055,15.329999923706055,15.079999923706055,15.100000381469727,9023847
2020-05-26,12.01819896697998,16.299999237060547,16.299999237060547,15.350000381469727,15.399999618530273,17699859
2020-05-27,12.984079360961914,17.610000610351562,18.079999923706055,16.690000534057617,16.760000228881836,29509042
2020-05-28,13.559185028076172,18.389999389648438,19.040000915527344,18.170000076293945,18.780000686645508,23478609
2020-05-29,12.696527481079102,17.219999313354492,17.969999313354492,17.219999313354492,17.969999313354492,31570848
2020-06-01,12.79975414276123,17.360000610351562,17.440000534057617,16.700000762939453,16.850000381469727,10606477
2020-06-02,12.681783676147461,17.200000762939453,17.5,17.079999923706055,17.3700008392334,10144199
2020-06-03,13.23476505279541,17.950000762939453,18.06999969482422,17.280000686645508,17.450000762939453,12111205
2020-06-04,13.404348373413086,18.18000030517578,18.739999771118164,17.899999618530273,18.579999923706055,16346871
2020-06-05,13.854109764099121,18.790000915527344,18.8799991607666,18.360000610351562,18.559999465942383,17008940
2020-06-09,14.6577787399292,19.8799991607666,20.190000534057617,19.649999618530273,19.8700008392334,20952044
2020-06-10,14.525065422058105,19.700000762939453,19.850000381469727,19.229999542236328,19.5,10463196
2020-06-11,13.640287399291992,18.5,19.190000534057617,18.360000610351562,19.100000381469727,18660281
2020-06-12,13.190526008605957,17.889999389648438,17.989999771118164,17.3799991607666,17.600000381469727,19262012
2020-06-15,12.814497947692871,17.3799991607666,18.15999984741211,17.360000610351562,17.8799991607666,12135897
2020-06-16,13.337989807128906,18.09000015258789,18.270000457763672,17.84000015258789,18.040000915527344,12856390
2020-06-17,13.38222885131836,18.149999618530273,18.290000915527344,17.809999465942383,18.290000915527344,10142280
2020-06-18,13.337989807128906,18.09000015258789,18.165000915527344,17.59000015258789,17.90999984741211,15016183
2020-06-19,13.39697551727295,18.170000076293945,18.3799991607666,18.010000228881836,18.280000686645508,23593777
2020-06-22,13.463335037231445,18.260000228881836,18.40999984741211,17.81999969482422,17.8799991607666,7313481
2020-06-23,13.37485408782959,18.139999389648438,18.389999389648438,17.8799991607666,18.299999237060547,9218312
2020-06-24,13.315871238708496,18.059999465942383,18.229999542236328,17.90999984741211,18.200000762939453,8861357
2020-06-25,12.843990325927734,17.420000076293945,17.760000228881836,17.420000076293945,17.709999084472656,12319799
2020-06-26,13.264257431030273,17.989999771118164,18.06999969482422,17.6299991607666,17.6299991607666,13525387
2020-06-29,13.116796493530273,17.790000915527344,17.84000015258789,17.420000076293945,17.520000457763672,8312923
2020-06-30,13.23476505279541,17.950000762939453,18.329999923706055,17.950000762939453,18.149999618530273,11639672
2020-07-01,13.478080749511719,18.280000686645508,18.290000915527344,17.90999984741211,18.170000076293945,7441877
2020-07-02,13.721392631530762,18.610000610351562,18.68000030517578,18.1299991607666,18.350000381469727,11910236
2020-07-03,13.669782638549805,18.540000915527344,18.90999984741211,18.3700008392334,18.75,5724470
2020-07-06,13.603423118591309,18.450000762939453,18.770000457763672,18.389999389648438,18.489999771118164,8898194
2020-07-07,13.389601707458496,18.15999984741211,18.75,18.110000610351562,18.65999984741211,7906529
2020-07-08,13.153660774230957,17.84000015258789,18.020000457763672,17.770000457763672,17.90999984741211,10084838
2020-07-09,13.20527458190918,17.90999984741211,18.059999465942383,17.90999984741211,17.940000534057617,7986958
2020-07-10,13.02094554901123,17.65999984741211,17.885000228881836,17.559999465942383,17.799999237060547,9639541
2020-07-13,13.24951171875,17.969999313354492,18.290000915527344,17.829999923706055,17.969999313354492,10923086
2020-07-14,13.146288871765137,17.829999923706055,17.989999771118164,17.65999984741211,17.920000076293945,7420455
2020-07-15,13.256884574890137,17.979999542236328,17.979999542236328,17.649999618530273,17.8700008392334,10008398
2020-07-16,13.13154125213623,17.809999465942383,18.200000762939453,17.75,18.170000076293945,8173133
2020-07-17,13.190526008605957,17.889999389648438,17.920000076293945,17.770000457763672,17.899999618530273,6360291
2020-07-20,13.03569221496582,17.68000030517578,17.735000610351562,17.59000015258789,17.709999084472656,4930908
2020-07-21,13.360108375549316,18.1200008392334,18.1200008392334,17.549999237060547,17.68000030517578,9299772
2020-07-22,13.279004096984863,18.010000228881836,18.3799991607666,17.920000076293945,18.100000381469727,7416104
2020-07-23,13.337989807128906,18.09000015258789,18.09000015258789,17.790000915527344,17.799999237060547,6502893
2020-07-24,13.094676971435547,17.760000228881836,17.979999542236328,17.739999771118164,17.959999084472656,5561390
2020-07-27,13.06518268585205,17.719999313354492,17.829999923706055,17.540000915527344,17.770000457763672,5518094
2020-07-28,12.873483657836914,17.459999084472656,17.770000457763672,17.459999084472656,17.700000762939453,10067378
2020-07-29,13.050439834594727,17.700000762939453,18.0,17.549999237060547,17.760000228881836,10658967
2020-07-30,13.028319358825684,17.670000076293945,17.899999618530273,17.59000015258789,17.809999465942383,6541294
2020-07-31,12.600676536560059,17.09000015258789,17.489999771118164,17.049999237060547,17.450000762939453,15168779
2020-08-03,12.158289909362793,16.489999771118164,16.829999923706055,16.479999542236328,16.829999923706055,10045047
2020-08-04,12.379484176635742,16.790000915527344,17.049999237060547,16.690000534057617,16.829999923706055,13235029
2020-08-05,12.261513710021973,16.6299991607666,16.65999984741211,16.270000457763672,16.479999542236328,7454493
2020-08-06,12.357364654541016,16.760000228881836,16.850000381469727,16.649999618530273,16.690000534057617,7132660
2020-08-07,12.357364654541016,16.760000228881836,16.799999237060547,16.59000015258789,16.65999984741211,5672416
2020-08-10,12.770258903503418,17.31999969482422,17.360000610351562,16.899999618530273,16.90999984741211,8993485
2020-08-11,13.10942268371582,17.780000686645508,17.920000076293945,17.440000534057617,17.459999084472656,9407779
2020-08-12,13.411722183227539,18.190000534057617,18.450000762939453,17.93000030517578,18.170000076293945,12294175
2020-08-13,13.23476505279541,17.950000762939453,18.239999771118164,17.8799991607666,18.239999771118164,9128310
2020-08-14,13.30112361907959,18.040000915527344,18.229999542236328,17.899999618530273,18.110000610351562,7783101
2020-08-17,12.96933650970459,17.59000015258789,17.889999389648438,17.56999969482422,17.84000015258789,8371109
2020-08-18,12.667037963867188,17.18000030517578,17.25,16.829999923706055,17.020000457763672,16961843
2020-08-19,12.829242706298828,17.399999618530273,17.399999618530273,16.969999313354492,16.969999313354492,10269479
2020-08-20,12.726021766662598,17.260000228881836,17.3799991607666,17.100000381469727,17.200000762939453,10557929
2020-08-21,12.703902244567871,17.229999542236328,17.719999313354492,17.15999984741211,17.350000381469727,8210065
2020-08-24,12.615422248840332,17.110000610351562,17.209999084472656,17.030000686645508,17.15999984741211,7802413
2020-08-25,13.16103744506836,17.850000381469727,17.924999237060547,17.399999618530273,17.450000762939453,15991654
2020-08-26,12.991453170776367,17.6200008392334,17.770000457763672,17.389999389648438,17.760000228881836,7355817
2020-08-27,12.829242706298828,17.399999618530273,17.579999923706055,17.3700008392334,17.510000228881836,7009411
2020-08-28,12.947214126586914,17.559999465942383,17.760000228881836,17.43000030517578,17.450000762939453,8640818
2020-08-31,12.932470321655273,17.540000915527344,17.719999313354492,17.510000228881836,17.520000457763672,7946291
2020-09-01,12.571184158325195,17.049999237060547,17.34000015258789,16.950000762939453,17.34000015258789,10651454
2020-09-02,12.770258903503418,17.31999969482422,17.360000610351562,17.09000015258789,17.1299991607666,6508051
2020-09-03,12.976707458496094,17.600000381469727,17.760000228881836,17.5,17.520000457763672,9468198
2020-09-04,12.578557968139648,17.059999465942383,17.299999237060547,17.049999237060547,17.299999237060547,8799433
2020-09-07,12.814497947692871,17.3799991607666,17.479999542236328,16.989999771118164,17.079999923706055,7851138
2020-09-08,13.02094554901123,17.65999984741211,17.65999984741211,17.34000015258789,17.5,5907005
2020-09-09,12.585929870605469,17.06999969482422,17.200000762939453,17.020000457763672,17.18000030517578,9868135
2020-09-10,12.534317970275879,17.0,17.229999542236328,16.899999618530273,17.219999313354492,7400660
2020-09-11,12.394229888916016,16.809999465942383,16.940000534057617,16.719999313354492,16.829999923706055,8272135
2020-09-14,12.512200355529785,16.969999313354492,17.139999389648438,16.899999618530273,17.0,4819727
2020-09-15,12.32787036895752,16.719999313354492,16.920000076293945,16.700000762939453,16.899999618530273,12452878
2020-09-16,12.357364654541016,16.760000228881836,16.850000381469727,16.625,16.81999969482422,8114129
2020-09-17,12.394229888916016,16.809999465942383,16.90999984741211,16.700000762939453,16.719999313354492,11553440
2020-09-18,12.268885612487793,16.639999389648438,16.829999923706055,16.639999389648438,16.829999923706055,13401425
2020-09-21,12.09192943572998,16.399999618530273,16.729999542236328,16.3799991607666,16.600000381469727,7990038
2020-09-22,11.833871841430664,16.049999237060547,16.200000762939453,16.0,16.200000762939453,9412082
2020-09-23,12.084558486938477,16.389999389648438,16.399999618530273,16.1299991607666,16.190000534057617,9509245
2020-09-24,12.069812774658203,16.3700008392334,16.43000030517578,16.0,16.100000381469727,9814967
2020-09-25,12.961960792541504,17.579999923706055,17.594999313354492,17.030000686645508,17.139999389648438,20973671
2020-09-28,12.814497947692871,17.3799991607666,17.56999969482422,17.290000915527344,17.549999237060547,6700881
2020-09-29,12.652290344238281,17.15999984741211,17.530000686645508,17.1299991607666,17.440000534057617,9225568
2020-09-30,12.416349411010742,16.84000015258789,17.059999465942383,16.825000762939453,16.989999771118164,10056338
2020-10-01,12.475335121154785,16.920000076293945,17.079999923706055,16.84000015258789,16.899999618530273,5047294
2020-10-02,12.21727466583252,16.56999969482422,16.829999923706055,16.510000228881836,16.799999237060547,7983522
2020-10-05,12.748141288757324,17.290000915527344,17.329999923706055,16.90999984741211,16.989999771118164,6459533
2020-10-06,12.836616516113281,17.40999984741211,17.450000762939453,17.06999969482422,17.399999618530273,7321943
2020-10-07,13.16840934753418,17.860000610351562,17.860000610351562,17.25,17.360000610351562,8650334
2020-10-08,13.360108375549316,18.1200008392334,18.18000030517578,17.989999771118164,18.020000457763672,11716924
2020-10-09,13.426467895507812,18.209999084472656,18.34000015258789,17.979999542236328,18.18000030517578,9144141
2020-10-12,13.677152633666992,18.549999237060547,18.549999237060547,17.989999771118164,18.100000381469727,9610889
2020-10-13,13.979453086853027,18.959999084472656,19.06999969482422,18.770000457763672,18.920000076293945,12853688
2020-10-14,13.787752151489258,18.700000762939453,18.770000457763672,18.559999465942383,18.739999771118164,8907061
2020-10-15,13.8467378616333,18.780000686645508,18.950000762939453,18.610000610351562,18.65999984741211,7238169
2020-10-16,13.758257865905762,18.65999984741211,18.959999084472656,18.56999969482422,18.93000030517578,12160377
2020-10-19,13.8467378616333,18.780000686645508,18.93000030517578,18.709999084472656,18.8700008392334,5946651
2020-10-20,13.647662162780762,18.510000228881836,18.770000457763672,18.469999313354492,18.770000457763672,11704682
2020-10-21,13.780381202697754,18.690000534057617,18.790000915527344,18.3700008392334,18.450000762939453,7985227
2020-10-22,13.714021682739258,18.600000381469727,18.610000610351562,18.350000381469727,18.489999771118164,7374354
2020-10-23,13.8467378616333,18.780000686645508,18.81999969482422,18.610000610351562,18.770000457763672,7382204
2020-10-26,13.787752151489258,18.700000762939453,19.020000457763672,18.56999969482422,18.84000015258789,7986539
2020-10-27,13.684527397155762,18.559999465942383,18.700000762939453,18.485000610351562,18.5,5670684
2020-10-28,13.500200271606445,18.309999465942383,18.469999313354492,18.170000076293945,18.270000457763672,7371054
2020-10-29,13.23476505279541,17.950000762939453,18.139999389648438,17.889999389648438,18.0,8252440
2020-10-30,13.20527458190918,17.90999984741211,18.100000381469727,17.8799991607666,17.950000762939453,9896508
2020-11-02,13.124170303344727,17.799999237060547,18.149999618530273,17.559999465942383,18.079999923706055,12599426
2020-11-03,13.050439834594727,17.700000762939453,17.920000076293945,17.690000534057617,17.860000610351562,13569610
2020-11-04,12.792378425598145,17.350000381469727,17.700000762939453,17.200000762939453,17.68000030517578,12706384
2020-11-05,13.050439834594727,17.700000762939453,17.719999313354492,17.18000030517578,17.329999923706055,9544552
2020-11-06,13.102048873901367,17.770000457763672,17.899999618530273,17.68000030517578,17.84000015258789,8725603
2020-11-09,13.094676971435547,17.760000228881836,17.959999084472656,17.700000762939453,17.790000915527344,8699453
2020-11-10,13.773006439208984,18.68000030517578,18.8799991607666,18.395000457763672,18.56999969482422,26094629
2020-11-11,14.042917251586914,18.729999542236328,18.809999465942383,18.559999465942383,18.6299991607666,15028324
2020-11-12,13.78050422668457,18.3799991607666,18.780000686645508,18.225000381469727,18.780000686645508,13180142
2020-11-13,13.750513076782227,18.34000015258789,18.399999618530273,18.030000686645508,18.200000762939453,9223475
2020-11-16,13.945450782775879,18.600000381469727,18.649999618530273,18.559999465942383,18.600000381469727,1101191
2020-11-17,14.260347366333008,19.020000457763672,19.229999542236328,18.760000228881836,18.770000457763672,19272849
2020-11-18,14.582741737365723,19.450000762939453,19.530000686645508,19.1299991607666,19.15999984741211,13655223
2020-11-19,14.920130729675293,19.899999618530273,19.90999984741211,19.530000686645508,19.6200008392334,18396534
2020-11-20,14.927629470825195,19.90999984741211,20.010000228881836,19.75,19.899999618530273,15366089
2020-11-23,14.94262409210205,19.93000030517578,20.1200008392334,19.799999237060547,19.899999618530273,7743889
2020-11-24,15.332498550415039,20.450000762939453,20.600000381469727,20.100000381469727,20.100000381469727,12171201
2020-11-25,15.662384986877441,20.889999389648438,21.06999969482422,20.799999237060547,20.8700008392334,14098190
2020-11-26,15.452455520629883,20.610000610351562,20.809999465942383,20.510000228881836,20.770000457763672,10020420
2020-11-27,15.317502975463867,20.43000030517578,20.610000610351562,20.309999465942383,20.510000228881836,8109157
2020-11-30,15.092573165893555,20.1299991607666,20.65999984741211,20.079999923706055,20.549999237060547,15213356
2020-12-01,15.205038070678711,20.280000686645508,20.43000030517578,19.850000381469727,20.010000228881836,7329734
2020-12-02,15.2200345993042,20.299999237060547,20.350000381469727,20.100000381469727,20.299999237060547,7867417
2020-12-03,15.145057678222656,20.200000762939453,20.3700008392334,20.15999984741211,20.299999237060547,7248660
2020-12-04,15.197541236877441,20.270000457763672,20.3799991607666,20.170000076293945,20.190000534057617,6591942
2020-12-07,15.197541236877441,20.270000457763672,20.469999313354492,20.1299991607666,20.350000381469727,6162741
2020-12-08,15.100072860717773,20.139999389648438,20.200000762939453,20.010000228881836,20.100000381469727,8785976
2020-12-09,15.047586441040039,20.06999969482422,20.204999923706055,20.059999465942383,20.1200008392334,6923355
2020-12-10,14.9876070022583,19.989999771118164,20.1200008392334,19.950000762939453,20.059999465942383,9657770
2020-12-11,14.957619667053223,19.950000762939453,20.040000915527344,19.850000381469727,19.950000762939453,6067022
2020-12-14,15.017602920532227,20.030000686645508,20.190000534057617,19.920000076293945,20.0,7156336
2020-12-15,14.94262409210205,19.93000030517578,20.059999465942383,19.81999969482422,20.059999465942383,7142062
2020-12-16,15.062582969665527,20.09000015258789,20.315000534057617,20.020000457763672,20.020000457763672,10441854
2020-12-17,15.152556419372559,20.209999084472656,20.295000076293945,20.110000610351562,20.149999618530273,10495313
2020-12-18,14.920130729675293,19.899999618530273,20.149999618530273,19.899999618530273,20.149999618530273,19403711
2020-12-21,14.905134201049805,19.8799991607666,19.8799991607666,19.649999618530273,19.809999465942383,7781188
2020-12-22,14.665213584899902,19.559999465942383,19.809999465942383,19.469999313354492,19.719999313354492,6846357
2020-12-23,14.665213584899902,19.559999465942383,19.700000762939453,19.524999618530273,19.56999969482422,4567546
2020-12-24,14.657716751098633,19.549999237060547,19.780000686645508,19.549999237060547,19.760000228881836,2540311
2020-12-29,14.740191459655762,19.65999984741211,19.809999465942383,19.6299991607666,19.770000457763672,2698032
2020-12-30,14.740191459655762,19.65999984741211,19.65999984741211,19.5,19.559999465942383,3188717
2020-12-31,14.522758483886719,19.3700008392334,19.649999618530273,19.3700008392334,19.59000015258789,3684307
2021-01-04,14.717697143554688,19.6299991607666,19.670000076293945,19.424999237060547,19.459999084472656,4044153
2021-01-05,14.635223388671875,19.520000457763672,19.530000686645508,19.3799991607666,19.469999313354492,4944351
2021-01-06,14.522758483886719,19.3700008392334,19.5,19.229999542236328,19.450000762939453,7063517
2021-01-07,14.9876070022583,19.989999771118164,20.34000015258789,19.780000686645508,19.799999237060547,14348410
2021-01-08,15.205038070678711,20.280000686645508,20.280000686645508,20.020000457763672,20.110000610351562,7716248
2021-01-11,15.21253776550293,20.290000915527344,20.329999923706055,20.200000762939453,20.229999542236328,4513238
2021-01-12,15.362485885620117,20.489999771118164,20.6299991607666,20.280000686645508,20.309999465942383,8262523
2021-01-13,15.44495964050293,20.600000381469727,20.68000030517578,20.420000076293945,20.420000076293945,6166289
2021-01-14,15.767356872558594,21.030000686645508,21.190000534057617,20.68000030517578,20.700000762939453,10347252
2021-01-15,16.00727653503418,21.350000381469727,21.59000015258789,21.149999618530273,21.200000762939453,9396993
2021-01-18,15.88731575012207,21.190000534057617,21.3700008392334,21.100000381469727,21.360000610351562,5983851
2021-01-19,16.19471549987793,21.600000381469727,21.780000686645508,21.40999984741211,21.450000762939453,8246543
2021-01-20,16.179723739624023,21.579999923706055,21.850000381469727,21.575000762939453,21.760000228881836,5907172
2021-01-21,16.359661102294922,21.81999969482422,21.940000534057617,21.790000915527344,21.850000381469727,6164314
2021-01-22,16.329669952392578,21.780000686645508,21.8700008392334,21.639999389648438,21.639999389648438,6984829
2021-01-25,16.337169647216797,21.790000915527344,21.959999084472656,21.6299991607666,21.799999237060547,3960211
2021-01-27,16.23969841003418,21.65999984741211,21.969999313354492,21.510000228881836,21.850000381469727,7565067
2021-01-28,16.089746475219727,21.459999084472656,21.469999313354492,21.020000457763672,21.229999542236328,8389458
2021-01-29,15.842329978942871,21.1299991607666,21.65999984741211,21.024999618530273,21.649999618530273,8256673
2021-02-01,15.902311325073242,21.209999084472656,21.31999969482422,20.65999984741211,20.799999237060547,6319097
2021-02-02,16.059755325317383,21.420000076293945,21.549999237060547,21.309999465942383,21.40999984741211,6367499
2021-02-03,16.30717658996582,21.75,21.93000030517578,21.6200008392334,21.709999084472656,7742337
2021-02-04,16.277185440063477,21.709999084472656,21.850000381469727,21.6200008392334,21.809999465942383,4342173
2021-02-05,16.607078552246094,22.149999618530273,22.209999084472656,21.829999923706055,21.969999313354492,7968872
2021-02-08,16.832008361816406,22.450000762939453,22.59000015258789,22.190000534057617,22.209999084472656,8064909
2021-02-09,16.622072219848633,22.170000076293945,22.440000534057617,22.110000610351562,22.360000610351562,4756119
2021-02-10,16.66705894470215,22.229999542236328,22.450000762939453,22.1200008392334,22.299999237060547,4713107
2021-02-11,16.71204948425293,22.290000915527344,22.329999923706055,22.079999923706055,22.170000076293945,4218812
2021-02-12,16.599580764770508,22.139999389648438,22.329999923706055,22.059999465942383,22.280000686645508,4943999
2021-02-15,16.794519424438477,22.399999618530273,22.559999465942383,22.260000228881836,22.350000381469727,4389653
2021-02-16,16.87699317932129,22.510000228881836,22.899999618530273,22.459999084472656,22.6200008392334,6448280
2021-02-17,17.649240493774414,23.540000915527344,23.940000534057617,23.459999084472656,23.600000381469727,14880630
2021-02-18,18.27153778076172,24.3700008392334,24.479999542236328,23.969999313354492,24.059999465942383,15032032
2021-02-19,18.06160545349121,24.09000015258789,24.200000762939453,23.899999618530273,24.149999618530273,10418673
2021-02-22,17.784196853637695,23.719999313354492,24.1200008392334,23.68000030517578,24.100000381469727,7376834
2021-02-23,18.114089965820312,24.15999984741211,24.18000030517578,23.575000762939453,23.709999084472656,6808998
2021-02-24,18.0316162109375,24.049999237060547,24.075000762939453,23.899999618530273,24.030000686645508,4595204
2021-02-25,18.264039993286133,24.360000610351562,24.469999313354492,24.1200008392334,24.299999237060547,6769867
2021-02-26,17.85917091369629,23.81999969482422,24.200000762939453,23.690000534057617,24.18000030517578,11370199
2021-03-01,18.136579513549805,24.190000534057617,24.25,23.809999465942383,23.8700008392334,5805483
2021-03-02,18.114089965820312,24.15999984741211,24.459999084472656,24.079999923706055,24.399999618530273,8680741
2021-03-03,18.391498565673828,24.530000686645508,24.6200008392334,24.030000686645508,24.059999465942383,6923689
2021-03-04,18.62392234802246,24.84000015258789,24.8700008392334,24.43000030517578,24.799999237060547,10014282
2021-03-05,18.646413803100586,24.8700008392334,25.0,24.649999618530273,24.81999969482422,7754868
2021-03-08,18.548946380615234,24.739999771118164,25.280000686645508,24.700000762939453,25.100000381469727,5403844
2021-03-09,18.683902740478516,24.920000076293945,25.299999237060547,24.8700008392334,25.079999923706055,6298195
2021-03-10,18.443979263305664,24.600000381469727,24.969999313354492,24.579999923706055,24.829999923706055,4504867
2021-03-11,18.391498565673828,24.530000686645508,24.84000015258789,24.329999923706055,24.68000030517578,6216274
2021-03-12,18.331520080566406,24.450000762939453,24.649999618530273,24.399999618530273,24.600000381469727,4139949
2021-03-15,18.428987503051758,24.579999923706055,24.729999542236328,24.34000015258789,24.540000915527344,4392730
2021-03-16,18.541446685791016,24.729999542236328,24.899999618530273,24.459999084472656,24.649999618530273,5819629
2021-03-17,18.496463775634766,24.670000076293945,24.790000915527344,24.5049991607666,24.690000534057617,4731339
2021-03-18,18.32402229309082,24.440000534057617,24.649999618530273,24.3799991607666,24.440000534057617,7010572
2021-03-19,18.384000778198242,24.520000457763672,24.65999984741211,24.329999923706055,24.360000610351562,17722276
2021-03-22,18.48896598815918,24.65999984741211,24.719999313354492,24.280000686645508,24.479999542236328,4939978
2021-03-23,18.3165225982666,24.43000030517578,24.610000610351562,24.350000381469727,24.489999771118164,6284485
2021-03-24,18.136579513549805,24.190000534057617,24.3700008392334,24.059999465942383,24.299999237060547,6310570
2021-03-25,18.08409881591797,24.1200008392334,24.209999084472656,24.010000228881836,24.049999237060547,5559320
2021-03-26,18.249042510986328,24.34000015258789,24.440000534057617,24.15999984741211,24.170000076293945,5052780
2021-03-29,18.249042510986328,24.34000015258789,24.65999984741211,24.229999542236328,24.399999618530273,5313079
2021-03-30,18.264039993286133,24.360000610351562,24.540000915527344,24.190000534057617,24.450000762939453,6232996
2021-03-31,18.301528930664062,24.40999984741211,24.780000686645508,24.40999984741211,24.450000762939453,7623677
2021-04-01,18.39900016784668,24.540000915527344,24.559999465942383,24.260000228881836,24.420000076293945,4197192
2021-04-06,18.518957138061523,24.700000762939453,24.860000610351562,24.610000610351562,24.75,4948766
2021-04-07,18.62392234802246,24.84000015258789,24.8700008392334,24.59000015258789,24.709999084472656,4482088
2021-04-08,18.863845825195312,25.15999984741211,25.3799991607666,24.959999084472656,25.170000076293945,7035601
2021-04-09,18.90133285522461,25.209999084472656,25.219999313354492,24.940000534057617,25.1299991607666,4031591
2021-04-12,18.96881103515625,25.299999237060547,25.3799991607666,25.170000076293945,25.200000762939453,3476635
2021-04-13,18.976308822631836,25.309999465942383,25.360000610351562,25.200000762939453,25.239999771118164,3590515
2021-04-14,18.991304397583008,25.329999923706055,25.3799991607666,24.969999313354492,25.190000534057617,5226936
2021-04-15,19.118759155273438,25.5,25.520000457763672,25.1299991607666,25.299999237060547,5683675
2021-04-16,18.98380470275879,25.31999969482422,25.40999984741211,25.15999984741211,25.350000381469727,5303151
2021-04-19,19.013797760009766,25.360000610351562,25.489999771118164,25.329999923706055,25.440000534057617,3925295
2021-04-20,18.9238224029541,25.239999771118164,25.389999389648438,25.219999313354492,25.299999237060547,4271830
2021-04-21,18.7288875579834,24.979999542236328,25.0,24.6200008392334,24.920000076293945,7806973
2021-04-22,18.826358795166016,25.110000610351562,25.1299991607666,24.940000534057617,25.030000686645508,5606725
2021-04-23,18.83385467529297,25.1200008392334,25.139999389648438,24.979999542236328,25.030000686645508,3923382
2021-04-26,18.803865432739258,25.079999923706055,25.360000610351562,25.079999923706055,25.18000030517578,3952356
2021-04-27,18.73638343811035,24.989999771118164,25.049999237060547,24.864999771118164,25.030000686645508,4798314
2021-04-28,18.96881103515625,25.299999237060547,25.329999923706055,25.1200008392334,25.15999984741211,6383563
2021-04-29,18.886337280273438,25.190000534057617,25.350000381469727,25.149999618530273,25.299999237060547,4948296
2021-04-30,18.7288875579834,24.979999542236328,25.25,24.959999084472656,25.190000534057617,7878907
2021-05-03,19.666080474853516,26.229999542236328,26.315000534057617,25.6299991607666,25.709999084472656,16139700
2021-05-04,19.486141204833984,25.989999771118164,26.399999618530273,25.809999465942383,26.3799991607666,7196366
2021-05-05,19.46364974975586,25.959999084472656,26.229999542236328,25.899999618530273,26.15999984741211,6367722
2021-05-06,19.50863265991211,26.020000457763672,26.15999984741211,25.760000228881836,26.15999984741211,7343573
2021-05-07,19.56111717224121,26.09000015258789,26.229999542236328,25.899999618530273,26.0,5496310
2021-05-10,19.808536529541016,26.420000076293945,26.43000030517578,26.139999389648438,26.149999618530273,5134497
2021-05-11,19.553619384765625,26.079999923706055,26.420000076293945,26.040000915527344,26.200000762939453,8110986
2021-05-12,19.32119369506836,25.770000457763672,25.8700008392334,25.510000228881836,25.809999465942383,9336042
2021-05-13,19.32119369506836,25.190000534057617,25.229999542236328,25.049999237060547,25.209999084472656,15714303
2021-05-14,19.489938735961914,25.40999984741211,25.68000030517578,25.389999389648438,25.540000915527344,6227628
2021-05-17,19.428577423095703,25.329999923706055,25.6200008392334,25.299999237060547,25.459999084472656,4330017
2021-05-18,19.528289794921875,25.459999084472656,25.530000686645508,25.299999237060547,25.350000381469727,5375597
2021-05-19,19.31352424621582,25.18000030517578,25.260000228881836,25.040000915527344,25.079999923706055,8323461
2021-05-20,19.574310302734375,25.520000457763672,25.6200008392334,25.209999084472656,25.299999237060547,6815461
2021-05-21,19.674022674560547,25.649999618530273,25.75,25.559999465942383,25.600000381469727,6201726
2021-05-24,19.927139282226562,25.979999542236328,26.040000915527344,25.75,25.75,5142624
2021-05-25,20.095884323120117,26.200000762939453,26.200000762939453,25.9950008392334,26.079999923706055,4272751
2021-05-26,20.14957618713379,26.270000457763672,26.3799991607666,26.149999618530273,26.200000762939453,5697789
2021-05-27,20.011512756347656,26.09000015258789,26.3799991607666,26.09000015258789,26.3799991607666,10776555
2021-05-28,20.295305252075195,26.459999084472656,26.489999771118164,26.2549991607666,26.280000686645508,6870449
2021-05-31,20.26462745666504,26.420000076293945,26.549999237060547,26.329999923706055,26.469999313354492,5044864
2021-06-01,20.095884323120117,26.200000762939453,26.315000534057617,26.110000610351562,26.290000915527344,3536923
2021-06-02,20.111223220825195,26.219999313354492,26.31999969482422,26.110000610351562,26.270000457763672,4138204
2021-06-03,20.32598876953125,26.5,26.559999465942383,26.334999084472656,26.350000381469727,5659744
2021-06-04,20.609785079956055,26.8700008392334,26.8799991607666,26.59000015258789,26.600000381469727,5744699
2021-06-07,20.425701141357422,26.6299991607666,26.75,26.540000915527344,26.690000534057617,4647935
2021-06-08,20.50240135192871,26.729999542236328,26.780000686645508,26.600000381469727,26.600000381469727,4068260
2021-06-09,20.364337921142578,26.549999237060547,26.81999969482422,26.520000457763672,26.68000030517578,5192381
2021-06-10,20.395021438598633,26.59000015258789,26.690000534057617,26.479999542236328,26.600000381469727,3671786
2021-06-11,20.164913177490234,26.290000915527344,26.405000686645508,26.18000030517578,26.309999465942383,4231033
2021-06-15,20.364337921142578,26.549999237060547,26.68000030517578,26.3700008392334,26.3799991607666,5026151
2021-06-16,20.364337921142578,26.549999237060547,26.729999542236328,26.549999237060547,26.700000762939453,5993712
2021-06-17,20.663476943969727,26.940000534057617,27.1200008392334,26.719999313354492,26.799999237060547,10341827
2021-06-18,20.617454528808594,26.8799991607666,26.975000381469727,26.719999313354492,26.739999771118164,13927785
2021-06-21,20.05752944946289,26.149999618530273,26.399999618530273,26.075000762939453,26.399999618530273,6311087
2021-06-22,20.410362243652344,26.610000610351562,26.799999237060547,26.520000457763672,26.600000381469727,5969480
2021-06-23,20.003841400146484,26.079999923706055,26.450000762939453,26.079999923706055,26.450000762939453,6732031
2021-06-24,19.812088012695312,25.829999923706055,26.040000915527344,25.725000381469727,26.010000228881836,6208873
2021-06-25,19.858108520507812,25.889999389648438,26.18000030517578,25.860000610351562,26.100000381469727,4701759
2021-06-28,19.80441665649414,25.81999969482422,25.8700008392334,25.6200008392334,25.860000610351562,4082681
2021-06-29,19.83509635925293,25.860000610351562,25.889999389648438,25.55500030517578,25.649999618530273,4315422
2021-06-30,19.7967472076416,25.809999465942383,26.100000381469727,25.809999465942383,25.940000534057617,4755199
2021-07-01,19.674022674560547,25.649999618530273,25.940000534057617,25.610000610351562,25.940000534057617,3863747
2021-07-02,19.66635513305664,25.639999389648438,25.90999984741211,25.559999465942383,25.799999237060547,4852047
2021-07-05,19.581979751586914,25.530000686645508,25.729999542236328,25.479999542236328,25.579999923706055,3965667
2021-07-06,19.520620346069336,25.450000762939453,25.75,25.450000762939453,25.649999618530273,3784251
2021-07-07,19.63567352294922,25.600000381469727,25.639999389648438,25.299999237060547,25.299999237060547,3270758
2021-07-08,19.581979751586914,25.530000686645508,25.729999542236328,25.440000534057617,25.600000381469727,3028023
2021-07-09,19.459259033203125,25.3700008392334,25.3700008392334,25.170000076293945,25.290000915527344,5603131
2021-07-12,19.574310302734375,25.520000457763672,25.6299991607666,25.459999084472656,25.540000915527344,3092332
2021-07-13,19.428577423095703,25.329999923706055,25.760000228881836,25.329999923706055,25.700000762939453,6903250
2021-07-14,19.38255500793457,25.270000457763672,25.40999984741211,25.170000076293945,25.299999237060547,6256810
2021-07-15,19.16779136657715,24.989999771118164,25.260000228881836,24.969999313354492,25.239999771118164,6903675
2021-07-16,19.106428146362305,24.90999984741211,24.950000762939453,24.780000686645508,24.889999389648438,5496313
2021-07-19,18.93768310546875,24.690000534057617,24.760000228881836,24.329999923706055,24.5,4841080
2021-07-20,18.80729103088379,24.520000457763672,24.670000076293945,24.1299991607666,24.280000686645508,7344904
2021-07-21,18.991374969482422,24.760000228881836,24.920000076293945,24.690000534057617,24.700000762939453,5212250
2021-07-22,19.121768951416016,24.93000030517578,24.93000030517578,24.75,24.829999923706055,5058349
2021-07-23,18.953022003173828,24.709999084472656,24.81999969482422,24.600000381469727,24.600000381469727,3593670
2021-07-26,18.883995056152344,24.6200008392334,24.760000228881836,24.530000686645508,24.709999084472656,4340960
2021-07-27,19.014389038085938,24.790000915527344,24.829999923706055,24.56999969482422,24.700000762939453,4923996
2021-07-28,18.837970733642578,24.559999465942383,24.829999923706055,24.540000915527344,24.790000915527344,5082416
2021-07-29,18.80729103088379,24.520000457763672,24.584999084472656,24.450000762939453,24.520000457763672,4118012
2021-07-30,18.80729103088379,24.520000457763672,24.65999984741211,24.510000228881836,24.559999465942383,4467094
2021-08-02,19.19847297668457,25.030000686645508,25.100000381469727,24.6299991607666,24.649999618530273,5337687
2021-08-03,19.022058486938477,24.799999237060547,24.9950008392334,24.700000762939453,24.950000762939453,4714791
2021-08-04,19.052738189697266,24.84000015258789,24.940000534057617,24.719999313354492,24.899999618530273,4835657
2021-08-05,19.09108543395996,24.889999389648438,24.959999084472656,24.81999969482422,24.899999618530273,4631332
2021-08-06,19.26750373840332,25.1200008392334,25.1200008392334,24.920000076293945,24.950000762939453,3993772
2021-08-09,19.451589584350586,25.360000610351562,25.549999237060547,25.25,25.25,4880739
2021-08-10,19.620332717895508,25.579999923706055,25.600000381469727,25.399999618530273,25.530000686645508,4393221
2021-08-11,19.766063690185547,25.770000457763672,25.940000534057617,25.670000076293945,25.670000076293945,6494781
2021-08-12,19.758394241333008,25.760000228881836,26.06999969482422,25.649999618530273,26.0,5499418
2021-08-13,20.065200805664062,26.15999984741211,26.190000534057617,25.84000015258789,25.850000381469727,8336416
2021-08-16,19.78140640258789,25.790000915527344,26.114999771118164,25.790000915527344,26.110000610351562,6592571
2021-08-17,19.520620346069336,25.450000762939453,25.75,25.260000228881836,25.75,7196978
2021-08-18,19.7967472076416,25.809999465942383,25.959999084472656,25.489999771118164,25.649999618530273,5800750
2021-08-19,19.80441665649414,25.81999969482422,25.889999389648438,25.670000076293945,25.739999771118164,4807719
2021-08-20,19.758394241333008,25.760000228881836,25.959999084472656,25.68000030517578,25.829999923706055,5884950
2021-08-23,19.77373695373535,25.780000686645508,25.84000015258789,25.65999984741211,25.809999465942383,3608218
2021-08-24,19.873445510864258,25.90999984741211,25.959999084472656,25.770000457763672,25.81999969482422,4079721
2021-08-25,20.05752944946289,26.149999618530273,26.149999618530273,25.850000381469727,25.90999984741211,4652252
2021-08-26,19.950151443481445,26.010000228881836,26.1299991607666,25.920000076293945,26.1299991607666,3215792
2021-08-27,19.9348087310791,25.989999771118164,26.0,25.834999084472656,25.860000610351562,3041982
2021-08-30,19.78907585144043,25.799999237060547,26.0,25.65999984741211,25.989999771118164,3870481
2021-08-31,19.80441665649414,25.81999969482422,25.899999618530273,25.600000381469727,25.719999313354492,7187581
2021-09-01,20.026851654052734,26.110000610351562,26.110000610351562,25.6299991607666,25.6299991607666,5362603
2021-09-02,19.96548843383789,26.030000686645508,26.219999313354492,25.915000915527344,26.1299991607666,4608420
2021-09-03,19.95781898498535,26.020000457763672,26.094999313354492,25.899999618530273,26.049999237060547,3221700
2021-09-06,19.9348087310791,25.989999771118164,25.989999771118164,25.670000076293945,25.8799991607666,3889635
2021-09-07,19.96548843383789,26.030000686645508,26.049999237060547,25.809999465942383,25.90999984741211,3039361
2021-09-08,20.011512756347656,26.09000015258789,26.139999389648438,25.8700008392334,25.889999389648438,4588043
2021-09-09,19.63567352294922,25.600000381469727,25.959999084472656,25.469999313354492,25.940000534057617,6285165
2021-09-10,19.674022674560547,25.649999618530273,25.90999984741211,25.56999969482422,25.860000610351562,3862459
2021-09-13,19.66635513305664,25.639999389648438,25.709999084472656,25.5,25.649999618530273,3159366
2021-09-14,19.727710723876953,25.719999313354492,25.84000015258789,25.479999542236328,25.700000762939453,5793640
2021-09-15,19.78140640258789,25.790000915527344,25.899999618530273,25.459999084472656,25.6299991607666,4874131
2021-09-16,19.94247817993164,26.0,26.059999465942383,25.700000762939453,25.700000762939453,7311386
2021-09-17,19.85043716430664,25.8799991607666,26.020000457763672,25.719999313354492,25.950000762939453,10104216
2021-09-20,19.405567169189453,25.299999237060547,25.760000228881836,25.260000228881836,25.639999389648438,5516428
2021-09-21,19.32119369506836,25.190000534057617,25.239999771118164,24.899999618530273,25.0,5100209
2021-09-22,19.106428146362305,24.90999984741211,25.059999465942383,24.899999618530273,24.940000534057617,5924150
2021-09-23,19.229154586791992,25.06999969482422,25.190000534057617,25.030000686645508,25.1299991607666,5614383
2021-09-24,19.367218017578125,25.25,25.299999237060547,25.139999389648438,25.200000762939453,5185619
2021-09-27,19.528289794921875,25.459999084472656,25.639999389648438,25.3700008392334,25.389999389648438,5134742
2021-09-28,19.413236618041992,25.309999465942383,25.6200008392334,25.270000457763672,25.5,5698793
2021-09-29,19.30585479736328,25.170000076293945,25.299999237060547,25.0,25.139999389648438,5875567
2021-09-30,19.94247817993164,26.0,26.0,25.389999389648438,25.399999618530273,10871264
2021-10-01,19.489938735961914,25.40999984741211,25.610000610351562,25.229999542236328,25.610000610351562,6978134
2021-10-04,19.904125213623047,25.950000762939453,26.0,25.700000762939453,25.829999923706055,5168696
2021-10-05,19.7967472076416,25.809999465942383,25.969999313354492,25.56999969482422,25.8799991607666,7490355
2021-10-06,19.674022674560547,25.649999618530273,25.920000076293945,25.469999313354492,25.860000610351562,5269343
2021-10-07,19.950151443481445,26.010000228881836,26.06999969482422,25.670000076293945,25.809999465942383,6901915
2021-10-08,19.91179847717285,25.959999084472656,26.09000015258789,25.719999313354492,26.079999923706055,7412866
2021-10-11,19.988500595092773,26.059999465942383,26.09000015258789,25.75,25.790000915527344,6860005
2021-10-12,19.65868377685547,25.6299991607666,25.989999771118164,25.440000534057617,25.799999237060547,7888013
2021-10-13,19.405567169189453,25.299999237060547,25.549999237060547,25.200000762939453,25.549999237060547,5960351
2021-10-14,19.38255500793457,25.270000457763672,25.559999465942383,25.270000457763672,25.299999237060547,4714356
2021-10-15,19.474599838256836,25.389999389648438,25.510000228881836,25.25,25.389999389648438,3710101
2021-10-18,19.620332717895508,25.579999923706055,25.729999542236328,25.510000228881836,25.600000381469727,3315029
2021-10-19,19.543628692626953,25.479999542236328,25.670000076293945,25.479999542236328,25.540000915527344,3498064
2021-10-20,19.697036743164062,25.68000030517578,25.799999237060547,25.530000686645508,25.56999969482422,5466887
2021-10-21,19.812088012695312,25.829999923706055,25.8799991607666,25.670000076293945,25.770000457763672,6495075
2021-10-22,19.743053436279297,25.739999771118164,25.770000457763672,25.559999465942383,25.709999084472656,4546300
2021-10-25,19.72003936767578,25.709999084472656,25.899999618530273,25.670000076293945,25.809999465942383,3166667
2021-10-26,19.78140640258789,25.790000915527344,25.90999984741211,25.739999771118164,25.780000686645508,2900146
2021-10-27,19.904125213623047,25.950000762939453,26.190000534057617,25.809999465942383,25.899999618530273,5443851
2021-10-28,20.1188907623291,26.229999542236328,26.25,25.959999084472656,25.989999771118164,6313561
2021-10-29,19.68936538696289,25.670000076293945,26.440000534057617,25.670000076293945,26.34000015258789,7936427
2021-11-01,18.239700317382812,23.780000686645508,24.700000762939453,23.780000686645508,24.5,36262379
2021-11-02,17.74113655090332,23.1299991607666,23.950000762939453,23.0,23.950000762939453,21163708
2021-11-03,17.7564754486084,23.149999618530273,23.540000915527344,23.149999618530273,23.440000534057617,17407560
2021-11-04,17.794828414916992,23.200000762939453,23.299999237060547,23.079999923706055,23.219999313354492,12864818
2021-11-05,17.75545883178711,22.549999237060547,22.709999084472656,22.549999237060547,22.600000381469727,11882536
2021-11-08,17.983800888061523,22.84000015258789,22.969999313354492,22.649999618530273,22.709999084472656,8243874
2021-11-09,17.731840133666992,22.520000457763672,22.940000534057617,22.520000457763672,22.829999923706055,9292162
2021-11-10,17.881439208984375,22.709999084472656,23.020000457763672,22.559999465942383,22.600000381469727,10203425
2021-11-11,17.85782241821289,22.68000030517578,22.979999542236328,22.59000015258789,22.959999084472656,7779728
2021-11-12,17.865694046020508,22.690000534057617,22.8799991607666,22.690000534057617,22.81999969482422,7057740
2021-11-15,17.97592544555664,22.829999923706055,22.90999984741211,22.709999084472656,22.719999313354492,6268187
2021-11-16,17.912935256958008,22.75,22.950000762939453,22.719999313354492,22.81999969482422,7676007
2021-11-17,17.613731384277344,22.3700008392334,22.75,22.31999969482422,22.75,15750370
2021-11-18,17.440505981445312,22.149999618530273,22.360000610351562,22.149999618530273,22.299999237060547,7812318
2021-11-19,17.432632446289062,22.139999389648438,22.420000076293945,22.06999969482422,22.209999084472656,7130173
2021-11-22,17.070438385009766,21.68000030517578,22.100000381469727,21.6299991607666,22.059999465942383,11659056
2021-11-23,17.17279624938965,21.809999465942383,22.079999923706055,21.780000686645508,22.0,8913273
2021-11-24,17.164920806884766,21.799999237060547,21.969999313354492,21.760000228881836,21.959999084472656,9138671
2021-11-25,17.031068801879883,21.6299991607666,21.75,21.610000610351562,21.729999542236328,5572556
2021-11-26,16.598011016845703,21.079999923706055,21.729999542236328,21.030000686645508,21.670000076293945,12599479
2021-11-29,16.472028732299805,20.920000076293945,21.049999237060547,20.709999084472656,20.739999771118164,10422024
2021-11-30,16.157073974609375,20.520000457763672,21.270000457763672,20.520000457763672,21.149999618530273,19864589
2021-12-01,16.235811233520508,20.6200008392334,20.700000762939453,20.420000076293945,20.5,11385217
2021-12-02,16.109830856323242,20.459999084472656,20.709999084472656,20.3700008392334,20.5,12803060
2021-12-03,16.29880142211914,20.700000762939453,20.780000686645508,20.469999313354492,20.649999618530273,10581813
2021-12-06,16.314550399780273,20.719999313354492,20.780000686645508,20.549999237060547,20.709999084472656,6657880
2021-12-07,16.495651245117188,20.950000762939453,21.049999237060547,20.780000686645508,21.0,6453719
2021-12-08,16.59013557434082,21.06999969482422,21.239999771118164,20.860000610351562,21.100000381469727,8488954
2021-12-09,16.550764083862305,21.020000457763672,21.18000030517578,20.989999771118164,21.06999969482422,6565445
2021-12-10,16.41691017150879,20.850000381469727,21.079999923706055,20.799999237060547,21.0,8105983
2021-12-13,16.39328956604004,20.81999969482422,20.979999542236328,20.81999969482422,20.940000534057617,8019729
2021-12-14,16.479902267456055,20.93000030517578,20.979999542236328,20.729999542236328,20.75,4769916
2021-12-15,16.527143478393555,20.989999771118164,21.139999389648438,20.940000534057617,21.0,5855415
2021-12-16,16.503522872924805,20.959999084472656,21.059999465942383,20.764999389648438,20.940000534057617,12170423
2021-12-17,16.558639526367188,21.030000686645508,21.360000610351562,21.030000686645508,21.149999618530273,18752577
2021-12-20,16.542892456054688,21.010000228881836,21.040000915527344,20.729999542236328,20.979999542236328,5516218
2021-12-21,16.57438850402832,21.049999237060547,21.190000534057617,21.0,21.049999237060547,4353612
2021-12-22,16.59013557434082,21.06999969482422,21.149999618530273,20.93000030517578,21.1299991607666,4944213
2021-12-23,16.67674446105957,21.18000030517578,21.18000030517578,21.040000915527344,21.1299991607666,4359824
2021-12-24,16.692493438720703,21.200000762939453,21.450000762939453,21.200000762939453,21.260000228881836,3039364
2021-12-29,16.8972110748291,21.459999084472656,21.649999618530273,21.399999618530273,21.450000762939453,9676188
2021-12-30,16.928709030151367,21.5,21.600000381469727,21.479999542236328,21.510000228881836,4635337
2021-12-31,16.81060218811035,21.350000381469727,21.530000686645508,21.31999969482422,21.5,3046280
2022-01-04,17.054689407348633,21.65999984741211,21.739999771118164,21.420000076293945,21.5,7705544
2022-01-05,17.19641876220703,21.84000015258789,21.950000762939453,21.770000457763672,21.950000762939453,6090624
2022-01-06,16.912961959838867,21.479999542236328,21.780000686645508,21.40999984741211,21.719999313354492,8335714
2022-01-07,17.125551223754883,21.75,21.889999389648438,21.729999542236328,21.850000381469727,5579852
2022-01-10,17.18854331970215,21.829999923706055,21.8700008392334,21.68000030517578,21.799999237060547,3669523
2022-01-11,17.062562942504883,21.670000076293945,21.809999465942383,21.610000610351562,21.719999313354492,6845255
2022-01-12,17.062562942504883,21.670000076293945,21.81999969482422,21.559999465942383,21.760000228881836,6391161
2022-01-13,17.109804153442383,21.729999542236328,21.850000381469727,21.670000076293945,21.68000030517578,9107448
2022-01-14,16.889339447021484,21.450000762939453,21.729999542236328,21.389999389648438,21.670000076293945,9086584
2022-01-17,16.905086517333984,21.469999313354492,21.55500030517578,21.3799991607666,21.540000915527344,6761603
2022-01-18,16.85784149169922,21.40999984741211,21.510000228881836,21.31999969482422,21.489999771118164,7725913
2022-01-19,16.723989486694336,21.239999771118164,21.350000381469727,21.06999969482422,21.100000381469727,10861548
2022-01-20,16.621631622314453,21.110000610351562,21.190000534057617,21.020000457763672,21.049999237060547,8252509
2022-01-21,16.519271850585938,20.979999542236328,21.190000534057617,20.850000381469727,21.0,13619979
2022-01-24,16.377538681030273,20.799999237060547,20.93000030517578,20.690000534057617,20.799999237060547,8061327
2022-01-25,15.912986755371094,20.209999084472656,20.639999389648438,20.049999237060547,20.6299991607666,17560454
2022-01-27,15.873616218566895,20.15999984741211,20.780000686645508,20.0,20.350000381469727,14501090
2022-01-28,16.243684768676758,20.6299991607666,20.639999389648438,20.020000457763672,20.540000915527344,33350366
2022-01-31,15.98384952545166,20.299999237060547,20.549999237060547,20.299999237060547,20.40999984741211,9559970
2022-02-01,16.062589645385742,20.399999618530273,20.600000381469727,20.280000686645508,20.350000381469727,8796962
2022-02-02,16.22006607055664,20.600000381469727,20.670000076293945,20.440000534057617,20.549999237060547,6518173
2022-02-03,16.59013557434082,21.06999969482422,21.229999542236328,20.520000457763672,20.600000381469727,13936559
2022-02-04,16.944454193115234,21.520000457763672,21.639999389648438,21.110000610351562,21.229999542236328,13550761
2022-02-07,16.9759521484375,21.559999465942383,21.6299991607666,21.1299991607666,21.510000228881836,8737220
2022-02-08,17.204294204711914,21.850000381469727,21.93000030517578,21.469999313354492,21.559999465942383,9634932
2022-02-09,17.62160301208496,22.3799991607666,22.450000762939453,22.219999313354492,22.299999237060547,13534406
2022-02-10,17.810575485229492,22.6200008392334,22.670000076293945,22.360000610351562,22.450000762939453,11503002
2022-02-11,17.936555862426758,22.780000686645508,22.829999923706055,22.549999237060547,22.59000015258789,10426384
2022-02-14,18.802675247192383,23.8799991607666,23.950000762939453,22.90999984741211,23.459999084472656,42146643
2022-02-15,18.164897918701172,23.06999969482422,23.690000534057617,23.0,23.600000381469727,31940105
2022-02-16,18.33812141418457,23.290000915527344,23.299999237060547,22.9950008392334,23.200000762939453,30603922
2022-02-17,18.49559783935547,23.489999771118164,23.489999771118164,23.270000457763672,23.290000915527344,12820539
2022-02-18,18.52709197998047,23.530000686645508,23.59000015258789,23.239999771118164,23.299999237060547,12505100
2022-02-21,18.779054641723633,23.850000381469727,23.920000076293945,23.360000610351562,23.40999984741211,8888049
2022-02-22,18.55071258544922,23.559999465942383,23.729999542236328,23.350000381469727,23.549999237060547,10675201
2022-02-23,18.653074264526367,23.690000534057617,23.719999313354492,23.34000015258789,23.559999465942383,7763371
2022-02-24,18.212141036987305,23.1299991607666,23.56999969482422,23.059999465942383,23.450000762939453,12790947
2022-02-25,17.97592544555664,22.829999923706055,23.200000762939453,22.739999771118164,23.139999389648438,11410419
2022-02-28,17.96017837524414,22.809999465942383,23.040000915527344,22.559999465942383,22.979999542236328,12831309
2022-03-01,18.078285217285156,22.959999084472656,23.280000686645508,22.850000381469727,22.850000381469727,7228152
2022-03-02,17.779083251953125,22.579999923706055,22.75,22.440000534057617,22.5,8827236
2022-03-03,17.692466735839844,22.469999313354492,22.75,22.459999084472656,22.639999389648438,16598937
2022-03-04,17.487749099731445,22.209999084472656,22.360000610351562,21.969999313354492,22.309999465942383,12179439
2022-03-07,17.14130210876465,21.770000457763672,22.100000381469727,21.56999969482422,22.100000381469727,10703131
2022-03-08,17.062562942504883,21.670000076293945,21.90999984741211,21.6200008392334,21.6200008392334,8907682
2022-03-09,17.29090118408203,21.959999084472656,22.1200008392334,21.579999923706055,21.670000076293945,6617805
2022-03-10,17.834197998046875,22.649999618530273,22.790000915527344,22.219999313354492,22.31999969482422,10990329
2022-03-11,17.849943161010742,22.670000076293945,22.899999618530273,22.549999237060547,22.549999237060547,8329498
2022-03-14,18.29088020324707,23.229999542236328,23.290000915527344,22.899999618530273,22.979999542236328,8369082
2022-03-15,18.49559783935547,23.489999771118164,23.600000381469727,23.3700008392334,23.40999984741211,8042052
2022-03-16,18.653074264526367,23.690000534057617,23.690000534057617,23.479999542236328,23.600000381469727,6613143
2022-03-17,18.645200729370117,23.68000030517578,23.950000762939453,23.639999389648438,23.90999984741211,9559950
2022-03-18,18.629453659057617,23.65999984741211,23.770000457763672,23.639999389648438,23.700000762939453,14095126
2022-03-21,18.54283905029297,23.549999237060547,23.790000915527344,23.514999389648438,23.65999984741211,4389890
2022-03-22,18.597959518432617,23.6200008392334,23.850000381469727,23.6200008392334,23.709999084472656,4952794
2022-03-23,18.739683151245117,23.799999237060547,23.860000610351562,23.639999389648438,23.729999542236328,5148059
2022-03-24,18.810550689697266,23.889999389648438,23.889999389648438,23.6299991607666,23.700000762939453,5374095
2022-03-25,18.700319290161133,23.75,23.8799991607666,23.75,23.829999923706055,6049662
2022-03-28,18.920785903930664,24.030000686645508,24.110000610351562,23.790000915527344,23.8799991607666,6679465
2022-03-29,19.125503540039062,24.290000915527344,24.399999618530273,24.170000076293945,24.170000076293945,6033810
2022-03-30,19.29872703552246,24.510000228881836,24.579999923706055,24.420000076293945,24.450000762939453,6943525
2022-03-31,19.086132049560547,24.239999771118164,24.600000381469727,24.239999771118164,24.59000015258789,8222425
2022-04-01,18.8577938079834,23.950000762939453,24.190000534057617,23.920000076293945,24.15999984741211,6567049
2022-04-04,18.826297760009766,23.90999984741211,24.079999923706055,23.90999984741211,24.010000228881836,4349806
2022-04-05,18.93653106689453,24.049999237060547,24.239999771118164,23.899999618530273,23.899999618530273,3469031
2022-04-06,19.086132049560547,24.239999771118164,24.290000915527344,23.920000076293945,23.920000076293945,4724543
2022-04-07,18.983774185180664,24.110000610351562,24.135000228881836,23.979999542236328,24.100000381469727,5069163
2022-04-08,18.975900650024414,24.100000381469727,24.219999313354492,24.040000915527344,24.200000762939453,2904480
2022-04-11,19.086132049560547,24.239999771118164,24.399999618530273,24.1299991607666,24.1299991607666,3844338
2022-04-12,19.007394790649414,24.139999389648438,24.229999542236328,24.020000457763672,24.110000610351562,3648034
2022-04-13,19.125503540039062,24.290000915527344,24.31999969482422,24.170000076293945,24.200000762939453,3851560
2022-04-14,18.983774185180664,24.110000610351562,24.280000686645508,24.100000381469727,24.219999313354492,4240892
2022-04-19,19.212112426757812,24.399999618530273,24.40999984741211,24.139999389648438,24.18000030517578,5193091
2022-04-20,19.180622100830078,24.360000610351562,24.649999618530273,24.334999084472656,24.56999969482422,4782184
2022-04-21,19.29872703552246,24.510000228881836,24.670000076293945,24.489999771118164,24.579999923706055,5376156
2022-04-22,19.062515258789062,24.209999084472656,24.5,24.149999618530273,24.420000076293945,7725522
2022-04-26,18.818424224853516,23.899999618530273,24.040000915527344,23.6200008392334,24.0,6814914
2022-04-27,18.46410369873047,23.450000762939453,23.739999771118164,23.395000457763672,23.719999313354492,7860256
2022-04-28,18.574337005615234,23.59000015258789,23.670000076293945,23.530000686645508,23.559999465942383,4255279
2022-04-29,18.794803619384766,23.8700008392334,23.8700008392334,23.6200008392334,23.670000076293945,7047056
2022-05-02,18.802675247192383,23.8799991607666,24.0,23.739999771118164,23.760000228881836,4338856
2022-05-03,18.818424224853516,23.899999618530273,24.0,23.649999618530273,23.729999542236328,3997234
2022-05-04,18.952280044555664,24.06999969482422,24.239999771118164,23.940000534057617,24.100000381469727,5075451
2022-05-05,18.905038833618164,24.010000228881836,24.110000610351562,23.68000030517578,24.020000457763672,8204674
2022-05-06,18.763309478759766,23.829999923706055,23.889999389648438,23.65999984741211,23.850000381469727,7045899
2022-05-09,19.369590759277344,24.600000381469727,24.600000381469727,24.1200008392334,24.5,13070413
2022-05-10,19.40896224975586,24.649999618530273,24.649999618530273,24.350000381469727,24.5,10298443
2022-05-11,19.094011306762695,24.25,24.639999389648438,24.1299991607666,24.600000381469727,7696377
2022-05-12,18.7318115234375,23.790000915527344,24.219999313354492,23.760000228881836,24.200000762939453,9380008
2022-05-13,18.89716339111328,24.0,24.06999969482422,23.65999984741211,23.790000915527344,9811199
2022-05-16,19.19636344909668,24.3799991607666,24.450000762939453,24.100000381469727,24.15999984741211,5646679
2022-05-17,19.259357452392578,24.459999084472656,24.610000610351562,24.40999984741211,24.440000534057617,7260079
2022-05-18,19.24361228942871,24.440000534057617,24.549999237060547,24.360000610351562,24.489999771118164,7250880
2022-05-19,18.93674659729004,23.450000762939453,23.670000076293945,23.3700008392334,23.450000762939453,12342507
2022-05-20,19.033649444580078,23.56999969482422,23.579999923706055,23.350000381469727,23.3799991607666,6625393
2022-05-23,18.90444564819336,23.40999984741211,23.6200008392334,23.360000610351562,23.56999969482422,3919058
2022-05-24,19.009424209594727,23.540000915527344,23.700000762939453,23.399999618530273,23.399999618530273,4875201
2022-05-25,19.27591323852539,23.8700008392334,24.045000076293945,23.6200008392334,23.6200008392334,6278710
2022-05-26,19.30013656616211,23.899999618530273,24.190000534057617,23.899999618530273,23.969999313354492,6558947
2022-05-27,19.453567504882812,24.09000015258789,24.219999313354492,23.950000762939453,24.190000534057617,4295132
2022-05-30,19.558549880981445,24.219999313354492,24.280000686645508,24.040000915527344,24.270000457763672,6369614
2022-05-31,19.27591323852539,23.8700008392334,24.15999984741211,23.809999465942383,24.06999969482422,26944028
2022-06-01,19.461645126342773,24.100000381469727,24.149999618530273,23.979999542236328,24.049999237060547,6653907
2022-06-02,19.324363708496094,23.93000030517578,24.030000686645508,23.829999923706055,23.860000610351562,6010302
2022-06-03,19.38089370727539,24.0,24.139999389648438,23.875,24.1299991607666,10033047
2022-06-06,19.3162899017334,23.920000076293945,24.040000915527344,23.850000381469727,23.920000076293945,4237160
2022-06-07,18.90444564819336,23.40999984741211,23.84000015258789,23.40999984741211,23.829999923706055,9558475
2022-06-08,17.749666213989258,21.979999542236328,23.40999984741211,21.959999084472656,23.290000915527344,18364334
2022-06-09,17.095561981201172,21.170000076293945,21.690000534057617,21.030000686645508,21.649999618530273,17412564
2022-06-10,16.83715057373047,20.850000381469727,21.649999618530273,20.850000381469727,21.079999923706055,11798205
2022-06-14,16.20726776123047,20.06999969482422,20.225000381469727,19.260000228881836,19.600000381469727,22294460
2022-06-15,15.908483505249023,19.700000762939453,20.270000457763672,19.649999618530273,19.969999313354492,12359399
2022-06-16,15.609692573547363,19.329999923706055,19.915000915527344,19.280000686645508,19.809999465942383,17172480
2022-06-17,15.496637344360352,19.190000534057617,19.25,18.799999237060547,18.93000030517578,20833666
2022-06-20,15.496637344360352,19.190000534057617,19.440000534057617,19.1299991607666,19.299999237060547,6849820
2022-06-21,15.916556358337402,19.709999084472656,19.760000228881836,19.209999084472656,19.399999618530273,8808659
2022-06-22,15.771202087402344,19.530000686645508,19.780000686645508,19.440000534057617,19.780000686645508,7216133
2022-06-23,15.84388256072998,19.6200008392334,19.84000015258789,19.6200008392334,19.68000030517578,5870302
2022-06-24,15.730825424194336,19.479999542236328,19.56999969482422,19.290000915527344,19.549999237060547,7639110
2022-06-27,16.08614158630371,19.920000076293945,20.010000228881836,19.799999237060547,19.889999389648438,8181294
2022-06-28,15.948860168457031,19.75,19.959999084472656,19.6200008392334,19.959999084472656,8230601
2022-06-29,16.102293014526367,19.940000534057617,19.989999771118164,19.6200008392334,19.6200008392334,7427892
2022-06-30,15.746973991394043,19.5,19.84000015258789,19.5,19.84000015258789,10062621
2022-07-01,15.682371139526367,19.420000076293945,19.829999923706055,19.420000076293945,19.709999084472656,7318690
2022-07-04,15.884257316589355,19.670000076293945,19.84000015258789,19.614999771118164,19.739999771118164,6486915
2022-07-05,15.884257316589355,19.670000076293945,19.825000762939453,19.46500015258789,19.56999969482422,6092477
2022-07-06,16.029613494873047,19.850000381469727,20.0,19.600000381469727,19.700000762939453,8508166
2022-07-07,16.15074348449707,20.0,20.0,19.719999313354492,19.860000610351562,5529932
2022-07-08,16.110366821289062,19.950000762939453,20.1200008392334,19.915000915527344,20.059999465942383,4255108
2022-07-11,16.102293014526367,19.940000534057617,20.139999389648438,19.790000915527344,19.969999313354492,4086683
2022-07-12,16.23149871826172,20.100000381469727,20.170000076293945,19.920000076293945,20.170000076293945,6550625
2022-07-13,16.279953002929688,20.15999984741211,20.200000762939453,19.954999923706055,20.190000534057617,6624638
2022-07-14,16.102293014526367,19.940000534057617,20.040000915527344,19.790000915527344,19.93000030517578,5781973
2022-07-15,16.069990158081055,19.899999618530273,19.899999618530273,19.520000457763672,19.829999923706055,5555754
2022-07-18,16.271875381469727,20.149999618530273,20.184999465942383,20.049999237060547,20.100000381469727,6103222
2022-07-19,16.39300537109375,20.299999237060547,20.354999542236328,20.010000228881836,20.1200008392334,5867433
2022-07-20,16.5787410736084,20.530000686645508,20.6299991607666,20.450000762939453,20.5,5430572
2022-07-21,16.829072952270508,20.84000015258789,20.84000015258789,20.510000228881836,20.600000381469727,7914494
2022-07-22,17.014808654785156,21.06999969482422,21.18000030517578,20.700000762939453,20.739999771118164,9496390
2022-07-25,16.998661041259766,21.049999237060547,21.059999465942383,20.899999618530273,21.040000915527344,4615936
2022-07-26,17.06325912475586,21.1299991607666,21.329999923706055,21.059999465942383,21.18000030517578,4154836
2022-07-27,17.289369583129883,21.40999984741211,21.530000686645508,21.049999237060547,21.100000381469727,5459593
2022-07-28,17.30552101135254,21.43000030517578,21.649999618530273,21.40999984741211,21.610000610351562,5165682
2022-07-29,17.3701229095459,21.510000228881836,21.600000381469727,21.469999313354492,21.510000228881836,7000330
2022-08-01,17.491254806518555,21.65999984741211,21.65999984741211,21.229999542236328,21.5,6824049
2022-08-02,17.765817642211914,22.0,22.020000457763672,21.559999465942383,21.610000610351562,6402716
2022-08-03,17.563932418823242,21.75,21.84000015258789,21.579999923706055,21.760000228881836,5826387
2022-08-04,17.64468765258789,21.850000381469727,22.079999923706055,21.844999313354492,21.979999542236328,3950722
2022-08-05,17.73351287841797,21.959999084472656,22.0,21.860000610351562,21.950000762939453,3523637
2022-08-08,17.822343826293945,22.06999969482422,22.100000381469727,21.84000015258789,21.940000534057617,3955084
2022-08-09,17.685062408447266,21.899999618530273,22.020000457763672,21.729999542236328,22.0,6709172
2022-08-10,17.927324295043945,22.200000762939453,22.290000915527344,21.915000915527344,22.0,6487316
2022-08-11,18.15343475341797,22.479999542236328,22.489999771118164,22.270000457763672,22.399999618530273,5243205
2022-08-12,18.298791885375977,22.65999984741211,22.690000534057617,22.3799991607666,22.399999618530273,5774544
2022-08-15,18.113059997558594,22.43000030517578,22.540000915527344,22.329999923706055,22.5,4553446
2022-08-16,18.040380477905273,22.34000015258789,22.59000015258789,22.260000228881836,22.459999084472656,5344659
2022-08-17,18.18573760986328,22.520000457763672,22.59000015258789,22.3700008392334,22.510000228881836,5093830
2022-08-18,18.040380477905273,22.34000015258789,22.59000015258789,22.309999465942383,22.579999923706055,5316837
2022-08-19,17.911174774169922,22.18000030517578,22.209999084472656,22.030000686645508,22.149999618530273,8380207
2022-08-22,17.60430908203125,21.799999237060547,22.139999389648438,21.700000762939453,22.06999969482422,6274644
2022-08-23,17.248994827270508,21.360000610351562,21.59000015258789,21.309999465942383,21.5,6336297
2022-08-24,17.26514434814453,21.3799991607666,21.520000457763672,21.270000457763672,21.34000015258789,5632321
2022-08-25,17.434728622436523,21.59000015258789,21.6200008392334,21.399999618530273,21.5,4461470
2022-08-26,17.50740623474121,21.68000030517578,21.799999237060547,21.549999237060547,21.549999237060547,3903593
2022-08-29,17.17631721496582,21.270000457763672,21.34000015258789,21.15999984741211,21.25,4858793
2022-08-30,17.184389114379883,21.280000686645508,21.450000762939453,21.280000686645508,21.280000686645508,5049960
2022-08-31,17.45088005065918,21.610000610351562,21.610000610351562,21.280000686645508,21.280000686645508,8148605
2022-09-01,17.144012451171875,21.229999542236328,21.389999389648438,21.030000686645508,21.309999465942383,6735527
2022-09-02,17.281291961669922,21.399999618530273,21.479999542236328,21.229999542236328,21.270000457763672,4052776
2022-09-05,17.240921020507812,21.350000381469727,21.420000076293945,21.200000762939453,21.399999618530273,3164675
2022-09-06,17.17631721496582,21.270000457763672,21.420000076293945,21.200000762939453,21.299999237060547,4412182
2022-09-07,16.820999145507812,20.829999923706055,21.309999465942383,20.780000686645508,21.18000030517578,6826868
2022-09-08,17.095561981201172,21.170000076293945,21.25,20.850000381469727,20.959999084472656,5880367
2022-09-09,17.160165786743164,21.25,21.68000030517578,21.200000762939453,21.219999313354492,7829498
2022-09-12,17.33782196044922,21.469999313354492,21.549999237060547,21.309999465942383,21.31999969482422,4392343
2022-09-13,17.434728622436523,21.59000015258789,21.68000030517578,21.5049991607666,21.6200008392334,4192536
2022-09-14,17.111713409423828,21.190000534057617,21.190000534057617,21.010000228881836,21.100000381469727,5759459
2022-09-15,17.394351959228516,21.540000915527344,21.6299991607666,21.260000228881836,21.280000686645508,10980871
2022-09-16,17.386276245117188,21.530000686645508,21.71500015258789,21.440000534057617,21.489999771118164,13339680
2022-09-19,17.402427673339844,21.549999237060547,21.600000381469727,21.420000076293945,21.59000015258789,4194669
2022-09-20,17.67698860168457,21.889999389648438,21.940000534057617,21.700000762939453,21.760000228881836,6372310
2022-09-21,17.547780990600586,21.729999542236328,21.799999237060547,21.59000015258789,21.719999313354492,5691875
2022-09-23,17.29744529724121,21.420000076293945,21.59000015258789,21.350000381469727,21.510000228881836,6334644
2022-09-26,17.103635787963867,21.18000030517578,21.270000457763672,21.0,21.149999618530273,7245913
2022-09-27,17.006732940673828,21.059999465942383,21.270000457763672,21.030000686645508,21.149999618530273,7109898
2022-09-28,16.90175437927246,20.93000030517578,21.079999923706055,20.799999237060547,20.899999618530273,6276362
2022-09-29,17.055185317993164,21.1200008392334,21.309999465942383,21.1200008392334,21.15999984741211,7723097
2022-09-30,16.667566299438477,20.639999389648438,21.040000915527344,20.540000915527344,21.040000915527344,10879390
2022-10-03,16.63526725769043,20.600000381469727,20.809999465942383,20.420000076293945,20.700000762939453,4887450
2022-10-04,17.30552101135254,21.43000030517578,21.540000915527344,20.8700008392334,20.889999389648438,10829996
2022-10-05,17.886947631835938,22.149999618530273,22.219999313354492,21.790000915527344,21.84000015258789,11759782
2022-10-06,17.717363357543945,21.940000534057617,22.079999923706055,21.90999984741211,21.979999542236328,6406272
2022-10-07,17.668912887573242,21.8799991607666,21.969999313354492,21.670000076293945,21.68000030517578,5749145
2022-10-10,17.426652908325195,21.579999923706055,21.790000915527344,21.43000030517578,21.690000534057617,5484796
2022-10-11,17.44280433654785,21.600000381469727,21.780000686645508,21.520000457763672,21.700000762939453,4514959
2022-10-12,18.096908569335938,22.40999984741211,22.520000457763672,21.610000610351562,21.639999389648438,10260963
2022-10-13,18.6298828125,23.06999969482422,23.3799991607666,22.920000076293945,22.989999771118164,12667729
2022-10-14,18.97712516784668,23.5,23.700000762939453,23.360000610351562,23.579999923706055,9150146
2022-10-17,18.920597076416016,23.43000030517578,23.520000457763672,23.309999465942383,23.350000381469727,6477486
2022-10-18,19.3647403717041,23.979999542236328,23.989999771118164,23.709999084472656,23.709999084472656,7414171
2022-10-19,19.098255157470703,23.649999618530273,24.15999984741211,23.649999618530273,24.0,9054932
2022-10-20,19.3162899017334,23.920000076293945,23.920000076293945,23.510000228881836,23.520000457763672,8456614
2022-10-21,19.162857055664062,23.729999542236328,23.729999542236328,23.399999618530273,23.579999923706055,7791814
2022-10-24,19.27591323852539,23.8700008392334,24.110000610351562,23.80500030517578,24.0,6116367
2022-10-25,19.30013656616211,23.899999618530273,24.059999465942383,23.8700008392334,23.920000076293945,5312569
2022-10-26,19.388967514038086,24.010000228881836,24.079999923706055,23.8799991607666,23.920000076293945,5688432
2022-10-27,19.195159912109375,23.770000457763672,24.06999969482422,23.299999237060547,24.059999465942383,7582056
2022-10-28,19.37281608581543,23.989999771118164,24.030000686645508,23.68000030517578,23.690000534057617,5636736
2022-10-31,19.4697208404541,24.110000610351562,24.219999313354492,24.040000915527344,24.100000381469727,7743943
2022-11-01,19.63930320739746,24.31999969482422,24.31999969482422,23.8799991607666,24.18000030517578,5832353
2022-11-02,19.7846622467041,24.5,24.5,24.149999618530273,24.290000915527344,6789184
2022-11-03,19.308212280273438,23.90999984741211,24.260000228881836,23.889999389648438,24.200000762939453,7607029
2022-11-04,19.493946075439453,24.139999389648438,24.139999389648438,23.709999084472656,23.84000015258789,6529271
2022-11-07,18.726787567138672,23.190000534057617,23.81999969482422,23.059999465942383,23.75,13695216
2022-11-08,19.1063289642334,23.65999984741211,23.700000762939453,23.299999237060547,23.360000610351562,9110951
2022-11-09,19.154783248901367,23.719999313354492,23.790000915527344,23.34000015258789,23.399999618530273,7278073
2022-11-10,19.065954208374023,23.610000610351562,23.81999969482422,23.469999313354492,23.739999771118164,6979520
2022-11-11,19.445493698120117,24.079999923706055,24.18000030517578,23.950000762939453,24.040000915527344,10172819
2022-11-14,19.2597599029541,23.850000381469727,24.079999923706055,23.6200008392334,24.079999923706055,7187223
2022-11-15,19.348590850830078,23.959999084472656,24.260000228881836,23.899999618530273,23.950000762939453,7793526
2022-11-16,19.251686096191406,23.84000015258789,23.969999313354492,23.65999984741211,23.850000381469727,8685483
2022-11-17,19.251686096191406,23.200000762939453,23.440000534057617,23.200000762939453,23.440000534057617,11284816
2022-11-18,19.600210189819336,23.6200008392334,23.709999084472656,23.31999969482422,23.389999389648438,8715401
2022-11-21,19.890644073486328,23.969999313354492,23.969999313354492,23.770000457763672,23.81999969482422,8475711
2022-11-22,19.865751266479492,23.940000534057617,24.1200008392334,23.899999618530273,23.989999771118164,5745200
2022-11-23,19.981922149658203,24.079999923706055,24.110000610351562,23.954999923706055,24.100000381469727,4905587
2022-11-24,19.807661056518555,23.8700008392334,24.1200008392334,23.8700008392334,24.100000381469727,4607453
2022-11-25,19.90723991394043,23.989999771118164,24.059999465942383,23.889999389648438,24.0,4042997
2022-11-28,19.716381072998047,23.760000228881836,24.040000915527344,23.700000762939453,24.040000915527344,5927028
2022-11-29,19.774471282958984,23.829999923706055,23.8799991607666,23.649999618530273,23.799999237060547,4575157
2022-11-30,19.724681854248047,23.770000457763672,23.940000534057617,23.6299991607666,23.920000076293945,13080529
2022-12-01,19.849153518676758,23.920000076293945,24.020000457763672,23.829999923706055,23.899999618530273,5038538
2022-12-02,19.716381072998047,23.760000228881836,23.84000015258789,23.549999237060547,23.760000228881836,5716248
2022-12-05,19.683191299438477,23.719999313354492,23.8799991607666,23.709999084472656,23.81999969482422,4611296
2022-12-06,19.708084106445312,23.75,23.950000762939453,23.690000534057617,23.760000228881836,5311225
2022-12-07,19.5587158203125,23.56999969482422,23.670000076293945,23.260000228881836,23.600000381469727,7886646
2022-12-08,19.326370239257812,23.290000915527344,23.610000610351562,23.290000915527344,23.579999923706055,4869515
2022-12-09,19.450843811035156,23.440000534057617,23.549999237060547,23.360000610351562,23.399999618530273,4943672
2022-12-12,19.384456634521484,23.360000610351562,23.459999084472656,23.229999542236328,23.459999084472656,4298410
2022-12-13,19.633399963378906,23.65999984741211,23.75,23.489999771118164,23.649999618530273,5473939
2022-12-14,19.5587158203125,23.56999969482422,23.809999465942383,23.34000015258789,23.75,6599274
2022-12-15,19.500629425048828,23.5,23.760000228881836,23.459999084472656,23.530000686645508,5051345
2022-12-16,19.334665298461914,23.299999237060547,23.3700008392334,23.100000381469727,23.260000228881836,12632454
2022-12-19,19.293176651000977,23.25,23.31999969482422,23.1200008392334,23.139999389648438,4742318
2022-12-20,19.318071365356445,23.280000686645508,23.479999542236328,23.09000015258789,23.40999984741211,4663779
2022-12-21,19.5421199798584,23.549999237060547,23.59000015258789,23.31999969482422,23.450000762939453,5608148
2022-12-22,19.5421199798584,23.549999237060547,23.760000228881836,23.469999313354492,23.639999389648438,8021837
2022-12-23,19.500629425048828,23.5,23.524999618530273,23.3799991607666,23.399999618530273,2705357
2022-12-28,19.492332458496094,23.489999771118164,23.600000381469727,23.389999389648438,23.5,3424307
2022-12-29,19.309770584106445,23.270000457763672,23.489999771118164,23.09000015258789,23.489999771118164,3645448
2022-12-30,19.376155853271484,23.350000381469727,23.520000457763672,23.309999465942383,23.360000610351562,4010124
2023-01-03,18.861675262451172,22.729999542236328,23.459999084472656,22.600000381469727,23.3799991607666,5568872
2023-01-04,19.450843811035156,23.440000534057617,23.440000534057617,22.850000381469727,22.979999542236328,6422945
2023-01-05,19.475732803344727,23.469999313354492,23.774999618530273,23.399999618530273,23.520000457763672,6663334
2023-01-06,19.417648315429688,23.399999618530273,23.600000381469727,23.360000610351562,23.469999313354492,3435776
2023-01-09,19.39275360107422,23.3700008392334,23.700000762939453,23.3700008392334,23.649999618530273,3291916
2023-01-10,19.425947189331055,23.40999984741211,23.469999313354492,23.290000915527344,23.31999969482422,3833750
2023-01-11,19.334665298461914,23.299999237060547,23.520000457763672,23.270000457763672,23.520000457763672,3067959
2023-01-12,19.500629425048828,23.5,23.549999237060547,23.375,23.420000076293945,6449680
2023-01-13,19.716381072998047,23.760000228881836,23.770000457763672,23.53499984741211,23.549999237060547,5121148
2023-01-16,19.857450485229492,23.93000030517578,24.0,23.790000915527344,23.850000381469727,4756014
2023-01-17,19.857450485229492,23.93000030517578,24.100000381469727,23.829999923706055,23.8700008392334,5501940
2023-01-18,19.766170501708984,23.81999969482422,23.975000381469727,23.780000686645508,23.920000076293945,3742110
2023-01-19,19.874048233032227,23.950000762939453,23.979999542236328,23.81999969482422,23.84000015258789,4066968
2023-01-20,19.915538787841797,24.0,24.139999389648438,23.920000076293945,24.0,8202845
2023-01-23,19.824256896972656,23.889999389648438,24.020000457763672,23.834999084472656,23.90999984741211,4573364
2023-01-24,19.625104904174805,23.649999618530273,23.84000015258789,23.540000915527344,23.81999969482422,4611574
2023-01-25,19.64169692993164,23.670000076293945,23.780000686645508,23.600000381469727,23.700000762939453,4024487
2023-01-27,19.857450485229492,23.93000030517578,23.969999313354492,23.760000228881836,23.81999969482422,4699798
2023-01-30,19.708084106445312,23.75,24.030000686645508,23.709999084472656,23.959999084472656,3971866
2023-01-31,19.683191299438477,23.719999313354492,23.8799991607666,23.68000030517578,23.81999969482422,5106623
2023-02-01,19.5836124420166,23.600000381469727,23.93000030517578,23.540000915527344,23.809999465942383,6298093
2023-02-02,19.500629425048828,23.5,23.780000686645508,23.479999542236328,23.770000457763672,4242412
2023-02-03,19.849153518676758,23.920000076293945,23.959999084472656,23.6200008392334,23.670000076293945,5246838
2023-02-06,19.791067123413086,23.850000381469727,23.959999084472656,23.674999237060547,23.899999618530273,3685746
2023-02-07,19.69148826599121,23.729999542236328,23.989999771118164,23.649999618530273,23.889999389648438,4933706
2023-02-08,19.83255386352539,23.899999618530273,23.940000534057617,23.760000228881836,23.84000015258789,4018066
2023-02-09,19.83255386352539,23.899999618530273,23.969999313354492,23.774999618530273,23.8799991607666,3616793
2023-02-10,19.78276824951172,23.84000015258789,23.90999984741211,23.719999313354492,23.809999465942383,5830041
2023-02-13,19.666595458984375,23.700000762939453,23.81999969482422,23.649999618530273,23.790000915527344,4684017
2023-02-14,19.79936408996582,23.860000610351562,24.094999313354492,23.709999084472656,23.920000076293945,5936336
2023-02-15,18.94465446472168,22.829999923706055,23.309999465942383,22.639999389648438,23.139999389648438,16023320
2023-02-16,18.886568069458008,22.760000228881836,23.1200008392334,22.75,22.8799991607666,8897782
2023-02-17,18.90316390991211,22.780000686645508,22.915000915527344,22.639999389648438,22.729999542236328,7516639
2023-02-20,19.09402084350586,23.010000228881836,23.1299991607666,22.770000457763672,22.829999923706055,3612313
2023-02-21,18.952953338623047,22.84000015258789,23.0,22.65999984741211,22.969999313354492,3792075
2023-02-22,18.97784996032715,22.8700008392334,22.90999984741211,22.670000076293945,22.799999237060547,4095522
2023-02-23,18.803585052490234,22.65999984741211,22.889999389648438,22.65999984741211,22.729999542236328,3804314
2023-02-24,18.8118839263916,22.670000076293945,22.780000686645508,22.610000610351562,22.68000030517578,3235801
2023-02-27,18.861675262451172,22.729999542236328,22.799999237060547,22.56999969482422,22.719999313354492,3367406
2023-02-28,18.695711135864258,22.530000686645508,22.829999923706055,22.530000686645508,22.6299991607666,7314216
2023-03-01,18.313995361328125,22.06999969482422,22.389999389648438,22.040000915527344,22.3799991607666,7561358
2023-03-02,17.957176208496094,21.639999389648438,22.100000381469727,21.540000915527344,22.0,8937201
2023-03-03,18.031856536865234,21.729999542236328,21.81999969482422,21.610000610351562,21.790000915527344,5807856
2023-03-06,18.33059310913086,22.09000015258789,22.190000534057617,21.829999923706055,21.84000015258789,5617327
2023-03-07,18.562942504882812,22.3700008392334,22.3700008392334,22.110000610351562,22.18000030517578,5169843
2023-03-08,18.347190856933594,22.110000610351562,22.3700008392334,22.059999465942383,22.34000015258789,4696610
2023-03-09,18.571239471435547,22.3799991607666,22.3799991607666,22.149999618530273,22.219999313354492,4101580
2023-03-10,18.081649780273438,21.790000915527344,21.899999618530273,21.639999389648438,21.899999618530273,8131160
2023-03-13,17.832704544067383,21.489999771118164,21.940000534057617,21.489999771118164,21.75,6655265
2023-03-14,17.76631736755371,21.40999984741211,21.420000076293945,20.950000762939453,21.079999923706055,14234440
2023-03-15,17.965473175048828,21.649999618530273,21.75,21.420000076293945,21.649999618530273,8221175
2023-03-16,17.583759307861328,21.190000534057617,21.399999618530273,21.139999389648438,21.270000457763672,13794387
2023-03-17,17.6252498626709,21.239999771118164,21.540000915527344,21.170000076293945,21.3700008392334,12766366
2023-03-20,17.52567481994629,21.1200008392334,21.3700008392334,21.0,21.020000457763672,4997177
2023-03-21,17.774616241455078,21.420000076293945,21.6200008392334,21.264999389648438,21.3700008392334,4693827
2023-03-22,17.782915115356445,21.43000030517578,21.889999389648438,21.43000030517578,21.739999771118164,8337574
2023-03-23,17.699932098388672,21.329999923706055,21.440000534057617,21.229999542236328,21.280000686645508,4279000
2023-03-24,17.592058181762695,21.200000762939453,21.260000228881836,21.09000015258789,21.1299991607666,4648616
2023-03-27,17.61695098876953,21.229999542236328,21.40999984741211,21.200000762939453,21.329999923706055,3463000
2023-03-28,17.86589813232422,21.530000686645508,21.559999465942383,21.315000534057617,21.399999618530273,5617615
2023-03-29,17.733129501342773,21.3700008392334,21.469999313354492,21.229999542236328,21.440000534057617,5637101
2023-03-30,17.998668670654297,21.690000534057617,21.770000457763672,21.489999771118164,21.520000457763672,5888043
2023-03-31,17.973772048950195,21.65999984741211,21.84000015258789,21.6299991607666,21.75,4761666
2023-04-03,18.164630889892578,21.889999389648438,22.1299991607666,21.700000762939453,21.719999313354492,5710202
2023-04-04,18.08994483947754,21.799999237060547,22.0,21.739999771118164,22.0,4575880
2023-04-05,18.07335090637207,21.780000686645508,21.850000381469727,21.670000076293945,21.700000762939453,4385839
2023-04-06,18.065052032470703,21.770000457763672,21.940000534057617,21.639999389648438,21.90999984741211,3039897
2023-04-11,18.380380630493164,22.149999618530273,22.209999084472656,21.90999984741211,21.969999313354492,4857257
2023-04-12,18.355485916137695,22.1200008392334,22.280000686645508,22.040000915527344,22.280000686645508,3461980
2023-04-13,18.33059310913086,22.09000015258789,22.280000686645508,22.020000457763672,22.149999618530273,4117377
2023-04-14,18.463363647460938,22.25,22.299999237060547,21.920000076293945,21.969999313354492,3637786
2023-04-17,18.471660614013672,22.260000228881836,22.520000457763672,22.219999313354492,22.420000076293945,4335857
2023-04-18,18.488256454467773,22.280000686645508,22.31999969482422,22.170000076293945,22.260000228881836,3908295
2023-04-19,18.44676399230957,22.229999542236328,22.30500030517578,22.139999389648438,22.15999984741211,3632362
2023-04-20,18.728900909423828,22.56999969482422,22.649999618530273,22.350000381469727,22.3799991607666,6916373
2023-04-21,18.496557235717773,22.290000915527344,22.479999542236328,22.139999389648438,22.389999389648438,8663420
2023-04-24,18.463363647460938,22.25,22.43000030517578,22.2450008392334,22.389999389648438,2939923
2023-04-26,18.513153076171875,22.309999465942383,22.309999465942383,22.1299991607666,22.229999542236328,6761015
2023-04-27,18.471660614013672,22.260000228881836,22.31999969482422,22.139999389648438,22.31999969482422,3954682
2023-04-28,18.64592170715332,22.469999313354492,22.59000015258789,22.3700008392334,22.40999984741211,6365731
2023-05-01,18.720603942871094,22.559999465942383,22.670000076293945,22.450000762939453,22.65999984741211,5527740
2023-05-02,18.712305068969727,22.549999237060547,22.700000762939453,22.399999618530273,22.469999313354492,7503662
2023-05-03,18.38867950439453,22.15999984741211,22.25,22.020000457763672,22.25,7282896
2023-05-04,17.633548736572266,21.25,21.600000381469727,21.049999237060547,21.34000015258789,12362519
2023-05-05,17.71653175354004,21.350000381469727,21.559999465942383,21.020000457763672,21.25,9705446
2023-05-08,18.0401554107666,21.739999771118164,22.079999923706055,21.540000915527344,21.799999237060547,10654809
2023-05-09,18.065052032470703,21.770000457763672,21.790000915527344,21.229999542236328,21.43000030517578,13320457
2023-05-10,18.00696563720703,21.700000762939453,21.780000686645508,21.579999923706055,21.700000762939453,10972427
2023-05-11,18.118436813354492,21.1299991607666,21.200000762939453,20.920000076293945,20.989999771118164,10864682
2023-05-12,18.084136962890625,21.09000015258789,21.350000381469727,21.040000915527344,21.260000228881836,8581313
2023-05-15,18.118436813354492,21.1299991607666,21.1299991607666,20.969999313354492,21.0,4151201
2023-05-16,18.118436813354492,21.1299991607666,21.280000686645508,21.110000610351562,21.110000610351562,6141276
2023-05-17,17.93836784362793,20.920000076293945,21.020000457763672,20.780000686645508,20.969999313354492,7333463
2023-05-18,17.97266387939453,20.959999084472656,21.1200008392334,20.940000534057617,21.09000015258789,5231668
2023-05-19,18.204181671142578,21.229999542236328,21.299999237060547,21.049999237060547,21.079999923706055,7280684
2023-05-22,18.058412551879883,21.059999465942383,21.329999923706055,21.059999465942383,21.329999923706055,3574756
2023-05-23,18.229909896850586,21.260000228881836,21.28499984741211,20.940000534057617,21.0,6858655
2023-05-24,18.204181671142578,21.229999542236328,21.239999771118164,21.059999465942383,21.229999542236328,4677096
2023-05-25,17.912641525268555,20.889999389648438,21.149999618530273,20.860000610351562,21.059999465942383,6751075
2023-05-26,17.93836784362793,20.920000076293945,21.0,20.84000015258789,20.850000381469727,5044266
2023-05-29,18.144161224365234,21.15999984741211,21.25,21.1200008392334,21.18000030517578,4955750
2023-05-30,18.101287841796875,21.110000610351562,21.239999771118164,21.059999465942383,21.18000030517578,4933243
2023-05-31,17.73257064819336,20.68000030517578,21.1299991607666,20.68000030517578,21.040000915527344,15223431
2023-06-01,17.663972854614258,20.600000381469727,20.790000915527344,20.59000015258789,20.639999389648438,6839589
2023-06-02,17.612525939941406,20.540000915527344,20.690000534057617,20.450000762939453,20.540000915527344,8141012
2023-06-05,17.80974769592285,20.770000457763672,20.940000534057617,20.68000030517578,20.799999237060547,7988893
2023-06-06,17.441030502319336,20.34000015258789,20.674999237060547,20.34000015258789,20.6200008392334,10216685
2023-06-07,17.175214767456055,20.030000686645508,20.469999313354492,20.030000686645508,20.469999313354492,9436336
2023-06-08,17.312410354614258,20.190000534057617,20.219999313354492,20.049999237060547,20.09000015258789,14395026
2023-06-09,17.363859176635742,20.25,20.299999237060547,20.1200008392334,20.190000534057617,7926795
2023-06-13,17.40673065185547,20.299999237060547,20.299999237060547,20.18000030517578,20.209999084472656,4552223
2023-06-14,17.629676818847656,20.559999465942383,20.56999969482422,20.3799991607666,20.399999618530273,8443158
2023-06-15,17.663972854614258,20.600000381469727,20.670000076293945,20.5,20.600000381469727,6341225
2023-06-16,17.929792404174805,20.90999984741211,20.90999984741211,20.575000762939453,20.75,17502086
2023-06-19,18.13558578491211,21.149999618530273,21.18000030517578,20.959999084472656,21.0,7034428
2023-06-20,18.37567710876465,21.43000030517578,21.489999771118164,21.139999389648438,21.229999542236328,6178142
2023-06-21,18.195608139038086,21.219999313354492,21.479999542236328,21.190000534057617,21.479999542236328,7597549
2023-06-22,18.0412654876709,21.040000915527344,21.219999313354492,20.920000076293945,21.209999084472656,6444112
2023-06-23,17.79259490966797,20.75,21.0,20.59000015258789,20.899999618530273,7379470
2023-06-26,17.73257064819336,20.68000030517578,20.75,20.559999465942383,20.65999984741211,7200609
2023-06-27,18.015539169311523,21.010000228881836,21.1200008392334,20.739999771118164,20.799999237060547,7732820
2023-06-28,18.34995460510254,21.399999618530273,21.450000762939453,21.110000610351562,21.219999313354492,8479611
2023-06-29,18.367103576660156,21.420000076293945,21.520000457763672,21.334999084472656,21.43000030517578,11012733
2023-06-30,18.298507690429688,21.34000015258789,21.469999313354492,21.209999084472656,21.440000534057617,7244956
2023-07-03,18.37567710876465,21.43000030517578,21.489999771118164,21.280000686645508,21.360000610351562,5463253
2023-07-04,18.590049743652344,21.68000030517578,21.719999313354492,21.329999923706055,21.389999389648438,4859355
2023-07-05,18.452850341796875,21.520000457763672,21.739999771118164,21.415000915527344,21.739999771118164,4886400
2023-07-06,18.13558578491211,21.149999618530273,21.3700008392334,21.149999618530273,21.290000915527344,5913267
2023-07-07,17.878341674804688,20.850000381469727,20.989999771118164,20.799999237060547,20.8700008392334,5162489
2023-07-10,17.869768142700195,20.84000015258789,21.030000686645508,20.780000686645508,20.950000762939453,3335493
2023-07-11,18.152734756469727,21.170000076293945,21.170000076293945,20.93000030517578,20.950000762939453,4634763
2023-07-12,18.187034606933594,21.209999084472656,21.299999237060547,21.139999389648438,21.299999237060547,4818605
2023-07-13,18.401403427124023,21.459999084472656,21.479999542236328,21.309999465942383,21.399999618530273,6470149
2023-07-14,18.401403427124023,21.459999084472656,21.549999237060547,21.34000015258789,21.450000762939453,5446440
2023-07-17,18.37567710876465,21.43000030517578,21.5,21.3799991607666,21.469999313354492,5699618
2023-07-18,18.52145004272461,21.600000381469727,21.770000457763672,21.5,21.559999465942383,5760728
2023-07-19,18.91588592529297,22.059999465942383,22.059999465942383,21.809999465942383,21.950000762939453,11457723
2023-07-20,18.967334747314453,22.1200008392334,22.440000534057617,21.979999542236328,22.229999542236328,8130315
2023-07-21,18.847288131713867,21.979999542236328,22.200000762939453,21.8799991607666,22.200000762939453,7763150
2023-07-24,18.830137252807617,21.959999084472656,22.1200008392334,21.899999618530273,22.079999923706055,7520794
2023-07-25,18.632919311523438,21.729999542236328,21.950000762939453,21.6299991607666,21.950000762939453,4352796
2023-07-26,18.94161033630371,22.09000015258789,22.100000381469727,21.690000534057617,21.729999542236328,4854050
2023-07-27,19.1645565032959,22.350000381469727,22.440000534057617,22.200000762939453,22.299999237060547,6546579
2023-07-28,19.10453224182129,22.280000686645508,22.329999923706055,22.094999313354492,22.229999542236328,3787244
2023-07-31,19.155982971191406,22.34000015258789,22.360000610351562,22.219999313354492,22.239999771118164,4036192
2023-08-01,19.233152389526367,22.43000030517578,22.5,22.200000762939453,22.219999313354492,4488804
2023-08-02,18.847288131713867,21.979999542236328,22.309999465942383,21.90999984741211,22.270000457763672,5039005
2023-08-03,18.7786922454834,21.899999618530273,21.959999084472656,21.739999771118164,21.90999984741211,4430064
2023-08-04,18.847288131713867,21.979999542236328,22.1299991607666,21.889999389648438,21.93000030517578,4499946
2023-08-07,18.718666076660156,21.829999923706055,21.899999618530273,21.75,21.889999389648438,4454518
2023-08-08,18.61577033996582,21.709999084472656,21.979999542236328,21.709999084472656,21.920000076293945,4714523
2023-08-09,18.924461364746094,22.06999969482422,22.149999618530273,21.809999465942383,21.920000076293945,5699945
2023-08-10,18.98448371887207,22.139999389648438,22.139999389648438,21.8799991607666,22.059999465942383,4542017
2023-08-11,18.993057250976562,22.149999618530273,22.270000457763672,22.06999969482422,22.1299991607666,3253606
2023-08-14,18.78726577758789,21.90999984741211,22.059999465942383,21.8700008392334,21.969999313354492,3345662
2023-08-15,18.838714599609375,21.969999313354492,22.079999923706055,21.84000015258789,21.84000015258789,3495842
2023-08-16,18.67579460144043,21.780000686645508,21.889999389648438,21.579999923706055,21.780000686645508,6418470
2023-08-17,18.315656661987305,21.360000610351562,21.674999237060547,21.360000610351562,21.56999969482422,7714868
2023-08-18,18.238483428955078,21.270000457763672,21.399999618530273,21.219999313354492,21.309999465942383,5722886
2023-08-21,17.681123733520508,20.6200008392334,21.190000534057617,20.6200008392334,21.100000381469727,12657801
2023-08-22,17.904067993164062,20.8799991607666,20.90999984741211,20.59000015258789,20.600000381469727,9699985
2023-08-23,18.127012252807617,21.139999389648438,21.25,20.799999237060547,20.799999237060547,5354874
2023-08-24,18.37567710876465,21.43000030517578,21.489999771118164,21.139999389648438,21.139999389648438,5172193
2023-08-25,18.281356811523438,21.31999969482422,21.364999771118164,21.219999313354492,21.25,9002650
2023-08-28,18.33280372619629,21.3799991607666,21.479999542236328,21.350000381469727,21.350000381469727,2873055
2023-08-29,18.47857666015625,21.549999237060547,21.56999969482422,21.40999984741211,21.440000534057617,4475351
2023-08-30,18.624343872070312,21.719999313354492,21.8799991607666,21.639999389648438,21.68000030517578,4888134
2023-08-31,18.821565628051758,21.950000762939453,21.969999313354492,21.75,21.790000915527344,8929070
2023-09-01,18.684371948242188,21.790000915527344,21.889999389648438,21.739999771118164,21.889999389648438,3134564
2023-09-04,18.718666076660156,21.829999923706055,21.8799991607666,21.75,21.809999465942383,3719371
2023-09-05,18.46142578125,21.530000686645508,21.829999923706055,21.43000030517578,21.75,4583357
2023-09-06,18.16988754272461,21.190000534057617,21.579999923706055,21.170000076293945,21.5,5963786
2023-09-07,18.109861373901367,21.1200008392334,21.209999084472656,21.040000915527344,21.1200008392334,4277057
2023-09-08,18.152734756469727,21.170000076293945,21.239999771118164,21.03499984741211,21.200000762939453,4028081
2023-09-11,18.47857666015625,21.549999237060547,21.579999923706055,21.149999618530273,21.149999618530273,5032438
2023-09-12,18.487150192260742,21.559999465942383,21.559999465942383,21.389999389648438,21.489999771118164,3688810
2023-09-13,18.427125930786133,21.489999771118164,21.6200008392334,21.440000534057617,21.520000457763672,5035878
2023-09-14,18.538599014282227,21.6200008392334,21.700000762939453,21.450000762939453,21.489999771118164,6657658
2023-09-15,18.667221069335938,21.770000457763672,21.969999313354492,21.770000457763672,21.829999923706055,8453934
2023-09-18,18.684371948242188,21.790000915527344,21.8799991607666,21.649999618530273,21.739999771118164,2912807
2023-09-19,18.598623275756836,21.690000534057617,21.735000610351562,21.549999237060547,21.700000762939453,4658417
2023-09-20,18.46142578125,21.530000686645508,21.719999313354492,21.469999313354492,21.690000534057617,7521547
2023-09-21,17.998390197753906,20.989999771118164,21.459999084472656,20.975000381469727,21.280000686645508,10987130
2023-09-22,18.127012252807617,21.139999389648438,21.209999084472656,20.670000076293945,20.68000030517578,8808508
2023-09-25,18.109861373901367,21.1200008392334,21.1200008392334,20.860000610351562,20.93000030517578,4448333
2023-09-26,18.04983901977539,21.049999237060547,21.139999389648438,20.899999618530273,21.030000686645508,5557913
2023-09-27,18.16988754272461,21.190000534057617,21.235000610351562,21.049999237060547,21.059999465942383,5277856
2023-09-28,18.118436813354492,21.1299991607666,21.2450008392334,21.059999465942383,21.100000381469727,3381611
2023-09-29,18.13558578491211,21.149999618530273,21.200000762939453,21.065000534057617,21.149999618530273,5898677
2023-10-02,18.118436813354492,21.1299991607666,21.18000030517578,20.979999542236328,21.149999618530273,3514760
2023-10-03,18.04983901977539,21.049999237060547,21.18000030517578,20.780000686645508,20.829999923706055,7669751
2023-10-04,17.784019470214844,20.739999771118164,21.040000915527344,20.729999542236328,20.950000762939453,9276631
2023-10-05,18.015539169311523,21.010000228881836,21.09000015258789,20.81999969482422,20.850000381469727,7617256
2023-10-06,18.384252548217773,21.440000534057617,21.440000534057617,21.104999542236328,21.149999618530273,8663192
2023-10-09,18.367103576660156,21.420000076293945,21.59000015258789,21.329999923706055,21.440000534057617,4731866
2023-10-10,18.41855239868164,21.479999542236328,21.600000381469727,21.309999465942383,21.59000015258789,6785316
2023-10-11,18.384252548217773,21.440000534057617,21.5049991607666,21.299999237060547,21.440000534057617,3893247
2023-10-12,18.54717254638672,21.6299991607666,21.75,21.5,21.549999237060547,5890698
2023-10-13,18.41855239868164,21.479999542236328,21.59000015258789,21.399999618530273,21.43000030517578,3488796
2023-10-16,18.27277946472168,21.309999465942383,21.40999984741211,21.239999771118164,21.34000015258789,4338982
2023-10-17,18.41855239868164,21.479999542236328,21.559999465942383,21.420000076293945,21.43000030517578,4396366
2023-10-18,18.39282989501953,21.450000762939453,21.56999969482422,21.450000762939453,21.510000228881836,7793848
2023-10-19,18.13558578491211,21.149999618530273,21.270000457763672,21.010000228881836,21.200000762939453,10942757
2023-10-20,17.886917114257812,20.860000610351562,21.09000015258789,20.860000610351562,21.010000228881836,9152861
2023-10-23,17.869768142700195,20.84000015258789,20.8700008392334,20.770000457763672,20.799999237060547,7253233
2023-10-24,17.904067993164062,20.8799991607666,21.030000686645508,20.860000610351562,20.860000610351562,5556180
2023-10-25,17.835468292236328,20.799999237060547,20.979999542236328,20.739999771118164,20.920000076293945,6717062
2023-10-26,17.63825035095215,20.56999969482422,20.75,20.520000457763672,20.690000534057617,8153333
2023-10-27,17.7239990234375,20.670000076293945,20.795000076293945,20.639999389648438,20.649999618530273,6188138
2023-10-30,17.543928146362305,20.459999084472656,20.56999969482422,20.40999984741211,20.5,6564560
2023-10-31,17.663972854614258,20.600000381469727,20.649999618530273,20.479999542236328,20.600000381469727,7335213
2023-11-01,17.784019470214844,20.739999771118164,20.770000457763672,20.56999969482422,20.68000030517578,4636039
2023-11-02,18.152734756469727,21.170000076293945,21.280000686645508,21.09000015258789,21.149999618530273,6960777
2023-11-03,18.435701370239258,21.5,21.579999923706055,21.389999389648438,21.459999084472656,7177724
2023-11-06,18.795841217041016,21.920000076293945,22.329999923706055,21.739999771118164,21.780000686645508,14802369
2023-11-07,18.28993034362793,21.329999923706055,21.790000915527344,21.2450008392334,21.709999084472656,12576822
2023-11-08,18.564321517944336,21.649999618530273,21.75,21.450000762939453,21.459999084472656,8635759
2023-11-09,18.794939041137695,21.190000534057617,21.31999969482422,20.940000534057617,20.950000762939453,13234261
2023-11-10,18.502235412597656,20.860000610351562,21.209999084472656,20.809999465942383,21.149999618530273,9369286
2023-11-13,18.44901466369629,20.799999237060547,20.860000610351562,20.719999313354492,20.799999237060547,6785133
2023-11-14,18.63528060913086,21.010000228881836,21.06999969482422,20.8799991607666,21.020000457763672,6754941
2023-11-15,18.759456634521484,21.149999618530273,21.31999969482422,21.149999618530273,21.239999771118164,7420728
2023-11-16,18.759456634521484,21.149999618530273,21.290000915527344,21.1200008392334,21.270000457763672,4656916
2023-11-17,18.715106964111328,21.100000381469727,21.200000762939453,20.985000610351562,21.15999984741211,5342662
2023-11-20,18.821544647216797,21.219999313354492,21.280000686645508,21.100000381469727,21.1299991607666,4912246
2023-11-21,18.883634567260742,21.290000915527344,21.290000915527344,21.165000915527344,21.270000457763672,4841965
2023-11-22,18.830411911010742,21.229999542236328,21.34000015258789,21.149999618530273,21.239999771118164,4245500
2023-11-23,18.901371002197266,21.309999465942383,21.350000381469727,21.15999984741211,21.209999084472656,4510697
2023-11-24,18.919111251831055,21.329999923706055,21.450000762939453,21.280000686645508,21.309999465942383,3330750
2023-11-27,18.715106964111328,21.100000381469727,21.459999084472656,21.100000381469727,21.459999084472656,3856822
2023-11-28,18.848154067993164,21.25,21.3799991607666,21.170000076293945,21.190000534057617,3934784
2023-11-29,18.759456634521484,21.149999618530273,21.31999969482422,21.110000610351562,21.239999771118164,4916678
2023-11-30,18.954591751098633,21.3700008392334,21.399999618530273,21.15999984741211,21.25,10615760
2023-12-01,18.865894317626953,21.270000457763672,21.3700008392334,21.229999542236328,21.350000381469727,4805152
2023-12-04,18.97233009338379,21.389999389648438,21.5,21.34000015258789,21.40999984741211,4453656
2023-12-05,18.998939514160156,21.420000076293945,21.440000534057617,21.299999237060547,21.440000534057617,4728081
2023-12-06,19.32712173461914,21.790000915527344,21.829999923706055,21.489999771118164,21.520000457763672,9700736
2023-12-07,19.433555603027344,21.90999984741211,21.940000534057617,21.75,21.81999969482422,5521122
2023-12-08,19.442424774169922,21.920000076293945,22.0,21.729999542236328,21.809999465942383,4690071
2023-12-11,19.460163116455078,21.940000534057617,22.030000686645508,21.850000381469727,21.889999389648438,6113627
2023-12-12,19.460163116455078,21.940000534057617,22.049999237060547,21.8799991607666,21.969999313354492,3573041
2023-12-13,19.637556076049805,22.139999389648438,22.170000076293945,22.020000457763672,22.040000915527344,4506574
2023-12-14,19.770606994628906,22.290000915527344,22.450000762939453,22.270000457763672,22.34000015258789,6884678
2023-12-15,19.947998046875,22.489999771118164,22.540000915527344,22.309999465942383,22.399999618530273,17441602
2023-12-18,19.939128875732422,22.479999542236328,22.479999542236328,22.309999465942383,22.3700008392334,3926915
2023-12-19,20.089914321899414,22.649999618530273,22.670000076293945,22.389999389648438,22.469999313354492,6176612
2023-12-20,20.293916702270508,22.8799991607666,22.889999389648438,22.68000030517578,22.790000915527344,7101593
2023-12-21,20.267309188842773,22.850000381469727,22.90999984741211,22.770000457763672,22.8799991607666,10446515
2023-12-22,20.258440017700195,22.84000015258789,22.899999618530273,22.770000457763672,22.850000381469727,8360263
2023-12-27,20.293916702270508,22.8799991607666,23.05500030517578,22.829999923706055,23.0,3030998
2023-12-28,20.409225463867188,23.010000228881836,23.010000228881836,22.920000076293945,23.0,3723012
2023-12-29,20.311656951904297,22.899999618530273,23.010000228881836,22.815000534057617,22.969999313354492,3630417
2024-01-02,20.471311569213867,23.079999923706055,23.1299991607666,22.90999984741211,22.93000030517578,3286771
2024-01-03,20.28504753112793,22.8700008392334,22.979999542236328,22.850000381469727,22.899999618530273,3150761
2024-01-04,20.081043243408203,22.639999389648438,22.780000686645508,22.520000457763672,22.75,8144511
2024-01-05,20.27617835998535,22.860000610351562,22.860000610351562,22.649999618530273,22.760000228881836,4512253
2024-01-08,20.293916702270508,22.8799991607666,22.979999542236328,22.739999771118164,22.860000610351562,3951978
2024-01-09,20.48905372619629,23.100000381469727,23.149999618530273,23.0,23.040000915527344,5058224
2024-01-10,20.3648738861084,22.959999084472656,23.18000030517578,22.93000030517578,23.010000228881836,3355135
2024-01-11,20.61322784423828,23.239999771118164,23.280000686645508,23.06999969482422,23.190000534057617,5138178
2024-01-12,20.568878173828125,23.190000534057617,23.229999542236328,23.030000686645508,23.100000381469727,2915308
2024-01-15,20.63983726501465,23.270000457763672,23.280000686645508,23.1200008392334,23.190000534057617,810919
2024-01-16,20.46244239807129,23.06999969482422,23.235000610351562,23.049999237060547,23.190000534057617,3749946
2024-01-17,20.311656951904297,22.899999618530273,23.049999237060547,22.829999923706055,23.020000457763672,5625767
2024-01-18,20.267309188842773,22.850000381469727,23.030000686645508,22.735000610351562,22.790000915527344,5627007
2024-01-19,20.577749252319336,23.200000762939453,23.280000686645508,23.079999923706055,23.110000610351562,7982691
2024-01-22,20.79949188232422,23.450000762939453,23.450000762939453,23.270000457763672,23.290000915527344,6526328
2024-01-23,20.968017578125,23.639999389648438,23.700000762939453,23.5,23.5,7248253
2024-01-24,20.897058486938477,23.559999465942383,23.639999389648438,23.450000762939453,23.56999969482422,5275335
2024-01-25,21.021238327026367,23.700000762939453,23.739999771118164,23.5,23.739999771118164,4791513
2024-01-29,21.225238800048828,23.93000030517578,23.934999465942383,23.799999237060547,23.850000381469727,5530109
2024-01-30,21.12767219543457,23.81999969482422,24.040000915527344,23.75,23.979999542236328,5932567
2024-01-31,21.44698143005371,24.18000030517578,24.18000030517578,23.739999771118164,23.889999389648438,10056918
2024-02-01,21.083322525024414,23.770000457763672,24.030000686645508,23.719999313354492,23.950000762939453,5684367
2024-02-02,21.331676483154297,24.049999237060547,24.1299991607666,23.809999465942383,23.969999313354492,5940834
2024-02-05,21.44698143005371,24.18000030517578,24.18000030517578,23.770000457763672,23.899999618530273,4503141
2024-02-06,21.420373916625977,24.149999618530273,24.25,23.969999313354492,24.149999618530273,6375557
2024-02-07,21.526809692382812,24.270000457763672,24.280000686645508,24.014999389648438,24.239999771118164,6746775
2024-02-08,21.650985717773438,24.40999984741211,24.40999984741211,24.209999084472656,24.31999969482422,3385894
2024-02-09,21.615507125854492,24.3700008392334,24.3700008392334,24.190000534057617,24.350000381469727,5565173
2024-02-12,21.730812072753906,24.5,24.59000015258789,24.34000015258789,24.40999984741211,6115310
2024-02-13,21.77515983581543,24.549999237060547,24.719999313354492,24.520000457763672,24.690000534057617,6038813
2024-02-14,21.39376449584961,24.1200008392334,24.200000762939453,23.969999313354492,24.200000762939453,6689409
2024-02-15,21.615507125854492,24.3700008392334,24.420000076293945,24.110000610351562,24.229999542236328,5078840
2024-02-16,21.79290199279785,24.56999969482422,24.6200008392334,24.440000534057617,24.549999237060547,6499451
2024-02-19,22.38717269897461,25.239999771118164,25.280000686645508,24.34000015258789,24.489999771118164,11599752
2024-02-20,22.972572326660156,25.899999618530273,25.90999984741211,25.549999237060547,25.579999923706055,14263551
2024-02-21,22.963703155517578,25.889999389648438,26.079999923706055,25.790000915527344,25.93000030517578,10506104
2024-02-22,22.94596290588379,25.8700008392334,25.889999389648438,25.649999618530273,25.860000610351562,5865467
2024-02-23,23.008052825927734,25.940000534057617,26.079999923706055,25.940000534057617,26.0,4661409
2024-02-26,23.096750259399414,26.040000915527344,26.09000015258789,25.8799991607666,26.0,3680382
2024-02-27,23.28301239013672,26.25,26.25,25.905000686645508,26.040000915527344,5907095
2024-02-28,23.238666534423828,26.200000762939453,26.309999465942383,26.06999969482422,26.25,4945467
2024-02-29,23.37171173095703,26.350000381469727,26.350000381469727,25.979999542236328,26.190000534057617,12720170
2024-03-01,23.424930572509766,26.40999984741211,26.43000030517578,26.25,26.299999237060547,5900908
2024-03-04,23.655542373657227,26.670000076293945,26.729999542236328,26.360000610351562,26.450000762939453,10859769
2024-03-05,23.637802124023438,26.649999618530273,26.780000686645508,26.549999237060547,26.75,7046885
2024-03-06,23.895023345947266,26.940000534057617,26.940000534057617,26.65999984741211,26.799999237060547,6313428
2024-03-07,23.9482421875,27.0,27.059999465942383,26.860000610351562,26.979999542236328,6247436
2024-03-08,24.569124221801758,27.700000762939453,27.700000762939453,27.1200008392334,27.1299991607666,11339107
2024-03-11,23.788589477539062,26.81999969482422,27.469999313354492,26.780000686645508,27.469999313354492,6615612
2024-03-12,23.95711326599121,27.010000228881836,27.3799991607666,26.81999969482422,27.0,6297159
2024-03-13,24.391725540161133,27.5,27.5,27.059999465942383,27.100000381469727,7965312
2024-03-14,23.478145599365234,26.469999313354492,27.1299991607666,26.264999389648438,27.1299991607666,9107820
2024-03-15,23.229793548583984,26.190000534057617,26.260000228881836,25.59000015258789,26.06999969482422,20505726
2024-03-18,23.353971481323242,26.329999923706055,26.34000015258789,25.969999313354492,26.170000076293945,6231812
2024-03-19,23.28301239013672,26.25,26.475000381469727,26.1299991607666,26.280000686645508,6626280
2024-03-20,23.220924377441406,26.18000030517578,26.6200008392334,26.18000030517578,26.450000762939453,6604661
2024-03-21,23.655542373657227,26.670000076293945,26.700000762939453,26.31999969482422,26.600000381469727,12665854
2024-03-22,23.478145599365234,26.469999313354492,26.65999984741211,26.149999618530273,26.6299991607666,13591434
2024-03-25,23.4515380859375,26.440000534057617,26.790000915527344,26.440000534057617,26.709999084472656,3984246
2024-03-26,23.274141311645508,26.239999771118164,26.459999084472656,26.170000076293945,26.350000381469727,5336603
2024-03-27,23.061269760131836,26.0,26.329999923706055,25.75,26.239999771118164,7742456
2024-03-28,23.14996910095215,26.100000381469727,26.139999389648438,25.889999389648438,26.079999923706055,7703961
2024-04-02,23.158838272094727,26.110000610351562,26.18000030517578,25.790000915527344,25.809999465942383,5660176
2024-04-03,22.910486221313477,25.829999923706055,26.079999923706055,25.780000686645508,25.959999084472656,5565127
2024-04-04,23.08787727355957,26.030000686645508,26.1299991607666,25.969999313354492,25.979999542236328,3287722
2024-04-05,23.079008102416992,26.020000457763672,26.059999465942383,25.850000381469727,25.90999984741211,3856439
2024-04-08,23.14109992980957,26.09000015258789,26.18000030517578,25.979999542236328,26.06999969482422,3744193
2024-04-09,23.407190322875977,26.389999389648438,26.389999389648438,26.110000610351562,26.239999771118164,4044976
2024-04-10,23.407190322875977,26.389999389648438,26.479999542236328,26.229999542236328,26.350000381469727,3679298
2024-04-11,23.14996910095215,26.100000381469727,26.34000015258789,25.969999313354492,26.059999465942383,4302459
2024-04-12,23.079008102416992,26.020000457763672,26.260000228881836,25.989999771118164,26.0,3548008
2024-04-15,23.203184127807617,26.15999984741211,26.170000076293945,25.770000457763672,25.850000381469727,4527478
2024-04-16,22.662132263183594,25.549999237060547,26.0,25.3700008392334,25.93000030517578,6371113
2024-04-17,22.68874168395996,25.579999923706055,25.799999237060547,25.579999923706055,25.649999618530273,3972655
2024-04-18,22.821786880493164,25.729999542236328,25.889999389648438,25.600000381469727,25.600000381469727,3541256
2024-04-19,22.617786407470703,25.5,25.559999465942383,25.139999389648438,25.5,6905588
2024-04-22,22.821786880493164,25.729999542236328,25.809999465942383,25.540000915527344,25.68000030517578,5514217
2024-04-23,23.03466033935547,25.969999313354492,26.200000762939453,25.899999618530273,26.079999923706055,5553445
2024-04-24,23.229793548583984,26.190000534057617,26.28499984741211,26.1299991607666,26.239999771118164,4434718
2024-04-26,22.78631019592285,25.690000534057617,25.959999084472656,25.649999618530273,25.889999389648438,6051206
2024-04-29,22.84839630126953,25.760000228881836,25.889999389648438,25.68000030517578,25.8700008392334,4292835
2024-04-30,23.02579116821289,25.959999084472656,25.959999084472656,25.579999923706055,25.68000030517578,4724380
2024-05-01,22.87500762939453,25.790000915527344,25.940000534057617,25.6200008392334,25.649999618530273,4086043
2024-05-02,23.08787727355957,26.030000686645508,26.34000015258789,25.920000076293945,25.950000762939453,6654114
2024-05-03,23.433801651000977,26.420000076293945,26.469999313354492,26.1299991607666,26.15999984741211,5647092
2024-05-06,24.05467987060547,27.1200008392334,27.170000076293945,26.700000762939453,26.770000457763672,8792107
2024-05-07,24.737648010253906,27.889999389648438,27.889999389648438,27.100000381469727,27.229999542236328,13420460
2024-05-08,24.737648010253906,27.889999389648438,28.049999237060547,27.6200008392334,28.0,9590161
2024-05-09,24.12356185913086,26.31999969482422,26.799999237060547,26.260000228881836,26.760000228881836,12840124
2024-05-10,24.4351863861084,26.65999984741211,26.709999084472656,26.229999542236328,26.3700008392334,7070541
2024-05-13,24.45351791381836,26.68000030517578,26.68000030517578,26.420000076293945,26.5,4590661
2024-05-14,24.38019561767578,26.600000381469727,26.68000030517578,26.5,26.670000076293945,4150185
2024-05-15,24.16022300720215,26.360000610351562,26.700000762939453,26.329999923706055,26.700000762939453,4826428
2024-05-16,24.499345779418945,26.729999542236328,26.799999237060547,26.540000915527344,26.670000076293945,8097220
2024-05-17,24.536008834838867,26.770000457763672,26.815000534057617,26.530000686645508,26.610000610351562,6550586
2024-05-20,24.719316482543945,26.969999313354492,26.969999313354492,26.760000228881836,26.809999465942383,3311390
2024-05-21,24.810970306396484,27.06999969482422,27.06999969482422,26.809999465942383,26.940000534057617,4828053
2024-05-22,24.810970306396484,27.06999969482422,27.15999984741211,27.010000228881836,27.100000381469727,5271866
2024-05-23,24.627662658691406,26.8700008392334,26.90999984741211,26.709999084472656,26.8799991607666,7310797
2024-05-24,24.34353256225586,26.559999465942383,26.65999984741211,26.350000381469727,26.600000381469727,4225243
2024-05-27,24.517677307128906,26.75,26.84000015258789,26.6200008392334,26.809999465942383,3278836
2024-05-28,24.41685676574707,26.639999389648438,26.799999237060547,26.5,26.799999237060547,4329138
2024-05-29,23.839431762695312,26.010000228881836,26.43000030517578,26.010000228881836,26.34000015258789,5883303
2024-05-30,23.7661075592041,25.93000030517578,26.110000610351562,25.760000228881836,25.790000915527344,5841163
2024-05-31,23.811933517456055,25.979999542236328,26.149999618530273,25.920000076293945,26.149999618530273,8367805
2024-06-03,24.407690048217773,26.6299991607666,26.6299991607666,26.18000030517578,26.229999542236328,5132405
2024-06-04,24.508508682250977,26.739999771118164,26.84000015258789,26.540000915527344,26.6200008392334,7082130
2024-06-05,24.52684211730957,26.760000228881836,26.920000076293945,26.700000762939453,26.81999969482422,8782889
2024-06-06,24.719316482543945,26.969999313354492,27.040000915527344,26.729999542236328,26.860000610351562,8869164
2024-06-07,24.719316482543945,26.969999313354492,26.969999313354492,26.725000381469727,26.889999389648438,4762097
2024-06-11,24.462684631347656,26.690000534057617,26.700000762939453,26.530000686645508,26.68000030517578,6385658
2024-06-12,24.481014251708984,26.709999084472656,26.739999771118164,26.510000228881836,26.6200008392334,3763744
2024-06-13,24.63682746887207,26.8799991607666,26.969999313354492,26.739999771118164,26.969999313354492,5509608
2024-06-14,24.554338455200195,26.790000915527344,26.889999389648438,26.684999465942383,26.850000381469727,3192740
2024-06-17,24.719316482543945,26.969999313354492,26.989999771118164,26.729999542236328,26.75,3640569
2024-06-18,24.948453903198242,27.219999313354492,27.270000457763672,27.0,27.049999237060547,5935639
2024-06-19,24.856800079345703,27.1200008392334,27.25,27.049999237060547,27.239999771118164,3516304
2024-06-20,24.975950241088867,27.25,27.25,26.969999313354492,27.079999923706055,6798973
2024-06-21,24.966787338256836,27.239999771118164,27.270000457763672,27.0,27.25,12735577
2024-06-24,24.884294509887695,27.149999618530273,27.34000015258789,27.09000015258789,27.25,4287785
2024-06-25,25.177589416503906,27.469999313354492,27.56999969482422,27.260000228881836,27.440000534057617,4988654
2024-06-26,25.030942916870117,27.309999465942383,27.399999618530273,27.170000076293945,27.299999237060547,4468462
2024-06-27,24.829303741455078,27.09000015258789,27.09000015258789,26.7549991607666,26.860000610351562,5779318
2024-06-28,24.957618713378906,27.229999542236328,27.395000457763672,27.100000381469727,27.290000915527344,5101408
2024-07-01,24.939287185668945,27.209999084472656,27.209999084472656,26.850000381469727,26.940000534057617,3662956
2024-07-02,24.84763526916504,27.110000610351562,27.200000762939453,27.040000915527344,27.190000534057617,3643127
2024-07-03,24.856800079345703,27.1200008392334,27.270000457763672,27.040000915527344,27.239999771118164,3233815
2024-07-04,25.06760597229004,27.350000381469727,27.3700008392334,27.18000030517578,27.290000915527344,3973339
2024-07-05,24.930124282836914,27.200000762939453,27.34000015258789,27.1200008392334,27.34000015258789,2470372
2024-07-08,24.865964889526367,27.1299991607666,27.360000610351562,27.110000610351562,27.219999313354492,2992560
2024-07-09,25.370067596435547,27.68000030517578,27.68000030517578,27.329999923706055,27.360000610351562,6537212
2024-07-10,25.223419189453125,27.520000457763672,27.59000015258789,27.420000076293945,27.540000915527344,4682562
2024-07-11,25.32423973083496,27.6299991607666,27.969999313354492,27.540000915527344,27.850000381469727,4728908
2024-07-12,25.57170867919922,27.899999618530273,27.989999771118164,27.719999313354492,27.75,4318198
2024-07-15,25.764184951782227,28.110000610351562,28.219999313354492,28.0,28.040000915527344,3628724
2024-07-16,25.828340530395508,28.18000030517578,28.280000686645508,28.100000381469727,28.200000762939453,3972703
2024-07-17,26.103303909301758,28.479999542236328,28.520000457763672,28.200000762939453,28.299999237060547,4779846
2024-07-18,26.103303909301758,28.479999542236328,28.649999618530273,28.3700008392334,28.479999542236328,4407153
2024-07-19,25.86500358581543,28.219999313354492,28.270000457763672,27.989999771118164,28.18000030517578,6150706
2024-07-22,25.727519989013672,28.06999969482422,28.1299991607666,27.889999389648438,27.940000534057617,3406795
2024-07-23,25.95665740966797,28.31999969482422,28.469999313354492,28.15999984741211,28.200000762939453,4521504
2024-07-24,26.149133682250977,28.530000686645508,28.530000686645508,28.270000457763672,28.280000686645508,4088701
2024-07-25,25.97498893737793,28.34000015258789,28.360000610351562,28.170000076293945,28.270000457763672,6062248
2024-07-26,26.204124450683594,28.59000015258789,28.59000015258789,28.399999618530273,28.5,4758451
2024-07-29,26.57074737548828,28.989999771118164,29.014999389648438,28.770000457763672,28.799999237060547,5054567
2024-07-30,26.653236389160156,29.079999923706055,29.079999923706055,28.530000686645508,28.739999771118164,4807242
2024-07-31,27.31315040588379,29.799999237060547,29.799999237060547,29.1299991607666,29.200000762939453,7948647
2024-08-01,27.23065948486328,29.709999084472656,29.940000534057617,29.6299991607666,29.90999984741211,4919838
2024-08-02,26.561580657958984,28.979999542236328,29.170000076293945,28.760000228881836,29.139999389648438,7798231
2024-08-05,25.370067596435547,27.68000030517578,28.170000076293945,27.510000228881836,28.170000076293945,8416196
2024-08-06,25.498384475708008,27.81999969482422,28.059999465942383,27.510000228881836,27.739999771118164,5845712
2024-08-07,25.315074920654297,27.6200008392334,27.860000610351562,27.510000228881836,27.65999984741211,4124271
2024-08-08,25.525882720947266,27.850000381469727,27.950000762939453,27.530000686645508,27.75,3925805
2024-08-09,25.70918846130371,28.049999237060547,28.170000076293945,27.899999618530273,28.139999389648438,3394444
2024-08-12,25.86500358581543,28.219999313354492,28.40999984741211,28.200000762939453,28.360000610351562,2337013
2024-08-13,26.13996696472168,28.520000457763672,28.579999923706055,28.329999923706055,28.399999618530273,3658292
2024-08-14,26.442428588867188,28.850000381469727,28.989999771118164,28.690000534057617,28.799999237060547,5408159
2024-08-15,26.854873657226562,29.299999237060547,29.510000228881836,28.959999084472656,28.989999771118164,6213845
2024-08-16,27.184833526611328,29.65999984741211,29.719999313354492,29.389999389648438,29.649999618530273,8002044
2024-08-19,27.863080978393555,30.399999618530273,30.43000030517578,29.899999618530273,30.0,8934457
2024-08-20,27.78975486755371,30.31999969482422,30.559999465942383,30.170000076293945,30.489999771118164,4826973
2024-08-21,27.75309181213379,30.280000686645508,30.389999389648438,30.049999237060547,30.299999237060547,5286719
2024-08-22,27.542285919189453,30.049999237060547,30.3700008392334,30.049999237060547,30.280000686645508,4280752
2024-08-23,27.523956298828125,30.030000686645508,30.139999389648438,29.899999618530273,30.0,4052266
2024-08-26,28.11054801940918,30.670000076293945,30.670000076293945,30.1200008392334,30.149999618530273,5697282
2024-08-27,27.945568084716797,30.489999771118164,30.719999313354492,30.420000076293945,30.639999389648438,3591769
2024-08-28,28.25719451904297,30.829999923706055,30.829999923706055,30.299999237060547,30.420000076293945,5747103
2024-08-29,28.486331939697266,31.079999923706055,31.1299991607666,30.829999923706055,30.850000381469727,5668887
2024-08-30,28.632980346679688,31.239999771118164,31.239999771118164,31.030000686645508,31.139999389648438,8834223
2024-09-02,28.96293830871582,31.600000381469727,31.65999984741211,31.1200008392334,31.200000762939453,3621973
2024-09-03,29.155412673950195,31.809999465942383,31.8799991607666,31.40999984741211,31.450000762939453,3615261
2024-09-04,28.53215980529785,31.1299991607666,31.459999084472656,30.899999618530273,31.389999389648438,4899425
2024-09-05,28.944604873657227,31.579999923706055,31.729999542236328,31.3700008392334,31.450000762939453,6225919
2024-09-06,29.42121124267578,32.099998474121094,32.16999816894531,31.56999969482422,31.579999923706055,5765488
2024-09-09,29.210407257080078,31.8700008392334,31.90999984741211,31.399999618530273,31.510000228881836,8473409
2024-09-10,29.613689422607422,32.310001373291016,32.439998626708984,32.119998931884766,32.150001525878906,5505681
2024-09-11,29.182910919189453,31.84000015258789,32.2400016784668,31.639999389648438,32.2400016784668,5644717
2024-09-12,29.60451889038086,32.29999923706055,32.310001373291016,32.02000045776367,32.209999084472656,4055417
2024-09-13,29.42121124267578,32.099998474121094,32.439998626708984,31.8700008392334,32.369998931884766,4698859
2024-09-16,30.053630828857422,32.790000915527344,32.790000915527344,32.220001220703125,32.27000045776367,6416044
2024-09-17,30.273601531982422,33.029998779296875,33.15999984741211,32.970001220703125,33.099998474121094,5758335
2024-09-18,30.39275360107422,33.15999984741211,33.22999954223633,32.939998626708984,33.11000061035156,4803919
2024-09-19,30.585229873657227,33.369998931884766,33.599998474121094,33.27000045776367,33.400001525878906,8440722
2024-09-20,30.768537521362305,33.56999969482422,33.64500045776367,33.38999938964844,33.599998474121094,12860330
2024-09-23,30.805200576782227,33.61000061035156,33.72999954223633,33.369998931884766,33.47999954223633,4942038
2024-09-24,30.081127166748047,32.81999969482422,33.779998779296875,32.630001068115234,33.65999984741211,6270936
2024-09-25,29.83365821838379,32.54999923706055,32.849998474121094,32.369998931884766,32.779998779296875,6789764
2024-09-26,29.641183853149414,32.34000015258789,32.869998931884766,32.33000183105469,32.720001220703125,6518251
2024-09-27,29.1462459564209,31.799999237060547,32.0,31.649999618530273,32.0,7523691
2024-09-30,29.07292366027832,31.719999313354492,31.989999771118164,31.549999237060547,31.81999969482422,10330507
2024-10-01,28.5871524810791,31.190000534057617,31.68000030517578,31.049999237060547,31.6299991607666,5607875
2024-10-02,28.513830184936523,31.110000610351562,31.34000015258789,31.0,31.18000030517578,6234464
2024-10-03,28.14720916748047,30.709999084472656,31.059999465942383,30.690000534057617,31.030000686645508,5434588
2024-10-04,27.624774932861328,30.139999389648438,30.399999618530273,29.989999771118164,30.3700008392334,5874667
2024-10-07,28.211368560791016,30.780000686645508,30.860000610351562,30.200000762939453,30.299999237060547,4029666
2024-10-08,28.33051872253418,30.90999984741211,31.094999313354492,30.610000610351562,30.860000610351562,4252450
2024-10-09,28.43134117126465,31.020000457763672,31.450000762939453,30.93000030517578,31.270000457763672,2968218
2024-10-10,28.321353912353516,30.899999618530273,31.309999465942383,30.760000228881836,31.18000030517578,3296512
2024-10-11,28.284692764282227,30.860000610351562,30.93000030517578,30.670000076293945,30.850000381469727,4032806
2024-10-14,28.458833694458008,31.049999237060547,31.100000381469727,30.8799991607666,31.09000015258789,2906911
2024-10-15,28.926273345947266,31.559999465942383,31.639999389648438,31.209999084472656,31.219999313354492,4570022
2024-10-16,29.09125518798828,31.739999771118164,31.920000076293945,31.43000030517578,31.5,5961808
2024-10-17,29.83365821838379,32.54999923706055,32.54999923706055,31.940000534057617,32.09000015258789,8803730
2024-10-18,29.705341339111328,32.40999984741211,32.66999816894531,32.30500030517578,32.540000915527344,7510777
2024-10-21,29.796993255615234,32.5099983215332,32.68000030517578,32.34000015258789,32.5,3640105
2024-10-22,29.265399932861328,31.93000030517578,32.279998779296875,31.84000015258789,32.20000076293945,3631500
2024-10-23,29.357051849365234,32.029998779296875,32.09000015258789,31.760000228881836,32.0099983215332,1759188
2024-10-24,29.430377960205078,32.11000061035156,32.25,31.829999923706055,32.08000183105469,3723488
2024-10-25,29.45787239074707,32.13999938964844,32.439998626708984,31.950000762939453,32.029998779296875,2234199
2024-10-28,29.476205825805664,32.15999984741211,32.290000915527344,32.025001525878906,32.220001220703125,3025189
2024-10-29,29.549530029296875,32.2400016784668,32.5,32.2400016784668,32.369998931884766,4563080
2024-10-30,29.338720321655273,32.0099983215332,32.29999923706055,31.809999465942383,32.25,3246076
2024-10-31,29.439542770385742,32.119998931884766,32.13999938964844,31.829999923706055,31.920000076293945,4355070
2024-11-01,29.42121124267578,32.099998474121094,32.099998474121094,31.600000381469727,31.889999389648438,3959698
2024-11-04,29.696176528930664,32.400001525878906,32.43000030517578,31.299999237060547,32.20000076293945,5431948
2024-11-05,29.25623321533203,31.920000076293945,32.400001525878906,31.81999969482422,32.400001525878906,5488985
2024-11-06,29.567859649658203,32.2599983215332,32.349998474121094,32.08000183105469,32.2599983215332,4384396
2024-11-07,29.577247619628906,31.510000228881836,31.75,31.125,31.600000381469727,8064025
2024-11-08,30.168603897094727,32.13999938964844,32.16999816894531,31.5049991607666,31.649999618530273,5203802
2024-11-11,30.037193298339844,32.0,32.13999938964844,31.670000076293945,32.099998474121094,7114831
2024-11-12,30.131057739257812,32.099998474121094,32.29999923706055,31.75,32.060001373291016,4921923
2024-11-13,30.04657745361328,32.0099983215332,32.0099983215332,31.479999542236328,31.709999084472656,3597635
2024-11-14,30.4502010345459,32.439998626708984,32.470001220703125,32.20000076293945,32.2599983215332,3691530
2024-11-15,31.03217315673828,33.060001373291016,33.060001373291016,32.54999923706055,32.66999816894531,5291238
2024-11-18,31.201135635375977,33.2400016784668,33.36000061035156,32.75,32.849998474121094,4216953
2024-11-19,31.34193229675293,33.38999938964844,33.7400016784668,33.15999984741211,33.20000076293945,5277169
2024-11-20,31.004011154174805,33.029998779296875,33.34000015258789,33.0,33.310001373291016,4313889
2024-11-21,31.482728958129883,33.540000915527344,33.58000183105469,33.22999954223633,33.290000915527344,5695840
2024-11-22,31.754945755004883,33.83000183105469,33.900001525878906,33.68000030517578,33.70000076293945,6146424
2024-11-25,31.360702514648438,33.40999984741211,33.900001525878906,33.40999984741211,33.880001068115234,16269558
2024-11-26,30.928922653198242,32.95000076293945,33.47999954223633,32.79499816894531,33.47999954223633,5586173
2024-11-27,31.097881317138672,33.130001068115234,33.33000183105469,32.970001220703125,33.2400016784668,5207200
2024-11-28,31.351320266723633,33.400001525878906,33.58000183105469,33.209999084472656,33.27000045776367,3361483
2024-11-29,31.31377410888672,33.36000061035156,33.41999816894531,33.08000183105469,33.08000183105469,4576585
2024-12-02,31.229293823242188,33.27000045776367,33.439998626708984,33.189998626708984,33.25,4502231
2024-12-03,31.548437118530273,33.61000061035156,34.0,33.5,33.79999923706055,7313686
2024-12-04,31.060333251953125,33.09000015258789,33.58000183105469,33.040000915527344,33.5,4523345
2024-12-05,31.201135635375977,33.2400016784668,33.459999084472656,33.130001068115234,33.400001525878906,3259775
2024-12-06,30.750572204589844,32.7599983215332,33.20000076293945,32.71500015258789,33.18000030517578,4797567
2024-12-09,30.85382652282715,32.869998931884766,32.869998931884766,32.470001220703125,32.689998626708984,4195805
2024-12-10,30.26247215270996,32.2400016784668,32.56999969482422,32.0099983215332,32.54999923706055,5740522
2024-12-11,30.149831771850586,32.119998931884766,32.349998474121094,32.025001525878906,32.189998626708984,4549122
2024-12-12,29.999643325805664,31.959999084472656,32.349998474121094,31.93000030517578,32.349998474121094,3386034
2024-12-13,30.196762084960938,32.16999816894531,32.16999816894531,31.709999084472656,31.809999465942383,3051036
2024-12-16,30.422042846679688,32.40999984741211,32.45000076293945,32.16999816894531,32.31999969482422,3629185
2024-12-17,30.637935638427734,32.63999938964844,32.689998626708984,32.38999938964844,32.45000076293945,4193036
2024-12-18,30.835054397583008,32.849998474121094,32.915000915527344,32.63999938964844,32.7400016784668,4264789
2024-12-19,30.084123611450195,32.04999923706055,32.5,31.979999542236328,32.33000183105469,8309043
2024-12-20,29.727432250976562,31.670000076293945,31.829999923706055,31.469999313354492,31.770000457763672,14928431
2024-12-23,30.309404373168945,32.290000915527344,32.310001373291016,31.8700008392334,31.93000030517578,2469104
2024-12-24,30.440814971923828,32.43000030517578,32.5099983215332,32.20000076293945,32.290000915527344,1213333
2024-12-27,30.656709671020508,32.65999984741211,32.70000076293945,32.349998474121094,32.45000076293945,2588503
2024-12-30,30.553455352783203,32.54999923706055,32.6349983215332,32.33000183105469,32.5,1951964
2024-12-31,30.337562561035156,32.31999969482422,32.459999084472656,32.25,32.400001525878906,2122016
2025-01-02,30.422042846679688,32.40999984741211,32.470001220703125,32.1150016784668,32.2400016784668,1963045
2025-01-03,30.637935638427734,32.63999938964844,32.70000076293945,32.31999969482422,32.400001525878906,2115868
2025-01-06,30.69425392150879,32.70000076293945,32.91999816894531,32.470001220703125,32.79999923706055,2952867
2025-01-07,30.85382652282715,32.869998931884766,32.93000030517578,32.65999984741211,32.7400016784668,2846713
2025-01-08,31.285614013671875,33.33000183105469,33.599998474121094,32.61000061035156,32.650001525878906,6786387
2025-01-09,31.126039505004883,33.15999984741211,33.290000915527344,33.0099983215332,33.04999923706055,3046185
2025-01-10,30.600387573242188,32.599998474121094,33.220001220703125,32.369998931884766,33.16999816894531,4703891
2025-01-13,29.9151668548584,31.8700008392334,32.220001220703125,31.59000015258789,32.11000061035156,3834233
2025-01-14,29.849456787109375,31.799999237060547,32.20000076293945,31.6299991607666,31.979999542236328,3044037
2025-01-15,29.905780792236328,31.860000610351562,32.04999923706055,31.760000228881836,31.93000030517578,2432434
2025-01-16,30.656709671020508,32.65999984741211,32.689998626708984,32.349998474121094,32.349998474121094,6023653
2025-01-17,30.187376022338867,32.15999984741211,32.56999969482422,32.095001220703125,32.540000915527344,4912194
2025-01-20,30.309404373168945,32.290000915527344,32.369998931884766,32.060001373291016,32.13999938964844,2302481
2025-01-21,30.73180389404297,32.7400016784668,32.91999816894531,32.25,32.310001373291016,3863319
2025-01-22,30.957082748413086,32.97999954223633,33.150001525878906,32.849998474121094,32.91999816894531,2771707
2025-01-23,30.938304901123047,32.959999084472656,32.9900016784668,32.80500030517578,32.95000076293945,2004265
2025-01-24,30.994625091552734,33.02000045776367,33.18000030517578,32.939998626708984,32.97999954223633,2977506
2025-01-28,31.351320266723633,33.400001525878906,33.47999954223633,33.119998931884766,33.20000076293945,3760640
2025-01-29,31.492116928100586,33.54999923706055,33.779998779296875,33.38999938964844,33.47999954223633,3676151
2025-01-30,31.708009719848633,33.779998779296875,33.83000183105469,33.5099983215332,33.59000015258789,2867669
2025-01-31,31.661075592041016,33.72999954223633,33.95000076293945,33.56999969482422,33.689998626708984,5163813
2025-02-03,31.126039505004883,33.15999984741211,33.36000061035156,32.959999084472656,33.2400016784668,3408227
2025-02-04,31.07910919189453,33.11000061035156,33.439998626708984,33.11000061035156,33.349998474121094,2841615
2025-02-05,31.238676071166992,33.279998779296875,33.459999084472656,33.06999969482422,33.09000015258789,3651489
2025-02-06,31.91451644897461,34.0,34.150001525878906,33.63999938964844,33.7599983215332,5030745
2025-02-07,31.952062606811523,34.040000915527344,34.16999816894531,33.72999954223633,33.88999938964844,3177016
2025-02-10,31.94267463684082,34.029998779296875,34.150001525878906,33.56999969482422,33.689998626708984,3137088
2025-02-11,32.158565521240234,34.2599983215332,34.29999923706055,33.9900016784668,34.06999969482422,3528884
2025-02-12,32.5246467590332,34.650001525878906,34.7400016784668,34.20000076293945,34.36000061035156,4038035
2025-02-13,32.5246467590332,34.650001525878906,35.27000045776367,34.619998931884766,34.63999938964844,4349248
2025-02-14,32.58096694946289,34.709999084472656,35.08000183105469,34.38999938964844,34.79999923706055,4260193
2025-02-17,31.2574520111084,33.29999923706055,33.7599983215332,32.54499816894531,33.709999084472656,8392995
2025-02-18,30.32817840576172,32.310001373291016,33.20000076293945,32.310001373291016,33.099998474121094,8005671
2025-02-19,30.224925994873047,32.20000076293945,32.4900016784668,31.920000076293945,32.310001373291016,8305820
2025-02-20,29.305034637451172,31.219999313354492,31.899999618530273,30.8700008392334,31.809999465942383,9250277
2025-02-21,29.126689910888672,31.030000686645508,31.579999923706055,30.90999984741211,31.540000915527344,8032558
2025-02-24,29.36135482788086,31.280000686645508,31.43000030517578,30.850000381469727,30.950000762939453,6110525
2025-02-25,29.333194732666016,31.25,31.399999618530273,31.094999313354492,31.280000686645508,5401860
2025-02-26,29.577247619628906,31.510000228881836,31.559999465942383,30.969999313354492,31.299999237060547,4000757
2025-02-27,29.68050193786621,31.6200008392334,31.670000076293945,31.239999771118164,31.40999984741211,3524342
2025-02-28,29.858844757080078,31.809999465942383,32.0,31.510000228881836,31.600000381469727,11555020
2025-03-03,29.849456787109375,31.799999237060547,32.08000183105469,31.639999389648438,32.0,4220863
2025-03-04,29.9151668548584,31.8700008392334,31.93000030517578,31.56999969482422,31.700000762939453,3789606
2025-03-05,29.605405807495117,31.540000915527344,31.6299991607666,31.15999984741211,31.5,4750901
2025-03-06,29.34258270263672,31.260000228881836,31.520000457763672,31.200000762939453,31.399999618530273,4567346
2025-03-07,28.694902420043945,30.56999969482422,30.969999313354492,30.329999923706055,30.850000381469727,6326289
2025-03-10,28.53533172607422,30.399999618530273,30.704999923706055,30.399999618530273,30.549999237060547,4294942
2025-03-11,28.807544708251953,30.690000534057617,30.84000015258789,29.829999923706055,29.950000762939453,6602434
2025-03-12,28.22557258605957,30.06999969482422,30.440000534057617,29.780000686645508,30.3700008392334,6142771
2025-03-13,27.812562942504883,29.6299991607666,30.170000076293945,29.56999969482422,30.0,5702666
2025-03-14,27.793790817260742,29.610000610351562,29.739999771118164,29.34000015258789,29.56999969482422,3749582
2025-03-17,28.056615829467773,29.889999389648438,29.950000762939453,29.780000686645508,29.899999618530273,4004751
2025-03-18,28.328826904296875,30.18000030517578,30.28499984741211,30.010000228881836,30.110000610351562,4751848
2025-03-19,28.272506713867188,30.1200008392334,30.309999465942383,29.90999984741211,29.950000762939453,5610284
2025-03-20,28.732452392578125,30.610000610351562,30.719999313354492,30.459999084472656,30.5,7872664
2025-03-21,28.854476928710938,30.739999771118164,30.920000076293945,30.350000381469727,30.670000076293945,14345079
2025-03-24,29.35196876525879,31.270000457763672,31.299999237060547,30.684999465942383,30.700000762939453,2952320
2025-03-25,29.173622131347656,31.079999923706055,31.760000228881836,30.979999542236328,31.5,4498164
2025-03-26,29.51154136657715,31.440000534057617,31.649999618530273,31.15999984741211,31.389999389648438,4441819
2025-03-27,29.708660125732422,31.649999618530273,31.649999618530273,31.09000015258789,31.09000015258789,4124194
2025-03-28,29.93393898010254,31.889999389648438,32.189998626708984,31.434999465942383,31.5,5224905
2025-03-31,29.633567810058594,31.56999969482422,31.665000915527344,31.200000762939453,31.399999618530273,6178479
2025-04-01,29.633567810058594,31.56999969482422,31.809999465942383,31.200000762939453,31.579999923706055,3762049
2025-04-02,29.943323135375977,31.899999618530273,32.119998931884766,31.75,31.8700008392334,3684007
2025-04-03,29.793140411376953,31.739999771118164,31.829999923706055,31.049999237060547,31.209999084472656,4448021
2025-04-04,29.089141845703125,30.989999771118164,31.3700008392334,30.860000610351562,31.010000228881836,4962951
2025-04-07,27.45587158203125,29.25,29.860000610351562,28.440000534057617,29.0,9505052
2025-04-08,27.850107192993164,29.670000076293945,29.670000076293945,29.0,29.270000457763672,6358235
2025-04-09,27.38077735900879,29.170000076293945,29.899999618530273,28.93000030517578,29.0,5260053
2025-04-10,28.732452392578125,30.610000610351562,31.450000762939453,30.559999465942383,31.0,5674622
2025-04-11,28.19741439819336,30.040000915527344,30.110000610351562,29.454999923706055,29.610000610351562,5820163
2025-04-14,28.638586044311523,30.510000228881836,30.65999984741211,30.110000610351562,30.200000762939453,3777417
2025-04-15,28.873252868652344,30.760000228881836,31.059999465942383,30.389999389648438,30.40999984741211,4227979
2025-04-16,29.305034637451172,31.219999313354492,31.360000610351562,30.959999084472656,31.049999237060547,4502356
2025-04-17,29.239328384399414,31.149999618530273,31.360000610351562,30.899999618530273,31.260000228881836,3678320
2025-04-22,29.267488479614258,31.18000030517578,31.389999389648438,30.700000762939453,30.889999389648438,4519269
2025-04-23,29.75559425354004,31.700000762939453,32.025001525878906,31.639999389648438,31.850000381469727,4999623
2025-04-24,30.074739456176758,32.040000915527344,32.2400016784668,31.739999771118164,31.8799991607666,3463778
2025-04-28,30.318788528442383,32.29999923706055,32.70000076293945,32.2599983215332,32.5,4828576
2025-04-29,30.656709671020508,32.65999984741211,32.70000076293945,32.369998931884766,32.369998931884766,3629205
2025-04-30,30.825668334960938,32.84000015258789,32.959999084472656,32.55500030517578,32.779998779296875,6871805
2025-05-01,30.806896209716797,32.81999969482422,33.0,32.59000015258789,32.650001525878906,3458192
2025-05-02,31.398250579833984,33.45000076293945,33.72999954223633,32.900001525878906,32.939998626708984,5958404
2025-05-05,30.459590911865234,32.45000076293945,32.959999084472656,32.189998626708984,32.75,7515977
2025-05-06,29.858844757080078,31.809999465942383,32.369998931884766,31.649999618530273,32.16999816894531,5920537
2025-05-07,29.840072631835938,31.790000915527344,31.969999313354492,31.290000915527344,31.899999618530273,9346951
2025-05-08,29.33039665222168,30.5,30.899999618530273,30.274999618530273,30.899999618530273,8877330
2025-05-09,30.01317024230957,31.209999084472656,31.34000015258789,30.5,30.56999969482422,7010943
2025-05-12,29.888154983520508,31.079999923706055,31.639999389648438,31.079999923706055,31.520000457763672,6524142
2025-05-13,30.426679611206055,31.639999389648438,31.815000534057617,31.34000015258789,31.40999984741211,10878956
2025-05-14,30.06125259399414,31.260000228881836,31.80500030517578,31.260000228881836,31.719999313354492,5789764
2025-05-15,30.311283111572266,31.520000457763672,31.649999618530273,31.049999237060547,31.31999969482422,4525711
2025-05-16,30.397830963134766,31.610000610351562,31.979999542236328,31.524999618530273,31.84000015258789,4604119
2025-05-19,30.167036056518555,31.3700008392334,31.65999984741211,31.170000076293945,31.549999237060547,3318697
2025-05-20,30.292049407958984,31.5,31.950000762939453,31.5,31.799999237060547,4738200
2025-05-21,30.359365463256836,31.56999969482422,31.93000030517578,31.059999465942383,31.100000381469727,6810182
2025-05-22,30.11895179748535,31.31999969482422,31.5,31.18000030517578,31.209999084472656,4773358
2025-05-23,30.138185501098633,31.34000015258789,31.579999923706055,31.18000030517578,31.450000762939453,3731046
2025-05-26,30.0516357421875,31.25,31.350000381469727,31.1200008392334,31.299999237060547,2584947
2025-05-27,30.56131362915039,31.780000686645508,31.780000686645508,31.155000686645508,31.229999542236328,3535931
2025-05-28,30.263198852539062,31.469999313354492,31.799999237060547,31.389999389648438,31.770000457763672,3480166
2025-05-29,30.493995666503906,31.709999084472656,31.84000015258789,31.5,31.729999542236328,3304418
2025-05-30,31.3114013671875,32.560001373291016,32.560001373291016,31.579999923706055,31.649999618530273,19317807
2025-06-02,30.945974349975586,32.18000030517578,32.33000183105469,31.959999084472656,32.25,4463470
2025-06-03,31.369098663330078,32.619998931884766,32.72999954223633,32.2599983215332,32.29999923706055,5290525
2025-06-04,31.830692291259766,33.099998474121094,33.41999816894531,32.68000030517578,32.709999084472656,8506033
2025-06-05,31.984556198120117,33.2599983215332,33.380001068115234,33.029998779296875,33.09000015258789,4602532
2025-06-06,31.907623291015625,33.18000030517578,33.529998779296875,33.18000030517578,33.290000915527344,4092435
2025-06-10,32.215354919433594,33.5,33.849998474121094,33.279998779296875,33.36000061035156,4838707
2025-06-11,32.340370178222656,33.630001068115234,33.84000015258789,33.45000076293945,33.75,3927988
2025-06-12,32.071102142333984,33.349998474121094,33.810001373291016,33.349998474121094,33.790000915527344,4365914
2025-06-13,32.08072280883789,33.36000061035156,33.4900016784668,33.02000045776367,33.380001068115234,4484411
2025-06-16,31.917240142822266,33.189998626708984,33.29999923706055,32.91999816894531,33.25,2894757
2025-06-17,31.744144439697266,33.0099983215332,33.15999984741211,32.88999938964844,33.06999969482422,4266613
2025-06-18,31.753759384155273,33.02000045776367,33.130001068115234,32.77000045776367,33.0099983215332,3944145
2025-06-19,32.301902770996094,33.59000015258789,33.7400016784668,33.0,33.04999923706055,5724212
2025-06-20,31.93647575378418,33.209999084472656,33.779998779296875,32.810001373291016,33.56999969482422,11006573
2025-06-23,32.13842010498047,33.41999816894531,33.43000030517578,32.66999816894531,32.86000061035156,4483308
2025-06-24,32.975059509277344,34.290000915527344,34.47999954223633,33.560001373291016,33.630001068115234,6682334
2025-06-25,33.21547317504883,34.540000915527344,34.66999816894531,34.15999984741211,34.18000030517578,4966057
2025-06-26,33.244319915771484,34.56999969482422,34.619998931884766,34.23500061035156,34.45000076293945,4460395
2025-06-27,32.600013732910156,33.900001525878906,34.849998474121094,33.900001525878906,34.70000076293945,4497774
2025-06-30,32.561546325683594,33.86000061035156,34.15999984741211,33.79999923706055,33.900001525878906,5011742
2025-07-01,32.571163177490234,33.869998931884766,34.03499984741211,33.56999969482422,33.869998931884766,4490183
2025-07-02,32.426918029785156,33.720001220703125,34.0,33.3849983215332,33.939998626708984,5822400
2025-07-03,32.19612121582031,33.47999954223633,33.709999084472656,33.27000045776367,33.41999816894531,3134557
2025-07-04,32.340370178222656,33.630001068115234,33.79999923706055,33.45000076293945,33.45000076293945,2223513
2025-07-07,32.19612121582031,33.47999954223633,33.79999923706055,33.20000076293945,33.54999923706055,2361188
2025-07-08,32.18650817871094,33.470001220703125,33.68000030517578,33.08000183105469,33.25,5529051
2025-07-09,32.407684326171875,33.70000076293945,33.88999938964844,33.220001220703125,33.400001525878906,4247989
2025-07-10,32.571163177490234,33.869998931884766,34.06999969482422,33.75,33.810001373291016,3613116
2025-07-11,32.513465881347656,33.810001373291016,33.900001525878906,33.58000183105469,33.7599983215332,4022898
2025-07-14,32.27305603027344,33.560001373291016,33.849998474121094,33.52000045776367,33.79999923706055,2206943
2025-07-15,32.49423599243164,33.790000915527344,33.959999084472656,33.470001220703125,33.79999923706055,2672315
2025-07-16,32.02302169799805,33.29999923706055,33.70000076293945,33.209999084472656,33.47999954223633,3801204
2025-07-17,32.407684326171875,33.70000076293945,33.790000915527344,33.33000183105469,33.41999816894531,4060220
2025-07-18,32.99429702758789,34.310001373291016,34.459999084472656,33.65999984741211,33.68000030517578,5949786
2025-07-21,31.801843643188477,33.06999969482422,34.095001220703125,32.939998626708984,34.029998779296875,4300889
2025-07-22,31.397951126098633,32.650001525878906,33.290000915527344,32.380001068115234,33.119998931884766,6001355
2025-07-23,31.84031105041504,33.11000061035156,33.22999954223633,32.54999923706055,32.869998931884766,4023281
2025-07-24,32.01340866088867,33.290000915527344,33.439998626708984,33.06999969482422,33.31999969482422,3475885
2025-07-25,31.763376235961914,33.029998779296875,33.349998474121094,32.81999969482422,33.2400016784668,3205525
2025-07-28,31.93647575378418,33.209999084472656,33.21500015258789,32.900001525878906,33.0,2409846
2025-07-29,31.917240142822266,33.189998626708984,33.189998626708984,32.689998626708984,32.88999938964844,2752302
2025-07-30,32.426918029785156,33.720001220703125,33.7599983215332,33.0,33.130001068115234,3883812
2025-07-31,32.5230827331543,33.81999969482422,33.90999984741211,33.45000076293945,33.45000076293945,4249999
2025-08-01,32.16727066040039,33.45000076293945,33.65999984741211,33.290000915527344,33.58000183105469,3434805
2025-08-04,31.92685890197754,33.20000076293945,33.439998626708984,33.04999923706055,33.439998626708984,2408638
2025-08-05,32.36922073364258,33.65999984741211,33.65999984741211,33.31999969482422,33.400001525878906,3076487
2025-08-06,32.6096305847168,33.90999984741211,34.0,33.70000076293945,33.75,3296744
2025-08-07,32.68656539916992,33.9900016784668,34.0,33.650001525878906,33.900001525878906,2953742
2025-08-08,32.36922073364258,33.65999984741211,33.90999984741211,33.529998779296875,33.68000030517578,2930149
2025-08-11,32.99429702758789,34.310001373291016,34.310001373291016,33.709999084472656,33.88999938964844,3923020
2025-08-12,33.302024841308594,34.630001068115234,34.7599983215332,34.2599983215332,34.29999923706055,5307171
2025-08-13,32.600013732910156,33.900001525878906,34.720001220703125,33.790000915527344,34.63999938964844,4661340
2025-08-14,34.65795135498047,36.040000915527344,36.279998779296875,35.20000076293945,35.54999923706055,11629438
2025-08-15,35.39842224121094,36.810001373291016,36.959999084472656,36.060001373291016,36.209999084472656,8705967
2025-08-18,35.64845275878906,37.06999969482422,37.189998626708984,36.45000076293945,36.47999954223633,5577079
2025-08-19,35.87925338745117,37.310001373291016,37.310001373291016,36.91999816894531,37.0,6504782
2025-08-20,36.76396942138672,38.22999954223633,38.470001220703125,37.369998931884766,37.66999816894531,6769311
2025-08-21,37.24479675292969,38.72999954223633,38.79999923706055,38.17499923706055,38.63999938964844,7668347
2025-08-22,37.485206604003906,38.97999954223633,39.130001068115234,38.63999938964844,38.709999084472656,8564878
2025-08-25,36.8216667175293,38.290000915527344,39.279998779296875,38.154998779296875,39.150001525878906,7337783
2025-08-26,36.83128356933594,38.29999923706055,38.4900016784668,38.02000045776367,38.220001220703125,5050589
2025-08-27,37.023616790771484,38.5,38.5,38.22999954223633,38.400001525878906,2631970
2025-08-28,37.51405715942383,39.0099983215332,39.0099983215332,38.44499969482422,38.5,3371845
2025-08-29,37.12939453125,38.61000061035156,38.900001525878906,38.38999938964844,38.849998474121094,4984661
2025-09-01,36.783203125,38.25,39.02000045776367,38.119998931884766,38.40999984741211,3250837
2025-09-02,37.0909309387207,38.56999969482422,38.880001068115234,38.15999984741211,38.20000076293945,2948211
2025-09-03,35.73500061035156,37.15999984741211,38.439998626708984,37.11000061035156,38.29999923706055,5352406
2025-09-04,36.446624755859375,37.900001525878906,38.060001373291016,37.5099983215332,37.720001220703125,3716677
2025-09-05,36.706268310546875,38.16999816894531,38.369998931884766,38.04999923706055,38.13999938964844,3293617
2025-09-08,36.50432586669922,37.959999084472656,38.04999923706055,37.689998626708984,37.81999969482422,2605060
2025-09-09,36.20621109008789,37.650001525878906,37.7599983215332,37.40999984741211,37.7400016784668,4306570
2025-09-10,36.8216667175293,38.290000915527344,38.34000015258789,37.849998474121094,38.0,3907536
2025-09-11,36.49470901489258,37.95000076293945,38.189998626708984,37.7400016784668,38.18000030517578,3035430
2025-09-12,37.0043830871582,38.47999954223633,38.560001373291016,38.099998474121094,38.20000076293945,7567953
2025-09-15,37.24479675292969,38.72999954223633,38.81999969482422,38.27000045776367,38.400001525878906,2907211
2025-09-16,37.53329086303711,39.029998779296875,39.130001068115234,38.65999984741211,38.81999969482422,3939168
2025-09-17,37.15824890136719,38.63999938964844,38.959999084472656,38.63999938964844,38.79999923706055,4435654
2025-09-18,37.196712493896484,38.68000030517578,39.04999923706055,38.599998474121094,39.0,6316900
2025-09-19,37.07169723510742,38.54999923706055,38.68000030517578,38.22999954223633,38.52000045776367,16177547
2025-09-22,37.08131790161133,38.560001373291016,38.900001525878906,38.38999938964844,38.599998474121094,2722149
2025-09-23,37.3505744934082,38.84000015258789,39.189998626708984,38.48500061035156,38.650001525878906,3345716
2025-09-24,36.13889694213867,37.58000183105469,38.7400016784668,37.40999984741211,38.709999084472656,5688425
2025-09-25,36.456241607666016,37.90999984741211,38.04999923706055,37.439998626708984,37.540000915527344,4929127
2025-09-26,36.706268310546875,38.16999816894531,38.31999969482422,37.7400016784668,37.779998779296875,3659168
2025-09-29,37.45635986328125,38.95000076293945,39.02000045776367,38.369998931884766,38.470001220703125,4203500
2025-09-30,37.47559356689453,38.970001220703125,39.08000183105469,38.709999084472656,38.849998474121094,4486407
2025-10-01,37.25441360473633,38.7400016784668,39.02000045776367,38.36000061035156,38.790000915527344,3774654
2025-10-02,37.687156677246094,39.189998626708984,39.349998474121094,38.849998474121094,38.97999954223633,3629660
2025-10-03,37.802555084228516,39.310001373291016,39.40999984741211,38.779998779296875,38.900001525878906,3268202
2025-10-06,37.860252380371094,39.369998931884766,39.720001220703125,39.209999084472656,39.400001525878906,2262300
2025-10-07,37.860252380371094,39.369998931884766,39.44499969482422,39.0,39.27000045776367,2675176
2025-10-08,37.76408767700195,39.27000045776367,39.53499984741211,39.20000076293945,39.29999923706055,3077348
2025-10-09,37.60060501098633,39.099998474121094,39.34000015258789,38.939998626708984,39.189998626708984,4994930
2025-10-10,37.70638656616211,39.209999084472656,39.38999938964844,38.95000076293945,39.099998474121094,3894486
2025-10-13,37.3505744934082,38.84000015258789,39.2400016784668,38.72999954223633,39.099998474121094,2749348
2025-10-14,36.91783142089844,38.38999938964844,38.81999969482422,37.95000076293945,38.79999923706055,4641238
2025-10-15,37.6486930847168,39.150001525878906,39.2400016784668,38.560001373291016,38.849998474121094,4514692
2025-10-16,37.55252456665039,39.04999923706055,39.970001220703125,38.869998931884766,39.29999923706055,5025517
2025-10-17,37.24479675292969,38.72999954223633,39.20000076293945,38.650001525878906,38.77000045776367,5948179
2025-10-20,37.76408767700195,39.27000045776367,39.27000045776367,38.75,38.86000061035156,2715683
2025-10-21,37.696773529052734,39.20000076293945,39.45000076293945,38.939998626708984,39.27000045776367,4188508
2025-10-22,37.7352409362793,39.2400016784668,39.400001525878906,39.03499984741211,39.16999816894531,3503329
2025-10-23,37.38904571533203,38.880001068115234,39.20000076293945,38.880001068115234,39.150001525878906,2388322
2025-10-24,37.379425048828125,38.869998931884766,39.27000045776367,38.78499984741211,39.099998474121094,2720263
2025-10-27,37.610225677490234,39.11000061035156,39.380001068115234,38.994998931884766,39.099998474121094,2365124
2025-10-28,37.985267639160156,39.5,40.08000183105469,39.35499954223633,39.400001525878906,5964667
2025-10-29,36.8216667175293,38.290000915527344,39.4900016784668,38.22999954223633,39.400001525878906,4479931
2025-10-30,36.86013412475586,38.33000183105469,38.81999969482422,38.20000076293945,38.2400016784668,4180124
2025-10-31,37.25441360473633,38.7400016784668,38.95500183105469,38.41999816894531,38.41999816894531,6575759
2025-11-03,38.29299545288086,39.81999969482422,40.07500076293945,38.119998931884766,38.5,6777160
2025-11-04,38.86998748779297,40.41999816894531,40.41999816894531,39.52000045776367,39.939998626708984,6612290
2025-11-05,38.66804122924805,40.209999084472656,41.0,40.119998931884766,40.619998931884766,6874211
2025-11-06,38.93275451660156,39.709999084472656,39.869998931884766,39.25,39.54999923706055,7446314
2025-11-07,38.217044830322266,38.97999954223633,39.82500076293945,38.81999969482422,39.279998779296875,6369012
2025-11-10,38.74647521972656,39.52000045776367,39.55500030517578,38.95500183105469,38.96500015258789,6266549
2025-11-11,39.2661018371582,40.04999923706055,40.244998931884766,39.560001373291016,39.68000030517578,8860541
2025-11-12,39.0798225402832,39.86000061035156,40.560001373291016,39.86000061035156,40.15999984741211,6304609
2025-11-13,38.66804122924805,39.439998626708984,39.779998779296875,38.849998474121094,39.650001525878906,4550557
2025-11-14,38.05037307739258,38.810001373291016,38.9900016784668,38.68000030517578,38.86000061035156,2775436
2025-11-17,38.26606750488281,39.029998779296875,39.34000015258789,38.77000045776367,38.86000061035156,3239821
2025-11-18,37.12876892089844,37.869998931884766,38.599998474121094,37.5099983215332,38.54999923706055,4898568
2025-11-19,36.60914611816406,37.34000015258789,37.970001220703125,37.22999954223633,37.79999923706055,3669535
2025-11-20,37.0111198425293,37.75,37.849998474121094,37.209999084472656,37.31999969482422,3352236
2025-11-21,36.403255462646484,37.130001068115234,37.46500015258789,36.720001220703125,36.95000076293945,5078089
2025-11-24,37.23661804199219,37.97999954223633,37.97999954223633,37.209999084472656,37.279998779296875,10483496
2025-11-25,37.27583694458008,38.02000045776367,38.060001373291016,37.540000915527344,38.0,4067146
2025-11-26,37.11896896362305,37.86000061035156,38.470001220703125,37.75,38.099998474121094,4902732
2025-11-27,37.148380279541016,37.88999938964844,38.09000015258789,37.689998626708984,37.83000183105469,2955834
2025-11-28,36.854251861572266,37.59000015258789,37.93000030517578,37.59000015258789,37.86000061035156,3198274
2025-12-01,36.53070831298828,37.2599983215332,37.654998779296875,37.040000915527344,37.5099983215332,2584772
2025-12-02,36.39345169067383,37.119998931884766,38.0,37.119998931884766,37.75,3999691
2025-12-03,36.667972564697266,37.400001525878906,37.4900016784668,36.88999938964844,37.029998779296875,4474569
2025-12-04,36.922882080078125,37.65999984741211,37.66999816894531,37.0,37.4900016784668,4166030
2025-12-05,37.34446716308594,38.09000015258789,38.16999816894531,37.34000015258789,37.470001220703125,3757910
2025-12-08,37.49153137207031,38.2400016784668,38.5,37.90999984741211,37.970001220703125,3021226
2025-12-09,37.28563690185547,38.029998779296875,38.2599983215332,37.630001068115234,38.20000076293945,4133845
2025-12-10,37.02092361450195,37.7599983215332,38.13999938964844,37.68000030517578,38.0,3959033
2025-12-11,37.51113510131836,38.2599983215332,38.31999969482422,37.90999984741211,38.0,3555790
2025-12-12,38.04056930541992,38.79999923706055,38.84000015258789,38.099998474121094,38.25,3663982
2025-12-15,38.128807067871094,38.88999938964844,38.9900016784668,38.599998474121094,38.720001220703125,2679895
2025-12-16,37.72683334350586,38.47999954223633,39.470001220703125,38.18000030517578,39.0,6720616
2025-12-17,37.697418212890625,38.45000076293945,38.5,38.0099983215332,38.34000015258789,7012957
2025-12-18,37.50133514404297,38.25,38.54999923706055,38.130001068115234,38.31999969482422,6055027
2025-12-19,38.00135040283203,38.7599983215332,38.93000030517578,38.349998474121094,38.349998474121094,10720307
2025-12-22,37.991546630859375,38.75,39.029998779296875,38.439998626708984,38.75,2442538
2025-12-23,38.49156188964844,39.2599983215332,39.334999084472656,38.54999923706055,38.59000015258789,3418517
2025-12-24,38.3739128112793,39.13999938964844,39.2599983215332,38.81999969482422,39.2599983215332,976032
2025-12-29,38.177825927734375,38.939998626708984,39.08000183105469,38.7599983215332,38.900001525878906,1710694
2025-12-30,38.26606750488281,39.029998779296875,39.220001220703125,38.7599983215332,39.060001373291016,1650221
2025-12-31,37.844482421875,38.599998474121094,39.15999984741211,38.43000030517578,39.099998474121094,2290843
2026-01-02,38.1876335144043,38.95000076293945,38.95000076293945,38.47999954223633,38.5,1539942
2026-01-05,38.285675048828125,39.04999923706055,39.22999954223633,38.90999984741211,38.95000076293945,2281507
2026-01-06,37.442508697509766,38.189998626708984,39.02000045776367,37.900001525878906,39.0,4006393
2026-01-07,36.785621643066406,37.52000045776367,38.29999923706055,37.52000045776367,38.209999084472656,3655795
2026-01-08,37.266029357910156,38.0099983215332,38.150001525878906,37.564998626708984,37.630001068115234,3546713
2026-01-09,37.15818405151367,37.900001525878906,38.15999984741211,37.66999816894531,38.0099983215332,2525308
2026-01-12,37.33466339111328,38.08000183105469,38.41999816894531,37.709999084472656,37.75,2733893
2026-01-13,37.74644088745117,38.5,38.79999923706055,37.970001220703125,38.04999923706055,2881135
2026-01-14,37.53074645996094,38.279998779296875,38.70000076293945,37.720001220703125,38.45000076293945,3218790
2026-01-15,37.736637115478516,38.4900016784668,38.689998626708984,38.09000015258789,38.63999938964844,2932315
2026-01-16,38.422935485839844,39.189998626708984,39.34000015258789,38.349998474121094,38.45000076293945,3814362
2026-01-19,38.20724105834961,38.970001220703125,39.20000076293945,38.75,39.02000045776367,1633475
2026-01-20,37.834678649902344,38.59000015258789,38.849998474121094,38.459999084472656,38.689998626708984,2769912
2026-01-21,37.36407470703125,38.11000061035156,38.3849983215332,38.0,38.16999816894531,2098596
2026-01-22,38.148414611816406,38.90999984741211,38.95000076293945,38.16999816894531,38.31999969482422,2717232
2026-01-23,37.98174285888672,38.7400016784668,39.0,38.47999954223633,38.79999923706055,2650690
2026-01-27,38.19743728637695,38.959999084472656,39.20000076293945,38.72999954223633,38.880001068115234,3862466
2026-01-28,38.109195709228516,38.869998931884766,39.18000030517578,38.650001525878906,39.0,3060983
2026-01-29,37.74644088745117,38.5,38.81999969482422,38.25,38.72999954223633,3400391
2026-01-30,38.060176849365234,38.81999969482422,39.20000076293945,38.5099983215332,38.5099983215332,4212540
2026-02-02,38.15821838378906,38.91999816894531,39.54999923706055,38.689998626708984,39.189998626708984,3536099
2026-02-03,38.550392150878906,39.31999969482422,39.650001525878906,39.119998931884766,39.470001220703125,3731080
2026-02-04,39.10923385620117,39.88999938964844,40.04999923706055,38.36000061035156,38.5,4494536
2026-02-05,39.128841400146484,39.90999984741211,40.150001525878906,39.540000915527344,39.880001068115234,5781087
2026-02-06,38.65823745727539,39.43000030517578,39.994998931884766,39.150001525878906,39.81999969482422,3791412
2026-02-09,39.22688293457031,40.0099983215332,40.099998474121094,39.54999923706055,39.58000183105469,3770032
2026-02-10,38.511173248291016,39.279998779296875,39.95000076293945,38.86000061035156,39.720001220703125,4064564
2026-02-11,39.48179626464844,40.27000045776367,40.4900016784668,39.720001220703125,39.810001373291016,4918012
2026-02-12,40.197509765625,41.0,41.720001220703125,40.79999923706055,40.900001525878906,6782589
2026-02-13,39.72690200805664,40.52000045776367,42.130001068115234,40.060001373291016,41.900001525878906,5931056
2026-02-16,39.81514358520508,40.61000061035156,40.77000045776367,40.04999923706055,40.45000076293945,3058358
2026-02-17,39.94260025024414,40.7400016784668,40.97999954223633,40.5,40.61000061035156,2652629
2026-02-18,40.00142288208008,40.79999923706055,41.88999938964844,40.66999816894531,41.88999938964844,4533664
2026-02-19,41.07008743286133,41.88999938964844,42.439998626708984,41.2400016784668,41.400001525878906,6185169
2026-02-20,41.707366943359375,42.540000915527344,42.540000915527344,41.779998779296875,41.88999938964844,7464535
2026-02-23,41.2171516418457,42.040000915527344,43.04999923706055,41.86000061035156,42.939998626708984,4171699
2026-02-24,41.815216064453125,42.650001525878906,42.650001525878906,41.77000045776367,41.79999923706055,5599639
2026-02-25,42.10934066772461,42.95000076293945,43.31999969482422,42.65999984741211,42.7599983215332,6676529
2026-02-26,41.88384246826172,42.720001220703125,43.130001068115234,42.459999084472656,43.0,3912599
2026-02-27,41.707366943359375,42.540000915527344,43.08000183105469,42.439998626708984,43.0,8000152
2026-03-02,40.981849670410156,41.79999923706055,41.91999816894531,41.0,41.599998474121094,3630462
2026-03-03,40.981849670410156,41.79999923706055,41.93000030517578,41.45000076293945,41.4900016784668,3490369
2026-03-04,40.32496643066406,41.130001068115234,41.58000183105469,40.83000183105469,41.45000076293945,4503280
2026-03-05,40.560264587402344,41.369998931884766,41.8849983215332,41.369998931884766,41.70000076293945,5397678
2026-03-06,40.197509765625,41.0,41.25,40.63999938964844,41.0,3739178
2026-03-09,39.315120697021484,40.099998474121094,40.099998474121094,39.025001525878906,39.619998931884766,7379414
2026-03-10,40.04064178466797,40.84000015258789,41.0099983215332,40.2400016784668,40.31999969482422,5576064
2026-03-11,40.22692108154297,41.029998779296875,41.439998626708984,40.76499938964844,41.0,4689041
2026-03-12,39.74651336669922,40.540000915527344,41.0,40.13999938964844,40.650001525878906,5744349
2026-03-13,40.187705993652344,40.9900016784668,41.275001525878906,40.40999984741211,40.40999984741211,3331651
2026-03-16,40.11907196044922,40.91999816894531,41.349998474121094,40.540000915527344,40.61000061035156,3586365
2026-03-17,40.67791748046875,41.4900016784668,41.5,41.0,41.099998474121094,4594740
2026-03-18,40.717132568359375,41.529998779296875,41.709999084472656,41.130001068115234,41.25,4784475
2026-03-19,40.32496643066406,41.130001068115234,41.59000015258789,40.95000076293945,40.959999084472656,6806535
2026-03-20,39.90338134765625,40.70000076293945,41.56999969482422,40.70000076293945,41.15999984741211,15138415
2026-03-23,39.56023025512695,40.349998474121094,40.689998626708984,39.5,40.0,3946251
2026-03-24,38.942562103271484,39.720001220703125,40.869998931884766,39.720001220703125,40.4900016784668,4586460
2026-03-25,39.58964538574219,40.380001068115234,40.900001525878906,39.9900016784668,40.0,4368707
2026-03-26,39.66807556152344,40.459999084472656,40.83000183105469,40.36000061035156,40.7599983215332,3747560
2026-03-27,39.94260025024414,40.7400016784668,40.939998626708984,40.130001068115234,40.209999084472656,6237319
2026-03-30,38.324893951416016,39.09000015258789,40.13999938964844,38.540000915527344,40.119998931884766,6096198
2026-03-31,38.69745635986328,39.470001220703125,39.939998626708984,38.84000015258789,39.58000183105469,6344439
2026-04-01,39.275909423828125,40.060001373291016,40.060001373291016,39.47999954223633,39.79999923706055,5013497
2026-04-02,39.07001495361328,39.849998474121094,40.54999923706055,39.810001373291016,40.08000183105469,3764393
2026-04-07,40.00142288208008,40.79999923706055,41.22999954223633,40.119998931884766,40.45000076293945,3666845
2026-04-08,41.12891387939453,41.95000076293945,42.40999984741211,41.5,42.0,5879635
2026-04-09,41.815216064453125,42.650001525878906,42.650001525878906,41.88999938964844,41.95000076293945,4569281
2026-04-10,41.932865142822266,42.77000045776367,42.79999923706055,42.189998626708984,42.310001373291016,3617166
2026-04-13,41.756385803222656,42.59000015258789,42.869998931884766,42.34000015258789,42.5099983215332,3821984
2026-04-14,40.668113708496094,41.47999954223633,42.78499984741211,40.65999984741211,42.720001220703125,7206559
2026-04-15,39.89357376098633,40.689998626708984,41.529998779296875,40.689998626708984,41.380001068115234,6196451
2026-04-16,39.236690521240234,40.02000045776367,40.72999954223633,39.849998474121094,40.5,6526047
2026-04-17,38.95236587524414,39.72999954223633,39.7599983215332,39.33000183105469,39.5,5038274
2026-04-20,39.236690521240234,40.02000045776367,40.029998779296875,39.310001373291016,39.849998474121094,4984126
2026-04-21,39.462188720703125,40.25,40.25,39.470001220703125,40.029998779296875,4537135
2026-04-22,38.62882614135742,39.400001525878906,40.060001373291016,39.400001525878906,39.959999084472656,3094090
2026-04-23,38.354305267333984,39.119998931884766,39.244998931884766,38.72999954223633,39.08000183105469,3934859
2026-04-24,38.246456146240234,39.0099983215332,39.45000076293945,38.599998474121094,39.45000076293945,3526131
2026-04-27,38.217044830322266,38.97999954223633,39.11000061035156,38.68000030517578,39.0,1799756
2026-04-28,37.86408996582031,38.619998931884766,38.900001525878906,38.54999923706055,38.880001068115234,4074843
2026-04-29,37.471923828125,38.220001220703125,38.790000915527344,38.0,38.689998626708984,3685816
2026-04-30,37.74644088745117,38.5,38.599998474121094,38.09000015258789,38.459999084472656,5905068
2026-05-01,37.697418212890625,38.45000076293945,38.65999984741211,38.060001373291016,38.45000076293945,4457538
2026-05-04,37.74644088745117,38.5,38.79999923706055,38.040000915527344,38.79999923706055,2974150
2026-05-05,36.893470764160156,37.630001068115234,38.81999969482422,37.25,37.63999938964844,4850244
2026-05-06,38.177825927734375,38.939998626708984,39.43000030517578,38.185001373291016,38.290000915527344,5657215
2026-05-07,38.56999969482422,39.34000015258789,39.86000061035156,39.099998474121094,39.099998474121094,8049856
2026-05-08,37.439998626708984,37.439998626708984,38.22999954223633,37.43000030517578,37.900001525878906,8255072
2026-05-11,37.119998931884766,37.119998931884766,37.290000915527344,36.349998474121094,37.189998626708984,6668359
2026-05-12,36.61000061035156,36.61000061035156,36.939998626708984,36.41999816894531,36.849998474121094,6118682
2026-05-13,35.56999969482422,35.56999969482422,36.189998626708984,35.040000915527344,36.0,8077941
2026-05-14,35.720001220703125,35.720001220703125,35.810001373291016,35.119998931884766,35.45000076293945,6058679
2026-05-15,35.84000015258789,35.84000015258789,36.150001525878906,35.650001525878906,36.0,5322581
2026-05-18,35.709999084472656,35.709999084472656,36.27000045776367,35.68000030517578,35.83000183105469,4264071
2026-05-19,36.38999938964844,36.38999938964844,36.75,35.91999816894531,36.189998626708984,4740583
2026-05-20,35.5099983215332,35.5099983215332,36.5,35.36000061035156,36.5,4916884
2026-05-21,36.279998779296875,36.279998779296875,36.58000183105469,36.0099983215332,36.380001068115234,5402943
2026-05-22,36.54999923706055,36.54999923706055,36.880001068115234,36.470001220703125,36.599998474121094,8012245
2026-05-25,36.77000045776367,36.77000045776367,36.83000183105469,36.43000030517578,36.58000183105469,3312349
2026-05-26,36.61000061035156,36.61000061035156,36.939998626708984,36.290000915527344,36.47999954223633,4489341
2026-05-27,36.38999938964844,36.38999938964844,36.47999954223633,35.65999984741211,36.40999984741211,5010493
2026-05-28,35.91999816894531,35.91999816894531,36.220001220703125,35.64500045776367,36.209999084472656,4300349
2026-05-29,36.0,36.0,36.209999084472656,35.85499954223633,35.97999954223633,13666913
2026-06-01,36.150001525878906,36.150001525878906,36.189998626708984,35.7400016784668,36.040000915527344,3898828
2026-06-02,35.59000015258789,35.59000015258789,35.88999938964844,35.11000061035156,35.790000915527344,5794593
2026-06-03,35.849998474121094,35.849998474121094,36.04999923706055,35.47999954223633,35.79999923706055,3899054
2026-06-04,35.2400016784668,35.2400016784668,36.0,34.970001220703125,36.0,4902623
2026-06-05,34.810001373291016,34.810001373291016,35.41999816894531,34.52000045776367,35.400001525878906,7213836
2026-06-09,34.709999084472656,34.709999084472656,34.77000045776367,33.88999938964844,34.599998474121094,7941327
2026-06-10,35.40999984741211,35.40999984741211,35.40999984741211,34.52000045776367,34.70000076293945,6538003
2026-06-11,34.5,34.5,35.290000915527344,34.5,34.849998474121094,5437877
2026-06-12,35.0,35.0,35.16999816894531,34.709999084472656,35.0,3272282
2026-06-15,35.31999969482422,35.31999969482422,35.59000015258789,34.90999984741211,35.27000045776367,4861002
2026-06-16,35.75,35.75,35.75,34.630001068115234,34.849998474121094,5084345
2026-06-17,35.560001373291016,35.560001373291016,36.09000015258789,35.5,35.54999923706055,3767279
2026-06-18,35.15999984741211,35.15999984741211,35.900001525878906,34.95000076293945,35.70000076293945,6130376
2026-06-19,35.0099983215332,35.0099983215332,35.13999938964844,34.71500015258789,35.029998779296875,11142194
2026-06-22,35.119998931884766,35.119998931884766,35.119998931884766,34.64500045776367,34.880001068115234,4024545
2026-06-23,35.47999954223633,35.47999954223633,35.540000915527344,35.099998474121094,35.220001220703125,5687180
2026-06-24,35.779998779296875,35.779998779296875,35.91999816894531,35.25,35.630001068115234,5410025
2026-06-25,35.060001373291016,35.060001373291016,36.0,34.959999084472656,35.93000030517578,6756339
2026-06-26,35.13999938964844,35.13999938964844,35.36000061035156,34.68000030517578,34.900001525878906,4070840
2026-06-29,35.2400016784668,35.2400016784668,35.470001220703125,35.0,35.13999938964844,3754138
2026-06-30,35.209999084472656,35.209999084472656,35.790000915527344,34.97999954223633,35.400001525878906,6847267
2026-07-01,34.70000076293945,34.70000076293945,35.20000076293945,34.29999923706055,35.20000076293945,4492806
2026-07-02,35.459999084472656,35.459999084472656,35.47999954223633,34.40999984741211,34.650001525878906,4774749
2026-07-03,35.689998626708984,35.689998626708984,35.869998931884766,35.400001525878906,35.650001525878906,3247832
2026-07-06,35.290000915527344,35.290000915527344,35.619998931884766,35.25,35.5099983215332,2521973
2026-07-07,36.130001068115234,36.130001068115234,36.130001068115234,35.2599983215332,35.52000045776367,3608341
2026-07-08,36.25,36.25,36.470001220703125,35.34000015258789,35.689998626708984,5146577
2026-07-09,36.20000076293945,36.20000076293945,36.36000061035156,35.7400016784668,36.06999969482422,3170827
2026-07-10,36.540000915527344,36.540000915527344,36.61000061035156,36.060001373291016,36.18000030517578,2367694
2026-07-13,36.900001525878906,36.900001525878906,36.900001525878906,36.400001525878906,36.5,2798586
2026-07-14,36.63999938964844,36.63999938964844,36.77000045776367,36.2599983215332,36.75,2957176
2026-07-15,36.58000183105469,36.58000183105469,36.84000015258789,36.310001373291016,36.470001220703125,2770208
2026-07-16,36.630001068115234,36.630001068115234,36.79999923706055,36.52000045776367,36.79999923706055,3823176
2026-07-17,36.560001373291016,36.560001373291016,36.75,36.18000030517578,36.70000076293945,4492144
2026-07-20,36.65999984741211,36.65999984741211,36.81999969482422,36.435001373291016,36.47999954223633,3569101
2026-07-21,36.220001220703125,36.220001220703125,36.459999084472656,36.084999084472656,36.36000061035156,3287721
2026-07-22,36.34000015258789,36.34000015258789,36.43000030517578,36.06999969482422,36.220001220703125,2383554
2026-07-23,36.63999938964844,36.63999938964844,36.95000076293945,36.57500076293945,36.599998474121094,4347465
2026-07-24,37.13999938964844,37.13999938964844,37.13999938964844,36.52000045776367,36.54999923706055,3498060
2026-07-27,37.68000030517578,37.68000030517578,37.68000030517578,37.09000015258789,37.2599983215332,3349850
2026-07-28,38.02000045776367,38.02000045776367,38.18000030517578,37.27000045776367,37.540000915527344,3736208
